{
"type": "FeatureCollection",
"name": "wbk_access",
"crs": { "type": "name", "properties": { "name": "urn:ogc:def:crs:OGC:1.3:CRS84" } },
"features": [
{ "type": "Feature", "properties": { "layer": "WBK_WEG_BEST" }, "geometry": { "type": "Polygon", "coordinates": [ [ [ 9.397671832509776, 54.692683268047006, 0.0 ], [ 9.397671541801621, 54.692653570623655, 0.0 ], [ 9.397903947330924, 54.691430851491518, 0.0 ], [ 9.398020648221125, 54.691455172837237, 0.0 ], [ 9.397769870537836, 54.69268594638249, 0.0 ], [ 9.397671832509776, 54.692683268047006, 0.0 ] ] ] } },
{ "type": "Feature", "properties": { "layer": "WBK_WEG_BEST" }, "geometry": { "type": "LineString", "coordinates": [ [ 9.397671832509776, 54.692683268047006 ], [ 9.397671541801621, 54.692653570623655 ], [ 9.397903947330924, 54.691430851491518 ], [ 9.397903947330924, 54.691430851491518 ], [ 9.398020648221125, 54.691455172837237 ], [ 9.398020648221125, 54.691455172837237 ], [ 9.397769870537836, 54.69268594638249 ], [ 9.397671832509776, 54.692683268047006 ] ] } },
{ "type": "Feature", "properties": { "layer": "WBK_WEG_BEST" }, "geometry": { "type": "Polygon", "coordinates": [ [ [ 9.407854675099356, 54.689296967850233, 0.0 ], [ 9.408370997315675, 54.687522165441251, 0.0 ], [ 9.408368936669861, 54.687391145378079, 0.0 ], [ 9.408480061811291, 54.687292497857037, 0.0 ], [ 9.408444425964417, 54.68720521001368, 0.0 ], [ 9.408285483033636, 54.687226989147447, 0.0 ], [ 9.407758473637671, 54.689283885693207, 0.0 ], [ 9.407854675099356, 54.689296967850233, 0.0 ] ] ] } },
{ "type": "Feature", "properties": { "layer": "WBK_WEG_BEST" }, "geometry": { "type": "LineString", "coordinates": [ [ 9.407854675099356, 54.689296967850233 ], [ 9.408370997315675, 54.687522165441251 ], [ 9.408368936669861, 54.687391145378079 ], [ 9.408480061811291, 54.687292497857037 ], [ 9.408444425964417, 54.68720521001368 ], [ 9.408285483033636, 54.687226989147447 ], [ 9.407758473637671, 54.689283885693207 ], [ 9.407854675099356, 54.689296967850233 ] ] } },
{ "type": "Feature", "properties": { "layer": "WBK_WEG_BEST" }, "geometry": { "type": "Polygon", "coordinates": [ [ [ 9.232936627479079, 54.811408679966526, 0.0 ], [ 9.234739785177261, 54.812140926092802, 0.0 ], [ 9.234786084961458, 54.812104209484524, 0.0 ], [ 9.23294475734609, 54.811347303742671, 0.0 ], [ 9.232936627479079, 54.811408679966526, 0.0 ] ] ] } },
{ "type": "Feature", "properties": { "layer": "WBK_WEG_BEST" }, "geometry": { "type": "LineString", "coordinates": [ [ 9.232936627479079, 54.811408679966526 ], [ 9.234739785202704, 54.812140926094983 ], [ 9.234786084971295, 54.812104209488552 ], [ 9.232944757337568, 54.811347303736063 ], [ 9.232936627479079, 54.811408679966526 ] ] } },
{ "type": "Feature", "properties": { "layer": "WBK_WEG_BEST" }, "geometry": { "type": "Polygon", "coordinates": [ [ [ 9.22492506068628, 54.818394764737107, 0.0 ], [ 9.228632089094214, 54.81895908036303, 0.0 ], [ 9.228505367000805, 54.818733965231779, 0.0 ], [ 9.228437653479222, 54.818712023109484, 0.0 ], [ 9.228477493615232, 54.818879903059958, 0.0 ], [ 9.227346007050295, 54.81868347163855, 0.0 ], [ 9.224988371243334, 54.81833936133561, 0.0 ], [ 9.22492506068628, 54.818394764737107, 0.0 ] ] ] } },
{ "type": "Feature", "properties": { "layer": "WBK_WEG_BEST" }, "geometry": { "type": "LineString", "coordinates": [ [ 9.22492506068628, 54.818394764737107 ], [ 9.2286320891254, 54.818959080356684 ], [ 9.228505366977735, 54.818733965233378 ], [ 9.228437653453234, 54.818712023104197 ], [ 9.22847749360346, 54.818879903070247 ], [ 9.227346007091878, 54.818683471635602 ], [ 9.224988371224722, 54.818339361327219 ], [ 9.22492506068628, 54.818394764737107 ] ] } },
{ "type": "Feature", "properties": { "layer": "WBK_WEG_BEST" }, "geometry": { "type": "Polygon", "coordinates": [ [ [ 9.220301194124215, 54.824573331179948, 0.0 ], [ 9.223165758187246, 54.824320979614974, 0.0 ], [ 9.223071717669125, 54.82441729808609, 0.0 ], [ 9.22284909606284, 54.824436689653325, 0.0 ], [ 9.22024613383295, 54.824663364868002, 0.0 ], [ 9.220301194124215, 54.824573331179948, 0.0 ] ] ] } },
{ "type": "Feature", "properties": { "layer": "WBK_WEG_BEST" }, "geometry": { "type": "LineString", "coordinates": [ [ 9.220301194124215, 54.824573331179948 ], [ 9.22316575820245, 54.824320979610818 ], [ 9.223071717695758, 54.824417298090545 ], [ 9.2228490961201, 54.824436689647314 ], [ 9.2228490961201, 54.824436689647314 ], [ 9.220246133800835, 54.824663364862673 ], [ 9.220301194124215, 54.824573331179948 ] ] } },
{ "type": "Feature", "properties": { "layer": "WBK_WEG_BEST" }, "geometry": { "type": "MultiLineString", "coordinates": [ [ [ 9.195572556505578, 54.853767202694826, 0.0 ], [ 9.194815697652015, 54.856403589639775, 0.0 ] ], [ [ 9.194815697672915, 54.85640358963947, 0.0 ], [ 9.194176763406894, 54.856473549189523, 0.0 ] ], [ [ 9.194176763377492, 54.856473549189353, 0.0 ], [ 9.194086420274219, 54.856463089947404, 0.0 ] ], [ [ 9.194086420282474, 54.856463089943539, 0.0 ], [ 9.194736919730131, 54.856374048311437, 0.0 ] ], [ [ 9.194736919736883, 54.856374048309284, 0.0 ], [ 9.195458100813916, 54.853783398446353, 0.0 ] ], [ [ 9.195458100748484, 54.853783398445785, 0.0 ], [ 9.195572466314461, 54.853767215441728, 0.0 ] ] ] } },
{ "type": "Feature", "properties": { "layer": "WBK_WEG_BEST" }, "geometry": { "type": "LineString", "coordinates": [ [ 9.195572556505578, 54.853767202694826 ], [ 9.194815697672915, 54.85640358963947 ], [ 9.194176763377492, 54.856473549189353 ], [ 9.194086420282474, 54.856463089943539 ], [ 9.194736919736883, 54.856374048309284 ], [ 9.195458100748484, 54.853783398445785 ], [ 9.195572466338035, 54.853767215447235 ] ] } },
{ "type": "Feature", "properties": { "layer": "WBK_WEG_BEST" }, "geometry": { "type": "MultiLineString", "coordinates": [ [ [ 9.20297480627587, 54.850961518363263, 0.0 ], [ 9.202449190279024, 54.851267994577739, 0.0 ] ], [ [ 9.202449190237594, 54.85126799457548, 0.0 ], [ 9.201367272059198, 54.85169206479776, 0.0 ] ], [ [ 9.201367272062887, 54.85169206480316, 0.0 ], [ 9.200502540311104, 54.851938060109887, 0.0 ] ], [ [ 9.200502540302137, 54.851938060113191, 0.0 ], [ 9.19968025447448, 54.85249587390846, 0.0 ] ], [ [ 9.199680254514934, 54.852495873907031, 0.0 ], [ 9.197371566141152, 54.853409402781814, 0.0 ] ], [ [ 9.197371566143854, 54.853409402780471, 0.0 ], [ 9.195572469653483, 54.853767203752518, 0.0 ] ], [ [ 9.195572469659101, 54.853767203749683, 0.0 ], [ 9.195598853576264, 54.853700045702766, 0.0 ] ], [ [ 9.195598853570766, 54.853700045707328, 0.0 ], [ 9.197284969196449, 54.853305299365196, 0.0 ] ], [ [ 9.197284969168733, 54.853305299360606, 0.0 ], [ 9.199442857223817, 54.852485843884722, 0.0 ] ], [ [ 9.199442857218173, 54.852485843879975, 0.0 ], [ 9.200348658955079, 54.851889200019578, 0.0 ] ], [ [ 9.200348658948387, 54.851889200022796, 0.0 ], [ 9.200531657301282, 54.851801555023329, 0.0 ] ], [ [ 9.200531657307582, 54.851801555025794, 0.0 ], [ 9.201844925958268, 54.851425469554727, 0.0 ] ], [ [ 9.20184492593418, 54.851425469550101, 0.0 ], [ 9.202663452956493, 54.850965521670361, 0.0 ] ], [ [ 9.202663452976955, 54.85096552167326, 0.0 ], [ 9.202693460259869, 54.850823891417861, 0.0 ] ], [ [ 9.202693460259958, 54.850823891423509, 0.0 ], [ 9.202975081324357, 54.850961653003075, 0.0 ] ] ] } },
{ "type": "Feature", "properties": { "layer": "WBK_WEG_BEST" }, "geometry": { "type": "LineString", "coordinates": [ [ 9.20297480627587, 54.850961518363263 ], [ 9.202449190237594, 54.85126799457548 ], [ 9.201367272062887, 54.85169206480316 ], [ 9.200502540302137, 54.851938060113191 ], [ 9.199680254514934, 54.852495873907031 ], [ 9.197371566143854, 54.853409402780471 ], [ 9.195572469659101, 54.853767203749683 ], [ 9.195598853570766, 54.853700045707328 ], [ 9.197284969168733, 54.853305299360606 ], [ 9.199442857218173, 54.852485843879975 ], [ 9.200348658948387, 54.851889200022796 ], [ 9.200531657307582, 54.851801555025794 ], [ 9.20184492593418, 54.851425469550101 ], [ 9.202663452976955, 54.85096552167326 ], [ 9.202693460259958, 54.850823891423509 ], [ 9.20297508134716, 54.850961652999551 ] ] } },
{ "type": "Feature", "properties": { "layer": "WBK_WEG_BEST" }, "geometry": { "type": "Polygon", "coordinates": [ [ [ 9.210069084609589, 54.840756005374836, 0.0 ], [ 9.207582993699175, 54.839008351098705, 0.0 ], [ 9.207663155633114, 54.838979240908351, 0.0 ], [ 9.207816981620839, 54.839081553373831, 0.0 ], [ 9.210171531141876, 54.840710383555034, 0.0 ], [ 9.210069084609589, 54.840756005374836, 0.0 ] ] ] } },
{ "type": "Feature", "properties": { "layer": "WBK_WEG_BEST" }, "geometry": { "type": "LineString", "coordinates": [ [ 9.210069084609589, 54.840756005374836 ], [ 9.207582993685275, 54.839008351102763 ], [ 9.207663155649309, 54.838979240902425 ], [ 9.207663155649309, 54.838979240902425 ], [ 9.207816981611787, 54.839081553377767 ], [ 9.207816981611787, 54.839081553377767 ], [ 9.210171531117918, 54.840710383551432 ], [ 9.210069084609589, 54.840756005374836 ] ] } },
{ "type": "Feature", "properties": { "layer": "WBK_WEG_BEST" }, "geometry": { "type": "Polygon", "coordinates": [ [ [ 9.240160397706799, 54.796231592200748, 0.0 ], [ 9.243254929196278, 54.796239047509424, 0.0 ], [ 9.24525808146527, 54.796328283398985, 0.0 ], [ 9.246863772910705, 54.796540423607219, 0.0 ], [ 9.247007657607075, 54.796525535939836, 0.0 ], [ 9.247661088112739, 54.79542868841979, 0.0 ], [ 9.247663329792902, 54.795426993309398, 0.0 ], [ 9.247695522745842, 54.795438543939923, 0.0 ], [ 9.247595734965651, 54.795669993851412, 0.0 ], [ 9.24717311496396, 54.796566519252352, 0.0 ], [ 9.246892619568268, 54.796629890161626, 0.0 ], [ 9.245192537935207, 54.796383825210746, 0.0 ], [ 9.240168056814472, 54.796277937970622, 0.0 ], [ 9.240160397706799, 54.796231592200748, 0.0 ] ] ] } },
{ "type": "Feature", "properties": { "layer": "WBK_WEG_BEST" }, "geometry": { "type": "LineString", "coordinates": [ [ 9.240160397706799, 54.796231592200748 ], [ 9.243254929146984, 54.796239047502702 ], [ 9.245258081568004, 54.796328283403817 ], [ 9.24686377285545, 54.79654042359946 ], [ 9.247007657640378, 54.796525535945868 ], [ 9.247661088089659, 54.795428688421616 ], [ 9.247661088089659, 54.795428688421616 ], [ 9.247663329798424, 54.795426993309704 ], [ 9.247695522757894, 54.795438543941934 ], [ 9.247595734962982, 54.795669993850431 ], [ 9.247173114939024, 54.796566519249012 ], [ 9.246892619570996, 54.796629890156396 ], [ 9.245192537886359, 54.796383825216701 ], [ 9.240168056896101, 54.796277937969506 ], [ 9.240160397706799, 54.796231592200748 ] ] } },
{ "type": "Feature", "properties": { "layer": "WBK_WEG_BEST" }, "geometry": { "type": "Polygon", "coordinates": [ [ [ 9.247663565278284, 54.795434874019975, 0.0 ], [ 9.247695715263976, 54.795437984156543, 0.0 ], [ 9.247723941023255, 54.795355930181586, 0.0 ], [ 9.247778168009354, 54.794111551631282, 0.0 ], [ 9.247834984024118, 54.791543155503263, 0.0 ], [ 9.247832046789712, 54.791543028247503, 0.0 ], [ 9.247675602616694, 54.791542090299444, 0.0 ], [ 9.24764124890263, 54.793718554157152, 0.0 ], [ 9.24766173585915, 54.79537365905562, 0.0 ], [ 9.247663565278284, 54.795434874019975, 0.0 ] ] ] } },
{ "type": "Feature", "properties": { "layer": "WBK_WEG_BEST" }, "geometry": { "type": "LineString", "coordinates": [ [ 9.247663565278284, 54.795434874019975 ], [ 9.247695715291901, 54.795437984154809 ], [ 9.247723940985761, 54.79535593017728 ], [ 9.247778168039567, 54.794111551633151 ], [ 9.247834984047136, 54.791543155502751 ], [ 9.247832046796534, 54.791543028252882 ], [ 9.247675602573224, 54.791542090290491 ], [ 9.247675602573224, 54.791542090290491 ], [ 9.247641248942022, 54.793718554165558 ], [ 9.247661735873104, 54.795373659043946 ], [ 9.247663565278284, 54.795434874019975 ] ] } },
{ "type": "Feature", "properties": { "layer": "WBK_WEG_BEST" }, "geometry": { "type": "MultiLineString", "coordinates": [ [ [ 9.247832044783774, 54.791543137872893, 0.0 ], [ 9.24788926705766, 54.788355687739482, 0.0 ] ], [ [ 9.247889267099142, 54.788355687746645, 0.0 ], [ 9.248487956744608, 54.787413374210722, 0.0 ] ], [ [ 9.248487956732575, 54.787413374211724, 0.0 ], [ 9.250219434659368, 54.787693551404594, 0.0 ] ], [ [ 9.250219434694811, 54.7876935514062, 0.0 ], [ 9.250243816737949, 54.787632145964224, 0.0 ] ], [ [ 9.250243816705199, 54.78763214595957, 0.0 ], [ 9.248383674171038, 54.787297989867753, 0.0 ] ], [ [ 9.248383674171093, 54.78729798986928, 0.0 ], [ 9.247739277816454, 54.788360577806785, 0.0 ] ], [ [ 9.247739277799985, 54.788360577800653, 0.0 ], [ 9.247675602587934, 54.791542090290122, 0.0 ] ], [ [ 9.247675602573224, 54.791542090290491, 0.0 ], [ 9.247834984010517, 54.791543155498104, 0.0 ] ] ] } },
{ "type": "Feature", "properties": { "layer": "WBK_WEG_BEST" }, "geometry": { "type": "LineString", "coordinates": [ [ 9.247832044783774, 54.791543137872893 ], [ 9.247889267099142, 54.788355687746645 ], [ 9.248487956732575, 54.787413374211724 ], [ 9.250219434694811, 54.7876935514062 ], [ 9.250243816705199, 54.78763214595957 ], [ 9.248383674171093, 54.78729798986928 ], [ 9.247739277799985, 54.788360577800653 ], [ 9.247675602573224, 54.791542090290491 ], [ 9.247834984047136, 54.791543155502751 ] ] } },
{ "type": "Feature", "properties": { "layer": "WBK_WEG_BEST" }, "geometry": { "type": "Polygon", "coordinates": [ [ [ 9.247615241361672, 54.785407919223481, 0.0 ], [ 9.248299420526285, 54.784684306943284, 0.0 ], [ 9.249180587391777, 54.784302175726395, 0.0 ], [ 9.250638882047273, 54.784062041793248, 0.0 ], [ 9.25055041012646, 54.783976718449786, 0.0 ], [ 9.248872817152536, 54.784285394479866, 0.0 ], [ 9.24820704440938, 54.784601185051947, 0.0 ], [ 9.247548529246114, 54.785252289094323, 0.0 ], [ 9.247447351439295, 54.785310584782017, 0.0 ], [ 9.247615241361672, 54.785407919223481, 0.0 ] ] ] } },
{ "type": "Feature", "properties": { "layer": "WBK_WEG_BEST" }, "geometry": { "type": "LineString", "coordinates": [ [ 9.247615241361672, 54.785407919223481 ], [ 9.248299420560784, 54.784684306935524 ], [ 9.249180587335292, 54.784302175739903 ], [ 9.250638882062196, 54.78406204178615 ], [ 9.250638882062196, 54.78406204178615 ], [ 9.250638882062196, 54.78406204178615 ], [ 9.250550410084713, 54.78397671845471 ], [ 9.250550410084713, 54.78397671845471 ], [ 9.250550410084713, 54.78397671845471 ], [ 9.248872817220313, 54.784285394478111 ], [ 9.24820704435747, 54.784601185044629 ], [ 9.247548529309425, 54.785252289098771 ], [ 9.24744735138397, 54.785310584772859 ], [ 9.247615241361672, 54.785407919223481 ] ] } },
{ "type": "Feature", "properties": { "layer": "WBK_WEG_BEST" }, "geometry": { "type": "MultiLineString", "coordinates": [ [ [ 9.250869461479715, 54.783592363368882, 0.0 ], [ 9.251151757604443, 54.782293027205903, 0.0 ] ], [ [ 9.251151757543047, 54.782293027213598, 0.0 ], [ 9.251286646183853, 54.782238755325331, 0.0 ] ], [ [ 9.251286646185733, 54.782238755314346, 0.0 ], [ 9.251980056453286, 54.782282544904533, 0.0 ] ], [ [ 9.25198005646693, 54.782282544908519, 0.0 ], [ 9.25200718851546, 54.78220711625459, 0.0 ] ], [ [ 9.252007188563525, 54.78220711625184, 0.0 ], [ 9.251034266773937, 54.782134768048223, 0.0 ] ], [ [ 9.251034266745766, 54.782134768047136, 0.0 ], [ 9.250712296700573, 54.78358067277442, 0.0 ] ], [ [ 9.25071229670527, 54.783580672775301, 0.0 ], [ 9.250869522338947, 54.78359208308008, 0.0 ] ] ] } },
{ "type": "Feature", "properties": { "layer": "WBK_WEG_BEST" }, "geometry": { "type": "LineString", "coordinates": [ [ 9.250869461479715, 54.783592363368882 ], [ 9.251151757543047, 54.782293027213598 ], [ 9.251286646185733, 54.782238755314346 ], [ 9.25198005646693, 54.782282544908519 ], [ 9.252007188563525, 54.78220711625184 ], [ 9.251034266745766, 54.782134768047136 ], [ 9.25071229670527, 54.783580672775301 ], [ 9.250869522292051, 54.783592083083306 ] ] } },
{ "type": "Feature", "properties": { "layer": "WBK_WEG_BEST" }, "geometry": { "type": "Polygon", "coordinates": [ [ [ 9.250550410084713, 54.78397671845471, 0.0 ], [ 9.250612273118408, 54.783952964435855, 0.0 ], [ 9.250712296673351, 54.783580672774029, 0.0 ], [ 9.250869522338951, 54.78359208308008, 0.0 ], [ 9.250771224563177, 54.784044524502427, 0.0 ], [ 9.250730979162423, 54.784049851537119, 0.0 ], [ 9.250550410084713, 54.78397671845471, 0.0 ] ] ] } },
{ "type": "Feature", "properties": { "layer": "WBK_WEG_BEST" }, "geometry": { "type": "LineString", "coordinates": [ [ 9.250550410084713, 54.78397671845471 ], [ 9.250612273160151, 54.783952964425318 ], [ 9.25071229670527, 54.783580672775301 ], [ 9.250869522292051, 54.783592083083306 ], [ 9.250771224588707, 54.784044524505724 ], [ 9.250730979182917, 54.784049851529367 ], [ 9.250550410084713, 54.78397671845471 ] ] } },
{ "type": "Feature", "properties": { "layer": "WBK_WEG_BEST" }, "geometry": { "type": "Polygon", "coordinates": [ [ [ 9.261380254500454, 54.75381722194502, 0.0 ], [ 9.261353150959973, 54.753928747661021, 0.0 ], [ 9.261021710139536, 54.75639776409723, 0.0 ], [ 9.260857316152869, 54.757703954501999, 0.0 ], [ 9.260747011405101, 54.757700150037635, 0.0 ], [ 9.261281108016192, 54.753794901081299, 0.0 ], [ 9.261380254500454, 54.75381722194502, 0.0 ] ] ] } },
{ "type": "Feature", "properties": { "layer": "WBK_WEG_BEST" }, "geometry": { "type": "LineString", "coordinates": [ [ 9.261380254500454, 54.75381722194502 ], [ 9.261353150935051, 54.753928747658684 ], [ 9.261021710181041, 54.756397764103049 ], [ 9.260857316122932, 54.757703954495504 ], [ 9.260857316122932, 54.757703954495504 ], [ 9.260747011429956, 54.757700150041416 ], [ 9.260747011429956, 54.757700150041416 ], [ 9.261281108010957, 54.753794901079367 ], [ 9.261380254500454, 54.75381722194502 ] ] } },
{ "type": "Feature", "properties": { "layer": "WBK_WEG_BEST" }, "geometry": { "type": "Polygon", "coordinates": [ [ [ 9.260091118535351, 54.753247583359041, 0.0 ], [ 9.263293223701458, 54.746578844509223, 0.0 ], [ 9.274264428096325, 54.748274540196505, 0.0 ], [ 9.274365901975246, 54.74819592247831, 0.0 ], [ 9.263272890359611, 54.746467280920157, 0.0 ], [ 9.2599401693837, 54.753251470161153, 0.0 ], [ 9.260091118535351, 54.753247583359041, 0.0 ] ] ] } },
{ "type": "Feature", "properties": { "layer": "WBK_WEG_BEST" }, "geometry": { "type": "LineString", "coordinates": [ [ 9.260091118535351, 54.753247583359041 ], [ 9.263293223681682, 54.746578844513309 ], [ 9.274264428082102, 54.748274540199724 ], [ 9.274264428082102, 54.748274540199724 ], [ 9.274365902016433, 54.74819592247789 ], [ 9.274365902016433, 54.74819592247789 ], [ 9.263272890345103, 54.746467280922673 ], [ 9.259940169392559, 54.753251470162105 ], [ 9.260091118535351, 54.753247583359041 ] ] } },
{ "type": "Feature", "properties": { "layer": "WBK_WEG_BEST" }, "geometry": { "type": "MultiLineString", "coordinates": [ [ [ 9.284817956423508, 54.74102334921173, 0.0 ], [ 9.284717862861113, 54.740897908950018, 0.0 ] ], [ [ 9.284717862859345, 54.740897908949172, 0.0 ], [ 9.28448992184676, 54.737885760472146, 0.0 ] ], [ [ 9.284489921828623, 54.737885760466341, 0.0 ], [ 9.284369681758806, 54.737876154347724, 0.0 ] ], [ [ 9.284369681761694, 54.737876154348974, 0.0 ], [ 9.284662397219654, 54.74090824852707, 0.0 ] ], [ [ 9.284662397207693, 54.740908248528122, 0.0 ], [ 9.284608114095525, 54.741012977600256, 0.0 ] ], [ [ 9.284608114150211, 54.7410129775961, 0.0 ], [ 9.284817957130814, 54.74102334923537, 0.0 ] ] ] } },
{ "type": "Feature", "properties": { "layer": "WBK_WEG_BEST" }, "geometry": { "type": "LineString", "coordinates": [ [ 9.284817956423508, 54.74102334921173 ], [ 9.284717862859345, 54.740897908949172 ], [ 9.284489921828623, 54.737885760466341 ], [ 9.284369681761694, 54.737876154348974 ], [ 9.284662397207693, 54.740908248528122 ], [ 9.284608114150211, 54.7410129775961 ], [ 9.284817957111018, 54.741023349239953 ] ] } },
{ "type": "Feature", "properties": { "layer": "WBK_WEG_BEST" }, "geometry": { "type": "Polygon", "coordinates": [ [ [ 9.303795850389955, 54.733437990666495, 0.0 ], [ 9.306209730823804, 54.733615494784978, 0.0 ], [ 9.306087039516573, 54.733674892009624, 0.0 ], [ 9.304006346977229, 54.733532716486216, 0.0 ], [ 9.303795850389955, 54.733437990666495, 0.0 ] ] ] } },
{ "type": "Feature", "properties": { "layer": "WBK_WEG_BEST" }, "geometry": { "type": "LineString", "coordinates": [ [ 9.303795850389955, 54.733437990666495 ], [ 9.306209730824984, 54.733615494782036 ], [ 9.306087039560669, 54.733674892019039 ], [ 9.30400634696332, 54.733532716482244 ], [ 9.303795850389955, 54.733437990666495 ] ] } },
{ "type": "Feature", "properties": { "layer": "WBK_WEG_BEST" }, "geometry": { "type": "MultiLineString", "coordinates": [ [ [ 9.312959108175667, 54.726750032214191, 0.0 ], [ 9.312615514857667, 54.726892460745148, 0.0 ] ], [ [ 9.31261551483149, 54.726892460740096, 0.0 ], [ 9.312487795682244, 54.727357937453561, 0.0 ] ], [ [ 9.312487795728989, 54.727357937460617, 0.0 ], [ 9.312346252253677, 54.727350121267676, 0.0 ] ], [ [ 9.312346252245908, 54.727350121268493, 0.0 ], [ 9.312361357475176, 54.727197213526132, 0.0 ] ], [ [ 9.31236135746105, 54.727197213520412, 0.0 ], [ 9.312218067933481, 54.727257636804055, 0.0 ] ], [ [ 9.312218067900341, 54.72725763680544, 0.0 ], [ 9.312191425638451, 54.727221501287055, 0.0 ] ], [ [ 9.312191425656138, 54.727221501298644, 0.0 ], [ 9.312369573055589, 54.727133971481194, 0.0 ] ], [ [ 9.312369573043732, 54.727133971468746, 0.0 ], [ 9.312450925413049, 54.726789467793111, 0.0 ] ], [ [ 9.312450925427672, 54.726789467795243, 0.0 ], [ 9.312393473189454, 54.726708590621385, 0.0 ] ], [ [ 9.312393473181359, 54.726708590616319, 0.0 ], [ 9.301133032614654, 54.72594018232342, 0.0 ] ], [ [ 9.301133032594995, 54.725940182333844, 0.0 ], [ 9.301508851062666, 54.730897106029182, 0.0 ] ], [ [ 9.301508851087085, 54.730897106029857, 0.0 ], [ 9.303443034688241, 54.733309575370711, 0.0 ] ], [ [ 9.303443034690041, 54.733309575364871, 0.0 ], [ 9.303213665336326, 54.733248927425471, 0.0 ] ], [ [ 9.303213665374528, 54.733248927429045, 0.0 ], [ 9.301394193436746, 54.730921081270502, 0.0 ] ], [ [ 9.301394193400844, 54.73092108126793, 0.0 ], [ 9.301018410687201, 54.725833864199998, 0.0 ] ], [ [ 9.301018410754509, 54.725833864198812, 0.0 ], [ 9.301201982104438, 54.725829322094469, 0.0 ] ], [ [ 9.30120198207034, 54.725829322094611, 0.0 ], [ 9.31298062308073, 54.726666939865829, 0.0 ] ], [ [ 9.312980623034488, 54.726666939865957, 0.0 ], [ 9.312959247897206, 54.726750058210754, 0.0 ] ] ] } },
{ "type": "Feature", "properties": { "layer": "WBK_WEG_BEST" }, "geometry": { "type": "LineString", "coordinates": [ [ 9.312959108175667, 54.726750032214191 ], [ 9.31261551483149, 54.726892460740096 ], [ 9.312487795728989, 54.727357937460617 ], [ 9.312346252245908, 54.727350121268493 ], [ 9.31236135746105, 54.727197213520412 ], [ 9.312218067900341, 54.72725763680544 ], [ 9.312191425656138, 54.727221501298644 ], [ 9.312369573043732, 54.727133971468746 ], [ 9.312450925427672, 54.726789467795243 ], [ 9.312393473181359, 54.726708590616319 ], [ 9.301133032594995, 54.725940182333844 ], [ 9.301508851087085, 54.730897106029857 ], [ 9.303443034690041, 54.733309575364871 ], [ 9.303213665374528, 54.733248927429045 ], [ 9.301394193400844, 54.73092108126793 ], [ 9.301018410754509, 54.725833864198812 ], [ 9.30120198207034, 54.725829322094611 ], [ 9.312980623034488, 54.726666939865957 ], [ 9.312959247867973, 54.726750058211003 ] ] } },
{ "type": "Feature", "properties": { "layer": "WBK_WEG_BEST" }, "geometry": { "type": "Polygon", "coordinates": [ [ [ 9.282637230823834, 54.740989069905055, 0.0 ], [ 9.282661251112527, 54.740875341916315, 0.0 ], [ 9.284608114293253, 54.741012977603241, 0.0 ], [ 9.284817956443877, 54.741023349202749, 0.0 ], [ 9.290745865926322, 54.741344782531748, 0.0 ], [ 9.290538541802043, 54.741433190638169, 0.0 ], [ 9.282637230823834, 54.740989069905055, 0.0 ] ] ] } },
{ "type": "Feature", "properties": { "layer": "WBK_WEG_BEST" }, "geometry": { "type": "LineString", "coordinates": [ [ 9.282637230823834, 54.740989069905055 ], [ 9.282661251126004, 54.740875341910098 ], [ 9.284608114287751, 54.741012977605713 ], [ 9.284817956423508, 54.74102334921173 ], [ 9.2907458659267, 54.741344782527747 ], [ 9.290538541807754, 54.74143319063257 ], [ 9.282637230823834, 54.740989069905055 ] ] } },
{ "type": "Feature", "properties": { "layer": "WBK_WEG_BEST" }, "geometry": { "type": "Polygon", "coordinates": [ [ [ 9.260858389987408, 54.757695422645284, 0.0 ], [ 9.260723339487519, 54.758768606885653, 0.0 ], [ 9.261820603636398, 54.760841080532998, 0.0 ], [ 9.261626329984132, 54.760887050484762, 0.0 ], [ 9.260564933312102, 54.758842877272222, 0.0 ], [ 9.260747011681735, 54.757700147758193, 0.0 ], [ 9.260858389987408, 54.757695422645284, 0.0 ] ] ] } },
{ "type": "Feature", "properties": { "layer": "WBK_WEG_BEST" }, "geometry": { "type": "LineString", "coordinates": [ [ 9.260858389987408, 54.757695422645284 ], [ 9.260723339476337, 54.758768606885226 ], [ 9.261820603618746, 54.760841080534746 ], [ 9.261626329943669, 54.760887050488371 ], [ 9.2605649333409, 54.758842877265089 ], [ 9.260747011690297, 54.757700147754115 ], [ 9.260858389987408, 54.757695422645284 ] ] } },
{ "type": "Feature", "properties": { "layer": "WBK_WEG_BEST" }, "geometry": { "type": "Polygon", "coordinates": [ [ [ 9.267551832899869, 54.764542747876959, 0.0 ], [ 9.263666865997351, 54.76396946551742, 0.0 ], [ 9.261126335086683, 54.763330054740862, 0.0 ], [ 9.259489149736217, 54.763123055292446, 0.0 ], [ 9.25946331352587, 54.763193577718283, 0.0 ], [ 9.260990561186748, 54.76340157628416, 0.0 ], [ 9.264059491580525, 54.764156572176717, 0.0 ], [ 9.267477005517138, 54.764634644746693, 0.0 ], [ 9.267551832899869, 54.764542747876959, 0.0 ] ] ] } },
{ "type": "Feature", "properties": { "layer": "WBK_WEG_BEST" }, "geometry": { "type": "LineString", "coordinates": [ [ 9.267551832899869, 54.764542747876959 ], [ 9.263666865940081, 54.763969465515494 ], [ 9.261126335086368, 54.76333005473785 ], [ 9.259489149788495, 54.763123055293441 ], [ 9.259463313451432, 54.763193577717168 ], [ 9.260990561257218, 54.763401576287059 ], [ 9.264059491542213, 54.764156572177022 ], [ 9.267477005486567, 54.764634644750736 ], [ 9.267551832899869, 54.764542747876959 ] ] } },
{ "type": "Feature", "properties": { "layer": "WBK_WEG_BEST" }, "geometry": { "type": "Polygon", "coordinates": [ [ [ 9.253436072392244, 54.76956068951506, 0.0 ], [ 9.251602779491154, 54.772348347930411, 0.0 ], [ 9.251504794951952, 54.772346227267427, 0.0 ], [ 9.253374127659322, 54.769530471270372, 0.0 ], [ 9.253436072392244, 54.76956068951506, 0.0 ] ] ] } },
{ "type": "Feature", "properties": { "layer": "WBK_WEG_BEST" }, "geometry": { "type": "LineString", "coordinates": [ [ 9.253436072392244, 54.76956068951506 ], [ 9.251602779502658, 54.772348347926361 ], [ 9.251504794911629, 54.772346227259995 ], [ 9.253374127737763, 54.769530471273832 ], [ 9.253436072392244, 54.76956068951506 ] ] } },
{ "type": "Feature", "properties": { "layer": "WBK_WEG_BEST" }, "geometry": { "type": "Polygon", "coordinates": [ [ [ 9.25617919157477, 54.776053324353327, 0.0 ], [ 9.256176233404791, 54.776121754896707, 0.0 ], [ 9.254799273375795, 54.776107036462555, 0.0 ], [ 9.254582549236154, 54.776139970177447, 0.0 ], [ 9.254536771265332, 54.776175465062806, 0.0 ], [ 9.254293363062137, 54.776510856721721, 0.0 ], [ 9.254084917378837, 54.776568168226703, 0.0 ], [ 9.251127620391408, 54.777035789152379, 0.0 ], [ 9.251096860268397, 54.776974186094527, 0.0 ], [ 9.254035129573273, 54.776551186340505, 0.0 ], [ 9.254282800085933, 54.776447899784429, 0.0 ], [ 9.254404390139451, 54.77627649186423, 0.0 ], [ 9.254550419622669, 54.776076393783406, 0.0 ], [ 9.254847489194105, 54.776034066010929, 0.0 ], [ 9.25617919157477, 54.776053324353327, 0.0 ] ] ] } },
{ "type": "Feature", "properties": { "layer": "WBK_WEG_BEST" }, "geometry": { "type": "LineString", "coordinates": [ [ 9.25617919157477, 54.776053324353327 ], [ 9.256176233419033, 54.776121754891726 ], [ 9.254799273365455, 54.776107036464261 ], [ 9.254582549200917, 54.776139970178306 ], [ 9.25453677128905, 54.776175465062551 ], [ 9.254293363054526, 54.776510856719611 ], [ 9.254084917366633, 54.776568168230959 ], [ 9.251127620383965, 54.777035789150233 ], [ 9.251096860235181, 54.776974186096155 ], [ 9.254035129637522, 54.776551186344008 ], [ 9.254282800037487, 54.776447899786014 ], [ 9.254404390192848, 54.776276491855896 ], [ 9.254550419565566, 54.776076393786525 ], [ 9.254847489195971, 54.776034066005757 ], [ 9.25617919157477, 54.776053324353327 ] ] } },
{ "type": "Feature", "properties": { "layer": "WBK_WEG_BEST" }, "geometry": { "type": "Polygon", "coordinates": [ [ [ 9.240134064177374, 54.796185020154141, 0.0 ], [ 9.239922528697084, 54.796223724703196, 0.0 ], [ 9.242631923428091, 54.803778007657421, 0.0 ], [ 9.24285695442326, 54.803734341452618, 0.0 ], [ 9.240134064177374, 54.796185020154141, 0.0 ] ] ] } },
{ "type": "Feature", "properties": { "layer": "WBK_WEG_BEST" }, "geometry": { "type": "LineString", "coordinates": [ [ 9.240134064177374, 54.796185020154141 ], [ 9.239922528674182, 54.796223724705357 ], [ 9.242631923475038, 54.803778007649086 ], [ 9.242856954413753, 54.803734341450223 ], [ 9.240134064177374, 54.796185020154141 ] ] } },
{ "type": "Feature", "properties": { "layer": "WBK_WEG_BEST" }, "geometry": { "type": "Polygon", "coordinates": [ [ [ 9.236732921697453, 54.807973917073724, 0.0 ], [ 9.238374775529769, 54.808288623536995, 0.0 ], [ 9.238347893938776, 54.808368611592478, 0.0 ], [ 9.236676834953485, 54.808047209565146, 0.0 ], [ 9.236732921697453, 54.807973917073724, 0.0 ] ] ] } },
{ "type": "Feature", "properties": { "layer": "WBK_WEG_BEST" }, "geometry": { "type": "LineString", "coordinates": [ [ 9.236732921697453, 54.807973917073724 ], [ 9.238374775484086, 54.808288623538346 ], [ 9.238347893962974, 54.808368611602035 ], [ 9.236676834982624, 54.808047209564236 ], [ 9.236732921697453, 54.807973917073724 ] ] } },
{ "type": "Feature", "properties": { "layer": "WBK_WEG_BEST" }, "geometry": { "type": "Polygon", "coordinates": [ [ [ 9.214870770269448, 54.833112917254255, 0.0 ], [ 9.213784183553203, 54.833128736226108, 0.0 ], [ 9.213783952937845, 54.833197435598478, 0.0 ], [ 9.214747163682308, 54.833198509290241, 0.0 ], [ 9.214870770269448, 54.833112917254255, 0.0 ] ] ] } },
{ "type": "Feature", "properties": { "layer": "WBK_WEG_BEST" }, "geometry": { "type": "LineString", "coordinates": [ [ 9.214870770269448, 54.833112917254255 ], [ 9.213784183575909, 54.833128736220885 ], [ 9.213783952906624, 54.833197435597953 ], [ 9.21474716375932, 54.833198509296679 ], [ 9.214870770269448, 54.833112917254255 ] ] } },
{ "type": "Feature", "properties": { "layer": "WBK_WEG_BEST" }, "geometry": { "type": "Polygon", "coordinates": [ [ [ 9.312218067900341, 54.72725763680544, 0.0 ], [ 9.312107084587071, 54.727369755822949, 0.0 ], [ 9.311976589384034, 54.728512621826596, 0.0 ], [ 9.311883613557553, 54.728505223206504, 0.0 ], [ 9.312053075826297, 54.7273521487624, 0.0 ], [ 9.312191425679508, 54.727221501285676, 0.0 ], [ 9.312218067900341, 54.72725763680544, 0.0 ] ] ] } },
{ "type": "Feature", "properties": { "layer": "WBK_WEG_BEST" }, "geometry": { "type": "LineString", "coordinates": [ [ 9.312218067900341, 54.72725763680544 ], [ 9.312107084608636, 54.72736975582545 ], [ 9.311976589363088, 54.728512621824997 ], [ 9.311883613585673, 54.728505223210611 ], [ 9.312053075838611, 54.72735214875599 ], [ 9.312191425656138, 54.727221501298644 ], [ 9.312218067900341, 54.72725763680544 ] ] } },
{ "type": "Feature", "properties": { "layer": "WBK_WEG_BEST" }, "geometry": { "type": "Polygon", "coordinates": [ [ [ 9.327082894309385, 54.718566894451477, 0.0 ], [ 9.327051137784796, 54.718402080763994, 0.0 ], [ 9.330805172771933, 54.718182103439354, 0.0 ], [ 9.337644166985243, 54.719072458708588, 0.0 ], [ 9.337607324375153, 54.719169807386521, 0.0 ], [ 9.330653254182653, 54.718275406200192, 0.0 ], [ 9.327289832232928, 54.718443799952702, 0.0 ], [ 9.327082894309385, 54.718566894451477, 0.0 ] ] ] } },
{ "type": "Feature", "properties": { "layer": "WBK_WEG_BEST" }, "geometry": { "type": "LineString", "coordinates": [ [ 9.327082894309385, 54.718566894451477 ], [ 9.327051137742567, 54.71840208075826 ], [ 9.330805172791353, 54.718182103448235 ], [ 9.337644166988587, 54.719072458706542 ], [ 9.337607324350799, 54.719169807385207 ], [ 9.330653254163773, 54.718275406198124 ], [ 9.327289832297618, 54.718443799955608 ], [ 9.327082894309385, 54.718566894451477 ] ] } },
{ "type": "Feature", "properties": { "layer": "WBK_WEG_BEST" }, "geometry": { "type": "MultiLineString", "coordinates": [ [ [ 9.337644166988587, 54.719072458706542, 0.0 ], [ 9.340454390242581, 54.719456016470218, 0.0 ] ], [ [ 9.340454390229597, 54.719456016467042, 0.0 ], [ 9.338810375296154, 54.715272235578624, 0.0 ] ], [ [ 9.338810375350473, 54.715272235582461, 0.0 ], [ 9.338813430673925, 54.715229148667248, 0.0 ] ], [ [ 9.338813430622688, 54.715229148659624, 0.0 ], [ 9.340879488645909, 54.71507862451567, 0.0 ] ], [ [ 9.340879488622988, 54.715078624521475, 0.0 ], [ 9.340967965431025, 54.715153533547557, 0.0 ] ], [ [ 9.340967965449314, 54.715153533543045, 0.0 ], [ 9.339030529544361, 54.715286209453204, 0.0 ] ], [ [ 9.339030529586083, 54.715286209452785, 0.0 ], [ 9.338985541155424, 54.715324879923969, 0.0 ] ], [ [ 9.33898554113266, 54.715324879925831, 0.0 ], [ 9.34060476598216, 54.719533746526452, 0.0 ] ], [ [ 9.340604766009442, 54.719533746527539, 0.0 ], [ 9.340441886458665, 54.719595297002229, 0.0 ] ], [ [ 9.340441886434972, 54.719595297006165, 0.0 ], [ 9.340227792802118, 54.719499241728116, 0.0 ] ], [ [ 9.340227792763496, 54.719499241727526, 0.0 ], [ 9.337607324344534, 54.719169807386749, 0.0 ] ], [ [ 9.337607324350799, 54.719169807385207, 0.0 ], [ 9.337648564631477, 54.719073087066079, 0.0 ] ] ] } },
{ "type": "Feature", "properties": { "layer": "WBK_WEG_BEST" }, "geometry": { "type": "LineString", "coordinates": [ [ 9.337644166988587, 54.719072458706542 ], [ 9.340454390229597, 54.719456016467042 ], [ 9.338810375350473, 54.715272235582461 ], [ 9.338813430622688, 54.715229148659624 ], [ 9.340879488622988, 54.715078624521475 ], [ 9.340967965449314, 54.715153533543045 ], [ 9.339030529586083, 54.715286209452785 ], [ 9.33898554113266, 54.715324879925831 ], [ 9.340604766009442, 54.719533746527539 ], [ 9.340441886434972, 54.719595297006165 ], [ 9.340227792763496, 54.719499241727526 ], [ 9.337607324350799, 54.719169807385207 ], [ 9.337648564609554, 54.719073087067237 ] ] } },
{ "type": "Feature", "properties": { "layer": "WBK_WEG_BEST" }, "geometry": { "type": "Polygon", "coordinates": [ [ [ 9.352512236779743, 54.715862239207887, 0.0 ], [ 9.353281093502313, 54.715362298649751, 0.0 ], [ 9.354621870015862, 54.712512167521623, 0.0 ], [ 9.354317447390695, 54.712060562418095, 0.0 ], [ 9.354267967311181, 54.710730015956173, 0.0 ], [ 9.354176520524659, 54.710771183475707, 0.0 ], [ 9.354156438276835, 54.712074958564692, 0.0 ], [ 9.354495500380731, 54.712415515649923, 0.0 ], [ 9.354492442988319, 54.712491975634734, 0.0 ], [ 9.353233294215112, 54.715246800005602, 0.0 ], [ 9.352450800726926, 54.715791278275432, 0.0 ], [ 9.352512236779743, 54.715862239207887, 0.0 ] ] ] } },
{ "type": "Feature", "properties": { "layer": "WBK_WEG_BEST" }, "geometry": { "type": "LineString", "coordinates": [ [ 9.352512236779743, 54.715862239207887 ], [ 9.353281093490301, 54.715362298642326 ], [ 9.354626319255438, 54.71244491047392 ], [ 9.354317447399993, 54.712060562410649 ], [ 9.354267967293115, 54.710730015955299 ], [ 9.354176520561658, 54.710771183478357 ], [ 9.354156438250222, 54.712074958558425 ], [ 9.354495500455705, 54.712415515650072 ], [ 9.35449244292483, 54.712491975634904 ], [ 9.353233294206037, 54.715246800012892 ], [ 9.352450800751123, 54.715791278269243 ], [ 9.352512236779743, 54.715862239207887 ] ] } },
{ "type": "Feature", "properties": { "layer": "WBK_WEG_BEST" }, "geometry": { "type": "Polygon", "coordinates": [ [ [ 9.363047423298411, 54.700814381135103, 0.0 ], [ 9.365363004349756, 54.701101564727537, 0.0 ], [ 9.366123566089023, 54.70132087305204, 0.0 ], [ 9.36832824775297, 54.702515968060986, 0.0 ], [ 9.368115613048108, 54.70426994159893, 0.0 ], [ 9.368065129235047, 54.704273930781113, 0.0 ], [ 9.368218236545561, 54.702548095060585, 0.0 ], [ 9.366098357813598, 54.701394723489798, 0.0 ], [ 9.365750083614026, 54.701263552342589, 0.0 ], [ 9.362990711084141, 54.700886757272485, 0.0 ], [ 9.363047423298411, 54.700814381135103, 0.0 ] ] ] } },
{ "type": "Feature", "properties": { "layer": "WBK_WEG_BEST" }, "geometry": { "type": "LineString", "coordinates": [ [ 9.363047423298411, 54.700814381135103 ], [ 9.365363004360267, 54.701101564730422 ], [ 9.366123566074151, 54.701320873053234 ], [ 9.368328247783797, 54.702515968063551 ], [ 9.368137724688726, 54.704268194350696 ], [ 9.368065129232834, 54.704273930780666 ], [ 9.36821823653818, 54.702548095058134 ], [ 9.366098357828282, 54.701394723493756 ], [ 9.365750083594966, 54.701263552343008 ], [ 9.362990711146589, 54.700886757265849 ], [ 9.363047423298411, 54.700814381135103 ] ] } },
{ "type": "Feature", "properties": { "layer": "WBK_WEG_BEST" }, "geometry": { "type": "MultiLineString", "coordinates": [ [ [ 9.406426825152417, 54.691516082733287, 0.0 ], [ 9.406858716064811, 54.689329043443024, 0.0 ] ], [ [ 9.406858716036503, 54.689329043441404, 0.0 ], [ 9.407024833106817, 54.689268872653152, 0.0 ] ], [ [ 9.407024833115663, 54.689268872644988, 0.0 ], [ 9.407936806587218, 54.689359216510539, 0.0 ] ], [ [ 9.407936806591334, 54.689359216511491, 0.0 ], [ 9.40794751042114, 54.689309276965218, 0.0 ] ], [ [ 9.407947510412301, 54.689309276973248, 0.0 ], [ 9.403326337621916, 54.688699228009668, 0.0 ] ], [ [ 9.403326337623025, 54.688699228007536, 0.0 ], [ 9.403302617727498, 54.688770546289327, 0.0 ] ], [ [ 9.403302617707398, 54.688770546280779, 0.0 ], [ 9.406627065109049, 54.689237290294493, 0.0 ] ], [ [ 9.406627065096657, 54.689237290300831, 0.0 ], [ 9.406715486065664, 54.689356289771418, 0.0 ] ], [ [ 9.406715486104524, 54.689356289774686, 0.0 ], [ 9.406304192041965, 54.691566663627569, 0.0 ] ], [ [ 9.406304192039521, 54.691566663631569, 0.0 ], [ 9.406417739080233, 54.691519830351503, 0.0 ] ] ] } },
{ "type": "Feature", "properties": { "layer": "WBK_WEG_BEST" }, "geometry": { "type": "LineString", "coordinates": [ [ 9.406426825152417, 54.691516082733287 ], [ 9.406858716036503, 54.689329043441404 ], [ 9.407024833115663, 54.689268872644988 ], [ 9.407936806591334, 54.689359216511491 ], [ 9.407947510412301, 54.689309276973248 ], [ 9.403326337623025, 54.688699228007536 ], [ 9.403302617707398, 54.688770546280779 ], [ 9.406627065096657, 54.689237290300831 ], [ 9.406715486104524, 54.689356289774686 ], [ 9.406304192039521, 54.691566663631569 ], [ 9.406417739068765, 54.691519830342251 ] ] } },
{ "type": "Feature", "properties": { "layer": "WBK_WEG_BEST" }, "geometry": { "type": "Polygon", "coordinates": [ [ [ 9.398021689303004, 54.691450462641868, 0.0 ], [ 9.398230656093499, 54.690511551275272, 0.0 ], [ 9.398227299312236, 54.690105777446561, 0.0 ], [ 9.398630993732411, 54.688487294371193, 0.0 ], [ 9.398708366976724, 54.688428369849234, 0.0 ], [ 9.401124614009914, 54.688502378839999, 0.0 ], [ 9.402956562335296, 54.68871995190738, 0.0 ], [ 9.402979494602148, 54.688657308855923, 0.0 ], [ 9.401143552188511, 54.688426673435849, 0.0 ], [ 9.398539983445668, 54.68833184553484, 0.0 ], [ 9.398083659458191, 54.69019743079717, 0.0 ], [ 9.398058411447087, 54.690704913394363, 0.0 ], [ 9.397904086429101, 54.691430880481811, 0.0 ], [ 9.398007565793343, 54.69144940780356, 0.0 ], [ 9.398021689303004, 54.691450462641868, 0.0 ] ] ] } },
{ "type": "Feature", "properties": { "layer": "WBK_WEG_BEST" }, "geometry": { "type": "LineString", "coordinates": [ [ 9.398021689303004, 54.691450462641868 ], [ 9.398230656108234, 54.690511551276174 ], [ 9.398227299334057, 54.69010577745081 ], [ 9.398630993772361, 54.68848729436764 ], [ 9.39870836698293, 54.688428369852225 ], [ 9.401124613979398, 54.688502378842706 ], [ 9.402956562316245, 54.688719951900339 ], [ 9.402979494582285, 54.688657308858915 ], [ 9.401143552218786, 54.688426673428822 ], [ 9.39853998346547, 54.688331845544695 ], [ 9.398083659399116, 54.690197430799905 ], [ 9.39805841149543, 54.690704913396019 ], [ 9.397904086436595, 54.691430880474591 ], [ 9.398007565739629, 54.691449407800711 ], [ 9.398021689303004, 54.691450462641868 ] ] } },
{ "type": "Feature", "properties": { "layer": "WBK_WEG_BEST" }, "geometry": { "type": "Polygon", "coordinates": [ [ [ 9.408486299486631, 54.687289732255671, 0.0 ], [ 9.408560658586021, 54.687282112083295, 0.0 ], [ 9.408958115111609, 54.687338439023804, 0.0 ], [ 9.40922360138973, 54.686265736535461, 0.0 ], [ 9.409078575209433, 54.68616053004348, 0.0 ], [ 9.408878931958162, 54.687214282926043, 0.0 ], [ 9.408803219426025, 54.687240771358042, 0.0 ], [ 9.408444426020909, 54.687205210009679, 0.0 ], [ 9.408480061810122, 54.687292497855054, 0.0 ], [ 9.408486299486631, 54.687289732255671, 0.0 ] ] ] } },
{ "type": "Feature", "properties": { "layer": "WBK_WEG_BEST" }, "geometry": { "type": "LineString", "coordinates": [ [ 9.408486299486631, 54.687289732255671 ], [ 9.408560658610652, 54.687282112080759 ], [ 9.40895811506828, 54.687338439024934 ], [ 9.409223601448923, 54.686265736532697 ], [ 9.409078575205301, 54.686160530047502 ], [ 9.408878931985457, 54.687214282927947 ], [ 9.408803219450602, 54.687240771351298 ], [ 9.408444425964417, 54.68720521001368 ], [ 9.408480061811291, 54.687292497857037 ], [ 9.408486299486631, 54.687289732255671 ] ] } },
{ "type": "Feature", "properties": { "layer": "WBK_WEG_BEST" }, "geometry": { "type": "Polygon", "coordinates": [ [ [ 9.417798985090434, 54.676301592779026, 0.0 ], [ 9.417493165313006, 54.6761536179093, 0.0 ], [ 9.417429193893877, 54.676263793418613, 0.0 ], [ 9.417405309069805, 54.67632398026273, 0.0 ], [ 9.417555610520326, 54.67651390359584, 0.0 ], [ 9.418039081231068, 54.676661983892835, 0.0 ], [ 9.419940388503676, 54.677948179512839, 0.0 ], [ 9.42032952266546, 54.678246309328941, 0.0 ], [ 9.417000461951126, 54.682111983926163, 0.0 ], [ 9.417037603045998, 54.682208581865922, 0.0 ], [ 9.420461068228885, 54.678242842321048, 0.0 ], [ 9.419929634851984, 54.677779456073139, 0.0 ], [ 9.418113177110884, 54.676571265715417, 0.0 ], [ 9.417675650400289, 54.676413411198503, 0.0 ], [ 9.41764103147138, 54.676363141016935, 0.0 ], [ 9.417636610212055, 54.676305871413348, 0.0 ], [ 9.417798985090434, 54.676301592779026, 0.0 ] ] ] } },
{ "type": "Feature", "properties": { "layer": "WBK_WEG_BEST" }, "geometry": { "type": "LineString", "coordinates": [ [ 9.417798985090434, 54.676301592779026 ], [ 9.417493165343163, 54.676153617908284 ], [ 9.417429193855984, 54.676263793419956 ], [ 9.417405309060355, 54.676323980261515 ], [ 9.41755561049961, 54.676513903599705 ], [ 9.418039081272937, 54.676661983889289 ], [ 9.419940388487584, 54.677948179517962 ], [ 9.420329522661406, 54.678246309326092 ], [ 9.41700046195249, 54.682111983925225 ], [ 9.417037603045319, 54.682208581863854 ], [ 9.420461068195696, 54.678242842318383 ], [ 9.419929634945344, 54.677779456082305 ], [ 9.418113177046614, 54.676571265711772 ], [ 9.417675650357463, 54.676413411199697 ], [ 9.41764103156979, 54.676363141014839 ], [ 9.417636610140665, 54.676305871407571 ], [ 9.417798985090434, 54.676301592779026 ], [ 9.417493165343163, 54.676153617908284 ] ] } },
{ "type": "Feature", "properties": { "layer": "WBK_WEG_BEST" }, "geometry": { "type": "Polygon", "coordinates": [ [ [ 9.423332962980499, 54.440804588891659, 0.0 ], [ 9.423373545529168, 54.440722059109149, 0.0 ], [ 9.433288110437086, 54.442377909320214, 0.0 ], [ 9.433290677721123, 54.44262087257556, 0.0 ], [ 9.429489131120098, 54.444297784784403, 0.0 ], [ 9.421630464307595, 54.445612328419294, 0.0 ], [ 9.421629441713108, 54.445512889016484, 0.0 ], [ 9.429435222172389, 54.444204641075054, 0.0 ], [ 9.43319403238533, 54.442663507309753, 0.0 ], [ 9.433126964414134, 54.442493833112245, 0.0 ], [ 9.423332962980499, 54.440804588891659, 0.0 ] ] ] } },
{ "type": "Feature", "properties": { "layer": "WBK_WEG_BEST" }, "geometry": { "type": "LineString", "coordinates": [ [ 9.423332962980499, 54.440804588891659 ], [ 9.423373545535455, 54.44072205910792 ], [ 9.433288110464819, 54.442377909309982 ], [ 9.433334427338426, 54.442653992335529 ], [ 9.429489131100112, 54.444297784792319 ], [ 9.421630464303121, 54.445612328421781 ], [ 9.421629441713062, 54.445512889013109 ], [ 9.429435222225736, 54.444204641080951 ], [ 9.433186055560311, 54.442643326998763 ], [ 9.433126964357898, 54.442493833116302 ], [ 9.423332962980499, 54.440804588891659 ] ] } },
{ "type": "Feature", "properties": { "layer": "WBK_WEG_BEST" }, "geometry": { "type": "Polygon", "coordinates": [ [ [ 9.423004877082359, 54.450357862264823, 0.0 ], [ 9.423006062714931, 54.450472761207273, 0.0 ], [ 9.425231082004363, 54.450286393282532, 0.0 ], [ 9.426765331433788, 54.450075674348454, 0.0 ], [ 9.426835162076191, 54.450223564373104, 0.0 ], [ 9.427055146266435, 54.451857174833883, 0.0 ], [ 9.427248367600351, 54.451847934713442, 0.0 ], [ 9.427050714623983, 54.450093210332028, 0.0 ], [ 9.426838497753014, 54.449941873161428, 0.0 ], [ 9.425008790656175, 54.450198067483917, 0.0 ], [ 9.423004877082359, 54.450357862264823, 0.0 ] ] ] } },
{ "type": "Feature", "properties": { "layer": "WBK_WEG_BEST" }, "geometry": { "type": "LineString", "coordinates": [ [ 9.423004877082359, 54.450357862264823 ], [ 9.423006062714933, 54.450472761208445 ], [ 9.425231082027111, 54.450286393282468 ], [ 9.426765331417629, 54.450075674352526 ], [ 9.426835162084712, 54.450223564371996 ], [ 9.427055146223706, 54.451857174832064 ], [ 9.427248367665683, 54.451847934717669 ], [ 9.427050714612713, 54.450093210324702 ], [ 9.426838497731518, 54.449941873165443 ], [ 9.425008790624968, 54.45019806748342 ], [ 9.423004877082359, 54.450357862264823 ] ] } },
{ "type": "Feature", "properties": { "layer": "WBK_WEG_BEST" }, "geometry": { "type": "Polygon", "coordinates": [ [ [ 9.424894148013939, 54.456695074173879, 0.0 ], [ 9.424933064867011, 54.456759543361073, 0.0 ], [ 9.423902639194027, 54.456927846690178, 0.0 ], [ 9.418197929695214, 54.458973547018488, 0.0 ], [ 9.412341347384002, 54.458842672586727, 0.0 ], [ 9.412340374342577, 54.458745963961697, 0.0 ], [ 9.41800427947015, 54.458915876997786, 0.0 ], [ 9.423806686697196, 54.456880034404243, 0.0 ], [ 9.424894148013939, 54.456695074173879, 0.0 ] ] ] } },
{ "type": "Feature", "properties": { "layer": "WBK_WEG_BEST" }, "geometry": { "type": "LineString", "coordinates": [ [ 9.424894148013939, 54.456695074173879 ], [ 9.424933064866972, 54.456759543373174 ], [ 9.423902639159794, 54.456927846686746 ], [ 9.418197929699959, 54.458973547016839 ], [ 9.412341347438526, 54.458842672590009 ], [ 9.412340374342522, 54.458745963957732 ], [ 9.418004279412747, 54.458915876999122 ], [ 9.423806686748035, 54.456880034402658 ], [ 9.424894148013939, 54.456695074173879 ] ] } },
{ "type": "Feature", "properties": { "layer": "WBK_WEG_BEST" }, "geometry": { "type": "Polygon", "coordinates": [ [ [ 9.412662203903906, 54.464143020681533, 0.0 ], [ 9.417957028000812, 54.464035204843093, 0.0 ], [ 9.421240379350072, 54.463192286547049, 0.0 ], [ 9.42347303505964, 54.463168466038333, 0.0 ], [ 9.42347466536153, 54.463232561165626, 0.0 ], [ 9.421418346503922, 54.463247449264067, 0.0 ], [ 9.418083702226998, 54.46411655903308, 0.0 ], [ 9.412637147963597, 54.464242469099538, 0.0 ], [ 9.412662203903906, 54.464143020681533, 0.0 ] ] ] } },
{ "type": "Feature", "properties": { "layer": "WBK_WEG_BEST" }, "geometry": { "type": "LineString", "coordinates": [ [ 9.412662203903906, 54.464143020681533 ], [ 9.417957028047534, 54.464035204831774 ], [ 9.421240379296773, 54.463192286551916 ], [ 9.423473035092059, 54.463168466043356 ], [ 9.423474665297958, 54.463232561165029 ], [ 9.421418346557951, 54.463247449253345 ], [ 9.418083702201919, 54.464116559038722 ], [ 9.412637147921412, 54.464242469101656 ], [ 9.412662203903906, 54.464143020681533 ] ] } },
{ "type": "Feature", "properties": { "layer": "WBK_WEG_BEST" }, "geometry": { "type": "Polygon", "coordinates": [ [ [ 9.426541246011016, 54.468763193983712, 0.0 ], [ 9.426527847018637, 54.468691469327844, 0.0 ], [ 9.427111965341904, 54.465830405402592, 0.0 ], [ 9.427407187767399, 54.465538277795332, 0.0 ], [ 9.427702133545393, 54.464409412139112, 0.0 ], [ 9.427919723128673, 54.464069148422695, 0.0 ], [ 9.429274038308332, 54.462993179389301, 0.0 ], [ 9.430497548276628, 54.462448150988003, 0.0 ], [ 9.430267400153753, 54.46242849843992, 0.0 ], [ 9.429248764263452, 54.462892648154657, 0.0 ], [ 9.428766428464204, 54.463205122606645, 0.0 ], [ 9.428039721320467, 54.463790136802331, 0.0 ], [ 9.427546967874719, 54.464348075596156, 0.0 ], [ 9.427300246163371, 54.465457631916671, 0.0 ], [ 9.426920406289717, 54.46576232156891, 0.0 ], [ 9.426375424648935, 54.468752941373218, 0.0 ], [ 9.426541246011016, 54.468763193983712, 0.0 ] ] ] } },
{ "type": "Feature", "properties": { "layer": "WBK_WEG_BEST" }, "geometry": { "type": "LineString", "coordinates": [ [ 9.426541246011016, 54.468763193983712 ], [ 9.426527847013862, 54.468691469325691 ], [ 9.427111965353514, 54.465830405400744 ], [ 9.427407187699792, 54.465538277800036 ], [ 9.42770213355301, 54.464409412130117 ], [ 9.427919723132543, 54.464069148426574 ], [ 9.42927403838906, 54.462993179392392 ], [ 9.430497548178341, 54.462448150982269 ], [ 9.43026740022994, 54.462428498442442 ], [ 9.429248764297684, 54.462892648148248 ], [ 9.428766428409434, 54.463205122612607 ], [ 9.428039721345508, 54.463790136802807 ], [ 9.427546967838685, 54.464348075592163 ], [ 9.427300246128462, 54.465457631924728 ], [ 9.426920406337526, 54.46576232156545 ], [ 9.426375424696916, 54.468752941371399 ], [ 9.426541246011016, 54.468763193983712 ] ] } },
{ "type": "Feature", "properties": { "layer": "WBK_WEG_BEST" }, "geometry": { "type": "Polygon", "coordinates": [ [ [ 9.422457830621918, 54.475514414469707, 0.0 ], [ 9.422173017085898, 54.475531686389907, 0.0 ], [ 9.425372227141843, 54.472124225504345, 0.0 ], [ 9.425148875693214, 54.472097973730349, 0.0 ], [ 9.425157315386967, 54.472073616436639, 0.0 ], [ 9.425505502122656, 54.47212564325946, 0.0 ], [ 9.422441556451634, 54.475491122624227, 0.0 ], [ 9.422457830621918, 54.475514414469707, 0.0 ] ] ] } },
{ "type": "Feature", "properties": { "layer": "WBK_WEG_BEST" }, "geometry": { "type": "LineString", "coordinates": [ [ 9.422457830621918, 54.475514414469707 ], [ 9.4221730170547, 54.47553168639071 ], [ 9.425372227163189, 54.472124225500622 ], [ 9.425148875688238, 54.472097973726669 ], [ 9.425157315350566, 54.472073616446977 ], [ 9.425505502164144, 54.472125643259922 ], [ 9.422441556441491, 54.475491122610634 ], [ 9.422457830621918, 54.475514414469707 ], [ 9.422457830621918, 54.475514414469707 ] ] } },
{ "type": "Feature", "properties": { "layer": "WBK_WEG_BEST" }, "geometry": { "type": "Polygon", "coordinates": [ [ [ 9.432500064864392, 54.475817278591769, 0.0 ], [ 9.432578120888294, 54.477754390428288, 0.0 ], [ 9.430798726359345, 54.478915349458561, 0.0 ], [ 9.430654069734288, 54.47890609027899, 0.0 ], [ 9.430653535828766, 54.478855323926773, 0.0 ], [ 9.432486966736956, 54.477720355414448, 0.0 ], [ 9.432377917811751, 54.475834692858051, 0.0 ], [ 9.432332404780967, 54.475805126096979, 0.0 ], [ 9.432500064864392, 54.475817278591769, 0.0 ] ] ] } },
{ "type": "Feature", "properties": { "layer": "WBK_WEG_BEST" }, "geometry": { "type": "LineString", "coordinates": [ [ 9.432500064864392, 54.475817278591769 ], [ 9.432578120904699, 54.477754390429745 ], [ 9.430798726326509, 54.478915349456592 ], [ 9.430654069706701, 54.478906090276467 ], [ 9.430653535828757, 54.478855323926545 ], [ 9.432486966781925, 54.477720355417802 ], [ 9.432377917769365, 54.475834692861696 ], [ 9.432332404803621, 54.475805126100049 ], [ 9.432500064864392, 54.475817278591769 ] ] } },
{ "type": "Feature", "properties": { "layer": "WBK_WEG_BEST" }, "geometry": { "type": "Polygon", "coordinates": [ [ [ 9.423793474992561, 54.486263278016345, 0.0 ], [ 9.423772562098849, 54.486193671776292, 0.0 ], [ 9.42917047430389, 54.485627157071974, 0.0 ], [ 9.42894494658394, 54.485851649736489, 0.0 ], [ 9.426488593451682, 54.489207864586007, 0.0 ], [ 9.426469730966494, 54.489119128710747, 0.0 ], [ 9.428868038435162, 54.485802430348954, 0.0 ], [ 9.428859060056322, 54.48578526073269, 0.0 ], [ 9.428772982335751, 54.485751432974098, 0.0 ], [ 9.423793474992561, 54.486263278016345, 0.0 ] ] ] } },
{ "type": "Feature", "properties": { "layer": "WBK_WEG_BEST" }, "geometry": { "type": "LineString", "coordinates": [ [ 9.423793474992561, 54.486263278016345 ], [ 9.42377256212032, 54.486193671771318 ], [ 9.4291704742925, 54.485627157069551 ], [ 9.428944946569807, 54.485851649743402 ], [ 9.426488593490957, 54.489207864584692 ], [ 9.426469730942904, 54.489119128707145 ], [ 9.428868038397777, 54.485802430354262 ], [ 9.428859060068572, 54.48578526073598 ], [ 9.428772982316826, 54.485751432970524 ], [ 9.423793474992561, 54.486263278016345 ] ] } },
{ "type": "Feature", "properties": { "layer": "WBK_WEG_BEST" }, "geometry": { "type": "Polygon", "coordinates": [ [ [ 9.421228924838051, 54.499523041031232, 0.0 ], [ 9.4239641614754, 54.49947081839148, 0.0 ], [ 9.424340133426547, 54.499378206404501, 0.0 ], [ 9.42776521251311, 54.499810146162602, 0.0 ], [ 9.427759606511447, 54.499765009927472, 0.0 ], [ 9.424381069026579, 54.499308465939237, 0.0 ], [ 9.423925129893137, 54.499417523141197, 0.0 ], [ 9.421222125314841, 54.499477517721083, 0.0 ], [ 9.421228924838051, 54.499523041031232, 0.0 ] ] ] } },
{ "type": "Feature", "properties": { "layer": "WBK_WEG_BEST" }, "geometry": { "type": "LineString", "coordinates": [ [ 9.421228924838051, 54.499523041031232 ], [ 9.423964161485134, 54.499470818386357 ], [ 9.424340133400385, 54.499378206405233 ], [ 9.42776521256377, 54.499810146162368 ], [ 9.427759606513417, 54.49976500993472 ], [ 9.424381068972286, 54.499308465937879 ], [ 9.423925129864022, 54.4994175231379 ], [ 9.421222125394049, 54.499477517722845 ], [ 9.421228924838051, 54.499523041031232 ] ] } },
{ "type": "Feature", "properties": { "layer": "WBK_WEG_BEST" }, "geometry": { "type": "Polygon", "coordinates": [ [ [ 9.432764258717917, 54.516277271808264, 0.0 ], [ 9.432743064226969, 54.516341444132763, 0.0 ], [ 9.432533698720517, 54.516574538837162, 0.0 ], [ 9.43138498900599, 54.520535608745519, 0.0 ], [ 9.431195964501894, 54.521002474165279, 0.0 ], [ 9.431115130746685, 54.522553701643176, 0.0 ], [ 9.431382055214359, 54.525080833113883, 0.0 ], [ 9.431219305590737, 54.525095613730933, 0.0 ], [ 9.43098561500724, 54.521264400441346, 0.0 ], [ 9.430670151821753, 54.52119025748798, 0.0 ], [ 9.430669426351335, 54.521121384677606, 0.0 ], [ 9.431016449977349, 54.521120147247075, 0.0 ], [ 9.432430087834581, 54.516262983464074, 0.0 ], [ 9.432764258717917, 54.516277271808264, 0.0 ] ] ] } },
{ "type": "Feature", "properties": { "layer": "WBK_WEG_BEST" }, "geometry": { "type": "LineString", "coordinates": [ [ 9.432764258717917, 54.516277271808264 ], [ 9.432743064244901, 54.516341444137453 ], [ 9.432533698682702, 54.516574538835407 ], [ 9.431384989048755, 54.520535608745504 ], [ 9.431195964507967, 54.521002474165762 ], [ 9.431115130746083, 54.522553701639836 ], [ 9.431382055160734, 54.525080833113122 ], [ 9.431219305652659, 54.52509561373639 ], [ 9.430985614959139, 54.521264400438035 ], [ 9.430670151804758, 54.521190257483504 ], [ 9.430669426351425, 54.521121384684882 ], [ 9.431016449999202, 54.521120147246982 ], [ 9.432430087868214, 54.516262983455327 ], [ 9.432764258717917, 54.516277271808264 ] ] } },
{ "type": "Feature", "properties": { "layer": "WBK_WEG_BEST" }, "geometry": { "type": "Polygon", "coordinates": [ [ [ 9.431382055160734, 54.525080833113122, 0.0 ], [ 9.429938630985106, 54.525169032421438, 0.0 ], [ 9.429937050310357, 54.525258931946802, 0.0 ], [ 9.431209258372744, 54.525217470326702, 0.0 ], [ 9.431617250703596, 54.531347381668468, 0.0 ], [ 9.431813761852794, 54.531337744078606, 0.0 ], [ 9.431382055160734, 54.525080833113122, 0.0 ] ] ] } },
{ "type": "Feature", "properties": { "layer": "WBK_WEG_BEST" }, "geometry": { "type": "LineString", "coordinates": [ [ 9.431382055160734, 54.525080833113122 ], [ 9.429938631049456, 54.525169032420777 ], [ 9.429937050350992, 54.525258931950745 ], [ 9.431209258256388, 54.5252174703229 ], [ 9.431617250785816, 54.53134738166829 ], [ 9.431813761796697, 54.531337744076133 ], [ 9.431382055160734, 54.525080833113122 ] ] } },
{ "type": "Feature", "properties": { "layer": "WBK_WEG_BEST" }, "geometry": { "type": "Polygon", "coordinates": [ [ [ 9.431948695359734, 54.531472241925954, 0.0 ], [ 9.431855553552435, 54.531517052160297, 0.0 ], [ 9.431687269094086, 54.535631171428129, 0.0 ], [ 9.42812072018021, 54.535775970076237, 0.0 ], [ 9.428132301154827, 54.535686498151627, 0.0 ], [ 9.43134315281918, 54.535552001349444, 0.0 ], [ 9.431482386605033, 54.53546733084714, 0.0 ], [ 9.431667403272886, 54.531464611825889, 0.0 ], [ 9.431948695359734, 54.531472241925954, 0.0 ] ] ] } },
{ "type": "Feature", "properties": { "layer": "WBK_WEG_BEST" }, "geometry": { "type": "LineString", "coordinates": [ [ 9.431948695359734, 54.531472241925954 ], [ 9.431855553557002, 54.531517052153369 ], [ 9.431687269080802, 54.535631171425614 ], [ 9.42812072016339, 54.535775970081446 ], [ 9.428132301204906, 54.535686498155314 ], [ 9.431343152783928, 54.535552001351029 ], [ 9.431482386620198, 54.535467330843197 ], [ 9.431667403275595, 54.53146461181931 ], [ 9.431948695359734, 54.531472241925954 ] ] } },
{ "type": "Feature", "properties": { "layer": "WBK_WEG_BEST" }, "geometry": { "type": "Polygon", "coordinates": [ [ [ 9.431711853492525, 54.535632251930728, 0.0 ], [ 9.431587542317788, 54.536919881794212, 0.0 ], [ 9.431300609672615, 54.537021826970893, 0.0 ], [ 9.43048957773213, 54.537009153238216, 0.0 ], [ 9.430216360642104, 54.537047404798635, 0.0 ], [ 9.429494144022264, 54.537334928505885, 0.0 ], [ 9.428902144194344, 54.537987510104905, 0.0 ], [ 9.427040885397474, 54.539507930684202, 0.0 ], [ 9.425497243920187, 54.54015934936848, 0.0 ], [ 9.423411336577953, 54.542716599166177, 0.0 ], [ 9.423399826480994, 54.542783512610463, 0.0 ], [ 9.423185740853784, 54.542748430813752, 0.0 ], [ 9.425376702445915, 54.54012531815934, 0.0 ], [ 9.426919533443401, 54.539436271403332, 0.0 ], [ 9.428771889861352, 54.537914403729161, 0.0 ], [ 9.4293713074431, 54.537260178712152, 0.0 ], [ 9.430250353976849, 54.536901305888186, 0.0 ], [ 9.431294470637573, 54.536928481775021, 0.0 ], [ 9.431391541251919, 54.536888600928954, 0.0 ], [ 9.431434148986661, 54.536782993882895, 0.0 ], [ 9.431522709254191, 54.535637854753773, 0.0 ], [ 9.431711853492525, 54.535632251930728, 0.0 ] ] ] } },
{ "type": "Feature", "properties": { "layer": "WBK_WEG_BEST" }, "geometry": { "type": "LineString", "coordinates": [ [ 9.431711853492525, 54.535632251930728 ], [ 9.431587542283768, 54.536919881793715 ], [ 9.431300609713963, 54.537021826974815 ], [ 9.43048957779212, 54.537009153241392 ], [ 9.430216360555159, 54.537047404794656 ], [ 9.42949414404829, 54.537334928501664 ], [ 9.428902144213001, 54.53798751011098 ], [ 9.427040885352199, 54.539507930680905 ], [ 9.425497243917626, 54.540159349376687 ], [ 9.42341133662311, 54.542716599164173 ], [ 9.423399826477185, 54.542783512603236 ], [ 9.42318574083297, 54.542748430820602 ], [ 9.425376702512777, 54.540125318151034 ], [ 9.42691953342081, 54.53943627141053 ], [ 9.428771889810299, 54.537914403721679 ], [ 9.429371307484969, 54.537260178718128 ], [ 9.430250353915932, 54.536901305884307 ], [ 9.431294470700321, 54.536928481773245 ], [ 9.431391541195412, 54.53688860093208 ], [ 9.43143414901226, 54.536782993892992 ], [ 9.431522709256956, 54.535637854750725 ], [ 9.431711853492525, 54.535632251930728 ] ] } },
{ "type": "Feature", "properties": { "layer": "WBK_WEG_BEST" }, "geometry": { "type": "Polygon", "coordinates": [ [ [ 9.419888512476177, 54.558174402176185, 0.0 ], [ 9.420601423548831, 54.555728432001075, 0.0 ], [ 9.421783054930367, 54.553130485567777, 0.0 ], [ 9.421902987694549, 54.553069786028907, 0.0 ], [ 9.422017183496489, 54.553060665391207, 0.0 ], [ 9.425680827708131, 54.553348094305491, 0.0 ], [ 9.425754787957537, 54.553258882005011, 0.0 ], [ 9.421684528737714, 54.552935944102153, 0.0 ], [ 9.420457881073782, 54.555543442232704, 0.0 ], [ 9.419746003666546, 54.558174456751033, 0.0 ], [ 9.419888512476177, 54.558174402176185, 0.0 ] ] ] } },
{ "type": "Feature", "properties": { "layer": "WBK_WEG_BEST" }, "geometry": { "type": "LineString", "coordinates": [ [ 9.419888512476177, 54.558174402176185 ], [ 9.420601423499997, 54.555728431995462 ], [ 9.421783054950826, 54.553130485569667 ], [ 9.421902987648433, 54.553069786034584 ], [ 9.422017183561628, 54.553060665389786 ], [ 9.425680827742779, 54.553348094291486 ], [ 9.425754787958656, 54.553258882009771 ], [ 9.421684528681853, 54.552935944101122 ], [ 9.420457881069737, 54.555543442233656 ], [ 9.419746003621542, 54.558174456755417 ], [ 9.419888512476177, 54.558174402176185 ] ] } },
{ "type": "Feature", "properties": { "layer": "WBK_WEG_BEST" }, "geometry": { "type": "Polygon", "coordinates": [ [ [ 9.417198272207612, 54.558434151624951, 0.0 ], [ 9.414606435828416, 54.561752824445421, 0.0 ], [ 9.41828502090018, 54.563076144196856, 0.0 ], [ 9.418208471389576, 54.563152163894493, 0.0 ], [ 9.414523471441699, 54.561878029429238, 0.0 ], [ 9.414477153776167, 54.561699392026263, 0.0 ], [ 9.417060340337937, 54.55840096691292, 0.0 ], [ 9.417198272207612, 54.558434151624951, 0.0 ] ] ] } },
{ "type": "Feature", "properties": { "layer": "WBK_WEG_BEST" }, "geometry": { "type": "LineString", "coordinates": [ [ 9.417198272207612, 54.558434151624951 ], [ 9.414606435797905, 54.561752824443978 ], [ 9.418285020920832, 54.563076144196209 ], [ 9.418208471377687, 54.563152163893193 ], [ 9.414523471448915, 54.561878029430297 ], [ 9.414477153786951, 54.561699392032665 ], [ 9.417060340306085, 54.558400966905232 ], [ 9.417198272207612, 54.558434151624951 ] ] } },
{ "type": "Feature", "properties": { "layer": "WBK_WEG_BEST" }, "geometry": { "type": "Polygon", "coordinates": [ [ [ 9.410919593227149, 54.565018637721131, 0.0 ], [ 9.410972876162027, 54.565151051917383, 0.0 ], [ 9.411555365450241, 54.565429210864387, 0.0 ], [ 9.414090822688966, 54.566167176116977, 0.0 ], [ 9.416291987847439, 54.566660510813684, 0.0 ], [ 9.416294517838395, 54.566779670740118, 0.0 ], [ 9.413468782727213, 54.566110071473091, 0.0 ], [ 9.410635832616787, 54.565266800504062, 0.0 ], [ 9.410919593227149, 54.565018637721131, 0.0 ] ] ] } },
{ "type": "Feature", "properties": { "layer": "WBK_WEG_BEST" }, "geometry": { "type": "LineString", "coordinates": [ [ 9.410919593227149, 54.565018637721131 ], [ 9.410972876219583, 54.565151051913674 ], [ 9.411555365379714, 54.565429210863535 ], [ 9.414090822710026, 54.566167176116025 ], [ 9.41629198785609, 54.566660510818444 ], [ 9.416294517825152, 54.566779670734448 ], [ 9.41346878275176, 54.56611007147329 ], [ 9.410635832599835, 54.565266800500396 ], [ 9.410919593227149, 54.565018637721131 ] ] } },
{ "type": "Feature", "properties": { "layer": "WBK_WEG_BEST" }, "geometry": { "type": "Polygon", "coordinates": [ [ [ 9.411618420084155, 54.573172201480546, 0.0 ], [ 9.411605595385359, 54.573274175442968, 0.0 ], [ 9.406554412434234, 54.573055844149835, 0.0 ], [ 9.406428380570746, 54.57313047434269, 0.0 ], [ 9.406392906940571, 54.572949370588738, 0.0 ], [ 9.406529047505741, 54.572987929069519, 0.0 ], [ 9.411618420084155, 54.573172201480546, 0.0 ] ] ] } },
{ "type": "Feature", "properties": { "layer": "WBK_WEG_BEST" }, "geometry": { "type": "LineString", "coordinates": [ [ 9.411618420084155, 54.573172201480546 ], [ 9.411605595399141, 54.57327417544461 ], [ 9.406554412430792, 54.573055844159086 ], [ 9.4064283805385, 54.573130474337205 ], [ 9.40639290698067, 54.572949370589292 ], [ 9.406529047451579, 54.572987929070734 ], [ 9.411618420084155, 54.573172201480546 ] ] } },
{ "type": "Feature", "properties": { "layer": "WBK_WEG_BEST" }, "geometry": { "type": "Polygon", "coordinates": [ [ [ 9.408347356985272, 54.586150127435999, 0.0 ], [ 9.408252526789274, 54.586152568599687, 0.0 ], [ 9.405975248375599, 54.585344832642861, 0.0 ], [ 9.405952514653009, 54.585423001483619, 0.0 ], [ 9.408343913989885, 54.586294632760485, 0.0 ], [ 9.408347356985272, 54.586150127435999, 0.0 ] ] ] } },
{ "type": "Feature", "properties": { "layer": "WBK_WEG_BEST" }, "geometry": { "type": "LineString", "coordinates": [ [ 9.408347356985272, 54.586150127435999 ], [ 9.408252526837408, 54.586152568601037 ], [ 9.405975248323335, 54.58534483263076 ], [ 9.405952514634109, 54.585423001489353 ], [ 9.4083439139836, 54.586294632759902 ], [ 9.408347356985272, 54.586150127435999 ] ] } },
{ "type": "Feature", "properties": { "layer": "WBK_WEG_BEST" }, "geometry": { "type": "MultiLineString", "coordinates": [ [ [ 9.407779526788691, 54.59816221016041, 0.0 ], [ 9.412398607226507, 54.599167802069545, 0.0 ] ], [ [ 9.412398607226507, 54.599167802069545, 0.0 ], [ 9.411659789327457, 54.602418903740968, 0.0 ] ], [ [ 9.411659789327457, 54.602418903740968, 0.0 ], [ 9.411464344058095, 54.602529834005544, 0.0 ] ], [ [ 9.411464344058095, 54.602529834005544, 0.0 ], [ 9.412221375206101, 54.599189205634396, 0.0 ] ], [ [ 9.412221375206101, 54.599189205634396, 0.0 ], [ 9.407755058667716, 54.598191940869611, 0.0 ] ], [ [ 9.407755058667716, 54.598191940869611, 0.0 ], [ 9.407779014536958, 54.598162846855871, 0.0 ] ] ] } },
{ "type": "Feature", "properties": { "layer": "WBK_WEG_BEST" }, "geometry": { "type": "LineString", "coordinates": [ [ 9.407779526788691, 54.59816221016041 ], [ 9.412398607226507, 54.599167802069545 ], [ 9.411667740445131, 54.602439807449635 ], [ 9.411464344058095, 54.602529834005544 ], [ 9.412221375206101, 54.599189205634396 ], [ 9.407755058667716, 54.598191940869611 ], [ 9.407779014555386, 54.598162846848162 ] ] } },
{ "type": "Feature", "properties": { "layer": "WBK_WEG_BEST" }, "geometry": { "type": "MultiLineString", "coordinates": [ [ [ 9.416241816831352, 54.610900277997089, 0.0 ], [ 9.420148405754842, 54.6068715251226, 0.0 ] ], [ [ 9.420148405810178, 54.606871525126195, 0.0 ], [ 9.421290583579669, 54.605881478309016, 0.0 ] ], [ [ 9.421290583549993, 54.605881478307062, 0.0 ], [ 9.421619884721043, 54.605309574118202, 0.0 ] ], [ [ 9.421619884761888, 54.605309574120994, 0.0 ], [ 9.421890933550722, 54.604628095705138, 0.0 ] ], [ [ 9.421890933540451, 54.604628095703269, 0.0 ], [ 9.422248269478972, 54.604363506459769, 0.0 ] ], [ [ 9.422248269452567, 54.60436350644823, 0.0 ], [ 9.423220771468088, 54.604030377908408, 0.0 ] ], [ [ 9.4232207714384, 54.604030377915343, 0.0 ], [ 9.42398924447725, 54.603830870540278, 0.0 ] ], [ [ 9.423989244522948, 54.603830870540286, 0.0 ], [ 9.424432603585071, 54.603530173367851, 0.0 ] ], [ [ 9.424432603574898, 54.60353017336768, 0.0 ], [ 9.42420124755656, 54.603476718304009, 0.0 ] ], [ [ 9.424201247552254, 54.603476718310269, 0.0 ], [ 9.423973955773175, 54.603701969330459, 0.0 ] ], [ [ 9.42397395573758, 54.603701969322721, 0.0 ], [ 9.423801395264972, 54.603780949953318, 0.0 ] ], [ [ 9.423801395291354, 54.603780949955684, 0.0 ], [ 9.422782125034631, 54.604051000509571, 0.0 ] ], [ [ 9.422782125041723, 54.604051000512634, 0.0 ], [ 9.422097123139642, 54.604308197680496, 0.0 ] ], [ [ 9.422097123140237, 54.604308197678129, 0.0 ], [ 9.421708417809551, 54.604635921845805, 0.0 ] ], [ [ 9.421708417818785, 54.604635921845194, 0.0 ], [ 9.421403476879396, 54.605399668297402, 0.0 ] ], [ [ 9.421403476885837, 54.605399668296165, 0.0 ], [ 9.421231361098499, 54.605730316194212, 0.0 ] ], [ [ 9.421231361085193, 54.605730316194247, 0.0 ], [ 9.420479578705452, 54.606431461729542, 0.0 ] ], [ [ 9.420479578703247, 54.606431461734886, 0.0 ], [ 9.419607732448767, 54.607204789397571, 0.0 ] ], [ [ 9.419607732415217, 54.607204789395233, 0.0 ], [ 9.416184279204602, 54.610774769704513, 0.0 ] ], [ [ 9.41618427928193, 54.610774769694238, 0.0 ], [ 9.416241686499241, 54.610900002516495, 0.0 ] ] ] } },
{ "type": "Feature", "properties": { "layer": "WBK_WEG_BEST" }, "geometry": { "type": "LineString", "coordinates": [ [ 9.416241816831352, 54.610900277997089 ], [ 9.420148405810178, 54.606871525126195 ], [ 9.421290583549993, 54.605881478307062 ], [ 9.421619884761888, 54.605309574120994 ], [ 9.421890933540451, 54.604628095703269 ], [ 9.422248269452567, 54.60436350644823 ], [ 9.4232207714384, 54.604030377915343 ], [ 9.423989244522948, 54.603830870540286 ], [ 9.424432603574898, 54.60353017336768 ], [ 9.424201247552254, 54.603476718310269 ], [ 9.42397395573758, 54.603701969322721 ], [ 9.423801395291354, 54.603780949955684 ], [ 9.422782125041723, 54.604051000512634 ], [ 9.422097123140237, 54.604308197678129 ], [ 9.421708417818785, 54.604635921845194 ], [ 9.421403476885837, 54.605399668296165 ], [ 9.421231361085193, 54.605730316194247 ], [ 9.420479578703247, 54.606431461734886 ], [ 9.419607732415217, 54.607204789395233 ], [ 9.41618427928193, 54.610774769694238 ], [ 9.416241686502911, 54.610900002521987 ] ] } },
{ "type": "Feature", "properties": { "layer": "WBK_WEG_BEST" }, "geometry": { "type": "Polygon", "coordinates": [ [ [ 9.416627010199687, 54.614821627752413, 0.0 ], [ 9.421307291658678, 54.615699673928354, 0.0 ], [ 9.420208506484583, 54.61776777857046, 0.0 ], [ 9.42012187077369, 54.617642369307042, 0.0 ], [ 9.421008195919173, 54.615855700008986, 0.0 ], [ 9.420854234581537, 54.615749955453197, 0.0 ], [ 9.416552879922801, 54.614886256237369, 0.0 ], [ 9.416627010199687, 54.614821627752413, 0.0 ] ] ] } },
{ "type": "Feature", "properties": { "layer": "WBK_WEG_BEST" }, "geometry": { "type": "LineString", "coordinates": [ [ 9.416627010199687, 54.614821627752413 ], [ 9.421307291662632, 54.615699673925477 ], [ 9.420208506504949, 54.617767778566908 ], [ 9.420121870782175, 54.617642369311703 ], [ 9.421008195933828, 54.615855700011487 ], [ 9.420854234527582, 54.615749955452145 ], [ 9.416552879926279, 54.61488625623862 ], [ 9.416627010199687, 54.614821627752413 ] ] } },
{ "type": "Feature", "properties": { "layer": "WBK_WEG_BEST" }, "geometry": { "type": "Polygon", "coordinates": [ [ [ 9.425663060332012, 54.620855657921865, 0.0 ], [ 9.420955908415172, 54.623070968970644, 0.0 ], [ 9.420840295213925, 54.622996275909301, 0.0 ], [ 9.425517770747957, 54.620810618455451, 0.0 ], [ 9.425663060332012, 54.620855657921865, 0.0 ] ] ] } },
{ "type": "Feature", "properties": { "layer": "WBK_WEG_BEST" }, "geometry": { "type": "LineString", "coordinates": [ [ 9.425663060332012, 54.620855657921865 ], [ 9.42095590837117, 54.623070968958928 ], [ 9.420840295244128, 54.622996275913664 ], [ 9.425517770719965, 54.620810618452211 ], [ 9.425663060332012, 54.620855657921865 ] ] } },
{ "type": "Feature", "properties": { "layer": "WBK_WEG_BEST" }, "geometry": { "type": "Polygon", "coordinates": [ [ [ 9.417093489189082, 54.639103317980393, 0.0 ], [ 9.417319749307124, 54.638769507677623, 0.0 ], [ 9.417601552233668, 54.638392053238782, 0.0 ], [ 9.417985087242085, 54.637140057000408, 0.0 ], [ 9.41789991915774, 54.637140351195868, 0.0 ], [ 9.417489780316668, 54.638404845470973, 0.0 ], [ 9.416953536558218, 54.639049267416929, 0.0 ], [ 9.417093489189082, 54.639103317980393, 0.0 ] ] ] } },
{ "type": "Feature", "properties": { "layer": "WBK_WEG_BEST" }, "geometry": { "type": "LineString", "coordinates": [ [ 9.417093489189082, 54.639103317980393 ], [ 9.417319749322379, 54.638769507679264 ], [ 9.417601552198816, 54.638392053238015 ], [ 9.41798508726402, 54.637140057001162 ], [ 9.417899919131722, 54.63714035119596 ], [ 9.417489780364201, 54.63840484547238 ], [ 9.416953536539038, 54.639049267413519 ], [ 9.417093489189082, 54.639103317980393 ] ] } },
{ "type": "Feature", "properties": { "layer": "WBK_WEG_BEST" }, "geometry": { "type": "MultiLineString", "coordinates": [ [ [ 9.422828273992915, 54.651324662536261, 0.0 ], [ 9.422078736925817, 54.653148026511481, 0.0 ] ], [ [ 9.422078736973745, 54.653148026518586, 0.0 ], [ 9.420335418590934, 54.656121002387579, 0.0 ] ], [ [ 9.420335418554565, 54.65612100238036, 0.0 ], [ 9.420151936045819, 54.65605534052397, 0.0 ] ], [ [ 9.420151936041345, 54.656055340518435, 0.0 ], [ 9.421897578054011, 54.653158184373403, 0.0 ] ], [ [ 9.421897578028414, 54.653158184375719, 0.0 ], [ 9.422538657598363, 54.651390901414707, 0.0 ] ], [ [ 9.422538657606317, 54.651390901419241, 0.0 ], [ 9.422597896193361, 54.651280455117302, 0.0 ] ], [ [ 9.422597896271377, 54.651280455118517, 0.0 ], [ 9.422815373894695, 54.65131967491746, 0.0 ] ] ] } },
{ "type": "Feature", "properties": { "layer": "WBK_WEG_BEST" }, "geometry": { "type": "LineString", "coordinates": [ [ 9.422828273992915, 54.651324662536261 ], [ 9.422078736973745, 54.653148026518586 ], [ 9.420335418554565, 54.65612100238036 ], [ 9.420151936041345, 54.656055340518435 ], [ 9.421897578028414, 54.653158184375719 ], [ 9.422538657606317, 54.651390901419241 ], [ 9.422597896271377, 54.651280455118517 ], [ 9.422815373871721, 54.65131967491569 ] ] } },
{ "type": "Feature", "properties": { "layer": "WBK_WEG_BEST" }, "geometry": { "type": "LineString", "coordinates": [ [ 9.217849597920782, 54.828552704746237 ], [ 9.218789168989858, 54.82879764784068 ], [ 9.218856429839496, 54.828733949330299 ], [ 9.217882714546592, 54.828498367290535 ], [ 9.217849597920782, 54.828552704746237 ] ] } },
{ "type": "Feature", "properties": { "layer": "WBK_WEG_BEST" }, "geometry": { "type": "Polygon", "coordinates": [ [ [ 9.217849597920782, 54.828552704746237, 0.0 ], [ 9.218789168989858, 54.82879764784068, 0.0 ], [ 9.218856429839496, 54.828733949330299, 0.0 ], [ 9.217882714546592, 54.828498367290535, 0.0 ], [ 9.217849597920782, 54.828552704746237, 0.0 ] ] ] } },
{ "type": "Feature", "properties": { "layer": "WBK_WEG_TEMP" }, "geometry": { "type": "LineString", "coordinates": [ [ 9.423397320148961, 54.440815593974463 ], [ 9.423417716826039, 54.441193995186254 ], [ 9.423295198625217, 54.441585576152868 ], [ 9.423231753490988, 54.441582544394556 ], [ 9.423345433051695, 54.44119936700568 ], [ 9.423332962980499, 54.440804588891659 ], [ 9.423397320148961, 54.440815593974463 ] ] } },
{ "type": "Feature", "properties": { "layer": "WBK_WEG_TEMP" }, "geometry": { "type": "Polygon", "coordinates": [ [ [ 9.423397320148961, 54.440815593974463, 0.0 ], [ 9.423417716861723, 54.441193995185934, 0.0 ], [ 9.423294428141437, 54.441585539329395, 0.0 ], [ 9.423229357107752, 54.441582429876561, 0.0 ], [ 9.423345433056385, 54.441199367006767, 0.0 ], [ 9.423332962982299, 54.440804588884959, 0.0 ], [ 9.423397320148961, 54.440815593974463, 0.0 ] ] ] } },
{ "type": "Feature", "properties": { "layer": "WBK_WEG_TEMP" }, "geometry": { "type": "Polygon", "coordinates": [ [ [ 9.302973058478257, 54.733854948102184 ], [ 9.300081843021314, 54.736581751896217 ], [ 9.300043199234171, 54.736555016936435 ], [ 9.30287196132719, 54.73391515954394 ], [ 9.302945748075871, 54.733846294818683 ], [ 9.30306475177907, 54.733379216511565 ], [ 9.303117556934994, 54.733391196544915 ], [ 9.302973058478257, 54.733854948102184 ] ] ] } },
{ "type": "Feature", "properties": { "layer": "WBK_WEG_TEMP" }, "geometry": { "type": "Polygon", "coordinates": [ [ [ 9.313897478665275, 54.726719466925324, 0.0 ], [ 9.313980501719428, 54.72647489692266, 0.0 ], [ 9.314050023495993, 54.726485183719575, 0.0 ], [ 9.313975337569884, 54.726731791315785, 0.0 ], [ 9.313897478665275, 54.726719466925324, 0.0 ] ] ] } },
{ "type": "Feature", "properties": { "layer": "WBK_WEG_TEMP" }, "geometry": { "type": "LineString", "coordinates": [ [ 9.313897478665275, 54.726719466925324 ], [ 9.313980501719428, 54.72647489692266 ], [ 9.314050023495993, 54.726485183719575 ], [ 9.313975337569884, 54.726731791315785 ], [ 9.313897478665275, 54.726719466925324 ] ] } },
{ "type": "Feature", "properties": { "layer": "WBK_WEG_TEMP" }, "geometry": { "type": "Polygon", "coordinates": [ [ [ 9.335069090341856, 54.718843981033409, 0.0 ], [ 9.332564868611946, 54.72059137682831, 0.0 ], [ 9.332633596250638, 54.72063483984352, 0.0 ], [ 9.335237767167094, 54.718865094868598, 0.0 ], [ 9.335069090341856, 54.718843981033409, 0.0 ] ] ] } },
{ "type": "Feature", "properties": { "layer": "WBK_WEG_TEMP" }, "geometry": { "type": "LineString", "coordinates": [ [ 9.335069090341856, 54.718843981033409 ], [ 9.332564868611946, 54.72059137682831 ], [ 9.332633596250638, 54.72063483984352 ], [ 9.335237767167094, 54.718865094868598 ], [ 9.335069090341856, 54.718843981033409 ] ] } },
{ "type": "Feature", "properties": { "layer": "WBK_WEG_TEMP" }, "geometry": { "type": "Polygon", "coordinates": [ [ [ 9.340399962810787, 54.719427882498707, 0.0 ], [ 9.337260747446093, 54.718809287686618, 0.0 ], [ 9.337324877625583, 54.71878401334591, 0.0 ], [ 9.340390830171334, 54.719387973137877, 0.0 ], [ 9.340399962810787, 54.719427882498707, 0.0 ] ] ] } },
{ "type": "Feature", "properties": { "layer": "WBK_WEG_TEMP" }, "geometry": { "type": "LineString", "coordinates": [ [ 9.340399962810787, 54.719427882498707 ], [ 9.337260747446093, 54.718809287686618 ], [ 9.337324877625583, 54.71878401334591 ], [ 9.340390830171334, 54.719387973137877 ], [ 9.340399962810787, 54.719427882498707 ] ] } },
{ "type": "Feature", "properties": { "layer": "WBK_WEG_TEMP" }, "geometry": { "type": "Polygon", "coordinates": [ [ [ 9.336078138597635, 54.719135428655335, 0.0 ], [ 9.336354897178966, 54.719010961815542, 0.0 ], [ 9.336265975904011, 54.718999683377504, 0.0 ], [ 9.336037845997918, 54.719113594598767, 0.0 ], [ 9.336078138597635, 54.719135428655335, 0.0 ] ] ] } },
{ "type": "Feature", "properties": { "layer": "WBK_WEG_TEMP" }, "geometry": { "type": "LineString", "coordinates": [ [ 9.336078138597635, 54.719135428655335 ], [ 9.336354897178966, 54.719010961815542 ], [ 9.336265975904011, 54.718999683377504 ], [ 9.336037845997918, 54.719113594598767 ], [ 9.336078138597635, 54.719135428655335 ] ] } },
{ "type": "Feature", "properties": { "layer": "WBK_WEG_TEMP" }, "geometry": { "type": "Polygon", "coordinates": [ [ [ 9.340967965449314, 54.715153533543045, 0.0 ], [ 9.341403938571267, 54.715568395270033, 0.0 ], [ 9.341953050903719, 54.716510538622394, 0.0 ], [ 9.341751478738539, 54.71660006074783, 0.0 ], [ 9.341701325160264, 54.716562222228383, 0.0 ], [ 9.341878461205784, 54.716483533237422, 0.0 ], [ 9.34132474403425, 54.71558037748688, 0.0 ], [ 9.340864213322314, 54.715160336631541, 0.0 ], [ 9.340967965449314, 54.715153533543045, 0.0 ] ] ] } },
{ "type": "Feature", "properties": { "layer": "WBK_WEG_TEMP" }, "geometry": { "type": "LineString", "coordinates": [ [ 9.340967965449314, 54.715153533543045 ], [ 9.341403938571267, 54.715568395270033 ], [ 9.341953050903719, 54.716510538622394 ], [ 9.341751478738539, 54.71660006074783 ], [ 9.341701325160264, 54.716562222228383 ], [ 9.341878461205784, 54.716483533237422 ], [ 9.34132474403425, 54.71558037748688 ], [ 9.340864213322314, 54.715160336631541 ], [ 9.340967965449314, 54.715153533543045 ] ] } },
{ "type": "Feature", "properties": { "layer": "WBK_WEG_TEMP" }, "geometry": { "type": "Polygon", "coordinates": [ [ [ 9.349983672663573, 54.713328437680751, 0.0 ], [ 9.347964265798517, 54.714244185106431, 0.0 ], [ 9.347432305773328, 54.71407681526135, 0.0 ], [ 9.347500189091637, 54.71404660123418, 0.0 ], [ 9.347968460333185, 54.714193871161108, 0.0 ], [ 9.349934497403822, 54.713272456589969, 0.0 ], [ 9.349983672663573, 54.713328437680751, 0.0 ] ] ] } },
{ "type": "Feature", "properties": { "layer": "WBK_WEG_TEMP" }, "geometry": { "type": "LineString", "coordinates": [ [ 9.349983672663573, 54.713328437680751 ], [ 9.347964265798517, 54.714244185106431 ], [ 9.347432305773328, 54.71407681526135 ], [ 9.347500189091637, 54.71404660123418 ], [ 9.347968460333185, 54.714193871161108 ], [ 9.349934497403822, 54.713272456589969 ], [ 9.349983672663573, 54.713328437680751 ] ] } },
{ "type": "Feature", "properties": { "layer": "WBK_WEG_TEMP" }, "geometry": { "type": "Polygon", "coordinates": [ [ [ 9.354182697818519, 54.712106548327725, 0.0 ], [ 9.353375899113432, 54.712203922034945, 0.0 ], [ 9.351576019796447, 54.712236478603508, 0.0 ], [ 9.35152615996299, 54.712198855190273, 0.0 ], [ 9.353367835678783, 54.712163942360618, 0.0 ], [ 9.354148288779022, 54.712065550712005, 0.0 ], [ 9.354182697818519, 54.712106548327725, 0.0 ] ] ] } },
{ "type": "Feature", "properties": { "layer": "WBK_WEG_TEMP" }, "geometry": { "type": "LineString", "coordinates": [ [ 9.354182697818519, 54.712106548327725 ], [ 9.353375899113432, 54.712203922034945 ], [ 9.351576019796447, 54.712236478603508 ], [ 9.35152615996299, 54.712198855190273 ], [ 9.353367835678783, 54.712163942360618 ], [ 9.354148288779022, 54.712065550712005 ], [ 9.354182697818519, 54.712106548327725 ] ] } },
{ "type": "Feature", "properties": { "layer": "WBK_WEG_TEMP" }, "geometry": { "type": "Polygon", "coordinates": [ [ [ 9.355646220327095, 54.707753849379671, 0.0 ], [ 9.356776393618144, 54.707976111395773, 0.0 ], [ 9.357066334596112, 54.708265420587729, 0.0 ], [ 9.357617521317229, 54.708619728628065, 0.0 ], [ 9.35779460197578, 54.708994484685022, 0.0 ], [ 9.358520538442395, 54.709150009967615, 0.0 ], [ 9.358338788585764, 54.710068416985614, 0.0 ], [ 9.358111538310609, 54.710069089317862, 0.0 ], [ 9.357105000416254, 54.709551874487552, 0.0 ], [ 9.357028609563606, 54.70958131546805, 0.0 ], [ 9.358049122278318, 54.710122822809311, 0.0 ], [ 9.358451629626181, 54.71012163188658, 0.0 ], [ 9.358617586198136, 54.709106938989983, 0.0 ], [ 9.357931716206846, 54.708961264373606, 0.0 ], [ 9.357724549521283, 54.708586677901152, 0.0 ], [ 9.357126268850925, 54.708213030281435, 0.0 ], [ 9.356935386768809, 54.707926245939674, 0.0 ], [ 9.3557888672359, 54.707714653237403, 0.0 ], [ 9.355646220327095, 54.707753849379671, 0.0 ] ] ] } },
{ "type": "Feature", "properties": { "layer": "WBK_WEG_TEMP" }, "geometry": { "type": "LineString", "coordinates": [ [ 9.355646220327095, 54.707753849379671 ], [ 9.356776393618144, 54.707976111395773 ], [ 9.357066334596112, 54.708265420587729 ], [ 9.357617521317229, 54.708619728628065 ], [ 9.35779460197578, 54.708994484685022 ], [ 9.358520538442395, 54.709150009967615 ], [ 9.358338788585764, 54.710068416985614 ], [ 9.358111538310609, 54.710069089317862 ], [ 9.357105000416254, 54.709551874487552 ], [ 9.357028609563606, 54.70958131546805 ], [ 9.358049122278318, 54.710122822809311 ], [ 9.358451629626181, 54.71012163188658 ], [ 9.358617586198136, 54.709106938989983 ], [ 9.357931716206846, 54.708961264373606 ], [ 9.357724549521283, 54.708586677901152 ], [ 9.357126268850925, 54.708213030281435 ], [ 9.356935386768809, 54.707926245939674 ], [ 9.3557888672359, 54.707714653237403 ], [ 9.355646220327095, 54.707753849379671 ] ] } },
{ "type": "Feature", "properties": { "layer": "WBK_WEG_TEMP" }, "geometry": { "type": "Polygon", "coordinates": [ [ [ 9.36923640338375, 54.700320336261768, 0.0 ], [ 9.371165879781838, 54.701817712485024, 0.0 ], [ 9.371203673448186, 54.702053407931452, 0.0 ], [ 9.371204939855302, 54.70219194335229, 0.0 ], [ 9.372382045941128, 54.702987939840384, 0.0 ], [ 9.372340354651937, 54.703006550223947, 0.0 ], [ 9.371157264493521, 54.702205459884446, 0.0 ], [ 9.371125308530337, 54.701827489365492, 0.0 ], [ 9.369206429983857, 54.700345009976608, 0.0 ], [ 9.36923640338375, 54.700320336261768, 0.0 ] ] ] } },
{ "type": "Feature", "properties": { "layer": "WBK_WEG_TEMP" }, "geometry": { "type": "LineString", "coordinates": [ [ 9.36923640338375, 54.700320336261768 ], [ 9.371165879781838, 54.701817712485024 ], [ 9.371203673448186, 54.702053407931452 ], [ 9.371204939855302, 54.70219194335229 ], [ 9.372382045941128, 54.702987939840384 ], [ 9.372340354651937, 54.703006550223947 ], [ 9.371157264493521, 54.702205459884446 ], [ 9.371125308530337, 54.701827489365492 ], [ 9.369206429983857, 54.700345009976608 ], [ 9.36923640338375, 54.700320336261768 ] ] } },
{ "type": "Feature", "properties": { "layer": "WBK_WEG_TEMP" }, "geometry": { "type": "Polygon", "coordinates": [ [ [ 9.379361331206844, 54.696454194668789, 0.0 ], [ 9.381157144114862, 54.697608202049686, 0.0 ], [ 9.382835244503159, 54.69833880737572, 0.0 ], [ 9.382639455813266, 54.698427503849693, 0.0 ], [ 9.382609538318826, 54.698405350630793, 0.0 ], [ 9.382770839121834, 54.698332277947443, 0.0 ], [ 9.381116051121341, 54.697618285276477, 0.0 ], [ 9.379298677417285, 54.696450436750467, 0.0 ], [ 9.379361331206844, 54.696454194668789, 0.0 ] ] ] } },
{ "type": "Feature", "properties": { "layer": "WBK_WEG_TEMP" }, "geometry": { "type": "LineString", "coordinates": [ [ 9.379361331206844, 54.696454194668789 ], [ 9.381157144114862, 54.697608202049686 ], [ 9.382835244503159, 54.69833880737572 ], [ 9.382639455813266, 54.698427503849693 ], [ 9.382609538318826, 54.698405350630793 ], [ 9.382770839121834, 54.698332277947443 ], [ 9.381116051121341, 54.697618285276477 ], [ 9.379298677417285, 54.696450436750467 ], [ 9.379361331206844, 54.696454194668789 ] ] } },
{ "type": "Feature", "properties": { "layer": "WBK_WEG_TEMP" }, "geometry": { "type": "Polygon", "coordinates": [ [ [ 9.38937342525918, 54.69433687861963, 0.0 ], [ 9.387934418995352, 54.696070172385916, 0.0 ], [ 9.387894975772854, 54.696004106526139, 0.0 ], [ 9.389290119792323, 54.694331478991025, 0.0 ], [ 9.38937342525918, 54.69433687861963, 0.0 ] ] ] } },
{ "type": "Feature", "properties": { "layer": "WBK_WEG_TEMP" }, "geometry": { "type": "LineString", "coordinates": [ [ 9.38937342525918, 54.69433687861963 ], [ 9.387934418995352, 54.696070172385916 ], [ 9.387894975772854, 54.696004106526139 ], [ 9.389290119792323, 54.694331478991025 ], [ 9.38937342525918, 54.69433687861963 ] ] } },
{ "type": "Feature", "properties": { "layer": "WBK_WEG_TEMP" }, "geometry": { "type": "Polygon", "coordinates": [ [ [ 9.39364860571931, 54.692671012564247, 0.0 ], [ 9.39340028869371, 54.693690963480421, 0.0 ], [ 9.393458416797072, 54.693665163618348, 0.0 ], [ 9.393741009229261, 54.692673212738832, 0.0 ], [ 9.39364860571931, 54.692671012564247, 0.0 ] ] ] } },
{ "type": "Feature", "properties": { "layer": "WBK_WEG_TEMP" }, "geometry": { "type": "LineString", "coordinates": [ [ 9.39364860571931, 54.692671012564247 ], [ 9.39340028869371, 54.693690963480421 ], [ 9.393458416797072, 54.693665163618348 ], [ 9.393741009229261, 54.692673212738832 ], [ 9.39364860571931, 54.692671012564247 ] ] } },
{ "type": "Feature", "properties": { "layer": "WBK_WEG_TEMP" }, "geometry": { "type": "MultiLineString", "coordinates": [ [ [ 9.403315906575038, 54.68877202960789, 0.0 ], [ 9.403692811078876, 54.689056133442094, 0.0 ] ], [ [ 9.403692811078876, 54.689056133442094, 0.0 ], [ 9.403645915187084, 54.689056289806814, 0.0 ] ], [ [ 9.403645915187084, 54.689056289806814, 0.0 ], [ 9.403308956418073, 54.688814183301488, 0.0 ] ], [ [ 9.403308956418073, 54.688814183301488, 0.0 ], [ 9.403308570414463, 54.688775295905025, 0.0 ] ] ] } },
{ "type": "Feature", "properties": { "layer": "WBK_WEG_TEMP" }, "geometry": { "type": "LineString", "coordinates": [ [ 9.403315906575038, 54.68877202960789 ], [ 9.403692811078876, 54.689056133442094 ], [ 9.403645915187084, 54.689056289806814 ], [ 9.403308956418073, 54.688814183301488 ], [ 9.403308570414463, 54.688775295905025 ] ] } },
{ "type": "Feature", "properties": { "layer": "WBK_WEG_TEMP" }, "geometry": { "type": "Polygon", "coordinates": [ [ [ 9.418332696153886, 54.670054724921229, 0.0 ], [ 9.419752382482773, 54.669418573742817, 0.0 ], [ 9.419802090270329, 54.668686674106226, 0.0 ], [ 9.419616897931187, 54.668535242531213, 0.0 ], [ 9.419796368844302, 54.668336125969432, 0.0 ], [ 9.419736103473829, 54.668334748287201, 0.0 ], [ 9.419542288016677, 54.668570093215841, 0.0 ], [ 9.419755488887441, 54.668699031819635, 0.0 ], [ 9.419702171469007, 54.669407982711689, 0.0 ], [ 9.418325334334334, 54.670000915273434, 0.0 ], [ 9.418288444121156, 54.670030540284074, 0.0 ], [ 9.418332696153886, 54.670054724921229, 0.0 ] ] ] } },
{ "type": "Feature", "properties": { "layer": "WBK_WEG_TEMP" }, "geometry": { "type": "LineString", "coordinates": [ [ 9.418332696153886, 54.670054724921229 ], [ 9.419752382482773, 54.669418573742817 ], [ 9.419802090270329, 54.668686674106226 ], [ 9.419616897931187, 54.668535242531213 ], [ 9.419796368844302, 54.668336125969432 ], [ 9.419736103473829, 54.668334748287201 ], [ 9.419542288016677, 54.668570093215841 ], [ 9.419755488887441, 54.668699031819635 ], [ 9.419702171469007, 54.669407982711689 ], [ 9.418325334334334, 54.670000915273434 ], [ 9.418288444121156, 54.670030540284074 ], [ 9.418332696153886, 54.670054724921229 ] ] } },
{ "type": "Feature", "properties": { "layer": "WBK_WEG_TEMP" }, "geometry": { "type": "Polygon", "coordinates": [ [ [ 9.414377896335425, 54.666701185080811, 0.0 ], [ 9.414377770474628, 54.667159743451236, 0.0 ], [ 9.414483686120256, 54.667317532736206, 0.0 ], [ 9.415117433673075, 54.667652577272307, 0.0 ], [ 9.415282802914575, 54.668500753216236, 0.0 ], [ 9.415408123162912, 54.668729175212654, 0.0 ], [ 9.415517402723756, 54.668844371969485, 0.0 ], [ 9.416457505715297, 54.669366992928246, 0.0 ], [ 9.417073047947305, 54.669675996324742, 0.0 ], [ 9.417269097685265, 54.669734647815929, 0.0 ], [ 9.41740991635371, 54.669748132241487, 0.0 ], [ 9.418278785759, 54.67002650014998, 0.0 ], [ 9.418332696153886, 54.670054724921229, 0.0 ], [ 9.418459899247427, 54.67014768740917, 0.0 ], [ 9.419596966598437, 54.670600844255794, 0.0 ], [ 9.419572449175931, 54.670661214388666, 0.0 ], [ 9.419356773952776, 54.670593283725296, 0.0 ], [ 9.41919344907142, 54.670500699998776, 0.0 ], [ 9.418947197361339, 54.670368020362467, 0.0 ], [ 9.418474779753669, 54.670235816495939, 0.0 ], [ 9.418381928846474, 54.670199708139918, 0.0 ], [ 9.418198239949986, 54.670031640381637, 0.0 ], [ 9.41761637411876, 54.669833496508886, 0.0 ], [ 9.41736074583789, 54.66979227502167, 0.0 ], [ 9.417087956469111, 54.669723598106259, 0.0 ], [ 9.416573937088348, 54.669491186997838, 0.0 ], [ 9.416477904582766, 54.669437533014559, 0.0 ], [ 9.416398338714776, 54.669417145817121, 0.0 ], [ 9.41557468695267, 54.668990778995443, 0.0 ], [ 9.415345025642313, 54.66881199956206, 0.0 ], [ 9.41516294074391, 54.668487962611437, 0.0 ], [ 9.415041777873617, 54.667862960041163, 0.0 ], [ 9.414979852316065, 54.667702009826478, 0.0 ], [ 9.414851130973462, 54.667612505173821, 0.0 ], [ 9.414671036907471, 54.667534954280768, 0.0 ], [ 9.414251284129769, 54.667279253196874, 0.0 ], [ 9.41424663975169, 54.666753699215285, 0.0 ], [ 9.414377896335425, 54.666701185080811, 0.0 ] ] ] } },
{ "type": "Feature", "properties": { "layer": "WBK_WEG_TEMP" }, "geometry": { "type": "LineString", "coordinates": [ [ 9.414377896335425, 54.666701185080811 ], [ 9.414377770474628, 54.667159743451236 ], [ 9.414483686120256, 54.667317532736206 ], [ 9.415117433673075, 54.667652577272307 ], [ 9.415282802914575, 54.668500753216236 ], [ 9.415408123162912, 54.668729175212654 ], [ 9.415517402723756, 54.668844371969485 ], [ 9.416457505715297, 54.669366992928246 ], [ 9.417073047947305, 54.669675996324742 ], [ 9.417269097685265, 54.669734647815929 ], [ 9.41740991635371, 54.669748132241487 ], [ 9.418278785759, 54.67002650014998 ], [ 9.418332696153886, 54.670054724921229 ], [ 9.418459899247427, 54.67014768740917 ], [ 9.419596966598437, 54.670600844255794 ], [ 9.419596966598437, 54.670600844255794 ], [ 9.419596966598437, 54.670600844255794 ], [ 9.419596966598437, 54.670600844255794 ], [ 9.419596966598437, 54.670600844255794 ], [ 9.419572449175931, 54.670661214388666 ], [ 9.419356773952776, 54.670593283725296 ], [ 9.41919344907142, 54.670500699998776 ], [ 9.418947197361339, 54.670368020362467 ], [ 9.418474779753669, 54.670235816495939 ], [ 9.418381928846474, 54.670199708139918 ], [ 9.418198239949986, 54.670031640381637 ], [ 9.41761637411876, 54.669833496508886 ], [ 9.41736074583789, 54.66979227502167 ], [ 9.417087956469111, 54.669723598106259 ], [ 9.416573937088348, 54.669491186997838 ], [ 9.416477904582766, 54.669437533014559 ], [ 9.416398338714776, 54.669417145817121 ], [ 9.41557468695267, 54.668990778995443 ], [ 9.415345025642313, 54.66881199956206 ], [ 9.41516294074391, 54.668487962611437 ], [ 9.415041777873617, 54.667862960041163 ], [ 9.414979852316065, 54.667702009826478 ], [ 9.414851130973462, 54.667612505173821 ], [ 9.414671036907471, 54.667534954280768 ], [ 9.414251284129769, 54.667279253196874 ], [ 9.41424663975169, 54.666753699215285 ], [ 9.414377896335425, 54.666701185080811 ] ] } },
{ "type": "Feature", "properties": { "layer": "WBK_WEG_TEMP" }, "geometry": { "type": "Polygon", "coordinates": [ [ [ 9.420673878802857, 54.664271427290075, 0.0 ], [ 9.420076093515179, 54.664659860812598, 0.0 ], [ 9.420130345958059, 54.664659274785592, 0.0 ], [ 9.420757028802591, 54.664259357632332, 0.0 ], [ 9.420673878802857, 54.664271427290075, 0.0 ] ] ] } },
{ "type": "Feature", "properties": { "layer": "WBK_WEG_TEMP" }, "geometry": { "type": "LineString", "coordinates": [ [ 9.420673878802857, 54.664271427290075 ], [ 9.420076093515179, 54.664659860812598 ], [ 9.420130345958059, 54.664659274785592 ], [ 9.420757028802591, 54.664259357632332 ], [ 9.420673878802857, 54.664271427290075 ] ] } },
{ "type": "Feature", "properties": { "layer": "WBK_WEG_TEMP" }, "geometry": { "type": "Polygon", "coordinates": [ [ [ 9.420364400462402, 54.660421869892893, 0.0 ], [ 9.420374421177165, 54.660274404299649, 0.0 ], [ 9.420419266260744, 54.660275428454511, 0.0 ], [ 9.420414068466433, 54.660429958380107, 0.0 ], [ 9.420364400462402, 54.660421869892893, 0.0 ] ] ] } },
{ "type": "Feature", "properties": { "layer": "WBK_WEG_TEMP" }, "geometry": { "type": "LineString", "coordinates": [ [ 9.420364400462402, 54.660421869892893 ], [ 9.420374421177165, 54.660274404299649 ], [ 9.420419266260744, 54.660275428454511 ], [ 9.420414068466433, 54.660429958380107 ], [ 9.420364400462402, 54.660421869892893 ] ] } },
{ "type": "Feature", "properties": { "layer": "WBK_WEG_TEMP" }, "geometry": { "type": "Polygon", "coordinates": [ [ [ 9.420345946816745, 54.656080845789937, 0.0 ], [ 9.420617236984347, 54.656704660078042, 0.0 ], [ 9.420556315981264, 54.656703267182621, 0.0 ], [ 9.420324890340911, 54.656161158969397, 0.0 ], [ 9.420345946816745, 54.656080845789937, 0.0 ] ] ] } },
{ "type": "Feature", "properties": { "layer": "WBK_WEG_TEMP" }, "geometry": { "type": "LineString", "coordinates": [ [ 9.420345946816745, 54.656080845789937 ], [ 9.420617236984347, 54.656704660078042 ], [ 9.420556315981264, 54.656703267182621 ], [ 9.420324890340911, 54.656161158969397 ], [ 9.420345946816745, 54.656080845789937 ] ] } },
{ "type": "Feature", "properties": { "layer": "WBK_WEG_TEMP" }, "geometry": { "type": "Polygon", "coordinates": [ [ [ 9.422235837998459, 54.652210356248304, 0.0 ], [ 9.420925035268702, 54.652180410097742, 0.0 ], [ 9.420923126382624, 54.652227678032197, 0.0 ], [ 9.422223633707429, 54.652245330047791, 0.0 ], [ 9.422235837998459, 54.652210356248304, 0.0 ] ] ] } },
{ "type": "Feature", "properties": { "layer": "WBK_WEG_TEMP" }, "geometry": { "type": "LineString", "coordinates": [ [ 9.422235837998459, 54.652210356248304 ], [ 9.420925035268702, 54.652180410097742 ], [ 9.420923126382624, 54.652227678032197 ], [ 9.422223633707429, 54.652245330047791 ], [ 9.422235837998459, 54.652210356248304 ] ] } },
{ "type": "Feature", "properties": { "layer": "WBK_WEG_TEMP" }, "geometry": { "type": "Polygon", "coordinates": [ [ [ 9.42237178593272, 54.649821720531826, 0.0 ], [ 9.421135811993603, 54.648652474200702, 0.0 ], [ 9.42118977462385, 54.648655654167591, 0.0 ], [ 9.422482619499087, 54.649804656066038, 0.0 ], [ 9.42237178593272, 54.649821720531826, 0.0 ] ] ] } },
{ "type": "Feature", "properties": { "layer": "WBK_WEG_TEMP" }, "geometry": { "type": "LineString", "coordinates": [ [ 9.42237178593272, 54.649821720531826 ], [ 9.421135811993603, 54.648652474200702 ], [ 9.42118977462385, 54.648655654167591 ], [ 9.422482619499087, 54.649804656066038 ], [ 9.42237178593272, 54.649821720531826 ] ] } },
{ "type": "Feature", "properties": { "layer": "WBK_WEG_TEMP" }, "geometry": { "type": "Polygon", "coordinates": [ [ [ 9.421640957429922, 54.646099543365899, 0.0 ], [ 9.421370156532268, 54.645632323328392, 0.0 ], [ 9.421466822090071, 54.644208784379579, 0.0 ], [ 9.421524652881073, 54.64421010021529, 0.0 ], [ 9.421435788908976, 54.645636760394268, 0.0 ], [ 9.421697723148034, 54.646097121067982, 0.0 ], [ 9.421640957429922, 54.646099543365899, 0.0 ] ] ] } },
{ "type": "Feature", "properties": { "layer": "WBK_WEG_TEMP" }, "geometry": { "type": "LineString", "coordinates": [ [ 9.421640957429922, 54.646099543365899 ], [ 9.421370156532268, 54.645632323328392 ], [ 9.421466822090071, 54.644208784379579 ], [ 9.421524652881073, 54.64421010021529 ], [ 9.421435788908976, 54.645636760394268 ], [ 9.421697723148034, 54.646097121067982 ], [ 9.421640957429922, 54.646099543365899 ] ] } },
{ "type": "Feature", "properties": { "layer": "WBK_WEG_TEMP" }, "geometry": { "type": "Polygon", "coordinates": [ [ [ 9.420507108254053, 54.642616811389075, 0.0 ], [ 9.420867912263853, 54.64250406468657, 0.0 ], [ 9.420917007388207, 54.642474695263367, 0.0 ], [ 9.4209739203931, 54.642465609157156, 0.0 ], [ 9.421707628689875, 54.640667335273086, 0.0 ], [ 9.421751042706816, 54.640668326921357, 0.0 ], [ 9.420998964348357, 54.642485333601563, 0.0 ], [ 9.420940627293207, 54.64249617283398, 0.0 ], [ 9.420911540267275, 54.642515416247186, 0.0 ], [ 9.420788642797868, 54.64256193692372, 0.0 ], [ 9.420549269468539, 54.642634498400724, 0.0 ], [ 9.420507108254053, 54.642616811389075, 0.0 ] ] ] } },
{ "type": "Feature", "properties": { "layer": "WBK_WEG_TEMP" }, "geometry": { "type": "LineString", "coordinates": [ [ 9.420507108254053, 54.642616811389075 ], [ 9.420867912263853, 54.64250406468657 ], [ 9.420917007388207, 54.642474695263367 ], [ 9.4209739203931, 54.642465609157156 ], [ 9.421707628689875, 54.640667335273086 ], [ 9.421751042706816, 54.640668326921357 ], [ 9.420998964348357, 54.642485333601563 ], [ 9.420940627293207, 54.64249617283398 ], [ 9.420911540267275, 54.642515416247186 ], [ 9.420788642797868, 54.64256193692372 ], [ 9.420549269468539, 54.642634498400724 ], [ 9.420507108254053, 54.642616811389075 ] ] } },
{ "type": "Feature", "properties": { "layer": "WBK_WEG_TEMP" }, "geometry": { "type": "MultiLineString", "coordinates": [ [ [ 9.422404524414691, 54.630409302938737, 0.0 ], [ 9.422258226732493, 54.632562167630837, 0.0 ] ], [ [ 9.422258226732493, 54.632562167630837, 0.0 ], [ 9.422346551557066, 54.632579256216694, 0.0 ] ], [ [ 9.422346551557066, 54.632579256216694, 0.0 ], [ 9.422509043886084, 54.630417112808978, 0.0 ] ], [ [ 9.422509043886084, 54.630417112808978, 0.0 ], [ 9.422404156841374, 54.630414715962161, 0.0 ] ] ] } },
{ "type": "Feature", "properties": { "layer": "WBK_WEG_TEMP" }, "geometry": { "type": "LineString", "coordinates": [ [ 9.422404524414691, 54.630409302938737 ], [ 9.422258226732493, 54.632562167630837 ], [ 9.422346551557066, 54.632579256216694 ], [ 9.422509043886084, 54.630417112808978 ], [ 9.422404156841374, 54.630414715962161 ] ] } },
{ "type": "Feature", "properties": { "layer": "WBK_WEG_TEMP" }, "geometry": { "type": "Polygon", "coordinates": [ [ [ 9.42339590465731, 54.629916061260133, 0.0 ], [ 9.42244310618719, 54.62984059123287, 0.0 ], [ 9.422445347977387, 54.629808034423192, 0.0 ], [ 9.423400791852526, 54.629876732812157, 0.0 ], [ 9.42339590465731, 54.629916061260133, 0.0 ] ] ] } },
{ "type": "Feature", "properties": { "layer": "WBK_WEG_TEMP" }, "geometry": { "type": "LineString", "coordinates": [ [ 9.42339590465731, 54.629916061260133 ], [ 9.42244310618719, 54.62984059123287 ], [ 9.422445347977387, 54.629808034423192 ], [ 9.423400791852526, 54.629876732812157 ], [ 9.42339590465731, 54.629916061260133 ] ] } },
{ "type": "Feature", "properties": { "layer": "WBK_WEG_TEMP" }, "geometry": { "type": "Polygon", "coordinates": [ [ [ 9.423426079080039, 54.630343404503705, 0.0 ], [ 9.424110561497814, 54.625626270495857, 0.0 ], [ 9.42289788289785, 54.625584235499055, 0.0 ], [ 9.422727178272508, 54.625658036217594, 0.0 ], [ 9.422723433208754, 54.625713848315947, 0.0 ], [ 9.422908023826196, 54.625617488849358, 0.0 ], [ 9.423949880175922, 54.625663996749829, 0.0 ], [ 9.423366698682196, 54.630344727964193, 0.0 ], [ 9.423426079080039, 54.630343404503705, 0.0 ] ] ] } },
{ "type": "Feature", "properties": { "layer": "WBK_WEG_TEMP" }, "geometry": { "type": "LineString", "coordinates": [ [ 9.423426079080039, 54.630343404503705 ], [ 9.423426079080039, 54.630343404503705 ], [ 9.424110561497814, 54.625626270495857 ], [ 9.42289788289785, 54.625584235499055 ], [ 9.422727178272508, 54.625658036217594 ], [ 9.422723433208754, 54.625713848315947 ], [ 9.422908023826196, 54.625617488849358 ], [ 9.423949880175922, 54.625663996749829 ], [ 9.423366698682196, 54.630344727964193 ], [ 9.423366698682196, 54.630344727964193 ], [ 9.423426079080039, 54.630343404503705 ] ] } },
{ "type": "Feature", "properties": { "layer": "WBK_WEG_TEMP" }, "geometry": { "type": "Polygon", "coordinates": [ [ [ 9.423194444475039, 54.621923225033967, 0.0 ], [ 9.422693045463804, 54.621620993070891, 0.0 ], [ 9.422755709382239, 54.621613661002179, 0.0 ], [ 9.423228720721228, 54.621903802785624, 0.0 ], [ 9.423194444475039, 54.621923225033967, 0.0 ] ] ] } },
{ "type": "Feature", "properties": { "layer": "WBK_WEG_TEMP" }, "geometry": { "type": "LineString", "coordinates": [ [ 9.423194444475039, 54.621923225033967 ], [ 9.422693045463804, 54.621620993070891 ], [ 9.422755709382239, 54.621613661002179 ], [ 9.423228720721228, 54.621903802785624 ], [ 9.423194444475033, 54.621923225033967 ] ] } },
{ "type": "Feature", "properties": { "layer": "WBK_WEG_TEMP" }, "geometry": { "type": "Polygon", "coordinates": [ [ [ 9.41818180906087, 54.615128776603321, 0.0 ], [ 9.418562435669468, 54.614247139710088, 0.0 ], [ 9.418512408633934, 54.614259235907028, 0.0 ], [ 9.418126301883881, 54.615118061603596, 0.0 ], [ 9.41818180906087, 54.615128776603321, 0.0 ] ] ] } },
{ "type": "Feature", "properties": { "layer": "WBK_WEG_TEMP" }, "geometry": { "type": "LineString", "coordinates": [ [ 9.41818180906087, 54.615128776603321 ], [ 9.418562435669468, 54.614247139710088 ], [ 9.418512408633934, 54.614259235907028 ], [ 9.418126301883881, 54.615118061603596 ], [ 9.41818180906087, 54.615128776603321 ] ] } },
{ "type": "Feature", "properties": { "layer": "WBK_WEG_TEMP" }, "geometry": { "type": "Polygon", "coordinates": [ [ [ 9.418462148792788, 54.608395412963716, 0.0 ], [ 9.414652963736948, 54.607470036085111, 0.0 ], [ 9.414666899504795, 54.607500432051971, 0.0 ], [ 9.418437204531893, 54.608421548173069, 0.0 ], [ 9.418462148792788, 54.608395412963716, 0.0 ] ] ] } },
{ "type": "Feature", "properties": { "layer": "WBK_WEG_TEMP" }, "geometry": { "type": "LineString", "coordinates": [ [ 9.418462148792788, 54.608395412963716 ], [ 9.414652963736948, 54.607470036085111 ], [ 9.414666899504795, 54.607500432051971 ], [ 9.418437204531893, 54.608421548173069 ], [ 9.418462148792788, 54.608395412963716 ] ] } },
{ "type": "Feature", "properties": { "layer": "WBK_WEG_TEMP" }, "geometry": { "type": "Polygon", "coordinates": [ [ [ 9.411464344058095, 54.602529834005544, 0.0 ], [ 9.411667740445131, 54.602439807449635, 0.0 ], [ 9.411714747137552, 54.602502029737572, 0.0 ], [ 9.41320176156297, 54.602946570057533, 0.0 ], [ 9.413315590692539, 54.60302244944841, 0.0 ], [ 9.412922402804908, 54.604332793878072, 0.0 ], [ 9.412856315391744, 54.604350958705368, 0.0 ], [ 9.413172877440672, 54.603041445858111, 0.0 ], [ 9.412984006324972, 54.602943997621473, 0.0 ], [ 9.411464344058095, 54.602529834005544, 0.0 ] ] ] } },
{ "type": "Feature", "properties": { "layer": "WBK_WEG_TEMP" }, "geometry": { "type": "LineString", "coordinates": [ [ 9.411464344058095, 54.602529834005544 ], [ 9.411667740445131, 54.602439807449635 ], [ 9.411714747137552, 54.602502029737572 ], [ 9.41320176156297, 54.602946570057533 ], [ 9.413315590692539, 54.60302244944841 ], [ 9.412922402804908, 54.604332793878072 ], [ 9.412856315391744, 54.604350958705368 ], [ 9.413172877440672, 54.603041445858111 ], [ 9.412984006324972, 54.602943997621473 ], [ 9.411464344058095, 54.602529834005544 ] ] } },
{ "type": "Feature", "properties": { "layer": "WBK_WEG_TEMP" }, "geometry": { "type": "Polygon", "coordinates": [ [ [ 9.408567092047987, 54.596537861574539, 0.0 ], [ 9.408319178450066, 54.596471262774159, 0.0 ], [ 9.408345762254813, 54.596517442070962, 0.0 ], [ 9.408542905815537, 54.596583634716829, 0.0 ], [ 9.408567092047987, 54.596537861574539, 0.0 ] ] ] } },
{ "type": "Feature", "properties": { "layer": "WBK_WEG_TEMP" }, "geometry": { "type": "LineString", "coordinates": [ [ 9.408567092047987, 54.596537861574539 ], [ 9.408319178450066, 54.596471262774159 ], [ 9.408345762254813, 54.596517442070962 ], [ 9.408542905815537, 54.596583634716829 ], [ 9.408567092047987, 54.596537861574539 ] ] } },
{ "type": "Feature", "properties": { "layer": "WBK_WEG_TEMP" }, "geometry": { "type": "Polygon", "coordinates": [ [ [ 9.408703535079988, 54.58471105061777, 0.0 ], [ 9.408672127396189, 54.584709808722231, 0.0 ], [ 9.406622464699954, 54.584372031753389, 0.0 ], [ 9.406605497713542, 54.58440190227487, 0.0 ], [ 9.408580514918789, 54.58472285051041, 0.0 ], [ 9.408698325500236, 54.584732502202925, 0.0 ], [ 9.408703535079988, 54.58471105061777, 0.0 ] ] ] } },
{ "type": "Feature", "properties": { "layer": "WBK_WEG_TEMP" }, "geometry": { "type": "LineString", "coordinates": [ [ 9.408703535079988, 54.58471105061777 ], [ 9.408672127396189, 54.584709808722231 ], [ 9.406622464699954, 54.584372031753389 ], [ 9.406605497713542, 54.58440190227487 ], [ 9.408580514918789, 54.58472285051041 ], [ 9.408698325500236, 54.584732502202925 ], [ 9.408703535079988, 54.58471105061777 ] ] } },
{ "type": "Feature", "properties": { "layer": "WBK_WEG_TEMP" }, "geometry": { "type": "Polygon", "coordinates": [ [ [ 9.408601683543788, 54.581156180966296, 0.0 ], [ 9.408568489608605, 54.581153974490078, 0.0 ], [ 9.40757616165777, 54.580974234123374, 0.0 ], [ 9.407563888325521, 54.580943598546007, 0.0 ], [ 9.408596934504367, 54.581129825004275, 0.0 ], [ 9.408601683543788, 54.581156180966296, 0.0 ] ] ] } },
{ "type": "Feature", "properties": { "layer": "WBK_WEG_TEMP" }, "geometry": { "type": "LineString", "coordinates": [ [ 9.408601683543788, 54.581156180966296 ], [ 9.408568489608605, 54.581153974490078 ], [ 9.40757616165777, 54.580974234123374 ], [ 9.407563888325521, 54.580943598546007 ], [ 9.408596934504367, 54.581129825004275 ], [ 9.408601683543788, 54.581156180966296 ] ] } },
{ "type": "Feature", "properties": { "layer": "WBK_WEG_TEMP" }, "geometry": { "type": "MultiLineString", "coordinates": [ [ [ 9.40812638598535, 54.578628483342911, 0.0 ], [ 9.408374047329053, 54.577745771525542, 0.0 ] ], [ [ 9.408374047329053, 54.577745771525542, 0.0 ], [ 9.408425721778176, 54.577755166791221, 0.0 ] ], [ [ 9.408425721778176, 54.577755166791221, 0.0 ], [ 9.408153718239577, 54.578685975633213, 0.0 ] ], [ [ 9.408153718239577, 54.578685975633213, 0.0 ], [ 9.408126176144535, 54.578628463479397, 0.0 ] ] ] } },
{ "type": "Feature", "properties": { "layer": "WBK_WEG_TEMP" }, "geometry": { "type": "LineString", "coordinates": [ [ 9.40812638598535, 54.578628483342911 ], [ 9.408374047329053, 54.577745771525542 ], [ 9.408425721778176, 54.577755166791221 ], [ 9.408153718239577, 54.578685975633213 ], [ 9.408126176144535, 54.578628463479397 ] ] } },
{ "type": "Feature", "properties": { "layer": "WBK_WEG_TEMP" }, "geometry": { "type": "Polygon", "coordinates": [ [ [ 9.408950080837409, 54.574725769800182, 0.0 ], [ 9.409215102413638, 54.573977200356481, 0.0 ], [ 9.409263204702221, 54.573979404851265, 0.0 ], [ 9.409016577097999, 54.574735443346718, 0.0 ], [ 9.408950080837409, 54.574725769800182, 0.0 ] ] ] } },
{ "type": "Feature", "properties": { "layer": "WBK_WEG_TEMP" }, "geometry": { "type": "LineString", "coordinates": [ [ 9.408950080837409, 54.574725769800182 ], [ 9.409215102413638, 54.573977200356481 ], [ 9.409263204702221, 54.573979404851265 ], [ 9.409016577097999, 54.574735443346718 ], [ 9.408950080837409, 54.574725769800182 ] ] } },
{ "type": "Feature", "properties": { "layer": "WBK_WEG_TEMP" }, "geometry": { "type": "Polygon", "coordinates": [ [ [ 9.409997181086572, 54.573280051993919, 0.0 ], [ 9.409619948441183, 54.573814772942526, 0.0 ], [ 9.409687858827549, 54.57381814819226, 0.0 ], [ 9.410127911001666, 54.57327811033835, 0.0 ], [ 9.409997181086572, 54.573280051993919, 0.0 ] ] ] } },
{ "type": "Feature", "properties": { "layer": "WBK_WEG_TEMP" }, "geometry": { "type": "LineString", "coordinates": [ [ 9.409997181086572, 54.573280051993919 ], [ 9.409619948441183, 54.573814772942526 ], [ 9.409687858827549, 54.57381814819226 ], [ 9.410127911001666, 54.57327811033835 ], [ 9.409997181086572, 54.573280051993919 ] ] } },
{ "type": "Feature", "properties": { "layer": "WBK_WEG_TEMP" }, "geometry": { "type": "Polygon", "coordinates": [ [ [ 9.41152963793046, 54.573167916891641, 0.0 ], [ 9.412394611172131, 54.570452598568721, 0.0 ], [ 9.412446001944513, 54.570462488905513, 0.0 ], [ 9.411618420084155, 54.573172201480546, 0.0 ], [ 9.41152963793046, 54.573167916891641, 0.0 ] ] ] } },
{ "type": "Feature", "properties": { "layer": "WBK_WEG_TEMP" }, "geometry": { "type": "LineString", "coordinates": [ [ 9.41152963793046, 54.573167916891641 ], [ 9.412394611172131, 54.570452598568721 ], [ 9.412446001944513, 54.570462488905513 ], [ 9.411618420084155, 54.573172201480546 ], [ 9.41152963793046, 54.573167916891641 ] ] } },
{ "type": "Feature", "properties": { "layer": "WBK_WEG_TEMP" }, "geometry": { "type": "Polygon", "coordinates": [ [ [ 9.416188774394989, 54.566787359294807, 0.0 ], [ 9.416102490479155, 54.566925175894028, 0.0 ], [ 9.415135158971255, 54.566718525377723, 0.0 ], [ 9.415115674862465, 54.566774929337811, 0.0 ], [ 9.416139801946986, 54.56698561513997, 0.0 ], [ 9.416260675015527, 54.566803728840668, 0.0 ], [ 9.416188774394989, 54.566787359294807, 0.0 ] ] ] } },
{ "type": "Feature", "properties": { "layer": "WBK_WEG_TEMP" }, "geometry": { "type": "LineString", "coordinates": [ [ 9.416188774394989, 54.566787359294807 ], [ 9.416102490479155, 54.566925175894028 ], [ 9.415135158971255, 54.566718525377723 ], [ 9.415115674862465, 54.566774929337811 ], [ 9.416139801946986, 54.56698561513997 ], [ 9.416260675015527, 54.566803728840668 ], [ 9.416188774394989, 54.566787359294807 ] ] } },
{ "type": "Feature", "properties": { "layer": "WBK_WEG_TEMP" }, "geometry": { "type": "MultiLineString", "coordinates": [ [ [ 9.422825940442301, 54.559168711532884, 0.0 ], [ 9.420910283222266, 54.559226917269427, 0.0 ] ], [ [ 9.420910283222266, 54.559226917269427, 0.0 ], [ 9.420572458672051, 54.559672556806269, 0.0 ] ], [ [ 9.420572458672051, 54.559672556806269, 0.0 ], [ 9.420625129999056, 54.559686049795154, 0.0 ] ], [ [ 9.420625129999056, 54.559686049795154, 0.0 ], [ 9.42093922576289, 54.559266763030649, 0.0 ] ], [ [ 9.42093922576289, 54.559266763030649, 0.0 ], [ 9.422830500940027, 54.559198226718898, 0.0 ] ], [ [ 9.422830500940027, 54.559198226718898, 0.0 ], [ 9.422827839959783, 54.559168653801649, 0.0 ] ] ] } },
{ "type": "Feature", "properties": { "layer": "WBK_WEG_TEMP" }, "geometry": { "type": "LineString", "coordinates": [ [ 9.422825940442301, 54.559168711532884 ], [ 9.420910283222266, 54.559226917269427 ], [ 9.420572458672051, 54.559672556806269 ], [ 9.420625129999056, 54.559686049795154 ], [ 9.42093922576289, 54.559266763030649 ], [ 9.422830500940027, 54.559198226718898 ], [ 9.422827839959783, 54.559168653801649 ] ] } },
{ "type": "Feature", "properties": { "layer": "WBK_WEG_TEMP" }, "geometry": { "type": "Polygon", "coordinates": [ [ [ 9.420725083073814, 54.555519042692048, 0.0 ], [ 9.423556882372822, 54.555736724510915, 0.0 ], [ 9.423577881952871, 54.555709028869451, 0.0 ], [ 9.420736277250375, 54.555494350673769, 0.0 ], [ 9.420725083073814, 54.555519042692048, 0.0 ] ] ] } },
{ "type": "Feature", "properties": { "layer": "WBK_WEG_TEMP" }, "geometry": { "type": "LineString", "coordinates": [ [ 9.420725083073814, 54.555519042692048 ], [ 9.423556882372822, 54.555736724510915 ], [ 9.423577881952871, 54.555709028869451 ], [ 9.420736277250375, 54.555494350673769 ], [ 9.420725083073814, 54.555519042692048 ] ] } },
{ "type": "Feature", "properties": { "layer": "WBK_WEG_TEMP" }, "geometry": { "type": "Polygon", "coordinates": [ [ [ 9.425864220417758, 54.553267425169871, 0.0 ], [ 9.426004646758232, 54.552626467265767, 0.0 ], [ 9.426049272707834, 54.552643496774706, 0.0 ], [ 9.425916646087348, 54.553271673185542, 0.0 ], [ 9.425864220417758, 54.553267425169871, 0.0 ] ] ] } },
{ "type": "Feature", "properties": { "layer": "WBK_WEG_TEMP" }, "geometry": { "type": "LineString", "coordinates": [ [ 9.425864220417758, 54.553267425169871 ], [ 9.426004646758232, 54.552626467265767 ], [ 9.426049272707834, 54.552643496774706 ], [ 9.425916646087348, 54.553271673185542 ], [ 9.425864220417758, 54.553267425169871 ] ] } },
{ "type": "Feature", "properties": { "layer": "WBK_WEG_TEMP" }, "geometry": { "type": "Polygon", "coordinates": [ [ [ 9.426545823844771, 54.549783609668992, 0.0 ], [ 9.426588226253001, 54.548655714117857, 0.0 ], [ 9.426513484742186, 54.548655977894668, 0.0 ], [ 9.42648324122738, 54.549844286781472, 0.0 ], [ 9.426545823844771, 54.549783609668992, 0.0 ] ] ] } },
{ "type": "Feature", "properties": { "layer": "WBK_WEG_TEMP" }, "geometry": { "type": "LineString", "coordinates": [ [ 9.426545823844771, 54.549783609668992 ], [ 9.426588226253001, 54.548655714117857 ], [ 9.426513484742186, 54.548655977894668 ], [ 9.42648324122738, 54.549844286781472 ], [ 9.426545823844771, 54.549783609668992 ] ] } },
{ "type": "Feature", "properties": { "layer": "WBK_WEG_TEMP" }, "geometry": { "type": "MultiLineString", "coordinates": [ [ [ 9.427476559940297, 54.544428870475876, 0.0 ], [ 9.427020090669906, 54.544943445296525, 0.0 ] ], [ [ 9.427020090669906, 54.544943445296525, 0.0 ], [ 9.427073830320669, 54.544947084201134, 0.0 ] ], [ [ 9.427073830320669, 54.544947084201134, 0.0 ], [ 9.427538709520444, 54.544440445956582, 0.0 ] ], [ [ 9.427538709520444, 54.544440445956582, 0.0 ], [ 9.427476559185557, 54.544428870299591, 0.0 ] ] ] } },
{ "type": "Feature", "properties": { "layer": "WBK_WEG_TEMP" }, "geometry": { "type": "LineString", "coordinates": [ [ 9.427476559940297, 54.544428870475876 ], [ 9.427020090669906, 54.544943445296525 ], [ 9.427073830320669, 54.544947084201134 ], [ 9.427538709520444, 54.544440445956582 ], [ 9.427476559185557, 54.544428870299591 ] ] } },
{ "type": "Feature", "properties": { "layer": "WBK_WEG_TEMP" }, "geometry": { "type": "Polygon", "coordinates": [ [ [ 9.431652555004048, 54.533280534559708, 0.0 ], [ 9.428898941883213, 54.533386404335964, 0.0 ], [ 9.42893207053841, 54.533411268089353, 0.0 ], [ 9.431652380351363, 54.533303399539463, 0.0 ], [ 9.431652555004048, 54.533280534559708, 0.0 ] ] ] } },
{ "type": "Feature", "properties": { "layer": "WBK_WEG_TEMP" }, "geometry": { "type": "LineString", "coordinates": [ [ 9.431652555004048, 54.533280534559708 ], [ 9.428898941883213, 54.533386404335964 ], [ 9.42893207053841, 54.533411268089353 ], [ 9.431652380351363, 54.533303399539463 ], [ 9.431652555004048, 54.533280534559708 ] ] } },
{ "type": "Feature", "properties": { "layer": "WBK_WEG_TEMP" }, "geometry": { "type": "Polygon", "coordinates": [ [ [ 9.431502217169559, 54.52893311400522, 0.0 ], [ 9.429650886631356, 54.529005136323711, 0.0 ], [ 9.429619052819708, 54.52897970837126, 0.0 ], [ 9.431500409155607, 54.52890651852438, 0.0 ], [ 9.431502217169559, 54.52893311400522, 0.0 ] ] ] } },
{ "type": "Feature", "properties": { "layer": "WBK_WEG_TEMP" }, "geometry": { "type": "LineString", "coordinates": [ [ 9.431502217169559, 54.52893311400522 ], [ 9.429650886631356, 54.529005136323711 ], [ 9.429619052819708, 54.52897970837126 ], [ 9.431500409155607, 54.52890651852438 ], [ 9.431502217169559, 54.52893311400522 ] ] } },
{ "type": "Feature", "properties": { "layer": "WBK_WEG_TEMP" }, "geometry": { "type": "Polygon", "coordinates": [ [ [ 9.430268455279355, 54.525248132658213, 0.0 ], [ 9.430242483308971, 54.525410003365486, 0.0 ], [ 9.430336848391885, 54.525413411709842, 0.0 ], [ 9.430308757088328, 54.525250827821175, 0.0 ], [ 9.430268455279355, 54.525248132658213, 0.0 ] ] ] } },
{ "type": "Feature", "properties": { "layer": "WBK_WEG_TEMP" }, "geometry": { "type": "LineString", "coordinates": [ [ 9.430268455279355, 54.525248132658213 ], [ 9.430242483308971, 54.525410003365486 ], [ 9.430336848391885, 54.525413411709842 ], [ 9.430308757088328, 54.525250827821175 ], [ 9.430268455279355, 54.525248132658213 ] ] } },
{ "type": "Feature", "properties": { "layer": "WBK_WEG_TEMP" }, "geometry": { "type": "Polygon", "coordinates": [ [ [ 9.429610402623773, 54.511187909772886, 0.0 ], [ 9.428830117847356, 54.509747879786808, 0.0 ], [ 9.429505149352927, 54.509848422222554, 0.0 ], [ 9.42920883712141, 54.50984272571592, 0.0 ], [ 9.428914095165014, 54.509807882404665, 0.0 ], [ 9.429696412156344, 54.511198814071605, 0.0 ], [ 9.429610402623773, 54.511187909772886, 0.0 ] ] ] } },
{ "type": "Feature", "properties": { "layer": "WBK_WEG_TEMP" }, "geometry": { "type": "LineString", "coordinates": [ [ 9.429610402623773, 54.511187909772886 ], [ 9.428830117823111, 54.509747879778317 ], [ 9.429505149379953, 54.509848422231094 ], [ 9.429208837093793, 54.509842725711749 ], [ 9.428914095214974, 54.509807882402939 ], [ 9.429696412148035, 54.511198814065423 ], [ 9.429610402623773, 54.511187909772886 ] ] } },
{ "type": "Feature", "properties": { "layer": "WBK_WEG_TEMP" }, "geometry": { "type": "Polygon", "coordinates": [ [ [ 9.428324965687302, 54.504827788424627, 0.0 ], [ 9.428997671389272, 54.505769225196673, 0.0 ], [ 9.428945140669192, 54.505776633177696, 0.0 ], [ 9.428271460662078, 54.504856328169303, 0.0 ], [ 9.428324965687302, 54.504827788424627, 0.0 ] ] ] } },
{ "type": "Feature", "properties": { "layer": "WBK_WEG_TEMP" }, "geometry": { "type": "LineString", "coordinates": [ [ 9.428324965687302, 54.504827788424627 ], [ 9.428997671389272, 54.505769225196673 ], [ 9.428945140669192, 54.505776633177696 ], [ 9.428271460662078, 54.504856328169303 ], [ 9.428324965687302, 54.504827788424627 ] ] } },
{ "type": "Feature", "properties": { "layer": "WBK_WEG_TEMP" }, "geometry": { "type": "Polygon", "coordinates": [ [ [ 9.427756694682289, 54.499809219201403, 0.0 ], [ 9.427759606513417, 54.49976500993472, 0.0 ], [ 9.428321430127513, 54.499829713282445, 0.0 ], [ 9.42811148668166, 54.501655425212071, 0.0 ], [ 9.428501667789845, 54.501955782299056, 0.0 ], [ 9.428472951668956, 54.501957047424888, 0.0 ], [ 9.428046069007689, 54.501651759935001, 0.0 ], [ 9.428276977434642, 54.499855560391318, 0.0 ], [ 9.427756694682289, 54.499809219201403, 0.0 ] ] ] } },
{ "type": "Feature", "properties": { "layer": "WBK_WEG_TEMP" }, "geometry": { "type": "LineString", "coordinates": [ [ 9.427756694682289, 54.499809219201403 ], [ 9.427759606513417, 54.49976500993472 ], [ 9.428321430127513, 54.499829713282445 ], [ 9.42811148668166, 54.501655425212071 ], [ 9.428501667789845, 54.501955782299056 ], [ 9.428472951668956, 54.501957047424888 ], [ 9.428046069007689, 54.501651759935001 ], [ 9.428276977434642, 54.499855560391318 ], [ 9.427756694682289, 54.499809219201403 ] ] } },
{ "type": "Feature", "properties": { "layer": "WBK_WEG_TEMP" }, "geometry": { "type": "Polygon", "coordinates": [ [ [ 9.428732062141929, 54.495906653652987, 0.0 ], [ 9.427862894211264, 54.497043510066007, 0.0 ], [ 9.427950146166744, 54.497714557381741, 0.0 ], [ 9.428004091649836, 54.497716422033939, 0.0 ], [ 9.427928072363438, 54.497038514581185, 0.0 ], [ 9.42877999988851, 54.495922837078389, 0.0 ], [ 9.428732062141929, 54.495906653652987, 0.0 ] ] ] } },
{ "type": "Feature", "properties": { "layer": "WBK_WEG_TEMP" }, "geometry": { "type": "LineString", "coordinates": [ [ 9.428732062141929, 54.495906653652987 ], [ 9.427862894211264, 54.497043510066007 ], [ 9.427950146166744, 54.497714557381741 ], [ 9.428004091649836, 54.497716422033939 ], [ 9.427928072363438, 54.497038514581185 ], [ 9.42877999988851, 54.495922837078389 ], [ 9.428732062141929, 54.495906653652987 ] ] } },
{ "type": "Feature", "properties": { "layer": "WBK_WEG_TEMP" }, "geometry": { "type": "Polygon", "coordinates": [ [ [ 9.425938804589464, 54.486030848381866, 0.0 ], [ 9.426283902538422, 54.486234936436105, 0.0 ], [ 9.426338154090709, 54.486233658636856, 0.0 ], [ 9.426021184674763, 54.486021875040471, 0.0 ], [ 9.425938804589464, 54.486030848381866, 0.0 ] ] ] } },
{ "type": "Feature", "properties": { "layer": "WBK_WEG_TEMP" }, "geometry": { "type": "LineString", "coordinates": [ [ 9.425938804589464, 54.486030848381866 ], [ 9.426283902538422, 54.486234936436105 ], [ 9.426338154090709, 54.486233658636856 ], [ 9.426021184674763, 54.486021875040471 ], [ 9.425938804589464, 54.486030848381866 ] ] } },
{ "type": "Feature", "properties": { "layer": "WBK_WEG_TEMP" }, "geometry": { "type": "Polygon", "coordinates": [ [ [ 9.426352476425372, 54.485918221844912, 0.0 ], [ 9.426247435594082, 54.485384022057353, 0.0 ], [ 9.426193471142328, 54.485385501667217, 0.0 ], [ 9.426289088365056, 54.48592506371368, 0.0 ], [ 9.426352476425372, 54.485918221844912, 0.0 ] ] ] } },
{ "type": "Feature", "properties": { "layer": "WBK_WEG_TEMP" }, "geometry": { "type": "LineString", "coordinates": [ [ 9.426352476425372, 54.485918221844912 ], [ 9.426247435575821, 54.485384022064522 ], [ 9.426193471141648, 54.485385501670059 ], [ 9.426289088324335, 54.485925063714411 ], [ 9.426352476425372, 54.485918221844912 ] ] } },
{ "type": "Feature", "properties": { "layer": "WBK_WEG_TEMP" }, "geometry": { "type": "MultiLineString", "coordinates": [ [ [ 9.426404530380379, 54.48264916771037, 0.0 ], [ 9.426161761330755, 54.482497416567099, 0.0 ] ], [ [ 9.426161761330755, 54.482497416567099, 0.0 ], [ 9.426108005859955, 54.48250052819246, 0.0 ] ], [ [ 9.426108005859955, 54.48250052819246, 0.0 ], [ 9.426350746476482, 54.48265341678011, 0.0 ] ], [ [ 9.426350746476482, 54.48265341678011, 0.0 ], [ 9.42617197656298, 54.482667109211178, 0.0 ] ] ] } },
{ "type": "Feature", "properties": { "layer": "WBK_WEG_TEMP" }, "geometry": { "type": "LineString", "coordinates": [ [ 9.426404530380379, 54.48264916771037 ], [ 9.426161761330755, 54.482497416567099 ], [ 9.426108005859955, 54.48250052819246 ], [ 9.426350746476482, 54.48265341678011 ], [ 9.42617197656298, 54.482667109211178 ] ] } },
{ "type": "Feature", "properties": { "layer": "WBK_WEG_TEMP" }, "geometry": { "type": "Polygon", "coordinates": [ [ [ 9.43065200429672, 54.478858578213057, 0.0 ], [ 9.429495362332874, 54.478673983910845, 0.0 ], [ 9.429045523024543, 54.478668231410829, 0.0 ], [ 9.425924885752996, 54.478935773225885, 0.0 ], [ 9.425939235139879, 54.47896609767831, 0.0 ], [ 9.428963668971669, 54.478715315730639, 0.0 ], [ 9.429487864423812, 54.47871904082033, 0.0 ], [ 9.430654069706701, 54.478906090276467, 0.0 ], [ 9.43065200429672, 54.478858578213057, 0.0 ] ] ] } },
{ "type": "Feature", "properties": { "layer": "WBK_WEG_TEMP" }, "geometry": { "type": "LineString", "coordinates": [ [ 9.43065200429672, 54.478858578213057 ], [ 9.429495362332874, 54.478673983910845 ], [ 9.429045523024543, 54.478668231410829 ], [ 9.425924885752996, 54.478935773225885 ], [ 9.425939235139879, 54.47896609767831 ], [ 9.428963668971669, 54.478715315730639 ], [ 9.429487864423812, 54.47871904082033 ], [ 9.430654069706701, 54.478906090276467 ], [ 9.43065200429672, 54.478858578213057 ] ] } },
{ "type": "Feature", "properties": { "layer": "WBK_WEG_TEMP" }, "geometry": { "type": "Polygon", "coordinates": [ [ [ 9.425198733032442, 54.472107346333758, 0.0 ], [ 9.425370621398825, 54.471615951867818, 0.0 ], [ 9.425316805104528, 54.471613317594681, 0.0 ], [ 9.425147359966408, 54.472102348226244, 0.0 ], [ 9.425198733032442, 54.472107346333758, 0.0 ] ] ] } },
{ "type": "Feature", "properties": { "layer": "WBK_WEG_TEMP" }, "geometry": { "type": "LineString", "coordinates": [ [ 9.425198733032442, 54.472107346333758 ], [ 9.425370621398825, 54.471615951867818 ], [ 9.425316805104528, 54.471613317594681 ], [ 9.425147359966408, 54.472102348226244 ], [ 9.425198733032442, 54.472107346333758 ] ] } },
{ "type": "Feature", "properties": { "layer": "WBK_WEG_TEMP" }, "geometry": { "type": "Polygon", "coordinates": [ [ [ 9.42651870703604, 54.46802083445592, 0.0 ], [ 9.425106948395726, 54.467987037120082, 0.0 ], [ 9.425104910268377, 54.468018469431897, 0.0 ], [ 9.42651333346082, 54.468048124010537, 0.0 ], [ 9.42651870703604, 54.46802083445592, 0.0 ] ] ] } },
{ "type": "Feature", "properties": { "layer": "WBK_WEG_TEMP" }, "geometry": { "type": "LineString", "coordinates": [ [ 9.42651870703604, 54.46802083445592 ], [ 9.425106948395726, 54.467987037120082 ], [ 9.425104910268377, 54.468018469431897 ], [ 9.42651333346082, 54.468048124010537 ], [ 9.42651870703604, 54.46802083445592 ] ] } },
{ "type": "Feature", "properties": { "layer": "WBK_WEG_TEMP" }, "geometry": { "type": "Polygon", "coordinates": [ [ [ 9.423367645069295, 54.463233484881123, 0.0 ], [ 9.424802962712967, 54.463802853072394, 0.0 ], [ 9.424801110934302, 54.463771416840643, 0.0 ], [ 9.423447444080955, 54.463232796129162, 0.0 ], [ 9.423367645069295, 54.463233484881123, 0.0 ] ] ] } },
{ "type": "Feature", "properties": { "layer": "WBK_WEG_TEMP" }, "geometry": { "type": "LineString", "coordinates": [ [ 9.423367645069295, 54.463233484881123 ], [ 9.424802962712967, 54.463802853072394 ], [ 9.424801110934302, 54.463771416840643 ], [ 9.423447444080955, 54.463232796129162 ], [ 9.423367645069295, 54.463233484881123 ] ] } },
{ "type": "Feature", "properties": { "layer": "WBK_WEG_TEMP" }, "geometry": { "type": "Polygon", "coordinates": [ [ [ 9.43026740022994, 54.462428498442442, 0.0 ], [ 9.430125981651058, 54.462397834588927, 0.0 ], [ 9.427873639092837, 54.461285632352983, 0.0 ], [ 9.427651171883705, 54.461114296966478, 0.0 ], [ 9.427148102323518, 54.460548327021087, 0.0 ], [ 9.427072965058306, 54.460473935850068, 0.0 ], [ 9.426927261960406, 54.46042882293429, 0.0 ], [ 9.425111109132507, 54.460149714832298, 0.0 ], [ 9.424927383840766, 54.46010290096023, 0.0 ], [ 9.424651759231649, 54.459947735435911, 0.0 ], [ 9.424571948556091, 54.459995854208337, 0.0 ], [ 9.424909904861844, 54.460186109853524, 0.0 ], [ 9.425127725970647, 54.460239817263854, 0.0 ], [ 9.426800714007863, 54.460492738233228, 0.0 ], [ 9.427013530584238, 54.460568386247679, 0.0 ], [ 9.427585692749, 54.461193319995537, 0.0 ], [ 9.427771825924967, 54.46134060856879, 0.0 ], [ 9.428034581770358, 54.461443255236865, 0.0 ], [ 9.428271148063809, 54.461546263862168, 0.0 ], [ 9.430084056688885, 54.462473359884768, 0.0 ], [ 9.430133411919845, 54.462478162001638, 0.0 ], [ 9.43026740022994, 54.462428498442442, 0.0 ] ] ] } },
{ "type": "Feature", "properties": { "layer": "WBK_WEG_TEMP" }, "geometry": { "type": "LineString", "coordinates": [ [ 9.43026740022994, 54.462428498442442 ], [ 9.430125981651058, 54.462397834588927 ], [ 9.427873639092837, 54.461285632352983 ], [ 9.427651171883705, 54.461114296966478 ], [ 9.427148102323518, 54.460548327021087 ], [ 9.427072965058306, 54.460473935850068 ], [ 9.426927261960406, 54.46042882293429 ], [ 9.425111109132507, 54.460149714832298 ], [ 9.424927383840766, 54.46010290096023 ], [ 9.424651759231649, 54.459947735435911 ], [ 9.424571948556091, 54.459995854208337 ], [ 9.424909904861844, 54.460186109853524 ], [ 9.425127725970647, 54.460239817263854 ], [ 9.426800714007863, 54.460492738233228 ], [ 9.427013530584238, 54.460568386247679 ], [ 9.427585692749, 54.461193319995537 ], [ 9.427771825924967, 54.46134060856879 ], [ 9.428034581770358, 54.461443255236865 ], [ 9.428271148063809, 54.461546263862168 ], [ 9.430084056688885, 54.462473359884768 ], [ 9.430133411919845, 54.462478162001638 ], [ 9.43026740022994, 54.462428498442442 ] ] } },
{ "type": "Feature", "properties": { "layer": "WBK_WEG_TEMP" }, "geometry": { "type": "Polygon", "coordinates": [ [ [ 9.424894148013939, 54.456695074173879, 0.0 ], [ 9.424630527071271, 54.455960942365564, 0.0 ], [ 9.424224171460498, 54.455836212522982, 0.0 ], [ 9.424226172490069, 54.455864151392419, 0.0 ], [ 9.424602746478387, 54.455982865175393, 0.0 ], [ 9.424860198224717, 54.456702201484958, 0.0 ], [ 9.424894148013939, 54.456695074173879, 0.0 ] ] ] } },
{ "type": "Feature", "properties": { "layer": "WBK_WEG_TEMP" }, "geometry": { "type": "LineString", "coordinates": [ [ 9.424894148013939, 54.456695074173879 ], [ 9.424630527071271, 54.455960942365564 ], [ 9.424224171460498, 54.455836212522982 ], [ 9.424226172490069, 54.455864151392419 ], [ 9.424602746478387, 54.455982865175393 ], [ 9.424860198224717, 54.456702201484958 ], [ 9.424894148013939, 54.456695074173879 ] ] } },
{ "type": "Feature", "properties": { "layer": "WBK_WEG_TEMP" }, "geometry": { "type": "Polygon", "coordinates": [ [ [ 9.427050912388927, 54.451826549604178, 0.0 ], [ 9.423952935950648, 54.452101208595757, 0.0 ], [ 9.423957043612731, 54.452132572187679, 0.0 ], [ 9.427055146223706, 54.451857174832064, 0.0 ], [ 9.427050912388927, 54.451826549604178, 0.0 ] ] ] } },
{ "type": "Feature", "properties": { "layer": "WBK_WEG_TEMP" }, "geometry": { "type": "LineString", "coordinates": [ [ 9.427050912388927, 54.451826549604178 ], [ 9.423952935950648, 54.452101208595757 ], [ 9.423957043612731, 54.452132572187679 ], [ 9.427055146223706, 54.451857174832064 ], [ 9.427050912388927, 54.451826549604178 ] ] } },
{ "type": "Feature", "properties": { "layer": "WBK_WEG_TEMP" }, "geometry": { "type": "Polygon", "coordinates": [ [ [ 9.421677535781095, 54.445604200461332, 0.0 ], [ 9.423618702264267, 54.447496435077831, 0.0 ], [ 9.423641275244877, 54.447807384448872, 0.0 ], [ 9.423588027595525, 54.447802238628974, 0.0 ], [ 9.42357889105727, 54.447507401808942, 0.0 ], [ 9.421630464303121, 54.445612328421781, 0.0 ], [ 9.421677535781095, 54.445604200461332, 0.0 ] ] ] } },
{ "type": "Feature", "properties": { "layer": "WBK_WEG_TEMP" }, "geometry": { "type": "LineString", "coordinates": [ [ 9.421677535781095, 54.445604200461332 ], [ 9.423618702264267, 54.447496435077831 ], [ 9.423641275244877, 54.447807384448872 ], [ 9.423588027595525, 54.447802238628974 ], [ 9.42357889105727, 54.447507401808942 ], [ 9.421630464303121, 54.445612328421781 ], [ 9.421677535781095, 54.445604200461332 ] ] } },
{ "type": "Feature", "properties": { "layer": "WBK_WEG_TEMP" }, "geometry": { "type": "MultiLineString", "coordinates": [ [ [ 9.311472265009382, 54.733156106104623, 0.0 ], [ 9.31144633287736, 54.733116019817373, 0.0 ] ], [ [ 9.31144633287736, 54.733116019817373, 0.0 ], [ 9.311748077750943, 54.730033616805343, 0.0 ] ], [ [ 9.311748077750943, 54.730033616805343, 0.0 ], [ 9.313603849294241, 54.730025697713032, 0.0 ] ], [ [ 9.313603849294241, 54.730025697713032, 0.0 ], [ 9.313547515403855, 54.73000177472327, 0.0 ] ], [ [ 9.313547515403855, 54.73000177472327, 0.0 ], [ 9.311690870922138, 54.729993334750581, 0.0 ] ], [ [ 9.311690870922138, 54.729993334750581, 0.0 ], [ 9.311649850215522, 54.730054593804518, 0.0 ] ], [ [ 9.311649850215522, 54.730054593804518, 0.0 ], [ 9.31135371606165, 54.733120365551777, 0.0 ] ], [ [ 9.31135371606165, 54.733120365551777, 0.0 ], [ 9.311389130939215, 54.733163752606814, 0.0 ] ], [ [ 9.311389130939215, 54.733163752606814, 0.0 ], [ 9.311472125090368, 54.733156080116615, 0.0 ] ] ] } },
{ "type": "Feature", "properties": { "layer": "WBK_WEG_TEMP" }, "geometry": { "type": "LineString", "coordinates": [ [ 9.311472265009382, 54.733156106104623 ], [ 9.31144633287736, 54.733116019817373 ], [ 9.311748077750943, 54.730033616805343 ], [ 9.313603849294241, 54.730025697713032 ], [ 9.313547515403855, 54.73000177472327 ], [ 9.311690870922138, 54.729993334750581 ], [ 9.311649850215522, 54.730054593804518 ], [ 9.31135371606165, 54.733120365551777 ], [ 9.311389130939215, 54.733163752606814 ], [ 9.311472125090368, 54.733156080116615 ] ] } },
{ "type": "Feature", "properties": { "layer": "WBK_WEG_TEMP" }, "geometry": { "type": "Polygon", "coordinates": [ [ [ 9.3114861156504, 54.731710110028978, 0.0 ], [ 9.310691090556039, 54.731445777872764, 0.0 ], [ 9.310648786986169, 54.731466261634807, 0.0 ], [ 9.311497767612737, 54.731758942021848, 0.0 ], [ 9.3114861156504, 54.731710110028978, 0.0 ] ] ] } },
{ "type": "Feature", "properties": { "layer": "WBK_WEG_TEMP" }, "geometry": { "type": "LineString", "coordinates": [ [ 9.3114861156504, 54.731710110028978 ], [ 9.310691090556039, 54.731445777872764 ], [ 9.310648786986169, 54.731466261634807 ], [ 9.311497767612737, 54.731758942021848 ], [ 9.3114861156504, 54.731710110028978 ] ] } },
{ "type": "Feature", "properties": { "layer": "WBK_WEG_TEMP" }, "geometry": { "type": "LineString", "coordinates": [ [ 9.30311755693492, 54.733391196534974 ], [ 9.302973058478257, 54.733854948102184 ], [ 9.300081843021314, 54.736581751896217 ], [ 9.300043199234171, 54.736555016936435 ], [ 9.30287196132719, 54.73391515954394 ], [ 9.302945748075871, 54.733846294818683 ], [ 9.30306475177907, 54.733379216511565 ], [ 9.30311755693492, 54.733391196534974 ] ] } },
{ "type": "Feature", "properties": { "layer": "WBK_WEG_TEMP" }, "geometry": { "type": "LineString", "coordinates": [ [ 9.284392068759844, 54.73794590776145 ], [ 9.295497680256409, 54.738800286191157 ], [ 9.295496573789004, 54.738764570274618 ], [ 9.284369681761694, 54.737876154348974 ], [ 9.284392068759844, 54.73794590776145 ] ] } },
{ "type": "Feature", "properties": { "layer": "WBK_WEG_TEMP" }, "geometry": { "type": "MultiLineString", "coordinates": [ [ [ 9.261348176119764, 54.760601619313917, 0.0 ], [ 9.26131193410578, 54.760620725735464, 0.0 ] ], [ [ 9.261311934140723, 54.76062072573626, 0.0 ], [ 9.26120176297556, 54.760583951815434, 0.0 ] ], [ [ 9.261201763009414, 54.760583951820564, 0.0 ], [ 9.26093629883664, 54.760534688947651, 0.0 ] ], [ [ 9.260936298760056, 54.760534688944269, 0.0 ], [ 9.260952196640472, 54.760492916326946, 0.0 ] ], [ [ 9.260952196665148, 54.760492916327671, 0.0 ], [ 9.261220955227866, 54.760551517778737, 0.0 ] ], [ [ 9.261220955243401, 54.760551517779334, 0.0 ], [ 9.261278599824243, 54.760576979009009, 0.0 ] ], [ [ 9.26127859980156, 54.760576979011987, 0.0 ], [ 9.261344538200971, 54.76039030057327, 0.0 ] ], [ [ 9.261344538232549, 54.760390300566002, 0.0 ], [ 9.261382578314894, 54.760463701859436, 0.0 ] ], [ [ 9.261382578270908, 54.760463701858583, 0.0 ], [ 9.261348176117094, 54.760601619312666, 0.0 ] ] ] } },
{ "type": "Feature", "properties": { "layer": "WBK_WEG_TEMP" }, "geometry": { "type": "LineString", "coordinates": [ [ 9.261348176119764, 54.760601619313917 ], [ 9.261311934140723, 54.76062072573626 ], [ 9.261201763009414, 54.760583951820564 ], [ 9.260936298760056, 54.760534688944269 ], [ 9.260952196665148, 54.760492916327671 ], [ 9.261220955243401, 54.760551517779334 ], [ 9.26127859980156, 54.760576979011987 ], [ 9.261344538232549, 54.760390300566002 ], [ 9.261382578270908, 54.760463701858583 ], [ 9.261348176119764, 54.760601619313917 ] ] } },
{ "type": "Feature", "properties": { "layer": "WBK_WEG_TEMP" }, "geometry": { "type": "MultiLineString", "coordinates": [ [ [ 9.256929351067701, 54.772161676583657, 0.0 ], [ 9.256927525365159, 54.771874025648593, 0.0 ] ], [ [ 9.256927525365141, 54.771874025645943, 0.0 ], [ 9.256466174053084, 54.771902541313047, 0.0 ] ], [ [ 9.256466174112326, 54.771902541311484, 0.0 ], [ 9.256456937277738, 54.771873974231674, 0.0 ] ], [ [ 9.256456937240216, 54.771873974236001, 0.0 ], [ 9.257014470825544, 54.77183184790443, 0.0 ] ], [ [ 9.25701447083614, 54.771831847901552, 0.0 ], [ 9.25699108716697, 54.772155246131987, 0.0 ] ], [ [ 9.256991087142223, 54.772155246136407, 0.0 ], [ 9.25692935107524, 54.772161676585277, 0.0 ] ] ] } },
{ "type": "Feature", "properties": { "layer": "WBK_WEG_TEMP" }, "geometry": { "type": "LineString", "coordinates": [ [ 9.256929351067701, 54.772161676583657 ], [ 9.256927525365141, 54.771874025645943 ], [ 9.256466174112326, 54.771902541311484 ], [ 9.256466174112326, 54.771902541311484 ], [ 9.256466174112326, 54.771902541311484 ], [ 9.256456937240216, 54.771873974236001 ], [ 9.25701447083614, 54.771831847901552 ], [ 9.256991087142223, 54.772155246136407 ], [ 9.256929351067701, 54.772161676583657 ] ] } },
{ "type": "Feature", "properties": { "layer": "WBK_WEG_TEMP" }, "geometry": { "type": "Polygon", "coordinates": [ [ [ 9.256123557090946, 54.77605277645835, 0.0 ], [ 9.256158748202099, 54.775735469440875, 0.0 ], [ 9.254922581978057, 54.775844823217845, 0.0 ], [ 9.254894737646415, 54.775811085148462, 0.0 ], [ 9.256233550066115, 54.775699365187315, 0.0 ], [ 9.256179191558322, 54.776053324354372, 0.0 ], [ 9.256123557090946, 54.77605277645835, 0.0 ] ] ] } },
{ "type": "Feature", "properties": { "layer": "WBK_WEG_TEMP" }, "geometry": { "type": "LineString", "coordinates": [ [ 9.256123557090946, 54.77605277645835 ], [ 9.256123557090946, 54.77605277645835 ], [ 9.256158748282681, 54.775735469445252 ], [ 9.25492258191778, 54.775844823214484 ], [ 9.25492258191778, 54.775844823214484 ], [ 9.254894737703722, 54.775811085146188 ], [ 9.256233550038671, 54.775699365192906 ], [ 9.25617919157477, 54.776053324353327 ], [ 9.256123557090946, 54.77605277645835 ] ] } },
{ "type": "Feature", "properties": { "layer": "WBK_WEG_TEMP" }, "geometry": { "type": "Polygon", "coordinates": [ [ [ 9.253303055422524, 54.779805001842142, 0.0 ], [ 9.253348465053451, 54.779811099977998, 0.0 ], [ 9.25340796275931, 54.77889940424766, 0.0 ], [ 9.253341351582181, 54.778889431030287, 0.0 ], [ 9.253303055422524, 54.779805001842142, 0.0 ] ] ] } },
{ "type": "Feature", "properties": { "layer": "WBK_WEG_TEMP" }, "geometry": { "type": "LineString", "coordinates": [ [ 9.253303055422524, 54.779805001842142 ], [ 9.253348465064395, 54.779811099976641 ], [ 9.253407962750599, 54.778899404245998 ], [ 9.253407962750599, 54.778899404245998 ], [ 9.253407962750599, 54.778899404245998 ], [ 9.253341351635674, 54.778889431025846 ], [ 9.253303055422524, 54.779805001842142 ] ] } },
{ "type": "Feature", "properties": { "layer": "WBK_WEG_TEMP" }, "geometry": { "type": "Polygon", "coordinates": [ [ [ 9.246000136741166, 54.798613870907033, 0.0 ], [ 9.245899965925361, 54.7985697299194, 0.0 ], [ 9.245741120009939, 54.799111220670149, 0.0 ], [ 9.241096944368854, 54.798850302964006, 0.0 ], [ 9.241105254426506, 54.798873146159991, 0.0 ], [ 9.24577302629481, 54.799149564025541, 0.0 ], [ 9.246000136741166, 54.798613870907033, 0.0 ] ] ] } },
{ "type": "Feature", "properties": { "layer": "WBK_WEG_TEMP" }, "geometry": { "type": "LineString", "coordinates": [ [ 9.246000136741166, 54.798613870907033 ], [ 9.245899965940827, 54.798569729919109 ], [ 9.245899965940827, 54.798569729919109 ], [ 9.245899965940827, 54.798569729919109 ], [ 9.245741119973227, 54.799111220670468 ], [ 9.241096944383589, 54.79885030295906 ], [ 9.24110525443476, 54.798873146163515 ], [ 9.245773026310058, 54.799149564022791 ], [ 9.246000136741166, 54.798613870907033 ] ] } },
{ "type": "Feature", "properties": { "layer": "WBK_WEG_TEMP" }, "geometry": { "type": "MultiLineString", "coordinates": [ [ [ 9.242396407986664, 54.802488246086583, 0.0 ], [ 9.244149721471945, 54.802299348305709, 0.0 ] ], [ [ 9.244149721471945, 54.802299348305709, 0.0 ], [ 9.244167305238623, 54.802326488823084, 0.0 ] ], [ [ 9.244167305238623, 54.802326488823084, 0.0 ], [ 9.242398497257222, 54.802512381914902, 0.0 ] ], [ [ 9.242398497257222, 54.802512381914902, 0.0 ], [ 9.242383749544771, 54.802490201496845, 0.0 ] ] ] } },
{ "type": "Feature", "properties": { "layer": "WBK_WEG_TEMP" }, "geometry": { "type": "LineString", "coordinates": [ [ 9.242396407986664, 54.802488246086583 ], [ 9.244149721471945, 54.802299348305709 ], [ 9.244149721471945, 54.802299348305709 ], [ 9.244167305238623, 54.802326488823084 ], [ 9.242398497257222, 54.802512381914902 ], [ 9.24238374953188, 54.80249020149332 ] ] } },
{ "type": "Feature", "properties": { "layer": "WBK_WEG_TEMP" }, "geometry": { "type": "LineString", "coordinates": [ [ 9.241875719495441, 54.80425837611245 ], [ 9.242428210470115, 54.804486358026274 ], [ 9.241209916698294, 54.805741421143409 ], [ 9.241120565919486, 54.805713394338447 ], [ 9.242295196974617, 54.804508916707185 ], [ 9.241818309252336, 54.804288944668073 ], [ 9.241875719495441, 54.80425837611245 ] ] } },
{ "type": "Feature", "properties": { "layer": "WBK_WEG_TEMP" }, "geometry": { "type": "Polygon", "coordinates": [ [ [ 9.238240675334547, 54.808343805852623, 0.0 ], [ 9.238347893919652, 54.808368611596507, 0.0 ], [ 9.23788297301328, 54.809241219421587, 0.0 ], [ 9.237824506886318, 54.809224423887592, 0.0 ], [ 9.238240675334547, 54.808343805852623, 0.0 ] ] ] } },
{ "type": "Feature", "properties": { "layer": "WBK_WEG_TEMP" }, "geometry": { "type": "LineString", "coordinates": [ [ 9.238240675334547, 54.808343805852623 ], [ 9.238347893962974, 54.808368611602035 ], [ 9.237882973009654, 54.80924121941004 ], [ 9.237824506837905, 54.809224423891322 ], [ 9.238240675334547, 54.808343805852623 ] ] } },
{ "type": "Feature", "properties": { "layer": "WBK_WEG_TEMP" }, "geometry": { "type": "Polygon", "coordinates": [ [ [ 9.217563442946647, 54.829022553129413, 0.0 ], [ 9.217663960051599, 54.829056597900589, 0.0 ], [ 9.2179015490869, 54.82950313685749, 0.0 ], [ 9.217956486160645, 54.829505082244758, 0.0 ], [ 9.21768066827765, 54.829029034127188, 0.0 ], [ 9.217579711776663, 54.828995858321285, 0.0 ], [ 9.217563442946647, 54.829022553129413, 0.0 ] ] ] } },
{ "type": "Feature", "properties": { "layer": "WBK_WEG_TEMP" }, "geometry": { "type": "LineString", "coordinates": [ [ 9.217563442946647, 54.829022553129413 ], [ 9.217663959978058, 54.829056597897761 ], [ 9.217901549140331, 54.829503136851578 ], [ 9.217956486102636, 54.829505082252965 ], [ 9.217680668307553, 54.829029034128169 ], [ 9.217579711752354, 54.828995858314478 ], [ 9.217563442946647, 54.829022553129413 ] ] } },
{ "type": "Feature", "properties": { "layer": "WBK_WEG_TEMP" }, "geometry": { "type": "Polygon", "coordinates": [ [ [ 9.213839750727651, 54.833128100224087, 0.0 ], [ 9.213839746990603, 54.833128100266855, 0.0 ], [ 9.213838527773426, 54.833092605272341, 0.0 ], [ 9.214029768119044, 54.833029798676307, 0.0 ], [ 9.214641781122854, 54.832994277076978, 0.0 ], [ 9.21485296712004, 54.832766448502959, 0.0 ], [ 9.214794595632029, 54.832754538573411, 0.0 ], [ 9.214590304310425, 54.832973545274029, 0.0 ], [ 9.214032401676317, 54.833003363969546, 0.0 ], [ 9.213788432077704, 54.833070269455668, 0.0 ], [ 9.213784183578337, 54.833128736229376, 0.0 ], [ 9.213839750727651, 54.833128100224087, 0.0 ] ] ] } },
{ "type": "Feature", "properties": { "layer": "WBK_WEG_TEMP" }, "geometry": { "type": "LineString", "coordinates": [ [ 9.213839750727651, 54.833128100224087 ], [ 9.213839747006901, 54.833128100270415 ], [ 9.213838527790454, 54.833092605269876 ], [ 9.214029768068265, 54.833029798676598 ], [ 9.214641781138202, 54.832994277082435 ], [ 9.214852967137091, 54.832766448501857 ], [ 9.21479459560447, 54.832754538570676 ], [ 9.214590304315724, 54.83297354528127 ], [ 9.214032401653084, 54.833003363968068 ], [ 9.213788432101953, 54.833070269457508 ], [ 9.213784183575909, 54.833128736220885 ], [ 9.213784183575909, 54.833128736220885 ], [ 9.213839750727651, 54.833128100224087 ] ] } },
{ "type": "Feature", "properties": { "layer": "WBK_WEG_TEMP" }, "geometry": { "type": "Polygon", "coordinates": [ [ [ 9.200455612884795, 54.847347698634479, 0.0 ], [ 9.200418972682868, 54.847314700423063, 0.0 ], [ 9.201797537651167, 54.845929222887548, 0.0 ], [ 9.201831465387068, 54.84594026695941, 0.0 ], [ 9.200455612884795, 54.847347698634479, 0.0 ] ] ] } },
{ "type": "Feature", "properties": { "layer": "WBK_WEG_TEMP" }, "geometry": { "type": "LineString", "coordinates": [ [ 9.200455612884795, 54.847347698634479 ], [ 9.200418972682872, 54.84731470042307 ], [ 9.201797537651171, 54.845929222887534 ], [ 9.201831465387075, 54.845940266959431 ], [ 9.200455612884795, 54.847347698634479 ] ] } },
{ "type": "Feature", "properties": { "layer": "WBK_WEG_TEMP" }, "geometry": { "type": "MultiLineString", "coordinates": [ [ [ 9.424584437790065, 54.444923695545306, 0.0 ], [ 9.424323948375434, 54.444553468480251, 0.0 ] ], [ [ 9.424323948397554, 54.444553468485594, 0.0 ], [ 9.423705838977572, 54.444676086966048, 0.0 ] ], [ [ 9.42370583893862, 54.444676086958012, 0.0 ], [ 9.423440308652131, 54.445040652249268, 0.0 ] ], [ [ 9.423440308698122, 54.445040652250924, 0.0 ], [ 9.423435321562788, 54.444971840841575, 0.0 ] ], [ [ 9.423435321562042, 54.444971840842619, 0.0 ], [ 9.423706864329889, 54.444631308828036, 0.0 ] ], [ [ 9.423706864297834, 54.444631308828626, 0.0 ], [ 9.424340379119839, 54.444513774566495, 0.0 ] ], [ [ 9.424340379153771, 54.444513774566346, 0.0 ], [ 9.424638523817306, 54.44491512127167, 0.0 ] ], [ [ 9.424638523793877, 54.444915121270967, 0.0 ], [ 9.42455844100448, 54.444886747284272, 0.0 ] ] ] } },
{ "type": "Feature", "properties": { "layer": "WBK_WEG_TEMP" }, "geometry": { "type": "LineString", "coordinates": [ [ 9.424585343873485, 54.444924983322217 ], [ 9.424323948397554, 54.444553468485594 ], [ 9.42370583893862, 54.444676086958012 ], [ 9.423440308698122, 54.445040652250924 ], [ 9.423435321562042, 54.444971840842619 ], [ 9.423706864297834, 54.444631308828626 ], [ 9.424340379153771, 54.444513774566346 ], [ 9.424340379153771, 54.444513774566346 ], [ 9.424638523793877, 54.444915121270967 ], [ 9.424584437790065, 54.444923695545306 ] ] } },
{ "type": "Feature", "properties": { "layer": "WBK_WEG_TEMP" }, "geometry": { "type": "MultiLineString", "coordinates": [ [ [ 9.196461784606241, 54.853494965652068, 0.0 ], [ 9.195906662877466, 54.852419255612503, 0.0 ] ], [ [ 9.19590666289462, 54.852419255619296, 0.0 ], [ 9.195312791181278, 54.852636528281479, 0.0 ] ], [ [ 9.195312791165023, 54.852636528275632, 0.0 ], [ 9.195379395988443, 54.852659804008219, 0.0 ] ], [ [ 9.195379395980886, 54.852659804013051, 0.0 ], [ 9.195844580277655, 54.852473693737139, 0.0 ] ], [ [ 9.195844580325726, 54.85247369373046, 0.0 ], [ 9.196392218724874, 54.853480455932946, 0.0 ] ], [ [ 9.196392218640085, 54.853480455937515, 0.0 ], [ 9.196412662504819, 54.853509524028297, 0.0 ] ], [ [ 9.196412662595604, 54.853509524025263, 0.0 ], [ 9.196463004654836, 54.8534973296941, 0.0 ] ] ] } },
{ "type": "Feature", "properties": { "layer": "WBK_WEG_TEMP" }, "geometry": { "type": "LineString", "coordinates": [ [ 9.196463004600357, 54.85349732969928 ], [ 9.19590666289462, 54.852419255619296 ], [ 9.195312791165023, 54.852636528275632 ], [ 9.195379395980886, 54.852659804013051 ], [ 9.195844580325726, 54.85247369373046 ], [ 9.196392218640085, 54.853480455937515 ], [ 9.196359520998996, 54.85352196527176 ], [ 9.196463004600357, 54.85349732969928 ] ] } },
{ "type": "Feature", "properties": { "layer": "WBK_WEG_TEMP" }, "geometry": { "type": "MultiLineString", "coordinates": [ [ [ 9.19570447866395, 54.853678496061733, 0.0 ], [ 9.195434116471446, 54.853167177572459, 0.0 ] ], [ [ 9.195434116540623, 54.853167177576339, 0.0 ], [ 9.194778917656464, 54.852959610052444, 0.0 ] ], [ [ 9.194778917592581, 54.852959610049048, 0.0 ], [ 9.19483464648666, 54.852993218035998, 0.0 ] ], [ [ 9.194834646520837, 54.852993218047892, 0.0 ], [ 9.195414522449092, 54.853216754147837, 0.0 ] ], [ [ 9.195414522487523, 54.853216754137435, 0.0 ], [ 9.195613810994509, 54.85369654406847, 0.0 ] ], [ [ 9.195613810940186, 54.853696544080371, 0.0 ], [ 9.195705489474834, 54.853680407686518, 0.0 ] ] ] } },
{ "type": "Feature", "properties": { "layer": "WBK_WEG_TEMP" }, "geometry": { "type": "LineString", "coordinates": [ [ 9.19570447866395, 54.853678496061733 ], [ 9.195434116540623, 54.853167177576339 ], [ 9.194778917592581, 54.852959610049048 ], [ 9.194834646520837, 54.852993218047892 ], [ 9.195414522487523, 54.853216754137435 ], [ 9.195613810940186, 54.853696544080371 ], [ 9.195705489496008, 54.853680407678844 ] ] } },
{ "type": "Feature", "properties": { "layer": "WBK_WEG_TEMP" }, "geometry": { "type": "Polygon", "coordinates": [ [ [ 9.213388607838501, 54.835586075280794, 0.0 ], [ 9.212172059242189, 54.835368480587405, 0.0 ], [ 9.212252852357359, 54.835394778776546, 0.0 ], [ 9.213373755886161, 54.835610479054743, 0.0 ], [ 9.213388607838501, 54.835586075280794, 0.0 ] ] ] } },
{ "type": "Feature", "properties": { "layer": "WBK_WEG_TEMP" }, "geometry": { "type": "LineString", "coordinates": [ [ 9.213388607838501, 54.835586075280794 ], [ 9.212172059305521, 54.835368480593758 ], [ 9.212252852294293, 54.835394778775381 ], [ 9.21337375594053, 54.835610479049798 ], [ 9.213388607838501, 54.835586075280794 ] ] } },
{ "type": "Feature", "properties": { "layer": "WBK_WEG_TEMP" }, "geometry": { "type": "Polygon", "coordinates": [ [ [ 9.199970213082974, 54.840910844780808, 0.0 ], [ 9.201121071229885, 54.841323016239819, 0.0 ], [ 9.201591377563229, 54.84186837991313, 0.0 ], [ 9.203071835923183, 54.843132035787711, 0.0 ], [ 9.205300722639711, 54.842365489451936, 0.0 ], [ 9.205326396032824, 54.842373843935633, 0.0 ], [ 9.204113506022161, 54.842824007993755, 0.0 ], [ 9.203020073256276, 54.843216669681105, 0.0 ], [ 9.201495896605079, 54.841915018004258, 0.0 ], [ 9.201034023899931, 54.841344371959522, 0.0 ], [ 9.19992018338265, 54.840936350749402, 0.0 ], [ 9.199970213082974, 54.840910844780808, 0.0 ] ] ] } },
{ "type": "Feature", "properties": { "layer": "WBK_WEG_TEMP" }, "geometry": { "type": "LineString", "coordinates": [ [ 9.199970213082974, 54.840910844780808 ], [ 9.201121071306606, 54.841323016240771 ], [ 9.201591377530839, 54.841868379909243 ], [ 9.203071835886345, 54.843132035782567 ], [ 9.205300722654393, 54.842365489452412 ], [ 9.205326396054698, 54.842373843939185 ], [ 9.204113506055824, 54.842824007993094 ], [ 9.203020073269458, 54.843216669675563 ], [ 9.201495896602625, 54.841915018003043 ], [ 9.201034023855266, 54.841344371961426 ], [ 9.199920183335678, 54.840936350757367 ], [ 9.199970213082974, 54.840910844780808 ] ] } },
{ "type": "Feature", "properties": { "layer": "WBK_WEG_TEMP" }, "geometry": { "type": "Polygon", "coordinates": [ [ [ 9.244153680470863, 54.802328108447568, 0.0 ], [ 9.244023705400028, 54.802736616416702, 0.0 ], [ 9.243987956297907, 54.802732065919187, 0.0 ], [ 9.244110068226522, 54.802333292779885, 0.0 ], [ 9.244153680470863, 54.802328108447568, 0.0 ] ] ] } },
{ "type": "Feature", "properties": { "layer": "WBK_WEG_TEMP" }, "geometry": { "type": "LineString", "coordinates": [ [ 9.244153680470863, 54.802328108447568 ], [ 9.244023705371465, 54.802736616424596 ], [ 9.243987956330772, 54.802732065915059 ], [ 9.24411006817644, 54.802333292777107 ], [ 9.244153680470863, 54.802328108447568 ] ] } },
{ "type": "Feature", "properties": { "layer": "WBK_WEG_TEMP" }, "geometry": { "type": "Polygon", "coordinates": [ [ [ 9.243784415280716, 54.802338707748291, 0.0 ], [ 9.244178697484855, 54.801884264738575, 0.0 ], [ 9.244569731317238, 54.801918152564831, 0.0 ], [ 9.244560788732183, 54.801940659362849, 0.0 ], [ 9.244198970661339, 54.801910443959549, 0.0 ], [ 9.243840322976085, 54.802332684124728, 0.0 ], [ 9.243784415280716, 54.802338707748291, 0.0 ] ] ] } },
{ "type": "Feature", "properties": { "layer": "WBK_WEG_TEMP" }, "geometry": { "type": "LineString", "coordinates": [ [ 9.243784415280716, 54.802338707748291 ], [ 9.24417869747637, 54.80188426473471 ], [ 9.244569731333677, 54.801918152564063 ], [ 9.244560788693098, 54.801940659366572 ], [ 9.244198970724511, 54.801910443960054 ], [ 9.243840322934277, 54.802332684124224 ], [ 9.243784415280716, 54.802338707748291 ] ] } },
{ "type": "Feature", "properties": { "layer": "WBK_WEG_TEMP" }, "geometry": { "type": "Polygon", "coordinates": [ [ [ 9.256901535218674, 54.772119448126297, 0.0 ], [ 9.256690075777513, 54.772113843519456, 0.0 ], [ 9.25607183645549, 54.772202454114328, 0.0 ], [ 9.256088122505151, 54.772171288418171, 0.0 ], [ 9.256682120407948, 54.772098268804527, 0.0 ], [ 9.256928945275446, 54.772097745463562, 0.0 ], [ 9.256929062218999, 54.772116166992106, 0.0 ], [ 9.256901535218674, 54.772119448126297, 0.0 ] ] ] } },
{ "type": "Feature", "properties": { "layer": "WBK_WEG_TEMP" }, "geometry": { "type": "LineString", "coordinates": [ [ 9.256901535218674, 54.772119448126297 ], [ 9.25669007581674, 54.772113843514752 ], [ 9.256071836443379, 54.772202454113867 ], [ 9.256088122483604, 54.772171288419308 ], [ 9.256682120365275, 54.772098268809174 ], [ 9.256928945298066, 54.772097745463505 ], [ 9.256929062218962, 54.772116166988262 ], [ 9.256901535218674, 54.772119448126297 ] ] } },
{ "type": "Feature", "properties": { "layer": "WBK_WEG_TEMP" }, "geometry": { "type": "MultiLineString", "coordinates": [ [ [ 9.265943652736169, 54.754374877597996, 0.0 ], [ 9.266164541479057, 54.75400304953974, 0.0 ] ], [ [ 9.26616454146847, 54.754003049542334, 0.0 ], [ 9.265235045074631, 54.753804128268314, 0.0 ] ], [ [ 9.265235045089753, 54.753804128266943, 0.0 ], [ 9.264854177805747, 54.753671522913216, 0.0 ] ], [ [ 9.264854177794657, 54.75367152290336, 0.0 ], [ 9.264825852372951, 54.753698738886342, 0.0 ] ], [ [ 9.264825852329128, 54.753698738887685, 0.0 ], [ 9.265243033504451, 54.753846421989124, 0.0 ] ], [ [ 9.265243033513514, 54.75384642200158, 0.0 ], [ 9.266096891612564, 54.754024756708148, 0.0 ] ], [ [ 9.266096891664994, 54.754024756702123, 0.0 ], [ 9.26588321641233, 54.754362070664946, 0.0 ] ], [ [ 9.265883216359468, 54.754362070668812, 0.0 ], [ 9.265944075914309, 54.754374165190335, 0.0 ] ] ] } },
{ "type": "Feature", "properties": { "layer": "WBK_WEG_TEMP" }, "geometry": { "type": "LineString", "coordinates": [ [ 9.265943652736169, 54.754374877597996 ], [ 9.26616454146847, 54.754003049542334 ], [ 9.265235045089753, 54.753804128266943 ], [ 9.264854177794657, 54.75367152290336 ], [ 9.264825852329128, 54.753698738887685 ], [ 9.265243033513514, 54.75384642200158 ], [ 9.266096891664994, 54.754024756702123 ], [ 9.265883216359468, 54.754362070668812 ], [ 9.26594407589341, 54.75437416517989 ] ] } },
{ "type": "Feature", "properties": { "layer": "WBK_WEG_TEMP" }, "geometry": { "type": "Polygon", "coordinates": [ [ [ 9.261228118973017, 54.754860189293645, 0.0 ], [ 9.262857128499412, 54.754939811736499, 0.0 ], [ 9.262828057586505, 54.754998943021683, 0.0 ], [ 9.261220692196515, 54.754915514345669, 0.0 ], [ 9.261228118973017, 54.754860189293645, 0.0 ] ] ] } },
{ "type": "Feature", "properties": { "layer": "WBK_WEG_TEMP" }, "geometry": { "type": "LineString", "coordinates": [ [ 9.261228118973017, 54.754860189293645 ], [ 9.262857130749001, 54.754939806936505 ], [ 9.26282805760262, 54.754998943022656 ], [ 9.261220692187019, 54.754915514345178 ], [ 9.261228118973017, 54.754860189293645 ] ] } },
{ "type": "Feature", "properties": { "layer": "WBK_WEG_TEMP" }, "geometry": { "type": "Polygon", "coordinates": [ [ [ 9.263355961524674, 54.754018649245687, 0.0 ], [ 9.26342255926436, 54.754269997443984, 0.0 ], [ 9.263471262616866, 54.754287942532429, 0.0 ], [ 9.263459531956716, 54.754039574224812, 0.0 ], [ 9.263355961524674, 54.754018649245687, 0.0 ] ] ] } },
{ "type": "Feature", "properties": { "layer": "WBK_WEG_TEMP" }, "geometry": { "type": "LineString", "coordinates": [ [ 9.263355961524674, 54.754018649245687 ], [ 9.263422559288257, 54.754269997435927 ], [ 9.263471262605506, 54.754287942532933 ], [ 9.263459531932737, 54.754039574222226 ], [ 9.263355961524674, 54.754018649245687 ] ] } },
{ "type": "Feature", "properties": { "layer": "WBK_WEG_TEMP" }, "geometry": { "type": "Polygon", "coordinates": [ [ [ 9.267580945886699, 54.754749730063779, 0.0 ], [ 9.267983231270092, 54.753997583321237, 0.0 ], [ 9.26738294934958, 54.753893710623174, 0.0 ], [ 9.267402646014883, 54.753855632707968, 0.0 ], [ 9.267358635152265, 54.753824855733527, 0.0 ], [ 9.268309653374727, 54.751857554729014, 0.0 ], [ 9.26854488470874, 54.751835729138328, 0.0 ], [ 9.26848889628371, 54.751796882612005, 0.0 ], [ 9.268216967068366, 54.751815158347007, 0.0 ], [ 9.267211236425769, 54.753895931916396, 0.0 ], [ 9.267835534409141, 54.7539968799503, 0.0 ], [ 9.267851554087656, 54.754061494515646, 0.0 ], [ 9.267493842399928, 54.754731418580278, 0.0 ], [ 9.267580945886699, 54.754749730063779, 0.0 ] ] ] } },
{ "type": "Feature", "properties": { "layer": "WBK_WEG_TEMP" }, "geometry": { "type": "LineString", "coordinates": [ [ 9.267580945886699, 54.754749730063779 ], [ 9.267983231272787, 54.753997583316881 ], [ 9.267382949370232, 54.753893710625483 ], [ 9.267402646006792, 54.753855632707172 ], [ 9.267358635165641, 54.753824855731509 ], [ 9.268309653349613, 54.751857554734798 ], [ 9.268544884668295, 54.751835729129496 ], [ 9.268488896353672, 54.751796882616951 ], [ 9.268216967019807, 54.751815158343078 ], [ 9.267211236397175, 54.753895931920667 ], [ 9.267835534427686, 54.753996879944189 ], [ 9.267851554159657, 54.754061494525253 ], [ 9.267493842339666, 54.754731418580477 ], [ 9.267580945886699, 54.754749730063779 ], [ 9.267580945886699, 54.754749730063779 ] ] } },
{ "type": "Feature", "properties": { "layer": "WBK_WEG_TEMP" }, "geometry": { "type": "MultiLineString", "coordinates": [ [ [ 9.290251954798229, 54.74141745416096, 0.0 ], [ 9.29023493246315, 54.741480225692726, 0.0 ] ], [ [ 9.290234932482102, 54.7414802257058, 0.0 ], [ 9.28976015858999, 54.741576327973711, 0.0 ] ], [ [ 9.289760158509631, 54.7415763279703, 0.0 ], [ 9.289813833943288, 54.741613401977808, 0.0 ] ], [ [ 9.289813833976492, 54.741613401974746, 0.0 ], [ 9.290311150517338, 54.74149740532259, 0.0 ] ], [ [ 9.290311150472375, 54.741497405327706, 0.0 ], [ 9.290301754988482, 54.741420188733024, 0.0 ] ], [ [ 9.290301755043593, 54.741420188720873, 0.0 ], [ 9.290252427461184, 54.741415711100089, 0.0 ] ] ] } },
{ "type": "Feature", "properties": { "layer": "WBK_WEG_TEMP" }, "geometry": { "type": "LineString", "coordinates": [ [ 9.290251954798229, 54.74141745416096 ], [ 9.290234932482102, 54.7414802257058 ], [ 9.289760158509631, 54.7415763279703 ], [ 9.289813833976492, 54.741613401974746 ], [ 9.290311150472375, 54.741497405327706 ], [ 9.290301755043593, 54.741420188720873 ], [ 9.290252427482084, 54.741415711108459 ] ] } },
{ "type": "Feature", "properties": { "layer": "WBK_WEG_TEMP" }, "geometry": { "type": "Polygon", "coordinates": [ [ [ 9.274358893713602, 54.748201352219965, 0.0 ], [ 9.274144678681647, 54.749128618542656, 0.0 ], [ 9.274068919157267, 54.749076187877556, 0.0 ], [ 9.274264428111056, 54.748274540198885, 0.0 ], [ 9.274358893713602, 54.748201352219965, 0.0 ] ] ] } },
{ "type": "Feature", "properties": { "layer": "WBK_WEG_TEMP" }, "geometry": { "type": "LineString", "coordinates": [ [ 9.274358893713602, 54.748201352219965 ], [ 9.274144678638185, 54.749128618540546 ], [ 9.274068919190887, 54.749076187885279 ], [ 9.274264428082102, 54.748274540199724 ], [ 9.274358893713602, 54.748201352219965 ] ] } },
{ "type": "Feature", "properties": { "layer": "WBK_WEG_TEMP" }, "geometry": { "type": "Polygon", "coordinates": [ [ [ 9.260858389987408, 54.757695422645284, 0.0 ], [ 9.262030078266077, 54.757924577450488, 0.0 ], [ 9.26202102389276, 54.757947420077194, 0.0 ], [ 9.260747011420683, 54.75770015005601, 0.0 ], [ 9.260858389987408, 54.757695422645284, 0.0 ] ] ] } },
{ "type": "Feature", "properties": { "layer": "WBK_WEG_TEMP" }, "geometry": { "type": "LineString", "coordinates": [ [ 9.260858389987408, 54.757695422645284 ], [ 9.26203007822026, 54.75792457744479 ], [ 9.26202102392528, 54.757947420079098 ], [ 9.260747011430086, 54.757700150061282 ], [ 9.260858389987408, 54.757695422645284 ] ] } },
{ "type": "Feature", "properties": { "layer": "WBK_WEG_TEMP" }, "geometry": { "type": "MultiLineString", "coordinates": [ [ [ 9.260392062209961, 54.763323575624504, 0.0 ], [ 9.259226328394384, 54.764996075646629, 0.0 ] ], [ [ 9.259226328393197, 54.764996075641115, 0.0 ], [ 9.259168181958575, 54.764988366620628, 0.0 ] ], [ [ 9.259168181972786, 54.764988366627144, 0.0 ], [ 9.260312825305657, 54.76331324866149, 0.0 ] ], [ [ 9.26031282526397, 54.763313248661632, 0.0 ], [ 9.260361190420831, 54.763319552109316, 0.0 ] ] ] } },
{ "type": "Feature", "properties": { "layer": "WBK_WEG_TEMP" }, "geometry": { "type": "LineString", "coordinates": [ [ 9.260392062209961, 54.763323575624504 ], [ 9.259226328393197, 54.764996075641115 ], [ 9.259168181972786, 54.764988366627144 ], [ 9.26031282526397, 54.763313248661632 ], [ 9.25989479767164, 54.763310135536798 ] ] } },
{ "type": "Feature", "properties": { "layer": "WBK_WEG_TEMP" }, "geometry": { "type": "Polygon", "coordinates": [ [ [ 9.250771224588707, 54.784044524505724, 0.0 ], [ 9.250890448705039, 54.78409717037821, 0.0 ], [ 9.251796272082368, 54.783721940944339, 0.0 ], [ 9.251869282469894, 54.783731620800623, 0.0 ], [ 9.250894793606131, 54.784137330226443, 0.0 ], [ 9.250714746830468, 54.784105331591149, 0.0 ], [ 9.25062273355891, 54.784064701041203, 0.0 ], [ 9.250771224588707, 54.784044524505724, 0.0 ] ] ] } },
{ "type": "Feature", "properties": { "layer": "WBK_WEG_TEMP" }, "geometry": { "type": "LineString", "coordinates": [ [ 9.250771224588707, 54.784044524505724 ], [ 9.250890448749471, 54.784097170373499 ], [ 9.251796272051843, 54.783721940951885 ], [ 9.251869282440667, 54.783731620798953 ], [ 9.25089479360399, 54.784137330217483 ], [ 9.250714746867359, 54.784105331599463 ], [ 9.250622733582965, 54.784064701041821 ], [ 9.250771224588707, 54.784044524505724 ] ] } },
{ "type": "Feature", "properties": { "layer": "WBK_WEG_TEMP" }, "geometry": { "type": "Polygon", "coordinates": [ [ [ 9.224283147292777, 54.824397881881978, 0.0 ], [ 9.221692769937448, 54.82572525311717, 0.0 ], [ 9.221615498926235, 54.825700102632382, 0.0 ], [ 9.224163114163696, 54.824370415707307, 0.0 ], [ 9.224283147292777, 54.824397881881978, 0.0 ] ] ] } },
{ "type": "Feature", "properties": { "layer": "WBK_WEG_TEMP" }, "geometry": { "type": "LineString", "coordinates": [ [ 9.224283147292777, 54.824397881881978 ], [ 9.22169276991748, 54.825725253113959 ], [ 9.221615498941244, 54.825700102634187 ], [ 9.224163114116969, 54.824370415703768 ], [ 9.224283147292777, 54.824397881881978 ] ] } },
{ "type": "Feature", "properties": { "layer": "WBK_WEG_TEMP" }, "geometry": { "type": "Polygon", "coordinates": [ [ [ 9.207663155649309, 54.838979240902425, 0.0 ], [ 9.208407220647212, 54.83922145956722, 0.0 ], [ 9.208371888277759, 54.839257650553201, 0.0 ], [ 9.207769133831878, 54.839051725020489, 0.0 ], [ 9.207663155649309, 54.838979240902425, 0.0 ] ] ] } },
{ "type": "Feature", "properties": { "layer": "WBK_WEG_TEMP" }, "geometry": { "type": "LineString", "coordinates": [ [ 9.207663155649309, 54.838979240902425 ], [ 9.208407220638948, 54.839221459566133 ], [ 9.208371888260565, 54.839257650554273 ], [ 9.207769133815386, 54.839051725029755 ], [ 9.207663155649309, 54.838979240902425 ] ] } },
{ "type": "Feature", "properties": { "layer": "WBK_WEG_TEMP" }, "geometry": { "type": "Polygon", "coordinates": [ [ [ 9.311976589363088, 54.728512621824997, 0.0 ], [ 9.312000858408615, 54.728737661843127, 0.0 ], [ 9.31194688749188, 54.729329878357923, 0.0 ], [ 9.3140624479874, 54.729351923409816, 0.0 ], [ 9.314036507062868, 54.729347442643345, 0.0 ], [ 9.314037906774786, 54.72940522628609, 0.0 ], [ 9.311845100999351, 54.729397400592234, 0.0 ], [ 9.311883472284107, 54.728505211961625, 0.0 ], [ 9.311976589363088, 54.728512621824997, 0.0 ] ] ] } },
{ "type": "Feature", "properties": { "layer": "WBK_WEG_TEMP" }, "geometry": { "type": "LineString", "coordinates": [ [ 9.311976589363088, 54.728512621824997 ], [ 9.312000858408615, 54.728737661843127 ], [ 9.31194688749188, 54.729329878357923 ], [ 9.314044080476615, 54.729347506236124 ], [ 9.314037906774782, 54.72940522628609 ], [ 9.314037906774786, 54.72940522628609 ], [ 9.311845100999351, 54.729397400592234 ], [ 9.311883472284107, 54.728505211961625 ], [ 9.311976589363088, 54.728512621824997 ] ] } },
{ "type": "Feature", "properties": { "layer": "WBK_WEG_TEMP" }, "geometry": { "type": "Polygon", "coordinates": [ [ [ 9.312490571415919, 54.730030451784927, 0.0 ], [ 9.31288531563904, 54.730359689325539, 0.0 ], [ 9.312957353088667, 54.730372538584888, 0.0 ], [ 9.312578699756788, 54.730030075822036, 0.0 ], [ 9.312490571415919, 54.730030451784927, 0.0 ] ] ] } },
{ "type": "Feature", "properties": { "layer": "WBK_WEG_TEMP" }, "geometry": { "type": "LineString", "coordinates": [ [ 9.312490571415919, 54.730030451784927 ], [ 9.312885315656063, 54.730359689327479 ], [ 9.31295735306742, 54.730372538585328 ], [ 9.312578699755061, 54.730030075821759 ], [ 9.312490571415919, 54.730030451784927 ] ] } },
{ "type": "Feature", "properties": { "layer": "WBK_WEG_TEMP" }, "geometry": { "type": "Polygon", "coordinates": [ [ [ 9.193088273165547, 54.859277337314687, 0.0 ], [ 9.192974552345555, 54.859574036864984, 0.0 ], [ 9.193044182441659, 54.859582918126449, 0.0 ], [ 9.193129464434234, 54.85932724808265, 0.0 ], [ 9.193088273165547, 54.859277337314687, 0.0 ] ] ] } },
{ "type": "Feature", "properties": { "layer": "WBK_WEG_TEMP" }, "geometry": { "type": "LineString", "coordinates": [ [ 9.193083606228216, 54.859287793354092 ], [ 9.192974999993911, 54.859582048038313 ], [ 9.193041081881113, 54.859590751877043 ], [ 9.193155152492483, 54.859298420403277 ], [ 9.193083606228216, 54.859287793354092 ] ] } },
{ "type": "Feature", "properties": { "layer": "WBK_WEG_TEMP" }, "geometry": { "type": "MultiLineString", "coordinates": [ [ [ 9.397903947330924, 54.691430851491518, 0.0 ], [ 9.398378866153497, 54.691364166690484, 0.0 ] ], [ [ 9.39837886616602, 54.691364166692352, 0.0 ], [ 9.398426962555593, 54.691400427299996, 0.0 ] ], [ [ 9.398426962627624, 54.69140042730151, 0.0 ], [ 9.3980501947907, 54.691455210494738, 0.0 ] ], [ [ 9.398050194747988, 54.691455210499875, 0.0 ], [ 9.39790394737277, 54.691430851500023, 0.0 ] ] ] } },
{ "type": "Feature", "properties": { "layer": "WBK_WEG_TEMP" }, "geometry": { "type": "LineString", "coordinates": [ [ 9.397903947330924, 54.691430851491518 ], [ 9.39837886616602, 54.691364166692352 ], [ 9.398426962627624, 54.69140042730151 ], [ 9.398050194747988, 54.691455210499875 ], [ 9.397903947330924, 54.691430851491518 ] ] } },
{ "type": "Feature", "properties": { "layer": "WBK_WEG_TEMP" }, "geometry": { "type": "Polygon", "coordinates": [ [ [ 9.38937342525918, 54.69433687861963, 0.0 ], [ 9.389785846843116, 54.694967196226784, 0.0 ], [ 9.38967548693037, 54.695021084212804, 0.0 ], [ 9.389314626112959, 54.694431048844578, 0.0 ], [ 9.38937342525918, 54.69433687861963, 0.0 ] ] ] } },
{ "type": "Feature", "properties": { "layer": "WBK_WEG_TEMP" }, "geometry": { "type": "LineString", "coordinates": [ [ 9.38937342525918, 54.69433687861963 ], [ 9.389785846894137, 54.694967196217135 ], [ 9.389675486917318, 54.69502108421802 ], [ 9.38931462614342, 54.6944310488459 ], [ 9.38937342525918, 54.69433687861963 ] ] } },
{ "type": "Feature", "properties": { "layer": "WBK_WEG_TEMP" }, "geometry": { "type": "Polygon", "coordinates": [ [ [ 9.40924266951567, 54.687010162397279, 0.0 ], [ 9.409455106240364, 54.686360149893069, 0.0 ], [ 9.4094203118872, 54.686347171086823, 0.0 ], [ 9.409193036908537, 54.686988937280219, 0.0 ], [ 9.40924266951567, 54.687010162397279, 0.0 ] ] ] } },
{ "type": "Feature", "properties": { "layer": "WBK_WEG_TEMP" }, "geometry": { "type": "LineString", "coordinates": [ [ 9.40924266951567, 54.687010162397279 ], [ 9.409455106239763, 54.686360149893829 ], [ 9.4094203118872, 54.686347171086823 ], [ 9.409190224588537, 54.686995684819053 ], [ 9.40924266951567, 54.687010162397279 ] ] } },
{ "type": "Feature", "properties": { "layer": "WBK_WEG_TEMP" }, "geometry": { "type": "Polygon", "coordinates": [ [ [ 9.422062680344236, 54.663907009022211, 0.0 ], [ 9.420436461408077, 54.664105426820782, 0.0 ], [ 9.420447532561214, 54.664040988973838, 0.0 ], [ 9.422156570334518, 54.663851354849569, 0.0 ], [ 9.422169185313745, 54.663897150762047, 0.0 ], [ 9.422062680344236, 54.663907009022211, 0.0 ] ] ] } },
{ "type": "Feature", "properties": { "layer": "WBK_WEG_TEMP" }, "geometry": { "type": "LineString", "coordinates": [ [ 9.422062680344236, 54.663907009022211 ], [ 9.420436461408494, 54.664105426811702 ], [ 9.420447532598102, 54.664040988972999 ], [ 9.422156570285845, 54.663851354851793 ], [ 9.42216918533334, 54.663897150770588 ], [ 9.422062680344236, 54.663907009022211 ] ] } },
{ "type": "Feature", "properties": { "layer": "WBK_WEG_TEMP" }, "geometry": { "type": "Polygon", "coordinates": [ [ [ 9.426403349847536, 54.468599710823028, 0.0 ], [ 9.425676991061188, 54.468575830191469, 0.0 ], [ 9.425486153716916, 54.468659060917915, 0.0 ], [ 9.424779431793262, 54.468631316093798, 0.0 ], [ 9.424779704848591, 54.468657650849998, 0.0 ], [ 9.425479566718741, 54.46868815774139, 0.0 ], [ 9.425699861270973, 54.468599264544224, 0.0 ], [ 9.426399356303097, 54.468621624066387, 0.0 ], [ 9.426403349847536, 54.468599710823028, 0.0 ] ] ] } },
{ "type": "Feature", "properties": { "layer": "WBK_WEG_TEMP" }, "geometry": { "type": "LineString", "coordinates": [ [ 9.426403349847536, 54.468599710823028 ], [ 9.42567699100381, 54.468575830201239 ], [ 9.4254861537481, 54.468659060912003 ], [ 9.424779431779772, 54.468631316094012 ], [ 9.424779704848614, 54.46865765085402 ], [ 9.42547956677676, 54.468688157739287 ], [ 9.425699861227089, 54.468599264543954 ], [ 9.426399356267497, 54.468621624068874 ], [ 9.426403349847536, 54.468599710823028 ] ] } },
{ "type": "Feature", "properties": { "layer": "WBK_WEG_TEMP" }, "geometry": { "type": "MultiLineString", "coordinates": [ [ [ 9.424318301464147, 54.468788793520943, 0.0 ], [ 9.424281517851163, 54.468790248791812, 0.0 ] ], [ [ 9.424281517876896, 54.468790248786384, 0.0 ], [ 9.4242928847698, 54.468914665380822, 0.0 ] ], [ [ 9.424292884754257, 54.468914665389278, 0.0 ], [ 9.424945814550014, 54.468895338794987, 0.0 ] ], [ [ 9.424945814496681, 54.468895338782289, 0.0 ], [ 9.425513226057166, 54.468931327789662, 0.0 ] ], [ [ 9.425513226081501, 54.46893132780302, 0.0 ], [ 9.425510095959481, 54.468907303275031, 0.0 ] ], [ [ 9.425510095972815, 54.468907303274136, 0.0 ], [ 9.424949899112097, 54.468873344990044, 0.0 ] ], [ [ 9.424949899131983, 54.468873344986058, 0.0 ], [ 9.42432565853621, 54.468888909720789, 0.0 ] ], [ [ 9.424325658479717, 54.468888909720924, 0.0 ], [ 9.424318324525615, 54.468789107918262, 0.0 ] ] ] } },
{ "type": "Feature", "properties": { "layer": "WBK_WEG_TEMP" }, "geometry": { "type": "LineString", "coordinates": [ [ 9.424318301464147, 54.468788793520943 ], [ 9.424281517876896, 54.468790248786384 ], [ 9.424292884754257, 54.468914665389278 ], [ 9.424945814496681, 54.468895338782289 ], [ 9.425513226081501, 54.46893132780302 ], [ 9.425510095972815, 54.468907303274136 ], [ 9.424949899131983, 54.468873344986058 ], [ 9.424325658479717, 54.468888909720924 ], [ 9.42431832459053, 54.4687891079192 ] ] } },
{ "type": "Feature", "properties": { "layer": "WBK_WEG_TEMP" }, "geometry": { "type": "Polygon", "coordinates": [ [ [ 9.426643549511056, 54.485374689070525, 0.0 ], [ 9.42722916541028, 54.485823591802394, 0.0 ], [ 9.427185121034277, 54.485828346136842, 0.0 ], [ 9.42659304689767, 54.485376073934859, 0.0 ], [ 9.426643549511056, 54.485374689070525, 0.0 ] ] ] } },
{ "type": "Feature", "properties": { "layer": "WBK_WEG_TEMP" }, "geometry": { "type": "LineString", "coordinates": [ [ 9.426643549511056, 54.485374689070525 ], [ 9.427229165428921, 54.485823591811105 ], [ 9.427185121010913, 54.485828346139563 ], [ 9.426593046948637, 54.485376073928364 ], [ 9.426643549511056, 54.485374689070525 ] ] } },
{ "type": "Feature", "properties": { "layer": "WBK_WEG_TEMP" }, "geometry": { "type": "Polygon", "coordinates": [ [ [ 9.428830117823111, 54.509747879778317, 0.0 ], [ 9.428912532355527, 54.509105592799138, 0.0 ], [ 9.428961317338524, 54.509161828582535, 0.0 ], [ 9.428908810374537, 54.509759600842663, 0.0 ], [ 9.428830117823111, 54.509747879778317, 0.0 ] ] ] } },
{ "type": "Feature", "properties": { "layer": "WBK_WEG_TEMP" }, "geometry": { "type": "LineString", "coordinates": [ [ 9.428830117823111, 54.509747879778317 ], [ 9.428912532375005, 54.509105592805312 ], [ 9.428961317363987, 54.509161828581 ], [ 9.428908810346902, 54.509759600841328 ], [ 9.428830117823111, 54.509747879778317 ] ] } },
{ "type": "Feature", "properties": { "layer": "WBK_WEG_TEMP" }, "geometry": { "type": "Polygon", "coordinates": [ [ [ 9.43137216985364, 54.536898281814338, 0.0 ], [ 9.430243496393119, 54.536803155274498, 0.0 ], [ 9.428323459198074, 54.537048727426502, 0.0 ], [ 9.428385394841865, 54.537075406311779, 0.0 ], [ 9.43024984726361, 54.53682367425359, 0.0 ], [ 9.431323634619009, 54.536918222239564, 0.0 ], [ 9.43137216985364, 54.536898281814338, 0.0 ] ] ] } },
{ "type": "Feature", "properties": { "layer": "WBK_WEG_TEMP" }, "geometry": { "type": "LineString", "coordinates": [ [ 9.43137216985364, 54.536898281814338 ], [ 9.43024349637626, 54.536803155270064 ], [ 9.428323459256891, 54.5370487274363 ], [ 9.428385394786712, 54.537075406306705 ], [ 9.430249847315244, 54.536823674254457 ], [ 9.431323634573877, 54.536918222231996 ], [ 9.43137216985364, 54.536898281814338 ] ] } },
{ "type": "Feature", "properties": { "layer": "WBK_WEG_TEMP" }, "geometry": { "type": "Polygon", "coordinates": [ [ [ 9.426547109867853, 54.539734521969855, 0.0 ], [ 9.427741389780429, 54.540833453635678, 0.0 ], [ 9.427640057478779, 54.54082779739376, 0.0 ], [ 9.426497118165287, 54.539755731850683, 0.0 ], [ 9.426547109867853, 54.539734521969855, 0.0 ] ] ] } },
{ "type": "Feature", "properties": { "layer": "WBK_WEG_TEMP" }, "geometry": { "type": "LineString", "coordinates": [ [ 9.426547109867853, 54.539734521969855 ], [ 9.427741389815973, 54.540833453641589 ], [ 9.427640057473097, 54.540827797389696 ], [ 9.426497118090976, 54.539755731857788 ], [ 9.426547109867853, 54.539734521969855 ] ] } },
{ "type": "Feature", "properties": { "layer": "WBK_WEG_TEMP" }, "geometry": { "type": "LineString", "coordinates": [ [ 9.426512173704294, 54.548530426844025 ], [ 9.426171419321395, 54.548514571467102 ], [ 9.426168855358021, 54.548489605725912 ], [ 9.426511915640321, 54.54850571332846 ], [ 9.426508505886902, 54.548530256190787 ] ] } },
{ "type": "Feature", "properties": { "layer": "WBK_WEG_TEMP" }, "geometry": { "type": "MultiLineString", "coordinates": [ [ [ 9.407583241601362, 54.598179404400994, 0.0 ], [ 9.40740780979408, 54.598150256578485, 0.0 ] ], [ [ 9.407407809809506, 54.598150256589712, 0.0 ], [ 9.408207169697546, 54.597109424228684, 0.0 ] ], [ [ 9.408207169675654, 54.597109424220086, 0.0 ], [ 9.408136921974176, 54.596947053600175, 0.0 ] ], [ [ 9.408136921963965, 54.596947053607536, 0.0 ], [ 9.408506416846377, 54.596434876890967, 0.0 ] ], [ [ 9.408506416828356, 54.596434876889738, 0.0 ], [ 9.40856503772044, 54.596448111073173, 0.0 ] ], [ [ 9.408565037745351, 54.596448111072299, 0.0 ], [ 9.408219346737665, 54.596964355208385, 0.0 ] ], [ [ 9.408219346736796, 54.596964355209735, 0.0 ], [ 9.408280218136499, 54.597094623419878, 0.0 ] ], [ [ 9.4082802181243, 54.59709462340647, 0.0 ], [ 9.407496727445865, 54.598131048352649, 0.0 ] ], [ [ 9.407496727507525, 54.598131048359029, 0.0 ], [ 9.407599504408379, 54.598157241259194, 0.0 ] ], [ [ 9.407599504312818, 54.598157241257397, 0.0 ], [ 9.407588177045909, 54.598180224425825, 0.0 ] ] ] } },
{ "type": "Feature", "properties": { "layer": "WBK_WEG_TEMP" }, "geometry": { "type": "LineString", "coordinates": [ [ 9.407583241601362, 54.598179404400994 ], [ 9.407407809809506, 54.598150256589712 ], [ 9.408207169675654, 54.597109424220086 ], [ 9.408136921963965, 54.596947053607536 ], [ 9.408506416828356, 54.596434876889738 ], [ 9.408565037745351, 54.596448111072299 ], [ 9.408219346736796, 54.596964355209735 ], [ 9.4082802181243, 54.59709462340647 ], [ 9.407496727507525, 54.598131048359029 ], [ 9.407599504312818, 54.598157241257397 ], [ 9.407588177101205, 54.598180224437627 ] ] } },
{ "type": "Feature", "properties": { "layer": "WBK_WEG_TEMP" }, "geometry": { "type": "MultiLineString", "coordinates": [ [ [ 9.407779526788691, 54.59816221016041, 0.0 ], [ 9.408860022758347, 54.596819042330914, 0.0 ] ], [ [ 9.408860022722983, 54.596819042328661, 0.0 ], [ 9.408889602963367, 54.596880973857111, 0.0 ] ], [ [ 9.408889603014462, 54.596880973862241, 0.0 ], [ 9.407819543053638, 54.59817383814277, 0.0 ] ], [ [ 9.407819542984026, 54.598173838141712, 0.0 ], [ 9.407779014537832, 54.598162846852638, 0.0 ] ] ] } },
{ "type": "Feature", "properties": { "layer": "WBK_WEG_TEMP" }, "geometry": { "type": "LineString", "coordinates": [ [ 9.407779526788691, 54.59816221016041 ], [ 9.408860022722983, 54.596819042328661 ], [ 9.408889603014462, 54.596880973862241 ], [ 9.407819542984026, 54.598173838141712 ], [ 9.407779014555386, 54.598162846848162 ] ] } },
{ "type": "Feature", "properties": { "layer": "WBK_WEG_TEMP" }, "geometry": { "type": "Polygon", "coordinates": [ [ [ 9.41798508726402, 54.637140057001162, 0.0 ], [ 9.421959267669536, 54.636962652148469, 0.0 ], [ 9.421948285946113, 54.637124278685199, 0.0 ], [ 9.421883911695327, 54.637122808444282, 0.0 ], [ 9.421882593820643, 54.636995633666068, 0.0 ], [ 9.417967866744222, 54.637192218496054, 0.0 ], [ 9.41798508726402, 54.637140057001162, 0.0 ] ] ] } },
{ "type": "Feature", "properties": { "layer": "WBK_WEG_TEMP" }, "geometry": { "type": "LineString", "coordinates": [ [ 9.41798508726402, 54.637140057001162 ], [ 9.421959267658861, 54.636962652146828 ], [ 9.421948285912421, 54.637124278689932 ], [ 9.421883911726999, 54.637122808439116 ], [ 9.421882593820701, 54.636995633671127 ], [ 9.417967866783997, 54.637192218485986 ], [ 9.41798508726402, 54.637140057001162 ] ] } },
{ "type": "Feature", "properties": { "layer": "WBK_WEG_TEMP" }, "geometry": { "type": "MultiLineString", "coordinates": [ [ [ 9.421140914493487, 54.63917446379606, 0.0 ], [ 9.421454710674938, 54.639158874662762, 0.0 ] ], [ [ 9.421454710652251, 54.639158874669597, 0.0 ], [ 9.421449408232547, 54.639115132004626, 0.0 ] ], [ [ 9.421449408282458, 54.639115132000974, 0.0 ], [ 9.42217565076818, 54.639074155107437, 0.0 ] ], [ [ 9.422175650799005, 54.639074155113541, 0.0 ], [ 9.42217529932077, 54.639040264278478, 0.0 ] ], [ [ 9.422175299320756, 54.639040264276133, 0.0 ], [ 9.421412435643724, 54.639088421567941, 0.0 ] ], [ [ 9.421412435634368, 54.639088421563677, 0.0 ], [ 9.421388022793451, 54.639117177494775, 0.0 ] ], [ [ 9.42138802275279, 54.639117177501397, 0.0 ], [ 9.421132148967137, 54.639142101932912, 0.0 ] ], [ [ 9.421132148922618, 54.639142101924627, 0.0 ], [ 9.421136956492317, 54.639174660420203, 0.0 ] ] ] } },
{ "type": "Feature", "properties": { "layer": "WBK_WEG_TEMP" }, "geometry": { "type": "LineString", "coordinates": [ [ 9.421140914493487, 54.63917446379606 ], [ 9.421454710652251, 54.639158874669597 ], [ 9.421449408282458, 54.639115132000974 ], [ 9.422175650799005, 54.639074155113541 ], [ 9.422175299320756, 54.639040264276133 ], [ 9.421412435634368, 54.639088421563677 ], [ 9.42138802275279, 54.639117177501397 ], [ 9.421132148922618, 54.639142101924627 ], [ 9.421136956552608, 54.639174660419876 ] ] } },
{ "type": "Feature", "properties": { "layer": "WBK_WEG_TEMP" }, "geometry": { "type": "Polygon", "coordinates": [ [ [ 9.421078649581986, 54.63927193235012, 0.0 ], [ 9.421450383763167, 54.639251170163121, 0.0 ], [ 9.421448390869207, 54.639296617394592, 0.0 ], [ 9.422156039660088, 54.639267297431161, 0.0 ], [ 9.422151862323698, 54.639312696194182, 0.0 ], [ 9.421446669110436, 54.639342070503766, 0.0 ], [ 9.421367848885474, 54.639342345012146, 0.0 ], [ 9.421362289342133, 54.639294329796897, 0.0 ], [ 9.421096715198706, 54.639301465936953, 0.0 ], [ 9.421078649581986, 54.63927193235012, 0.0 ] ] ] } },
{ "type": "Feature", "properties": { "layer": "WBK_WEG_TEMP" }, "geometry": { "type": "LineString", "coordinates": [ [ 9.421078649581986, 54.63927193235012 ], [ 9.421450383769034, 54.639251170157976 ], [ 9.421448390863524, 54.639296617404661 ], [ 9.422156039723699, 54.639267297416659 ], [ 9.422151862330399, 54.639312696200498 ], [ 9.42144666906268, 54.639342070497641 ], [ 9.421367848866167, 54.639342345012217 ], [ 9.421362289367639, 54.63929432980521 ], [ 9.421096715194681, 54.639301465935944 ], [ 9.421078649581986, 54.63927193235012 ] ] } },
{ "type": "Feature", "properties": { "layer": "WBK_WEG_TEMP" }, "geometry": { "type": "Polygon", "coordinates": [ [ [ 9.42237178593272, 54.649821720531826, 0.0 ], [ 9.421488907009797, 54.649959689605758, 0.0 ], [ 9.421430025494518, 54.649927395438034, 0.0 ], [ 9.420655866378732, 54.650041781858306, 0.0 ], [ 9.420659797660589, 54.650000371298894, 0.0 ], [ 9.421431346756265, 54.649882137035348, 0.0 ], [ 9.421511273299274, 54.649934559401217, 0.0 ], [ 9.42233282670767, 54.64978486588906, 0.0 ], [ 9.42237178593272, 54.649821720531826, 0.0 ] ] ] } },
{ "type": "Feature", "properties": { "layer": "WBK_WEG_TEMP" }, "geometry": { "type": "LineString", "coordinates": [ [ 9.42237178593272, 54.649821720531826 ], [ 9.421488907029367, 54.649959689599036 ], [ 9.421430025445442, 54.649927395442099 ], [ 9.42065586642358, 54.650041781866506 ], [ 9.420659797632476, 54.650000371296301 ], [ 9.421431346726322, 54.649882137032506 ], [ 9.421511273300137, 54.649934559395533 ], [ 9.422332826700329, 54.649784865895548 ], [ 9.42237178593272, 54.649821720531826 ] ] } },
{ "type": "Feature", "properties": { "layer": "WBK_WEG_TEMP" }, "geometry": { "type": "Polygon", "coordinates": [ [ [ 9.41856298883493, 54.650474001960639, 0.0 ], [ 9.418730584983173, 54.650449531554862, 0.0 ], [ 9.42136966990909, 54.650877167180589, 0.0 ], [ 9.421370137722663, 54.650922342965707, 0.0 ], [ 9.418749542524866, 54.650486397630488, 0.0 ], [ 9.418687378276164, 54.650510694051604, 0.0 ], [ 9.41856298883493, 54.650474001960639, 0.0 ] ] ] } },
{ "type": "Feature", "properties": { "layer": "WBK_WEG_TEMP" }, "geometry": { "type": "LineString", "coordinates": [ [ 9.41856298883493, 54.650474001960639 ], [ 9.4187305849719, 54.650449531556234 ], [ 9.421369669897116, 54.65087716718044 ], [ 9.421370137722739, 54.650922342971768 ], [ 9.418749542570071, 54.650486397626494 ], [ 9.41868737827677, 54.650510694055228 ], [ 9.41856298883493, 54.650474001960639 ] ] } },
{ "type": "Feature", "properties": { "layer": "WBK_WEG_TEMP" }, "geometry": { "type": "Polygon", "coordinates": [ [ [ 9.428192202864885, 54.504719217945691, 0.0 ], [ 9.428241460184967, 54.504623638333953, 0.0 ], [ 9.428440777537865, 54.504656623420836, 0.0 ], [ 9.428622062683267, 54.504708916804553, 0.0 ], [ 9.429211080372966, 54.504734012092406, 0.0 ], [ 9.429209495954803, 54.504711785708025, 0.0 ], [ 9.428618339749372, 54.504686551948545, 0.0 ], [ 9.428222708257515, 54.504588969146411, 0.0 ], [ 9.428158628171623, 54.504717657234259, 0.0 ], [ 9.428192202864885, 54.504719217945691, 0.0 ] ] ] } },
{ "type": "Feature", "properties": { "layer": "WBK_WEG_TEMP" }, "geometry": { "type": "LineString", "coordinates": [ [ 9.428192202864885, 54.504719217945691 ], [ 9.428192202864885, 54.504719217945691 ], [ 9.428241460097659, 54.504623638334394 ], [ 9.428442220029321, 54.504664494629388 ], [ 9.428622062664999, 54.504708916809058 ], [ 9.429211080404638, 54.504734012098922 ], [ 9.429209495894398, 54.504711785702696 ], [ 9.42861833976219, 54.504686551949995 ], [ 9.428222708301057, 54.504588969153382 ], [ 9.428158628150863, 54.504717657228348 ], [ 9.428192202864885, 54.504719217945691 ], [ 9.428192202864885, 54.504719217945691 ] ] } },
{ "type": "Feature", "properties": { "layer": "WBK_WEG_TEMP" }, "geometry": { "type": "Polygon", "coordinates": [ [ [ 9.427575664942747, 54.544338361168577, 0.0 ], [ 9.427531741734411, 54.544256001750995, 0.0 ], [ 9.426810251782852, 54.544029757528826, 0.0 ], [ 9.426806987981454, 54.544074677749869, 0.0 ], [ 9.427461343942346, 54.544275125523917, 0.0 ], [ 9.427451133911084, 54.54431496071399, 0.0 ], [ 9.427575664942747, 54.544338361168577, 0.0 ] ] ] } },
{ "type": "Feature", "properties": { "layer": "WBK_WEG_TEMP" }, "geometry": { "type": "LineString", "coordinates": [ [ 9.427575664942747, 54.544338361168577 ], [ 9.427531741672672, 54.544256001753972 ], [ 9.426810251760319, 54.544029757529181 ], [ 9.426806987991235, 54.544074677740682 ], [ 9.427461343976853, 54.544275125535499 ], [ 9.427451133918174, 54.544314960709691 ], [ 9.427575664942747, 54.544338361168577 ] ] } },
{ "type": "Feature", "properties": { "layer": "WBK_WEG_TEMP" }, "geometry": { "type": "Polygon", "coordinates": [ [ [ 9.422487200693604, 54.558218820354433, 0.0 ], [ 9.422483491584167, 54.558253934340087, 0.0 ], [ 9.421184677355079, 54.55831121022932, 0.0 ], [ 9.421168756781668, 54.558333948801867, 0.0 ], [ 9.422554065275984, 54.558275263070065, 0.0 ], [ 9.42254935783097, 54.558217120513561, 0.0 ], [ 9.422487200693604, 54.558218820354433, 0.0 ] ] ] } },
{ "type": "Feature", "properties": { "layer": "WBK_WEG_TEMP" }, "geometry": { "type": "LineString", "coordinates": [ [ 9.422487200693604, 54.558218820354433 ], [ 9.422483491602783, 54.558253934338367 ], [ 9.421184677342431, 54.55831121023418 ], [ 9.421168756815351, 54.558333948797888 ], [ 9.422554065228818, 54.558275263072588 ], [ 9.422549357816347, 54.558217120507898 ], [ 9.422487200693604, 54.558218820354433 ] ] } },
{ "type": "Feature", "properties": { "layer": "WBK_WEG_TEMP" }, "geometry": { "type": "Polygon", "coordinates": [ [ [ 9.422967815457286, 54.558056662140473, 0.0 ], [ 9.422964842673963, 54.557948822582176, 0.0 ], [ 9.42139105766611, 54.558021227928933, 0.0 ], [ 9.421372168500403, 54.558047203558296, 0.0 ], [ 9.42291289157162, 54.557977702694899, 0.0 ], [ 9.422919413374666, 54.558057990227965, 0.0 ], [ 9.422967815457286, 54.558056662140473, 0.0 ] ] ] } },
{ "type": "Feature", "properties": { "layer": "WBK_WEG_TEMP" }, "geometry": { "type": "LineString", "coordinates": [ [ 9.422967815457286, 54.558056662140473 ], [ 9.422964842615762, 54.557948822586404 ], [ 9.421391057738278, 54.558021227925046 ], [ 9.42137216842384, 54.558047203564335 ], [ 9.422912891597116, 54.557977702694771 ], [ 9.422919413401194, 54.558057990226409 ], [ 9.422967815457286, 54.558056662140473 ] ] } },
{ "type": "Feature", "properties": { "layer": "WBK_WEG_TEMP" }, "geometry": { "type": "LineString", "coordinates": [ [ 9.410716329100135, 54.600635114861973 ], [ 9.411865731923681, 54.600697314072754 ], [ 9.411856812936159, 54.600737417807693 ], [ 9.410735780323755, 54.600668924499594 ], [ 9.410716329100135, 54.600635114861973 ] ] } },
{ "type": "Feature", "properties": { "layer": "WBK_WEG_TEMP" }, "geometry": { "type": "Polygon", "coordinates": [ [ [ 9.224105011485578, 54.824270583284331, 0.0 ], [ 9.224378095140795, 54.824049072077386, 0.0 ], [ 9.224813868315184, 54.822389942973487, 0.0 ], [ 9.224896119615877, 54.822424150759069, 0.0 ], [ 9.224445941914874, 54.824063838422056, 0.0 ], [ 9.224179754142673, 54.824274315475023, 0.0 ], [ 9.224105011485578, 54.824270583284331, 0.0 ] ] ] } },
{ "type": "Feature", "properties": { "layer": "WBK_WEG_TEMP" }, "geometry": { "type": "LineString", "coordinates": [ [ 9.224105011485578, 54.824270583284331 ], [ 9.224378095082921, 54.824049072080683 ], [ 9.224813868332012, 54.822389942980486 ], [ 9.224896119615893, 54.822424150756412 ], [ 9.224445941878328, 54.824063838421253 ], [ 9.22417975421606, 54.824274315475527 ], [ 9.224105011485578, 54.824270583284331 ] ] } },
{ "type": "Feature", "properties": { "layer": "WBK_WEG_TEMP" }, "geometry": { "type": "LineString", "coordinates": [ [ 9.230875484664539, 54.816214298933012 ], [ 9.231565186513086, 54.815267801541424 ], [ 9.231634643385146, 54.815287106698968 ], [ 9.230965963728195, 54.816240881219834 ], [ 9.230875484664539, 54.816214298933012 ] ] } },
{ "type": "Feature", "properties": { "layer": "WBK_WEG_TEMP" }, "geometry": { "type": "LineString", "coordinates": [ [ 9.426429955222057, 54.489455017229929 ], [ 9.42647381398711, 54.489421425218822 ], [ 9.426936115762086, 54.489601924169371 ], [ 9.426906103950405, 54.489637305484187 ], [ 9.426429955222057, 54.489455017229929 ] ] } },
{ "type": "Feature", "properties": { "layer": "WBK_WEG_TEMP" }, "geometry": { "type": "LineString", "coordinates": [ [ 9.426710396585586, 54.495150020004118 ], [ 9.427384539608621, 54.494418195067254 ], [ 9.42745150509101, 54.493879247521676 ], [ 9.427507631076786, 54.493904080474152 ], [ 9.427417884673604, 54.4944388457209 ], [ 9.426739626128832, 54.495166213504191 ], [ 9.426708262385894, 54.495152336762914 ] ] } },
{ "type": "Feature", "properties": { "layer": "WBK_WEG_TEMP" }, "geometry": { "type": "LineString", "coordinates": [ [ 9.42575741993911, 54.553622203843837 ], [ 9.425793385496119, 54.553349743801405 ], [ 9.425838012218058, 54.553366773374776 ], [ 9.42580984605301, 54.553626451904734 ], [ 9.42575741993911, 54.553622203843837 ] ] } },
{ "type": "Feature", "properties": { "layer": "WBK_WEG_TEMP" }, "geometry": { "type": "LineString", "coordinates": [ [ 9.425041723451308, 54.553594650971455 ], [ 9.425077693824244, 54.553322191141781 ], [ 9.425122320151448, 54.553339220989962 ], [ 9.425094149456271, 54.553598899352615 ], [ 9.425041723451308, 54.553594650971455 ] ] } },
{ "type": "Feature", "properties": { "layer": "WBK_WEG_TEMP" }, "geometry": { "type": "LineString", "coordinates": [ [ 9.331086699720476, 54.721206854556591 ], [ 9.332358369279719, 54.72070966022514 ], [ 9.332426394940182, 54.720788552242823 ], [ 9.331230400594139, 54.721253117134317 ], [ 9.331086699720476, 54.721206854556591 ] ] } },
{ "type": "Feature", "properties": { "layer": "WBK_WEG_TEMP" }, "geometry": { "type": "MultiLineString", "coordinates": [ [ [ 9.194830238793191, 54.856530750284492, 0.0 ], [ 9.193192203059613, 54.859128716116878, 0.0 ] ], [ [ 9.193192202991652, 54.859128716123287, 0.0 ], [ 9.193146089513816, 54.859122834386994, 0.0 ] ], [ [ 9.193146089481969, 54.859122834376251, 0.0 ], [ 9.194760161634536, 54.85650737935898, 0.0 ] ], [ [ 9.194760161671246, 54.856507379359115, 0.0 ], [ 9.194829326991849, 54.856530347744766, 0.0 ] ] ] } },
{ "type": "Feature", "properties": { "layer": "WBK_WEG_TEMP" }, "geometry": { "type": "LineString", "coordinates": [ [ 9.194830238793191, 54.856530750284492 ], [ 9.193192202991652, 54.859128716123287 ], [ 9.193146089481969, 54.859122834376251 ], [ 9.194760161671246, 54.856507379359115 ], [ 9.194829327043148, 54.856530347752404 ] ] } },
{ "type": "Feature", "properties": { "layer": "WBK_WEG_TEMP" }, "geometry": { "type": "LineString", "coordinates": [ [ 9.423252639617592, 54.622011095086009 ], [ 9.42315312083462, 54.622586001215105 ], [ 9.423120770538345, 54.622585660113288 ], [ 9.423206283633419, 54.622032692991233 ], [ 9.423252693485185, 54.622011262928808 ] ] } },
{ "type": "Feature", "properties": { "layer": "WBK_WEG_TEMP" }, "geometry": { "type": "MultiLineString", "coordinates": [ [ [ 9.423252639617592, 54.622011095086009, 0.0 ], [ 9.42315312083462, 54.622586001215105, 0.0 ] ], [ [ 9.42315312083462, 54.622586001215105, 0.0 ], [ 9.423121104170264, 54.622587190979992, 0.0 ] ], [ [ 9.423121104170264, 54.622587190979992, 0.0 ], [ 9.423206283633419, 54.622032692991233, 0.0 ] ], [ [ 9.423206283633419, 54.622032692991233, 0.0 ], [ 9.423252693485185, 54.622011262928808, 0.0 ] ] ] } },
{ "type": "Feature", "properties": { "layer": "WBK_WEG_TEMP" }, "geometry": { "type": "Polygon", "coordinates": [ [ [ 9.410716329100135, 54.600635114861973, 0.0 ], [ 9.411865731923681, 54.600697314072754, 0.0 ], [ 9.411856812936159, 54.600737417807693, 0.0 ], [ 9.410735780323755, 54.600668924499594, 0.0 ], [ 9.410716329100135, 54.600635114861973, 0.0 ] ] ] } },
{ "type": "Feature", "properties": { "layer": "WBK_WEG_TEMP" }, "geometry": { "type": "LineString", "coordinates": [ [ 9.403950498044727, 54.591237244430047 ], [ 9.404688632284564, 54.590124952325795 ], [ 9.404736771826558, 54.59013359824808 ], [ 9.404037474104626, 54.591251493854102 ], [ 9.403950498044725, 54.591237244430047 ] ] } },
{ "type": "Feature", "properties": { "layer": "WBK_WEG_TEMP" }, "geometry": { "type": "Polygon", "coordinates": [ [ [ 9.403950498044727, 54.591237244430047, 0.0 ], [ 9.404688632284564, 54.590124952325795, 0.0 ], [ 9.404736771826554, 54.590133598248094, 0.0 ], [ 9.404037474104626, 54.591251493854102, 0.0 ], [ 9.403950498044727, 54.591237244430047, 0.0 ] ] ] } },
{ "type": "Feature", "properties": { "layer": "WBK_WEG_TEMP" }, "geometry": { "type": "LineString", "coordinates": [ [ 9.405313269871984, 54.59142642442341, -30.181424002222059 ], [ 9.405432628749839, 54.591445519995496, -30.181424002222059 ], [ 9.405403856229485, 54.591506169195725, -30.181424002222059 ], [ 9.405284497187475, 54.591487073595729, -30.181424002222059 ], [ 9.405313269871984, 54.59142642442341, -30.181424002222059 ] ] } },
{ "type": "Feature", "properties": { "layer": "WBK_WEG_TEMP" }, "geometry": { "type": "Polygon", "coordinates": [ [ [ 9.405313269871984, 54.59142642442341, -15.090712001111029 ], [ 9.405432628749839, 54.591445519995496, -15.090712001111029 ], [ 9.405403856229485, 54.591506169195725, -15.090712001111029 ], [ 9.405284497187475, 54.591487073595729, -15.090712001111029 ], [ 9.405313269871984, 54.59142642442341, -15.090712001111029 ] ] ] } },
{ "type": "Feature", "properties": { "layer": "WBK_WEG_TEMP" }, "geometry": { "type": "LineString", "coordinates": [ [ 9.405739952804584, 54.59146831845419, 0.0 ], [ 9.405738868789323, 54.591452851860986, 0.0 ], [ 9.405735929538446, 54.591437466855432, 0.0 ], [ 9.405731149373747, 54.59142223839153, 0.0 ], [ 9.405724551585683, 54.591407240660665, 0.0 ], [ 9.405716168319861, 54.591392546729928, 0.0 ], [ 9.4057060404204, 54.591378228186336, 0.0 ], [ 9.405694217230907, 54.591364354787942, 0.0 ], [ 9.40568075635405, 54.591350994124085, 0.0 ], [ 9.405665723370896, 54.591338211286029, 0.0 ], [ 9.405649191521389, 54.591326068549918, 0.0 ], [ 9.405631241347521, 54.591314625073345, 0.0 ], [ 9.405611960300927, 54.591303936607154, 0.0 ], [ 9.405591442316819, 54.591294055223884, 0.0 ], [ 9.40556978735636, 54.591285029064053, 0.0 ], [ 9.405547100919657, 54.591276902101619, 0.0 ], [ 9.405523493531797, 54.591269713929783, 0.0 ], [ 9.405499080204395, 54.591263499568086, 0.0 ], [ 9.405473979875291, 54.591258289291851, 0.0 ], [ 9.405448314829131, 54.59125410848462, 0.0 ], [ 9.405422210101628, 54.591250977514548, 0.0 ], [ 9.405395792870456, 54.591248911635191, 0.0 ], [ 9.405369191835668, 54.59124792091113, 0.0 ], [ 9.405342536592734, 54.591248010169004, 0.0 ], [ 9.405315957001209, 54.59124917897396, 0.0 ], [ 9.405289582552106, 54.59125142163181, 0.0 ], [ 9.405263541737066, 54.591254727216707, 0.0 ], [ 9.405237961422406, 54.59125907962445, 0.0 ], [ 9.405212966231076, 54.591264457650858, 0.0 ], [ 9.405188677935534, 54.591270835095159, 0.0 ], [ 9.405165214864525, 54.591278180887514, 0.0 ], [ 9.405142691326617, 54.591286459240472, 0.0 ], [ 9.405121217053329, 54.5912956298233, 0.0 ], [ 9.405100896664532, 54.591305647958414, 0.0 ], [ 9.405081829158783, 54.591316464839089, 0.0 ], [ 9.405064107431013, 54.591328027767126, 0.0 ], [ 9.405047817819943, 54.59134028040976, 0.0 ], [ 9.405033039687469, 54.59135316307389, 0.0 ], [ 9.405019845031982, 54.591366612997085, 0.0 ], [ 9.405008298137595, 54.591380564653157, 0.0 ], [ 9.404998455260952, 54.591394950071518, 0.0 ], [ 9.404990364357088, 54.591409699168267, 0.0 ], [ 9.404984064845806, 54.591424740087653, 0.0 ], [ 9.404979587419566, 54.591439999552101, 0.0 ], [ 9.404976953893938, 54.591455403219207, 0.0 ], [ 9.404976177101261, 54.591470876044013, 0.0 ], [ 9.404977260828105, 54.591486342644473, 0.0 ], [ 9.404980199796759, 54.59150172766882, 0.0 ], [ 9.404984979690926, 54.591516956162629, 0.0 ], [ 9.404991577225417, 54.591531953933959, 0.0 ], [ 9.404999960259556, 54.591546647914939, 0.0 ], [ 9.405010087953734, 54.591560966517541, 0.0 ], [ 9.405021910968342, 54.591574839982606, 0.0 ], [ 9.405035371704114, 54.591588200719471, 0.0 ], [ 9.405050404582729, 54.591600983635452, 0.0 ], [ 9.40506693636628, 54.591613126452891, 0.0 ], [ 9.405084886514055, 54.591624570012627, 0.0 ], [ 9.405104167574931, 54.591635258562171, 0.0 ], [ 9.405124685613416, 54.591645140027381, 0.0 ], [ 9.405146340667287, 54.59165416626616, 0.0 ], [ 9.405169027234622, 54.59166229330296, 0.0 ], [ 9.405192634787788, 54.591669481543185, 0.0 ], [ 9.405217048311956, 54.591675695965932, 0.0 ], [ 9.405242148865455, 54.591680906294698, 0.0 ], [ 9.40526781415927, 54.591685087144931, 0.0 ], [ 9.405293919152866, 54.59168821814761, 0.0 ], [ 9.405320336663396, 54.591690284048582, 0.0 ], [ 9.405346937985367, 54.591691274782804, 0.0 ], [ 9.405373593517716, 54.591691185523487, 0.0 ], [ 9.405400173395256, 54.591690016705471, 0.0 ], [ 9.40542654812141, 54.591687774023228, 0.0 ], [ 9.405452589199143, 54.591684468403052, 0.0 ], [ 9.405478169757023, 54.591680115949856, 0.0 ], [ 9.405503165167371, 54.591674737868679, 0.0 ], [ 9.405527453653461, 54.591668360361382, 0.0 ], [ 9.40555091688284, 54.591661014499017, 0.0 ], [ 9.40557344054386, 54.591652736070408, 0.0 ], [ 9.405594914902604, 54.59164356540775, 0.0 ], [ 9.405615235337537, 54.59163354719017, 0.0 ], [ 9.405634302849204, 54.591622730226064, 0.0 ], [ 9.405652024542565, 54.591611167215163, 0.0 ], [ 9.405668314079557, 54.591598914491911, 0.0 ], [ 9.405683092099737, 54.591586031750928, 0.0 ], [ 9.405696286606895, 54.591572581756196, 0.0 ], [ 9.405707833319802, 54.591558630035244, 0.0 ], [ 9.405717675985352, 54.591544244559955, 0.0 ], [ 9.405725766652614, 54.591529495415308, 0.0 ], [ 9.405732065906394, 54.591514454458029, 0.0 ], [ 9.405736543059241, 54.591499194966403, 0.0 ], [ 9.405739176300909, 54.591483791283352, 0.0 ], [ 9.405739952804584, 54.59146831845419, 0.0 ] ] } },
{ "type": "Feature", "properties": { "layer": "WBK_WEG_TEMP" }, "geometry": { "type": "LineString", "coordinates": [ [ 9.411082007343158, 54.670594742031653 ], [ 9.412254756402419, 54.670560460994515 ], [ 9.412991582783329, 54.670801737385631 ], [ 9.413465728681013, 54.671015526178678 ], [ 9.414182033475306, 54.671549805244538 ], [ 9.414705579037387, 54.671853080479138 ], [ 9.415324175699213, 54.672094388228395 ], [ 9.415409130374572, 54.672156079487621 ], [ 9.41554360556156, 54.672347497626035 ], [ 9.416384764405093, 54.672661252138553 ], [ 9.416881809906844, 54.672840718095109 ], [ 9.417310891314143, 54.672824770158506 ], [ 9.417598627208937, 54.672890424827024 ], [ 9.418034823675802, 54.673048967195456 ], [ 9.418249044135369, 54.673133054772123 ], [ 9.4182257028232, 54.673196767313314 ], [ 9.417552590775244, 54.672936039477392 ], [ 9.417289856565649, 54.672890510093175 ], [ 9.416865966704171, 54.672865207612652 ], [ 9.415666096927172, 54.672502667585128 ], [ 9.413842543337768, 54.671443723354827 ], [ 9.413304767116745, 54.670993347977088 ], [ 9.412295640907757, 54.670664754249323 ], [ 9.411826048670164, 54.670638515901111 ], [ 9.411133320708359, 54.670679927994854 ], [ 9.411079759511031, 54.670595219464545 ] ] } },
{ "type": "Feature", "properties": { "layer": "WBK_WEG_TEMP" }, "geometry": { "type": "MultiLineString", "coordinates": [ [ [ 9.411082007343158, 54.670594742031653, 0.0 ], [ 9.412254756402419, 54.670560460994515, 0.0 ] ], [ [ 9.412254756402419, 54.670560460994515, 0.0 ], [ 9.412991582783329, 54.670801737385631, 0.0 ] ], [ [ 9.412991582783329, 54.670801737385631, 0.0 ], [ 9.413465728681013, 54.671015526178678, 0.0 ] ], [ [ 9.413465728681013, 54.671015526178678, 0.0 ], [ 9.414182033475306, 54.671549805244538, 0.0 ] ], [ [ 9.414182033475306, 54.671549805244538, 0.0 ], [ 9.414705579037387, 54.671853080479138, 0.0 ] ], [ [ 9.414705579037387, 54.671853080479138, 0.0 ], [ 9.415324175699213, 54.672094388228395, 0.0 ] ], [ [ 9.415324175699213, 54.672094388228395, 0.0 ], [ 9.415409130374572, 54.672156079487621, 0.0 ] ], [ [ 9.415409130374572, 54.672156079487621, 0.0 ], [ 9.41554360556156, 54.672347497626035, 0.0 ] ], [ [ 9.41554360556156, 54.672347497626035, 0.0 ], [ 9.416384764405093, 54.672661252138553, 0.0 ] ], [ [ 9.416384764405093, 54.672661252138553, 0.0 ], [ 9.416881809906844, 54.672840718095109, 0.0 ] ], [ [ 9.416881809906844, 54.672840718095109, 0.0 ], [ 9.417310891314143, 54.672824770158506, 0.0 ] ], [ [ 9.417310891314143, 54.672824770158506, 0.0 ], [ 9.417598627208937, 54.672890424827024, 0.0 ] ], [ [ 9.417598627208937, 54.672890424827024, 0.0 ], [ 9.418034823675802, 54.673048967195456, 0.0 ] ], [ [ 9.418034823675802, 54.673048967195456, 0.0 ], [ 9.418249044135369, 54.673133054772123, 0.0 ] ], [ [ 9.418249044135369, 54.673133054772123, 0.0 ], [ 9.4182257028232, 54.673196767313314, 0.0 ] ], [ [ 9.4182257028232, 54.673196767313314, 0.0 ], [ 9.417552590775244, 54.672936039477392, 0.0 ] ], [ [ 9.417552590775244, 54.672936039477392, 0.0 ], [ 9.417289856565649, 54.672890510093175, 0.0 ] ], [ [ 9.417289856565649, 54.672890510093175, 0.0 ], [ 9.416865966704171, 54.672865207612652, 0.0 ] ], [ [ 9.416865966704171, 54.672865207612652, 0.0 ], [ 9.415666096927172, 54.672502667585128, 0.0 ] ], [ [ 9.415666096927172, 54.672502667585128, 0.0 ], [ 9.413842543337768, 54.671443723354827, 0.0 ] ], [ [ 9.413842543337768, 54.671443723354827, 0.0 ], [ 9.413304767116745, 54.670993347977088, 0.0 ] ], [ [ 9.413304767116745, 54.670993347977088, 0.0 ], [ 9.412295640907757, 54.670664754249323, 0.0 ] ], [ [ 9.412295640907757, 54.670664754249323, 0.0 ], [ 9.411826048670164, 54.670638515901111, 0.0 ] ], [ [ 9.411826048670164, 54.670638515901111, 0.0 ], [ 9.411133320708359, 54.670679927994854, 0.0 ] ], [ [ 9.411133320708359, 54.670679927994854, 0.0 ], [ 9.411079759511031, 54.670595219464545, 0.0 ] ] ] } },
{ "type": "Feature", "properties": { "layer": "WBK_WEG_TEMP" }, "geometry": { "type": "LineString", "coordinates": [ [ 9.198209627381841, 54.848590731696078 ], [ 9.198586280525415, 54.8491411207238 ], [ 9.198679337138786, 54.849164293872207 ], [ 9.198268796201537, 54.848571216661789 ], [ 9.198209627381841, 54.848590731696078 ] ] } },
{ "type": "Feature", "properties": { "layer": "WBK_WEG_TEMP" }, "geometry": { "type": "Polygon", "coordinates": [ [ [ 9.198209627381841, 54.848590731696078, 0.0 ], [ 9.198586280525415, 54.8491411207238, 0.0 ], [ 9.198679337138786, 54.849164293872207, 0.0 ], [ 9.198268796201537, 54.848571216661789, 0.0 ], [ 9.198209627381841, 54.848590731696078, 0.0 ] ] ] } },
{ "type": "Feature", "properties": { "layer": "WBK_WEG_TEMP" }, "geometry": { "type": "LineString", "coordinates": [ [ 9.19581653217851, 54.849363476097409 ], [ 9.195926882980283, 54.849601373524557 ], [ 9.197666538830722, 54.849236893360825 ], [ 9.197777439739628, 54.849425152898377 ], [ 9.197724818673551, 54.849456278473191 ], [ 9.197632993568611, 54.84929697498891 ], [ 9.195887811390755, 54.849645438346137 ], [ 9.19576181532692, 54.849381863906437 ], [ 9.19581653217851, 54.849363476097409 ] ] } },
{ "type": "Feature", "properties": { "layer": "WBK_WEG_TEMP" }, "geometry": { "type": "Polygon", "coordinates": [ [ [ 9.19581653217851, 54.849363476097409, 0.0 ], [ 9.195926882980283, 54.849601373524557, 0.0 ], [ 9.197666538830722, 54.849236893360825, 0.0 ], [ 9.197777439739628, 54.849425152898377, 0.0 ], [ 9.197724818673551, 54.849456278473191, 0.0 ], [ 9.197632993568611, 54.84929697498891, 0.0 ], [ 9.195887811390755, 54.849645438346137, 0.0 ], [ 9.19576181532692, 54.849381863906437, 0.0 ], [ 9.19581653217851, 54.849363476097409, 0.0 ] ] ] } },
{ "type": "Feature", "properties": { "layer": "WBK_WEG_TEMP" }, "geometry": { "type": "LineString", "coordinates": [ [ 9.201835361492313, 54.845941399111943 ], [ 9.202159146037022, 54.845499134729621 ], [ 9.202119658236233, 54.845486388246172 ], [ 9.20179753765116, 54.845929222887527 ], [ 9.201835361492307, 54.845941399111943 ] ] } },
{ "type": "Feature", "properties": { "layer": "WBK_WEG_TEMP" }, "geometry": { "type": "Polygon", "coordinates": [ [ [ 9.201835361492313, 54.845941399111943, 0.0 ], [ 9.202159146037022, 54.845499134729621, 0.0 ], [ 9.202119658236233, 54.845486388246172, 0.0 ], [ 9.20179753765116, 54.845929222887527, 0.0 ], [ 9.201835361492313, 54.845941399111943, 0.0 ] ] ] } },
{ "type": "Feature", "properties": { "layer": "WBK_WEG_TEMP" }, "geometry": { "type": "Polygon", "coordinates": [ [ [ 9.241875719495441, 54.80425837611245, 0.0 ], [ 9.242428210470115, 54.804486358026274, 0.0 ], [ 9.241209916698294, 54.805741421143409, 0.0 ], [ 9.241120565919486, 54.805713394338447, 0.0 ], [ 9.242295196974617, 54.804508916707185, 0.0 ], [ 9.241818309252336, 54.804288944668073, 0.0 ], [ 9.241875719495441, 54.80425837611245, 0.0 ] ] ] } },
{ "type": "Feature", "properties": { "layer": "WBK_WEG_TEMP" }, "geometry": { "type": "LineString", "coordinates": [ [ 9.415632450462173, 54.677028492137048 ], [ 9.415345202414752, 54.677480793226195 ], [ 9.415273501725064, 54.677462302664047 ], [ 9.415582298179356, 54.677016779804184 ], [ 9.415632450462173, 54.677028492137048 ] ] } },
{ "type": "Feature", "properties": { "layer": "WBK_WEG_TEMP" }, "geometry": { "type": "Polygon", "coordinates": [ [ [ 9.415632450462173, 54.677028492137048, 0.0 ], [ 9.415345202414752, 54.677480793226195, 0.0 ], [ 9.415273501725064, 54.677462302664047, 0.0 ], [ 9.415582298179356, 54.677016779804184, 0.0 ], [ 9.415632450462173, 54.677028492137048, 0.0 ] ] ] } },
{ "type": "Feature", "properties": { "layer": "WBK_WEG_TEMP" }, "geometry": { "type": "LineString", "coordinates": [ [ 9.417434756391447, 54.676249889242449 ], [ 9.416768167083376, 54.675878628385973 ], [ 9.416805737099367, 54.675819465185128 ], [ 9.417476079899691, 54.676145339875781 ], [ 9.417434701666645, 54.676249858763555 ] ] } },
{ "type": "Feature", "properties": { "layer": "WBK_WEG_TEMP" }, "geometry": { "type": "MultiLineString", "coordinates": [ [ [ 9.417434756391447, 54.676249889242449, 0.0 ], [ 9.416768167083376, 54.675878628385973, 0.0 ] ], [ [ 9.416768167083376, 54.675878628385973, 0.0 ], [ 9.416805737099367, 54.675819465185128, 0.0 ] ], [ [ 9.416805737099367, 54.675819465185128, 0.0 ], [ 9.417476079899691, 54.676145339875781, 0.0 ] ], [ [ 9.417476079899691, 54.676145339875781, 0.0 ], [ 9.417434701666645, 54.676249858763555, 0.0 ] ] ] } },
{ "type": "Feature", "properties": { "layer": "WBK_WEG_TEMP" }, "geometry": { "type": "LineString", "coordinates": [ [ 9.417864393127136, 54.676085363172909 ], [ 9.418005033485892, 54.676018867424425 ], [ 9.416986594388987, 54.675579535535675 ], [ 9.416948158649777, 54.675622209505271 ], [ 9.417876864646681, 54.676016973174981 ], [ 9.417812988099742, 54.676059329133942 ], [ 9.41786439312715, 54.676085363172909 ] ] } },
{ "type": "Feature", "properties": { "layer": "WBK_WEG_TEMP" }, "geometry": { "type": "Polygon", "coordinates": [ [ [ 9.417864393127136, 54.676085363172909, 0.0 ], [ 9.418005033485892, 54.676018867424425, 0.0 ], [ 9.416986594388987, 54.675579535535675, 0.0 ], [ 9.416948158649777, 54.675622209505271, 0.0 ], [ 9.417876864646681, 54.676016973174981, 0.0 ], [ 9.417812988099742, 54.676059329133942, 0.0 ], [ 9.417864393127136, 54.676085363172909, 0.0 ] ] ] } },
{ "type": "Feature", "properties": { "layer": "WBK_WEG_TEMP" }, "geometry": { "type": "LineString", "coordinates": [ [ 9.253374127737763, 54.769530471273832 ], [ 9.253964849494114, 54.767898696951029 ], [ 9.257902490373604, 54.768334209245765 ], [ 9.257894400248933, 54.768358665039585 ], [ 9.254040457164736, 54.767953635286382 ], [ 9.253436072392251, 54.76956068951506 ], [ 9.253374127737763, 54.769530471273832 ] ] } },
{ "type": "Feature", "properties": { "layer": "WBK_WEG_TEMP" }, "geometry": { "type": "Polygon", "coordinates": [ [ [ 9.253374127737763, 54.769530471273832, 0.0 ], [ 9.253964849494114, 54.767898696951029, 0.0 ], [ 9.257902490373604, 54.768334209245765, 0.0 ], [ 9.257894400248933, 54.768358665039585, 0.0 ], [ 9.254040457164736, 54.767953635286382, 0.0 ], [ 9.253436072392251, 54.76956068951506, 0.0 ], [ 9.253374127737763, 54.769530471273832, 0.0 ] ] ] } },
{ "type": "Feature", "properties": { "layer": "WBK_WEG_TEMP" }, "geometry": { "type": "LineString", "coordinates": [ [ 9.254387645962387, 54.776547969463913 ], [ 9.254149443522108, 54.777802163710007 ], [ 9.253767305357297, 54.778755842169637 ], [ 9.253737844164483, 54.778758059783208 ], [ 9.254118731809822, 54.777798317440634 ], [ 9.254341823143214, 54.776554802523641 ], [ 9.254387645962387, 54.776547969463913 ] ] } },
{ "type": "Feature", "properties": { "layer": "WBK_WEG_TEMP" }, "geometry": { "type": "Polygon", "coordinates": [ [ [ 9.254387645962387, 54.776547969463913, 0.0 ], [ 9.254149443522108, 54.777802163710007, 0.0 ], [ 9.253767305357297, 54.778755842169637, 0.0 ], [ 9.253737844164483, 54.778758059783208, 0.0 ], [ 9.254118731809822, 54.777798317440634, 0.0 ], [ 9.254341823143214, 54.776554802523641, 0.0 ], [ 9.254387645962387, 54.776547969463913, 0.0 ] ] ] } },
{ "type": "Feature", "properties": { "layer": "WBK_WEG_TEMP" }, "geometry": { "type": "LineString", "coordinates": [ [ 9.282828567173071, 54.741002540942723 ], [ 9.282846264466283, 54.741157759060101 ], [ 9.28298884728135, 54.741450369479971 ], [ 9.282937716534684, 54.741675698953884 ], [ 9.281941595021561, 54.745922117969798 ], [ 9.281928144859451, 54.746104218616573 ], [ 9.283807826522043, 54.746011351756152 ], [ 9.284306927184073, 54.743992358584812 ], [ 9.284862969052378, 54.743943222372287 ], [ 9.284879708328424, 54.743955455190715 ], [ 9.284354452024251, 54.74401756451519 ], [ 9.283894453985496, 54.746054773142937 ], [ 9.281388764253622, 54.746209981529866 ], [ 9.279209436069207, 54.746695297328053 ], [ 9.279179504668843, 54.746673421750991 ], [ 9.281379108241529, 54.746170667811136 ], [ 9.281794434216406, 54.746102292509512 ], [ 9.282925003661779, 54.741444336070991 ], [ 9.282788707947343, 54.741174268859638 ], [ 9.28277369850065, 54.74099674499891 ], [ 9.282828567173077, 54.741002540942723 ] ] } },
{ "type": "Feature", "properties": { "layer": "WBK_WEG_TEMP" }, "geometry": { "type": "Polygon", "coordinates": [ [ [ 9.282828567173071, 54.741002540942723, 0.0 ], [ 9.282846264466283, 54.741157759060101, 0.0 ], [ 9.28298884728135, 54.741450369479971, 0.0 ], [ 9.282937716534684, 54.741675698953884, 0.0 ], [ 9.281941595021561, 54.745922117969798, 0.0 ], [ 9.281928144859451, 54.746104218616573, 0.0 ], [ 9.283807826522043, 54.746011351756152, 0.0 ], [ 9.284306927184073, 54.743992358584812, 0.0 ], [ 9.284862969052378, 54.743943222372287, 0.0 ], [ 9.284879708328424, 54.743955455190715, 0.0 ], [ 9.284354452024251, 54.74401756451519, 0.0 ], [ 9.283894453985496, 54.746054773142937, 0.0 ], [ 9.281388764253622, 54.746209981529866, 0.0 ], [ 9.279209436069207, 54.746695297328053, 0.0 ], [ 9.279179504668843, 54.746673421750991, 0.0 ], [ 9.281379108241529, 54.746170667811136, 0.0 ], [ 9.281794434216406, 54.746102292509512, 0.0 ], [ 9.282925003661779, 54.741444336070991, 0.0 ], [ 9.282788707947343, 54.741174268859638, 0.0 ], [ 9.28277369850065, 54.74099674499891, 0.0 ], [ 9.282828567173071, 54.741002540942723, 0.0 ] ] ] } },
{ "type": "Feature", "properties": { "layer": "WBK_WEG_TEMP" }, "geometry": { "type": "LineString", "coordinates": [ [ 9.412335500315228, 54.683088506616841 ], [ 9.411217221099664, 54.683441727820984 ], [ 9.411145528237938, 54.683425060246698 ], [ 9.412265674253137, 54.683037586487764 ], [ 9.412335500315233, 54.683088506616841 ] ] } },
{ "type": "Feature", "properties": { "layer": "WBK_WEG_TEMP" }, "geometry": { "type": "Polygon", "coordinates": [ [ [ 9.412335500315228, 54.683088506616841, 0.0 ], [ 9.411217221099664, 54.683441727820984, 0.0 ], [ 9.411145528237938, 54.683425060246698, 0.0 ], [ 9.412265674253137, 54.683037586487764, 0.0 ], [ 9.412335500315228, 54.683088506616841, 0.0 ] ] ] } },
{ "type": "Feature", "properties": { "layer": "WBK_WEG_TEMP" }, "geometry": { "type": "LineString", "coordinates": [ [ 9.417054056533678, 54.682169001921352 ], [ 9.415023554446554, 54.682536125740228 ], [ 9.414109230205854, 54.680411110094433 ], [ 9.413074700138004, 54.680777503501673 ], [ 9.412996953040528, 54.680750960646002 ], [ 9.414121901332285, 54.680295389695878 ], [ 9.415050218308201, 54.682467121761839 ], [ 9.417037936874282, 54.682095261480271 ], [ 9.417054056533678, 54.682169001921352 ] ] } },
{ "type": "Feature", "properties": { "layer": "WBK_WEG_TEMP" }, "geometry": { "type": "Polygon", "coordinates": [ [ [ 9.417054056533678, 54.682169001921352, 0.0 ], [ 9.415023554446554, 54.682536125740228, 0.0 ], [ 9.414109230205854, 54.680411110094433, 0.0 ], [ 9.413074700138004, 54.680777503501673, 0.0 ], [ 9.412996953040528, 54.680750960646002, 0.0 ], [ 9.414121901332285, 54.680295389695878, 0.0 ], [ 9.415050218308201, 54.682467121761839, 0.0 ], [ 9.417037936874282, 54.682095261480271, 0.0 ], [ 9.417054056533678, 54.682169001921352, 0.0 ] ] ] } },
{ "type": "Feature", "properties": { "layer": "WBK_WEG_TEMP" }, "geometry": { "type": "LineString", "coordinates": [ [ 9.418039197061677, 54.676662062221418 ], [ 9.417455847970588, 54.677092078616553 ], [ 9.415833213360038, 54.676746047645644 ], [ 9.415632450458983, 54.677028492136309 ], [ 9.415585643658577, 54.677011343808715 ], [ 9.415799986852891, 54.676701671736012 ], [ 9.417432816409425, 54.677050543419298 ], [ 9.41799375579355, 54.676643641990147 ], [ 9.41803876440234, 54.676661886837273 ] ] } },
{ "type": "Feature", "properties": { "layer": "WBK_WEG_TEMP" }, "geometry": { "type": "MultiLineString", "coordinates": [ [ [ 9.418039197061677, 54.676662062221418, 0.0 ], [ 9.417455847970588, 54.677092078616553, 0.0 ] ], [ [ 9.417455847970588, 54.677092078616553, 0.0 ], [ 9.415833213360038, 54.676746047645644, 0.0 ] ], [ [ 9.415833213360038, 54.676746047645644, 0.0 ], [ 9.415632450458983, 54.677028492136309, 0.0 ] ], [ [ 9.415632450458983, 54.677028492136309, 0.0 ], [ 9.415585643658577, 54.677011343808715, 0.0 ] ], [ [ 9.415585643658577, 54.677011343808715, 0.0 ], [ 9.415799986852891, 54.676701671736012, 0.0 ] ], [ [ 9.415799986852891, 54.676701671736012, 0.0 ], [ 9.417432816409425, 54.677050543419298, 0.0 ] ], [ [ 9.417432816409425, 54.677050543419298, 0.0 ], [ 9.41799375579355, 54.676643641990147, 0.0 ] ], [ [ 9.41799375579355, 54.676643641990147, 0.0 ], [ 9.41803876440234, 54.676661886837273, 0.0 ] ] ] } },
{ "type": "Feature", "properties": { "layer": "WBK_WEG_TEMP" }, "geometry": { "type": "LineString", "coordinates": [ [ 9.407197826690156, 54.689205739175577 ], [ 9.407984689520928, 54.687196211245691 ], [ 9.407942104986867, 54.687164114624885 ], [ 9.407142212948079, 54.68919793537566 ], [ 9.407197826690162, 54.689205739175577 ] ] } },
{ "type": "Feature", "properties": { "layer": "WBK_WEG_TEMP" }, "geometry": { "type": "Polygon", "coordinates": [ [ [ 9.407197826690156, 54.689205739175577, 0.0 ], [ 9.407984689520928, 54.687196211245691, 0.0 ], [ 9.407942104986867, 54.687164114624885, 0.0 ], [ 9.407142212948079, 54.68919793537566, 0.0 ], [ 9.407197826690156, 54.689205739175577, 0.0 ] ] ] } }
]
}
