{"type":"FeatureCollection","name":"status_genehmigung","source":"2026-04_Übersicht_Zustimmungen Eigentümer LOS3.xlsx","features":[{"type":"Feature","properties":{"oid":"DESHPDHK0002kGCkFL","flstkennz":"01804600600057______","gemarkung":"Groß Rheide","flur":"6","flurstueck":"57","gemeinde":"Groß Rheide","kreis":"Schleswig-Flensburg","aktualit":"2025-10-22Z","status_genehmigung":"nicht_informiert","status_label":"Nicht informiert","baulos":"BL02","masten":"79","eigentuemer":"Sven Block","vorname":"Sven","nachname":"Block","email":"","telefon":"","info_daten":"","bemerkung":"","permit_rows":2},"geometry":{"type":"Polygon","coordinates":[[[9.420379,54.440523],[9.421231,54.440526],[9.421433,54.440529],[9.421526,54.440529],[9.421664,54.44053],[9.42177,54.440539],[9.422081,54.440591],[9.422157,54.440603],[9.42233,54.440629],[9.423019,54.440748],[9.423078,54.440758],[9.423404,54.440813],[9.423413,54.440831],[9.423424,54.440851],[9.423592,54.441161],[9.423612,54.441198],[9.423702,54.441365],[9.423825,54.441592],[9.42456,54.442954],[9.42553,54.444756],[9.425538,54.444771],[9.424537,54.44493],[9.42433,54.444551],[9.424033,54.444007],[9.4233,54.442681],[9.423261,54.442686],[9.422799,54.442745],[9.422279,54.44281],[9.421701,54.442884],[9.421621,54.442894],[9.421469,54.442602],[9.421429,54.442533],[9.421365,54.442402],[9.421339,54.442353],[9.420829,54.441371],[9.420592,54.440932],[9.420379,54.440523]]]}},{"type":"Feature","properties":{"oid":"DESHPDHK0002kGCiFL","flstkennz":"01804600600056______","gemarkung":"Groß Rheide","flur":"6","flurstueck":"56","gemeinde":"Groß Rheide","kreis":"Schleswig-Flensburg","aktualit":"2025-10-22Z","status_genehmigung":"nicht_informiert","status_label":"Nicht informiert","baulos":"BL02","masten":"80","eigentuemer":"Tim Lohmann","vorname":"Tim","nachname":"Lohmann","email":"","telefon":"","info_daten":"","bemerkung":"","permit_rows":2},"geometry":{"type":"Polygon","coordinates":[[[9.421621,54.442894],[9.421701,54.442884],[9.422279,54.44281],[9.422799,54.442745],[9.423261,54.442686],[9.4233,54.442681],[9.424033,54.444007],[9.42433,54.444551],[9.424537,54.44493],[9.424175,54.444993],[9.423956,54.445029],[9.422822,54.445213],[9.422196,54.443993],[9.422055,54.443728],[9.421621,54.442894]]]}},{"type":"Feature","properties":{"oid":"DESHPDHK0002kGsRFL","flstkennz":"018046002000530001__","gemarkung":"Groß Rheide","flur":"2","flurstueck":"53/1","gemeinde":"Groß Rheide","kreis":"Schleswig-Flensburg","aktualit":"2025-10-22Z","status_genehmigung":"nicht_informiert","status_label":"Nicht informiert","baulos":"BL02","masten":"81","eigentuemer":"Tim Lohmann","vorname":"Tim","nachname":"Lohmann","email":"","telefon":"","info_daten":"","bemerkung":"","permit_rows":2},"geometry":{"type":"Polygon","coordinates":[[[9.420468,54.445812],[9.421779,54.445585],[9.422267,54.44605],[9.423398,54.447125],[9.424202,54.446858],[9.425442,54.448035],[9.425806,54.448387],[9.42593,54.448493],[9.426118,54.448681],[9.426735,54.449274],[9.427369,54.449866],[9.427107,54.449903],[9.42519,54.450171],[9.425015,54.450196],[9.42432,54.449524],[9.423819,54.44904],[9.423202,54.448449],[9.423168,54.448416],[9.42261,54.447883],[9.42247,54.447747],[9.420468,54.445812]]]}},{"type":"Feature","properties":{"oid":"DESHPDHK0002kGs1FL","flstkennz":"01804600200009______","gemarkung":"Groß Rheide","flur":"2","flurstueck":"9","gemeinde":"Groß Rheide","kreis":"Schleswig-Flensburg","aktualit":"2025-10-22Z","status_genehmigung":"nicht_informiert","status_label":"Nicht informiert","baulos":"BL02","masten":"82","eigentuemer":"Henning Meyer","vorname":"Henning","nachname":"Meyer","email":"","telefon":"","info_daten":"","bemerkung":"","permit_rows":2},"geometry":{"type":"Polygon","coordinates":[[[9.422063,54.450551],[9.422079,54.450549],[9.423721,54.450411],[9.423882,54.450402],[9.424426,54.450361],[9.425237,54.450284],[9.425279,54.45028],[9.425797,54.450211],[9.42656,54.4501],[9.426771,54.450073],[9.426794,54.450095],[9.426841,54.450221],[9.42687,54.450357],[9.426926,54.450791],[9.426951,54.451012],[9.427032,54.451646],[9.427082,54.452003],[9.426755,54.452042],[9.42649,54.452077],[9.425738,54.452163],[9.425564,54.452182],[9.424319,54.452322],[9.424345,54.452463],[9.424398,54.452822],[9.424403,54.452852],[9.42441,54.452893],[9.424499,54.453335],[9.424614,54.453325],[9.424732,54.453332],[9.424944,54.453346],[9.425023,54.453348],[9.425545,54.453364],[9.425509,54.453531],[9.425452,54.453594],[9.425426,54.453644],[9.425488,54.453769],[9.425491,54.45379],[9.425504,54.453821],[9.425516,54.453852],[9.425523,54.453887],[9.425556,54.453931],[9.425669,54.454091],[9.425717,54.454178],[9.425758,54.454276],[9.424942,54.454294],[9.423804,54.454317],[9.423801,54.454305],[9.423673,54.454311],[9.423539,54.454323],[9.423364,54.454338],[9.423349,54.454339],[9.423328,54.454306],[9.423318,54.454274],[9.423151,54.453781],[9.422947,54.453174],[9.422936,54.453143],[9.422831,54.452827],[9.422712,54.452467],[9.422184,54.450924],[9.422063,54.450551]]]}},{"type":"Feature","properties":{"oid":"DESHPDHK0002fyPEFL","flstkennz":"018029008000730004__","gemarkung":"Ellingstedt","flur":"8","flurstueck":"73/4","gemeinde":"Ellingstedt","kreis":"Schleswig-Flensburg","aktualit":"2025-10-22Z","status_genehmigung":"nicht_informiert","status_label":"Nicht informiert","baulos":"BL02","masten":"83","eigentuemer":"Detlef Schmidt; Hof Sieh GbR","vorname":"Detlef","nachname":"Hof Sieh GbR; Schmidt","email":"","telefon":"","info_daten":"","bemerkung":"","permit_rows":2},"geometry":{"type":"Polygon","coordinates":[[[9.423019,54.454503],[9.42314,54.454482],[9.423348,54.454452],[9.423413,54.454443],[9.423452,54.454438],[9.423552,54.454433],[9.423683,54.45443],[9.423799,54.45443],[9.423797,54.454417],[9.424094,54.45441],[9.424521,54.455632],[9.4249,54.456693],[9.424704,54.456734],[9.424493,54.456775],[9.42428,54.456809],[9.424097,54.456833],[9.423945,54.456849],[9.423566,54.455887],[9.423019,54.454503]]]}},{"type":"Feature","properties":{"oid":"DESHPDHK0002fyQiFL","flstkennz":"018029009000230001__","gemarkung":"Ellingstedt","flur":"9","flurstueck":"23/1","gemeinde":"Ellingstedt","kreis":"Schleswig-Flensburg","aktualit":"2025-10-22Z","status_genehmigung":"nicht_informiert","status_label":"Nicht informiert","baulos":"BL02","masten":"85","eigentuemer":"Henning Habeck; Thea Margareta Bothmann","vorname":"Henning; Thea Margareta","nachname":"Bothmann; Habeck","email":"","telefon":"","info_daten":"","bemerkung":"","permit_rows":2},"geometry":{"type":"Polygon","coordinates":[[[9.419398,54.46372],[9.419573,54.463671],[9.419681,54.463648],[9.420357,54.463486],[9.421164,54.463301],[9.421424,54.463245],[9.422218,54.463234],[9.422347,54.463237],[9.422446,54.463236],[9.423064,54.463232],[9.423374,54.463231],[9.423306,54.463807],[9.423386,54.463804],[9.424075,54.463801],[9.425286,54.463797],[9.425325,54.464361],[9.423901,54.464375],[9.423248,54.464382],[9.422331,54.464391],[9.420356,54.464412],[9.419827,54.464418],[9.419398,54.46372]]]}},{"type":"Feature","properties":{"oid":"DESHPDHK0002fyOOFL","flstkennz":"01802900800018______","gemarkung":"Ellingstedt","flur":"8","flurstueck":"18","gemeinde":"Ellingstedt","kreis":"Schleswig-Flensburg","aktualit":"2025-10-22Z","status_genehmigung":"nicht_informiert","status_label":"Nicht informiert","baulos":"BL02","masten":"84","eigentuemer":"Stefan Petersen","vorname":"Stefan","nachname":"Petersen","email":"","telefon":"","info_daten":"","bemerkung":"","permit_rows":2},"geometry":{"type":"Polygon","coordinates":[[[9.421232,54.459824],[9.421721,54.459722],[9.422282,54.459607],[9.422312,54.459628],[9.422501,54.459582],[9.422704,54.459532],[9.42311,54.459421],[9.423638,54.459274],[9.423996,54.459173],[9.424115,54.459138],[9.424218,54.459297],[9.424492,54.459727],[9.424546,54.459826],[9.424596,54.459898],[9.424644,54.459949],[9.424616,54.459967],[9.424577,54.459993],[9.424782,54.460118],[9.424916,54.460194],[9.42504,54.460224],[9.425134,54.460238],[9.425178,54.460285],[9.425391,54.460517],[9.425439,54.460568],[9.42513,54.460621],[9.425017,54.460643],[9.424512,54.460739],[9.42417,54.460804],[9.423359,54.460958],[9.422576,54.461107],[9.422554,54.461111],[9.421684,54.461276],[9.421594,54.460989],[9.421542,54.46082],[9.421329,54.460137],[9.421232,54.459824]]]}},{"type":"Feature","properties":{"oid":"DESHPDHK0002fyQrFL","flstkennz":"018029009000160003__","gemarkung":"Ellingstedt","flur":"9","flurstueck":"16/3","gemeinde":"Ellingstedt","kreis":"Schleswig-Flensburg","aktualit":"2025-10-22Z","status_genehmigung":"nicht_informiert","status_label":"Nicht informiert","baulos":"BL02","masten":"86","eigentuemer":"Simon Hagemann; Stefan Petersen","vorname":"Simon; Stefan","nachname":"Hagemann; Petersen","email":"","telefon":"","info_daten":"","bemerkung":"","permit_rows":2},"geometry":{"type":"Polygon","coordinates":[[[9.418304,54.466262],[9.418695,54.466202],[9.41965,54.466071],[9.420603,54.465924],[9.420713,54.465912],[9.420956,54.465929],[9.421032,54.465936],[9.421096,54.465942],[9.421158,54.465945],[9.421368,54.465958],[9.423396,54.466092],[9.425185,54.466211],[9.425701,54.466247],[9.426244,54.466293],[9.426658,54.465958],[9.426918,54.465759],[9.426935,54.465761],[9.426919,54.465963],[9.426868,54.466302],[9.426845,54.466411],[9.42657,54.46779],[9.426389,54.46871],[9.426363,54.46875],[9.426325,54.468752],[9.426153,54.468747],[9.425204,54.468707],[9.424539,54.468675],[9.424519,54.468675],[9.423818,54.468668],[9.423687,54.468667],[9.423432,54.468688],[9.423279,54.468426],[9.423238,54.468379],[9.423156,54.468299],[9.422969,54.468124],[9.422896,54.46808],[9.422756,54.468009],[9.422625,54.467959],[9.422457,54.467928],[9.422335,54.467905],[9.421959,54.467844],[9.421844,54.467839],[9.421698,54.467845],[9.421641,54.467849],[9.421532,54.467856],[9.421483,54.467875],[9.421432,54.467937],[9.421358,54.468053],[9.421274,54.468124],[9.42117,54.468191],[9.421095,54.46823],[9.421005,54.468261],[9.420796,54.468306],[9.420628,54.468332],[9.420481,54.46836],[9.420333,54.468385],[9.420271,54.468385],[9.420209,54.468371],[9.420103,54.468332],[9.419949,54.46826],[9.419772,54.468175],[9.419724,54.468156],[9.419526,54.468079],[9.419279,54.467997],[9.419173,54.46796],[9.418954,54.46792],[9.419113,54.46778],[9.419273,54.467628],[9.419556,54.467379],[9.419604,54.467322],[9.419611,54.467238],[9.419574,54.467182],[9.419506,54.467122],[9.419308,54.466981],[9.418387,54.466319],[9.418304,54.466262]]]}},{"type":"Feature","properties":{"oid":"DESHPDHK0002fyMrFL","flstkennz":"01802900500052______","gemarkung":"Ellingstedt","flur":"5","flurstueck":"52","gemeinde":"Ellingstedt","kreis":"Schleswig-Flensburg","aktualit":"2025-10-22Z","status_genehmigung":"nicht_informiert","status_label":"Nicht informiert","baulos":"BL02","masten":"87","eigentuemer":"Stiftung Natur im Norden; Volker Koberg","vorname":"Volker","nachname":"Koberg; Stiftung Natur im Norden","email":"","telefon":"","info_daten":"","bemerkung":"","permit_rows":2},"geometry":{"type":"Polygon","coordinates":[[[9.419697,54.470153],[9.419948,54.470085],[9.420158,54.470009],[9.420369,54.469923],[9.421364,54.469499],[9.421679,54.469423],[9.421768,54.46936],[9.422813,54.469893],[9.422767,54.469957],[9.422704,54.470033],[9.422663,54.4701],[9.422661,54.470129],[9.422709,54.47015],[9.422913,54.470223],[9.423122,54.470302],[9.423314,54.470392],[9.423486,54.470472],[9.423605,54.470535],[9.423764,54.470645],[9.423966,54.470799],[9.424134,54.470929],[9.424282,54.471024],[9.424438,54.471117],[9.424576,54.471186],[9.424793,54.471281],[9.42502,54.471373],[9.425252,54.471458],[9.425489,54.47154],[9.425861,54.471673],[9.425689,54.471844],[9.425623,54.471909],[9.425436,54.472096],[9.425378,54.472122],[9.423949,54.471983],[9.42297,54.471893],[9.42289,54.471886],[9.422558,54.471857],[9.421566,54.471767],[9.421479,54.47176],[9.421449,54.471757],[9.42146,54.471649],[9.421477,54.471483],[9.421486,54.471312],[9.421494,54.471223],[9.421486,54.471197],[9.421492,54.470903],[9.421484,54.470317],[9.421464,54.470289],[9.421345,54.470274],[9.420779,54.47022],[9.420516,54.470195],[9.420383,54.470195],[9.420233,54.470205],[9.419745,54.470224],[9.419697,54.470153]]]}},{"type":"Feature","properties":{"oid":"DESHPDHK0002fyKbFL","flstkennz":"01802900400043______","gemarkung":"Ellingstedt","flur":"4","flurstueck":"43","gemeinde":"Ellingstedt","kreis":"Schleswig-Flensburg","aktualit":"2025-10-22Z","status_genehmigung":"nicht_informiert","status_label":"Nicht informiert","baulos":"BL02","masten":"88","eigentuemer":"Silvia Hinrichsen; Volker Albrecht","vorname":"Silvia; Volker","nachname":"Albrecht; Hinrichsen","email":"","telefon":"","info_daten":"","bemerkung":"","permit_rows":2},"geometry":{"type":"Polygon","coordinates":[[[9.423647,54.477829],[9.423748,54.477143],[9.423801,54.476783],[9.423933,54.47591],[9.423971,54.475664],[9.424693,54.475695],[9.424766,54.475702],[9.426018,54.475736],[9.425951,54.476003],[9.425828,54.476528],[9.425711,54.477032],[9.425629,54.47736],[9.425608,54.477441],[9.425571,54.477589],[9.425557,54.477648],[9.425554,54.47774],[9.425213,54.477751],[9.424507,54.477787],[9.423647,54.477829]]]}},{"type":"Feature","properties":{"oid":"DESHPDHK0002fyKPFL","flstkennz":"018029004000390001__","gemarkung":"Ellingstedt","flur":"4","flurstueck":"39/1","gemeinde":"Ellingstedt","kreis":"Schleswig-Flensburg","aktualit":"2025-10-22Z","status_genehmigung":"nicht_informiert","status_label":"Nicht informiert","baulos":"BL02","masten":"89, 90","eigentuemer":"Thomsen Rosacker GbR","vorname":"","nachname":"Thomsen Rosacker GbR","email":"","telefon":"","info_daten":"","bemerkung":"","permit_rows":2},"geometry":{"type":"Polygon","coordinates":[[[9.423228,54.479206],[9.423532,54.47916],[9.423837,54.47912],[9.424848,54.47903],[9.425854,54.47894],[9.425931,54.478934],[9.425897,54.480157],[9.426488,54.480129],[9.426483,54.480273],[9.426465,54.48086],[9.426448,54.481461],[9.426425,54.482118],[9.426419,54.482282],[9.426413,54.482527],[9.42641,54.482647],[9.425945,54.482683],[9.425752,54.482695],[9.425343,54.482729],[9.424796,54.482772],[9.424544,54.482792],[9.424306,54.48281],[9.424168,54.482832],[9.424091,54.482845],[9.423769,54.482928],[9.423281,54.483052],[9.423265,54.481849],[9.423263,54.481756],[9.423262,54.481646],[9.423256,54.48084],[9.423255,54.480471],[9.423249,54.479977],[9.423228,54.479206]]]}},{"type":"Feature","properties":{"oid":"DESHPDHK0002fyKfFL","flstkennz":"01802900400004______","gemarkung":"Ellingstedt","flur":"4","flurstueck":"4","gemeinde":"Ellingstedt","kreis":"Schleswig-Flensburg","aktualit":"2025-10-22Z","status_genehmigung":"nicht_informiert","status_label":"Nicht informiert","baulos":"BL02","masten":"91","eigentuemer":"Thomsen Rosacker GbR","vorname":"","nachname":"Thomsen Rosacker GbR","email":"","telefon":"","info_daten":"","bemerkung":"","permit_rows":1},"geometry":{"type":"Polygon","coordinates":[[[9.425319,54.484392],[9.42625,54.484323],[9.426366,54.485457],[9.426395,54.485733],[9.426413,54.48591],[9.426358,54.485916],[9.425498,54.486009],[9.425478,54.485842],[9.425447,54.485579],[9.425319,54.484392]]]}},{"type":"Feature","properties":{"oid":"DESHPDHK0002mCGeFL","flstkennz":"01805200100007______","gemarkung":"Hüsby","flur":"1","flurstueck":"7","gemeinde":"Hüsby","kreis":"Schleswig-Flensburg","aktualit":"2025-10-22Z","status_genehmigung":"genehmigt","status_label":"Genehmigt","baulos":"BL02","masten":"94","eigentuemer":"Manfred Fiering","vorname":"Manfred","nachname":"Fiering","email":"","telefon":"","info_daten":"","bemerkung":"","permit_rows":1},"geometry":{"type":"Polygon","coordinates":[[[9.426414,54.497386],[9.427211,54.49639],[9.427837,54.495601],[9.429638,54.496209],[9.4295,54.496379],[9.428926,54.497084],[9.428146,54.498039],[9.428086,54.498112],[9.426482,54.497416],[9.426414,54.497386]]]}},{"type":"Feature","properties":{"oid":"DESHPDHK0002mCGjFL","flstkennz":"01805200100011______","gemarkung":"Hüsby","flur":"1","flurstueck":"11","gemeinde":"Hüsby","kreis":"Schleswig-Flensburg","aktualit":"2025-10-22Z","status_genehmigung":"nicht_informiert","status_label":"Nicht informiert","baulos":"BL02","masten":"93","eigentuemer":"Elvira Bruckmann-Haar; Frank Haar; Jürgen Koch","vorname":"Elvira; Frank; Jürgen","nachname":"Bruckmann-Haar; Haar; Koch","email":"","telefon":"","info_daten":"","bemerkung":"","permit_rows":3},"geometry":{"type":"Polygon","coordinates":[[[9.426234,54.493993],[9.426333,54.493915],[9.426398,54.493872],[9.426462,54.493829],[9.427045,54.493399],[9.427204,54.493282],[9.428447,54.493691],[9.430051,54.494218],[9.430562,54.494386],[9.431356,54.494648],[9.433004,54.495191],[9.43522,54.495918],[9.43478,54.496342],[9.434435,54.496676],[9.43241,54.496016],[9.432211,54.495951],[9.430444,54.495371],[9.430383,54.495351],[9.42832,54.494675],[9.427483,54.494401],[9.427369,54.494364],[9.426852,54.494195],[9.426234,54.493993]]]}},{"type":"Feature","properties":{"oid":"DESHPDHK0002zYcEFL","flstkennz":"018104002000110002__","gemarkung":"Schuby","flur":"2","flurstueck":"11/2","gemeinde":"Schuby","kreis":"Schleswig-Flensburg","aktualit":"2025-10-22Z","status_genehmigung":"nicht_informiert","status_label":"Nicht informiert","baulos":"BL02","masten":"95","eigentuemer":"Ingo Barth","vorname":"Ingo","nachname":"Barth","email":"","telefon":"","info_daten":"","bemerkung":"","permit_rows":2},"geometry":{"type":"Polygon","coordinates":[[[9.42166,54.500938],[9.421898,54.500947],[9.422692,54.500977],[9.422789,54.500621],[9.423073,54.500635],[9.423367,54.500644],[9.423854,54.500656],[9.425814,54.500701],[9.425986,54.500705],[9.428169,54.500756],[9.428146,54.501058],[9.428131,54.501263],[9.428273,54.501277],[9.428674,54.501291],[9.429832,54.501335],[9.43038,54.501355],[9.430956,54.501377],[9.430987,54.501214],[9.431039,54.500949],[9.431104,54.500617],[9.431142,54.50042],[9.43116,54.500327],[9.431316,54.499529],[9.432027,54.49984],[9.432839,54.500195],[9.432882,54.500204],[9.433351,54.500264],[9.433566,54.500291],[9.433869,54.50033],[9.433878,54.500341],[9.433901,54.50037],[9.434262,54.500377],[9.435429,54.500399],[9.435446,54.500399],[9.435461,54.5004],[9.435476,54.5004],[9.435492,54.5004],[9.435637,54.500403],[9.437902,54.500446],[9.438017,54.500448],[9.438013,54.500462],[9.437953,54.500781],[9.43791,54.501012],[9.437816,54.501514],[9.437794,54.501561],[9.437786,54.501615],[9.437682,54.502163],[9.437627,54.502455],[9.43587,54.50238],[9.434557,54.502325],[9.434407,54.50232],[9.433995,54.502306],[9.431261,54.5022],[9.431055,54.502193],[9.42809,54.502078],[9.426025,54.502019],[9.425063,54.501992],[9.424721,54.501982],[9.423686,54.501953],[9.422859,54.501929],[9.421881,54.501901],[9.42173,54.501174],[9.421723,54.501137],[9.421698,54.501077],[9.421683,54.501043],[9.42166,54.500938]]]}},{"type":"Feature","properties":{"oid":"DESHPDHK0002zYczFL","flstkennz":"01810400200002______","gemarkung":"Schuby","flur":"2","flurstueck":"2","gemeinde":"Schuby","kreis":"Schleswig-Flensburg","aktualit":"2025-10-22Z","status_genehmigung":"nicht_informiert","status_label":"Nicht informiert","baulos":"BL02","masten":"96","eigentuemer":"Jens Otte","vorname":"Jens","nachname":"Otte","email":"","telefon":"","info_daten":"","bemerkung":"","permit_rows":2},"geometry":{"type":"Polygon","coordinates":[[[9.42827,54.504872],[9.428284,54.504837],[9.428331,54.504826],[9.430437,54.504947],[9.431692,54.505019],[9.431027,54.505193],[9.430946,54.505229],[9.430119,54.505697],[9.429913,54.505783],[9.42949,54.505954],[9.42945,54.506002],[9.429011,54.506176],[9.428994,54.506158],[9.428743,54.505888],[9.428459,54.505563],[9.42827,54.504872]]]}},{"type":"Feature","properties":{"oid":"DESHPDHK0002zYcbFL","flstkennz":"018104001000370009__","gemarkung":"Schuby","flur":"1","flurstueck":"37/9","gemeinde":"Schuby","kreis":"Schleswig-Flensburg","aktualit":"2025-10-22Z","status_genehmigung":"nicht_informiert","status_label":"Nicht informiert","baulos":"BL02","masten":"98A","eigentuemer":"Dirk Schwarten","vorname":"Dirk","nachname":"Schwarten","email":"","telefon":"","info_daten":"","bemerkung":"","permit_rows":2},"geometry":{"type":"Polygon","coordinates":[[[9.429672,54.511294],[9.429897,54.511322],[9.430267,54.511368],[9.430323,54.511375],[9.430327,54.511375],[9.430531,54.511401],[9.430714,54.511423],[9.431383,54.511506],[9.432035,54.511587],[9.432512,54.511646],[9.433078,54.511716],[9.433056,54.511764],[9.432545,54.512697],[9.431158,54.512526],[9.43115,54.512525],[9.431066,54.512514],[9.431048,54.512512],[9.43023,54.512411],[9.429804,54.512358],[9.429672,54.511294]]]}},{"type":"Feature","properties":{"oid":"DESHPDHK0002zYE2FL","flstkennz":"01810401800022______","gemarkung":"Schuby","flur":"18","flurstueck":"22","gemeinde":"Schuby","kreis":"Schleswig-Flensburg","aktualit":"2025-10-22Z","status_genehmigung":"nicht_informiert","status_label":"Nicht informiert","baulos":"BL02","masten":"99A","eigentuemer":"Dirk Schwarten; Helge Petersen; Sven Christian Petersen","vorname":"Dirk; Helge; Sven Christian","nachname":"Petersen; Schwarten","email":"","telefon":"","info_daten":"","bemerkung":"","permit_rows":3},"geometry":{"type":"Polygon","coordinates":[[[9.433571,54.514023],[9.434484,54.511969],[9.434521,54.511952],[9.436027,54.512142],[9.435262,54.514321],[9.434814,54.514274],[9.434832,54.51418],[9.433571,54.514023]]]}},{"type":"Feature","properties":{"oid":"DESHPDHK0002zYE9FL","flstkennz":"01810401800003______","gemarkung":"Schuby","flur":"18","flurstueck":"3","gemeinde":"Schuby","kreis":"Schleswig-Flensburg","aktualit":"2025-10-22Z","status_genehmigung":"nicht_informiert","status_label":"Nicht informiert","baulos":"BL02","masten":"100N","eigentuemer":"Heike Peper; Jens Otte; Sönke Hermann Hagge Ellhöft","vorname":"Heike; Jens; Sönke Hermann","nachname":"Hagge Ellhöft; Otte; Peper","email":"","telefon":"","info_daten":"","bemerkung":"","permit_rows":3},"geometry":{"type":"Polygon","coordinates":[[[9.429817,54.521039],[9.42992,54.51999],[9.429959,54.5196],[9.430021,54.518968],[9.430103,54.518139],[9.431319,54.518087],[9.431798,54.518067],[9.431922,54.518088],[9.431691,54.518881],[9.431549,54.519369],[9.431218,54.520481],[9.431051,54.521063],[9.430946,54.521064],[9.430871,54.521064],[9.430861,54.521044],[9.430595,54.521051],[9.43029,54.521049],[9.429817,54.521039]]]}},{"type":"Feature","properties":{"oid":"DESHPDHK0002zYeiFL","flstkennz":"01810400600005______","gemarkung":"Schuby","flur":"6","flurstueck":"5","gemeinde":"Schuby","kreis":"Schleswig-Flensburg","aktualit":"2026-02-09Z","status_genehmigung":"nicht_informiert","status_label":"Nicht informiert","baulos":"BL02","masten":"101, 102","eigentuemer":"Dirk Schwarten","vorname":"Dirk","nachname":"Schwarten","email":"","telefon":"","info_daten":"","bemerkung":"","permit_rows":4},"geometry":{"type":"Polygon","coordinates":[[[9.428672,54.525307],[9.428706,54.525306],[9.43113,54.525219],[9.431177,54.525738],[9.431208,54.526172],[9.431213,54.526226],[9.431287,54.52704],[9.431294,54.527118],[9.431302,54.527208],[9.431371,54.528281],[9.431402,54.528798],[9.431408,54.528939],[9.431408,54.528944],[9.431429,54.529512],[9.431547,54.529509],[9.431549,54.529545],[9.429058,54.529787],[9.428992,54.529793],[9.428757,54.526498],[9.42875,54.526406],[9.428749,54.526383],[9.428672,54.525307]]]}},{"type":"Feature","properties":{"oid":"DESHPDHK0002zYecFL","flstkennz":"018104005000050001__","gemarkung":"Schuby","flur":"5","flurstueck":"5/1","gemeinde":"Schuby","kreis":"Schleswig-Flensburg","aktualit":"2025-10-27Z","status_genehmigung":"genehmigt","status_label":"Genehmigt","baulos":"BL02","masten":"104","eigentuemer":"Lisa Engel","vorname":"Lisa","nachname":"Engel","email":"","telefon":"","info_daten":"","bemerkung":"","permit_rows":1},"geometry":{"type":"Polygon","coordinates":[[[9.422923,54.535935],[9.42297,54.535933],[9.424036,54.535904],[9.425325,54.535866],[9.427166,54.535807],[9.428531,54.535772],[9.429917,54.535718],[9.43088,54.535689],[9.431038,54.535685],[9.43126,54.535678],[9.431483,54.53567],[9.431531,54.535675],[9.431541,54.535695],[9.431517,54.535996],[9.431509,54.536079],[9.431439,54.536781],[9.431403,54.536818],[9.431397,54.536887],[9.431358,54.536906],[9.4313,54.536927],[9.430487,54.536903],[9.430256,54.5369],[9.430104,54.536956],[9.429873,54.537046],[9.429377,54.537259],[9.429275,54.537354],[9.428777,54.537913],[9.428539,54.538115],[9.428029,54.538545],[9.427679,54.53884],[9.427248,54.539203],[9.427216,54.539226],[9.427188,54.539246],[9.427023,54.539365],[9.426925,54.539435],[9.42665,54.539566],[9.426034,54.539813],[9.425664,54.539954],[9.425606,54.539973],[9.425344,54.540061],[9.425321,54.540107],[9.424796,54.539962],[9.423903,54.539718],[9.42357,54.539629],[9.42326,54.539545],[9.423256,54.5395],[9.423194,54.538769],[9.423188,54.538705],[9.423176,54.538562],[9.423129,54.538006],[9.423082,54.537526],[9.423067,54.537375],[9.423052,54.537213],[9.422982,54.536487],[9.422968,54.536352],[9.422923,54.535935]]]}},{"type":"Feature","properties":{"oid":"DESHPDHK0006ddLkFL","flstkennz":"01810400500030______","gemarkung":"Schuby","flur":"5","flurstueck":"30","gemeinde":"Schuby","kreis":"Schleswig-Flensburg","aktualit":"2025-10-27Z","status_genehmigung":"genehmigt","status_label":"Genehmigt","baulos":"BL02","masten":"103","eigentuemer":"Lisa Engel","vorname":"Lisa","nachname":"Engel","email":"","telefon":"","info_daten":"","bemerkung":"","permit_rows":1},"geometry":{"type":"Polygon","coordinates":[[[9.422573,54.532113],[9.422603,54.532111],[9.425855,54.531831],[9.426185,54.531802],[9.427924,54.531653],[9.428027,54.531645],[9.430126,54.531465],[9.430287,54.531453],[9.430456,54.531447],[9.430654,54.53144],[9.430845,54.53144],[9.431574,54.53146],[9.431604,54.531477],[9.431653,54.531538],[9.431663,54.532601],[9.431655,54.533695],[9.431649,54.533766],[9.431648,54.533778],[9.431646,54.533803],[9.430998,54.533737],[9.430988,54.533748],[9.430078,54.533657],[9.430069,54.533772],[9.43003,54.534257],[9.42992,54.535627],[9.429671,54.535635],[9.428044,54.535682],[9.425828,54.53575],[9.424435,54.535788],[9.422779,54.535841],[9.422734,54.535842],[9.422665,54.534215],[9.422605,54.532822],[9.422588,54.532456],[9.422573,54.532113]]]}},{"type":"Feature","properties":{"oid":"DESHPDHK0002nuQAFL","flstkennz":"018055007000750002__","gemarkung":"Jübek","flur":"7","flurstueck":"75/2","gemeinde":"Jübek","kreis":"Schleswig-Flensburg","aktualit":"2025-10-27Z","status_genehmigung":"nicht_informiert","status_label":"Nicht informiert","baulos":"BL02","masten":"106","eigentuemer":"Kai Marxen; Ralf Schmidt","vorname":"Kai; Ralf","nachname":"Marxen; Schmidt","email":"","telefon":"","info_daten":"","bemerkung":"","permit_rows":4},"geometry":{"type":"Polygon","coordinates":[[[9.425289,54.546822],[9.42541,54.546106],[9.42541,54.546101],[9.425547,54.545292],[9.425792,54.543843],[9.425843,54.543863],[9.426844,54.544257],[9.427089,54.544339],[9.427369,54.544406],[9.427595,54.544448],[9.428225,54.544556],[9.428017,54.545786],[9.427978,54.54602],[9.427827,54.546916],[9.427482,54.547096],[9.425342,54.546828],[9.425289,54.546822]]]}},{"type":"Feature","properties":{"oid":"DESHPDHK0002zYedFL","flstkennz":"01810400500008______","gemarkung":"Schuby","flur":"5","flurstueck":"8","gemeinde":"Schuby","kreis":"Schleswig-Flensburg","aktualit":"2025-10-27Z","status_genehmigung":"nicht_informiert","status_label":"Nicht informiert","baulos":"BL02","masten":"105","eigentuemer":"Oke Gnutzmann","vorname":"Oke","nachname":"Gnutzmann","email":"","telefon":"","info_daten":"","bemerkung":"2te Mail am 27.04.2026","permit_rows":1},"geometry":{"type":"Polygon","coordinates":[[[9.425502,54.540158],[9.426406,54.539795],[9.42644,54.539781],[9.426929,54.539573],[9.427169,54.539437],[9.427357,54.539309],[9.428071,54.539781],[9.428719,54.540209],[9.428807,54.540258],[9.428927,54.540325],[9.428782,54.540379],[9.428007,54.540814],[9.427917,54.540863],[9.427375,54.541157],[9.427243,54.541075],[9.427122,54.540998],[9.427012,54.540929],[9.426729,54.540762],[9.426536,54.540649],[9.426152,54.540422],[9.425867,54.540264],[9.425502,54.540158]]]}},{"type":"Feature","properties":{"oid":"DESHPDHK0002nuPsFL","flstkennz":"01805500700035______","gemarkung":"Jübek","flur":"7","flurstueck":"35","gemeinde":"Jübek","kreis":"Schleswig-Flensburg","aktualit":"2025-10-27Z","status_genehmigung":"nicht_informiert","status_label":"Nicht informiert","baulos":"BL02","masten":"108","eigentuemer":"Erhard Hansen; Henning Beyer","vorname":"Erhard; Henning","nachname":"Beyer; Hansen","email":"","telefon":"","info_daten":"","bemerkung":"","permit_rows":3},"geometry":{"type":"Polygon","coordinates":[[[9.41774,54.552403],[9.41922,54.551623],[9.419562,54.551441],[9.419636,54.551413],[9.42012,54.551169],[9.420507,54.550974],[9.421244,54.550579],[9.421296,54.550551],[9.423512,54.550985],[9.42441,54.551165],[9.424943,54.551269],[9.425366,54.55135],[9.426104,54.551491],[9.426118,54.551492],[9.426059,54.551735],[9.426041,54.551731],[9.425866,54.552324],[9.425607,54.553245],[9.424698,54.553172],[9.423833,54.553102],[9.422399,54.55299],[9.422342,54.552985],[9.42183,54.552943],[9.421549,54.552926],[9.421161,54.552897],[9.420758,54.552866],[9.419375,54.552749],[9.418873,54.552707],[9.417822,54.552619],[9.41778,54.552581],[9.417754,54.552508],[9.41774,54.552403]]]}},{"type":"Feature","properties":{"oid":"DESHPDHK0002nuR3FL","flstkennz":"01805500700037______","gemarkung":"Jübek","flur":"7","flurstueck":"37","gemeinde":"Jübek","kreis":"Schleswig-Flensburg","aktualit":"2025-10-27Z","status_genehmigung":"nicht_informiert","status_label":"Nicht informiert","baulos":"BL02","masten":"107","eigentuemer":"Christiane Nehls-Hansen; Gemeinde Jübek über Amt Arensharde","vorname":"Christiane","nachname":"Gemeinde Jübek über Amt Arensharde; Nehls-Hansen","email":"","telefon":"","info_daten":"","bemerkung":"","permit_rows":2},"geometry":{"type":"Polygon","coordinates":[[[9.423458,54.549414],[9.42424,54.549007],[9.424943,54.548637],[9.425355,54.548399],[9.42635,54.547881],[9.42725,54.547407],[9.426941,54.548512],[9.426904,54.54853],[9.426816,54.54884],[9.426768,54.549006],[9.426695,54.549281],[9.426642,54.54946],[9.426551,54.549782],[9.426488,54.549843],[9.425417,54.549836],[9.425299,54.549838],[9.425181,54.54985],[9.424986,54.549853],[9.424933,54.549834],[9.42431,54.549826],[9.424031,54.549832],[9.423498,54.549834],[9.423522,54.549663],[9.423554,54.54944],[9.423485,54.549467],[9.423458,54.549414]]]}},{"type":"Feature","properties":{"oid":"DESHPDHK0002nuP8FL","flstkennz":"018055007000130003__","gemarkung":"Jübek","flur":"7","flurstueck":"13/3","gemeinde":"Jübek","kreis":"Schleswig-Flensburg","aktualit":"2026-03-24Z","status_genehmigung":"nicht_informiert","status_label":"Nicht informiert","baulos":"BL02","masten":"109","eigentuemer":"Henning Beyer","vorname":"Henning","nachname":"Beyer","email":"","telefon":"","info_daten":"","bemerkung":"","permit_rows":2},"geometry":{"type":"Polygon","coordinates":[[[9.419916,54.558086],[9.419928,54.558023],[9.42023,54.557015],[9.420236,54.556995],[9.420458,54.556189],[9.420606,54.555727],[9.420631,54.555686],[9.420684,54.555596],[9.42073,54.555518],[9.422124,54.555628],[9.423634,54.555741],[9.424879,54.555833],[9.425112,54.55502],[9.425196,54.55473],[9.425334,54.554213],[9.425583,54.553337],[9.427066,54.553459],[9.426717,54.554797],[9.427143,54.554819],[9.427146,54.554875],[9.427889,54.554935],[9.428252,54.554975],[9.427921,54.556335],[9.426842,54.556227],[9.426549,54.557578],[9.426548,54.557582],[9.42648,54.557892],[9.426468,54.557948],[9.426392,54.557951],[9.425399,54.557984],[9.425349,54.557996],[9.425319,54.558016],[9.425283,54.558017],[9.425057,54.558025],[9.425033,54.558026],[9.424812,54.558032],[9.424583,54.558038],[9.424254,54.558048],[9.423958,54.558054],[9.423949,54.558028],[9.42313,54.558051],[9.421428,54.558098],[9.420539,54.558122],[9.419934,54.558139],[9.419922,54.558116],[9.419916,54.558086]]]}},{"type":"Feature","properties":{"oid":"DESHPDHK0002jgPvFL","flstkennz":"01803600100035______","gemarkung":"Friedrichsau","flur":"1","flurstueck":"35","gemeinde":"Jübek","kreis":"Schleswig-Flensburg","aktualit":"2026-05-04Z","status_genehmigung":"nicht_informiert","status_label":"Nicht informiert","baulos":"BL02","masten":"110","eigentuemer":"Thomas Petersen","vorname":"Thomas","nachname":"Petersen","email":"","telefon":"","info_daten":"","bemerkung":"","permit_rows":1},"geometry":{"type":"Polygon","coordinates":[[[9.415276,54.56085],[9.41596,54.559994],[9.416434,54.559386],[9.416445,54.559372],[9.416793,54.55936],[9.416837,54.559359],[9.417736,54.55933],[9.42283,54.559163],[9.422832,54.559176],[9.422849,54.559284],[9.421686,54.559319],[9.421089,54.559703],[9.420914,54.559836],[9.420907,54.55984],[9.419498,54.560775],[9.419463,54.560799],[9.419456,54.560804],[9.418281,54.561592],[9.417219,54.561328],[9.41715,54.561311],[9.416229,54.561085],[9.416211,54.56108],[9.415276,54.56085]]]}},{"type":"Feature","properties":{"oid":"DESHPDHK0002jgOVFL","flstkennz":"01803600100052______","gemarkung":"Friedrichsau","flur":"1","flurstueck":"52","gemeinde":"Jübek","kreis":"Schleswig-Flensburg","aktualit":"2025-10-27Z","status_genehmigung":"nicht_informiert","status_label":"Nicht informiert","baulos":"BL02","masten":"111","eigentuemer":"Thomas Petersen","vorname":"Thomas","nachname":"Petersen","email":"","telefon":"","info_daten":"","bemerkung":"","permit_rows":1},"geometry":{"type":"Polygon","coordinates":[[[9.4169,54.563397],[9.417023,54.563279],[9.417423,54.562882],[9.419112,54.563457],[9.418886,54.563864],[9.418783,54.564054],[9.4169,54.563397]]]}},{"type":"Feature","properties":{"oid":"DESHPDHK0002jgPhFL","flstkennz":"018036001000640008__","gemarkung":"Friedrichsau","flur":"1","flurstueck":"64/8","gemeinde":"Jübek","kreis":"Schleswig-Flensburg","aktualit":"2026-05-04Z","status_genehmigung":"nicht_informiert","status_label":"Nicht informiert","baulos":"BL02","masten":"112","eigentuemer":"Thomas Petersen","vorname":"Thomas","nachname":"Petersen","email":"","telefon":"","info_daten":"","bemerkung":"","permit_rows":1},"geometry":{"type":"Polygon","coordinates":[[[9.411072,54.56761],[9.411147,54.567536],[9.412026,54.566661],[9.412156,54.566531],[9.412701,54.566692],[9.413136,54.566757],[9.413393,54.566496],[9.41367,54.566213],[9.414176,54.566329],[9.414596,54.566434],[9.415114,54.566546],[9.415268,54.566578],[9.415567,54.566641],[9.416032,54.566749],[9.416194,54.566786],[9.416337,54.566819],[9.416223,54.56699],[9.416178,54.567058],[9.416156,54.567082],[9.416059,54.567187],[9.416179,54.56724],[9.415903,54.567535],[9.415691,54.567766],[9.415537,54.567935],[9.415515,54.567959],[9.415048,54.568468],[9.414615,54.568942],[9.413798,54.568609],[9.413794,54.568614],[9.413774,54.568632],[9.413644,54.568771],[9.413635,54.568785],[9.412988,54.568559],[9.412627,54.568397],[9.412453,54.568313],[9.412265,54.568211],[9.41188,54.567998],[9.411572,54.567831],[9.411214,54.567661],[9.411072,54.56761]]]}},{"type":"Feature","properties":{"oid":"DESHPDHK0002dBwOFL","flstkennz":"018012015000350001__","gemarkung":"Bollingstedt","flur":"15","flurstueck":"35/1","gemeinde":"Bollingstedt","kreis":"Schleswig-Flensburg","aktualit":"2025-10-27Z","status_genehmigung":"genehmigt","status_label":"Genehmigt","baulos":"BL02","masten":"113","eigentuemer":"Niklas Petersen","vorname":"Niklas","nachname":"Petersen","email":"","telefon":"","info_daten":"","bemerkung":"Termin am 30.04.2026, 14 Uhr","permit_rows":1},"geometry":{"type":"Polygon","coordinates":[[[9.410958,54.569504],[9.410978,54.569489],[9.41176,54.569315],[9.41177,54.569322],[9.411847,54.569378],[9.411929,54.569436],[9.412064,54.569533],[9.412271,54.56968],[9.412377,54.569737],[9.41256,54.569852],[9.412684,54.5699],[9.412977,54.569985],[9.413208,54.570075],[9.412724,54.571133],[9.412921,54.571309],[9.413377,54.571719],[9.413494,54.571823],[9.413401,54.572465],[9.413299,54.573202],[9.413276,54.573254],[9.41311,54.573245],[9.412703,54.573224],[9.412296,54.573203],[9.411534,54.573167],[9.411095,54.570843],[9.411066,54.570567],[9.41101,54.570023],[9.410959,54.569518],[9.410958,54.569504]]]}},{"type":"Feature","properties":{"oid":"DESHPDHK0006eDprFL","flstkennz":"01801201300099______","gemarkung":"Bollingstedt","flur":"13","flurstueck":"99","gemeinde":"Bollingstedt","kreis":"Schleswig-Flensburg","aktualit":"2025-10-22Z","status_genehmigung":"genehmigt","status_label":"Genehmigt","baulos":"BL02","masten":"116, 117","eigentuemer":"Niklas Petersen; Uwe Burau","vorname":"Niklas; Uwe","nachname":"Burau; Petersen","email":"","telefon":"","info_daten":"","bemerkung":"Links vom Knick befahren","permit_rows":2},"geometry":{"type":"Polygon","coordinates":[[[9.402932,54.581666],[9.402935,54.581629],[9.402965,54.581301],[9.402978,54.581156],[9.403019,54.580786],[9.403056,54.580612],[9.403068,54.580569],[9.403156,54.580278],[9.403166,54.580234],[9.403183,54.580193],[9.403287,54.580205],[9.40336,54.580213],[9.403381,54.580217],[9.403492,54.580239],[9.403836,54.5803],[9.404442,54.580407],[9.405238,54.580549],[9.405791,54.580648],[9.407488,54.580957],[9.407695,54.580993],[9.408573,54.581153],[9.408606,54.581155],[9.408657,54.581403],[9.408679,54.581523],[9.408687,54.581564],[9.408708,54.581615],[9.40874,54.581663],[9.408786,54.581725],[9.408809,54.581898],[9.40881,54.581951],[9.408811,54.581967],[9.408815,54.582049],[9.408825,54.582255],[9.408826,54.582308],[9.408846,54.582554],[9.408785,54.582721],[9.40878,54.582775],[9.408792,54.583158],[9.408806,54.583636],[9.408804,54.583744],[9.408796,54.583826],[9.408783,54.583881],[9.408591,54.584694],[9.407462,54.584507],[9.406534,54.584356],[9.406185,54.584296],[9.406135,54.584288],[9.406098,54.584282],[9.406162,54.584179],[9.406226,54.584076],[9.406265,54.584012],[9.406355,54.583816],[9.406368,54.583788],[9.406453,54.583625],[9.405507,54.583287],[9.40498,54.583112],[9.404954,54.583103],[9.404781,54.58327],[9.404611,54.583435],[9.40438,54.583355],[9.403908,54.58319],[9.403529,54.58305],[9.403092,54.582895],[9.403034,54.582874],[9.403414,54.582383],[9.403765,54.581939],[9.403814,54.58188],[9.403833,54.581853],[9.402932,54.581689],[9.402932,54.581666]]]}},{"type":"Feature","properties":{"oid":"DESHPDHK0002dBwpFL","flstkennz":"01801201500002______","gemarkung":"Bollingstedt","flur":"15","flurstueck":"2","gemeinde":"Bollingstedt","kreis":"Schleswig-Flensburg","aktualit":"2026-02-12Z","status_genehmigung":"genehmigt","status_label":"Genehmigt","baulos":"BL02","masten":"115","eigentuemer":"Niklas Petersen","vorname":"Niklas","nachname":"Petersen","email":"","telefon":"","info_daten":"","bemerkung":"Termin am 30.04.2026, 14 Uhr","permit_rows":1},"geometry":{"type":"Polygon","coordinates":[[[9.407054,54.577074],[9.40821,54.577172],[9.409263,54.577261],[9.409611,54.577291],[9.410263,54.577345],[9.411378,54.577436],[9.411539,54.577433],[9.412603,54.577405],[9.413931,54.577375],[9.413951,54.577375],[9.414324,54.577365],[9.415495,54.577334],[9.415419,54.57746],[9.415286,54.577834],[9.415227,54.578021],[9.415122,54.578287],[9.414944,54.578469],[9.414841,54.578514],[9.414749,54.578569],[9.414678,54.578634],[9.414632,54.57868],[9.414583,54.578739],[9.414496,54.578731],[9.414009,54.578649],[9.413834,54.578619],[9.410701,54.578093],[9.410694,54.578105],[9.410208,54.578933],[9.409231,54.578748],[9.408942,54.578693],[9.40887,54.57868],[9.408619,54.57863],[9.408285,54.578565],[9.408074,54.578507],[9.40795,54.578285],[9.407834,54.578088],[9.407778,54.578015],[9.407663,54.577858],[9.407473,54.577613],[9.407332,54.57744],[9.407054,54.577074]]]}},{"type":"Feature","properties":{"oid":"DESHPDHK0002dBvuFL","flstkennz":"018012013000550007__","gemarkung":"Bollingstedt","flur":"13","flurstueck":"55/7","gemeinde":"Bollingstedt","kreis":"Schleswig-Flensburg","aktualit":"2025-10-22Z","status_genehmigung":"nicht_informiert","status_label":"Nicht informiert","baulos":"BL02","masten":"118","eigentuemer":"Kai Bruhn","vorname":"Kai","nachname":"Bruhn","email":"","telefon":"","info_daten":"","bemerkung":"","permit_rows":1},"geometry":{"type":"Polygon","coordinates":[[[9.403044,54.585879],[9.404794,54.585069],[9.405528,54.585283],[9.405821,54.585373],[9.406363,54.585568],[9.406918,54.585771],[9.40767,54.586035],[9.407788,54.586076],[9.407802,54.586081],[9.407717,54.586263],[9.407678,54.586348],[9.407606,54.58642],[9.407521,54.586505],[9.407454,54.586717],[9.407564,54.586934],[9.407515,54.586964],[9.407317,54.587094],[9.407238,54.587131],[9.407126,54.587173],[9.407044,54.587177],[9.406917,54.587196],[9.406663,54.587114],[9.406425,54.587035],[9.405974,54.586887],[9.40513,54.586597],[9.40473,54.586457],[9.404004,54.586204],[9.403316,54.585969],[9.403044,54.585879]]]}},{"type":"Feature","properties":{"oid":"DESHPDHK0002dBiBFL","flstkennz":"018012003000310004__","gemarkung":"Bollingstedt","flur":"3","flurstueck":"31/4","gemeinde":"Bollingstedt","kreis":"Schleswig-Flensburg","aktualit":"2025-10-22Z","status_genehmigung":"genehmigt","status_label":"Genehmigt","baulos":"BL02","masten":"119","eigentuemer":"Andree Ipsen","vorname":"Andree","nachname":"Ipsen","email":"","telefon":"","info_daten":"","bemerkung":"","permit_rows":1},"geometry":{"type":"Polygon","coordinates":[[[9.403877,54.591223],[9.404158,54.590381],[9.404239,54.59012],[9.404311,54.589884],[9.404414,54.589902],[9.405716,54.590136],[9.40686,54.590347],[9.406911,54.590366],[9.406914,54.5904],[9.406894,54.590642],[9.40694,54.590646],[9.406934,54.590688],[9.406921,54.590693],[9.40689,54.590721],[9.406877,54.590736],[9.406854,54.590753],[9.406826,54.590767],[9.406773,54.59076],[9.406826,54.590538],[9.406312,54.590453],[9.406108,54.591057],[9.405153,54.590946],[9.405071,54.591213],[9.405011,54.591409],[9.403877,54.591223]]]}},{"type":"Feature","properties":{"oid":"DESHPDHK0002dBieFL","flstkennz":"01801200300041______","gemarkung":"Bollingstedt","flur":"3","flurstueck":"41","gemeinde":"Bollingstedt","kreis":"Schleswig-Flensburg","aktualit":"2025-10-22Z","status_genehmigung":"genehmigt","status_label":"Genehmigt","baulos":"BL02","masten":"121","eigentuemer":"Andree Ipsen","vorname":"Andree","nachname":"Ipsen","email":"","telefon":"","info_daten":"","bemerkung":"","permit_rows":1},"geometry":{"type":"Polygon","coordinates":[[[9.405027,54.597286],[9.405031,54.597277],[9.40556,54.596216],[9.405687,54.595958],[9.406103,54.595112],[9.406518,54.594292],[9.407922,54.594631],[9.408262,54.594713],[9.40828,54.594718],[9.408306,54.594724],[9.409295,54.594965],[9.409264,54.595014],[9.409085,54.595404],[9.409074,54.595429],[9.409071,54.595437],[9.408764,54.596136],[9.408625,54.596436],[9.408452,54.596763],[9.408369,54.596892],[9.408118,54.597237],[9.407873,54.597573],[9.407772,54.597698],[9.407584,54.597895],[9.407454,54.597851],[9.40689,54.597658],[9.406597,54.597562],[9.406402,54.597505],[9.406236,54.597465],[9.405991,54.59742],[9.405143,54.597287],[9.405027,54.597286]],[[9.407832,54.595097],[9.408369,54.595218],[9.408391,54.595184],[9.408535,54.594969],[9.40858,54.594902],[9.408043,54.594782],[9.407832,54.595097]]]}},{"type":"Feature","properties":{"oid":"DESHPDHK0002dBlgFL","flstkennz":"01801200500005______","gemarkung":"Bollingstedt","flur":"5","flurstueck":"5","gemeinde":"Bollingstedt","kreis":"Schleswig-Flensburg","aktualit":"2025-10-22Z","status_genehmigung":"genehmigt","status_label":"Genehmigt","baulos":"BL02","masten":"122","eigentuemer":"Nico Wohlert","vorname":"Nico","nachname":"Wohlert","email":"","telefon":"","info_daten":"","bemerkung":"","permit_rows":1},"geometry":{"type":"Polygon","coordinates":[[[9.406006,54.600047],[9.406355,54.599808],[9.40661,54.599635],[9.406714,54.599558],[9.406862,54.599432],[9.406973,54.599336],[9.407108,54.599218],[9.407191,54.599084],[9.407281,54.598937],[9.407497,54.598588],[9.407617,54.598385],[9.407759,54.598191],[9.408149,54.598317],[9.408167,54.598326],[9.410051,54.598734],[9.411679,54.599071],[9.412112,54.599162],[9.412226,54.599188],[9.412198,54.599313],[9.412195,54.599327],[9.411965,54.60027],[9.411745,54.601259],[9.410395,54.60098],[9.409293,54.600744],[9.409243,54.600733],[9.409204,54.600725],[9.407754,54.600422],[9.406006,54.600047]]]}},{"type":"Feature","properties":{"oid":"DESHPDHK0002dBpwFL","flstkennz":"01801200700054______","gemarkung":"Bollingstedt","flur":"7","flurstueck":"54","gemeinde":"Bollingstedt","kreis":"Schleswig-Flensburg","aktualit":"2025-10-22Z","status_genehmigung":"genehmigt","status_label":"Genehmigt","baulos":"BL02","masten":"124","eigentuemer":"Hans Brodersen; Marco Petersen","vorname":"Hans; Marco","nachname":"Brodersen; Petersen","email":"","telefon":"","info_daten":"","bemerkung":"","permit_rows":2},"geometry":{"type":"Polygon","coordinates":[[[9.414393,54.608339],[9.414455,54.607928],[9.414529,54.607437],[9.415816,54.607752],[9.41682,54.607994],[9.416372,54.608468],[9.415801,54.609073],[9.41575,54.609046],[9.414801,54.608552],[9.414791,54.608547],[9.414522,54.608407],[9.41444,54.608364],[9.414393,54.608339]]]}},{"type":"Feature","properties":{"oid":"DESHPDHK0002E3LxFL","flstkennz":"01117201000036______","gemarkung":"Langstedt","flur":"10","flurstueck":"36","gemeinde":"Langstedt","kreis":"Schleswig-Flensburg","aktualit":"2025-10-22Z","status_genehmigung":"genehmigt","status_label":"Genehmigt","baulos":"BL02","masten":"125","eigentuemer":"Jürgen Hansen","vorname":"Jürgen","nachname":"Hansen","email":"","telefon":"","info_daten":"","bemerkung":"Termin am 30.04.2026, 15:30 Uhr","permit_rows":1},"geometry":{"type":"Polygon","coordinates":[[[9.411678,54.610021],[9.411715,54.609956],[9.41207,54.609304],[9.412295,54.608891],[9.412329,54.608838],[9.412816,54.607935],[9.412996,54.607601],[9.413593,54.607917],[9.413745,54.607997],[9.413919,54.608089],[9.414073,54.60817],[9.414393,54.608339],[9.41444,54.608364],[9.414522,54.608407],[9.414791,54.608547],[9.414801,54.608552],[9.41575,54.609046],[9.415801,54.609073],[9.4162,54.609281],[9.417133,54.609765],[9.416732,54.610197],[9.416626,54.610311],[9.416557,54.610385],[9.416399,54.610551],[9.416157,54.610807],[9.413708,54.610378],[9.412492,54.610164],[9.411678,54.610021]]]}},{"type":"Feature","properties":{"oid":"DESHPDHK0002dBlRFL","flstkennz":"01801200500007______","gemarkung":"Bollingstedt","flur":"5","flurstueck":"7","gemeinde":"Bollingstedt","kreis":"Schleswig-Flensburg","aktualit":"2025-10-22Z","status_genehmigung":"genehmigt","status_label":"Genehmigt","baulos":"BL02","masten":"123","eigentuemer":"Nico Wohlert","vorname":"Nico","nachname":"Wohlert","email":"","telefon":"","info_daten":"","bemerkung":"","permit_rows":1},"geometry":{"type":"Polygon","coordinates":[[[9.410586,54.606388],[9.410612,54.606262],[9.410968,54.604718],[9.411208,54.603669],[9.411466,54.60254],[9.411469,54.602529],[9.412354,54.602768],[9.412988,54.602943],[9.413177,54.60304],[9.413153,54.603171],[9.412725,54.604898],[9.412446,54.605972],[9.412319,54.60646],[9.412121,54.607153],[9.411271,54.606729],[9.410586,54.606388]]]}},{"type":"Feature","properties":{"oid":"DESHPDHK0002E3KxFL","flstkennz":"01117200900014______","gemarkung":"Langstedt","flur":"9","flurstueck":"14","gemeinde":"Langstedt","kreis":"Schleswig-Flensburg","aktualit":"2025-10-22Z","status_genehmigung":"genehmigt","status_label":"Genehmigt","baulos":"BL02","masten":"126","eigentuemer":"Matzen GbR","vorname":"","nachname":"Matzen GbR","email":"","telefon":"","info_daten":"","bemerkung":"","permit_rows":1},"geometry":{"type":"Polygon","coordinates":[[[9.416631,54.614821],[9.417181,54.613739],[9.417599,54.612909],[9.417616,54.612875],[9.417636,54.612836],[9.417741,54.612558],[9.41918,54.612777],[9.419111,54.612943],[9.419072,54.613036],[9.418724,54.613869],[9.418614,54.614132],[9.418306,54.614871],[9.418267,54.614963],[9.418186,54.615128],[9.417446,54.614985],[9.417013,54.614901],[9.416694,54.61484],[9.416631,54.614821]]]}},{"type":"Feature","properties":{"oid":"DESHPDHK0002E3K2FL","flstkennz":"01117200800006______","gemarkung":"Langstedt","flur":"8","flurstueck":"6","gemeinde":"Langstedt","kreis":"Schleswig-Flensburg","aktualit":"2026-02-26Z","status_genehmigung":"genehmigt","status_label":"Genehmigt","baulos":"BL02","masten":"128","eigentuemer":"Christiane Schulz; Claudia Albertsen","vorname":"Christiane; Claudia","nachname":"Albertsen; Schulz","email":"","telefon":"","info_daten":"","bemerkung":"","permit_rows":2},"geometry":{"type":"Polygon","coordinates":[[[9.41572,54.623005],[9.415721,54.623005],[9.415739,54.622997],[9.415778,54.622978],[9.415926,54.622911],[9.416823,54.622481],[9.416976,54.622408],[9.417539,54.622138],[9.417752,54.622036],[9.418855,54.62151],[9.419217,54.621338],[9.419507,54.6212],[9.420803,54.620576],[9.421987,54.620005],[9.423049,54.620255],[9.425409,54.620828],[9.424771,54.621144],[9.424345,54.621354],[9.424136,54.621458],[9.423274,54.621878],[9.423192,54.621928],[9.422857,54.622081],[9.422525,54.622232],[9.422019,54.622463],[9.421821,54.622554],[9.421737,54.622592],[9.421258,54.622808],[9.421253,54.622811],[9.420845,54.622995],[9.420768,54.623018],[9.420056,54.62335],[9.419942,54.623421],[9.419492,54.623635],[9.419346,54.623704],[9.419205,54.623771],[9.41821,54.624222],[9.417444,54.624567],[9.417362,54.624602],[9.416991,54.624222],[9.416808,54.624035],[9.415877,54.623094],[9.415836,54.62311],[9.415826,54.623114],[9.415747,54.623032],[9.41572,54.623005]]]}},{"type":"Feature","properties":{"oid":"DESHPDHK0002E3KAFL","flstkennz":"01117200900002______","gemarkung":"Langstedt","flur":"9","flurstueck":"2","gemeinde":"Langstedt","kreis":"Schleswig-Flensburg","aktualit":"2025-10-22Z","status_genehmigung":"genehmigt","status_label":"Genehmigt","baulos":"BL02","masten":"127","eigentuemer":"Emil Harks","vorname":"Emil","nachname":"Harks","email":"","telefon":"","info_daten":"","bemerkung":"Noch in Klkärung ob Durchfahrt über den Hof","permit_rows":1},"geometry":{"type":"Polygon","coordinates":[[[9.418325,54.619046],[9.420123,54.61792],[9.420175,54.617899],[9.420257,54.617887],[9.420364,54.617906],[9.420504,54.617942],[9.422215,54.618441],[9.423395,54.618793],[9.423537,54.618843],[9.423615,54.618879],[9.423712,54.618927],[9.423887,54.619021],[9.424015,54.619102],[9.424311,54.619314],[9.424329,54.619328],[9.422556,54.620056],[9.422404,54.62002],[9.422328,54.620002],[9.420408,54.619542],[9.420028,54.619451],[9.419444,54.619312],[9.418575,54.619104],[9.418325,54.619046]]]}},{"type":"Feature","properties":{"oid":"DESHPDHK0002pWECFL","flstkennz":"011071003000420004__","gemarkung":"Keelbek","flur":"3","flurstueck":"42/4","gemeinde":"Tarp","kreis":"Schleswig-Flensburg","aktualit":"2026-03-05Z","status_genehmigung":"genehmigt","status_label":"Genehmigt","baulos":"BL02","masten":"129, 130","eigentuemer":"Emil Harks","vorname":"Emil","nachname":"Harks","email":"","telefon":"","info_daten":"","bemerkung":"","permit_rows":2},"geometry":{"type":"Polygon","coordinates":[[[9.41326,54.629056],[9.414373,54.628516],[9.41528,54.628076],[9.415514,54.627962],[9.415849,54.627801],[9.416741,54.627373],[9.417345,54.627079],[9.418746,54.626407],[9.41896,54.626304],[9.419299,54.626142],[9.419305,54.626139],[9.419311,54.626136],[9.41952,54.626036],[9.41972,54.62594],[9.421368,54.625153],[9.422432,54.624631],[9.422671,54.624514],[9.423194,54.624258],[9.423905,54.623909],[9.424106,54.623938],[9.424034,54.624412],[9.42408,54.624415],[9.424106,54.624416],[9.424101,54.624462],[9.424097,54.62449],[9.424095,54.62451],[9.424091,54.624548],[9.424089,54.624558],[9.42406,54.62481],[9.423951,54.625687],[9.423948,54.625708],[9.423936,54.625797],[9.423818,54.626667],[9.423785,54.62691],[9.423769,54.627037],[9.423677,54.627766],[9.423636,54.628093],[9.423635,54.628095],[9.423624,54.62819],[9.423621,54.628212],[9.423597,54.628392],[9.42358,54.628523],[9.423473,54.62933],[9.423445,54.629556],[9.423347,54.630344],[9.423341,54.630376],[9.423219,54.630368],[9.422432,54.630313],[9.420476,54.630064],[9.419638,54.629945],[9.418609,54.629798],[9.417159,54.629598],[9.416242,54.629475],[9.416102,54.629456],[9.415996,54.629442],[9.413796,54.629134],[9.413446,54.629085],[9.41326,54.629056]],[[9.419628,54.629661],[9.419678,54.629668],[9.419696,54.62967],[9.41974,54.629676],[9.419939,54.62915],[9.419972,54.629064],[9.420022,54.628897],[9.420069,54.628771],[9.420228,54.628379],[9.420202,54.628375],[9.42018,54.628372],[9.420171,54.628371],[9.420162,54.628369],[9.420152,54.628368],[9.420122,54.628363],[9.41998,54.62875],[9.419906,54.628923],[9.419852,54.629051],[9.419825,54.629125],[9.419628,54.629661]],[[9.420007,54.627121],[9.420325,54.627311],[9.420925,54.627669],[9.421171,54.627819],[9.421186,54.627828],[9.421197,54.627835],[9.421204,54.627839],[9.421736,54.628165],[9.421785,54.628156],[9.421835,54.628147],[9.420859,54.627557],[9.420401,54.627273],[9.420087,54.627079],[9.420057,54.627095],[9.420051,54.627098],[9.420045,54.627101],[9.420007,54.627121]]]}},{"type":"Feature","properties":{"oid":"DESHPDHK0002pWF1FL","flstkennz":"011071003000230001__","gemarkung":"Keelbek","flur":"3","flurstueck":"23/1","gemeinde":"Tarp","kreis":"Schleswig-Flensburg","aktualit":"2026-02-17Z","status_genehmigung":"nicht_informiert","status_label":"Nicht informiert","baulos":"BL02","masten":"131","eigentuemer":"Herbert Boger; Manfred Clausen","vorname":"Herbert; Manfred","nachname":"Boger; Clausen","email":"","telefon":"","info_daten":"","bemerkung":"","permit_rows":2},"geometry":{"type":"Polygon","coordinates":[[[9.41897,54.63696],[9.419208,54.63553],[9.420206,54.635655],[9.420289,54.635666],[9.420406,54.63527],[9.420461,54.635087],[9.420192,54.635073],[9.419981,54.635063],[9.419878,54.635284],[9.419336,54.635221],[9.419337,54.635212],[9.419295,54.635165],[9.419286,54.635104],[9.419367,54.634586],[9.419427,54.634199],[9.419411,54.634142],[9.419375,54.634095],[9.419638,54.633957],[9.420319,54.633599],[9.420654,54.633422],[9.421873,54.632776],[9.422121,54.63264],[9.422373,54.63252],[9.422431,54.632524],[9.422422,54.632551],[9.422272,54.633538],[9.422139,54.63443],[9.422034,54.635141],[9.421376,54.635108],[9.421349,54.635336],[9.4213,54.635751],[9.421237,54.63577],[9.421186,54.635797],[9.421146,54.635827],[9.420796,54.636225],[9.420512,54.636548],[9.42044,54.636609],[9.420391,54.636637],[9.420343,54.63666],[9.420228,54.636699],[9.420049,54.63675],[9.419645,54.636852],[9.419457,54.636892],[9.419259,54.636924],[9.41897,54.63696]]]}},{"type":"Feature","properties":{"oid":"DESHPDHK0002pWCrFL","flstkennz":"011071002000510004__","gemarkung":"Keelbek","flur":"2","flurstueck":"51/4","gemeinde":"Tarp","kreis":"Schleswig-Flensburg","aktualit":"2026-03-17Z","status_genehmigung":"genehmigt","status_label":"Genehmigt","baulos":"BL02","masten":"133","eigentuemer":"Claudia Albertsen","vorname":"Claudia","nachname":"Albertsen","email":"","telefon":"","info_daten":"","bemerkung":"","permit_rows":1},"geometry":{"type":"Polygon","coordinates":[[[9.420105,54.639607],[9.420573,54.639591],[9.420481,54.639298],[9.421083,54.639271],[9.422,54.63922],[9.422673,54.64081],[9.423081,54.641771],[9.423107,54.641832],[9.423128,54.641882],[9.423156,54.641947],[9.42331,54.642307],[9.423207,54.642312],[9.423166,54.642306],[9.423135,54.642294],[9.422142,54.642367],[9.421805,54.642398],[9.420978,54.642465],[9.420942,54.642348],[9.420906,54.642231],[9.42074,54.64169],[9.420424,54.640656],[9.420126,54.63968],[9.420105,54.639607]]]}},{"type":"Feature","properties":{"oid":"DESHPDHK0006bQmKFL","flstkennz":"01107100300047______","gemarkung":"Keelbek","flur":"3","flurstueck":"47","gemeinde":"Tarp","kreis":"Schleswig-Flensburg","aktualit":"2026-03-05Z","status_genehmigung":"nicht_informiert","status_label":"Nicht informiert","baulos":"BL02","masten":"132","eigentuemer":"Kirsten Hansen; Lars Hollesen; Silke Wamser","vorname":"Kirsten; Lars; Silke","nachname":"Hansen; Hollesen; Wamser","email":"","telefon":"","info_daten":"","bemerkung":"","permit_rows":3},"geometry":{"type":"Polygon","coordinates":[[[9.417575,54.638476],[9.417636,54.638307],[9.417605,54.638303],[9.417989,54.637139],[9.418034,54.637101],[9.418238,54.637049],[9.418398,54.637028],[9.418892,54.636978],[9.41897,54.63696],[9.418983,54.636986],[9.418989,54.636998],[9.418991,54.637002],[9.418993,54.637007],[9.419,54.637022],[9.419008,54.637037],[9.419247,54.637016],[9.419679,54.636927],[9.419904,54.636876],[9.420168,54.636804],[9.420421,54.636726],[9.420476,54.636701],[9.420532,54.636668],[9.420597,54.636608],[9.421179,54.635926],[9.421245,54.635855],[9.421296,54.635823],[9.421387,54.635796],[9.42143,54.635789],[9.421517,54.635773],[9.42177,54.635728],[9.421905,54.635702],[9.421899,54.635782],[9.421858,54.63596],[9.421854,54.635976],[9.4218,54.63621],[9.421788,54.636263],[9.421785,54.636288],[9.42175,54.636565],[9.421731,54.636718],[9.421852,54.636676],[9.422382,54.637767],[9.42261,54.638239],[9.422648,54.638317],[9.422851,54.638736],[9.422907,54.638852],[9.423024,54.639084],[9.422315,54.639116],[9.420891,54.639186],[9.420066,54.639227],[9.420022,54.639229],[9.418986,54.639283],[9.418917,54.638978],[9.41834,54.638983],[9.418337,54.638964],[9.417908,54.638956],[9.417874,54.638844],[9.417771,54.638829],[9.417789,54.638632],[9.417783,54.638595],[9.41778,54.638574],[9.417703,54.638518],[9.417641,54.638485],[9.417575,54.638476]]]}},{"type":"Feature","properties":{"oid":"DESHPDHK0002pWDBFL","flstkennz":"011071002000500003__","gemarkung":"Keelbek","flur":"2","flurstueck":"50/3","gemeinde":"Tarp","kreis":"Schleswig-Flensburg","aktualit":"2026-03-31Z","status_genehmigung":"genehmigt","status_label":"Genehmigt","baulos":"BL02","masten":"134","eigentuemer":"Claudia Albertsen","vorname":"Claudia","nachname":"Albertsen","email":"","telefon":"","info_daten":"","bemerkung":"","permit_rows":1},"geometry":{"type":"Polygon","coordinates":[[[9.415794,54.646081],[9.41593,54.645579],[9.416136,54.644844],[9.41614,54.644829],[9.416151,54.644782],[9.416204,54.644547],[9.416228,54.644416],[9.416253,54.644287],[9.416305,54.643987],[9.416359,54.643654],[9.416374,54.643371],[9.416381,54.643218],[9.416385,54.643143],[9.416491,54.643142],[9.418026,54.643035],[9.418201,54.643023],[9.41868,54.642978],[9.418755,54.642971],[9.419172,54.642929],[9.419405,54.642912],[9.419835,54.642884],[9.419985,54.642866],[9.421078,54.642778],[9.421077,54.642767],[9.421296,54.642752],[9.421331,54.642749],[9.421474,54.642739],[9.422021,54.6427],[9.422367,54.642677],[9.422399,54.642683],[9.423092,54.642629],[9.423433,54.642603],[9.423318,54.642329],[9.423509,54.642317],[9.42367,54.642307],[9.423879,54.64228],[9.424565,54.642216],[9.424625,54.642214],[9.424644,54.642244],[9.424659,54.642301],[9.42469,54.642415],[9.424783,54.642658],[9.424809,54.642737],[9.424837,54.642822],[9.424893,54.642995],[9.424932,54.643026],[9.425587,54.642954],[9.425976,54.642911],[9.426354,54.64287],[9.427058,54.642794],[9.427036,54.642832],[9.427031,54.642882],[9.427022,54.64298],[9.426974,54.643469],[9.42698,54.643579],[9.42701,54.644181],[9.427071,54.645371],[9.427084,54.64563],[9.42658,54.645675],[9.425992,54.645731],[9.42599,54.645725],[9.42597,54.645678],[9.424785,54.64579],[9.422526,54.646001],[9.421598,54.64609],[9.420816,54.646165],[9.420766,54.64617],[9.419893,54.646253],[9.419178,54.646325],[9.419058,54.646336],[9.418966,54.646341],[9.418705,54.646343],[9.417457,54.646387],[9.416398,54.646427],[9.416498,54.646056],[9.415794,54.646081]]]}},{"type":"Feature","properties":{"oid":"DESHPDHK0002pWCUFL","flstkennz":"01107100200022______","gemarkung":"Keelbek","flur":"2","flurstueck":"22","gemeinde":"Tarp","kreis":"Schleswig-Flensburg","aktualit":"2026-03-17Z","status_genehmigung":"genehmigt","status_label":"Genehmigt","baulos":"BL02","masten":"135","eigentuemer":"Claudia Albertsen","vorname":"Claudia","nachname":"Albertsen","email":"","telefon":"","info_daten":"","bemerkung":"","permit_rows":1},"geometry":{"type":"Polygon","coordinates":[[[9.420296,54.646298],[9.420829,54.646247],[9.420944,54.646236],[9.421155,54.646216],[9.421271,54.646205],[9.422576,54.646084],[9.422555,54.646994],[9.422543,54.647527],[9.422542,54.647563],[9.422512,54.64869],[9.422511,54.648739],[9.422501,54.649175],[9.422497,54.649314],[9.422494,54.649427],[9.422494,54.649434],[9.422494,54.649448],[9.422493,54.649472],[9.422493,54.649495],[9.422486,54.649762],[9.42249,54.649804],[9.421367,54.649979],[9.420473,54.650109],[9.420472,54.650092],[9.420455,54.649767],[9.42045,54.649669],[9.420431,54.649269],[9.420415,54.648927],[9.420414,54.648902],[9.420358,54.647686],[9.420355,54.647621],[9.420321,54.646872],[9.420296,54.646298]]]}},{"type":"Feature","properties":{"oid":"DESHPDHK0002pWBpFL","flstkennz":"011071001001130005__","gemarkung":"Keelbek","flur":"1","flurstueck":"113/5","gemeinde":"Tarp","kreis":"Schleswig-Flensburg","aktualit":"2025-10-22Z","status_genehmigung":"genehmigt","status_label":"Genehmigt","baulos":"BL02","masten":"136","eigentuemer":"Claus Jessen","vorname":"Claus","nachname":"Jessen","email":"","telefon":"","info_daten":"","bemerkung":"","permit_rows":2},"geometry":{"type":"Polygon","coordinates":[[[9.417767,54.652467],[9.417772,54.652435],[9.417804,54.65222],[9.420187,54.652221],[9.420529,54.652222],[9.422228,54.652245],[9.422055,54.652739],[9.421902,54.653158],[9.421402,54.653154],[9.419863,54.653145],[9.419652,54.653143],[9.418186,54.65313],[9.417971,54.653129],[9.417964,54.653129],[9.417961,54.653108],[9.417959,54.653101],[9.417958,54.653095],[9.417925,54.652919],[9.417912,54.65288],[9.417891,54.65282],[9.417804,54.652609],[9.417768,54.65247],[9.417767,54.652467]]]}},{"type":"Feature","properties":{"oid":"DESHPDHK0002pWBIFL","flstkennz":"01107100100109______","gemarkung":"Keelbek","flur":"1","flurstueck":"109","gemeinde":"Tarp","kreis":"Schleswig-Flensburg","aktualit":"2026-03-06Z","status_genehmigung":"genehmigt","status_label":"Genehmigt","baulos":"BL02","masten":"137","eigentuemer":"Claus Jessen; Jens Hermann Matzen","vorname":"Claus; Jens Hermann","nachname":"Jessen; Matzen","email":"","telefon":"","info_daten":"","bemerkung":"","permit_rows":2},"geometry":{"type":"Polygon","coordinates":[[[9.42005,54.657834],[9.420059,54.657763],[9.420107,54.65743],[9.420142,54.657242],[9.420143,54.657234],[9.420332,54.656139],[9.420345,54.656095],[9.420347,54.656088],[9.42035,54.65608],[9.420484,54.656057],[9.420841,54.655974],[9.421498,54.65583],[9.422425,54.655628],[9.422545,54.655618],[9.422834,54.655592],[9.424583,54.655689],[9.425129,54.655719],[9.426412,54.655788],[9.427234,54.655833],[9.427157,54.656364],[9.427013,54.657257],[9.426976,54.657508],[9.426885,54.658135],[9.426882,54.658153],[9.426508,54.658135],[9.425589,54.658093],[9.424753,54.658054],[9.424499,54.658042],[9.423816,54.658009],[9.423454,54.657992],[9.422151,54.657934],[9.422147,54.657933],[9.421183,54.657886],[9.42114,54.657884],[9.42005,54.657834]]]}},{"type":"Feature","properties":{"oid":"DESHPDHK0002ziNXFL","flstkennz":"011143005001670003__","gemarkung":"Tarp","flur":"5","flurstueck":"167/3","gemeinde":"Tarp","kreis":"Schleswig-Flensburg","aktualit":"2025-10-22Z","status_genehmigung":"nicht_informiert","status_label":"Nicht informiert","baulos":"BL02","masten":"139","eigentuemer":"Arne Petersen-Knutzen","vorname":"Arne","nachname":"Petersen-Knutzen","email":"","telefon":"","info_daten":"","bemerkung":"","permit_rows":1},"geometry":{"type":"Polygon","coordinates":[[[9.418449,54.665598],[9.418449,54.665058],[9.418453,54.664797],[9.418777,54.664701],[9.419197,54.664589],[9.419626,54.664481],[9.42007,54.664385],[9.42056,54.664291],[9.420678,54.664271],[9.420657,54.665003],[9.420623,54.665893],[9.42062,54.666125],[9.420387,54.666145],[9.419859,54.666103],[9.419349,54.66604],[9.418678,54.665914],[9.418451,54.665845],[9.418449,54.665598]]]}},{"type":"Feature","properties":{"oid":"DESHPDHK0002ziPXFL","flstkennz":"011143005001120009__","gemarkung":"Tarp","flur":"5","flurstueck":"112/9","gemeinde":"Tarp","kreis":"Schleswig-Flensburg","aktualit":"2025-10-22Z","status_genehmigung":"genehmigt","status_label":"Genehmigt","baulos":"BL02","masten":"142","eigentuemer":"Gesa Otzen","vorname":"Gesa","nachname":"Otzen","email":"","telefon":"","info_daten":"","bemerkung":"","permit_rows":1},"geometry":{"type":"Polygon","coordinates":[[[9.41598,54.674956],[9.41632,54.673944],[9.416489,54.67344],[9.416695,54.672826],[9.41687,54.672865],[9.417058,54.67288],[9.417294,54.67289],[9.417556,54.672935],[9.417853,54.673037],[9.418052,54.673116],[9.418153,54.673158],[9.418377,54.67323],[9.418488,54.673394],[9.418564,54.673496],[9.418686,54.673589],[9.418728,54.673612],[9.418803,54.673646],[9.419144,54.673776],[9.419301,54.673824],[9.419473,54.673923],[9.420042,54.67399],[9.420716,54.674056],[9.420553,54.674525],[9.420151,54.675688],[9.419879,54.676477],[9.419854,54.676547],[9.419751,54.676845],[9.419656,54.6768],[9.418679,54.67634],[9.418385,54.676197],[9.418232,54.675966],[9.418167,54.675937],[9.418072,54.675917],[9.417972,54.675918],[9.417758,54.675955],[9.417716,54.675962],[9.417648,54.675973],[9.416952,54.675622],[9.416674,54.675453],[9.416472,54.67532],[9.416335,54.675231],[9.416191,54.675127],[9.41598,54.674956]]]}},{"type":"Feature","properties":{"oid":"DESHPDHK0002ziOiFL","flstkennz":"01114300500188______","gemarkung":"Tarp","flur":"5","flurstueck":"188","gemeinde":"Tarp","kreis":"Schleswig-Flensburg","aktualit":"2025-10-22Z","status_genehmigung":"genehmigt","status_label":"Genehmigt","baulos":"BL02","masten":"140","eigentuemer":"Claus Jessen","vorname":"Claus","nachname":"Jessen","email":"","telefon":"","info_daten":"","bemerkung":"","permit_rows":1},"geometry":{"type":"Polygon","coordinates":[[[9.417224,54.667938],[9.417685,54.667741],[9.417951,54.667619],[9.418151,54.667563],[9.418433,54.667494],[9.418451,54.667485],[9.41851,54.667456],[9.418636,54.667395],[9.419038,54.667164],[9.419407,54.66697],[9.419586,54.666866],[9.421676,54.667945],[9.419629,54.668523],[9.419612,54.668546],[9.420394,54.669111],[9.419552,54.669474],[9.419531,54.66946],[9.419031,54.66913],[9.418307,54.668652],[9.417843,54.668339],[9.417553,54.668163],[9.417224,54.667938]]]}},{"type":"Feature","properties":{"oid":"DESHPDHK0002ziO8FL","flstkennz":"01114300500153______","gemarkung":"Tarp","flur":"5","flurstueck":"153","gemeinde":"Tarp","kreis":"Schleswig-Flensburg","aktualit":"2025-10-22Z","status_genehmigung":"genehmigt","status_label":"Genehmigt","baulos":"BL02","masten":"141","eigentuemer":"Kurt und Erika Schrobach-Stiftung","vorname":"","nachname":"Kurt und Erika Schrobach-Stiftung","email":"","telefon":"","info_daten":"","bemerkung":"Besondere Auflagen siehe Mail und Ablage Ordner","permit_rows":1},"geometry":{"type":"Polygon","coordinates":[[[9.417574,54.671222],[9.418104,54.670915],[9.418603,54.670649],[9.41904,54.670411],[9.419064,54.670424],[9.41933,54.670576],[9.419576,54.670661],[9.419774,54.670685],[9.420144,54.670734],[9.419958,54.670957],[9.419782,54.671128],[9.419398,54.671548],[9.419129,54.671858],[9.418476,54.671589],[9.417875,54.671342],[9.417574,54.671222]]]}},{"type":"Feature","properties":{"oid":"DESHPDHK0002g4IYFL","flstkennz":"01102700300019______","gemarkung":"Frörup","flur":"3","flurstueck":"19","gemeinde":"Oeversee","kreis":"Schleswig-Flensburg","aktualit":"2026-05-07Z","status_genehmigung":"nicht_informiert","status_label":"Nicht informiert","baulos":"BL02","masten":"144","eigentuemer":"Hans Andreas Hansen","vorname":"Hans Andreas","nachname":"Hansen","email":"","telefon":"","info_daten":"","bemerkung":"","permit_rows":1},"geometry":{"type":"Polygon","coordinates":[[[9.410209,54.681883],[9.410242,54.681866],[9.410637,54.681706],[9.411164,54.681493],[9.411479,54.681365],[9.411757,54.681253],[9.412876,54.6808],[9.413094,54.680712],[9.414164,54.680279],[9.414514,54.680138],[9.415521,54.679731],[9.416171,54.679471],[9.416917,54.679174],[9.417911,54.678771],[9.418652,54.67847],[9.418748,54.678431],[9.418935,54.678355],[9.419043,54.678312],[9.419932,54.677951],[9.420325,54.678252],[9.420042,54.678588],[9.419982,54.678657],[9.419376,54.679351],[9.419341,54.679394],[9.418911,54.679918],[9.417887,54.68111],[9.417041,54.682095],[9.417022,54.682118],[9.416993,54.682152],[9.416023,54.682341],[9.415057,54.68253],[9.415027,54.682536],[9.413969,54.682743],[9.412454,54.68304],[9.412339,54.683088],[9.412305,54.683063],[9.412277,54.683043],[9.412199,54.682986],[9.41207,54.682923],[9.411586,54.682689],[9.41133,54.682577],[9.411167,54.682505],[9.410209,54.681883]]]}},{"type":"Feature","properties":{"oid":"DESHPDHK0002ziLIFL","flstkennz":"011143004000080004__","gemarkung":"Tarp","flur":"4","flurstueck":"8/4","gemeinde":"Tarp","kreis":"Schleswig-Flensburg","aktualit":"2026-05-07Z","status_genehmigung":"genehmigt","status_label":"Genehmigt","baulos":"BL02","masten":"143","eigentuemer":"Hans Andreas Hansen","vorname":"Hans Andreas","nachname":"Hansen","email":"","telefon":"","info_daten":"","bemerkung":"","permit_rows":2},"geometry":{"type":"Polygon","coordinates":[[[9.411078,54.679005],[9.412381,54.678623],[9.414015,54.678143],[9.414988,54.677849],[9.415056,54.677652],[9.415293,54.676961],[9.415318,54.676886],[9.415568,54.676136],[9.415888,54.675175],[9.416234,54.675428],[9.416237,54.67543],[9.416625,54.675687],[9.416864,54.675827],[9.41744,54.676245],[9.417409,54.676323],[9.417415,54.676369],[9.417456,54.676431],[9.417559,54.676513],[9.417623,54.676538],[9.417861,54.67659],[9.417952,54.676625],[9.418043,54.676661],[9.41757,54.67701],[9.417326,54.67719],[9.417172,54.677302],[9.416956,54.677461],[9.416152,54.67805],[9.415107,54.678815],[9.413617,54.679399],[9.412077,54.680002],[9.412055,54.679981],[9.411974,54.6799],[9.411078,54.679005]]]}},{"type":"Feature","properties":{"oid":"DESHPDHK0002ziLOFL","flstkennz":"011143004000040003__","gemarkung":"Tarp","flur":"4","flurstueck":"4/3","gemeinde":"Tarp","kreis":"Schleswig-Flensburg","aktualit":"2026-05-07Z","status_genehmigung":"genehmigt","status_label":"Genehmigt","baulos":"BL02","masten":"144","eigentuemer":"Claudia Albertsen","vorname":"Claudia","nachname":"Albertsen","email":"","telefon":"","info_daten":"","bemerkung":"","permit_rows":1},"geometry":{"type":"Polygon","coordinates":[[[9.412077,54.680002],[9.413617,54.679399],[9.415107,54.678815],[9.416152,54.67805],[9.416956,54.677461],[9.417533,54.677722],[9.418062,54.677961],[9.418416,54.678121],[9.418935,54.678355],[9.418748,54.678431],[9.418652,54.67847],[9.417911,54.678771],[9.416917,54.679174],[9.416171,54.679471],[9.415521,54.679731],[9.414514,54.680138],[9.414164,54.680279],[9.413094,54.680712],[9.412876,54.6808],[9.412077,54.680002]]]}},{"type":"Feature","properties":{"oid":"DESHPDHK0002g4IQFL","flstkennz":"01102700300014______","gemarkung":"Frörup","flur":"3","flurstueck":"14","gemeinde":"Oeversee","kreis":"Schleswig-Flensburg","aktualit":"2025-10-22Z","status_genehmigung":"nicht_informiert","status_label":"Nicht informiert","baulos":"BL02","masten":"145","eigentuemer":"Hans Andreas Hansen","vorname":"Hans Andreas","nachname":"Hansen","email":"","telefon":"","info_daten":"","bemerkung":"","permit_rows":1},"geometry":{"type":"Polygon","coordinates":[[[9.407564,54.684599],[9.411046,54.682732],[9.411302,54.682594],[9.41204,54.68295],[9.412188,54.683021],[9.412282,54.683108],[9.41249,54.68325],[9.412012,54.683523],[9.409028,54.685223],[9.408715,54.685054],[9.407865,54.68475],[9.407704,54.684676],[9.407564,54.684599]]]}},{"type":"Feature","properties":{"oid":"DESHPDHK0002g4IXFL","flstkennz":"01102700300005______","gemarkung":"Frörup","flur":"3","flurstueck":"5","gemeinde":"Oeversee","kreis":"Schleswig-Flensburg","aktualit":"2026-02-09Z","status_genehmigung":"genehmigt","status_label":"Genehmigt","baulos":"BL02","masten":"146","eigentuemer":"Christiane Schulz","vorname":"Christiane","nachname":"Schulz","email":"","telefon":"","info_daten":"","bemerkung":"","permit_rows":1},"geometry":{"type":"Polygon","coordinates":[[[9.402747,54.68442],[9.403408,54.684197],[9.404411,54.683858],[9.404553,54.68381],[9.404562,54.683806],[9.404565,54.683806],[9.405186,54.683594],[9.405191,54.683592],[9.40543,54.683511],[9.40559,54.683456],[9.406186,54.683253],[9.40649,54.683149],[9.406502,54.683161],[9.406586,54.683238],[9.406779,54.683519],[9.406955,54.683776],[9.407144,54.684179],[9.407174,54.684221],[9.40718,54.68423],[9.407187,54.684238],[9.407322,54.684412],[9.407512,54.684559],[9.407564,54.684599],[9.407704,54.684676],[9.407865,54.68475],[9.408715,54.685054],[9.409028,54.685223],[9.409113,54.685269],[9.409251,54.68538],[9.409266,54.685414],[9.409239,54.685489],[9.409128,54.685963],[9.409055,54.686274],[9.409094,54.686277],[9.408919,54.686961],[9.40837,54.686881],[9.408266,54.687223],[9.408289,54.687227],[9.408141,54.687825],[9.408059,54.688157],[9.407858,54.688941],[9.407836,54.689029],[9.407794,54.689194],[9.407775,54.689193],[9.407752,54.689282],[9.407271,54.689215],[9.407248,54.689212],[9.406839,54.689154],[9.4061,54.689054],[9.405162,54.688925],[9.404271,54.688804],[9.404251,54.688729],[9.40444,54.687662],[9.404587,54.686879],[9.404625,54.686689],[9.404692,54.68662],[9.405621,54.686649],[9.405658,54.6865],[9.405521,54.686481],[9.405392,54.686463],[9.405464,54.686069],[9.405395,54.686064],[9.405044,54.686041],[9.40496,54.686035],[9.404755,54.686021],[9.404738,54.686021],[9.404673,54.686021],[9.404638,54.686022],[9.404426,54.686022],[9.404428,54.68603],[9.404423,54.686165],[9.404452,54.686258],[9.404553,54.686333],[9.404491,54.686792],[9.404429,54.687157],[9.404218,54.688274],[9.404129,54.688785],[9.403648,54.688723],[9.403579,54.68819],[9.403339,54.688201],[9.403184,54.687065],[9.403109,54.686477],[9.40305,54.686019],[9.402948,54.686016],[9.402884,54.685461],[9.402803,54.684847],[9.402747,54.68442]]]}},{"type":"Feature","properties":{"oid":"DESHPDHK0002g4E5FL","flstkennz":"011027002002090002__","gemarkung":"Frörup","flur":"2","flurstueck":"209/2","gemeinde":"Oeversee","kreis":"Schleswig-Flensburg","aktualit":"2025-10-22Z","status_genehmigung":"nicht_informiert","status_label":"Nicht informiert","baulos":"BL02","masten":"147","eigentuemer":"Anke Daum (Geschwister Schöttgen GbR); Jan Tuitjer Melfsen; Tanja Drescher-Schöttgen (Geschwister Schöttgen GbR)","vorname":"Anke; Jan Tuitjer; Tanja","nachname":"Daum (Geschwister Schöttgen GbR); Drescher-Schöttgen (Geschwister Schöttgen GbR); Melfsen","email":"","telefon":"","info_daten":"","bemerkung":"","permit_rows":3},"geometry":{"type":"Polygon","coordinates":[[[9.403305,54.688856],[9.403319,54.688772],[9.403701,54.688814],[9.404005,54.688854],[9.405481,54.689045],[9.406313,54.689158],[9.406579,54.689195],[9.406682,54.689279],[9.406719,54.689356],[9.406653,54.68976],[9.406527,54.690404],[9.406423,54.690937],[9.406407,54.691027],[9.406272,54.69176],[9.406096,54.692654],[9.406014,54.692868],[9.405984,54.692886],[9.405944,54.692894],[9.405719,54.69289],[9.404828,54.692872],[9.404257,54.692861],[9.403529,54.692831],[9.403538,54.691977],[9.403526,54.691689],[9.403519,54.691508],[9.403502,54.691069],[9.403494,54.690865],[9.403493,54.690842],[9.403421,54.68994],[9.403348,54.689256],[9.403305,54.688856]]]}},{"type":"Feature","properties":{"oid":"DESHPDHK0002g4B1FL","flstkennz":"01102700100035______","gemarkung":"Frörup","flur":"1","flurstueck":"35","gemeinde":"Oeversee","kreis":"Schleswig-Flensburg","aktualit":"2026-03-19Z","status_genehmigung":"nicht_informiert","status_label":"Nicht informiert","baulos":"BL02","masten":"148","eigentuemer":"Kai Hasche; Käthe Petersen","vorname":"Kai; Käthe","nachname":"Hasche; Petersen","email":"","telefon":"","info_daten":"","bemerkung":"","permit_rows":2},"geometry":{"type":"Polygon","coordinates":[[[9.398024,54.691455],[9.398149,54.690891],[9.398158,54.690838],[9.398163,54.690817],[9.398177,54.690757],[9.398234,54.690511],[9.398226,54.690186],[9.398231,54.690105],[9.39825,54.690106],[9.398274,54.689978],[9.398287,54.689896],[9.398299,54.689822],[9.398322,54.689707],[9.398349,54.689548],[9.398394,54.689497],[9.398453,54.689218],[9.398548,54.688764],[9.398581,54.68876],[9.401068,54.688825],[9.401019,54.689081],[9.400923,54.689582],[9.400838,54.690048],[9.400681,54.690843],[9.400664,54.690913],[9.400573,54.691378],[9.400543,54.691532],[9.399807,54.691507],[9.399722,54.691505],[9.39919,54.691489],[9.398419,54.691466],[9.398083,54.691455],[9.398024,54.691455]]]}},{"type":"Feature","properties":{"oid":"DESHPDHK0002g4AKFL","flstkennz":"011027001000060001__","gemarkung":"Frörup","flur":"1","flurstueck":"6/1","gemeinde":"Oeversee","kreis":"Schleswig-Flensburg","aktualit":"2026-03-19Z","status_genehmigung":"nicht_informiert","status_label":"Nicht informiert","baulos":"BL02","masten":"150","eigentuemer":"Jan Tuitjer Melfsen","vorname":"Jan Tuitjer","nachname":"Melfsen","email":"","telefon":"","info_daten":"","bemerkung":"","permit_rows":2},"geometry":{"type":"Polygon","coordinates":[[[9.381631,54.696212],[9.381915,54.695859],[9.382521,54.695075],[9.382601,54.694971],[9.383791,54.693412],[9.383887,54.693302],[9.383991,54.693248],[9.384087,54.693211],[9.384434,54.693145],[9.385018,54.693039],[9.385565,54.692938],[9.385982,54.692862],[9.385991,54.69286],[9.386056,54.692849],[9.386219,54.692821],[9.386463,54.692978],[9.386798,54.693189],[9.386943,54.693317],[9.387077,54.693429],[9.387255,54.693552],[9.387401,54.693711],[9.387535,54.693796],[9.387636,54.693938],[9.387764,54.694018],[9.387837,54.6941],[9.387936,54.694189],[9.388026,54.694209],[9.387874,54.694209],[9.387042,54.694276],[9.38706,54.694294],[9.387095,54.694327],[9.387225,54.694318],[9.38763,54.694287],[9.387984,54.69427],[9.388374,54.694271],[9.389377,54.694336],[9.389478,54.694492],[9.389629,54.694713],[9.390023,54.695336],[9.390278,54.695739],[9.390508,54.696105],[9.390724,54.696453],[9.39015,54.696611],[9.388528,54.697058],[9.387898,54.696004],[9.387856,54.695933],[9.387126,54.696017],[9.386944,54.696039],[9.386846,54.69605],[9.385402,54.696213],[9.383289,54.696212],[9.381701,54.696212],[9.381631,54.696212]]]}},{"type":"Feature","properties":{"oid":"DESHPDHK0002g4AVFL","flstkennz":"01102700100016______","gemarkung":"Frörup","flur":"1","flurstueck":"16","gemeinde":"Oeversee","kreis":"Schleswig-Flensburg","aktualit":"2026-03-19Z","status_genehmigung":"nicht_informiert","status_label":"Nicht informiert","baulos":"BL02","masten":"149","eigentuemer":"Kai Hasche","vorname":"Kai","nachname":"Hasche","email":"","telefon":"","info_daten":"","bemerkung":"","permit_rows":2},"geometry":{"type":"Polygon","coordinates":[[[9.38898,54.693588],[9.389126,54.693595],[9.389653,54.693616],[9.39044,54.693635],[9.390911,54.693647],[9.39226,54.693675],[9.393332,54.693711],[9.393363,54.693582],[9.393521,54.692922],[9.393592,54.692644],[9.394106,54.692656],[9.39436,54.692664],[9.395212,54.692691],[9.396229,54.692721],[9.396665,54.692732],[9.39641,54.693821],[9.396072,54.695282],[9.395899,54.696021],[9.395854,54.696017],[9.395736,54.696],[9.395429,54.695956],[9.39493,54.695875],[9.395017,54.695327],[9.395088,54.69494],[9.395128,54.694719],[9.394819,54.694697],[9.394622,54.694683],[9.393914,54.694617],[9.393117,54.694538],[9.392493,54.694477],[9.391603,54.6944],[9.390607,54.694311],[9.390183,54.694286],[9.389819,54.694257],[9.3895,54.694239],[9.389453,54.694237],[9.38898,54.693588]]]}},{"type":"Feature","properties":{"oid":"DESHPDHK0002g4AWFL","flstkennz":"011027001000050002__","gemarkung":"Frörup","flur":"1","flurstueck":"5/2","gemeinde":"Oeversee","kreis":"Schleswig-Flensburg","aktualit":"2026-03-19Z","status_genehmigung":"nicht_informiert","status_label":"Nicht informiert","baulos":"BL02","masten":"150","eigentuemer":"Andreas Brodersen; Heinrich Otto Andresen","vorname":"Andreas; Heinrich Otto","nachname":"Andresen; Brodersen","email":"","telefon":"","info_daten":"","bemerkung":"","permit_rows":2},"geometry":{"type":"Polygon","coordinates":[[[9.386846,54.69605],[9.386944,54.696039],[9.387126,54.696017],[9.387856,54.695933],[9.387898,54.696004],[9.388528,54.697058],[9.389285,54.698327],[9.38929,54.698335],[9.388377,54.698612],[9.388374,54.698608],[9.387842,54.697718],[9.387349,54.696892],[9.386846,54.69605]]]}},{"type":"Feature","properties":{"oid":"DESHPDHK0002mN4FFL","flstkennz":"01105300600008______","gemarkung":"Haurup","flur":"6","flurstueck":"8","gemeinde":"Handewitt","kreis":"Schleswig-Flensburg","aktualit":"2025-10-22Z","status_genehmigung":"nicht_informiert","status_label":"Nicht informiert","baulos":"BL02","masten":"157","eigentuemer":"Johannes Matthias Asmussen; Thomas Petersen","vorname":"Johannes Matthias; Thomas","nachname":"Asmussen; Petersen","email":"","telefon":"","info_daten":"","bemerkung":"","permit_rows":2},"geometry":{"type":"Polygon","coordinates":[[[9.349341,54.712273],[9.349969,54.712266],[9.350363,54.712258],[9.350908,54.712248],[9.353379,54.712203],[9.354165,54.712084],[9.354252,54.712177],[9.35446,54.712351],[9.354498,54.712415],[9.354495,54.712492],[9.354418,54.712671],[9.353879,54.713837],[9.353905,54.71385],[9.353438,54.714855],[9.353381,54.714943],[9.35326,54.715213],[9.353212,54.71528],[9.353103,54.715374],[9.352778,54.715591],[9.352454,54.715791],[9.351968,54.715237],[9.351634,54.71486],[9.351274,54.714461],[9.350668,54.71377],[9.349414,54.712337],[9.349341,54.712273]]]}},{"type":"Feature","properties":{"oid":"DESHPDHK0002mMZPFL","flstkennz":"011053002000120001__","gemarkung":"Haurup","flur":"2","flurstueck":"12/1","gemeinde":"Handewitt","kreis":"Schleswig-Flensburg","aktualit":"2025-10-22Z","status_genehmigung":"nicht_informiert","status_label":"Nicht informiert","baulos":"BL02","masten":"160","eigentuemer":"Alf Asmuhsen; Heinrich Hansen","vorname":"Alf; Heinrich","nachname":"Asmuhsen; Hansen","email":"","telefon":"","info_daten":"","bemerkung":"","permit_rows":2},"geometry":{"type":"Polygon","coordinates":[[[9.335317,54.71618],[9.335347,54.716184],[9.339331,54.716683],[9.339458,54.717017],[9.339989,54.718425],[9.340289,54.719197],[9.340345,54.719254],[9.340397,54.719397],[9.340403,54.719427],[9.340085,54.719384],[9.339295,54.719281],[9.339213,54.719271],[9.338476,54.719177],[9.337647,54.719072],[9.335686,54.718822],[9.335534,54.717728],[9.335482,54.717354],[9.335443,54.717076],[9.335317,54.71618]]]}},{"type":"Feature","properties":{"oid":"DESHPDHK0002mN0AFL","flstkennz":"01105300300045______","gemarkung":"Haurup","flur":"3","flurstueck":"45","gemeinde":"Handewitt","kreis":"Schleswig-Flensburg","aktualit":"2025-10-22Z","status_genehmigung":"nicht_informiert","status_label":"Nicht informiert","baulos":"BL02","masten":"161N","eigentuemer":"Andresen/Gerdes GbR; Heinrich Hansen","vorname":"Heinrich","nachname":"Andresen/Gerdes GbR; Hansen","email":"","telefon":"","info_daten":"","bemerkung":"","permit_rows":2},"geometry":{"type":"Polygon","coordinates":[[[9.331122,54.720859],[9.33197,54.719623],[9.331987,54.719598],[9.331947,54.719591],[9.331938,54.71959],[9.331921,54.719587],[9.331924,54.719582],[9.332262,54.719086],[9.332597,54.718595],[9.332637,54.718539],[9.334133,54.71873],[9.335027,54.718842],[9.33559,54.718913],[9.33763,54.719172],[9.338438,54.719276],[9.338762,54.719318],[9.338775,54.71932],[9.339513,54.719415],[9.339908,54.719457],[9.340118,54.719491],[9.340273,54.719535],[9.340445,54.719595],[9.340484,54.719612],[9.340653,54.719686],[9.341527,54.720096],[9.341666,54.720161],[9.341812,54.720223],[9.342029,54.720292],[9.342174,54.720324],[9.343062,54.720469],[9.343256,54.720496],[9.344256,54.720664],[9.344413,54.720699],[9.344632,54.720775],[9.344758,54.720831],[9.345302,54.721072],[9.346404,54.721539],[9.346984,54.72169],[9.348122,54.721958],[9.348276,54.721994],[9.348523,54.722064],[9.348371,54.722299],[9.347199,54.724105],[9.34663,54.723924],[9.346013,54.723733],[9.345439,54.723553],[9.345281,54.7235],[9.345055,54.723424],[9.344756,54.723331],[9.344633,54.723292],[9.344601,54.723282],[9.343189,54.722841],[9.341554,54.722318],[9.340548,54.723515],[9.340517,54.723534],[9.339576,54.723267],[9.339221,54.723161],[9.33899,54.723092],[9.338079,54.722827],[9.336756,54.72245],[9.336773,54.722422],[9.334434,54.721764],[9.33431,54.721729],[9.3343,54.721743],[9.334295,54.72175],[9.33429,54.721757],[9.334281,54.721754],[9.334276,54.721753],[9.332824,54.721342],[9.331264,54.7209],[9.331122,54.720859]]]}},{"type":"Feature","properties":{"oid":"DESHPDHK0002mN0KFL","flstkennz":"011053003000030001__","gemarkung":"Haurup","flur":"3","flurstueck":"3/1","gemeinde":"Handewitt","kreis":"Schleswig-Flensburg","aktualit":"2025-10-22Z","status_genehmigung":"nicht_informiert","status_label":"Nicht informiert","baulos":"BL02","masten":"162A","eigentuemer":"Alf Asmuhsen; Johannes Hansen","vorname":"Alf; Johannes","nachname":"Asmuhsen; Hansen","email":"","telefon":"","info_daten":"","bemerkung":"","permit_rows":2},"geometry":{"type":"Polygon","coordinates":[[[9.320587,54.72166],[9.321805,54.720682],[9.32212,54.720429],[9.322278,54.720472],[9.322564,54.72055],[9.323183,54.72072],[9.323564,54.720824],[9.324557,54.721095],[9.324976,54.721212],[9.325105,54.721248],[9.327206,54.721825],[9.327971,54.722034],[9.326814,54.722965],[9.326458,54.72325],[9.324817,54.722808],[9.320587,54.72166]]]}},{"type":"Feature","properties":{"oid":"DESHPDHK0002mMZhFL","flstkennz":"011053001000400002__","gemarkung":"Haurup","flur":"1","flurstueck":"40/2","gemeinde":"Handewitt","kreis":"Schleswig-Flensburg","aktualit":"2025-10-22Z","status_genehmigung":"nicht_informiert","status_label":"Nicht informiert","baulos":"BL02","masten":"163A","eigentuemer":"Alf Asmuhsen; Johannes Hansen","vorname":"Alf; Johannes","nachname":"Asmuhsen; Hansen","email":"","telefon":"","info_daten":"","bemerkung":"","permit_rows":2},"geometry":{"type":"Polygon","coordinates":[[[9.318187,54.723796],[9.319342,54.722757],[9.319544,54.722914],[9.319793,54.723118],[9.32006,54.723359],[9.320504,54.723784],[9.320725,54.723995],[9.321117,54.724371],[9.321248,54.724492],[9.321002,54.724436],[9.319854,54.724175],[9.318187,54.723796]]]}},{"type":"Feature","properties":{"oid":"DESHPDHK0002nnVeFL","flstkennz":"011059002000520001__","gemarkung":"Hüllerup","flur":"2","flurstueck":"52/1","gemeinde":"Handewitt","kreis":"Schleswig-Flensburg","aktualit":"2025-10-22Z","status_genehmigung":"nicht_informiert","status_label":"Nicht informiert","baulos":"BL02","masten":"165A","eigentuemer":"Jan Möller; Udo Petersen","vorname":"Jan; Udo","nachname":"Möller; Petersen","email":"","telefon":"","info_daten":"","bemerkung":"","permit_rows":2},"geometry":{"type":"Polygon","coordinates":[[[9.309738,54.725273],[9.309745,54.725274],[9.311607,54.725408],[9.313636,54.725556],[9.315264,54.725672],[9.315302,54.725674],[9.317452,54.725827],[9.31749,54.72583],[9.317499,54.726028],[9.317516,54.726426],[9.317519,54.72651],[9.317478,54.726511],[9.3175,54.726977],[9.315559,54.72684],[9.313978,54.726731],[9.31367,54.726709],[9.313516,54.726698],[9.312093,54.726596],[9.311669,54.726566],[9.309955,54.726449],[9.309953,54.726437],[9.309906,54.726181],[9.309744,54.725307],[9.309738,54.725273]]]}},{"type":"Feature","properties":{"oid":"DESHPDHK0002nnVJFL","flstkennz":"011059002000530002__","gemarkung":"Hüllerup","flur":"2","flurstueck":"53/2","gemeinde":"Handewitt","kreis":"Schleswig-Flensburg","aktualit":"2025-10-22Z","status_genehmigung":"nicht_informiert","status_label":"Nicht informiert","baulos":"BL02","masten":"164A","eigentuemer":"Volker Rathmann","vorname":"Volker","nachname":"Rathmann","email":"","telefon":"","info_daten":"","bemerkung":"","permit_rows":2},"geometry":{"type":"Polygon","coordinates":[[[9.315232,54.723111],[9.315586,54.723195],[9.316008,54.723296],[9.316606,54.723435],[9.317421,54.723624],[9.317451,54.724612],[9.317447,54.724659],[9.317443,54.724702],[9.31749,54.72583],[9.317452,54.725827],[9.315302,54.725674],[9.315267,54.724347],[9.315232,54.723111]]]}},{"type":"Feature","properties":{"oid":"DESHPDHK0002nnVhFL","flstkennz":"011059002000530001__","gemarkung":"Hüllerup","flur":"2","flurstueck":"53/1","gemeinde":"Handewitt","kreis":"Schleswig-Flensburg","aktualit":"2025-10-22Z","status_genehmigung":"nicht_informiert","status_label":"Nicht informiert","baulos":"BL02","masten":"164A","eigentuemer":"Agrar GbR Jensen; Hans-Christian Gimm","vorname":"Hans-Christian","nachname":"Agrar GbR Jensen; Gimm","email":"","telefon":"","info_daten":"","bemerkung":"","permit_rows":2},"geometry":{"type":"Polygon","coordinates":[[[9.313098,54.722627],[9.313876,54.722802],[9.314119,54.722857],[9.314336,54.722906],[9.314965,54.723048],[9.314987,54.723054],[9.315062,54.723071],[9.315232,54.723111],[9.315267,54.724347],[9.315302,54.725674],[9.315264,54.725672],[9.313636,54.725556],[9.313385,54.724199],[9.313202,54.723196],[9.313098,54.722627]]]}},{"type":"Feature","properties":{"oid":"DESHPDHK0002nnVvFL","flstkennz":"01105900200023______","gemarkung":"Hüllerup","flur":"2","flurstueck":"23","gemeinde":"Handewitt","kreis":"Schleswig-Flensburg","aktualit":"2025-10-22Z","status_genehmigung":"nicht_informiert","status_label":"Nicht informiert","baulos":"BL03","masten":"166","eigentuemer":"Björn und Lars Agrar GbR Jensen","vorname":"Björn und Lars","nachname":"Agrar GbR Jensen","email":"","telefon":"","info_daten":"","bemerkung":"","permit_rows":1},"geometry":{"type":"Polygon","coordinates":[[[9.30998,54.733296],[9.309985,54.733208],[9.310016,54.732585],[9.310033,54.732251],[9.310063,54.731652],[9.310077,54.731361],[9.310113,54.730979],[9.310546,54.73101],[9.311548,54.731083],[9.311542,54.73115],[9.311477,54.731824],[9.311459,54.732017],[9.311388,54.732778],[9.31138,54.732857],[9.311356,54.73312],[9.311391,54.733163],[9.30998,54.733296]]]}},{"type":"Feature","properties":{"oid":"DESHPDHK0002nnUIFL","flstkennz":"01105900200001______","gemarkung":"Hüllerup","flur":"2","flurstueck":"1","gemeinde":"Handewitt","kreis":"Schleswig-Flensburg","aktualit":"2025-12-19Z","status_genehmigung":"nicht_informiert","status_label":"Nicht informiert","baulos":"BL03","masten":"167","eigentuemer":"Stefan Jacobsen","vorname":"Stefan","nachname":"Jacobsen","email":"","telefon":"","info_daten":"","bemerkung":"","permit_rows":1},"geometry":{"type":"Polygon","coordinates":[[[9.303794,54.736556],[9.303794,54.736428],[9.303799,54.73632],[9.30381,54.736217],[9.303828,54.736117],[9.303858,54.735997],[9.303905,54.735871],[9.303964,54.73574],[9.304423,54.734897],[9.304484,54.734773],[9.304536,54.734659],[9.304572,54.734548],[9.304595,54.734439],[9.304597,54.734309],[9.304582,54.73419],[9.30454,54.734065],[9.304457,54.733919],[9.304374,54.733808],[9.304248,54.733689],[9.304146,54.733612],[9.30407,54.73356],[9.304139,54.733554],[9.304258,54.733556],[9.305047,54.733611],[9.30601,54.733671],[9.306256,54.733683],[9.306454,54.733672],[9.307686,54.733615],[9.30738,54.734209],[9.307335,54.734298],[9.306887,54.735168],[9.306198,54.736512],[9.30617,54.736565],[9.306117,54.736669],[9.305811,54.73727],[9.305486,54.737908],[9.305471,54.737937],[9.305433,54.737933],[9.304854,54.737876],[9.304756,54.737866],[9.304131,54.737804],[9.304094,54.737727],[9.304024,54.737474],[9.303837,54.736804],[9.303805,54.736638],[9.303794,54.736556]]]}},{"type":"Feature","properties":{"oid":"DESHPDHK00096LwDFL","flstkennz":"01105900100047______","gemarkung":"Hüllerup","flur":"1","flurstueck":"47","gemeinde":"Handewitt","kreis":"Schleswig-Flensburg","aktualit":"2025-12-19Z","status_genehmigung":"nicht_informiert","status_label":"Nicht informiert","baulos":"BL03","masten":"168","eigentuemer":"Nicht vorhanden","vorname":"","nachname":"Nicht vorhanden","email":"","telefon":"","info_daten":"","bemerkung":"","permit_rows":1},"geometry":{"type":"Polygon","coordinates":[[[9.298828,54.737389],[9.298916,54.7371],[9.299342,54.735556],[9.299847,54.733729],[9.300053,54.732983],[9.301598,54.733179],[9.30218,54.733251],[9.302257,54.73326],[9.302442,54.733287],[9.302367,54.733518],[9.30237,54.733518],[9.302341,54.733606],[9.302344,54.733606],[9.30229,54.733771],[9.302625,54.733808],[9.302614,54.733843],[9.302857,54.733863],[9.302885,54.733865],[9.303053,54.733376],[9.303331,54.733439],[9.303423,54.733465],[9.303522,54.733503],[9.303698,54.733571],[9.303815,54.733627],[9.30391,54.733686],[9.303998,54.733746],[9.304073,54.733807],[9.304144,54.733882],[9.3042,54.733954],[9.304246,54.734032],[9.304298,54.734132],[9.304326,54.734215],[9.304336,54.734305],[9.304334,54.734393],[9.304321,54.734482],[9.304299,54.734585],[9.304277,54.734649],[9.304234,54.734739],[9.303722,54.735726],[9.303675,54.735837],[9.30364,54.735932],[9.303609,54.736027],[9.303556,54.73624],[9.303544,54.73634],[9.303539,54.736433],[9.303547,54.736535],[9.303565,54.73665],[9.303585,54.736756],[9.30361,54.736854],[9.303637,54.736938],[9.303904,54.737761],[9.303932,54.737772],[9.303435,54.73774],[9.302818,54.737689],[9.302715,54.737681],[9.302693,54.737679],[9.302209,54.737639],[9.301804,54.737605],[9.301742,54.737601],[9.301257,54.737565],[9.30078,54.73753],[9.299828,54.737461],[9.299321,54.737425],[9.298828,54.737389]]]}},{"type":"Feature","properties":{"oid":"DESHPDHK0002kardFL","flstkennz":"01104701300011______","gemarkung":"Handewitt","flur":"13","flurstueck":"11","gemeinde":"Handewitt","kreis":"Schleswig-Flensburg","aktualit":"2025-12-15Z","status_genehmigung":"nicht_informiert","status_label":"Nicht informiert","baulos":"BL03","masten":"169","eigentuemer":"Verena Post","vorname":"Verena","nachname":"Post","email":"","telefon":"","info_daten":"","bemerkung":"","permit_rows":1},"geometry":{"type":"Polygon","coordinates":[[[9.284424,54.737179],[9.288217,54.737481],[9.290064,54.737629],[9.29231,54.737808],[9.292527,54.737825],[9.29762,54.738229],[9.299094,54.73835],[9.299999,54.738424],[9.300215,54.738439],[9.300892,54.738487],[9.302513,54.738612],[9.302526,54.738613],[9.303582,54.738694],[9.303716,54.738704],[9.304134,54.738727],[9.304252,54.738738],[9.304422,54.739039],[9.304543,54.739267],[9.304553,54.739286],[9.304567,54.739315],[9.30465,54.73948],[9.304676,54.739531],[9.304736,54.739655],[9.304721,54.739668],[9.304099,54.739621],[9.303945,54.739608],[9.303777,54.739593],[9.303696,54.739586],[9.30355,54.739574],[9.302573,54.739502],[9.30257,54.739515],[9.302511,54.739509],[9.30196,54.739466],[9.30058,54.73936],[9.299913,54.739309],[9.299394,54.739267],[9.295619,54.738969],[9.29501,54.73892],[9.294344,54.738866],[9.293889,54.738839],[9.289606,54.738523],[9.288099,54.738411],[9.287903,54.739218],[9.287397,54.739178],[9.286601,54.73912],[9.285602,54.739042],[9.284583,54.73897],[9.284582,54.738824],[9.284553,54.73853],[9.284535,54.738339],[9.284424,54.737179]]]}},{"type":"Feature","properties":{"oid":"DESHPDHK0002kaqOFL","flstkennz":"01104701200033______","gemarkung":"Handewitt","flur":"12","flurstueck":"33","gemeinde":"Handewitt","kreis":"Schleswig-Flensburg","aktualit":"2026-01-06Z","status_genehmigung":"nicht_informiert","status_label":"Nicht informiert","baulos":"BL03","masten":"170","eigentuemer":"Stefan Jacobsen","vorname":"Stefan","nachname":"Jacobsen","email":"","telefon":"","info_daten":"","bemerkung":"","permit_rows":1},"geometry":{"type":"Polygon","coordinates":[[[9.285979,54.745932],[9.286298,54.744533],[9.286505,54.743626],[9.286598,54.74321],[9.286932,54.741716],[9.287041,54.741231],[9.287045,54.741231],[9.287083,54.741232],[9.287338,54.741242],[9.288052,54.741281],[9.288115,54.741284],[9.288784,54.741321],[9.288993,54.741332],[9.290069,54.741391],[9.290544,54.741418],[9.291285,54.741458],[9.29204,54.741499],[9.291668,54.743121],[9.291635,54.743267],[9.29146,54.744046],[9.291458,54.744052],[9.291395,54.744333],[9.291174,54.745316],[9.291152,54.745412],[9.291142,54.745457],[9.29113,54.745458],[9.291111,54.745461],[9.291108,54.745461],[9.290907,54.745487],[9.290471,54.745543],[9.290431,54.745548],[9.290386,54.745554],[9.289429,54.745701],[9.289306,54.745719],[9.288138,54.745788],[9.287793,54.745808],[9.287796,54.745823],[9.286806,54.745882],[9.286658,54.745891],[9.285979,54.745932]]]}},{"type":"Feature","properties":{"oid":"DESHPDHK0002kaqEFL","flstkennz":"01104701200028______","gemarkung":"Handewitt","flur":"12","flurstueck":"28","gemeinde":"Handewitt","kreis":"Schleswig-Flensburg","aktualit":"2025-10-22Z","status_genehmigung":"nicht_informiert","status_label":"Nicht informiert","baulos":"BL03","masten":"172","eigentuemer":"Hans-Thomas Ingwersen","vorname":"Hans-Thomas","nachname":"Ingwersen","email":"","telefon":"","info_daten":"","bemerkung":"","permit_rows":1},"geometry":{"type":"Polygon","coordinates":[[[9.277911,54.746342],[9.277959,54.746341],[9.279697,54.746309],[9.279859,54.746305],[9.281391,54.746209],[9.281207,54.747179],[9.279507,54.746945],[9.279441,54.746936],[9.279228,54.746907],[9.279118,54.746898],[9.277939,54.746851],[9.277913,54.746393],[9.277911,54.746342]]]}},{"type":"Feature","properties":{"oid":"DESHPDHK0002kaqMFL","flstkennz":"01104701200032______","gemarkung":"Handewitt","flur":"12","flurstueck":"32","gemeinde":"Handewitt","kreis":"Schleswig-Flensburg","aktualit":"2025-10-22Z","status_genehmigung":"nicht_informiert","status_label":"Nicht informiert","baulos":"BL03","masten":"171","eigentuemer":"Verena Post","vorname":"Verena","nachname":"Post","email":"","telefon":"","info_daten":"","bemerkung":"","permit_rows":1},"geometry":{"type":"Polygon","coordinates":[[[9.283896,54.746054],[9.284216,54.74464],[9.284462,54.743551],[9.284533,54.743234],[9.284876,54.741718],[9.285006,54.741143],[9.286435,54.741204],[9.286793,54.741219],[9.287041,54.741231],[9.286932,54.741716],[9.286598,54.74321],[9.286505,54.743626],[9.286298,54.744533],[9.285979,54.745932],[9.284194,54.746037],[9.284128,54.746041],[9.283896,54.746054]]]}},{"type":"Feature","properties":{"oid":"DESHPDHK0002t25rFL","flstkennz":"01109600300017______","gemarkung":"Meyn","flur":"3","flurstueck":"17","gemeinde":"Meyn","kreis":"Schleswig-Flensburg","aktualit":"2026-03-05Z","status_genehmigung":"nicht_informiert","status_label":"Nicht informiert","baulos":"BL03","masten":"173","eigentuemer":"Holger Beeck","vorname":"Holger","nachname":"Beeck","email":"","telefon":"","info_daten":"","bemerkung":"","permit_rows":1},"geometry":{"type":"Polygon","coordinates":[[[9.270784,54.755401],[9.271327,54.754302],[9.2718,54.753344],[9.272205,54.752523],[9.272365,54.752199],[9.27241,54.752109],[9.272533,54.751855],[9.272695,54.75152],[9.2731,54.750686],[9.273146,54.75059],[9.273306,54.750253],[9.274263,54.74828],[9.274332,54.748291],[9.274954,54.748386],[9.275534,54.748474],[9.275421,54.748728],[9.275791,54.748768],[9.276114,54.748795],[9.2752,54.750686],[9.274485,54.752163],[9.274334,54.752476],[9.273958,54.753256],[9.273517,54.754169],[9.273293,54.754634],[9.272993,54.755255],[9.272728,54.755804],[9.272132,54.755681],[9.272015,54.755657],[9.271693,54.75559],[9.271047,54.755457],[9.270982,54.755443],[9.270844,54.755414],[9.270784,54.755401]]]}},{"type":"Feature","properties":{"oid":"DESHPDHK0002t24VFL","flstkennz":"011096003000200004__","gemarkung":"Meyn","flur":"3","flurstueck":"20/4","gemeinde":"Meyn","kreis":"Schleswig-Flensburg","aktualit":"2026-03-05Z","status_genehmigung":"nicht_informiert","status_label":"Nicht informiert","baulos":"BL03","masten":"174","eigentuemer":"Holger Beeck","vorname":"Holger","nachname":"Beeck","email":"","telefon":"","info_daten":"","bemerkung":"","permit_rows":1},"geometry":{"type":"Polygon","coordinates":[[[9.26735,54.753838],[9.267967,54.752566],[9.268655,54.751148],[9.269162,54.750099],[9.270539,54.750347],[9.271561,54.750531],[9.271718,54.750559],[9.271728,54.750561],[9.271747,54.750564],[9.271739,54.750581],[9.271669,54.750724],[9.271389,54.751295],[9.271347,54.75138],[9.271335,54.751406],[9.271269,54.751541],[9.271266,54.751546],[9.271227,54.751627],[9.270922,54.75225],[9.269895,54.754348],[9.269504,54.755147],[9.268908,54.755027],[9.268649,54.754973],[9.267582,54.754749],[9.267596,54.754723],[9.267974,54.753995],[9.267383,54.753873],[9.26735,54.753838]]]}},{"type":"Feature","properties":{"oid":"DESHPDHK0002t25nFL","flstkennz":"011096003000090002__","gemarkung":"Meyn","flur":"3","flurstueck":"9/2","gemeinde":"Meyn","kreis":"Schleswig-Flensburg","aktualit":"2026-03-05Z","status_genehmigung":"nicht_informiert","status_label":"Nicht informiert","baulos":"BL03","masten":"175","eigentuemer":"Hans-Heinrich Sommer","vorname":"Hans-Heinrich","nachname":"Sommer","email":"","telefon":"","info_daten":"","bemerkung":"","permit_rows":1},"geometry":{"type":"Polygon","coordinates":[[[9.261363,54.753869],[9.261423,54.753703],[9.261454,54.753617],[9.261497,54.753627],[9.261672,54.753663],[9.261704,54.75367],[9.262048,54.75374],[9.262746,54.75389],[9.263254,54.753997],[9.263461,54.754039],[9.263569,54.75406],[9.263743,54.754094],[9.264851,54.754334],[9.265571,54.754495],[9.265603,54.754502],[9.265832,54.754551],[9.2675,54.754908],[9.268401,54.7551],[9.268411,54.7551],[9.26737,54.755655],[9.266934,54.755887],[9.266327,54.756211],[9.266106,54.756328],[9.265282,54.75596],[9.265173,54.755906],[9.265093,54.755855],[9.264873,54.755654],[9.264772,54.755561],[9.264358,54.755182],[9.264226,54.755061],[9.264177,54.755026],[9.264099,54.754985],[9.263705,54.754819],[9.262567,54.754338],[9.261784,54.754014],[9.26164,54.753959],[9.261363,54.753869]]]}},{"type":"Feature","properties":{"oid":"DESHPDHK0002zMQ1FL","flstkennz":"011146003000450002__","gemarkung":"Timmersiek","flur":"3","flurstueck":"45/2","gemeinde":"Handewitt","kreis":"Schleswig-Flensburg","aktualit":"2025-12-03Z","status_genehmigung":"genehmigt","status_label":"Genehmigt","baulos":"BL03","masten":"176","eigentuemer":"Dirk Dommaschk","vorname":"Dirk","nachname":"Dommaschk","email":"","telefon":"","info_daten":"","bemerkung":"","permit_rows":1},"geometry":{"type":"Polygon","coordinates":[[[9.260725,54.758768],[9.260859,54.757703],[9.261023,54.756397],[9.265077,54.756596],[9.26511,54.756598],[9.265235,54.756604],[9.265236,54.756604],[9.265236,54.756604],[9.265368,54.756381],[9.265442,54.756256],[9.265506,54.756147],[9.265901,54.756321],[9.266337,54.756513],[9.267319,54.756945],[9.266582,54.758283],[9.268781,54.758899],[9.26877,54.758921],[9.268729,54.758994],[9.268262,54.759844],[9.268253,54.75986],[9.267631,54.760987],[9.267228,54.761718],[9.266766,54.761636],[9.265854,54.761475],[9.26579,54.761583],[9.265689,54.761752],[9.265456,54.762046],[9.264678,54.761792],[9.263833,54.761516],[9.263853,54.761478],[9.264066,54.761089],[9.264158,54.760922],[9.264312,54.760641],[9.26435,54.760572],[9.264506,54.760286],[9.264787,54.759774],[9.264722,54.759776],[9.264107,54.75976],[9.263895,54.759755],[9.263476,54.759744],[9.263032,54.759733],[9.262813,54.759727],[9.262645,54.759723],[9.261181,54.759684],[9.261158,54.759683],[9.260738,54.758856],[9.260728,54.758804],[9.260725,54.758768]]]}},{"type":"Feature","properties":{"oid":"DESHPDHK0002zMR5FL","flstkennz":"011146003000670002__","gemarkung":"Timmersiek","flur":"3","flurstueck":"67/2","gemeinde":"Handewitt","kreis":"Schleswig-Flensburg","aktualit":"2026-01-06Z","status_genehmigung":"genehmigt","status_label":"Genehmigt","baulos":"BL03","masten":"178","eigentuemer":"Peter Jepsen","vorname":"Peter","nachname":"Jepsen","email":"","telefon":"","info_daten":"","bemerkung":"","permit_rows":1},"geometry":{"type":"Polygon","coordinates":[[[9.255345,54.761172],[9.256117,54.761264],[9.256116,54.761279],[9.257148,54.761413],[9.257582,54.761469],[9.257106,54.762803],[9.257156,54.762809],[9.257176,54.762812],[9.257148,54.762888],[9.259985,54.763269],[9.260126,54.763288],[9.260992,54.763401],[9.261146,54.763438],[9.263885,54.764117],[9.264237,54.764196],[9.263582,54.765303],[9.263498,54.765283],[9.259371,54.764348],[9.259362,54.764363],[9.259357,54.764371],[9.259349,54.764387],[9.263472,54.765328],[9.263557,54.765347],[9.263356,54.765685],[9.263052,54.766198],[9.262798,54.766609],[9.262017,54.766727],[9.261352,54.766343],[9.261209,54.766261],[9.260894,54.766079],[9.260582,54.765899],[9.260153,54.765652],[9.259001,54.764987],[9.257677,54.764223],[9.257039,54.763855],[9.25607,54.763295],[9.256014,54.763263],[9.255944,54.763222],[9.255561,54.763001],[9.255345,54.761172]]]}},{"type":"Feature","properties":{"oid":"DESHPDHK0002zMQiFL","flstkennz":"011146003000620003__","gemarkung":"Timmersiek","flur":"3","flurstueck":"62/3","gemeinde":"Handewitt","kreis":"Schleswig-Flensburg","aktualit":"2025-12-03Z","status_genehmigung":"genehmigt","status_label":"Genehmigt","baulos":"BL03","masten":"177","eigentuemer":"Dirk Dommaschk","vorname":"Dirk","nachname":"Dommaschk","email":"","telefon":"","info_daten":"","bemerkung":"","permit_rows":1},"geometry":{"type":"Polygon","coordinates":[[[9.258173,54.761369],[9.258269,54.761082],[9.259112,54.75855],[9.26036,54.758771],[9.260467,54.758796],[9.260551,54.758829],[9.260582,54.758856],[9.260618,54.758986],[9.261537,54.760758],[9.261657,54.760928],[9.260662,54.760729],[9.260432,54.761338],[9.260398,54.761427],[9.260392,54.761443],[9.260386,54.761461],[9.260291,54.761457],[9.258173,54.761369]]]}},{"type":"Feature","properties":{"oid":"DESHPDHK0002AfdEFL","flstkennz":"011156005000090001__","gemarkung":"Wallsbüll","flur":"5","flurstueck":"9/1","gemeinde":"Wallsbüll","kreis":"Schleswig-Flensburg","aktualit":"2025-10-22Z","status_genehmigung":"nicht_informiert","status_label":"Nicht informiert","baulos":"BL03","masten":"180","eigentuemer":"Birte Bussmann-Pauckert","vorname":"Birte","nachname":"Bussmann-Pauckert","email":"","telefon":"","info_daten":"","bemerkung":"","permit_rows":1},"geometry":{"type":"Polygon","coordinates":[[[9.253175,54.772385],[9.253205,54.772334],[9.253387,54.772047],[9.254114,54.770884],[9.256851,54.77051],[9.257107,54.770474],[9.257093,54.772019],[9.257094,54.772096],[9.256903,54.772119],[9.256294,54.772204],[9.255693,54.772288],[9.255498,54.772316],[9.255192,54.772352],[9.254949,54.772373],[9.254677,54.772389],[9.25443,54.772398],[9.254151,54.772402],[9.253922,54.772402],[9.253175,54.772385]]]}},{"type":"Feature","properties":{"oid":"DESHPDHK0002AfdVFL","flstkennz":"01115600500016______","gemarkung":"Wallsbüll","flur":"5","flurstueck":"16","gemeinde":"Wallsbüll","kreis":"Schleswig-Flensburg","aktualit":"2026-03-02Z","status_genehmigung":"nicht_informiert","status_label":"Nicht informiert","baulos":"BL03","masten":"179","eigentuemer":"Hans-Martin Grevsen","vorname":"Hans-Martin","nachname":"Grevsen","email":"","telefon":"","info_daten":"","bemerkung":"","permit_rows":1},"geometry":{"type":"MultiPolygon","coordinates":[[[[9.252704,54.772376],[9.25276,54.77234],[9.253018,54.77222],[9.253387,54.772047],[9.253205,54.772334],[9.253175,54.772385],[9.253041,54.772383],[9.252704,54.772376]]],[[[9.25017,54.772426],[9.250209,54.772366],[9.252092,54.76935],[9.25327,54.769479],[9.253966,54.767898],[9.254287,54.76717],[9.254426,54.766854],[9.254651,54.766344],[9.254864,54.765859],[9.254879,54.765835],[9.255395,54.764666],[9.255603,54.764195],[9.255884,54.763557],[9.255904,54.763511],[9.255994,54.763309],[9.256014,54.763263],[9.25607,54.763295],[9.257039,54.763855],[9.257677,54.764223],[9.259001,54.764987],[9.260153,54.765652],[9.260582,54.765899],[9.260894,54.766079],[9.261209,54.766261],[9.261352,54.766343],[9.262017,54.766727],[9.262309,54.767194],[9.262411,54.767357],[9.262457,54.767429],[9.262488,54.767481],[9.262602,54.76767],[9.262804,54.768004],[9.263075,54.768453],[9.263034,54.76846],[9.26231,54.768563],[9.260987,54.768747],[9.260998,54.768768],[9.260198,54.768881],[9.257112,54.769317],[9.254918,54.769629],[9.254776,54.769852],[9.254146,54.770841],[9.254044,54.770857],[9.253306,54.772],[9.252652,54.772323],[9.252617,54.77237],[9.251537,54.772346],[9.251475,54.772345],[9.251426,54.772344],[9.250941,54.772359],[9.250541,54.77239],[9.25017,54.772426]]]]}},{"type":"Feature","properties":{"oid":"DESHPDHK0002AfdlFL","flstkennz":"011156004000150001__","gemarkung":"Wallsbüll","flur":"4","flurstueck":"15/1","gemeinde":"Wallsbüll","kreis":"Schleswig-Flensburg","aktualit":"2026-01-27Z","status_genehmigung":"nicht_informiert","status_label":"Nicht informiert","baulos":"BL03","masten":"181","eigentuemer":"Hans-Martin Grevsen","vorname":"Hans-Martin","nachname":"Grevsen","email":"","telefon":"","info_daten":"","bemerkung":"","permit_rows":1},"geometry":{"type":"Polygon","coordinates":[[[9.25439,54.775283],[9.254418,54.775283],[9.25517,54.77529],[9.256039,54.775298],[9.256098,54.772486],[9.256095,54.7724],[9.257123,54.772267],[9.257124,54.772267],[9.257319,54.772253],[9.257501,54.772238],[9.257609,54.772229],[9.257803,54.772219],[9.258957,54.7722],[9.259442,54.772201],[9.259525,54.7722],[9.260312,54.772202],[9.260971,54.772215],[9.261385,54.772221],[9.261555,54.772229],[9.261556,54.772374],[9.261507,54.775732],[9.260792,54.775841],[9.259792,54.775994],[9.259551,54.776029],[9.259525,54.776029],[9.259452,54.776029],[9.256057,54.775988],[9.255908,54.775986],[9.255442,54.775985],[9.254432,54.775973],[9.254404,54.775973],[9.25439,54.775283]]]}},{"type":"Feature","properties":{"oid":"DESHPDHK0002AfcxFL","flstkennz":"01115600300027______","gemarkung":"Wallsbüll","flur":"3","flurstueck":"27","gemeinde":"Wallsbüll","kreis":"Schleswig-Flensburg","aktualit":"2025-10-22Z","status_genehmigung":"nicht_informiert","status_label":"Nicht informiert","baulos":"BL03","masten":"183","eigentuemer":"Wilfried Hinrichsen","vorname":"Wilfried","nachname":"Hinrichsen","email":"","telefon":"","info_daten":"","bemerkung":"","permit_rows":1},"geometry":{"type":"Polygon","coordinates":[[[9.252775,54.780313],[9.252834,54.780054],[9.253085,54.778947],[9.253094,54.778908],[9.25443,54.778807],[9.255334,54.778739],[9.256212,54.778673],[9.256529,54.778649],[9.257985,54.77854],[9.260632,54.778341],[9.261971,54.77824],[9.261927,54.77831],[9.260925,54.779891],[9.260693,54.780256],[9.260573,54.780446],[9.25924,54.78029],[9.259142,54.780272],[9.259057,54.780246],[9.258645,54.780078],[9.258419,54.779986],[9.25816,54.779894],[9.258047,54.77986],[9.257362,54.779695],[9.257287,54.779687],[9.257219,54.779688],[9.256558,54.779832],[9.256443,54.779843],[9.256322,54.779831],[9.256153,54.779796],[9.255348,54.779603],[9.255221,54.779583],[9.255118,54.779588],[9.254978,54.779632],[9.254495,54.779824],[9.254356,54.779865],[9.254189,54.779899],[9.253586,54.779973],[9.253294,54.780012],[9.253189,54.78004],[9.253107,54.780071],[9.25303,54.780113],[9.252775,54.780313]]]}},{"type":"Feature","properties":{"oid":"DESHPDHK0002AfcTFL","flstkennz":"01115600400007______","gemarkung":"Wallsbüll","flur":"4","flurstueck":"7","gemeinde":"Wallsbüll","kreis":"Schleswig-Flensburg","aktualit":"2026-01-27Z","status_genehmigung":"genehmigt","status_label":"Genehmigt","baulos":"BL03","masten":"182","eigentuemer":"Elke Marta Andresen","vorname":"Elke Marta","nachname":"Andresen","email":"","telefon":"","info_daten":"","bemerkung":"","permit_rows":1},"geometry":{"type":"Polygon","coordinates":[[[9.253781,54.778755],[9.253782,54.778748],[9.254282,54.776937],[9.254389,54.776548],[9.254483,54.77626],[9.254538,54.776175],[9.254584,54.77614],[9.254648,54.776118],[9.254724,54.776111],[9.254877,54.776103],[9.256848,54.776131],[9.256492,54.777413],[9.256171,54.778566],[9.256169,54.778575],[9.253781,54.778755]]]}},{"type":"Feature","properties":{"oid":"DESHPDHK0002AfbQFL","flstkennz":"011156002000080002__","gemarkung":"Wallsbüll","flur":"2","flurstueck":"8/2","gemeinde":"Wallsbüll","kreis":"Schleswig-Flensburg","aktualit":"2026-01-28Z","status_genehmigung":"nicht_informiert","status_label":"Nicht informiert","baulos":"BL03","masten":"185","eigentuemer":"Silvia und Marcus Scheumer","vorname":"Silvia und Marcus","nachname":"Scheumer","email":"","telefon":"","info_daten":"","bemerkung":"","permit_rows":1},"geometry":{"type":"Polygon","coordinates":[[[9.24789,54.788355],[9.248298,54.787714],[9.248489,54.787413],[9.24913,54.786404],[9.249384,54.786477],[9.24959,54.786537],[9.250363,54.786758],[9.250361,54.787274],[9.25036,54.787534],[9.250354,54.788705],[9.250348,54.788704],[9.247899,54.788646],[9.24789,54.788355]]]}},{"type":"Feature","properties":{"oid":"DESHPDHK0006djKNFL","flstkennz":"01115600300034______","gemarkung":"Wallsbüll","flur":"3","flurstueck":"34","gemeinde":"Wallsbüll","kreis":"Schleswig-Flensburg","aktualit":"2026-03-25Z","status_genehmigung":"nicht_informiert","status_label":"Nicht informiert","baulos":"BL03","masten":"184","eigentuemer":"Wasser- und Bodenverband Meyner Mühlenstrom","vorname":"","nachname":"Wasser- und Bodenverband Meyner Mühlenstrom","email":"","telefon":"","info_daten":"","bemerkung":"","permit_rows":1},"geometry":{"type":"Polygon","coordinates":[[[9.248643,54.78451],[9.249182,54.784302],[9.249346,54.78425],[9.249592,54.784202],[9.249616,54.784197],[9.250772,54.784044],[9.25087,54.783593],[9.252125,54.783685],[9.251901,54.784712],[9.251866,54.784874],[9.248643,54.78451]]]}},{"type":"Feature","properties":{"oid":"DESHPDHK0002AfbKFL","flstkennz":"01115600100009______","gemarkung":"Wallsbüll","flur":"1","flurstueck":"9","gemeinde":"Wallsbüll","kreis":"Schleswig-Flensburg","aktualit":"2025-10-22Z","status_genehmigung":"nicht_informiert","status_label":"Nicht informiert","baulos":"BL03","masten":"187","eigentuemer":"Stiftung Naturschutz Schleswig-Holstein","vorname":"","nachname":"Stiftung Naturschutz Schleswig-Holstein","email":"","telefon":"","info_daten":"","bemerkung":"","permit_rows":1},"geometry":{"type":"Polygon","coordinates":[[[9.244029,54.794063],[9.244404,54.794039],[9.244431,54.794037],[9.244515,54.794031],[9.244534,54.79403],[9.245154,54.793968],[9.246758,54.793807],[9.247642,54.793718],[9.247578,54.795368],[9.247564,54.795412],[9.247166,54.795361],[9.247102,54.795353],[9.245987,54.795289],[9.245918,54.79518],[9.245816,54.795059],[9.245717,54.794958],[9.245604,54.794867],[9.245481,54.794785],[9.24539,54.794735],[9.244126,54.794159],[9.244059,54.794113],[9.244029,54.794063]]]}},{"type":"Feature","properties":{"oid":"DESHPDHK0002AfbMFL","flstkennz":"011156002000080001__","gemarkung":"Wallsbüll","flur":"2","flurstueck":"8/1","gemeinde":"Wallsbüll","kreis":"Schleswig-Flensburg","aktualit":"2026-01-28Z","status_genehmigung":"nicht_informiert","status_label":"Nicht informiert","baulos":"BL03","masten":"186","eigentuemer":"Dirk Meyer","vorname":"Dirk","nachname":"Meyer","email":"","telefon":"","info_daten":"","bemerkung":"","permit_rows":1},"geometry":{"type":"Polygon","coordinates":[[[9.247786,54.793643],[9.247897,54.788711],[9.25036,54.788759],[9.250357,54.789668],[9.250356,54.789949],[9.250353,54.790916],[9.250349,54.792496],[9.250343,54.794338],[9.247786,54.793643]]]}},{"type":"Feature","properties":{"oid":"DESHPDHK0004MWQaFL","flstkennz":"01117400400077______","gemarkung":"Osterby","flur":"4","flurstueck":"77","gemeinde":"Osterby","kreis":"Schleswig-Flensburg","aktualit":"2025-10-22Z","status_genehmigung":"nicht_informiert","status_label":"Nicht informiert","baulos":"BL03","masten":"189","eigentuemer":"Horst Klatt","vorname":"Horst","nachname":"Klatt","email":"","telefon":"","info_daten":"","bemerkung":"","permit_rows":1},"geometry":{"type":"Polygon","coordinates":[[[9.242397,54.802488],[9.242605,54.802456],[9.243573,54.802247],[9.243696,54.802211],[9.243766,54.802174],[9.244291,54.802225],[9.246148,54.802408],[9.246327,54.802425],[9.246715,54.802463],[9.246239,54.803008],[9.246195,54.803064],[9.246166,54.803127],[9.246166,54.803136],[9.245877,54.803165],[9.245695,54.803184],[9.245124,54.803239],[9.244874,54.803269],[9.244704,54.803296],[9.244465,54.803336],[9.243825,54.803443],[9.243575,54.80349],[9.243122,54.803603],[9.243002,54.803636],[9.242825,54.803686],[9.242402,54.802536],[9.242397,54.802488]]]}},{"type":"Feature","properties":{"oid":"DESHPDHK0002ExmFFL","flstkennz":"01117400400022______","gemarkung":"Osterby","flur":"4","flurstueck":"22","gemeinde":"Osterby","kreis":"Schleswig-Flensburg","aktualit":"2026-03-06Z","status_genehmigung":"genehmigt","status_label":"Genehmigt","baulos":"BL03","masten":"188","eigentuemer":"Karin Suckow","vorname":"Karin","nachname":"Suckow","email":"","telefon":"","info_daten":"","bemerkung":"","permit_rows":1},"geometry":{"type":"Polygon","coordinates":[[[9.240169,54.796278],[9.241562,54.796302],[9.242961,54.796317],[9.244268,54.796342],[9.244654,54.796349],[9.245258,54.796388],[9.245313,54.796394],[9.245687,54.796436],[9.245279,54.797291],[9.245276,54.79734],[9.245411,54.797949],[9.245475,54.798032],[9.246306,54.798608],[9.246408,54.798703],[9.246485,54.7988],[9.246584,54.79897],[9.246595,54.799117],[9.246587,54.799251],[9.246527,54.799247],[9.246253,54.799228],[9.245986,54.79921],[9.245685,54.799189],[9.243146,54.799014],[9.241106,54.798873],[9.240982,54.798532],[9.240798,54.798026],[9.240474,54.797134],[9.240169,54.796278]]]}},{"type":"Feature","properties":{"oid":"DESHPDHK0004MWNjFL","flstkennz":"01117400300089______","gemarkung":"Osterby","flur":"3","flurstueck":"89","gemeinde":"Osterby","kreis":"Schleswig-Flensburg","aktualit":"2026-03-19Z","status_genehmigung":"nicht_informiert","status_label":"Nicht informiert","baulos":"BL03","masten":"191","eigentuemer":"Horst Klatt","vorname":"Horst","nachname":"Klatt","email":"","telefon":"","info_daten":"","bemerkung":"","permit_rows":1},"geometry":{"type":"Polygon","coordinates":[[[9.235056,54.809484],[9.235248,54.809315],[9.235406,54.809176],[9.235733,54.808888],[9.235911,54.808914],[9.236042,54.808932],[9.242239,54.809811],[9.241995,54.810113],[9.241706,54.810469],[9.238244,54.809984],[9.23547,54.809595],[9.23507,54.809539],[9.23511,54.809505],[9.235056,54.809484]]]}},{"type":"Feature","properties":{"oid":"DESHPDHK0004MWOTFL","flstkennz":"01117400300111______","gemarkung":"Osterby","flur":"3","flurstueck":"111","gemeinde":"Osterby","kreis":"Schleswig-Flensburg","aktualit":"2025-10-22Z","status_genehmigung":"nicht_informiert","status_label":"Nicht informiert","baulos":"BL03","masten":"190","eigentuemer":"Johannes Hansen","vorname":"Johannes","nachname":"Hansen","email":"","telefon":"","info_daten":"","bemerkung":"","permit_rows":1},"geometry":{"type":"Polygon","coordinates":[[[9.238761,54.80627],[9.239442,54.805691],[9.239936,54.805307],[9.240252,54.80509],[9.240484,54.804948],[9.240963,54.80469],[9.241448,54.804454],[9.241891,54.804264],[9.242656,54.804551],[9.245303,54.805546],[9.245584,54.805651],[9.244966,54.806416],[9.24456,54.806918],[9.244263,54.807287],[9.243948,54.807674],[9.243078,54.807438],[9.242536,54.807291],[9.241678,54.807059],[9.240836,54.806831],[9.241459,54.806087],[9.24203,54.805404],[9.242038,54.805394],[9.242015,54.805387],[9.241998,54.805382],[9.241981,54.805378],[9.241968,54.805374],[9.241943,54.805404],[9.241389,54.806067],[9.240766,54.806812],[9.240208,54.806661],[9.238761,54.80627]]]}},{"type":"Feature","properties":{"oid":"DESHPDHK0005NgqlFL","flstkennz":"01117100900213______","gemarkung":"Jardelund","flur":"9","flurstueck":"213","gemeinde":"Jardelund","kreis":"Schleswig-Flensburg","aktualit":"2026-03-23Z","status_genehmigung":"nicht_informiert","status_label":"Nicht informiert","baulos":"BL03","masten":"194","eigentuemer":"Stiftung Naturschutz Schleswig-Holstein","vorname":"","nachname":"Stiftung Naturschutz Schleswig-Holstein","email":"","telefon":"","info_daten":"","bemerkung":"","permit_rows":1},"geometry":{"type":"Polygon","coordinates":[[[9.224989,54.818339],[9.225102,54.818241],[9.225217,54.81814],[9.225349,54.818026],[9.225727,54.817701],[9.226258,54.817767],[9.227663,54.817942],[9.228239,54.818014],[9.229415,54.818161],[9.229506,54.818172],[9.228687,54.818869],[9.228634,54.818879],[9.228561,54.81887],[9.227868,54.818664],[9.227847,54.818691],[9.225463,54.818398],[9.225157,54.81836],[9.224989,54.818339]]]}},{"type":"Feature","properties":{"oid":"DESHPDHK0005NgqNFL","flstkennz":"01117100900215______","gemarkung":"Jardelund","flur":"9","flurstueck":"215","gemeinde":"Jardelund","kreis":"Schleswig-Flensburg","aktualit":"2026-03-23Z","status_genehmigung":"nicht_informiert","status_label":"Nicht informiert","baulos":"BL03","masten":"193","eigentuemer":"Stiftung Naturschutz Schleswig-Holstein","vorname":"","nachname":"Stiftung Naturschutz Schleswig-Holstein","email":"","telefon":"","info_daten":"","bemerkung":"","permit_rows":1},"geometry":{"type":"Polygon","coordinates":[[[9.227867,54.815806],[9.228625,54.81514],[9.228673,54.815098],[9.228913,54.814887],[9.229599,54.814988],[9.231055,54.815202],[9.232694,54.815442],[9.231617,54.816366],[9.231514,54.816359],[9.228148,54.815881],[9.227953,54.815821],[9.227867,54.815806]]]}},{"type":"Feature","properties":{"oid":"DESHPDHK0002DQy5FL","flstkennz":"01117100900184______","gemarkung":"Jardelund","flur":"9","flurstueck":"184","gemeinde":"Jardelund","kreis":"Schleswig-Flensburg","aktualit":"2026-03-23Z","status_genehmigung":"nicht_informiert","status_label":"Nicht informiert","baulos":"BL03","masten":"192","eigentuemer":"Horst Klatt","vorname":"Horst","nachname":"Klatt","email":"","telefon":"","info_daten":"","bemerkung":"","permit_rows":1},"geometry":{"type":"Polygon","coordinates":[[[9.233357,54.81293],[9.234711,54.812096],[9.234787,54.812104],[9.234867,54.812125],[9.236998,54.812386],[9.237226,54.812499],[9.237211,54.812499],[9.235514,54.813138],[9.235393,54.813186],[9.235273,54.813248],[9.235153,54.81333],[9.234547,54.813558],[9.234324,54.813451],[9.233517,54.813026],[9.233395,54.812953],[9.233357,54.81293]]]}},{"type":"Feature","properties":{"oid":"DESHPDHK0005N5peFL","flstkennz":"01117100900208______","gemarkung":"Jardelund","flur":"9","flurstueck":"208","gemeinde":"Jardelund","kreis":"Schleswig-Flensburg","aktualit":"2026-03-23Z","status_genehmigung":"nicht_informiert","status_label":"Nicht informiert","baulos":"BL03","masten":"195","eigentuemer":"Stiftung Naturschutz Schleswig-Holstein","vorname":"","nachname":"Stiftung Naturschutz Schleswig-Holstein","email":"","telefon":"","info_daten":"","bemerkung":"","permit_rows":1},"geometry":{"type":"Polygon","coordinates":[[[9.221277,54.82303],[9.22208,54.821705],[9.222105,54.821646],[9.224822,54.82238],[9.224806,54.8224],[9.224897,54.822424],[9.225631,54.821467],[9.226544,54.821703],[9.227021,54.821837],[9.228651,54.82227],[9.229025,54.822369],[9.229091,54.822387],[9.22907,54.822414],[9.228879,54.822659],[9.228592,54.823028],[9.228338,54.823356],[9.228178,54.823561],[9.228115,54.823641],[9.227923,54.823887],[9.227732,54.824133],[9.227542,54.824378],[9.22735,54.824625],[9.226979,54.825102],[9.22697,54.825115],[9.226966,54.825098],[9.224975,54.824472],[9.224377,54.824284],[9.224091,54.82427],[9.223822,54.82427],[9.223424,54.824305],[9.222979,54.824343],[9.221277,54.82303]]]}},{"type":"Feature","properties":{"oid":"DESHPDHK0005N5oTFL","flstkennz":"01117100800017______","gemarkung":"Jardelund","flur":"8","flurstueck":"17","gemeinde":"Jardelund","kreis":"Schleswig-Flensburg","aktualit":"2026-03-24Z","status_genehmigung":"nicht_informiert","status_label":"Nicht informiert","baulos":"BL03","masten":"196","eigentuemer":"Stiftung Naturschutz Schleswig-Holstein","vorname":"","nachname":"Stiftung Naturschutz Schleswig-Holstein","email":"","telefon":"","info_daten":"","bemerkung":"","permit_rows":1},"geometry":{"type":"Polygon","coordinates":[[[9.218613,54.827391],[9.218737,54.827199],[9.22028,54.82466],[9.223169,54.824409],[9.223833,54.824351],[9.224076,54.82435],[9.224296,54.824401],[9.225984,54.824936],[9.22505,54.825741],[9.224041,54.826611],[9.222858,54.826193],[9.222831,54.826219],[9.221595,54.825783],[9.221498,54.825749],[9.221482,54.82576],[9.220743,54.826309],[9.220372,54.826584],[9.219123,54.827512],[9.219113,54.827519],[9.218879,54.827459],[9.218613,54.827391]]]}},{"type":"Feature","properties":{"oid":"DESHPDHK0005MwOpFL","flstkennz":"01117100700059______","gemarkung":"Jardelund","flur":"7","flurstueck":"59","gemeinde":"Jardelund","kreis":"Schleswig-Flensburg","aktualit":"2025-10-22Z","status_genehmigung":"genehmigt","status_label":"Genehmigt","baulos":"BL03","masten":"198, 199","eigentuemer":"Andreas Henning Hansen","vorname":"Andreas Henning","nachname":"Hansen","email":"","telefon":"","info_daten":"","bemerkung":"","permit_rows":2},"geometry":{"type":"Polygon","coordinates":[[[9.209135,54.833353],[9.21107,54.833256],[9.211291,54.833245],[9.211734,54.83374],[9.211883,54.833906],[9.212079,54.834124],[9.213306,54.835494],[9.213237,54.835611],[9.212376,54.837014],[9.211959,54.836541],[9.211103,54.835574],[9.210838,54.835276],[9.210603,54.83501],[9.209135,54.833353]]]}},{"type":"Feature","properties":{"oid":"DESHPDHK0002DQvaFL","flstkennz":"01117100800014______","gemarkung":"Jardelund","flur":"8","flurstueck":"14","gemeinde":"Jardelund","kreis":"Schleswig-Flensburg","aktualit":"2025-10-22Z","status_genehmigung":"genehmigt","status_label":"Genehmigt","baulos":"BL03","masten":"197","eigentuemer":"Thomas Sporn","vorname":"Thomas","nachname":"Sporn","email":"","telefon":"","info_daten":"","bemerkung":"","permit_rows":1},"geometry":{"type":"Polygon","coordinates":[[[9.217378,54.829528],[9.217387,54.829516],[9.217395,54.829502],[9.217954,54.828577],[9.219964,54.829091],[9.218896,54.82993],[9.217799,54.829639],[9.217421,54.829539],[9.217378,54.829528]]]}},{"type":"Feature","properties":{"oid":"DESHPDHK0002DQt4FL","flstkennz":"01117100500026______","gemarkung":"Jardelund","flur":"5","flurstueck":"26","gemeinde":"Jardelund","kreis":"Schleswig-Flensburg","aktualit":"2025-10-22Z","status_genehmigung":"genehmigt","status_label":"Genehmigt","baulos":"BL03","masten":"201","eigentuemer":"Andreas Henning Hansen","vorname":"Andreas Henning","nachname":"Hansen","email":"","telefon":"","info_daten":"","bemerkung":"","permit_rows":1},"geometry":{"type":"Polygon","coordinates":[[[9.20045,54.84261],[9.201482,54.841987],[9.201655,54.841903],[9.203095,54.8412],[9.203164,54.841166],[9.204739,54.840397],[9.20479,54.840346],[9.204768,54.8403],[9.204595,54.840158],[9.204608,54.840129],[9.204639,54.840107],[9.205687,54.839684],[9.206835,54.840581],[9.207608,54.841184],[9.208113,54.841579],[9.208104,54.841583],[9.208085,54.841591],[9.207202,54.842257],[9.207106,54.842329],[9.205523,54.843027],[9.203771,54.843801],[9.20375,54.843797],[9.203345,54.843433],[9.203321,54.843431],[9.202039,54.844043],[9.202027,54.844033],[9.200623,54.842767],[9.200466,54.842625],[9.20045,54.84261]]]}},{"type":"Feature","properties":{"oid":"DESHPDHK0005MwMgFL","flstkennz":"01117100700054______","gemarkung":"Jardelund","flur":"7","flurstueck":"54","gemeinde":"Jardelund","kreis":"Schleswig-Flensburg","aktualit":"2026-03-30Z","status_genehmigung":"genehmigt","status_label":"Genehmigt","baulos":"BL03","masten":"200","eigentuemer":"Andreas Henning Hansen","vorname":"Andreas Henning","nachname":"Hansen","email":"","telefon":"","info_daten":"","bemerkung":"","permit_rows":1},"geometry":{"type":"Polygon","coordinates":[[[9.207657,54.838982],[9.207663,54.838979],[9.210999,54.837904],[9.211027,54.837895],[9.211514,54.838435],[9.211156,54.839033],[9.210423,54.840217],[9.210143,54.84069],[9.209046,54.839884],[9.208315,54.839392],[9.207657,54.838982]]]}},{"type":"Feature","properties":{"oid":"DESHPDHK0005gO30FL","flstkennz":"01117100100061______","gemarkung":"Jardelund","flur":"1","flurstueck":"61","gemeinde":"Jardelund","kreis":"Schleswig-Flensburg","aktualit":"2025-10-22Z","status_genehmigung":"nicht_informiert","status_label":"Nicht informiert","baulos":"BL03","masten":"Portal","eigentuemer":"TenneT TSO GmbH","vorname":"","nachname":"TenneT TSO GmbH","email":"","telefon":"","info_daten":"","bemerkung":"","permit_rows":1},"geometry":{"type":"Polygon","coordinates":[[[9.195762,54.852162],[9.19807,54.851407],[9.198414,54.851295],[9.198991,54.851108],[9.198989,54.851131],[9.199616,54.852161],[9.199316,54.852224],[9.19813,54.852475],[9.198075,54.852389],[9.197782,54.852451],[9.197645,54.852231],[9.196403,54.852493],[9.196217,54.852531],[9.195996,54.852578],[9.195762,54.852162]]]}},{"type":"Feature","properties":{"oid":"DESHPDHK0005TC9xFL","flstkennz":"01117100100086______","gemarkung":"Jardelund","flur":"1","flurstueck":"86","gemeinde":"Jardelund","kreis":"Schleswig-Flensburg","aktualit":"2025-10-22Z","status_genehmigung":"nicht_informiert","status_label":"Nicht informiert","baulos":"BL03","masten":"Portal","eigentuemer":"TenneT TSO GmbH","vorname":"","nachname":"TenneT TSO GmbH","email":"","telefon":"","info_daten":"","bemerkung":"","permit_rows":1},"geometry":{"type":"Polygon","coordinates":[[[9.194477,54.849814],[9.195334,54.849526],[9.196954,54.848981],[9.196967,54.849001],[9.197221,54.848917],[9.197247,54.848908],[9.197526,54.848816],[9.197601,54.848792],[9.198686,54.850502],[9.199032,54.851048],[9.198394,54.851258],[9.198042,54.851374],[9.197225,54.851638],[9.195902,54.852066],[9.195738,54.85212],[9.195115,54.850994],[9.194477,54.849814]],[[9.19478,54.849932],[9.195129,54.850564],[9.195573,54.850469],[9.195325,54.850077],[9.195702,54.849997],[9.195559,54.849766],[9.19478,54.849932]]]}},{"type":"Feature","properties":{"oid":"DESHPDHK0005gO38FL","flstkennz":"01117100100062______","gemarkung":"Jardelund","flur":"1","flurstueck":"62","gemeinde":"Jardelund","kreis":"Schleswig-Flensburg","aktualit":"2025-10-22Z","status_genehmigung":"nicht_informiert","status_label":"Nicht informiert","baulos":"BL03","masten":"Portal","eigentuemer":"TenneT TSO GmbH","vorname":"","nachname":"TenneT TSO GmbH","email":"","telefon":"","info_daten":"","bemerkung":"","permit_rows":1},"geometry":{"type":"Polygon","coordinates":[[[9.195738,54.85212],[9.195902,54.852066],[9.197225,54.851638],[9.198042,54.851374],[9.198394,54.851258],[9.199032,54.851048],[9.198994,54.851082],[9.198991,54.851108],[9.198414,54.851295],[9.19807,54.851407],[9.195762,54.852162],[9.195738,54.85212]]]}},{"type":"Feature","properties":{"oid":"DESHPDHK0002DQqmFL","flstkennz":"011171001000390007__","gemarkung":"Jardelund","flur":"1","flurstueck":"39/7","gemeinde":"Jardelund","kreis":"Schleswig-Flensburg","aktualit":"2025-10-22Z","status_genehmigung":"genehmigt","status_label":"Genehmigt","baulos":"BL03","masten":"204N","eigentuemer":"Werner Windpark GmbH; Proc Dopatka","vorname":"Werner","nachname":"Windpark GmbH; Proc Dopatka","email":"","telefon":"","info_daten":"","bemerkung":"","permit_rows":1},"geometry":{"type":"Polygon","coordinates":[[[9.191688,54.851898],[9.191747,54.851887],[9.194473,54.851418],[9.194492,54.851415],[9.195188,54.85267],[9.195711,54.853614],[9.195674,54.853621],[9.195623,54.853641],[9.195482,54.853704],[9.193178,54.853976],[9.192782,54.854022],[9.192174,54.852841],[9.191688,54.851898]]]}},{"type":"Feature","properties":{"oid":"DESHPDHK0006plGAFL","flstkennz":"01117100100088______","gemarkung":"Jardelund","flur":"1","flurstueck":"88","gemeinde":"Jardelund","kreis":"Schleswig-Flensburg","aktualit":"2025-10-22Z","status_genehmigung":"nicht_informiert","status_label":"Nicht informiert","baulos":"BL03","masten":"Portal","eigentuemer":"TenneT TSO GmbH","vorname":"","nachname":"TenneT TSO GmbH","email":"","telefon":"","info_daten":"","bemerkung":"","permit_rows":1},"geometry":{"type":"Polygon","coordinates":[[[9.193793,54.850152],[9.193943,54.850105],[9.193861,54.850021],[9.194386,54.849845],[9.195039,54.851008],[9.195674,54.852164],[9.196398,54.853479],[9.195711,54.853614],[9.195188,54.85267],[9.194492,54.851415],[9.193793,54.850152]]]}},{"type":"Feature","properties":{"oid":"DESHPDHK0005MoSKFL","flstkennz":"01117100500043______","gemarkung":"Jardelund","flur":"5","flurstueck":"43","gemeinde":"Jardelund","kreis":"Schleswig-Flensburg","aktualit":"2025-10-22Z","status_genehmigung":"nicht_informiert","status_label":"Nicht informiert","baulos":"BL03","masten":"202","eigentuemer":"Stefan Christiansen","vorname":"Stefan","nachname":"Christiansen","email":"","telefon":"","info_daten":"","bemerkung":"","permit_rows":1},"geometry":{"type":"Polygon","coordinates":[[[9.198696,54.845715],[9.198721,54.845681],[9.199812,54.845151],[9.20114,54.844519],[9.201753,54.844228],[9.202565,54.844966],[9.203001,54.845362],[9.203318,54.845651],[9.203286,54.845663],[9.201579,54.8467],[9.201077,54.847043],[9.200604,54.847323],[9.200456,54.847348],[9.200199,54.847117],[9.199654,54.846627],[9.199021,54.846056],[9.19893,54.845972],[9.198953,54.845959],[9.198696,54.845715]]]}},{"type":"Feature","properties":{"oid":"DESHPDHK0005M4vOFL","flstkennz":"01117100100081______","gemarkung":"Jardelund","flur":"1","flurstueck":"81","gemeinde":"Jardelund","kreis":"Schleswig-Flensburg","aktualit":"2025-10-22Z","status_genehmigung":"genehmigt","status_label":"Genehmigt","baulos":"BL03","masten":"203N","eigentuemer":"Leon Hansen","vorname":"Leon","nachname":"Hansen","email":"","telefon":"","info_daten":"","bemerkung":"","permit_rows":1},"geometry":{"type":"Polygon","coordinates":[[[9.197601,54.848792],[9.199131,54.848287],[9.199216,54.848417],[9.199886,54.849438],[9.200279,54.850037],[9.200487,54.850355],[9.200604,54.850533],[9.200081,54.850703],[9.199032,54.851048],[9.198686,54.850502],[9.197601,54.848792]]]}},{"type":"Feature","properties":{"oid":"DESHPDHK0005gO2RFL","flstkennz":"01117100100060______","gemarkung":"Jardelund","flur":"1","flurstueck":"60","gemeinde":"Jardelund","kreis":"Schleswig-Flensburg","aktualit":"2025-10-22Z","status_genehmigung":"nicht_informiert","status_label":"Nicht informiert","baulos":"BL03","masten":"UW","eigentuemer":"UW Jardelund GmbH","vorname":"","nachname":"UW Jardelund GmbH","email":"","telefon":"","info_daten":"","bemerkung":"","permit_rows":1},"geometry":{"type":"Polygon","coordinates":[[[9.195996,54.852578],[9.196217,54.852531],[9.196403,54.852493],[9.197645,54.852231],[9.197782,54.852451],[9.198075,54.852389],[9.19813,54.852475],[9.199316,54.852224],[9.199616,54.852161],[9.199645,54.852223],[9.19962,54.852274],[9.199367,54.852431],[9.199161,54.852525],[9.198364,54.852824],[9.19834,54.852833],[9.198039,54.852952],[9.197912,54.853002],[9.197863,54.853017],[9.197404,54.85316],[9.196811,54.853313],[9.196465,54.853411],[9.196049,54.852672],[9.195996,54.852578]]]}},{"type":"Feature","properties":{"oid":"DESHPDHK0002DQq7FL","flstkennz":"011171001000030008__","gemarkung":"Jardelund","flur":"1","flurstueck":"3/8","gemeinde":"Jardelund","kreis":"Schleswig-Flensburg","aktualit":"2025-10-22Z","status_genehmigung":"genehmigt","status_label":"Genehmigt","baulos":"BL03","masten":"206","eigentuemer":"Pascal Stengel","vorname":"Pascal","nachname":"Stengel","email":"","telefon":"","info_daten":"","bemerkung":"","permit_rows":1},"geometry":{"type":"Polygon","coordinates":[[[9.189263,54.857911],[9.19,54.85772],[9.193134,54.85692],[9.194809,54.856495],[9.194829,54.856531],[9.194906,54.856607],[9.195901,54.857587],[9.196467,54.858145],[9.196759,54.858432],[9.195971,54.858958],[9.195889,54.85899],[9.195815,54.85901],[9.194753,54.85916],[9.194675,54.859175],[9.19461,54.859189],[9.194535,54.859211],[9.194455,54.859238],[9.194442,54.859243],[9.194395,54.859251],[9.194364,54.859273],[9.193098,54.859758],[9.192485,54.85999],[9.192188,54.8601],[9.192071,54.860143],[9.19186,54.860217],[9.191792,54.860238],[9.191709,54.860261],[9.191644,54.860275],[9.191069,54.86038],[9.189263,54.857911]]]}},{"type":"Feature","properties":{"oid":"DESHPDHK0002DQqqFL","flstkennz":"01117100100032______","gemarkung":"Jardelund","flur":"1","flurstueck":"32","gemeinde":"Jardelund","kreis":"Schleswig-Flensburg","aktualit":"2025-10-22Z","status_genehmigung":"genehmigt","status_label":"Genehmigt","baulos":"BL03","masten":"205","eigentuemer":"Werner Dopatka","vorname":"Werner","nachname":"Dopatka","email":"","telefon":"","info_daten":"","bemerkung":"","permit_rows":1},"geometry":{"type":"Polygon","coordinates":[[[9.193135,54.856832],[9.193175,54.854054],[9.193201,54.854051],[9.195388,54.853793],[9.195452,54.853809],[9.195327,54.85426],[9.195228,54.854621],[9.195147,54.854914],[9.195127,54.85498],[9.195122,54.854997],[9.194696,54.856426],[9.193135,54.856832]]]}}]}