{
"type": "FeatureCollection",
"name": "wbk_ausholzung",
"crs": { "type": "name", "properties": { "name": "urn:ogc:def:crs:OGC:1.3:CRS84" } },
"features": [
{ "type": "Feature", "properties": { "layer": "WBK_AUSHOLZUNG" }, "geometry": { "type": "MultiLineString", "coordinates": [ [ [ 9.430603028966015, 54.520917808622144, 0.0 ], [ 9.43054798564984, 54.521104335355467, 0.0 ], [ 9.430523259384227, 54.52119312662991, 0.0 ], [ 9.430499058553437, 54.52128194298713, 0.0 ], [ 9.430475367617523, 54.521370775495676, 0.0 ], [ 9.430452186768582, 54.52145964212945, 0.0 ], [ 9.430429531364238, 54.521548533846889, 0.0 ], [ 9.430407370415963, 54.521637441771517, 0.0 ], [ 9.430385719564553, 54.521726383822219, 0.0 ], [ 9.430364578624053, 54.521815342025661, 0.0 ], [ 9.430343963141727, 54.521904325313805, 0.0 ], [ 9.43032384231738, 54.521993342783887, 0.0 ], [ 9.430304231413999, 54.522082376407376, 0.0 ], [ 9.430285130529549, 54.522171435171423, 0.0 ], [ 9.430266539667214, 54.52226051907622, 0.0 ], [ 9.4302484588304, 54.522349628122001, 0.0 ], [ 9.430230888022471, 54.52243876230898, 0.0 ], [ 9.43021381179731, 54.522527921692408, 0.0 ], [ 9.430197260962153, 54.522617097175655, 0.0 ], [ 9.430181204811003, 54.522706306842544, 0.0 ], [ 9.430165658607258, 54.522795532664652, 0.0 ], [ 9.430150622543259, 54.522884792615748, 0.0 ], [ 9.43013609643352, 54.522974068722483, 0.0 ], [ 9.430122065020415, 54.523063379013593, 0.0 ], [ 9.430114520708674, 54.523112862137388, 0.0 ], [ 9.430108559017498, 54.523152705405614, 0.0 ], [ 9.430095547623615, 54.523242056995556, 0.0 ], [ 9.430094180893027, 54.523251660132843, 0.0 ], [ 9.430083046291475, 54.523331433728558, 0.0 ], [ 9.430071039574813, 54.52342083565977, 0.0 ], [ 9.430059558376142, 54.523510262679345, 0.0 ], [ 9.430048571705035, 54.523599705910584, 0.0 ], [ 9.430038095203445, 54.523689183272296, 0.0 ], [ 9.430028128685661, 54.523778676790911, 0.0 ], [ 9.430018672344051, 54.523868204440227, 0.0 ], [ 9.430009710543064, 54.523957748301711, 0.0 ], [ 9.430001258924905, 54.524047326294074, 0.0 ], [ 9.429993332753726, 54.524136920388841, 0.0 ], [ 9.429985901227454, 54.524226539682878, 0.0 ], [ 9.429978964349671, 54.524316184176243, 0.0 ], [ 9.429972553023404, 54.524405853759099, 0.0 ], [ 9.429966651801999, 54.524495548486456, 0.0 ], [ 9.429961245238893, 54.524585268413411, 0.0 ], [ 9.429956364142789, 54.52467500444321, 0.0 ], [ 9.429951977806034, 54.524764774659488, 0.0 ], [ 9.429948101587804, 54.524854570020544, 0.0 ], [ 9.429944735396344, 54.524944381539562, 0.0 ], [ 9.429941894780251, 54.525034218148448, 0.0 ], [ 9.429939548936778, 54.525124088943961, 0.0 ], [ 9.429937713130659, 54.525213975897593, 0.0 ], [ 9.429936387459215, 54.525303887996088, 0.0 ], [ 9.429935566633574, 54.525393321978306, 0.0 ], [ 9.429935566633574, 54.525393321978306, 0.0 ] ], [ [ 9.431225094465356, 54.521025143412601, 0.0 ], [ 9.431223472444254, 54.521198008043854, 0.0 ], [ 9.431219885729723, 54.521288593340067, 0.0 ], [ 9.431215773363048, 54.521379144562211, 0.0 ], [ 9.431211150884158, 54.521469670641928, 0.0 ], [ 9.431206002841087, 54.521560171634256, 0.0 ], [ 9.431200329135157, 54.521650638552359, 0.0 ], [ 9.431194145212242, 54.521741071341026, 0.0 ], [ 9.431187435714561, 54.521831479042156, 0.0 ], [ 9.431180216087654, 54.521921861600539, 0.0 ], [ 9.431172470784485, 54.522012210084348, 0.0 ], [ 9.431164199896267, 54.522102533480364, 0.0 ], [ 9.431155418773917, 54.522192822746497, 0.0 ], [ 9.431146127508928, 54.522283086869535, 0.0 ], [ 9.431136310553562, 54.522373316917609, 0.0 ], [ 9.431125983448711, 54.522463521822274, 0.0 ], [ 9.431115130742002, 54.522553701638607, 0.0 ], [ 9.431103767783792, 54.522643847324474, 0.0 ], [ 9.431091894571372, 54.522733958879769, 0.0 ], [ 9.431079495841301, 54.522824054333093, 0.0 ], [ 9.431066586755312, 54.522914106668715, 0.0 ], [ 9.431055809877421, 54.52298659050939, 0.0 ], [ 9.431053152144903, 54.523004142902046, 0.0 ], [ 9.431039207266657, 54.523094145004201, 0.0 ], [ 9.431024752117011, 54.523184112974981, 0.0 ], [ 9.431018217398107, 54.52322374264174, 0.0 ], [ 9.431009771337809, 54.523274055856135, 0.0 ], [ 9.430994280375518, 54.523363973592353, 0.0 ], [ 9.43097827913182, 54.523453857196699, 0.0 ], [ 9.430961752248795, 54.523543715710829, 0.0 ], [ 9.430944715077409, 54.523633540092625, 0.0 ], [ 9.43092715225991, 54.523723339383842, 0.0 ], [ 9.430909079147565, 54.523813104542285, 0.0 ], [ 9.430890495831683, 54.523902844554591, 0.0 ], [ 9.430871402309167, 54.523992559420535, 0.0 ], [ 9.430851783032139, 54.524082240208102, 0.0 ], [ 9.430831653541775, 54.524171895848809, 0.0 ], [ 9.430810998290081, 54.524261517410693, 0.0 ], [ 9.430789832818187, 54.524351113825226, 0.0 ], [ 9.430768141578326, 54.524440676160367, 0.0 ], [ 9.430745940111638, 54.524530213347624, 0.0 ], [ 9.430723228414919, 54.524619725386692, 0.0 ], [ 9.430699990940106, 54.52470920334558, 0.0 ], [ 9.430676243133897, 54.5247986471689, 0.0 ], [ 9.430651969731844, 54.524888074885069, 0.0 ], [ 9.430627170447114, 54.524977459533297, 0.0 ], [ 9.430601861010395, 54.525066828018701, 0.0 ], [ 9.430576041228568, 54.525156162367317, 0.0 ], [ 9.43054969564866, 54.525245462633883, 0.0 ], [ 9.430522824361663, 54.525334737804883, 0.0 ], [ 9.430495022912062, 54.525423728693788, 0.0 ], [ 9.430495022912062, 54.525423728693788, 0.0 ] ], [ [ 9.430603028966015, 54.520917808622144, 0.0 ], [ 9.431225094465356, 54.521025143412601, 0.0 ] ], [ [ 9.429935566633574, 54.525393321978306, 0.0 ], [ 9.430495022912062, 54.525423728693788, 0.0 ] ], [ [ 9.429935566633574, 54.525393321978306, 0.0 ], [ 9.429884585173934, 54.525571718412927, 0.0 ], [ 9.429860401443641, 54.525661064751638, 0.0 ], [ 9.429836758751559, 54.525750445107931, 0.0 ], [ 9.429813641556404, 54.525839850550248, 0.0 ], [ 9.429791065406384, 54.525929290010751, 0.0 ], [ 9.429769030210723, 54.526018754502928, 0.0 ], [ 9.429747536067252, 54.526108253013859, 0.0 ], [ 9.429726567528956, 54.526197785598768, 0.0 ], [ 9.429706139860926, 54.526287334229387, 0.0 ], [ 9.429686237899324, 54.526376925921362, 0.0 ], [ 9.429666876909492, 54.526466542646332, 0.0 ], [ 9.429648041538369, 54.526556193446339, 0.0 ], [ 9.429629747145929, 54.526645869279861, 0.0 ], [ 9.42961199373581, 54.526735570147146, 0.0 ], [ 9.429594766049192, 54.526825314076923, 0.0 ], [ 9.429578079257526, 54.526915074054138, 0.0 ], [ 9.429561918101813, 54.527004868107504, 0.0 ], [ 9.429546282585818, 54.527094696237221, 0.0 ], [ 9.429531450227945, 54.527183029643176, 0.0 ], [ 9.429531450227945, 54.527183029643176, 0.0 ], [ 9.42953118806952, 54.527184549401788, 0.0 ], [ 9.429516634650561, 54.527274436588158, 0.0 ], [ 9.429502606787358, 54.527364348864673, 0.0 ], [ 9.429489120028668, 54.527454295163373, 0.0 ], [ 9.429476158927002, 54.527544275539341, 0.0 ], [ 9.429463723391365, 54.527634281005945, 0.0 ], [ 9.429451844327675, 54.527724311453532, 0.0 ], [ 9.429440475479943, 54.527814376033774, 0.0 ], [ 9.429429647659983, 54.527904465650181, 0.0 ], [ 9.429419360965834, 54.527994589289712, 0.0 ], [ 9.429409599949242, 54.528084747007405, 0.0 ], [ 9.429400379971018, 54.528174929761647, 0.0 ], [ 9.429391685583312, 54.528265137607484, 0.0 ], [ 9.42938353233545, 54.528355379476892, 0.0 ], [ 9.429375920230536, 54.528445655369993, 0.0 ], [ 9.429368833726775, 54.528535956354986, 0.0 ], [ 9.429362288373545, 54.528626291363835, 0.0 ], [ 9.429356268627958, 54.528716651464741, 0.0 ], [ 9.429350790039859, 54.528807045589645, 0.0 ], [ 9.429345852518585, 54.528897464751878, 0.0 ], [ 9.429342445161518, 54.528987923411329, 0.0 ], [ 9.429342445161518, 54.528987923411329, 0.0 ] ], [ [ 9.430495022912062, 54.525423728693788, 0.0 ], [ 9.430486221894141, 54.52560477009937, 0.0 ], [ 9.430480761632911, 54.525695164261833, 0.0 ], [ 9.430474760393635, 54.525785542375665, 0.0 ], [ 9.430468217984183, 54.525875886467155, 0.0 ], [ 9.430461134400291, 54.525966196536253, 0.0 ], [ 9.430453525089547, 54.526056472527856, 0.0 ], [ 9.430445374786824, 54.52614673247048, 0.0 ], [ 9.430436698655605, 54.526236949348579, 0.0 ], [ 9.430427481430412, 54.526327141190727, 0.0 ], [ 9.430417723108262, 54.526417307996766, 0.0 ], [ 9.430407439041584, 54.52650744072475, 0.0 ], [ 9.430396613776145, 54.526597539429574, 0.0 ], [ 9.430385247402858, 54.526687613097906, 0.0 ], [ 9.43037335527433, 54.526777652687777, 0.0 ], [ 9.430360937481979, 54.526867667185883, 0.0 ], [ 9.430347963120576, 54.526957656702059, 0.0 ], [ 9.430334478349904, 54.527047603097472, 0.0 ], [ 9.430320452548649, 54.527137533442421, 0.0 ], [ 9.430306161118105, 54.52722572122498, 0.0 ], [ 9.430305885429171, 54.527227420776299, 0.0 ], [ 9.430305798399315, 54.527227960314676, 0.0 ], [ 9.430290792722962, 54.527317292004348, 0.0 ], [ 9.430275158691879, 54.527407120220964, 0.0 ], [ 9.430258999067066, 54.52749693233131, 0.0 ], [ 9.430242298110452, 54.527586701429833, 0.0 ], [ 9.430225056007151, 54.527676445489881, 0.0 ], [ 9.430207288205434, 54.527766164456253, 0.0 ], [ 9.430188994606814, 54.527855849341918, 0.0 ], [ 9.430170159851412, 54.527945509188456, 0.0 ], [ 9.430150799292724, 54.528035134953797, 0.0 ], [ 9.430130882024109, 54.528124726747706, 0.0 ], [ 9.430110454490768, 54.528214293391727, 0.0 ], [ 9.430089485692246, 54.528303826008788, 0.0 ], [ 9.430067975719668, 54.52839333358542, 0.0 ], [ 9.430045924569063, 54.528482816121375, 0.0 ], [ 9.43002334749989, 54.528572255587719, 0.0 ], [ 9.430000229340312, 54.528661678999605, 0.0 ], [ 9.429976585255254, 54.528751059341296, 0.0 ], [ 9.429952400072843, 54.528840423627919, 0.0 ], [ 9.429927673506501, 54.528929744898711, 0.0 ], [ 9.429901865972825, 54.529019141905863, 0.0 ], [ 9.429901865972825, 54.529019141905863, 0.0 ] ], [ [ 9.429342445161518, 54.528987923411329, 0.0 ], [ 9.429901865972825, 54.529019141905863, 0.0 ] ], [ [ 9.429342445161518, 54.528987923411329, 0.0 ], [ 9.429288805509534, 54.529165475143166, 0.0 ], [ 9.429262758522583, 54.529254288694531, 0.0 ], [ 9.429237237161807, 54.529343136320207, 0.0 ], [ 9.429212210526753, 54.529432018130272, 0.0 ], [ 9.429187709429916, 54.529520925028471, 0.0 ], [ 9.429163733874908, 54.529609857015089, 0.0 ], [ 9.429140253055468, 54.529698823186983, 0.0 ], [ 9.42911729778443, 54.529787814447936, 0.0 ], [ 9.429094852613218, 54.529876830853098, 0.0 ], [ 9.429072917639253, 54.529965881389494, 0.0 ], [ 9.429051508317784, 54.53005496600256, 0.0 ], [ 9.429030593559887, 54.530144066828704, 0.0 ], [ 9.429010204461019, 54.530233201732031, 0.0 ], [ 9.428990325572958, 54.530322370767713, 0.0 ], [ 9.428970956804365, 54.530411564949119, 0.0 ], [ 9.428952113610858, 54.530500784221665, 0.0 ], [ 9.428933765091202, 54.530590028695308, 0.0 ], [ 9.428915942247695, 54.530679307247354, 0.0 ], [ 9.428898614179191, 54.530768619987725, 0.0 ], [ 9.428881811698776, 54.530857957820125, 0.0 ], [ 9.428865519357959, 54.530947320799633, 0.0 ], [ 9.428849737159881, 54.531036708926436, 0.0 ], [ 9.428834465202169, 54.531126131187506, 0.0 ], [ 9.428827341282414, 54.531168836368707, 0.0 ], [ 9.42882697844875, 54.531171075452683, 0.0 ], [ 9.428819703393996, 54.531215578596253, 0.0 ], [ 9.428805451832471, 54.531305060139658, 0.0 ], [ 9.428791710427353, 54.531394566831075, 0.0 ], [ 9.428778494633791, 54.531484098615856, 0.0 ], [ 9.428765773644816, 54.53157366459061, 0.0 ], [ 9.428753578274518, 54.531663255659062, 0.0 ], [ 9.428741877715217, 54.531752880917765, 0.0 ], [ 9.428730702781204, 54.531842531270449, 0.0 ], [ 9.428720038023405, 54.531932206772048, 0.0 ], [ 9.428709883539037, 54.532021916409541, 0.0 ], [ 9.428700239237557, 54.532111651196168, 0.0 ], [ 9.428691105122128, 54.532201411132093, 0.0 ], [ 9.428682496743255, 54.53229120514942, 0.0 ], [ 9.428674398557185, 54.532381024316251, 0.0 ], [ 9.428666810661776, 54.532470877619467, 0.0 ], [ 9.428659732965633, 54.532560756072378, 0.0 ], [ 9.428653165472282, 54.532650659675049, 0.0 ], [ 9.428647123732569, 54.532740597359556, 0.0 ], [ 9.428641592202768, 54.532830560193993, 0.0 ], [ 9.428636570979812, 54.532920557165191, 0.0 ], [ 9.428632075426515, 54.533010579231622, 0.0 ], [ 9.428628090187487, 54.533100635434913, 0.0 ], [ 9.428624615077084, 54.533190707801566, 0.0 ], [ 9.428621665834966, 54.533280823237156, 0.0 ], [ 9.428619225032097, 54.533370793073814, 0.0 ], [ 9.428619225032097, 54.533370793073814, 0.0 ] ], [ [ 9.429901865972825, 54.529019141905863, 0.0 ], [ 9.429896962989973, 54.529199414367184, 0.0 ], [ 9.429893506504939, 54.529289495754746, 0.0 ], [ 9.42988952426661, 54.529379543062745, 0.0 ], [ 9.429885016365999, 54.529469565277886, 0.0 ], [ 9.429879998251543, 54.529559562345206, 0.0 ], [ 9.429874469825352, 54.529649525277797, 0.0 ], [ 9.429868431178543, 54.529739463062434, 0.0 ], [ 9.429861882213347, 54.529829366712221, 0.0 ], [ 9.429854807569026, 54.529919245268864, 0.0 ], [ 9.429847222693676, 54.530009098677326, 0.0 ], [ 9.42983911203784, 54.530098918005656, 0.0 ], [ 9.429830506596751, 54.530188712130645, 0.0 ], [ 9.429821375368077, 54.530278472175269, 0.0 ], [ 9.429811733989853, 54.530368216058157, 0.0 ], [ 9.429801582175289, 54.530457916818712, 0.0 ], [ 9.42979092020415, 54.530547601417226, 0.0 ], [ 9.429779747790123, 54.530637242893199, 0.0 ], [ 9.429768065212734, 54.530726868206877, 0.0 ], [ 9.429755856827878, 54.530816459439471, 0.0 ], [ 9.429743138178994, 54.530906025522697, 0.0 ], [ 9.429729924620162, 54.530995557414627, 0.0 ], [ 9.42971618533824, 54.531085064211823, 0.0 ], [ 9.429701935782077, 54.53117454585913, 0.0 ], [ 9.429694951926608, 54.531217259581751, 0.0 ], [ 9.429694589045697, 54.531219489681433, 0.0 ], [ 9.429687175853854, 54.531263993369642, 0.0 ], [ 9.429671905645039, 54.531353415729917, 0.0 ], [ 9.429656109699184, 54.531442812994726, 0.0 ], [ 9.429639818824247, 54.531532176067216, 0.0 ], [ 9.429623017563655, 54.5316215050021, 0.0 ], [ 9.429605690651156, 54.531710817827722, 0.0 ], [ 9.429587853346375, 54.531800096515326, 0.0 ], [ 9.429569521099419, 54.531889341009787, 0.0 ], [ 9.429550663095366, 54.531978560407531, 0.0 ], [ 9.429531294783997, 54.532067754653347, 0.0 ], [ 9.429511400709302, 54.532156923801971, 0.0 ], [ 9.429491011678671, 54.532246058756506, 0.0 ], [ 9.429470096783598, 54.532335159626555, 0.0 ], [ 9.429448687115158, 54.532424244275596, 0.0 ], [ 9.429426751481119, 54.532513285852787, 0.0 ], [ 9.429404290161203, 54.532602311318286, 0.0 ], [ 9.429381333869301, 54.532691302588354, 0.0 ], [ 9.429357851790545, 54.532780268759389, 0.0 ], [ 9.429333859280389, 54.5328692007893, 0.0 ], [ 9.429309340976221, 54.53295810771958, 0.0 ], [ 9.429284327687309, 54.533046980453278, 0.0 ], [ 9.429258788598105, 54.533135828086657, 0.0 ], [ 9.429232723705519, 54.533224650619445, 0.0 ], [ 9.429206148364567, 54.533313439009596, 0.0 ], [ 9.429178658898588, 54.533402014947832, 0.0 ], [ 9.429178658898588, 54.533402014947832, 0.0 ] ], [ [ 9.428619225032097, 54.533370793073814, 0.0 ], [ 9.429178658898588, 54.533402014947832, 0.0 ] ], [ [ 9.428619225032097, 54.533370793073814, 0.0 ], [ 9.428568201877354, 54.533548164305749, 0.0 ], [ 9.42854395816312, 54.53363692629938, 0.0 ], [ 9.428520255497864, 54.533725713329389, 0.0 ], [ 9.428497078431501, 54.533814525450957, 0.0 ], [ 9.428474427061825, 54.533903371651142, 0.0 ], [ 9.428452301391749, 54.533992251930236, 0.0 ], [ 9.428430716784485, 54.534081157246945, 0.0 ], [ 9.428409657884108, 54.534170096643138, 0.0 ], [ 9.42838912459931, 54.534259061132261, 0.0 ], [ 9.428369116934006, 54.534348050714598, 0.0 ], [ 9.428349634985631, 54.534437074377152, 0.0 ], [ 9.428330694211351, 54.534526132065459, 0.0 ], [ 9.428312263612765, 54.534615214902495, 0.0 ], [ 9.428294374100636, 54.534704322778921, 0.0 ], [ 9.428277010319425, 54.534793464736552, 0.0 ], [ 9.42826015681792, 54.534882640830375, 0.0 ], [ 9.428243844413581, 54.534971841964257, 0.0 ], [ 9.428228057655767, 54.535061068193201, 0.0 ], [ 9.428212796642306, 54.535150328504173, 0.0 ], [ 9.428205526742415, 54.535193977783656, 0.0 ], [ 9.428205526742415, 54.535193977783656, 0.0 ], [ 9.428198061281902, 54.535239613910584, 0.0 ], [ 9.428183867126695, 54.535328933344637, 0.0 ], [ 9.428170183271908, 54.535418286916048, 0.0 ], [ 9.428157024986595, 54.53550765659665, 0.0 ], [ 9.428144392556357, 54.535597069346927, 0.0 ], [ 9.428132301156831, 54.535686498151989, 0.0 ], [ 9.428120720165381, 54.535775970081815, 0.0 ], [ 9.428109680211394, 54.535865458066674, 0.0 ], [ 9.428099150672262, 54.535954989176609, 0.0 ], [ 9.428089162177526, 54.536044536341826, 0.0 ], [ 9.428079699464432, 54.536134117590841, 0.0 ], [ 9.4280707625367, 54.536223732923716, 0.0 ], [ 9.428062335849097, 54.536313373408547, 0.0 ], [ 9.428054465862697, 54.536403047867985, 0.0 ], [ 9.428047106122907, 54.536492747479564, 0.0 ], [ 9.428040272088257, 54.536582472188634, 0.0 ], [ 9.428033979404747, 54.536672239914097, 0.0 ], [ 9.428028196884394, 54.536762023805174, 0.0 ], [ 9.428022955628052, 54.536851841725998, 0.0 ], [ 9.428018255639216, 54.536941693676653, 0.0 ], [ 9.428014667898008, 54.537031496750792, 0.0 ], [ 9.428014667898008, 54.537031496750792, 0.0 ] ], [ [ 9.429178658898588, 54.533402014947832, 0.0 ], [ 9.429170316087129, 54.533581769218451, 0.0 ], [ 9.429165077708829, 54.53367158723092, 0.0 ], [ 9.429159313607979, 54.533761380147403, 0.0 ], [ 9.429153023686911, 54.533851138981099, 0.0 ], [ 9.42914619248862, 54.533940863786782, 0.0 ], [ 9.429138851011126, 54.534030563441412, 0.0 ], [ 9.429130968343495, 54.534120238054676, 0.0 ], [ 9.429122559841854, 54.534209878584782, 0.0 ], [ 9.429113610143286, 54.534299494073323, 0.0 ], [ 9.429104150057317, 54.534389075423611, 0.0 ], [ 9.429094148767595, 54.534478631732092, 0.0 ], [ 9.429083637083844, 54.534568153902107, 0.0 ], [ 9.429072584094571, 54.534657642043278, 0.0 ], [ 9.429061005439427, 54.534747114074143, 0.0 ], [ 9.429048900831694, 54.534836543034217, 0.0 ], [ 9.429036270551002, 54.534925955883715, 0.0 ], [ 9.42902309885692, 54.535015325716977, 0.0 ], [ 9.429009416936896, 54.53510467938446, 0.0 ], [ 9.428995209050617, 54.535193989980513, 0.0 ], [ 9.42898806379946, 54.535237656839925, 0.0 ], [ 9.42898806379946, 54.535237656839925, 0.0 ], [ 9.428980460023684, 54.535283284520183, 0.0 ], [ 9.428965200571994, 54.535372544919966, 0.0 ], [ 9.428949399784214, 54.535461771289413, 0.0 ], [ 9.428933088658995, 54.535550972505362, 0.0 ], [ 9.428916236190808, 54.535640139690585, 0.0 ], [ 9.428898873378607, 54.535729281721892, 0.0 ], [ 9.428880969310731, 54.535818398708834, 0.0 ], [ 9.428862539343807, 54.535907481609478, 0.0 ], [ 9.428843583473988, 54.535996530423652, 0.0 ], [ 9.428824101792491, 54.536085554137827, 0.0 ], [ 9.428804094296037, 54.536174552751838, 0.0 ], [ 9.428783560886622, 54.536263517278584, 0.0 ], [ 9.428762501561092, 54.536352447717839, 0.0 ], [ 9.428740900955761, 54.536441353110931, 0.0 ], [ 9.428718789976259, 54.536530233347939, 0.0 ], [ 9.428696137615868, 54.536619079551457, 0.0 ], [ 9.428672959419892, 54.536707900653141, 0.0 ], [ 9.428649255290885, 54.53679668766592, 0.0 ], [ 9.428625025225138, 54.536885440589465, 0.0 ], [ 9.428600253859374, 54.536974168465107, 0.0 ], [ 9.428574476134568, 54.537062738134885, 0.0 ], [ 9.428574476134568, 54.537062738134885, 0.0 ] ], [ [ 9.428014667898008, 54.537031496750792, 0.0 ], [ 9.428574476134568, 54.537062738134885, 0.0 ] ], [ [ 9.428014667898008, 54.537031496750792, 0.0 ], [ 9.427963143538323, 54.537210388206816, 0.0 ], [ 9.427938394185771, 54.537299897741171, 0.0 ], [ 9.427914185927223, 54.537389432314356, 0.0 ], [ 9.427890518860259, 54.537479000913464, 0.0 ], [ 9.427867377439384, 54.537568594606718, 0.0 ], [ 9.427844761762067, 54.537658222381218, 0.0 ], [ 9.427822687192545, 54.537747875195784, 0.0 ], [ 9.427801153828613, 54.53783756203741, 0.0 ], [ 9.427780161673779, 54.537927282906445, 0.0 ], [ 9.427759679632933, 54.538017019938984, 0.0 ], [ 9.427739754357088, 54.538106799931519, 0.0 ], [ 9.427720354751397, 54.538196605020161, 0.0 ], [ 9.427701480819632, 54.53828643520513, 0.0 ], [ 9.427683148114138, 54.538376299418779, 0.0 ], [ 9.427665341183285, 54.538466197716026, 0.0 ], [ 9.427648075391843, 54.538556121055635, 0.0 ], [ 9.42763133528784, 54.538646069492486, 0.0 ], [ 9.427615136424382, 54.538736051958928, 0.0 ], [ 9.427599463349258, 54.538826068509856, 0.0 ], [ 9.427584564042913, 54.538914707289891, 0.0 ], [ 9.427584331427392, 54.538916110103955, 0.0 ], [ 9.427584201075035, 54.538916946367522, 0.0 ], [ 9.42756972530109, 54.539006185782931, 0.0 ], [ 9.427555660335127, 54.539096286505476, 0.0 ], [ 9.427542121171625, 54.539186421313239, 0.0 ], [ 9.427529123175496, 54.539276581164948, 0.0 ], [ 9.427516650988967, 54.539366775102188, 0.0 ], [ 9.427504704520864, 54.539456994138341, 0.0 ], [ 9.427493299324826, 54.539547247205711, 0.0 ], [ 9.427482435310372, 54.539637525317609, 0.0 ], [ 9.427472097119358, 54.53972783751567, 0.0 ], [ 9.427462300116524, 54.539818174758537, 0.0 ], [ 9.427453028944241, 54.539908546087766, 0.0 ], [ 9.427444298967552, 54.53999894246207, 0.0 ], [ 9.427436094828243, 54.540089372922985, 0.0 ], [ 9.427428431985584, 54.540179837415948, 0.0 ], [ 9.427421310349171, 54.540270326954243, 0.0 ], [ 9.427414714466723, 54.54036084159268, 0.0 ], [ 9.427408659985502, 54.540451399250202, 0.0 ], [ 9.427403146627352, 54.540541972966523, 0.0 ], [ 9.427398159127655, 54.540632580769959, 0.0 ], [ 9.427393712946076, 54.540723222605898, 0.0 ], [ 9.427390534241718, 54.540813868945023, 0.0 ], [ 9.427390534241718, 54.540813868945023, 0.0 ] ], [ [ 9.428574476134568, 54.537062738134885, 0.0 ], [ 9.428566625693504, 54.537244072236923, 0.0 ], [ 9.428561641134625, 54.537334680132517, 0.0 ], [ 9.428556115352514, 54.537425262984485, 0.0 ], [ 9.428550063704398, 54.537515811751099, 0.0 ], [ 9.428543470732027, 54.537606326487136, 0.0 ], [ 9.428536351980547, 54.537696816124445, 0.0 ], [ 9.428528691991758, 54.537787280717815, 0.0 ], [ 9.428520490667822, 54.537877711280331, 0.0 ], [ 9.428511763460063, 54.537968107757081, 0.0 ], [ 9.428502510459571, 54.538058479134769, 0.0 ], [ 9.428492700658325, 54.538148816536072, 0.0 ], [ 9.42848238051222, 54.538239128783246, 0.0 ], [ 9.428471519107527, 54.5383294159858, 0.0 ], [ 9.428460116252342, 54.538419660170021, 0.0 ], [ 9.428448187680868, 54.538509888241286, 0.0 ], [ 9.42843571774605, 54.538600082280645, 0.0 ], [ 9.42842272189969, 54.538690242233244, 0.0 ], [ 9.42840918468295, 54.538780368153638, 0.0 ], [ 9.428395121735845, 54.538870477960494, 0.0 ], [ 9.428380532772774, 54.538960544693211, 0.0 ], [ 9.428380386980821, 54.538961381012371, 0.0 ], [ 9.428380386980821, 54.538961381012371, 0.0 ], [ 9.428365402522827, 54.539050586379993, 0.0 ], [ 9.428349746438091, 54.53914060296588, 0.0 ], [ 9.428333548965281, 54.539230585518645, 0.0 ], [ 9.428316810195314, 54.539320543024857, 0.0 ], [ 9.42829954548594, 54.539410466442746, 0.0 ], [ 9.428281754833669, 54.539500355772141, 0.0 ], [ 9.428263422873712, 54.539590220054308, 0.0 ], [ 9.428244565058145, 54.539680059234279, 0.0 ], [ 9.428225165833741, 54.539769864379757, 0.0 ], [ 9.42820522519675, 54.539859635490529, 0.0 ], [ 9.428184758693794, 54.539949381498346, 0.0 ], [ 9.42816376632139, 54.540039102402957, 0.0 ], [ 9.428142232525913, 54.540128789272053, 0.0 ], [ 9.428120157304194, 54.540218442105349, 0.0 ], [ 9.428097556202644, 54.540308069834595, 0.0 ], [ 9.428074413668012, 54.540397663527472, 0.0 ], [ 9.428050729790337, 54.540487232170477, 0.0 ], [ 9.428026504472395, 54.540576766776475, 0.0 ], [ 9.428001753166443, 54.540666267290462, 0.0 ], [ 9.427976460507507, 54.540755742753568, 0.0 ], [ 9.427950130954587, 54.540845105049087, 0.0 ], [ 9.427950130954587, 54.540845105049087, 0.0 ] ], [ [ 9.427390534241718, 54.540813868945023, 0.0 ], [ 9.427950130954587, 54.540845105049087, 0.0 ] ], [ [ 9.427390534241718, 54.540813868945023, 0.0 ], [ 9.42734036801688, 54.54099179358608, 0.0 ], [ 9.427316211457565, 54.541080689710576, 0.0 ], [ 9.427292565132861, 54.541169610986131, 0.0 ], [ 9.427269459958358, 54.541258557303685, 0.0 ], [ 9.427246865118883, 54.541347537759684, 0.0 ], [ 9.427224780523837, 54.541436543367595, 0.0 ], [ 9.42720323708925, 54.54152557401838, 0.0 ], [ 9.427182203905639, 54.541614629821638, 0.0 ], [ 9.427161681070574, 54.541703719764399, 0.0 ], [ 9.427141699406066, 54.541792834750851, 0.0 ], [ 9.427122212640146, 54.541881983931972, 0.0 ], [ 9.427103266957845, 54.541971149170472, 0.0 ], [ 9.427084816180615, 54.542060348604096, 0.0 ], [ 9.427066906681633, 54.542149582069207, 0.0 ], [ 9.42704950736327, 54.542238831701638, 0.0 ], [ 9.427032618416579, 54.542328115475257, 0.0 ], [ 9.427016255207731, 54.542417424348805, 0.0 ], [ 9.427000402377297, 54.542506767363925, 0.0 ], [ 9.426985075197468, 54.542596126492612, 0.0 ], [ 9.426976289590622, 54.54264881304681, 0.0 ], [ 9.426970273859668, 54.542685519708634, 0.0 ], [ 9.426959998384795, 54.542749472380898, 0.0 ], [ 9.426955967453457, 54.542774947121394, 0.0 ], [ 9.426942202164977, 54.54286439059365, 0.0 ], [ 9.426928947271636, 54.542953868208407, 0.0 ], [ 9.426916202683053, 54.543043370978985, 0.0 ], [ 9.426903983953059, 54.543132907837752, 0.0 ], [ 9.426892275534662, 54.543222469852672, 0.0 ], [ 9.426881077430792, 54.543312057023869, 0.0 ], [ 9.426870420558938, 54.543401669242307, 0.0 ], [ 9.426860258645455, 54.543491315658684, 0.0 ], [ 9.426850637971091, 54.54358098712256, 0.0 ], [ 9.426841512167686, 54.543670683797821, 0.0 ], [ 9.42683292761023, 54.543760405520807, 0.0 ], [ 9.42682483802456, 54.543850161442165, 0.0 ], [ 9.426817289691442, 54.54393994241147, 0.0 ], [ 9.426810251794288, 54.544029757524733, 0.0 ], [ 9.426803724241786, 54.544119597795252, 0.0 ], [ 9.426797722495365, 54.544209463168563, 0.0 ], [ 9.426792246558131, 54.54429935364471, 0.0 ], [ 9.426787281070178, 54.544389278265115, 0.0 ], [ 9.426782841398435, 54.544479227988468, 0.0 ], [ 9.426778927546021, 54.54456920281482, 0.0 ], [ 9.426775539516804, 54.544659202744263, 0.0 ], [ 9.426772661950457, 54.544749236818134, 0.0 ], [ 9.426770310307786, 54.544839304981906, 0.0 ], [ 9.426769010622978, 54.544929450313639, 0.0 ], [ 9.426769010622978, 54.544929450313639, 0.0 ] ], [ [ 9.427950130954587, 54.540845105049087, 0.0 ], [ 9.427943933387938, 54.541025192915754, 0.0 ], [ 9.427939806181429, 54.54111518656584, 0.0 ], [ 9.427935168524385, 54.541205146073423, 0.0 ], [ 9.427930005051605, 54.541295080479955, 0.0 ], [ 9.427924331121165, 54.541384980743892, 0.0 ], [ 9.427918131368081, 54.541474855906664, 0.0 ], [ 9.427911405694525, 54.541564696981389, 0.0 ], [ 9.427904154191303, 54.541654512954793, 0.0 ], [ 9.42789639221704, 54.541744294785296, 0.0 ], [ 9.427888119862818, 54.54183405145956, 0.0 ], [ 9.427879321668776, 54.541923783032225, 0.0 ], [ 9.427869997536812, 54.542013480516403, 0.0 ], [ 9.427860163014781, 54.542103152844035, 0.0 ], [ 9.427849802548593, 54.542192791082968, 0.0 ], [ 9.427838931685134, 54.542282404165078, 0.0 ], [ 9.42782753496461, 54.542371992145014, 0.0 ], [ 9.427815627746298, 54.542461545981105, 0.0 ], [ 9.427803194664122, 54.542551074714702, 0.0 ], [ 9.427790251077493, 54.54264056930419, 0.0 ], [ 9.427776781620096, 54.542730038790864, 0.0 ], [ 9.42776280165153, 54.542819474133069, 0.0 ], [ 9.427748442094444, 54.542908092988142, 0.0 ], [ 9.427748442094444, 54.542908092988142, 0.0 ], [ 9.427748311262363, 54.542908884317434, 0.0 ], [ 9.427733294992461, 54.542998269398488, 0.0 ], [ 9.427717752744298, 54.543087620389265, 0.0 ], [ 9.427701700065672, 54.543176946221635, 0.0 ], [ 9.427685136858816, 54.543266237908618, 0.0 ], [ 9.42766804775764, 54.543355504491501, 0.0 ], [ 9.427650448121902, 54.543444736928585, 0.0 ], [ 9.427632322585263, 54.543533944261164, 0.0 ], [ 9.427613671143794, 54.543623126488939, 0.0 ], [ 9.427594509157775, 54.543712274570247, 0.0 ], [ 9.427574836717932, 54.543801397491656, 0.0 ], [ 9.427554638269282, 54.543890486320791, 0.0 ], [ 9.427533929360086, 54.543979549989487, 0.0 ], [ 9.427512694529662, 54.544068588552214, 0.0 ], [ 9.427490933680431, 54.544157593021893, 0.0 ], [ 9.427468662360637, 54.54424657233033, 0.0 ], [ 9.427445865015621, 54.544335517545171, 0.0 ], [ 9.427422557193109, 54.544424437598266, 0.0 ], [ 9.427398723338449, 54.544513323557148, 0.0 ], [ 9.427374363542187, 54.54460218440834, 0.0 ], [ 9.427349493164815, 54.544691011110068, 0.0 ], [ 9.427324096839435, 54.544779812703489, 0.0 ], [ 9.427298174562264, 54.544868589188241, 0.0 ], [ 9.427271171263524, 54.544957477333043, 0.0 ], [ 9.427271171263524, 54.544957477333043, 0.0 ] ], [ [ 9.426769010622978, 54.544929450313639, 0.0 ], [ 9.427271171263524, 54.544957477333043, 0.0 ] ], [ [ 9.426769010622978, 54.544929450313639, 0.0 ], [ 9.426719032025289, 54.545105351799549, 0.0 ], [ 9.426695063390202, 54.545193357345319, 0.0 ], [ 9.426671620500066, 54.545281387990151, 0.0 ], [ 9.426648703452059, 54.545369452721125, 0.0 ], [ 9.426626296792012, 54.545457551593138, 0.0 ], [ 9.426604415886727, 54.54554567556508, 0.0 ], [ 9.42658304528182, 54.545633824691812, 0.0 ], [ 9.426562200438449, 54.545721998919028, 0.0 ], [ 9.426541881547806, 54.545810216220559, 0.0 ], [ 9.426522072873714, 54.545898449690867, 0.0 ], [ 9.426502774607206, 54.545986717303769, 0.0 ], [ 9.42648400211533, 54.546075010018164, 0.0 ], [ 9.426465755495871, 54.546163336821081, 0.0 ], [ 9.426448019199682, 54.546251688780487, 0.0 ], [ 9.426430808782468, 54.546340074828869, 0.0 ], [ 9.426414108695433, 54.546428486034181, 0.0 ], [ 9.426397934493764, 54.546516931328888, 0.0 ], [ 9.426382270628897, 54.54660540178093, 0.0 ], [ 9.426367132562438, 54.546693897335977, 0.0 ], [ 9.426359931400723, 54.546737105803345, 0.0 ], [ 9.426359568204674, 54.546739335887864, 0.0 ], [ 9.426352504933238, 54.546782427035552, 0.0 ], [ 9.426338403109096, 54.546870981838481, 0.0 ], [ 9.426324827093401, 54.546959561744977, 0.0 ], [ 9.426311746160255, 54.54704818483777, 0.0 ], [ 9.426299206407061, 54.547136823993164, 0.0 ], [ 9.426287161649189, 54.5472254973484, 0.0 ], [ 9.426275658171527, 54.547314195753309, 0.0 ], [ 9.426264665154484, 54.547402928303839, 0.0 ], [ 9.426254182507504, 54.547491686013345, 0.0 ], [ 9.426244225786348, 54.547580477814208, 0.0 ], [ 9.426234794900447, 54.547669294719803, 0.0 ], [ 9.426225874394721, 54.547758136784687, 0.0 ], [ 9.426217479825031, 54.54784701294134, 0.0 ], [ 9.426209595641915, 54.547935914257501, 0.0 ], [ 9.426202237401538, 54.548024849665559, 0.0 ], [ 9.426195405013754, 54.548113810178855, 0.0 ], [ 9.426189083116245, 54.548202804838731, 0.0 ], [ 9.426183287078048, 54.548291824603979, 0.0 ], [ 9.426178016902359, 54.548380869474627, 0.0 ], [ 9.42617325722745, 54.548469948492112, 0.0 ], [ 9.426169581448043, 54.548559194441239, 0.0 ], [ 9.426169581448043, 54.548559194441239, 0.0 ] ], [ [ 9.427271171263524, 54.544957477333043, 0.0 ], [ 9.427262678150544, 54.545135685857723, 0.0 ], [ 9.427257395332321, 54.545224739858526, 0.0 ], [ 9.427251602007658, 54.545313759713984, 0.0 ], [ 9.427245298173869, 54.545402745424049, 0.0 ], [ 9.427238468557155, 54.545491715016851, 0.0 ], [ 9.427231112872526, 54.54558064153197, 0.0 ], [ 9.427223231398418, 54.545669551929663, 0.0 ], [ 9.427214839401657, 54.545758428181628, 0.0 ], [ 9.427205936878298, 54.545847270287737, 0.0 ], [ 9.427196508461403, 54.545936087289348, 0.0 ], [ 9.427186554147797, 54.546024879186305, 0.0 ], [ 9.427176089297822, 54.546113636937129, 0.0 ], [ 9.427165098544272, 54.54620236958305, 0.0 ], [ 9.427153597247514, 54.546291068082546, 0.0 ], [ 9.427141570040387, 54.546379741476891, 0.0 ], [ 9.427129032283851, 54.546468380724498, 0.0 ], [ 9.427115968609989, 54.546556994866705, 0.0 ], [ 9.427102394473703, 54.546645583848594, 0.0 ], [ 9.427088294319788, 54.546734138737939, 0.0 ], [ 9.427081217674525, 54.546777355796358, 0.0 ], [ 9.42708085451725, 54.546779585882952, 0.0 ], [ 9.427073683696685, 54.546822668466717, 0.0 ], [ 9.427058547143339, 54.546911173089335, 0.0 ], [ 9.427042884561576, 54.546999643618811, 0.0 ], [ 9.427026726865655, 54.547088079945745, 0.0 ], [ 9.427010027770569, 54.547176491220611, 0.0 ], [ 9.426992833648557, 54.547264877279289, 0.0 ], [ 9.42697509802654, 54.547353229298629, 0.0 ], [ 9.426956851912498, 54.547441556155995, 0.0 ], [ 9.426938095208977, 54.547529848864365, 0.0 ], [ 9.426918812548102, 54.547618116464896, 0.0 ], [ 9.426899003926502, 54.547706358957356, 0.0 ], [ 9.426878684705546, 54.547794567300102, 0.0 ], [ 9.426857854976086, 54.547882750479644, 0.0 ], [ 9.426836483723141, 54.547970899618171, 0.0 ], [ 9.426814601954748, 54.548059023592998, 0.0 ], [ 9.426792209573836, 54.548147113417045, 0.0 ], [ 9.426769275753379, 54.548235178186019, 0.0 ], [ 9.426745831407798, 54.548323217790404, 0.0 ], [ 9.426721876439698, 54.548411223243185, 0.0 ], [ 9.426697379928001, 54.548499194653218, 0.0 ], [ 9.426671786281824, 54.548587223852572, 0.0 ], [ 9.426671786281824, 54.548587223852572, 0.0 ] ], [ [ 9.426169581448043, 54.548559194441239, 0.0 ], [ 9.426671786281824, 54.548587223852572, 0.0 ] ], [ [ 9.426169581448043, 54.548559194441239, 0.0 ], [ 9.426115153451164, 54.548737528780251, 0.0 ], [ 9.426088937235386, 54.548826773304725, 0.0 ], [ 9.426063231340709, 54.548916042984366, 0.0 ], [ 9.426038066782066, 54.549005346697307, 0.0 ], [ 9.426013412645228, 54.549094684552777, 0.0 ], [ 9.425989268838988, 54.549184047564403, 0.0 ], [ 9.425965666285821, 54.549273435623469, 0.0 ], [ 9.425942574164139, 54.549362857826026, 0.0 ], [ 9.4259200079366, 54.549452314117879, 0.0 ], [ 9.425897952053358, 54.549541795567023, 0.0 ], [ 9.425876421977275, 54.549631302119259, 0.0 ], [ 9.425855417805257, 54.549720842761623, 0.0 ], [ 9.425834923987894, 54.549810408562081, 0.0 ], [ 9.425814956081405, 54.549900008453186, 0.0 ], [ 9.425795498536386, 54.549989633502896, 0.0 ], [ 9.425776566908716, 54.550079292643758, 0.0 ], [ 9.425758145649107, 54.550168976943688, 0.0 ], [ 9.425740250314139, 54.550258695335245, 0.0 ], [ 9.425722865353485, 54.550348438886317, 0.0 ], [ 9.425706006324312, 54.550438216529436, 0.0 ], [ 9.425689657676465, 54.550528019332511, 0.0 ], [ 9.425673834872976, 54.550617847241291, 0.0 ], [ 9.425658538011248, 54.550707709242722, 0.0 ], [ 9.425657635228138, 54.550713059748865, 0.0 ], [ 9.425652805357418, 54.550742132064734, 0.0 ], [ 9.425643736080884, 54.550797596459155, 0.0 ], [ 9.425629475558582, 54.550887517714145, 0.0 ], [ 9.42561571006828, 54.55097747317128, 0.0 ], [ 9.425602470345831, 54.551067444748242, 0.0 ], [ 9.425589756675695, 54.551157459405523, 0.0 ], [ 9.42557755331986, 54.551247490237415, 0.0 ], [ 9.425565875929843, 54.551337555163165, 0.0 ], [ 9.425554709048056, 54.551427654237344, 0.0 ], [ 9.425544068045026, 54.551517778418891, 0.0 ], [ 9.425533937463861, 54.551607927762376, 0.0 ], [ 9.425524332861732, 54.551698111200267, 0.0 ], [ 9.425515238781848, 54.551788328787076, 0.0 ], [ 9.42550667059426, 54.55187857148173, 0.0 ], [ 9.425498612842057, 54.551968839338763, 0.0 ], [ 9.425491096543022, 54.552059141236185, 0.0 ], [ 9.425484075225855, 54.552149468350613, 0.0 ], [ 9.425477579908259, 54.552239829560008, 0.0 ], [ 9.425471610500351, 54.552330215877717, 0.0 ], [ 9.42546616709885, 54.55242063629057, 0.0 ], [ 9.425461234153353, 54.552511081866264, 0.0 ], [ 9.425456827221328, 54.552601561537223, 0.0 ], [ 9.425452946212673, 54.552692066316709, 0.0 ], [ 9.425449591224456, 54.55278260519156, 0.0 ], [ 9.425450006527191, 54.552866992604244, 0.0 ], [ 9.425450006527191, 54.552866992604244, 0.0 ] ], [ [ 9.426671786281824, 54.548587223852572, 0.0 ], [ 9.426667066419862, 54.548765850283388, 0.0 ], [ 9.426663716806962, 54.54885514002909, 0.0 ], [ 9.426659872110779, 54.548944395572619, 0.0 ], [ 9.426655516962301, 54.549033625955268, 0.0 ], [ 9.426650651264879, 54.54912282219022, 0.0 ], [ 9.426645275202794, 54.549212002250968, 0.0 ], [ 9.426639404043891, 54.549301148109322, 0.0 ], [ 9.426633022326008, 54.549390259819809, 0.0 ], [ 9.426626130233593, 54.549479355355899, 0.0 ], [ 9.426618727575319, 54.549568416743959, 0.0 ], [ 9.426610829807476, 54.549657443929341, 0.0 ], [ 9.426602421655026, 54.549746454940021, 0.0 ], [ 9.426593518386507, 54.549835431747873, 0.0 ], [ 9.426584104632926, 54.549924383394071, 0.0 ], [ 9.426574180297321, 54.550013300891749, 0.0 ], [ 9.426563761023228, 54.550102202159756, 0.0 ], [ 9.426552831160727, 54.550191069279009, 0.0 ], [ 9.426541390705879, 54.550279902249379, 0.0 ], [ 9.426529455303241, 54.550368718989702, 0.0 ], [ 9.426517024761688, 54.550457501526296, 0.0 ], [ 9.42650408371223, 54.550546258900333, 0.0 ], [ 9.426490632057638, 54.55063498212489, 0.0 ], [ 9.426476685348389, 54.550723680132045, 0.0 ], [ 9.426468886381402, 54.550771878528124, 0.0 ], [ 9.426464118920332, 54.550800950656885, 0.0 ], [ 9.426462228121226, 54.550812352976159, 0.0 ], [ 9.426447275833116, 54.550901000602508, 0.0 ], [ 9.426431812926486, 54.550989614078695, 0.0 ], [ 9.426415854952575, 54.551078202336782, 0.0 ], [ 9.42639938644743, 54.551166765431091, 0.0 ], [ 9.426382422868441, 54.551255303306924, 0.0 ], [ 9.426364948658271, 54.551343807031756, 0.0 ], [ 9.426346963907424, 54.551432285592227, 0.0 ], [ 9.42632848407305, 54.551520738933561, 0.0 ], [ 9.4263094935975, 54.551609158123291, 0.0 ], [ 9.426290008031659, 54.551697552093422, 0.0 ], [ 9.426270011912329, 54.551785920898276, 0.0 ], [ 9.426249520602589, 54.551874255496273, 0.0 ], [ 9.426228518732943, 54.551962564928495, 0.0 ], [ 9.426207006299832, 54.55205084919465, 0.0 ], [ 9.426184998760425, 54.552139108239992, 0.0 ], [ 9.426162465096983, 54.552227333186487, 0.0 ], [ 9.426139451781122, 54.552315532857087, 0.0 ], [ 9.426115912428674, 54.552403707415088, 0.0 ], [ 9.42609187786341, 54.552491847764358, 0.0 ], [ 9.426067332715354, 54.552579962945892, 0.0 ], [ 9.426042292441599, 54.552668052904892, 0.0 ], [ 9.426016726118107, 54.552756117750071, 0.0 ], [ 9.425990664568937, 54.55284414838534, 0.0 ], [ 9.425961157350091, 54.552938329346269, 0.0 ], [ 9.425961157350091, 54.552938329346269, 0.0 ] ], [ [ 9.425450006527191, 54.552866992604244, 0.0 ], [ 9.425961157350091, 54.552938329346269, 0.0 ] ], [ [ 9.425450006527191, 54.552866992604244, 0.0 ], [ 9.425311248439323, 54.553020540246493, 0.0 ], [ 9.425241185816258, 54.553101490918735, 0.0 ], [ 9.425171649987066, 54.553182574502294, 0.0 ], [ 9.42510264086064, 54.553263782011328, 0.0 ], [ 9.425034127704865, 54.55334513152895, 0.0 ], [ 9.424966156717652, 54.553426604919395, 0.0 ], [ 9.424898681706031, 54.553508220320175, 0.0 ], [ 9.424831733406664, 54.553589959649877, 0.0 ], [ 9.424765311916124, 54.553671831896139, 0.0 ], [ 9.424699401775884, 54.553753837114137, 0.0 ], [ 9.424634002987926, 54.553835975304708, 0.0 ], [ 9.424569131016275, 54.553918246414348, 0.0 ], [ 9.42450477040223, 54.554000650498189, 0.0 ], [ 9.424440936609264, 54.554083187502776, 0.0 ], [ 9.424377614085797, 54.554165848496432, 0.0 ], [ 9.424343889160685, 54.554210210383673, 0.0 ], [ 9.424320537714985, 54.554241055198233, 0.0 ], [ 9.424314803020582, 54.554248651453484, 0.0 ], [ 9.424252518690698, 54.554331578346897, 0.0 ], [ 9.424190745824518, 54.554414647205292, 0.0 ], [ 9.424129484237868, 54.554497840055923, 0.0 ], [ 9.424068749487455, 54.55458116583204, 0.0 ], [ 9.424008526115035, 54.55466462458871, 0.0 ], [ 9.423948814123047, 54.554748216326622, 0.0 ], [ 9.423889628975573, 54.554831940992358, 0.0 ], [ 9.423830970674935, 54.554915798586663, 0.0 ], [ 9.423772823669289, 54.554999780177745, 0.0 ], [ 9.423715188148096, 54.555083903739842, 0.0 ], [ 9.423658063926654, 54.555168151300144, 0.0 ], [ 9.423601482118094, 54.55525254072456, 0.0 ], [ 9.423545396153139, 54.555337054202795, 0.0 ], [ 9.423489837144686, 54.555421709600751, 0.0 ], [ 9.423434804908682, 54.55550648894561, 0.0 ], [ 9.423380284079585, 54.555591401278967, 0.0 ], [ 9.423326908312344, 54.555676417421054, 0.0 ], [ 9.423326908312344, 54.555676417421054, 0.0 ] ], [ [ 9.425961157350091, 54.552938329346269, 0.0 ], [ 9.4258503930151, 54.553113312043635, 0.0 ], [ 9.42579592553912, 54.553196625621538, 0.0 ], [ 9.425740961690005, 54.553279806115249, 0.0 ], [ 9.425685501558725, 54.553362862510888, 0.0 ], [ 9.425629529587953, 54.553445785875446, 0.0 ], [ 9.425573061329986, 54.553528585140548, 0.0 ], [ 9.425516096688828, 54.553611251318792, 0.0 ], [ 9.425458620293997, 54.553693793450606, 0.0 ], [ 9.425400662971972, 54.553776202439735, 0.0 ], [ 9.425342193891725, 54.553858487381014, 0.0 ], [ 9.42528322841809, 54.553940639232614, 0.0 ], [ 9.425223766642237, 54.554022666980529, 0.0 ], [ 9.425163793007057, 54.554104561691702, 0.0 ], [ 9.42510333852594, 54.554186332243376, 0.0 ], [ 9.425042372274106, 54.554267978743539, 0.0 ], [ 9.424980909616712, 54.554349492150372, 0.0 ], [ 9.424976867753836, 54.554354826723454, 0.0 ], [ 9.424953454765715, 54.554385662889374, 0.0 ], [ 9.424918950551668, 54.554430872463058, 0.0 ], [ 9.424856495263006, 54.554512137654406, 0.0 ], [ 9.424793528007154, 54.554593260817725, 0.0 ], [ 9.424730079890743, 54.554674259817077, 0.0 ], [ 9.424666119989258, 54.554755134760306, 0.0 ], [ 9.424601663668001, 54.554835876605608, 0.0 ], [ 9.424536711018044, 54.554916494338933, 0.0 ], [ 9.424471246482192, 54.554996979027045, 0.0 ], [ 9.424405301074405, 54.555077339547253, 0.0 ], [ 9.424338843776269, 54.555157567020615, 0.0 ], [ 9.424271890139782, 54.555237670378794, 0.0 ], [ 9.42420444006954, 54.555317640634208, 0.0 ], [ 9.424136478195134, 54.555397486827061, 0.0 ], [ 9.424068019975829, 54.555477208902239, 0.0 ], [ 9.423999065222553, 54.555556788885362, 0.0 ], [ 9.423929614213067, 54.555636253735933, 0.0 ], [ 9.42385965120347, 54.555715576546987, 0.0 ], [ 9.423788634282648, 54.555794687320883, 0.0 ], [ 9.423788634282648, 54.555794687320883, 0.0 ] ], [ [ 9.423326908312344, 54.555676417421054, 0.0 ], [ 9.423788634282648, 54.555794687320883, 0.0 ] ], [ [ 9.423326908312344, 54.555676417421054, 0.0 ], [ 9.423180095219026, 54.555834717939959, 0.0 ], [ 9.423107610694156, 54.5559141030609, 0.0 ], [ 9.423035606509369, 54.555993612275088, 0.0 ], [ 9.422964098222321, 54.556073254516065, 0.0 ], [ 9.42289305472505, 54.556153011919385, 0.0 ], [ 9.422822491481623, 54.556232884431687, 0.0 ], [ 9.422752408680562, 54.556312890027435, 0.0 ], [ 9.422682806230501, 54.556393019720645, 0.0 ], [ 9.422613684041188, 54.556473264525359, 0.0 ], [ 9.422545042207256, 54.556553633429175, 0.0 ], [ 9.422476865269637, 54.556634126486955, 0.0 ], [ 9.422409184153782, 54.556714743591371, 0.0 ], [ 9.422341967938525, 54.5567954848513, 0.0 ], [ 9.422275231994659, 54.55687634122679, 0.0 ], [ 9.422208976510655, 54.556957330692079, 0.0 ], [ 9.422143201302985, 54.557038435274471, 0.0 ], [ 9.422077891004143, 54.557119664015453, 0.0 ], [ 9.422013076448708, 54.557201007821078, 0.0 ], [ 9.421948726899341, 54.55728248477358, 0.0 ], [ 9.421884857635515, 54.557364076846234, 0.0 ], [ 9.421821453289976, 54.557445793080468, 0.0 ], [ 9.421758544789451, 54.557527633369141, 0.0 ], [ 9.421696879031755, 54.557608552604655, 0.0 ], [ 9.421696879031755, 54.557608552604655, 0.0 ], [ 9.421696101118608, 54.55760958883414, 0.0 ], [ 9.421634137928246, 54.557691677395702, 0.0 ], [ 9.421572655034712, 54.557773881081104, 0.0 ], [ 9.421511637070742, 54.557856208931746, 0.0 ], [ 9.421451099501301, 54.557938660894386, 0.0 ], [ 9.421391057698596, 54.558021227929089, 0.0 ], [ 9.42133146546241, 54.558103928171739, 0.0 ], [ 9.421272368997453, 54.558186743487902, 0.0 ], [ 9.421213752936669, 54.558269682918841, 0.0 ], [ 9.42115560172682, 54.55835273753241, 0.0 ], [ 9.421097931018267, 54.558435925248943, 0.0 ], [ 9.421040740628177, 54.558519228095527, 0.0 ], [ 9.420984030744313, 54.558602664046397, 0.0 ], [ 9.420927801183502, 54.558686215128738, 0.0 ], [ 9.42087205194863, 54.55876988134311, 0.0 ], [ 9.420816767764416, 54.558853680717625, 0.0 ], [ 9.420761979466603, 54.558937604158437, 0.0 ], [ 9.420707656038623, 54.559021642787123, 0.0 ], [ 9.420653828502246, 54.559105805483384, 0.0 ], [ 9.420600466025837, 54.559190101342324, 0.0 ], [ 9.420547599353235, 54.559274512283359, 0.0 ], [ 9.42049519765334, 54.5593590474015, 0.0 ], [ 9.420443291854877, 54.559443706589754, 0.0 ], [ 9.420391850941421, 54.559528480969576, 0.0 ], [ 9.420341447148063, 54.559613377538724, 0.0 ], [ 9.420341447148063, 54.559613377538724, 0.0 ] ], [ [ 9.423788634282648, 54.555794687320883, 0.0 ], [ 9.423686674638347, 54.555964487449764, 0.0 ], [ 9.423634779637679, 54.556049139048504, 0.0 ], [ 9.423582388429528, 54.556133675530049, 0.0 ], [ 9.423529531841933, 54.556218087798683, 0.0 ], [ 9.423476179041669, 54.556302384948864, 0.0 ], [ 9.423422345301628, 54.556386548952318, 0.0 ], [ 9.42336804617487, 54.556470588740964, 0.0 ], [ 9.423313266290076, 54.556554513355131, 0.0 ], [ 9.423257990088908, 54.556638313861527, 0.0 ], [ 9.423202248493796, 54.556721990151253, 0.0 ], [ 9.423146026039943, 54.556805542277736, 0.0 ], [ 9.423089322724904, 54.556888970240372, 0.0 ], [ 9.423032154101527, 54.556972282971138, 0.0 ], [ 9.422974489056783, 54.557055462604076, 0.0 ], [ 9.422916358699005, 54.557138527003779, 0.0 ], [ 9.42285774747039, 54.557221467236936, 0.0 ], [ 9.422798655461726, 54.557304292289622, 0.0 ], [ 9.42273908248394, 54.557386984187609, 0.0 ], [ 9.422679044183822, 54.557469560849654, 0.0 ], [ 9.422618509540971, 54.557552013396432, 0.0 ], [ 9.422557509477919, 54.557634341719108, 0.0 ], [ 9.422496028529558, 54.557716545871024, 0.0 ], [ 9.422434860147108, 54.557797598550017, 0.0 ], [ 9.422434082249353, 54.557798634784191, 0.0 ], [ 9.422433304165509, 54.557799653044817, 0.0 ], [ 9.422371639616795, 54.557880599579185, 0.0 ], [ 9.422308731554701, 54.557962440147229, 0.0 ], [ 9.422245342598334, 54.558044156541612, 0.0 ], [ 9.422181472745205, 54.558125748761562, 0.0 ], [ 9.422117137548677, 54.55820722573911, 0.0 ], [ 9.422052305988158, 54.558288578594748, 0.0 ], [ 9.42198700898688, 54.558369807219719, 0.0 ], [ 9.421921231079468, 54.558450911667251, 0.0 ], [ 9.421854972264171, 54.558531891936539, 0.0 ], [ 9.421788248094078, 54.558612756959654, 0.0 ], [ 9.42172102754863, 54.558693497856957, 0.0 ], [ 9.421653341550943, 54.558774114519728, 0.0 ], [ 9.421585174636521, 54.55885460700113, 0.0 ], [ 9.421516526802439, 54.558934975300396, 0.0 ], [ 9.421447398046999, 54.559015219416672, 0.0 ], [ 9.421377788460527, 54.55909534833593, 0.0 ], [ 9.42130769794802, 54.5591753530706, 0.0 ], [ 9.421237126507462, 54.559255233619808, 0.0 ], [ 9.421166074136488, 54.559334989982766, 0.0 ], [ 9.421094540832986, 54.559414622158585, 0.0 ], [ 9.421022526594957, 54.559494130146476, 0.0 ], [ 9.420950031419665, 54.559573513945587, 0.0 ], [ 9.420877055305656, 54.559652773555023, 0.0 ], [ 9.420803240186617, 54.559731676556133, 0.0 ], [ 9.420803240186617, 54.559731676556133, 0.0 ] ], [ [ 9.420341447148063, 54.559613377538724, 0.0 ], [ 9.420803240186617, 54.559731676556133, 0.0 ] ], [ [ 9.420341447148063, 54.559613377538724, 0.0 ], [ 9.420193795237971, 54.559772297312961, 0.0 ], [ 9.420120853777076, 54.559852095565418, 0.0 ], [ 9.420048423617658, 54.559932017814873, 0.0 ], [ 9.419976489390633, 54.560012073102676, 0.0 ], [ 9.419905035542952, 54.560092252496702, 0.0 ], [ 9.419834077632027, 54.560172564930802, 0.0 ], [ 9.419763630939132, 54.560252992378643, 0.0 ], [ 9.419693664816856, 54.560333561908763, 0.0 ], [ 9.419624178990103, 54.560414246561706, 0.0 ], [ 9.419555204665423, 54.560495073191234, 0.0 ], [ 9.419486710641008, 54.560576014945262, 0.0 ], [ 9.419418712566928, 54.560657089744439, 0.0 ], [ 9.419351210353609, 54.560738288602856, 0.0 ], [ 9.419284188632036, 54.56081962056173, 0.0 ], [ 9.419217678239319, 54.560901076527827, 0.0 ], [ 9.419151648250725, 54.560982656609191, 0.0 ], [ 9.419086098760575, 54.561064369793421, 0.0 ], [ 9.419021060606703, 54.56114620698726, 0.0 ], [ 9.41895650286358, 54.561228168298754, 0.0 ], [ 9.418892425625916, 54.561310262715423, 0.0 ], [ 9.418828859731452, 54.561392481144111, 0.0 ], [ 9.418806228205874, 54.561421947325115, 0.0 ], [ 9.418765774347509, 54.56147483267943, 0.0 ], [ 9.418731014981576, 54.561520535587093, 0.0 ], [ 9.418703184847638, 54.561557308281877, 0.0 ], [ 9.418641075770289, 54.561639908005816, 0.0 ], [ 9.418579462582411, 54.561722631798318, 0.0 ], [ 9.418518345377864, 54.561805488646968, 0.0 ], [ 9.418457724067686, 54.561888469565723, 0.0 ], [ 9.418397583281497, 54.561971583595579, 0.0 ], [ 9.418337938394552, 54.562054821697032, 0.0 ], [ 9.418278789408708, 54.562138183870744, 0.0 ], [ 9.418220120954633, 54.562221679157702, 0.0 ], [ 9.418161948406935, 54.562305298518368, 0.0 ], [ 9.418104271860194, 54.562389050940183, 0.0 ], [ 9.418047091224453, 54.562472927437106, 0.0 ], [ 9.417990406502716, 54.562556928009826, 0.0 ], [ 9.417934202325064, 54.562641061699253, 0.0 ], [ 9.417878494066315, 54.562725319465798, 0.0 ], [ 9.417823281728754, 54.562809701310179, 0.0 ], [ 9.417768565407343, 54.562894216219831, 0.0 ], [ 9.417714345104633, 54.562978864195387, 0.0 ], [ 9.417661258363612, 54.563063984543888, 0.0 ], [ 9.417661258363612, 54.563063984543888, 0.0 ] ], [ [ 9.420803240186617, 54.559731676556133, 0.0 ], [ 9.420698323780075, 54.559901816833403, 0.0 ], [ 9.420644903881561, 54.55998663415015, 0.0 ], [ 9.420590987636862, 54.560071327349533, 0.0 ], [ 9.420536575043091, 54.560155896430885, 0.0 ], [ 9.420481650634308, 54.560240341447305, 0.0 ], [ 9.42042624524225, 54.560324653303823, 0.0 ], [ 9.420370358957026, 54.560408840986554, 0.0 ], [ 9.420313960756518, 54.560492895615582, 0.0 ], [ 9.420257066286636, 54.560576835109998, 0.0 ], [ 9.420199690823614, 54.5606606414418, 0.0 ], [ 9.420141803530072, 54.560744323704583, 0.0 ], [ 9.420083435238206, 54.560827872803408, 0.0 ], [ 9.420024570667037, 54.560911306764808, 0.0 ], [ 9.419965225092778, 54.560994607560815, 0.0 ], [ 9.419905367677895, 54.561077784284976, 0.0 ], [ 9.419845029255043, 54.561160827842293, 0.0 ], [ 9.419784194542876, 54.561243756259351, 0.0 ], [ 9.419722863354057, 54.561326551561827, 0.0 ], [ 9.419661051242572, 54.561409222682101, 0.0 ], [ 9.419599535875783, 54.56149069745679, 0.0 ], [ 9.419599535875783, 54.56149069745679, 0.0 ], [ 9.419598727277737, 54.561491769726771, 0.0 ], [ 9.419535922293138, 54.561574183600953, 0.0 ], [ 9.419472621006788, 54.561656482331109, 0.0 ], [ 9.419408838695842, 54.561738647889285, 0.0 ], [ 9.41934455998606, 54.561820689315155, 0.0 ], [ 9.419279784782821, 54.56190259762112, 0.0 ], [ 9.419214513268431, 54.561984390779969, 0.0 ], [ 9.419148745255761, 54.562066050817386, 0.0 ], [ 9.419082496299152, 54.562147586665688, 0.0 ], [ 9.419015750931482, 54.562228998377719, 0.0 ], [ 9.418948509059053, 54.562310276965896, 0.0 ], [ 9.418880770863092, 54.562391440402934, 0.0 ], [ 9.418812551621889, 54.5624724706609, 0.0 ], [ 9.418743820403932, 54.562553367846128, 0.0 ], [ 9.418674608320352, 54.562634149824149, 0.0 ], [ 9.418604899719963, 54.5627147986742, 0.0 ], [ 9.41853469469271, 54.562795323382161, 0.0 ], [ 9.418463993236234, 54.562875723947215, 0.0 ], [ 9.418392795256286, 54.562955991381706, 0.0 ], [ 9.418321116307201, 54.563036134618045, 0.0 ], [ 9.418248925457229, 54.563116153762365, 0.0 ], [ 9.418175864533083, 54.563195807401584, 0.0 ], [ 9.418175864533083, 54.563195807401584, 0.0 ] ], [ [ 9.417661258363612, 54.563063984543888, 0.0 ], [ 9.418175864533083, 54.563195807401584, 0.0 ] ], [ [ 9.417661258363612, 54.563063984543888, 0.0 ], [ 9.417514738039143, 54.563222366771683, 0.0 ], [ 9.417442275948989, 54.563301757270146, 0.0 ], [ 9.417370278804388, 54.563381271937537, 0.0 ], [ 9.417298762072374, 54.563460910721304, 0.0 ], [ 9.417227725754769, 54.563540673622249, 0.0 ], [ 9.417157169853974, 54.563620560641247, 0.0 ], [ 9.417087078815273, 54.563700562845696, 0.0 ], [ 9.417017483662931, 54.563780689116491, 0.0 ], [ 9.416948353468824, 54.563860939561124, 0.0 ], [ 9.416879703700104, 54.563941314127085, 0.0 ], [ 9.416811534359221, 54.564021812815156, 0.0 ], [ 9.416743845356807, 54.564102426639394, 0.0 ], [ 9.416676621321299, 54.564183164640689, 0.0 ], [ 9.416609877720241, 54.564264026766452, 0.0 ], [ 9.416543614556053, 54.564345013017501, 0.0 ], [ 9.416477831830424, 54.564426123394632, 0.0 ], [ 9.416412513989593, 54.564507348965108, 0.0 ], [ 9.416347676591831, 54.564588698663165, 0.0 ], [ 9.416283304083137, 54.564670163556073, 0.0 ], [ 9.416219427578941, 54.564751761511602, 0.0 ], [ 9.416156015968488, 54.564833474663466, 0.0 ], [ 9.416093069345434, 54.564915311999158, 0.0 ], [ 9.416031396838681, 54.564996237220669, 0.0 ], [ 9.416031396838681, 54.564996237220669, 0.0 ], [ 9.416030618642251, 54.564997273412949, 0.0 ], [ 9.41596863283951, 54.565079350025265, 0.0 ], [ 9.4159071274963, 54.56516155077037, 0.0 ], [ 9.415846087149603, 54.565243875702159, 0.0 ], [ 9.415785527267014, 54.565326324768193, 0.0 ], [ 9.415725447759467, 54.565408888982361, 0.0 ], [ 9.415665833255566, 54.565491577385338, 0.0 ], [ 9.415606699222797, 54.565574389924649, 0.0 ], [ 9.415548045663432, 54.565657326600956, 0.0 ], [ 9.415489872488953, 54.56574037842821, 0.0 ], [ 9.415432164327012, 54.565823554446972, 0.0 ], [ 9.415374936646003, 54.565906854604783, 0.0 ], [ 9.415318189448353, 54.565990278902341, 0.0 ], [ 9.41526192273632, 54.566073827340276, 0.0 ], [ 9.415206120955318, 54.566157490985603, 0.0 ], [ 9.415150815130524, 54.566241278719502, 0.0 ], [ 9.415095974333006, 54.56632519064889, 0.0 ], [ 9.415041598565139, 54.566409226774304, 0.0 ], [ 9.414987718669643, 54.566493378003528, 0.0 ], [ 9.414934319365843, 54.566577662363727, 0.0 ], [ 9.414881385007858, 54.566662061935119, 0.0 ], [ 9.414828946621116, 54.566746585598949, 0.0 ], [ 9.414776973276295, 54.566831233461961, 0.0 ], [ 9.414725495907923, 54.566916005418591, 0.0 ], [ 9.414674622324393, 54.567000856164356, 0.0 ], [ 9.414674622324393, 54.567000856164356, 0.0 ] ], [ [ 9.418175864533083, 54.563195807401584, 0.0 ], [ 9.418073816660943, 54.563365584852399, 0.0 ], [ 9.418021854309028, 54.563450234137107, 0.0 ], [ 9.41796942651237, 54.56353475918813, 0.0 ], [ 9.417916517803922, 54.563619160058359, 0.0 ], [ 9.41786311271629, 54.563703436800594, 0.0 ], [ 9.41780924226855, 54.563787598294113, 0.0 ], [ 9.417754890901449, 54.563871635604926, 0.0 ], [ 9.417700074077494, 54.563955548678969, 0.0 ], [ 9.417644760864395, 54.564039337622489, 0.0 ], [ 9.417588982189397, 54.56412300232796, 0.0 ], [ 9.417532707211985, 54.564206551888347, 0.0 ], [ 9.417475966768047, 54.564289977209405, 0.0 ], [ 9.417418760855069, 54.564373278290446, 0.0 ], [ 9.417361058540834, 54.564456455237668, 0.0 ], [ 9.417302890844324, 54.564539516930303, 0.0 ], [ 9.417244242114709, 54.564622445447583, 0.0 ], [ 9.417185127998625, 54.564705258708933, 0.0 ], [ 9.41712551747111, 54.564787947833686, 0.0 ], [ 9.417065441552303, 54.564870521701131, 0.0 ], [ 9.417004900148116, 54.564952971323812, 0.0 ], [ 9.416943862325256, 54.565035296807793, 0.0 ], [ 9.416882359012236, 54.565117498045588, 0.0 ], [ 9.416821168387118, 54.565198538839269, 0.0 ], [ 9.416821168387118, 54.565198538839269, 0.0 ], [ 9.416820374741459, 54.565199575089899, 0.0 ], [ 9.416757925067671, 54.565281536873357, 0.0 ], [ 9.416694994431488, 54.565363374461853, 0.0 ], [ 9.416631582830471, 54.565445087854627, 0.0 ], [ 9.416567690354263, 54.565526686037693, 0.0 ], [ 9.416503332373839, 54.56560815997026, 0.0 ], [ 9.416438493421811, 54.56568950970486, 0.0 ], [ 9.416373173496057, 54.565770735240733, 0.0 ], [ 9.416307388059314, 54.565851836523855, 0.0 ], [ 9.416241121736132, 54.565932822593474, 0.0 ], [ 9.416174374431982, 54.566013684462071, 0.0 ], [ 9.416107146144725, 54.566094422128856, 0.0 ], [ 9.416039452429732, 54.566175044526545, 0.0 ], [ 9.415971277635865, 54.566255533734079, 0.0 ], [ 9.415902621943651, 54.566335907724195, 0.0 ], [ 9.415833485259601, 54.566416157509273, 0.0 ], [ 9.415763867581385, 54.566496283088547, 0.0 ], [ 9.415693784464555, 54.566576293394753, 0.0 ], [ 9.415623204791482, 54.566656170559902, 0.0 ], [ 9.415552159675443, 54.566735932450349, 0.0 ], [ 9.415480633556276, 54.566815570131666, 0.0 ], [ 9.415408626432221, 54.566895083603043, 0.0 ], [ 9.415336138301226, 54.566974472863571, 0.0 ], [ 9.415263169160511, 54.567053737912445, 0.0 ], [ 9.415189330619116, 54.567132709328256, 0.0 ], [ 9.415189330619116, 54.567132709328256, 0.0 ] ], [ [ 9.414674622324393, 54.567000856164356, 0.0 ], [ 9.415189330619116, 54.567132709328256, 0.0 ] ], [ [ 9.414674622324393, 54.567000856164356, 0.0 ], [ 9.414529543050074, 54.567160496865334, 0.0 ], [ 9.414458158227676, 54.567240609762564, 0.0 ], [ 9.414387253854578, 54.56732084678827, 0.0 ], [ 9.414316860956697, 54.567401216824038, 0.0 ], [ 9.414246948512663, 54.56748171099003, 0.0 ], [ 9.414177531990985, 54.567562329234008, 0.0 ], [ 9.414108611485057, 54.567643080543647, 0.0 ], [ 9.414040186815019, 54.567723946946224, 0.0 ], [ 9.413972258256518, 54.567804955402856, 0.0 ], [ 9.413904825538285, 54.567886078954082, 0.0 ], [ 9.413837873287745, 54.567967326640463, 0.0 ], [ 9.413771417064538, 54.568048707396585, 0.0 ], [ 9.413705456779995, 54.56813021223649, 0.0 ], [ 9.413639992527177, 54.568211850147762, 0.0 ], [ 9.413575024126727, 54.568293603157663, 0.0 ], [ 9.413510536296723, 54.568375489293381, 0.0 ], [ 9.413446544414381, 54.568457499516057, 0.0 ], [ 9.413383048482801, 54.568539633826468, 0.0 ], [ 9.413320048503717, 54.568621892225366, 0.0 ], [ 9.413289596830291, 54.568661925898716, 0.0 ], [ 9.413289596830291, 54.568661925898716, 0.0 ], [ 9.413257529104644, 54.568704283753149, 0.0 ], [ 9.413195505662841, 54.568786799370962, 0.0 ], [ 9.413133978181447, 54.568869439079485, 0.0 ], [ 9.413072931195517, 54.568952202932401, 0.0 ], [ 9.413012395732443, 54.569035099811451, 0.0 ], [ 9.412952340678963, 54.56911811184959, 0.0 ], [ 9.412892781686471, 54.569201256968114, 0.0 ], [ 9.412833703290183, 54.569284535220675, 0.0 ], [ 9.412775136244958, 54.569367928528784, 0.0 ], [ 9.412717049800685, 54.569451454972317, 0.0 ], [ 9.412659459336604, 54.569535105512351, 0.0 ], [ 9.412602364854497, 54.569618880149626, 0.0 ], [ 9.412545750890366, 54.569702778937632, 0.0 ], [ 9.412489648471569, 54.569786810758195, 0.0 ], [ 9.41243402657553, 54.569870966730818, 0.0 ], [ 9.412378900672216, 54.56995524680341, 0.0 ], [ 9.412324286321565, 54.570039659910599, 0.0 ], [ 9.412270152410704, 54.570124188185098, 0.0 ], [ 9.412216499123577, 54.570208849601038, 0.0 ], [ 9.412163357397207, 54.570293644053564, 0.0 ], [ 9.412111823963208, 54.570378424011572, 0.0 ], [ 9.412111823963208, 54.570378424011572, 0.0 ] ], [ [ 9.415189330619116, 54.567132709328256, 0.0 ], [ 9.415083983212318, 54.567302639234789, 0.0 ], [ 9.415030324519384, 54.567387355894873, 0.0 ], [ 9.414976184872572, 54.567471948361529, 0.0 ], [ 9.414921533245067, 54.567556407753521, 0.0 ], [ 9.414866400750009, 54.567640751937603, 0.0 ], [ 9.414810771644344, 54.567724954005818, 0.0 ], [ 9.414754630733206, 54.567809040970872, 0.0 ], [ 9.414698008763978, 54.567892994752441, 0.0 ], [ 9.414640890359269, 54.567976824389689, 0.0 ], [ 9.414583275516367, 54.568060529881905, 0.0 ], [ 9.414525179608081, 54.568144102188548, 0.0 ], [ 9.414466571790424, 54.568227550401815, 0.0 ], [ 9.414407482993262, 54.568310874414891, 0.0 ], [ 9.414347882190507, 54.568394065346382, 0.0 ], [ 9.414287800494685, 54.568477141063006, 0.0 ], [ 9.41422722225475, 54.568560083643575, 0.0 ], [ 9.414166163025897, 54.568642902021111, 0.0 ], [ 9.4141045917813, 54.568725587314077, 0.0 ], [ 9.414042539633957, 54.568808157389299, 0.0 ], [ 9.414011403649519, 54.568849290010569, 0.0 ], [ 9.414011403649519, 54.568849290010569, 0.0 ], [ 9.413979990932896, 54.568890594325474, 0.0 ], [ 9.413916945766355, 54.568972907108638, 0.0 ], [ 9.413853404040927, 54.569055086751248, 0.0 ], [ 9.413789381403506, 54.569137151173074, 0.0 ], [ 9.413724846735516, 54.569219082505711, 0.0 ], [ 9.413659831059583, 54.569300889629311, 0.0 ], [ 9.413594318815262, 54.569382563609253, 0.0 ], [ 9.413528325649551, 54.569464122365325, 0.0 ], [ 9.413461820443494, 54.569545548029026, 0.0 ], [ 9.413394834220226, 54.569626849480507, 0.0 ], [ 9.41332733595222, 54.569708017838018, 0.0 ], [ 9.413259356753398, 54.569789070968433, 0.0 ], [ 9.413190880971881, 54.56986999095033, 0.0 ], [ 9.413121908606126, 54.569950777782871, 0.0 ], [ 9.413052455302115, 54.570031449385844, 0.0 ], [ 9.412982489942051, 54.570111987890655, 0.0 ], [ 9.412912028081074, 54.570192402230319, 0.0 ], [ 9.412841085184725, 54.570272692351161, 0.0 ], [ 9.412769630225069, 54.570352849371204, 0.0 ], [ 9.41269769422505, 54.570432882170735, 0.0 ], [ 9.412624582422774, 54.570512918939151, 0.0 ], [ 9.412624582422774, 54.570512918939151, 0.0 ] ], [ [ 9.412111823963208, 54.570378424011572, 0.0 ], [ 9.412624582422774, 54.570512918939151, 0.0 ] ], [ [ 9.412111823963208, 54.570378424011572, 0.0 ], [ 9.411967579018311, 54.570537079080133, 0.0 ], [ 9.411896452551241, 54.57061628182872, 0.0 ], [ 9.411825806478696, 54.570695599729405, 0.0 ], [ 9.411755625335941, 54.570775032835712, 0.0 ], [ 9.411685924773598, 54.570854599069271, 0.0 ], [ 9.411616704612657, 54.570934280457386, 0.0 ], [ 9.411547949387675, 54.57101407705354, 0.0 ], [ 9.411479659191498, 54.571093997845274, 0.0 ], [ 9.411411849494081, 54.571174042780719, 0.0 ], [ 9.411344520206518, 54.571254202873945, 0.0 ], [ 9.411277640396065, 54.571334478230938, 0.0 ], [ 9.411211256649199, 54.571414886668151, 0.0 ], [ 9.411145322293033, 54.57149540138392, 0.0 ], [ 9.411079868536765, 54.571576049234068, 0.0 ], [ 9.411014895111478, 54.571656803259074, 0.0 ], [ 9.410950371355188, 54.571737690525126, 0.0 ], [ 9.410886327934319, 54.571818683967535, 0.0 ], [ 9.410822765122074, 54.571899810547329, 0.0 ], [ 9.410759667182159, 54.571981043357546, 0.0 ], [ 9.410697034387727, 54.57206240935917, 0.0 ], [ 9.410634866469783, 54.572143881592588, 0.0 ], [ 9.410631263586817, 54.572148621027189, 0.0 ], [ 9.41058459708438, 54.572210322956543, 0.0 ], [ 9.410573179170063, 54.572225486966339, 0.0 ], [ 9.410511956751483, 54.57230719857337, 0.0 ], [ 9.410451199396833, 54.572389034387889, 0.0 ], [ 9.410390922576934, 54.572470994358049, 0.0 ], [ 9.410331110735546, 54.572553069550338, 0.0 ], [ 9.410271763965005, 54.572635268952155, 0.0 ], [ 9.410212897645714, 54.572717583524991, 0.0 ], [ 9.410154496402372, 54.572800022308741, 0.0 ], [ 9.410096575614562, 54.572882576264846, 0.0 ], [ 9.410039119907378, 54.5729652544332, 0.0 ], [ 9.409982129192585, 54.573048047827704, 0.0 ], [ 9.40992560356289, 54.573130965435773, 0.0 ], [ 9.409869558398663, 54.573213998218819, 0.0 ], [ 9.40981399379235, 54.573297155164326, 0.0 ], [ 9.409758878719854, 54.573380427390966, 0.0 ], [ 9.409704244210223, 54.573463823781282, 0.0 ], [ 9.409650090175669, 54.573547335349197, 0.0 ], [ 9.409596401240421, 54.573630971134477, 0.0 ], [ 9.40954319287561, 54.573714731085317, 0.0 ], [ 9.409490449524839, 54.573798606268035, 0.0 ], [ 9.409438171280607, 54.573882605669908, 0.0 ], [ 9.409386373523869, 54.573966720252479, 0.0 ], [ 9.409335056347272, 54.574050959003038, 0.0 ], [ 9.409284204194602, 54.574135312987856, 0.0 ], [ 9.409233832627063, 54.574219791141864, 0.0 ], [ 9.40918195707772, 54.574310115954368, 0.0 ], [ 9.40918195707772, 54.574310115954368, 0.0 ] ], [ [ 9.412624582422774, 54.570512918939151, 0.0 ], [ 9.41252205532019, 54.570683735568473, 0.0 ], [ 9.412469677426611, 54.570769111701928, 0.0 ], [ 9.412416818459681, 54.570854354646237, 0.0 ], [ 9.412363463040144, 54.570939473440362, 0.0 ], [ 9.412309626723747, 54.571024477017602, 0.0 ], [ 9.412255293858856, 54.571109347456556, 0.0 ], [ 9.412200480001255, 54.571194093690622, 0.0 ], [ 9.412145185148441, 54.571278715719131, 0.0 ], [ 9.412089393830238, 54.571363213594147, 0.0 ], [ 9.412033121602422, 54.571447596249051, 0.0 ], [ 9.411976368281227, 54.571531845709664, 0.0 ], [ 9.411919118486946, 54.571615971014765, 0.0 ], [ 9.411861387685006, 54.571699972111013, 0.0 ], [ 9.411803160405231, 54.571783849050327, 0.0 ], [ 9.411744467671131, 54.571867610713504, 0.0 ], [ 9.41168527836321, 54.571951239231623, 0.0 ], [ 9.411625592570003, 54.572034743590777, 0.0 ], [ 9.411565441315542, 54.572118132671619, 0.0 ], [ 9.411504793479784, 54.572201388605293, 0.0 ], [ 9.411443664709973, 54.572284529311958, 0.0 ], [ 9.411382054822512, 54.572367536817339, 0.0 ], [ 9.411319963995799, 54.572450429094253, 0.0 ], [ 9.411286457646009, 54.572494813375883, 0.0 ], [ 9.411264658519674, 54.572523601211017, 0.0 ], [ 9.411257376578702, 54.572533188221016, 0.0 ], [ 9.411194308217594, 54.572615832117854, 0.0 ], [ 9.411130758819635, 54.572698351797214, 0.0 ], [ 9.41106671291449, 54.572780747310958, 0.0 ], [ 9.411002201345649, 54.572863009566362, 0.0 ], [ 9.410937193355503, 54.572945156641367, 0.0 ], [ 9.410871688850634, 54.573027179548447, 0.0 ], [ 9.410805718765683, 54.573109078181659, 0.0 ], [ 9.410739252161394, 54.573190852645375, 0.0 ], [ 9.410672304504198, 54.573272502886205, 0.0 ], [ 9.410604875791641, 54.57335402890341, 0.0 ], [ 9.410536950553034, 54.573435430748702, 0.0 ], [ 9.41046854425435, 54.5735167083687, 0.0 ], [ 9.410399656983909, 54.573597870749403, 0.0 ], [ 9.410330273089963, 54.573678899968947, 0.0 ], [ 9.410260408129426, 54.573759804960808, 0.0 ], [ 9.41019006209955, 54.573840585724085, 0.0 ], [ 9.410119219529975, 54.573921242310483, 0.0 ], [ 9.41004789588697, 54.574001774666669, 0.0 ], [ 9.409976075699442, 54.574082182844244, 0.0 ], [ 9.409903774433968, 54.574162466789865, 0.0 ], [ 9.409830992088361, 54.574242626502709, 0.0 ], [ 9.409757697632678, 54.574322653099983, 0.0 ], [ 9.40968617146134, 54.574397020796773, 0.0 ], [ 9.40968617146134, 54.574397020796773, 0.0 ] ], [ [ 9.40918195707772, 54.574310115954368, 0.0 ], [ 9.40968617146134, 54.574397020796773, 0.0 ] ], [ [ 9.40918195707772, 54.574310115954368, 0.0 ], [ 9.409109852915917, 54.574488941890785, 0.0 ], [ 9.40907650433261, 54.574575699002963, 0.0 ], [ 9.409043682093802, 54.574662508246014, 0.0 ], [ 9.40901140167187, 54.574749369568003, 0.0 ], [ 9.408979647510538, 54.574836274034951, 0.0 ], [ 9.408948419703668, 54.574923230634013, 0.0 ], [ 9.408917733723406, 54.575010239313272, 0.0 ], [ 9.408887574014097, 54.575097291138682, 0.0 ], [ 9.408857956227939, 54.575184404031823, 0.0 ], [ 9.408828864718974, 54.575271560071897, 0.0 ], [ 9.408800299580943, 54.575358768246033, 0.0 ], [ 9.408772260726659, 54.575446019567849, 0.0 ], [ 9.408744763809285, 54.575533331958901, 0.0 ], [ 9.408717793181989, 54.575620687498301, 0.0 ], [ 9.408691364408124, 54.57570809512093, 0.0 ], [ 9.408665461931449, 54.575795545892611, 0.0 ], [ 9.408640085845281, 54.575883048800442, 0.0 ], [ 9.408615236152915, 54.575970603844773, 0.0 ], [ 9.408614877666002, 54.575971881218891, 0.0 ], [ 9.408604960983892, 54.576007368686057, 0.0 ], [ 9.408590912857756, 54.576058211025888, 0.0 ], [ 9.4085671314322, 54.576145870291818, 0.0 ], [ 9.408543876320687, 54.576233572708432, 0.0 ], [ 9.408521147615957, 54.576321327262761, 0.0 ], [ 9.408498960791384, 54.576409133902793, 0.0 ], [ 9.408477300290697, 54.576496983694348, 0.0 ], [ 9.408456166206921, 54.576584885624484, 0.0 ], [ 9.408435558543442, 54.576672839693465, 0.0 ], [ 9.408415492773541, 54.576760845849243, 0.0 ], [ 9.408395937960998, 54.576848904196638, 0.0 ], [ 9.408376940428658, 54.576937005592356, 0.0 ], [ 9.408358453860066, 54.577025159180188, 0.0 ], [ 9.408340509108642, 54.577113355869074, 0.0 ], [ 9.408323090887739, 54.577201613685013, 0.0 ], [ 9.408306214490898, 54.577289914602446, 0.0 ], [ 9.408289864541157, 54.577378267660642, 0.0 ], [ 9.408274041042045, 54.577466672859785, 0.0 ], [ 9.408258759377304, 54.577555121161048, 0.0 ], [ 9.408244004170053, 54.577643621603684, 0.0 ], [ 9.408230316787908, 54.577732163372787, 0.0 ], [ 9.408230316787908, 54.577732163372787, 0.0 ] ], [ [ 9.40968617146134, 54.574397020796773, 0.0 ], [ 9.409658906192453, 54.574571857630865, 0.0 ], [ 9.40964274716741, 54.574661881864891, 0.0 ], [ 9.409626046116188, 54.574751854009406, 0.0 ], [ 9.409608772096734, 54.574841774169045, 0.0 ], [ 9.409590956044042, 54.574931642238752, 0.0 ], [ 9.409572566925478, 54.575021449336361, 0.0 ], [ 9.409553635856861, 54.575111213330295, 0.0 ], [ 9.409534162653552, 54.575200916246814, 0.0 ], [ 9.409514131933388, 54.57529056712481, 0.0 ], [ 9.409493528313826, 54.57538017500319, 0.0 ], [ 9.409472398018366, 54.575469721750942, 0.0 ], [ 9.409450694726116, 54.575559216511778, 0.0 ], [ 9.409428464841156, 54.575648659128191, 0.0 ], [ 9.409405661952182, 54.575738049757078, 0.0 ], [ 9.409382316994449, 54.57582738829332, 0.0 ], [ 9.409358414494669, 54.575916674789035, 0.0 ], [ 9.409333954359157, 54.576005900257123, 0.0 ], [ 9.409320903297717, 54.576052722091582, 0.0 ], [ 9.409310909772589, 54.576088200890212, 0.0 ], [ 9.40930895223447, 54.576095082618401, 0.0 ], [ 9.409283408027033, 54.576184212885792, 0.0 ], [ 9.409257290703724, 54.576273282176942, 0.0 ], [ 9.409230631380558, 54.576362308360238, 0.0 ], [ 9.409203429873944, 54.576451273461842, 0.0 ], [ 9.409175670800664, 54.576540186520511, 0.0 ], [ 9.409147354247716, 54.576629056522634, 0.0 ], [ 9.409118495500376, 54.576717865441971, 0.0 ], [ 9.409089079176407, 54.576806622317193, 0.0 ], [ 9.409059105271417, 54.576895327147966, 0.0 ], [ 9.409028589252571, 54.576983979881504, 0.0 ], [ 9.408997515645794, 54.577072580569777, 0.0 ], [ 9.408965899827871, 54.577161120173237, 0.0 ], [ 9.408933711035646, 54.577249616769642, 0.0 ], [ 9.408900995585441, 54.577338061214846, 0.0 ], [ 9.408867706973458, 54.577426444678601, 0.0 ], [ 9.408833876316759, 54.577514785029344, 0.0 ], [ 9.408799472491237, 54.577603064397714, 0.0 ], [ 9.40876452652396, 54.57769129166541, 0.0 ], [ 9.408728542016391, 54.577779333704243, 0.0 ], [ 9.408728542016391, 54.577779333704243, 0.0 ] ], [ [ 9.408230316787908, 54.577732163372787, 0.0 ], [ 9.408728542016391, 54.577779333704243, 0.0 ] ], [ [ 9.408230316787908, 54.577732163372787, 0.0 ], [ 9.408161495774053, 54.577906151490659, 0.0 ], [ 9.408128176778407, 54.577993249692724, 0.0 ], [ 9.40809539963983, 54.578080399977488, 0.0 ], [ 9.408063148891509, 54.578167602397549, 0.0 ], [ 9.408031455477479, 54.57825485684895, 0.0 ], [ 9.408000303840618, 54.578342154397511, 0.0 ], [ 9.407969678693766, 54.578429513069437, 0.0 ], [ 9.407939610801559, 54.578516914787151, 0.0 ], [ 9.407910069406242, 54.578604377628956, 0.0 ], [ 9.407881085271869, 54.578691883517365, 0.0 ], [ 9.407852627551369, 54.578779441543894, 0.0 ], [ 9.407824711718092, 54.578867051656736, 0.0 ], [ 9.407797337775484, 54.57895471385622, 0.0 ], [ 9.407770505727392, 54.579042428142721, 0.0 ], [ 9.407744215576457, 54.579130194516615, 0.0 ], [ 9.40771846723711, 54.579218003991485, 0.0 ], [ 9.407693245420855, 54.579305874593338, 0.0 ], [ 9.407681142145259, 54.579348747707598, 0.0 ], [ 9.407680514466442, 54.579350960639509, 0.0 ], [ 9.407668565422703, 54.579393788296805, 0.0 ], [ 9.407644427425543, 54.579481763075748, 0.0 ], [ 9.407620846723949, 54.579569780904791, 0.0 ], [ 9.407597776998523, 54.579657850927482, 0.0 ], [ 9.407575264665093, 54.579745972987673, 0.0 ], [ 9.407553294256969, 54.579834147137753, 0.0 ], [ 9.407531850305842, 54.579922373430207, 0.0 ], [ 9.407510963667365, 54.580010642774262, 0.0 ], [ 9.407490603582884, 54.580098973247985, 0.0 ], [ 9.407470785347144, 54.580187346825959, 0.0 ], [ 9.407451509143272, 54.580275781481994, 0.0 ], [ 9.407432774794698, 54.580364259242799, 0.0 ], [ 9.407414582395059, 54.580452789095418, 0.0 ], [ 9.4073969319477, 54.580541371040006, 0.0 ], [ 9.407379823456136, 54.58063000507687, 0.0 ], [ 9.407363256923837, 54.580718691206172, 0.0 ], [ 9.4073472323541, 54.580807429428191, 0.0 ], [ 9.407331749660933, 54.580896210756322, 0.0 ], [ 9.407317411871679, 54.58098499721109, 0.0 ], [ 9.407317411871679, 54.58098499721109, 0.0 ] ], [ [ 9.408728542016391, 54.577779333704243, 0.0 ], [ 9.408698699915398, 54.577957018834908, 0.0 ], [ 9.408682679301277, 54.578045757267539, 0.0 ], [ 9.408666132088992, 54.578134443554276, 0.0 ], [ 9.408649042804827, 54.578223077747182, 0.0 ], [ 9.408631411445258, 54.578311659846023, 0.0 ], [ 9.408613222626604, 54.578400198889668, 0.0 ], [ 9.408594507105917, 54.578488676799772, 0.0 ], [ 9.408575234029145, 54.578577102667374, 0.0 ], [ 9.408555434423597, 54.578665485374458, 0.0 ], [ 9.408535092725481, 54.578753815986296, 0.0 ], [ 9.408514208841002, 54.578842085515838, 0.0 ], [ 9.408492782947134, 54.57893031193634, 0.0 ], [ 9.408470814950325, 54.579018486260779, 0.0 ], [ 9.40844830484737, 54.57910660848885, 0.0 ], [ 9.408425252634213, 54.579194678620262, 0.0 ], [ 9.408401658308003, 54.579282696654722, 0.0 ], [ 9.408377521955247, 54.579370671578666, 0.0 ], [ 9.408365558706278, 54.579413553276162, 0.0 ], [ 9.408365558706278, 54.579413553276162, 0.0 ], [ 9.40835285886315, 54.579458585366019, 0.0 ], [ 9.408327638266599, 54.579546456094477, 0.0 ], [ 9.408301890924088, 54.579634265685691, 0.0 ], [ 9.408275601541323, 54.579722032165087, 0.0 ], [ 9.408248754554341, 54.57980974659781, 0.0 ], [ 9.408221380900745, 54.579897408879035, 0.0 ], [ 9.408193465107095, 54.579985019060622, 0.0 ], [ 9.408165007169368, 54.580072577142197, 0.0 ], [ 9.408136022555784, 54.580160083071206, 0.0 ], [ 9.408106480410297, 54.580247545938441, 0.0 ], [ 9.408076396021078, 54.580334947717795, 0.0 ], [ 9.408045769564591, 54.580422306382331, 0.0 ], [ 9.408014600857246, 54.580509603958184, 0.0 ], [ 9.407982905547085, 54.58059685836627, 0.0 ], [ 9.407950652598378, 54.580684060723769, 0.0 ], [ 9.407917857478928, 54.580771210978057, 0.0 ], [ 9.407884520095688, 54.580858300142005, 0.0 ], [ 9.407850640624487, 54.580945346188649, 0.0 ], [ 9.407815675767512, 54.581032171209003, 0.0 ], [ 9.407815675767512, 54.581032171209003, 0.0 ] ], [ [ 9.407317411871679, 54.58098499721109, 0.0 ], [ 9.407815675767512, 54.581032171209003, 0.0 ] ], [ [ 9.407317411871679, 54.58098499721109, 0.0 ], [ 9.407243889414739, 54.581161669690751, 0.0 ], [ 9.407208244091972, 54.58125022233591, 0.0 ], [ 9.407173156127689, 54.581338827014392, 0.0 ], [ 9.407138625614861, 54.581427492713303, 0.0 ], [ 9.407104652467384, 54.581516210446402, 0.0 ], [ 9.407071236688937, 54.581604980214216, 0.0 ], [ 9.407038393754116, 54.581693801965038, 0.0 ], [ 9.407006108285044, 54.581782684738158, 0.0 ], [ 9.406974364723753, 54.58187161959939, 0.0 ], [ 9.406943194016968, 54.581960606444952, 0.0 ], [ 9.406912580786353, 54.58204965431414, 0.0 ], [ 9.406882524945766, 54.582138754220615, 0.0 ], [ 9.406853026498801, 54.582227906164739, 0.0 ], [ 9.406824085448886, 54.58231711014696, 0.0 ], [ 9.406795701799394, 54.582406366167646, 0.0 ], [ 9.406767875643908, 54.582495683213942, 0.0 ], [ 9.406740606896166, 54.582585052299443, 0.0 ], [ 9.406713895649062, 54.582674482411349, 0.0 ], [ 9.406687757199441, 54.582763955524371, 0.0 ], [ 9.406687697103248, 54.582764135467478, 0.0 ], [ 9.406662160785771, 54.582853489716513, 0.0 ], [ 9.406654868437668, 54.582879396944158, 0.0 ], [ 9.40663712179404, 54.582943075949338, 0.0 ], [ 9.406612655789537, 54.583032723157849, 0.0 ], [ 9.406588731742213, 54.583122422459716, 0.0 ], [ 9.406565380599682, 54.583212173751207, 0.0 ], [ 9.406542586893652, 54.583301977084666, 0.0 ], [ 9.406520335155005, 54.583391832512447, 0.0 ], [ 9.406498656422073, 54.583481748917499, 0.0 ], [ 9.406477535135966, 54.583571717365416, 0.0 ], [ 9.406456986862672, 54.583661746791208, 0.0 ], [ 9.406436980481935, 54.58375181932572, 0.0 ], [ 9.40641753164847, 54.583841952890644, 0.0 ], [ 9.406398655749253, 54.583932138447523, 0.0 ], [ 9.40638033740484, 54.584022385035361, 0.0 ], [ 9.406362576529299, 54.58411268366762, 0.0 ], [ 9.40634538859911, 54.584203034292592, 0.0 ], [ 9.40632832625457, 54.584293573219604, 0.0 ], [ 9.40632832625457, 54.584293573219604, 0.0 ] ], [ [ 9.407815675767512, 54.581032171209003, 0.0 ], [ 9.407785598241325, 54.581213244920939, 0.0 ], [ 9.4077694210131, 54.581303664286317, 0.0 ], [ 9.407752686290626, 54.581394040592926, 0.0 ], [ 9.407735378419046, 54.581484355919223, 0.0 ], [ 9.407717512955914, 54.58157461919955, 0.0 ], [ 9.40769908989777, 54.581664830433674, 0.0 ], [ 9.407680109240985, 54.581754989621359, 0.0 ], [ 9.407660570981593, 54.581845096762343, 0.0 ], [ 9.407640459644561, 54.581935151908461, 0.0 ], [ 9.407619790698021, 54.582025155007408, 0.0 ], [ 9.407598564048374, 54.582115097072027, 0.0 ], [ 9.40757677987153, 54.582204996075632, 0.0 ], [ 9.407554437984491, 54.582294834044369, 0.0 ], [ 9.407531538473592, 54.582384619964714, 0.0 ], [ 9.407508065862874, 54.582474353888514, 0.0 ], [ 9.407484051092688, 54.582564035711144, 0.0 ], [ 9.407459463215961, 54.58265366553654, 0.0 ], [ 9.407447169612556, 54.582697743507623, 0.0 ], [ 9.407447169612556, 54.582697743507623, 0.0 ], [ 9.407434317700492, 54.582743243312279, 0.0 ], [ 9.407408630015142, 54.582832768985838, 0.0 ], [ 9.407382353650405, 54.58292223372657, 0.0 ], [ 9.40735553519796, 54.583011655351164, 0.0 ], [ 9.407328159003422, 54.58310101593797, 0.0 ], [ 9.407300225152136, 54.583190324473279, 0.0 ], [ 9.407271718258663, 54.583279589995648, 0.0 ], [ 9.407242653611918, 54.583368794479028, 0.0 ], [ 9.407213031298221, 54.583457946909796, 0.0 ], [ 9.407182851224185, 54.5835470383008, 0.0 ], [ 9.407152098093393, 54.583636086677203, 0.0 ], [ 9.407120802757223, 54.583725082947659, 0.0 ], [ 9.407088934177953, 54.583814018229219, 0.0 ], [ 9.40705650800324, 54.583902910442802, 0.0 ], [ 9.407023508578369, 54.583991741666559, 0.0 ], [ 9.40698996693382, 54.584080520782649, 0.0 ], [ 9.406955836649006, 54.584169247946839, 0.0 ], [ 9.40692116404816, 54.584257914015673, 0.0 ], [ 9.406885421175975, 54.584346332037349, 0.0 ], [ 9.406885421175975, 54.584346332037349, 0.0 ] ], [ [ 9.40632832625457, 54.584293573219604, 0.0 ], [ 9.406885421175975, 54.584346332037349, 0.0 ] ], [ [ 9.40632832625457, 54.584293573219604, 0.0 ], [ 9.406262509115844, 54.584468125113148, 0.0 ], [ 9.406231195547919, 54.584555548465239, 0.0 ], [ 9.4062004704379, 54.584643032740146, 0.0 ], [ 9.406170318226939, 54.584730569003533, 0.0 ], [ 9.40614072344605, 54.584818157307787, 0.0 ], [ 9.406111717044014, 54.584905797549389, 0.0 ], [ 9.406083283641198, 54.584993498767432, 0.0 ], [ 9.406055407678972, 54.585081252027564, 0.0 ], [ 9.406028120106676, 54.585169057226253, 0.0 ], [ 9.406001389982031, 54.585256914467756, 0.0 ], [ 9.405975248344101, 54.585344832635286, 0.0 ], [ 9.405949664160715, 54.585432802846377, 0.0 ], [ 9.405924652908732, 54.585520825049464, 0.0 ], [ 9.40592460845715, 54.585521022913667, 0.0 ], [ 9.40592460845715, 54.585521022913667, 0.0 ], [ 9.405900230064969, 54.585608899192877, 0.0 ], [ 9.405876364775825, 54.585697034367648, 0.0 ], [ 9.405853072429037, 54.58578522153536, 0.0 ], [ 9.405830353028122, 54.585873460696419, 0.0 ], [ 9.405808206576706, 54.585961751851073, 0.0 ], [ 9.405786633167569, 54.586050103986388, 0.0 ], [ 9.405765632625775, 54.586138499129184, 0.0 ], [ 9.405745205133762, 54.58622695525321, 0.0 ], [ 9.405725350695342, 54.586315472358791, 0.0 ], [ 9.405706069134871, 54.586404032472664, 0.0 ], [ 9.405687360635177, 54.586492653568641, 0.0 ], [ 9.40566922511057, 54.58658132666018, 0.0 ], [ 9.405651662564539, 54.586670051747554, 0.0 ], [ 9.40563656166789, 54.586758912365433, 0.0 ], [ 9.40563656166789, 54.586758912365433, 0.0 ] ], [ [ 9.406885421175975, 54.584346332037349, 0.0 ], [ 9.406851464787151, 54.5845238955377, 0.0 ], [ 9.406833348206739, 54.584612577761497, 0.0 ], [ 9.406814658338968, 54.584701190013647, 0.0 ], [ 9.406795379976248, 54.58478975930619, 0.0 ], [ 9.406775543971078, 54.584878276547997, 0.0 ], [ 9.40675513475759, 54.584966732804098, 0.0 ], [ 9.406734136948096, 54.585055137113017, 0.0 ], [ 9.406712581395912, 54.585143480383636, 0.0 ], [ 9.406690437330402, 54.585231780693206, 0.0 ], [ 9.406667735514711, 54.585320019963838, 0.0 ], [ 9.406644445088851, 54.585408207286136, 0.0 ], [ 9.406620596905693, 54.58549633356882, 0.0 ], [ 9.406596160194487, 54.58558441688924, 0.0 ], [ 9.406596100183522, 54.58558460581898, 0.0 ], [ 9.406596100183522, 54.58558460581898, 0.0 ], [ 9.406571150245819, 54.585672439221447, 0.0 ], [ 9.406545582618312, 54.585760409499862, 0.0 ], [ 9.406519426272967, 54.585848318841414, 0.0 ], [ 9.406492712241988, 54.585936176128463, 0.0 ], [ 9.406465409664726, 54.586023990451388, 0.0 ], [ 9.406437549215836, 54.586111734745579, 0.0 ], [ 9.406409100213173, 54.586199436074871, 0.0 ], [ 9.406380093421244, 54.586287076361401, 0.0 ], [ 9.406350497979203, 54.586374664695477, 0.0 ], [ 9.406320329356436, 54.586462201024723, 0.0 ], [ 9.406289587550004, 54.5865496853487, 0.0 ], [ 9.406258272466168, 54.586637108680229, 0.0 ], [ 9.406226384191369, 54.586724480005614, 0.0 ], [ 9.406193379535829, 54.586811639382411, 0.0 ], [ 9.406193379535829, 54.586811639382411, 0.0 ] ], [ [ 9.40563656166789, 54.586758912365433, 0.0 ], [ 9.406193379535829, 54.586811639382411, 0.0 ] ], [ [ 9.40563656166789, 54.586758912365433, 0.0 ], [ 9.405567393533286, 54.586936404815873, 0.0 ], [ 9.405533257620492, 54.5870251135727, 0.0 ], [ 9.405499663585738, 54.587113865436336, 0.0 ], [ 9.405466626996034, 54.587202669342055, 0.0 ], [ 9.405434147854665, 54.58729152529029, 0.0 ], [ 9.405402195217619, 54.587380433385277, 0.0 ], [ 9.40537080003593, 54.587469393523648, 0.0 ], [ 9.405339962312839, 54.587558405705856, 0.0 ], [ 9.405309651015102, 54.587647461049251, 0.0 ], [ 9.405279897183137, 54.5877365684373, 0.0 ], [ 9.405250685435806, 54.587825736909011, 0.0 ], [ 9.405222031071885, 54.587914948439384, 0.0 ], [ 9.405193903236469, 54.58800421211928, 0.0 ], [ 9.405166332791106, 54.588093518858585, 0.0 ], [ 9.405139304444575, 54.588182886683043, 0.0 ], [ 9.405112818110283, 54.588272306606264, 0.0 ], [ 9.405086873703217, 54.588361769641793, 0.0 ], [ 9.405062233632496, 54.588448577124055, 0.0 ], [ 9.405061486789617, 54.588451284724975, 0.0 ], [ 9.405043721324837, 54.588515116272404, 0.0 ], [ 9.405036626425165, 54.588540851959749, 0.0 ], [ 9.405012323561424, 54.588630471242773, 0.0 ], [ 9.404988562727819, 54.588720142626237, 0.0 ], [ 9.404965343838517, 54.588809857123692, 0.0 ], [ 9.404942667075584, 54.588899632708909, 0.0 ], [ 9.404920547738262, 54.588989451356923, 0.0 ], [ 9.40489895497082, 54.589079322158341, 0.0 ], [ 9.404877919725077, 54.589169245009906, 0.0 ], [ 9.404857426530741, 54.589259219963601, 0.0 ], [ 9.404837475301859, 54.589349238033023, 0.0 ], [ 9.404818066220006, 54.589439317191896, 0.0 ], [ 9.404799214585513, 54.589529439415195, 0.0 ], [ 9.404780889541541, 54.589619613793502, 0.0 ], [ 9.404763122040986, 54.589709840223442, 0.0 ], [ 9.404745896612736, 54.589800118757069, 0.0 ], [ 9.404729228735215, 54.589890449342803, 0.0 ], [ 9.404713087372953, 54.589980823097733, 0.0 ], [ 9.404697503657715, 54.590071257891928, 0.0 ], [ 9.404682461939814, 54.590161735803918, 0.0 ], [ 9.404667977786909, 54.590252265768818, 0.0 ], [ 9.404654035727772, 54.590342847838677, 0.0 ], [ 9.404640635765784, 54.590433482013601, 0.0 ], [ 9.404628551046638, 54.590535022047085, 0.0 ], [ 9.404628551046638, 54.590535022047085, 0.0 ] ], [ [ 9.406193379535829, 54.586811639382411, 0.0 ], [ 9.406166129412595, 54.586990303461143, 0.0 ], [ 9.406151451337408, 54.587079567136804, 0.0 ], [ 9.406136231171827, 54.587168787694857, 0.0 ], [ 9.406120484207106, 54.587257947109656, 0.0 ], [ 9.406104195145115, 54.587347063406469, 0.0 ], [ 9.406087379366696, 54.587436127546333, 0.0 ], [ 9.406070021484201, 54.587525148567785, 0.0 ], [ 9.406052136788542, 54.587614108445166, 0.0 ], [ 9.40603370998196, 54.587703025203638, 0.0 ], [ 9.406014756445234, 54.587791889804308, 0.0 ], [ 9.40599527617505, 54.587880702246899, 0.0 ], [ 9.405975253693938, 54.587969462583146, 0.0 ], [ 9.40595468908797, 54.588058179799525, 0.0 ], [ 9.405933597738313, 54.588146844857071, 0.0 ], [ 9.405911979641502, 54.58823545775553, 0.0 ], [ 9.405889834794239, 54.58832401849461, 0.0 ], [ 9.405867147808596, 54.58841253611272, 0.0 ], [ 9.405843918591437, 54.588501001622824, 0.0 ], [ 9.405820178087934, 54.588589414920747, 0.0 ], [ 9.40579589534623, 54.58867777611006, 0.0 ], [ 9.405794894158944, 54.58868135631193, 0.0 ], [ 9.405784359544745, 54.588719056349731, 0.0 ], [ 9.405771085926505, 54.588766094125248, 0.0 ], [ 9.405745734262005, 54.588854360031206, 0.0 ], [ 9.405719855823609, 54.58894257377564, 0.0 ], [ 9.405693450607879, 54.589030735358271, 0.0 ], [ 9.405666503226206, 54.589118853817347, 0.0 ], [ 9.405639029060724, 54.589206920113924, 0.0 ], [ 9.405611028107842, 54.589294934247633, 0.0 ], [ 9.405582484889905, 54.589382896269996, 0.0 ], [ 9.405553414967113, 54.589470815115526, 0.0 ], [ 9.405523802772525, 54.589558681848992, 0.0 ], [ 9.405493679251936, 54.589646496366171, 0.0 ], [ 9.405462997978077, 54.589734258822396, 0.0 ], [ 9.405431805371762, 54.589821969061575, 0.0 ], [ 9.405400070569204, 54.589909636173907, 0.0 ], [ 9.405367793478288, 54.589997251172093, 0.0 ], [ 9.405334989659259, 54.590084822990661, 0.0 ], [ 9.40530165893056, 54.590172333655737, 0.0 ], [ 9.405267785992573, 54.590259801192161, 0.0 ], [ 9.405233370752482, 54.590347216612784, 0.0 ], [ 9.405198428682255, 54.590434579865303, 0.0 ], [ 9.405162468258501, 54.590511359788813, 0.0 ], [ 9.405162468258501, 54.590511359788813, 0.0 ] ], [ [ 9.404628551046638, 54.590535022047085, 0.0 ], [ 9.405162468258501, 54.590511359788813, 0.0 ] ], [ [ 9.404628551046638, 54.590535022047085, 0.0 ], [ 9.404710616086723, 54.590720428571586, 0.0 ], [ 9.404751453639985, 54.590807493098559, 0.0 ], [ 9.404792862877351, 54.590894447852577, 0.0 ], [ 9.404834828327175, 54.590981292884898, 0.0 ], [ 9.404877350081271, 54.591068037181614, 0.0 ], [ 9.40492042805419, 54.591154671755433, 0.0 ], [ 9.404964077724056, 54.591241196553916, 0.0 ], [ 9.405008268232788, 54.591327620666888, 0.0 ], [ 9.405053030445362, 54.591413935003295, 0.0 ], [ 9.405098348889021, 54.591500139614375, 0.0 ], [ 9.405144239042507, 54.591586234447654, 0.0 ], [ 9.405190670047999, 54.59167222859292, 0.0 ], [ 9.405237672769447, 54.591758112959063, 0.0 ], [ 9.405285231735199, 54.591843887597335, 0.0 ], [ 9.405333347037201, 54.591929561493792, 0.0 ], [ 9.405350611486034, 54.591960014605064, 0.0 ], [ 9.405382018589519, 54.592015125661014, 0.0 ], [ 9.405401799048141, 54.592049578547417, 0.0 ], [ 9.405431261870806, 54.592100580046491, 0.0 ], [ 9.405481061408491, 54.592185924701369, 0.0 ], [ 9.405531417295453, 54.592271168611738, 0.0 ], [ 9.405582329444814, 54.59235630279013, 0.0 ], [ 9.405633813335781, 54.592441327183934, 0.0 ], [ 9.405685853585162, 54.592526250831099, 0.0 ], [ 9.405738450106423, 54.59261106474414, 0.0 ], [ 9.405791602902488, 54.59269576892239, 0.0 ], [ 9.405845327452539, 54.592780363313125, 0.0 ], [ 9.405899608373151, 54.592864856954257, 0.0 ], [ 9.405954461053927, 54.592949240806362, 0.0 ], [ 9.406011508949112, 54.593033356638216, 0.0 ], [ 9.406011508949112, 54.593033356638216, 0.0 ] ], [ [ 9.405162468258501, 54.590511359788813, 0.0 ], [ 9.405274100917794, 54.590670990896761, 0.0 ], [ 9.405330291000093, 54.590756458004293, 0.0 ], [ 9.405385909812081, 54.590842034844584, 0.0 ], [ 9.405440941964594, 54.590927730457011, 0.0 ], [ 9.405495402840126, 54.591013535803754, 0.0 ], [ 9.405549276960407, 54.591099450937485, 0.0 ], [ 9.405602579797497, 54.591185475807102, 0.0 ], [ 9.405655295872808, 54.591271610465199, 0.0 ], [ 9.405707440658565, 54.591357854860725, 0.0 ], [ 9.405759014240491, 54.591444217981092, 0.0 ], [ 9.405810001051155, 54.591530690892249, 0.0 ], [ 9.405860416562495, 54.59161727354298, 0.0 ], [ 9.405880274338864, 54.591651699133195, 0.0 ], [ 9.405905961106324, 54.591696458218401, 0.0 ], [ 9.405910245296008, 54.591703965985964, 0.0 ], [ 9.405959502723451, 54.591790768169965, 0.0 ], [ 9.406008188931084, 54.591877689082438, 0.0 ], [ 9.406056288351026, 54.591964719789267, 0.0 ], [ 9.406103816455452, 54.592051860239202, 0.0 ], [ 9.40615075776507, 54.592139110484908, 0.0 ], [ 9.406197127752561, 54.592226470475033, 0.0 ], [ 9.4062429110285, 54.592313949249025, 0.0 ], [ 9.406288122885837, 54.592401528782055, 0.0 ], [ 9.406332748024614, 54.592489227100202, 0.0 ], [ 9.406376801828126, 54.592577035165448, 0.0 ], [ 9.406420268906292, 54.592664962017118, 0.0 ], [ 9.406463164552479, 54.592752989630341, 0.0 ], [ 9.406505473467046, 54.592841136031247, 0.0 ], [ 9.406546593072068, 54.592929502103701, 0.0 ], [ 9.406546593072068, 54.592929502103701, 0.0 ] ], [ [ 9.406011508949112, 54.593033356638216, 0.0 ], [ 9.406546593072068, 54.592929502103701, 0.0 ] ], [ [ 9.406011508949112, 54.593033356638216, 0.0 ], [ 9.406089899945597, 54.593207684506524, 0.0 ], [ 9.406129613203507, 54.59329475231737, 0.0 ], [ 9.406169851833003, 54.5933817194922, 0.0 ], [ 9.406210615747819, 54.593468577043751, 0.0 ], [ 9.406251889653467, 54.593555342996922, 0.0 ], [ 9.40629368894006, 54.5936420083125, 0.0 ], [ 9.406335998044602, 54.593728564055183, 0.0 ], [ 9.406378832625414, 54.593815028145883, 0.0 ], [ 9.40642219259589, 54.593901391597356, 0.0 ], [ 9.406466077869606, 54.593987645422281, 0.0 ], [ 9.406510473152409, 54.59407380764555, 0.0 ], [ 9.406555393744013, 54.594159860241106, 0.0 ], [ 9.406600824350626, 54.594245821233919, 0.0 ], [ 9.406646780272151, 54.594331672597846, 0.0 ], [ 9.406693246214521, 54.594417432357837, 0.0 ], [ 9.406740237477361, 54.594503082487797, 0.0 ], [ 9.406787754243407, 54.594588640960538, 0.0 ], [ 9.406835780859678, 54.594674089854038, 0.0 ], [ 9.406884332984534, 54.594759447089125, 0.0 ], [ 9.406908589700741, 54.59480173033478, 0.0 ], [ 9.406908589700741, 54.59480173033478, 0.0 ], [ 9.406933394965506, 54.594844694743792, 0.0 ], [ 9.406982982460878, 54.594929850738723, 0.0 ], [ 9.407033079818053, 54.595014897151955, 0.0 ], [ 9.407083702695349, 54.595099851904202, 0.0 ], [ 9.407134850916769, 54.595184697021338, 0.0 ], [ 9.407186509097896, 54.595269441541575, 0.0 ], [ 9.407238677331353, 54.595354094450954, 0.0 ], [ 9.40729138639424, 54.595438637671094, 0.0 ], [ 9.40734460551476, 54.595523089279027, 0.0 ], [ 9.407398334516666, 54.595607431300643, 0.0 ], [ 9.407452589059007, 54.595691681656561, 0.0 ], [ 9.407507368965106, 54.595775822372616, 0.0 ], [ 9.407562658850585, 54.595859862486968, 0.0 ], [ 9.407618489762054, 54.595943810881309, 0.0 ], [ 9.407674815091603, 54.596027649737984, 0.0 ], [ 9.407731681362915, 54.596111387886459, 0.0 ], [ 9.40778905762469, 54.596195025430383, 0.0 ], [ 9.407846959356705, 54.596278562316805, 0.0 ], [ 9.407905386562105, 54.596361998544964, 0.0 ], [ 9.407964339242975, 54.596445334114136, 0.0 ], [ 9.408024743969223, 54.596528359195538, 0.0 ], [ 9.408024743969223, 54.596528359195538, 0.0 ] ], [ [ 9.406546593072068, 54.592929502103701, 0.0 ], [ 9.406665471637632, 54.593095973617267, 0.0 ], [ 9.406723907318311, 54.593179410419495, 0.0 ], [ 9.406781802564069, 54.593262947868133, 0.0 ], [ 9.406839188324478, 54.593346585859827, 0.0 ], [ 9.406896064596721, 54.593430324395243, 0.0 ], [ 9.406952400425975, 54.593514163579329, 0.0 ], [ 9.407008226761283, 54.593598103308658, 0.0 ], [ 9.407063543599918, 54.593682143583898, 0.0 ], [ 9.407118319987134, 54.593766284509989, 0.0 ], [ 9.407172586872429, 54.593850525983434, 0.0 ], [ 9.407226328776348, 54.593934868057019, 0.0 ], [ 9.407279561172782, 54.59401931067935, 0.0 ], [ 9.407332268582598, 54.594103853903214, 0.0 ], [ 9.40738445109228, 54.594188506716023, 0.0 ], [ 9.407436123996476, 54.594273251092858, 0.0 ], [ 9.40748727190504, 54.594358096073243, 0.0 ], [ 9.407537910292039, 54.594443041605729, 0.0 ], [ 9.407588023767998, 54.594528096729782, 0.0 ], [ 9.407637612149859, 54.594613243472637, 0.0 ], [ 9.407662024143709, 54.59465550807198, 0.0 ], [ 9.407662024143709, 54.59465550807198, 0.0 ], [ 9.40768669100172, 54.594698490769481, 0.0 ], [ 9.407735244933614, 54.594783847659862, 0.0 ], [ 9.407783289239855, 54.594869296118773, 0.0 ], [ 9.407830808530504, 54.594954845185697, 0.0 ], [ 9.407877818279395, 54.595040494809105, 0.0 ], [ 9.407924303097024, 54.595126254028479, 0.0 ], [ 9.407970262800239, 54.595212104871017, 0.0 ], [ 9.408015713042991, 54.595298065258518, 0.0 ], [ 9.40806063816572, 54.595384117270342, 0.0 ], [ 9.408105038255497, 54.595470269893816, 0.0 ], [ 9.408148928875713, 54.595556532063988, 0.0 ], [ 9.408192294367085, 54.595642885860187, 0.0 ], [ 9.408235134906466, 54.595729349256452, 0.0 ], [ 9.408277465877411, 54.595815913214366, 0.0 ], [ 9.408319271710626, 54.595902568800007, 0.0 ], [ 9.408360552582934, 54.595989333987326, 0.0 ], [ 9.408401308400832, 54.596076199790183, 0.0 ], [ 9.408441554638879, 54.596163166156813, 0.0 ], [ 9.408481275726945, 54.596250224153259, 0.0 ], [ 9.408520471931849, 54.596337400740261, 0.0 ], [ 9.408558586611308, 54.596424751721095, 0.0 ], [ 9.408558586611308, 54.596424751721095, 0.0 ] ], [ [ 9.408024743969223, 54.596528359195538, 0.0 ], [ 9.408558586611308, 54.596424751721095, 0.0 ] ], [ [ 9.408024743969223, 54.596528359195538, 0.0 ], [ 9.408101142612789, 54.596703123785808, 0.0 ], [ 9.408140044376502, 54.596790301482471, 0.0 ], [ 9.408179440593859, 54.596877378639398, 0.0 ], [ 9.408219346744998, 54.596964355203838, 0.0 ], [ 9.408259762833, 54.5970512311753, 0.0 ], [ 9.408300673473546, 54.597138015592257, 0.0 ], [ 9.408342094056398, 54.597224699415186, 0.0 ], [ 9.408384009107547, 54.597311282695898, 0.0 ], [ 9.408426434107151, 54.597397765381515, 0.0 ], [ 9.408469353670599, 54.59748415651061, 0.0 ], [ 9.408512767710958, 54.597570447095869, 0.0 ], [ 9.408556691708176, 54.597656637084455, 0.0 ], [ 9.408601125665268, 54.597742726475843, 0.0 ], [ 9.40864605419779, 54.597828724308478, 0.0 ], [ 9.408691477218282, 54.597914621595102, 0.0 ], [ 9.408737410297716, 54.598000427269554, 0.0 ], [ 9.408783837780401, 54.598086123410141, 0.0 ], [ 9.408830759849465, 54.598171727989744, 0.0 ], [ 9.408878191895893, 54.598257231968702, 0.0 ], [ 9.40892611853403, 54.598342644385497, 0.0 ], [ 9.408974555155176, 54.598427956200489, 0.0 ], [ 9.409010537693195, 54.598490716732641, 0.0 ], [ 9.409023486283726, 54.598513167465363, 0.0 ], [ 9.409042545673268, 54.598546094374505, 0.0 ], [ 9.409072912012837, 54.59859828716629, 0.0 ], [ 9.409122847732982, 54.598683306263581, 0.0 ], [ 9.409173262490945, 54.598768224861296, 0.0 ], [ 9.409224202723369, 54.598853042801771, 0.0 ], [ 9.409275622089369, 54.598937769228144, 0.0 ], [ 9.409327551457327, 54.599022395048365, 0.0 ], [ 9.409379975442084, 54.599106929300859, 0.0 ], [ 9.409432909434546, 54.599191362945859, 0.0 ], [ 9.409486337959212, 54.599275696035129, 0.0 ], [ 9.409540261018577, 54.599359928567985, 0.0 ], [ 9.409594694184282, 54.59944406947811, 0.0 ], [ 9.409649621889736, 54.599528109830445, 0.0 ], [ 9.409705059616551, 54.599612049571981, 0.0 ], [ 9.409760991979207, 54.599695897741086, 0.0 ], [ 9.409817418799937, 54.599779636363678, 0.0 ], [ 9.409874355830301, 54.599863292346775, 0.0 ], [ 9.409931802802495, 54.599946838729494, 0.0 ], [ 9.409989728942657, 54.600030293589498, 0.0 ], [ 9.410048180598777, 54.600113647781903, 0.0 ], [ 9.41010712681606, 54.600196901410925, 0.0 ], [ 9.410166567597438, 54.600280054475895, 0.0 ], [ 9.410226518514675, 54.600363115910248, 0.0 ], [ 9.410286979479725, 54.600446076726548, 0.0 ], [ 9.410347935016674, 54.600528936976509, 0.0 ], [ 9.410409400606849, 54.600611696606876, 0.0 ], [ 9.410473096393345, 54.600694547493035, 0.0 ], [ 9.410473096393345, 54.600694547493035, 0.0 ] ], [ [ 9.408558586611308, 54.596424751721095, 0.0 ], [ 9.408680956102488, 54.596590220822492, 0.0 ], [ 9.408741222394037, 54.596673165131769, 0.0 ], [ 9.408800979170252, 54.596756209990033, 0.0 ], [ 9.408860226428468, 54.596839355398068, 0.0 ], [ 9.408918979553581, 54.596922592317554, 0.0 ], [ 9.408977238632854, 54.597005929735914, 0.0 ], [ 9.409034972708993, 54.597089367758564, 0.0 ], [ 9.409092212733917, 54.59717290628155, 0.0 ], [ 9.409148958615285, 54.597256536318838, 0.0 ], [ 9.409205194962436, 54.597340266910251, 0.0 ], [ 9.409260937250854, 54.597424098004105, 0.0 ], [ 9.409316170000151, 54.597508029653454, 0.0 ], [ 9.409370908594505, 54.597592052819905, 0.0 ], [ 9.409425137554273, 54.597676167556493, 0.0 ], [ 9.409478872534462, 54.597760391784973, 0.0 ], [ 9.409532113352281, 54.597844707532531, 0.0 ], [ 9.409584844616996, 54.59792912383903, 0.0 ], [ 9.409637066236106, 54.598013631718331, 0.0 ], [ 9.40968880925225, 54.59809824005297, 0.0 ], [ 9.409740042707542, 54.598182948948484, 0.0 ], [ 9.409790782077192, 54.598267758353018, 0.0 ], [ 9.409841011789531, 54.598352659332967, 0.0 ], [ 9.409890747410854, 54.598437660823201, 0.0 ], [ 9.409916753162952, 54.598482489836627, 0.0 ], [ 9.409936428557073, 54.59851657384484, 0.0 ], [ 9.409939973369564, 54.598522753890101, 0.0 ], [ 9.4099887207094, 54.598607947416028, 0.0 ], [ 9.410036958471416, 54.59869324150656, 0.0 ], [ 9.410084686562824, 54.598778627175562, 0.0 ], [ 9.41013192054894, 54.59886411335787, 0.0 ], [ 9.410178660427306, 54.598949700054085, 0.0 ], [ 9.410224906104254, 54.599035378278018, 0.0 ], [ 9.410270642189644, 54.599121157069504, 0.0 ], [ 9.410315884158674, 54.599207036376562, 0.0 ], [ 9.410360616439991, 54.59929300726558, 0.0 ], [ 9.410404854599237, 54.599379078671333, 0.0 ], [ 9.410448598543068, 54.599465241607597, 0.0 ], [ 9.410491832971532, 54.599551514100924, 0.0 ], [ 9.410534573179113, 54.599637878125883, 0.0 ], [ 9.410576803684421, 54.599724333735502, 0.0 ], [ 9.41061854014405, 54.599810898851253, 0.0 ], [ 9.410659766895774, 54.599897555552715, 0.0 ], [ 9.410700499505376, 54.599984312774602, 0.0 ], [ 9.410740722401396, 54.600071161583294, 0.0 ], [ 9.4107804511494, 54.600158110913327, 0.0 ], [ 9.410819670268411, 54.600245160817899, 0.0 ], [ 9.410858379755123, 54.600332311297457, 0.0 ], [ 9.410896594994769, 54.600419553313159, 0.0 ], [ 9.410934316075229, 54.600506895852199, 0.0 ], [ 9.410970084725989, 54.600594020337745, 0.0 ], [ 9.410970084725989, 54.600594020337745, 0.0 ] ], [ [ 9.410473096393345, 54.600694547493035, 0.0 ], [ 9.410970084725989, 54.600594020337745, 0.0 ] ], [ [ 9.410473096393345, 54.600694547493035, 0.0 ], [ 9.41054729883451, 54.60087074684067, 0.0 ], [ 9.410586095601191, 54.600958876687521, 0.0 ], [ 9.41062540234612, 54.601046905932151, 0.0 ], [ 9.410665219163029, 54.6011348435607, 0.0 ], [ 9.410705561352762, 54.601222671546729, 0.0 ], [ 9.410746413620426, 54.601310407915683, 0.0 ], [ 9.410787775878514, 54.601398043680348, 0.0 ], [ 9.410829663609153, 54.601485578787589, 0.0 ], [ 9.410872061336107, 54.601573013289475, 0.0 ], [ 9.410914969153053, 54.601660356172175, 0.0 ], [ 9.410958386881797, 54.601747589461716, 0.0 ], [ 9.411002314706566, 54.601834731130985, 0.0 ], [ 9.411046768018496, 54.601921772140074, 0.0 ], [ 9.411091731432478, 54.602008721527781, 0.0 ], [ 9.41113720476992, 54.60209556132007, 0.0 ], [ 9.411183172735676, 54.602182309542428, 0.0 ], [ 9.411229681680156, 54.602268957049681, 0.0 ], [ 9.411276685258802, 54.602355512985866, 0.0 ], [ 9.411324198772668, 54.602441959324281, 0.0 ], [ 9.411372222405918, 54.602528314037741, 0.0 ], [ 9.411420771550093, 54.602614568086366, 0.0 ], [ 9.411457728412898, 54.602679562313988, 0.0 ], [ 9.411469830728713, 54.602700721522083, 0.0 ], [ 9.411494396237327, 54.602743515018794, 0.0 ], [ 9.41151938455608, 54.602786783383721, 0.0 ], [ 9.411569463812205, 54.602872735591838, 0.0 ], [ 9.411620053202277, 54.602958596171931, 0.0 ], [ 9.411671152729003, 54.603044365123374, 0.0 ], [ 9.411722762213719, 54.603130024472044, 0.0 ], [ 9.411774881840822, 54.603215592190757, 0.0 ], [ 9.411827527002078, 54.603301059239378, 0.0 ], [ 9.411880666740871, 54.603386425722697, 0.0 ], [ 9.411934332019436, 54.603471691534622, 0.0 ], [ 9.411988507451865, 54.603556865713884, 0.0 ], [ 9.412043192950053, 54.603641939273054, 0.0 ], [ 9.412098388516384, 54.603726912211485, 0.0 ], [ 9.412154094154142, 54.603811784528475, 0.0 ], [ 9.412210309956707, 54.603896565210007, 0.0 ], [ 9.412267051225323, 54.603981236229188, 0.0 ], [ 9.412324302664574, 54.604065815611492, 0.0 ], [ 9.41238206418601, 54.604150294369454, 0.0 ], [ 9.412440351272622, 54.604234672449579, 0.0 ], [ 9.412499148537854, 54.604318958890616, 0.0 ], [ 9.412558659774879, 54.604403404633153, 0.0 ], [ 9.412558659774879, 54.604403404633153, 0.0 ] ], [ [ 9.410970084725989, 54.600594020337745, 0.0 ], [ 9.411091301211455, 54.600762663263595, 0.0 ], [ 9.411150400232231, 54.60084694936922, 0.0 ], [ 9.411208989600217, 54.60093132704835, 0.0 ], [ 9.411267053924357, 54.601015805341149, 0.0 ], [ 9.411324593292527, 54.60110039323505, 0.0 ], [ 9.411381638478712, 54.601185072652079, 0.0 ], [ 9.411438158612802, 54.601269852684972, 0.0 ], [ 9.411494169079974, 54.601354724295092, 0.0 ], [ 9.411549670059332, 54.601439705456535, 0.0 ], [ 9.411604645887509, 54.601524778249306, 0.0 ], [ 9.411659112221779, 54.601609960594814, 0.0 ], [ 9.411713068878338, 54.601695234520356, 0.0 ], [ 9.411766515945221, 54.601780609013325, 0.0 ], [ 9.41181943793981, 54.601866084127053, 0.0 ], [ 9.411871865727511, 54.601951650770175, 0.0 ], [ 9.411923768528451, 54.602037327022138, 0.0 ], [ 9.411975161637169, 54.602123094857511, 0.0 ], [ 9.412026045142124, 54.602208963263593, 0.0 ], [ 9.412076419040018, 54.602294932241072, 0.0 ], [ 9.41212626775769, 54.602380992856588, 0.0 ], [ 9.412126598550797, 54.602381557911741, 0.0 ], [ 9.412147414015143, 54.60241779454509, 0.0 ], [ 9.412175622433351, 54.602467162978762, 0.0 ], [ 9.412224451923169, 54.602553424740272, 0.0 ], [ 9.41227278727408, 54.602639787022888, 0.0 ], [ 9.412320597524289, 54.6027262499328, 0.0 ], [ 9.412367898150531, 54.602812813417842, 0.0 ], [ 9.412414689058634, 54.602899468491884, 0.0 ], [ 9.412460954947967, 54.602986233181753, 0.0 ], [ 9.412506726593323, 54.603073089409023, 0.0 ], [ 9.412551973123252, 54.603160046266574, 0.0 ], [ 9.412596710014506, 54.603247103702166, 0.0 ], [ 9.412640937172933, 54.603334252729702, 0.0 ], [ 9.412684654777811, 54.603421511323127, 0.0 ], [ 9.412727862644262, 54.603508861509575, 0.0 ], [ 9.412770545380488, 54.603596312329152, 0.0 ], [ 9.41281271846279, 54.60368386372955, 0.0 ], [ 9.412854381888845, 54.603771515711344, 0.0 ], [ 9.412895535564511, 54.603859259288313, 0.0 ], [ 9.412936164188645, 54.603947112487262, 0.0 ], [ 9.412976283056345, 54.604035057282424, 0.0 ], [ 9.413015892346515, 54.604123111647773, 0.0 ], [ 9.413054991874183, 54.60421125761038, 0.0 ], [ 9.413093103389981, 54.604299658570547, 0.0 ], [ 9.413093103389981, 54.604299658570547, 0.0 ] ], [ [ 9.412558659774879, 54.604403404633153, 0.0 ], [ 9.413093103389981, 54.604299658570547, 0.0 ] ], [ [ 9.412558659774879, 54.604403404633153, 0.0 ], [ 9.412637175131621, 54.6045758942413, 0.0 ], [ 9.412677661425985, 54.604661905663598, 0.0 ], [ 9.412718673223106, 54.604747816420968, 0.0 ], [ 9.412760179565261, 54.604833626618472, 0.0 ], [ 9.412802211415883, 54.60491933614999, 0.0 ], [ 9.412844753297998, 54.605004945067783, 0.0 ], [ 9.412887789824392, 54.605090462410857, 0.0 ], [ 9.412931336388006, 54.605175879139139, 0.0 ], [ 9.412975408471782, 54.605261195199219, 0.0 ], [ 9.41301997511756, 54.605346410696256, 0.0 ], [ 9.413065051809161, 54.605431525576812, 0.0 ], [ 9.413110638640141, 54.605516548827069, 0.0 ], [ 9.413156720041483, 54.605601471512578, 0.0 ], [ 9.4132033269776, 54.605686293527, 0.0 ], [ 9.413250428489915, 54.605771014975545, 0.0 ], [ 9.413298055633872, 54.605855644738519, 0.0 ], [ 9.413346177359564, 54.605940173934407, 0.0 ], [ 9.413370368517503, 54.605982303274295, 0.0 ], [ 9.413370368517503, 54.605982303274295, 0.0 ], [ 9.413394809150525, 54.606024602509734, 0.0 ], [ 9.413443951009784, 54.606108930463826, 0.0 ], [ 9.413493603030808, 54.606193166782838, 0.0 ], [ 9.41354374955373, 54.606277293545624, 0.0 ], [ 9.413594406244057, 54.606361328672037, 0.0 ], [ 9.413645588585741, 54.606445272108516, 0.0 ], [ 9.413697265437241, 54.606529105986858, 0.0 ], [ 9.413749452464781, 54.606612848226895, 0.0 ], [ 9.41380214957994, 54.606696489841269, 0.0 ], [ 9.413855341303837, 54.60678003088227, 0.0 ], [ 9.413909058602128, 54.606863471243301, 0.0 ], [ 9.413963285995894, 54.606946810976609, 0.0 ], [ 9.414018008098195, 54.607030059121293, 0.0 ], [ 9.414073255782938, 54.607113206583897, 0.0 ], [ 9.41412899809005, 54.607196253469745, 0.0 ], [ 9.414185250503714, 54.607279199725149, 0.0 ], [ 9.414242028599363, 54.607362054283008, 0.0 ], [ 9.41429930132538, 54.607444808262066, 0.0 ], [ 9.414357424208905, 54.607527406521406, 0.0 ], [ 9.414357424208905, 54.607527406521406, 0.0 ] ], [ [ 9.413093103389981, 54.604299658570547, 0.0 ], [ 9.413208670840641, 54.604464957455988, 0.0 ], [ 9.413265443010085, 54.604547812520678, 0.0 ], [ 9.41332168999136, 54.604630759223056, 0.0 ], [ 9.413377427353073, 54.604713806497585, 0.0 ], [ 9.413432670573229, 54.604796954292098, 0.0 ], [ 9.413487388688225, 54.604880202713105, 0.0 ], [ 9.413541612656319, 54.604963551655473, 0.0 ], [ 9.413595311422498, 54.605046992239011, 0.0 ], [ 9.413648516036494, 54.605130533345239, 0.0 ], [ 9.413701211014583, 54.605214175027747, 0.0 ], [ 9.413753396263242, 54.605297908300528, 0.0 ], [ 9.413805071962035, 54.605381751137649, 0.0 ], [ 9.413856237925819, 54.605465685566337, 0.0 ], [ 9.413906909723373, 54.605549720520976, 0.0 ], [ 9.413957056391091, 54.605633856108149, 0.0 ], [ 9.414006708796023, 54.605718083235814, 0.0 ], [ 9.41405585163764, 54.605802419931017, 0.0 ], [ 9.414080167017149, 54.605844521744785, 0.0 ], [ 9.414080167017149, 54.605844521744785, 0.0 ], [ 9.414104484729897, 54.605886848220962, 0.0 ], [ 9.414152608070479, 54.605971368106225, 0.0 ], [ 9.414200221839074, 54.606055997560865, 0.0 ], [ 9.414247325850125, 54.606140718612053, 0.0 ], [ 9.414293935764761, 54.606225549180792, 0.0 ], [ 9.41434003582464, 54.606310462360533, 0.0 ], [ 9.414385626301666, 54.606395485112017, 0.0 ], [ 9.414430707100996, 54.606480608449097, 0.0 ], [ 9.414475278128771, 54.606565823385608, 0.0 ], [ 9.414519339473468, 54.606651138908866, 0.0 ], [ 9.414562891132336, 54.60673655501941, 0.0 ], [ 9.414605948491776, 54.606822062678027, 0.0 ], [ 9.414648480769923, 54.606907679964799, 0.0 ], [ 9.414690518743207, 54.606993388800682, 0.0 ], [ 9.41473203153784, 54.607079198279095, 0.0 ], [ 9.414773050113205, 54.607165108294403, 0.0 ], [ 9.41481355889395, 54.607251109913491, 0.0 ], [ 9.414853542578349, 54.607337221163377, 0.0 ], [ 9.414892506674841, 54.607423533610998, 0.0 ], [ 9.414892506674841, 54.607423533610998, 0.0 ] ], [ [ 9.414357424208905, 54.607527406521406, 0.0 ], [ 9.414892506674841, 54.607423533610998, 0.0 ] ], [ [ 9.414357424208905, 54.607527406521406, 0.0 ], [ 9.41443829447415, 54.607701756126765, 0.0 ], [ 9.414479881000458, 54.607788706780127, 0.0 ], [ 9.414521993071981, 54.607875556759915, 0.0 ], [ 9.41456463069164, 54.607962306065602, 0.0 ], [ 9.41460780934405, 54.608048954643493, 0.0 ], [ 9.414651513459319, 54.608135493559423, 0.0 ], [ 9.414695727741597, 54.6082219408393, 0.0 ], [ 9.414740482974295, 54.608308278403001, 0.0 ], [ 9.41478576377037, 54.608394515289703, 0.0 ], [ 9.414831570041315, 54.60848064251217, 0.0 ], [ 9.414877917454469, 54.608566677990005, 0.0 ], [ 9.414924774866913, 54.608652603855447, 0.0 ], [ 9.414972157854343, 54.60873842904153, 0.0 ], [ 9.415020081901595, 54.608824153494481, 0.0 ], [ 9.41506851604824, 54.608909777319894, 0.0 ], [ 9.415117491260846, 54.608995300410882, 0.0 ], [ 9.415117617222084, 54.608995506679875, 0.0 ], [ 9.415117617222084, 54.608995506679875, 0.0 ], [ 9.415166991969009, 54.609080713833272, 0.0 ], [ 9.415217018358732, 54.609166035559817, 0.0 ], [ 9.415267570249613, 54.609251247616427, 0.0 ], [ 9.415318647736246, 54.609336358989175, 0.0 ], [ 9.415370250729868, 54.609421360690682, 0.0 ], [ 9.415422379416764, 54.609506270693657, 0.0 ], [ 9.41547504909858, 54.609591070970865, 0.0 ], [ 9.415528228997275, 54.609675779601375, 0.0 ], [ 9.415581949896797, 54.609760378504717, 0.0 ], [ 9.415636196317692, 54.609844867733379, 0.0 ], [ 9.415690968446336, 54.609929265260014, 0.0 ], [ 9.415746266102033, 54.610013553110576, 0.0 ], [ 9.4158021048619, 54.610097740217768, 0.0 ], [ 9.415858469246009, 54.610181826634118, 0.0 ], [ 9.415915359257706, 54.610265812358826, 0.0 ], [ 9.415972774899464, 54.610349697391214, 0.0 ], [ 9.416032092466219, 54.610433315230352, 0.0 ], [ 9.416032092466219, 54.610433315230352, 0.0 ] ], [ [ 9.414892506674841, 54.607423533610998, 0.0 ], [ 9.415008361085002, 54.607591094463977, 0.0 ], [ 9.415065245708552, 54.607675080633491, 0.0 ], [ 9.415121605202982, 54.607759167435034, 0.0 ], [ 9.415177439565818, 54.607843354869381, 0.0 ], [ 9.415232733312113, 54.607927642990362, 0.0 ], [ 9.4152875020125, 54.608012040732255, 0.0 ], [ 9.415341761054167, 54.608096539055964, 0.0 ], [ 9.415395479379585, 54.608181129081764, 0.0 ], [ 9.415448672650108, 54.608265828730616, 0.0 ], [ 9.415501325381896, 54.6083506380564, 0.0 ], [ 9.415553468351646, 54.608435538980032, 0.0 ], [ 9.415605086258447, 54.60852054952877, 0.0 ], [ 9.415656163525853, 54.608605660769818, 0.0 ], [ 9.415706731114458, 54.608690872597407, 0.0 ], [ 9.415756758057853, 54.608776185118614, 0.0 ], [ 9.415806275316685, 54.608861598227676, 0.0 ], [ 9.415806385798982, 54.608861804549164, 0.0 ], [ 9.415806385798982, 54.608861804549164, 0.0 ], [ 9.415855251924457, 54.608947112031665, 0.0 ], [ 9.41590370345142, 54.609032735464687, 0.0 ], [ 9.415951629803383, 54.609118459540724, 0.0 ], [ 9.415999030977343, 54.609204284260358, 0.0 ], [ 9.416045891487768, 54.609290209677511, 0.0 ], [ 9.416092242388348, 54.609376244672916, 0.0 ], [ 9.416138068009802, 54.609462371327076, 0.0 ], [ 9.416183353051023, 54.609548607667229, 0.0 ], [ 9.416228112899272, 54.609634944654033, 0.0 ], [ 9.416272347551379, 54.609721382288058, 0.0 ], [ 9.416316057004515, 54.609807920569907, 0.0 ], [ 9.416359241347386, 54.609894568486801, 0.0 ], [ 9.416401900485329, 54.609981317052636, 0.0 ], [ 9.416444018932623, 54.610068166321277, 0.0 ], [ 9.416485612168801, 54.610155116239973, 0.0 ], [ 9.416526680282635, 54.610242175795953, 0.0 ], [ 9.416566698796387, 54.610329535523306, 0.0 ], [ 9.416566698796387, 54.610329535523306, 0.0 ] ], [ [ 9.416032092466219, 54.610433315230352, 0.0 ], [ 9.416566698796387, 54.610329535523306, 0.0 ] ], [ [ 9.416032092466219, 54.610433315230352, 0.0 ], [ 9.416109774694508, 54.610609570882424, 0.0 ], [ 9.41614921104085, 54.610697588796171, 0.0 ], [ 9.416189157476197, 54.610785506083793, 0.0 ], [ 9.416229614002795, 54.610873322744816, 0.0 ], [ 9.416270580624326, 54.61096103877864, 0.0 ], [ 9.416312057343543, 54.611048654184835, 0.0 ], [ 9.416354044255256, 54.611136177949518, 0.0 ], [ 9.416396541270382, 54.611223601085463, 0.0 ], [ 9.416439532909411, 54.611310923645462, 0.0 ], [ 9.416483050232591, 54.611398154509033, 0.0 ], [ 9.416527062093701, 54.611485275808896, 0.0 ], [ 9.416571584161666, 54.611572305464563, 0.0 ], [ 9.416616600865348, 54.611659234542074, 0.0 ], [ 9.416662127781709, 54.611746071974252, 0.0 ], [ 9.416708180213512, 54.611832799733783, 0.0 ], [ 9.416754711898268, 54.611919435953531, 0.0 ], [ 9.41680176928767, 54.612005980472823, 0.0 ], [ 9.416849321234723, 54.612092415424478, 0.0 ], [ 9.416897383409486, 54.612178758727801, 0.0 ], [ 9.416945955722777, 54.612265001395592, 0.0 ], [ 9.416995022694143, 54.612351143480588, 0.0 ], [ 9.417018969122102, 54.612392823552938, 0.0 ], [ 9.417020198612951, 54.612394949235103, 0.0 ], [ 9.417044599901702, 54.612437193915461, 0.0 ], [ 9.417094687256396, 54.612523143712949, 0.0 ], [ 9.417145284760954, 54.612608992872374, 0.0 ], [ 9.417196377026848, 54.612694750433192, 0.0 ], [ 9.417247979356254, 54.61278039836801, 0.0 ], [ 9.417300076452667, 54.612865954702947, 0.0 ], [ 9.417352699285717, 54.612951419330543, 0.0 ], [ 9.417405816707195, 54.613036774383602, 0.0 ], [ 9.417459428903888, 54.613122037834792, 0.0 ], [ 9.417513566753739, 54.613207200589912, 0.0 ], [ 9.417568199384373, 54.613292271741869, 0.0 ], [ 9.417623342097981, 54.613377233263144, 0.0 ], [ 9.417678995081632, 54.613462103126409, 0.0 ], [ 9.417735158245804, 54.613546872344259, 0.0 ], [ 9.417791816109675, 54.613631540969479, 0.0 ], [ 9.417848984251693, 54.61371611793458, 0.0 ], [ 9.417906662582618, 54.613800594252119, 0.0 ], [ 9.417964851105076, 54.613884969921415, 0.0 ], [ 9.418023549821909, 54.613969244941714, 0.0 ], [ 9.418082758827955, 54.614053428298945, 0.0 ], [ 9.418142477941535, 54.614137502018984, 0.0 ], [ 9.418202707349716, 54.614221484074484, 0.0 ], [ 9.418263800511491, 54.614305112619235, 0.0 ], [ 9.418263800511491, 54.614305112619235, 0.0 ] ], [ [ 9.416566698796387, 54.610329535523306, 0.0 ], [ 9.416688067169737, 54.610497318373035, 0.0 ], [ 9.416747778168348, 54.610581392844558, 0.0 ], [ 9.416806995073642, 54.610665576832695, 0.0 ], [ 9.416865686734392, 54.610749852471486, 0.0 ], [ 9.416923868721886, 54.610834228695019, 0.0 ], [ 9.416981556424032, 54.610918696463955, 0.0 ], [ 9.417038719057137, 54.611003273859197, 0.0 ], [ 9.417095387399808, 54.611087942801291, 0.0 ], [ 9.417151546058086, 54.61117271233099, 0.0 ], [ 9.417207195029563, 54.611257582449085, 0.0 ], [ 9.417262334219897, 54.611342544169496, 0.0 ], [ 9.417316979292556, 54.611427615412957, 0.0 ], [ 9.417371114578161, 54.611512778260142, 0.0 ], [ 9.417424740166084, 54.611598041698436, 0.0 ], [ 9.417477855961037, 54.611683396741832, 0.0 ], [ 9.417530462052751, 54.611768852377672, 0.0 ], [ 9.417582573921207, 54.611854408553199, 0.0 ], [ 9.417634176080403, 54.611940065322514, 0.0 ], [ 9.417685283919049, 54.612025813646049, 0.0 ], [ 9.417735866559759, 54.612111662618148, 0.0 ], [ 9.417785954966428, 54.612197612132462, 0.0 ], [ 9.417810025699552, 54.612239264660268, 0.0 ], [ 9.417811255227027, 54.612241390334383, 0.0 ], [ 9.417835549135734, 54.612283662189633, 0.0 ], [ 9.417884618006417, 54.612369803910532, 0.0 ], [ 9.41793319263464, 54.612456046175502, 0.0 ], [ 9.417981257533953, 54.612542389038673, 0.0 ], [ 9.418028828092464, 54.612628823460419, 0.0 ], [ 9.418075888916695, 54.612715358481545, 0.0 ], [ 9.418122440003238, 54.612801994102625, 0.0 ], [ 9.41816848134977, 54.612888730324279, 0.0 ], [ 9.418214028343893, 54.612975558106861, 0.0 ], [ 9.418259050108812, 54.613062486544671, 0.0 ], [ 9.418303577607846, 54.613149515531241, 0.0 ], [ 9.418347610838801, 54.61323664506709, 0.0 ], [ 9.418391118738867, 54.613323866273184, 0.0 ], [ 9.41843413236462, 54.613411188029673, 0.0 ], [ 9.418476636229739, 54.613498610390621, 0.0 ], [ 9.418518630331151, 54.613586133356613, 0.0 ], [ 9.418560114573614, 54.613673747941462, 0.0 ], [ 9.418601104530392, 54.613761463078809, 0.0 ], [ 9.418641569230527, 54.61384927887628, 0.0 ], [ 9.418681539638905, 54.613937195227294, 0.0 ], [ 9.418720984692799, 54.614025203252844, 0.0 ], [ 9.418759935540963, 54.614113320819555, 0.0 ], [ 9.418797787291581, 54.614201451165172, 0.0 ], [ 9.418797787291581, 54.614201451165172, 0.0 ] ], [ [ 9.418263800511491, 54.614305112619235, 0.0 ], [ 9.418797787291581, 54.614201451165172, 0.0 ] ], [ [ 9.418263800511491, 54.614305112619235, 0.0 ], [ 9.418340261557034, 54.614479906097188, 0.0 ], [ 9.418379465932103, 54.614567115214548, 0.0 ], [ 9.418419164951853, 54.614654223750129, 0.0 ], [ 9.418459358711472, 54.614741240690108, 0.0 ], [ 9.41850006260573, 54.614828156993767, 0.0 ], [ 9.418541261246023, 54.614914981700792, 0.0 ], [ 9.418582954542478, 54.615001705824035, 0.0 ], [ 9.418625157982536, 54.615088329309408, 0.0 ], [ 9.418667840692635, 54.615174861250217, 0.0 ], [ 9.418711033644396, 54.615261301538787, 0.0 ], [ 9.418754721264033, 54.615347641241456, 0.0 ], [ 9.418798903554132, 54.615433880357699, 0.0 ], [ 9.418843580609956, 54.615520027873679, 0.0 ], [ 9.418888767826539, 54.61560607474852, 0.0 ], [ 9.418934434330181, 54.615692030075614, 0.0 ], [ 9.418980595515444, 54.615777884814079, 0.0 ], [ 9.419027266962321, 54.615863647896369, 0.0 ], [ 9.419074433096682, 54.615949310388885, 0.0 ], [ 9.419122078529147, 54.616034881331409, 0.0 ], [ 9.419170234139152, 54.61612035162932, 0.0 ], [ 9.419218884537358, 54.616205730322413, 0.0 ], [ 9.419242725276641, 54.616247230562358, 0.0 ], [ 9.419243955000562, 54.616249356220194, 0.0 ], [ 9.419268029634038, 54.616291008423353, 0.0 ], [ 9.4193176694321, 54.616376185931593, 0.0 ], [ 9.419367804026503, 54.61646127183316, 0.0 ], [ 9.419418433419885, 54.61654626612745, 0.0 ], [ 9.419469573007742, 54.61663115977349, 0.0 ], [ 9.419521191915642, 54.616715961864671, 0.0 ], [ 9.419573305538151, 54.616800663360038, 0.0 ], [ 9.41962592936323, 54.616885264205187, 0.0 ], [ 9.419679048001003, 54.616969773439905, 0.0 ], [ 9.419732661454468, 54.617054191063524, 0.0 ], [ 9.419786769541101, 54.617138499101991, 0.0 ], [ 9.419841372541239, 54.617222724514725, 0.0 ], [ 9.419896470272386, 54.617306849327704, 0.0 ], [ 9.419952078222538, 54.617390873486443, 0.0 ], [ 9.420008180908763, 54.617474797044046, 0.0 ], [ 9.420064778519393, 54.617558637973154, 0.0 ], [ 9.420121870779177, 54.617642369313053, 0.0 ], [ 9.420179457875983, 54.617726009036417, 0.0 ], [ 9.42023755520462, 54.617809548102059, 0.0 ], [ 9.420296147375957, 54.617892995549667, 0.0 ], [ 9.420355249784709, 54.617976342338117, 0.0 ], [ 9.420414831555458, 54.618059597560936, 0.0 ], [ 9.420475449610105, 54.618142705359553, 0.0 ], [ 9.420475449610105, 54.618142705359553, 0.0 ] ], [ [ 9.418797787291581, 54.614201451165172, 0.0 ], [ 9.418917876294158, 54.614367780242254, 0.0 ], [ 9.418976970744071, 54.614451127765975, 0.0 ], [ 9.419035555479164, 54.614534575882971, 0.0 ], [ 9.41909364588796, 54.614618115553654, 0.0 ], [ 9.419151226576304, 54.614701755819084, 0.0 ], [ 9.419208328509699, 54.614785496572672, 0.0 ], [ 9.419264920625265, 54.61486932893574, 0.0 ], [ 9.419321018403693, 54.614953252855351, 0.0 ], [ 9.41937660645136, 54.615037277372515, 0.0 ], [ 9.419431715733296, 54.615121402380588, 0.0 ], [ 9.419486315186411, 54.615205619000932, 0.0 ], [ 9.419540435869122, 54.615289936113491, 0.0 ], [ 9.419594046717068, 54.615374344839658, 0.0 ], [ 9.419647163305109, 54.615458854113065, 0.0 ], [ 9.419699785629827, 54.615543463934408, 0.0 ], [ 9.419751913596569, 54.615628165317609, 0.0 ], [ 9.419803547202386, 54.615712958263323, 0.0 ], [ 9.419854671052486, 54.615797851812594, 0.0 ], [ 9.41990531602093, 54.615882836871897, 0.0 ], [ 9.419955451228102, 54.615967922536029, 0.0 ], [ 9.42000510764076, 54.616053108698111, 0.0 ], [ 9.420030302541422, 54.616096716029368, 0.0 ], [ 9.420030302541422, 54.616096716029368, 0.0 ], [ 9.420054254194142, 54.61613838647957, 0.0 ], [ 9.420102906370298, 54.616223755827257, 0.0 ], [ 9.420151079743396, 54.616309225674627, 0.0 ], [ 9.420198743341597, 54.616394796129896, 0.0 ], [ 9.420245912554167, 54.616480458153191, 0.0 ], [ 9.420292587471153, 54.616566220731727, 0.0 ], [ 9.420338767996595, 54.616652074879404, 0.0 ], [ 9.420384438643161, 54.616738020650622, 0.0 ], [ 9.420429630563323, 54.616824075911701, 0.0 ], [ 9.420474312505958, 54.616910213810719, 0.0 ], [ 9.420518515716664, 54.616996461200671, 0.0 ], [ 9.420562208944238, 54.617082791229691, 0.0 ], [ 9.420605407949191, 54.617169230804571, 0.0 ], [ 9.420648097057999, 54.61725576200628, 0.0 ], [ 9.420690307237965, 54.617342384727699, 0.0 ], [ 9.420732007608889, 54.617429108063646, 0.0 ], [ 9.420773213652945, 54.617515931960874, 0.0 ], [ 9.420813925274553, 54.617602847433162, 0.0 ], [ 9.420854142563803, 54.61768986346771, 0.0 ], [ 9.420893849939189, 54.617776971132223, 0.0 ], [ 9.42093306297623, 54.617864179359934, 0.0 ], [ 9.420971766186954, 54.617951488205279, 0.0 ], [ 9.421009511884707, 54.618039034031895, 0.0 ], [ 9.421009511884707, 54.618039034031895, 0.0 ] ], [ [ 9.420475449610105, 54.618142705359553, 0.0 ], [ 9.421009511884707, 54.618039034031895, 0.0 ] ], [ [ 9.420475449610105, 54.618142705359553, 0.0 ], [ 9.420553588244807, 54.61831636815112, 0.0 ], [ 9.42059359983231, 54.618402944614267, 0.0 ], [ 9.420634106107833, 54.618489420486071, 0.0 ], [ 9.420675091588533, 54.618575795819858, 0.0 ], [ 9.420716587341351, 54.618662079494122, 0.0 ], [ 9.420758562397911, 54.618748271616042, 0.0 ], [ 9.420801032153673, 54.618834363144593, 0.0 ], [ 9.420843996611275, 54.618920354079279, 0.0 ], [ 9.420887455866733, 54.619006253406184, 0.0 ], [ 9.420931409922993, 54.619092061124832, 0.0 ], [ 9.420975843203793, 54.619177768301874, 0.0 ], [ 9.421020786683588, 54.619263374828975, 0.0 ], [ 9.42106620948667, 54.619348889800065, 0.0 ], [ 9.421112127101289, 54.61943431316071, 0.0 ], [ 9.421158523951616, 54.619519635977554, 0.0 ], [ 9.421205431012233, 54.619604858142225, 0.0 ], [ 9.421252817406829, 54.619689988748647, 0.0 ], [ 9.421300698624165, 54.619775027742314, 0.0 ], [ 9.421349059088101, 54.619859966189942, 0.0 ], [ 9.421376831019595, 54.619908300392545, 0.0 ], [ 9.421397914287121, 54.619944804036976, 0.0 ], [ 9.421410102774701, 54.619965809129482, 0.0 ], [ 9.421447264317113, 54.620029550269486, 0.0 ], [ 9.421497109180763, 54.620114204886903, 0.0 ], [ 9.421547448787971, 54.6201987589019, 0.0 ], [ 9.421598267747726, 54.620283221354548, 0.0 ], [ 9.421649565970085, 54.620367583257533, 0.0 ], [ 9.421701374523243, 54.620451853488944, 0.0 ], [ 9.421753662344154, 54.620536023169478, 0.0 ], [ 9.421806445014861, 54.620620101231147, 0.0 ], [ 9.421859722444983, 54.620704078686671, 0.0 ], [ 9.421913479243981, 54.620787964576031, 0.0 ], [ 9.421967730807372, 54.620871749857933, 0.0 ], [ 9.422022477231437, 54.620955443518362, 0.0 ], [ 9.422077703031999, 54.621039045610701, 0.0 ], [ 9.422133438998806, 54.621122538052838, 0.0 ], [ 9.422189654440364, 54.621205947912216, 0.0 ], [ 9.422246364659754, 54.621289257160754, 0.0 ], [ 9.422303554172954, 54.621372465851799, 0.0 ], [ 9.422361254048864, 54.621455582863241, 0.0 ], [ 9.422419433224027, 54.621538599315812, 0.0 ], [ 9.42247812276708, 54.621621524087324, 0.0 ], [ 9.422537291707691, 54.621704357285189, 0.0 ], [ 9.422596955348194, 54.62178708088129, 0.0 ], [ 9.422657113971255, 54.621869721834926, 0.0 ], [ 9.422715901722832, 54.621944108498205, 0.0 ], [ 9.422715901722832, 54.621944108498205, 0.0 ] ], [ [ 9.421009511884707, 54.618039034031895, 0.0 ], [ 9.42113071046124, 54.618205860254079, 0.0 ], [ 9.421190344602662, 54.618289501354184, 0.0 ], [ 9.421249484382249, 54.618373234015785, 0.0 ], [ 9.421308114404852, 54.618457067280197, 0.0 ], [ 9.421366250153092, 54.618541001094208, 0.0 ], [ 9.421423891624759, 54.618625035458543, 0.0 ], [ 9.421481023238101, 54.618709161441203, 0.0 ], [ 9.421537660569355, 54.618793387975586, 0.0 ], [ 9.421593788130089, 54.618877715116398, 0.0 ], [ 9.421649405824759, 54.618962133877645, 0.0 ], [ 9.421704544714776, 54.619046653138746, 0.0 ], [ 9.421759173825963, 54.619131273008335, 0.0 ], [ 9.421813308548872, 54.619215984446434, 0.0 ], [ 9.421866933487516, 54.619300796494414, 0.0 ], [ 9.421920064125052, 54.619385709098886, 0.0 ], [ 9.421972700365856, 54.619470713273849, 0.0 ], [ 9.422024826814495, 54.619555818060654, 0.0 ], [ 9.422076458953564, 54.619641023405933, 0.0 ], [ 9.422127596687904, 54.619726320323643, 0.0 ], [ 9.422178240107453, 54.61981171780107, 0.0 ], [ 9.422228373630491, 54.619897206906217, 0.0 ], [ 9.422255225985047, 54.61994337825174, 0.0 ], [ 9.422278012833367, 54.619982796572359, 0.0 ], [ 9.422279857780422, 54.619985980516823, 0.0 ], [ 9.422327157713406, 54.620068486800086, 0.0 ], [ 9.422375808267743, 54.620154277589982, 0.0 ], [ 9.42242394891422, 54.620240160010098, 0.0 ], [ 9.422471595229226, 54.620326142993584, 0.0 ], [ 9.422518747117161, 54.620412217554367, 0.0 ], [ 9.422565389181996, 54.620498392733786, 0.0 ], [ 9.422611536907116, 54.620584668478351, 0.0 ], [ 9.422657190196706, 54.620671035801941, 0.0 ], [ 9.422702349140801, 54.620757503691777, 0.0 ], [ 9.42274699815718, 54.620844063215898, 0.0 ], [ 9.422791152915831, 54.620930732294056, 0.0 ], [ 9.422834813134001, 54.621017483966781, 0.0 ], [ 9.42287796360233, 54.621104345248774, 0.0 ], [ 9.422920619618004, 54.621191298113061, 0.0 ], [ 9.42296278127114, 54.621278351546877, 0.0 ], [ 9.423004433072435, 54.621365505604849, 0.0 ], [ 9.42304559041219, 54.621452751246736, 0.0 ], [ 9.423086237894294, 54.621540097513865, 0.0 ], [ 9.423126391002445, 54.621627544352513, 0.0 ], [ 9.423166049640447, 54.621715082776582, 0.0 ], [ 9.42320519841175, 54.621802721827351, 0.0 ], [ 9.423245933148053, 54.62189839867807, 0.0 ], [ 9.423245933148053, 54.62189839867807, 0.0 ] ], [ [ 9.422715901722832, 54.621944108498205, 0.0 ], [ 9.423245933148053, 54.62189839867807, 0.0 ] ], [ [ 9.422715901722832, 54.621944108498205, 0.0 ], [ 9.422677129247194, 54.622116524702903, 0.0 ], [ 9.422659700007523, 54.622207012758331, 0.0 ], [ 9.422642812922922, 54.622297516889596, 0.0 ], [ 9.422626467904013, 54.622388028110294, 0.0 ], [ 9.422610649560374, 54.622478555461377, 0.0 ], [ 9.422595388776696, 54.622569089848184, 0.0 ], [ 9.422580654768378, 54.622659649352407, 0.0 ], [ 9.422566462840249, 54.622750215946873, 0.0 ], [ 9.422552812995518, 54.622840789631731, 0.0 ], [ 9.422539689843635, 54.622931379447905, 0.0 ], [ 9.422527108876045, 54.623021985341495, 0.0 ], [ 9.422515070002243, 54.623112598325967, 0.0 ], [ 9.422503573413122, 54.623203236374849, 0.0 ], [ 9.422492603344466, 54.623293872582337, 0.0 ], [ 9.422482160080062, 54.623384533908578, 0.0 ], [ 9.422472274411568, 54.623475202272218, 0.0 ], [ 9.422462915461178, 54.623565886768176, 0.0 ], [ 9.422454098626208, 54.623656578355877, 0.0 ], [ 9.422445808516425, 54.623747286076146, 0.0 ], [ 9.422438060622726, 54.623838009875008, 0.0 ], [ 9.422430854855618, 54.623928740765876, 0.0 ], [ 9.422425758786904, 54.623997392231743, 0.0 ], [ 9.422424175824363, 54.624019487789617, 0.0 ], [ 9.422421361575594, 54.6240602536325, 0.0 ], [ 9.422418039019556, 54.624110250892222, 0.0 ], [ 9.422412444352233, 54.624201021087103, 0.0 ], [ 9.422407376431263, 54.624291807415062, 0.0 ], [ 9.422402850748044, 54.624382609822071, 0.0 ], [ 9.422398851725116, 54.624473419375633, 0.0 ], [ 9.422395410434659, 54.624564244954257, 0.0 ], [ 9.422392495904941, 54.624655086666188, 0.0 ], [ 9.422390108046201, 54.624745935524743, 0.0 ], [ 9.422388277930951, 54.624836800408488, 0.0 ], [ 9.422386974587249, 54.624927681425596, 0.0 ], [ 9.422386197925055, 54.625018569589415, 0.0 ], [ 9.422385979017317, 54.625109473778409, 0.0 ], [ 9.422386302379627, 54.625200394046729, 0.0 ], [ 9.422387152434508, 54.625291321461717, 0.0 ], [ 9.422388544766742, 54.625382264955981, 0.0 ], [ 9.422390479286566, 54.625473215542804, 0.0 ], [ 9.422392940695945, 54.625564191249559, 0.0 ], [ 9.42239595978865, 54.62565517399473, 0.0 ], [ 9.422399521079956, 54.62574616383236, 0.0 ], [ 9.42240415350739, 54.62583738359033, 0.0 ], [ 9.42240415350739, 54.62583738359033, 0.0 ] ], [ [ 9.423245933148053, 54.62189839867807, 0.0 ], [ 9.423257135087274, 54.622086637071256, 0.0 ], [ 9.423260965039333, 54.622176502625415, 0.0 ], [ 9.423264283845494, 54.622266360979594, 0.0 ], [ 9.423267060341173, 54.622356194268882, 0.0 ], [ 9.423269325777452, 54.622446029344914, 0.0 ], [ 9.423271064383284, 54.622535839301939, 0.0 ], [ 9.423272276342328, 54.622625642113334, 0.0 ], [ 9.423272961557586, 54.622715428792404, 0.0 ], [ 9.423273120119156, 54.622805208325879, 0.0 ], [ 9.423272767416895, 54.622894971672899, 0.0 ], [ 9.423271888053941, 54.622984727874311, 0.0 ], [ 9.423270481933411, 54.623074467943447, 0.0 ], [ 9.423268549051713, 54.623164191880321, 0.0 ], [ 9.423266104986226, 54.623253908617357, 0.0 ], [ 9.423263134152748, 54.623343609222061, 0.0 ], [ 9.423259636641321, 54.623433302681065, 0.0 ], [ 9.423255612354778, 54.623522980007699, 0.0 ], [ 9.423251076777241, 54.623612641147695, 0.0 ], [ 9.423246014511346, 54.623702295141847, 0.0 ], [ 9.423240425460163, 54.62379193300346, 0.0 ], [ 9.423237653289322, 54.623833687290421, 0.0 ], [ 9.423234689018894, 54.623876331961483, 0.0 ], [ 9.423234325201378, 54.623881563664924, 0.0 ], [ 9.42322768266253, 54.623971178247871, 0.0 ], [ 9.423220544303456, 54.624060776589701, 0.0 ], [ 9.423212863751019, 54.624150367839519, 0.0 ], [ 9.423204671977306, 54.62423995188886, 0.0 ], [ 9.423195953303955, 54.624329510818477, 0.0 ], [ 9.423186707914695, 54.624419062601618, 0.0 ], [ 9.423176935806003, 54.624508607238155, 0.0 ], [ 9.4231666523687, 54.624598135687123, 0.0 ], [ 9.423155842111719, 54.624687648002563, 0.0 ], [ 9.423144505124926, 54.624777153171024, 0.0 ], [ 9.423132641311419, 54.624866642205681, 0.0 ], [ 9.423120266249397, 54.624956124038903, 0.0 ], [ 9.423107364353523, 54.625045589738029, 0.0 ], [ 9.42309392013275, 54.625135039357076, 0.0 ], [ 9.423079964653015, 54.625224481774183, 0.0 ], [ 9.423065497817648, 54.625313908002525, 0.0 ], [ 9.42305048874006, 54.625403327136937, 0.0 ], [ 9.423034952811697, 54.625492730136358, 0.0 ], [ 9.423018890029164, 54.625582117000619, 0.0 ], [ 9.423002315970281, 54.625671496662022, 0.0 ], [ 9.422985199562335, 54.625760860242025, 0.0 ], [ 9.422967061129111, 54.625850254352358, 0.0 ], [ 9.422967061129111, 54.625850254352358, 0.0 ] ], [ [ 9.42240415350739, 54.62583738359033, 0.0 ], [ 9.422967061129111, 54.625850254352358, 0.0 ] ], [ [ 9.42240415350739, 54.62583738359033, 0.0 ], [ 9.422369544663262, 54.62601447624818, 0.0 ], [ 9.422353254902939, 54.626103045989886, 0.0 ], [ 9.422337460797323, 54.626191622984614, 0.0 ], [ 9.422322193326567, 54.626280207124402, 0.0 ], [ 9.422307452680846, 54.626368816382836, 0.0 ], [ 9.422293207606794, 54.626457423908157, 0.0 ], [ 9.422279473875312, 54.626546056606529, 0.0 ], [ 9.422266266699502, 54.626634687464026, 0.0 ], [ 9.422253570873313, 54.626723343494866, 0.0 ], [ 9.422241386120549, 54.626811997739232, 0.0 ], [ 9.422229712723817, 54.626900677157245, 0.0 ], [ 9.422218565989288, 54.626989363721684, 0.0 ], [ 9.422207914942634, 54.627078057540807, 0.0 ], [ 9.422197790657979, 54.627166767493229, 0.0 ], [ 9.42218816206773, 54.627255484700598, 0.0 ], [ 9.422179060246089, 54.627344218041522, 0.0 ], [ 9.422170469614613, 54.62743295858354, 0.0 ], [ 9.422162390269348, 54.627521715313414, 0.0 ], [ 9.422154822121087, 54.627610479244566, 0.0 ], [ 9.42214776526553, 54.627699259363752, 0.0 ], [ 9.42214121961347, 54.627788046684387, 0.0 ], [ 9.422138132506811, 54.627832426215541, 0.0 ], [ 9.422138132506811, 54.627832426215541, 0.0 ], [ 9.422135185261247, 54.627876850193218, 0.0 ], [ 9.42212966211914, 54.627965660903655, 0.0 ], [ 9.422124650283365, 54.628054487802402, 0.0 ], [ 9.422120165153583, 54.628143321848832, 0.0 ], [ 9.422116175847874, 54.62823217213775, 0.0 ], [ 9.422112713347612, 54.62832103856109, 0.0 ], [ 9.422109746491877, 54.628409903253683, 0.0 ], [ 9.422107306541792, 54.628498793067422, 0.0 ], [ 9.422105377825154, 54.628587690083094, 0.0 ], [ 9.422103944855913, 54.628676594354722, 0.0 ], [ 9.42210303870934, 54.6287655147609, 0.0 ], [ 9.422102643806307, 54.628854442369047, 0.0 ], [ 9.422102775732718, 54.628943386111736, 0.0 ], [ 9.422103403419603, 54.629032337110402, 0.0 ], [ 9.422104557943097, 54.629121304243611, 0.0 ], [ 9.422106223816586, 54.6292102875654, 0.0 ], [ 9.422108400856906, 54.629299269102376, 0.0 ], [ 9.422111089347435, 54.629388275814527, 0.0 ], [ 9.422114289104899, 54.629477289728463, 0.0 ], [ 9.422118015622502, 54.629566310790118, 0.0 ], [ 9.422122253506984, 54.629655348040124, 0.0 ], [ 9.422127018158392, 54.629744392437708, 0.0 ], [ 9.422131814090841, 54.629833463685664, 0.0 ], [ 9.422131814090841, 54.629833463685664, 0.0 ] ], [ [ 9.422967061129111, 54.625850254352358, 0.0 ], [ 9.42297758479962, 54.626028375667794, 0.0 ], [ 9.422981824152808, 54.626117412937269, 0.0 ], [ 9.422985536824067, 54.626206443059822, 0.0 ], [ 9.422988753692946, 54.626295456940532, 0.0 ], [ 9.422991443779711, 54.626384454687738, 0.0 ], [ 9.422993607173689, 54.626473445288156, 0.0 ], [ 9.422995274755728, 54.626562419646838, 0.0 ], [ 9.422996415638675, 54.626651386858811, 0.0 ], [ 9.422997060702706, 54.626740337829112, 0.0 ], [ 9.422997179060536, 54.626829281652718, 0.0 ], [ 9.422996786197967, 54.626918218275478, 0.0 ], [ 9.422995866435599, 54.627007129778264, 0.0 ], [ 9.422994451027941, 54.627096043012699, 0.0 ], [ 9.422992524296379, 54.627184940059621, 0.0 ], [ 9.422990070748122, 54.627273820973159, 0.0 ], [ 9.422987121451408, 54.627362694631643, 0.0 ], [ 9.422983645331653, 54.627451552156728, 0.0 ], [ 9.42297967345665, 54.627540402426682, 0.0 ], [ 9.422975174751915, 54.627629236563102, 0.0 ], [ 9.422970164796054, 54.627718063498463, 0.0 ], [ 9.42296464349266, 54.627806874246062, 0.0 ], [ 9.422961696683078, 54.627851253309139, 0.0 ], [ 9.422961696683078, 54.627851253309139, 0.0 ], [ 9.422958610931866, 54.627895677792516, 0.0 ], [ 9.422952082505834, 54.627984465096844, 0.0 ], [ 9.422945027326506, 54.628073245254051, 0.0 ], [ 9.422937445297041, 54.628162009277297, 0.0 ], [ 9.422929367486002, 54.628250766044935, 0.0 ], [ 9.422920778400419, 54.628339515610939, 0.0 ], [ 9.422911677850676, 54.628428240001959, 0.0 ], [ 9.422902066113412, 54.62851696617782, 0.0 ], [ 9.422891927415842, 54.628605667232577, 0.0 ], [ 9.422881293013367, 54.628694370017804, 0.0 ], [ 9.422870131737371, 54.628783056668347, 0.0 ], [ 9.42285845907344, 54.628871727129955, 0.0 ], [ 9.42284629060155, 54.628960390334925, 0.0 ], [ 9.422833579756515, 54.629049037458934, 0.0 ], [ 9.42282037309629, 54.629137677326057, 0.0 ], [ 9.422806655035403, 54.629226301003598, 0.0 ], [ 9.422792410173868, 54.629314917532199, 0.0 ], [ 9.422777653904728, 54.62940351787087, 0.0 ], [ 9.422762386317862, 54.629492111006122, 0.0 ], [ 9.422746607316693, 54.629580687951069, 0.0 ], [ 9.422730301408182, 54.629669248759676, 0.0 ], [ 9.422713484265273, 54.629757811350906, 0.0 ], [ 9.42269562904265, 54.629846359591298, 0.0 ], [ 9.42269562904265, 54.629846359591298, 0.0 ] ], [ [ 9.422131814090841, 54.629833463685664, 0.0 ], [ 9.42269562904265, 54.629846359591298, 0.0 ] ], [ [ 9.422131814090841, 54.629833463685664, 0.0 ], [ 9.422101154526723, 54.630015395333821, 0.0 ], [ 9.422087474790819, 54.630106400330988, 0.0 ], [ 9.42207436821813, 54.63019741231254, 0.0 ], [ 9.422061834905998, 54.630288440265296, 0.0 ], [ 9.4220498748575, 54.630379484189454, 0.0 ], [ 9.422038503474083, 54.630470535044431, 0.0 ], [ 9.422027705362375, 54.630561601871143, 0.0 ], [ 9.422017480526501, 54.630652684669684, 0.0 ], [ 9.422007828876673, 54.630743774453556, 0.0 ], [ 9.421998750510289, 54.630834880209527, 0.0 ], [ 9.421990245430775, 54.630926001937759, 0.0 ], [ 9.421982329039635, 54.631017130597655, 0.0 ], [ 9.42197498603643, 54.631108284216658, 0.0 ], [ 9.421968216145734, 54.631199435834866, 0.0 ], [ 9.42196511433192, 54.63124393221792, 0.0 ], [ 9.42196511433192, 54.63124393221792, 0.0 ], [ 9.421962019650481, 54.631290612412428, 0.0 ], [ 9.42195639636868, 54.631381795976026, 0.0 ], [ 9.421951346397089, 54.631472995512446, 0.0 ], [ 9.421946885230053, 54.631564210967689, 0.0 ], [ 9.421942997288014, 54.631655433409165, 0.0 ], [ 9.421939682667615, 54.631746671823656, 0.0 ], [ 9.421936941372763, 54.631837926211105, 0.0 ], [ 9.421934773314566, 54.631929187584959, 0.0 ], [ 9.42193317858967, 54.632020464931848, 0.0 ], [ 9.421932172692692, 54.632111758197823, 0.0 ], [ 9.42193174004376, 54.632203058450209, 0.0 ], [ 9.421931880739868, 54.632294374675674, 0.0 ], [ 9.421932610275681, 54.63238570682018, 0.0 ], [ 9.421933913164255, 54.632477054937731, 0.0 ], [ 9.421935789316132, 54.632568410041671, 0.0 ], [ 9.421940050616849, 54.632659711891179, 0.0 ], [ 9.421940050616849, 54.632659711891179, 0.0 ] ], [ [ 9.42269562904265, 54.629846359591298, 0.0 ], [ 9.422700515604999, 54.630029101844073, 0.0 ], [ 9.422701820111241, 54.630120449986165, 0.0 ], [ 9.422702535724332, 54.630211773223458, 0.0 ], [ 9.422702678210243, 54.630303098461766, 0.0 ], [ 9.422702247285269, 54.630394398741203, 0.0 ], [ 9.422701243131586, 54.630485692035037, 0.0 ], [ 9.422699650162668, 54.630576969410761, 0.0 ], [ 9.422697499354472, 54.630668230760065, 0.0 ], [ 9.422694759816345, 54.630759485177876, 0.0 ], [ 9.422691446941256, 54.630850723623396, 0.0 ], [ 9.422687545234751, 54.630941946150607, 0.0 ], [ 9.422683085767181, 54.631033161638001, 0.0 ], [ 9.422678052951055, 54.631124361152899, 0.0 ], [ 9.422672431292105, 54.631215544749402, 0.0 ], [ 9.422669485150154, 54.631260040607835, 0.0 ], [ 9.422669485150154, 54.631260040607835, 0.0 ], [ 9.422666236277017, 54.631306712373274, 0.0 ], [ 9.422659467994842, 54.631397873011174, 0.0 ], [ 9.422652126348501, 54.63148901767628, 0.0 ], [ 9.422644211427794, 54.631580155355152, 0.0 ], [ 9.422635723135532, 54.631671277061066, 0.0 ], [ 9.422626645976836, 54.631762382848017, 0.0 ], [ 9.422616995438897, 54.631853472661746, 0.0 ], [ 9.422606771611058, 54.631944555488772, 0.0 ], [ 9.422595974395843, 54.632035622342336, 0.0 ], [ 9.422584603789941, 54.632126673222281, 0.0 ], [ 9.422572644391654, 54.632217717169219, 0.0 ], [ 9.422560127085665, 54.632308745088082, 0.0 ], [ 9.422547020886164, 54.632399757086944, 0.0 ], [ 9.422533325883007, 54.63249076215228, 0.0 ], [ 9.422519057376025, 54.63258174225647, 0.0 ], [ 9.422503672153253, 54.632672600439498, 0.0 ], [ 9.422503672153253, 54.632672600439498, 0.0 ] ], [ [ 9.421940050616849, 54.632659711891179, 0.0 ], [ 9.422503672153253, 54.632672600439498, 0.0 ] ], [ [ 9.421940050616849, 54.632659711891179, 0.0 ], [ 9.42190660627967, 54.632837797697178, 0.0 ], [ 9.42189025471728, 54.632926735951941, 0.0 ], [ 9.421874429967298, 54.633015690340102, 0.0 ], [ 9.42185910086479, 54.633104642996535, 0.0 ], [ 9.421844283090024, 54.633193611840753, 0.0 ], [ 9.421829992137949, 54.633282596818873, 0.0 ], [ 9.421816196936506, 54.63337158905248, 0.0 ], [ 9.421802912979636, 54.633460588487722, 0.0 ], [ 9.421790124873006, 54.633549604165452, 0.0 ], [ 9.42177786350914, 54.6336386269911, 0.0 ], [ 9.421766097908957, 54.633727657072832, 0.0 ], [ 9.421754859151402, 54.633816703289497, 0.0 ], [ 9.421744116164207, 54.633905756762545, 0.0 ], [ 9.42173386904337, 54.633994826478727, 0.0 ], [ 9.421724148682411, 54.634083903343544, 0.0 ], [ 9.421714924101389, 54.634172987465121, 0.0 ], [ 9.421706210888177, 54.634262087776207, 0.0 ], [ 9.421698008953481, 54.63435119529025, 0.0 ], [ 9.421690302808541, 54.63444031006135, 0.0 ], [ 9.421683108041726, 54.634529441022231, 0.0 ], [ 9.421676424563069, 54.634618579186366, 0.0 ], [ 9.4216718082615, 54.634684433872607, 0.0 ], [ 9.421670252375854, 54.634707724553792, 0.0 ], [ 9.421665689385515, 54.634778728591037, 0.0 ], [ 9.421664576084918, 54.634796886165283, 0.0 ], [ 9.421659411092005, 54.634886054980178, 0.0 ], [ 9.421654757493847, 54.634975239985216, 0.0 ], [ 9.421650599708997, 54.635064432247844, 0.0 ], [ 9.421646953231932, 54.635153631714068, 0.0 ], [ 9.421643818159676, 54.63524284737057, 0.0 ], [ 9.421641178910448, 54.635332070284747, 0.0 ], [ 9.421639051072384, 54.635421309389265, 0.0 ], [ 9.421637434555699, 54.635510555697515, 0.0 ], [ 9.421636329364267, 54.635599809209523, 0.0 ], [ 9.421635720008746, 54.635689069979243, 0.0 ], [ 9.421635622077988, 54.635778346939354, 0.0 ], [ 9.42163603557518, 54.635867640089863, 0.0 ], [ 9.421636944825224, 54.635956931511458, 0.0 ], [ 9.421638381002424, 54.636046239069422, 0.0 ], [ 9.421640313125137, 54.636135562871715, 0.0 ], [ 9.421642756596269, 54.636224893877653, 0.0 ], [ 9.421645711419067, 54.636314232087202, 0.0 ], [ 9.421649162104561, 54.63640357755434, 0.0 ], [ 9.421653139733907, 54.636492939157669, 0.0 ], [ 9.421657613325589, 54.636582317005079, 0.0 ], [ 9.421662613681802, 54.636671693015302, 0.0 ], [ 9.42166811000696, 54.636761085269477, 0.0 ], [ 9.421674117797252, 54.636850493713546, 0.0 ], [ 9.421680652454913, 54.63693990930684, 0.0 ], [ 9.421687682998781, 54.637029332157176, 0.0 ], [ 9.421695671604507, 54.637118509018457, 0.0 ], [ 9.421695671604507, 54.637118509018457, 0.0 ] ], [ [ 9.422503672153253, 54.632672600439498, 0.0 ], [ 9.422516418857535, 54.632851477723889, 0.0 ], [ 9.422521792754186, 54.632940888399645, 0.0 ], [ 9.422526670867743, 54.633030291818301, 0.0 ], [ 9.422531022119426, 54.633119679101526, 0.0 ], [ 9.422534862090107, 54.633209059181866, 0.0 ], [ 9.422538190683261, 54.633298423072802, 0.0 ], [ 9.422541023479754, 54.633387779706858, 0.0 ], [ 9.422543329400714, 54.633477120205718, 0.0 ], [ 9.422545139518526, 54.633566453447791, 0.0 ], [ 9.422546438338523, 54.633655779487221, 0.0 ], [ 9.422547225671009, 54.633745080350742, 0.0 ], [ 9.422547517283537, 54.633834382944229, 0.0 ], [ 9.42254728200367, 54.633923669402577, 0.0 ], [ 9.4225465508108, 54.634012939617605, 0.0 ], [ 9.422545308303606, 54.634102202630039, 0.0 ], [ 9.422543554385101, 54.634191449453219, 0.0 ], [ 9.422541304636795, 54.634280689019725, 0.0 ], [ 9.422538543564155, 54.634369921383566, 0.0 ], [ 9.422535271070371, 54.63445913755811, 0.0 ], [ 9.422531502643778, 54.634548337489228, 0.0 ], [ 9.422527207391013, 54.634637530271661, 0.0 ], [ 9.42252241619874, 54.634726706810618, 0.0 ], [ 9.422517129156986, 54.63481587609261, 0.0 ], [ 9.422511451545253, 54.634903240354454, 0.0 ], [ 9.422511451545253, 54.634903240354454, 0.0 ], [ 9.42251133077079, 54.63490503817173, 0.0 ], [ 9.422505020943465, 54.634994184061206, 0.0 ], [ 9.422498199764988, 54.635083322747661, 0.0 ], [ 9.422490882630612, 54.635172445190257, 0.0 ], [ 9.422483038553104, 54.635261551497095, 0.0 ], [ 9.422474714098332, 54.635350650492434, 0.0 ], [ 9.422465862787121, 54.635439742338512, 0.0 ], [ 9.422456515506704, 54.635528817940312, 0.0 ], [ 9.422446656855412, 54.635617886338537, 0.0 ], [ 9.422436302228126, 54.635706938492262, 0.0 ], [ 9.422425420637742, 54.635795974509591, 0.0 ], [ 9.422414043251617, 54.635885012255507, 0.0 ], [ 9.422402154294554, 54.635974024823994, 0.0 ], [ 9.422389769442052, 54.636063030134153, 0.0 ], [ 9.422376857705865, 54.636152028293978, 0.0 ], [ 9.422363449974542, 54.636241010208472, 0.0 ], [ 9.422349530845269, 54.636329984918277, 0.0 ], [ 9.422335100221744, 54.636418943436517, 0.0 ], [ 9.422320173686193, 54.636507894695605, 0.0 ], [ 9.42230472015703, 54.636596829816845, 0.0 ], [ 9.422288755216901, 54.63668575773265, 0.0 ], [ 9.4222722942616, 54.636774669402101, 0.0 ], [ 9.422255321888557, 54.636863573865689, 0.0 ], [ 9.422237822508716, 54.636952462190656, 0.0 ], [ 9.4222198271968, 54.637041343255277, 0.0 ], [ 9.422200900385416, 54.637130047826744, 0.0 ], [ 9.422200900385416, 54.637130047826744, 0.0 ] ], [ [ 9.421695671604507, 54.637118509018457, 0.0 ], [ 9.422200900385416, 54.637130047826744, 0.0 ] ], [ [ 9.421695671604507, 54.637118509018457, 0.0 ], [ 9.421662533995852, 54.637299730002383, 0.0 ], [ 9.421647034360566, 54.63739036372376, 0.0 ], [ 9.421632092583465, 54.637481013471614, 0.0 ], [ 9.421617708575111, 54.637571670259568, 0.0 ], [ 9.421603851446378, 54.637662343182349, 0.0 ], [ 9.421590567679617, 54.637753032078209, 0.0 ], [ 9.421577826199846, 54.637843728068646, 0.0 ], [ 9.421565627103696, 54.637934440140512, 0.0 ], [ 9.421553970394317, 54.638025168293915, 0.0 ], [ 9.42154287147593, 54.638115903488398, 0.0 ], [ 9.421532314951895, 54.638206654764723, 0.0 ], [ 9.421522316225932, 54.638297413082405, 0.0 ], [ 9.42151285990191, 54.638388187482192, 0.0 ], [ 9.42150394588997, 54.638478968977587, 0.0 ], [ 9.421495589873091, 54.638569775487987, 0.0 ], [ 9.421487776082996, 54.638660580107555, 0.0 ], [ 9.42148050480216, 54.638751409796299, 0.0 ], [ 9.421473791341569, 54.638842246527105, 0.0 ], [ 9.42147064857585, 54.638887381056911, 0.0 ], [ 9.42147064857585, 54.638887381056911, 0.0 ], [ 9.421467604717943, 54.638933090407946, 0.0 ], [ 9.421461991601335, 54.639023959250281, 0.0 ], [ 9.421456905236399, 54.639114826256161, 0.0 ], [ 9.421452376892013, 54.639205718277665, 0.0 ], [ 9.421448390893039, 54.639296617395509, 0.0 ], [ 9.421444947242525, 54.639387523609734, 0.0 ], [ 9.421442061531074, 54.639478445853094, 0.0 ], [ 9.42143971826864, 54.639569384179524, 0.0 ], [ 9.421437917459086, 54.639660338589088, 0.0 ], [ 9.421436674506426, 54.639751300041183, 0.0 ], [ 9.421435973920975, 54.63984226858981, 0.0 ], [ 9.421435815892021, 54.639933262208253, 0.0 ], [ 9.42143621563809, 54.640024253882565, 0.0 ], [ 9.421437173441916, 54.640115270572686, 0.0 ], [ 9.421438658133729, 54.640206294413296, 0.0 ], [ 9.421440700797703, 54.640297334283019, 0.0 ], [ 9.421443301344576, 54.640388381195173, 0.0 ], [ 9.42144644437732, 54.640479444190355, 0.0 ], [ 9.42145014530009, 54.640570514227903, 0.0 ], [ 9.421454915139181, 54.640661562566876, 0.0 ], [ 9.421454915139181, 54.640661562566876, 0.0 ] ], [ [ 9.422200900385416, 54.637130047826744, 0.0 ], [ 9.422209343411081, 54.637312229261539, 0.0 ], [ 9.422212487882158, 54.637403292280666, 0.0 ], [ 9.422215089934733, 54.63749433921722, 0.0 ], [ 9.422217134072442, 54.637585370125294, 0.0 ], [ 9.422218635970692, 54.637676402924164, 0.0 ], [ 9.422219579853383, 54.637767410707973, 0.0 ], [ 9.422219981396227, 54.637858411395975, 0.0 ], [ 9.422219825009268, 54.637949396055582, 0.0 ], [ 9.422219126275012, 54.638040373619418, 0.0 ], [ 9.422217885096657, 54.638131335100795, 0.0 ], [ 9.422216085977487, 54.638222280553791, 0.0 ], [ 9.42221374450023, 54.63831321891098, 0.0 ], [ 9.422210860567796, 54.638404141185674, 0.0 ], [ 9.42220741877648, 54.638495056418535, 0.0 ], [ 9.422203434523126, 54.638585955568836, 0.0 ], [ 9.422198892310272, 54.638676838690593, 0.0 ], [ 9.422193823214171, 54.638767714662265, 0.0 ], [ 9.422188196151367, 54.638858574605287, 0.0 ], [ 9.422185193708838, 54.638903717652241, 0.0 ], [ 9.422185193708838, 54.638903717652241, 0.0 ], [ 9.422182026704945, 54.638949427452161, 0.0 ], [ 9.422175299284547, 54.639040264270214, 0.0 ], [ 9.422168029379883, 54.63913108500531, 0.0 ], [ 9.422160217080433, 54.639221898643996, 0.0 ], [ 9.422151862289477, 54.639312696199532, 0.0 ], [ 9.422142949509913, 54.639403477725892, 0.0 ], [ 9.422133494324637, 54.639494252155536, 0.0 ], [ 9.42212348123682, 54.639585019542366, 0.0 ], [ 9.422112925549337, 54.639675761858967, 0.0 ], [ 9.422101827445386, 54.639766497078419, 0.0 ], [ 9.422090186921064, 54.639857225200672, 0.0 ], [ 9.422077988386215, 54.639947937292924, 0.0 ], [ 9.422065247330728, 54.640038633300939, 0.0 ], [ 9.422051948350489, 54.640129322265295, 0.0 ], [ 9.422038106842034, 54.64021999514511, 0.0 ], [ 9.422023722895348, 54.640310660926865, 0.0 ], [ 9.422008780826586, 54.640401301691107, 0.0 ], [ 9.421993280911133, 54.640491944397546, 0.0 ], [ 9.42197723836, 54.640582562032051, 0.0 ], [ 9.421960125815131, 54.640673102511613, 0.0 ], [ 9.421960125815131, 54.640673102511613, 0.0 ] ], [ [ 9.421454915139181, 54.640661562566876, 0.0 ], [ 9.421960125815131, 54.640673102511613, 0.0 ] ], [ [ 9.421454915139181, 54.640661562566876, 0.0 ], [ 9.421418825324764, 54.640842362279578, 0.0 ], [ 9.421401850786223, 54.64093289320644, 0.0 ], [ 9.42138541865376, 54.641023440214411, 0.0 ], [ 9.421369544331883, 54.641113994263129, 0.0 ], [ 9.421354228010564, 54.641204573326078, 0.0 ], [ 9.421339438518554, 54.641295159538082, 0.0 ], [ 9.421325206848179, 54.641385752791436, 0.0 ], [ 9.421311517694893, 54.641476371113548, 0.0 ], [ 9.421298386370244, 54.641566996477366, 0.0 ], [ 9.421285797477157, 54.641657637923679, 0.0 ], [ 9.421273751018955, 54.641748295452615, 0.0 ], [ 9.421262246906332, 54.641838960077706, 0.0 ], [ 9.42125130082316, 54.641929649718435, 0.0 ], [ 9.421240897092861, 54.642020346455617, 0.0 ], [ 9.421231035812186, 54.642111059275983, 0.0 ], [ 9.42122171689121, 54.642201779193051, 0.0 ], [ 9.421212956014568, 54.642292524126283, 0.0 ], [ 9.421204737505446, 54.642383276156465, 0.0 ], [ 9.421197061366945, 54.642474035283662, 0.0 ], [ 9.421190173959964, 54.642561655212482, 0.0 ], [ 9.421189927789401, 54.642564819481272, 0.0 ], [ 9.421183352084377, 54.642655610722173, 0.0 ], [ 9.421181790338263, 54.642678389128761, 0.0 ], [ 9.421177318947501, 54.642746427033657, 0.0 ], [ 9.421171828103017, 54.642837241455886, 0.0 ], [ 9.421166879833811, 54.642928080948813, 0.0 ], [ 9.421162489452167, 54.643018927485301, 0.0 ], [ 9.421158641652882, 54.643109799092656, 0.0 ], [ 9.421155336253452, 54.643200677797616, 0.0 ], [ 9.42115257325797, 54.643291563600194, 0.0 ], [ 9.42115036835078, 54.643382474419795, 0.0 ], [ 9.42114872134966, 54.643473392283134, 0.0 ], [ 9.421147601361341, 54.643564326284782, 0.0 ], [ 9.421147039379081, 54.643655276316849, 0.0 ], [ 9.421147035314307, 54.643746233392697, 0.0 ], [ 9.421147558272734, 54.643837206606811, 0.0 ], [ 9.421148654744194, 54.643928195797407, 0.0 ], [ 9.421150278246067, 54.644019201126234, 0.0 ], [ 9.421152475268224, 54.6441102224315, 0.0 ], [ 9.421156319362787, 54.644201678363927, 0.0 ], [ 9.421156319362787, 54.644201678363927, 0.0 ] ], [ [ 9.421960125815131, 54.640673102511613, 0.0 ], [ 9.421968552062747, 54.640855185057781, 0.0 ], [ 9.421971695844755, 54.640946203096959, 0.0 ], [ 9.42197426626598, 54.641037214147261, 0.0 ], [ 9.4219763096192, 54.641128200073361, 0.0 ], [ 9.421977795098037, 54.641219178956675, 0.0 ], [ 9.421978738193706, 54.641310150743152, 0.0 ], [ 9.421979123221629, 54.64140109751358, 0.0 ], [ 9.421978981446275, 54.641492046119843, 0.0 ], [ 9.421978281595949, 54.641582969710065, 0.0 ], [ 9.42197702385311, 54.641673886257536, 0.0 ], [ 9.421975239203011, 54.641764795654169, 0.0 ], [ 9.421972896560058, 54.641855689021412, 0.0 ], [ 9.421969995920525, 54.641946566359202, 0.0 ], [ 9.421966568269522, 54.64203742755943, 0.0 ], [ 9.421962582707794, 54.642128281716801, 0.0 ], [ 9.421958054725929, 54.642219128777221, 0.0 ], [ 9.421952984227469, 54.64230995975398, 0.0 ], [ 9.421947371208617, 54.642400774647029, 0.0 ], [ 9.421944315130467, 54.642446771609478, 0.0 ], [ 9.421944315130467, 54.642446771609478, 0.0 ], [ 9.421941200171153, 54.642491573510348, 0.0 ], [ 9.421934486699106, 54.642582365276425, 0.0 ], [ 9.421927230789022, 54.642673149945225, 0.0 ], [ 9.421919432250757, 54.642763909543341, 0.0 ], [ 9.421911075865715, 54.642854671084635, 0.0 ], [ 9.421902176845075, 54.642945407555061, 0.0 ], [ 9.421892735371619, 54.643036136927776, 0.0 ], [ 9.421882735947069, 54.643126859256682, 0.0 ], [ 9.421872193876297, 54.643217556514387, 0.0 ], [ 9.421861109435071, 54.643308255660578, 0.0 ], [ 9.421849466845229, 54.643398929789306, 0.0 ], [ 9.421837281784587, 54.643489596819656, 0.0 ], [ 9.421824554156256, 54.64358024776481, 0.0 ], [ 9.421811268554622, 54.643670891665295, 0.0 ], [ 9.421797440378128, 54.643761519480236, 0.0 ], [ 9.421783069716083, 54.643852140196095, 0.0 ], [ 9.421768140976754, 54.643942744880121, 0.0 ], [ 9.421752654156318, 54.644033333532043, 0.0 ], [ 9.421736624839598, 54.644123915084315, 0.0 ], [ 9.421719480347145, 54.644214554441355, 0.0 ], [ 9.421719480347145, 54.644214554441355, 0.0 ] ], [ [ 9.421156319362787, 54.644201678363927, 0.0 ], [ 9.421719480347145, 54.644214554441355, 0.0 ] ], [ [ 9.421156319362787, 54.644201678363927, 0.0 ], [ 9.421119419966191, 54.644382534613442, 0.0 ], [ 9.421101698524943, 54.644472969184349, 0.0 ], [ 9.421084504130986, 54.644563428877994, 0.0 ], [ 9.421067836508483, 54.644653886734702, 0.0 ], [ 9.421051711435769, 54.644744369660593, 0.0 ], [ 9.421036097739364, 54.644834859790542, 0.0 ], [ 9.421021010917904, 54.644925357070754, 0.0 ], [ 9.421006466564009, 54.645015870434165, 0.0 ], [ 9.420992433689399, 54.645106399988791, 0.0 ], [ 9.420978927700819, 54.645196936694269, 0.0 ], [ 9.420965948601076, 54.645287480550735, 0.0 ], [ 9.420953496487286, 54.645378040545033, 0.0 ], [ 9.420941571362428, 54.64546861667727, 0.0 ], [ 9.420930173137387, 54.645559199960957, 0.0 ], [ 9.420919286412664, 54.645649799436846, 0.0 ], [ 9.420908926594644, 54.645740406064462, 0.0 ], [ 9.420899109275666, 54.645831028776684, 0.0 ], [ 9.420889787971404, 54.645921667735365, 0.0 ], [ 9.420881009080302, 54.646012313792234, 0.0 ], [ 9.420872757109889, 54.646102967001333, 0.0 ], [ 9.420865016660567, 54.646193636403297, 0.0 ], [ 9.420857803231785, 54.646284321944322, 0.0 ], [ 9.420851116734276, 54.646375014637819, 0.0 ], [ 9.420847946302374, 54.64642058955036, 0.0 ], [ 9.420847946302374, 54.64642058955036, 0.0 ], [ 9.420844957171443, 54.646465714483917, 0.0 ], [ 9.420839309143432, 54.646556430523198, 0.0 ], [ 9.42083418815024, 54.646647162701811, 0.0 ], [ 9.420829594101914, 54.646737902033244, 0.0 ], [ 9.420825527095497, 54.646828657504145, 0.0 ], [ 9.420821971544816, 54.646919420181788, 0.0 ], [ 9.420818943042555, 54.647010198999034, 0.0 ], [ 9.420816441499575, 54.647100984969207, 0.0 ], [ 9.420814467012285, 54.647191787079002, 0.0 ], [ 9.420813019584093, 54.647282605328421, 0.0 ], [ 9.420812083629182, 54.647373430784747, 0.0 ], [ 9.420811690144063, 54.647464263340225, 0.0 ], [ 9.420811808232267, 54.647555112089222, 0.0 ], [ 9.420812453393252, 54.647645976977834, 0.0 ], [ 9.42081362553818, 54.647736849019466, 0.0 ], [ 9.420815309173777, 54.647827728267991, 0.0 ], [ 9.420817535482861, 54.647918632588777, 0.0 ], [ 9.420820288693239, 54.648009535075886, 0.0 ], [ 9.420823553590436, 54.648100462742974, 0.0 ], [ 9.420827360893087, 54.648191388522363, 0.0 ], [ 9.420831679889616, 54.648282339481689, 0.0 ], [ 9.420836541391745, 54.64837329753982, 0.0 ], [ 9.420841929905601, 54.648464262750551, 0.0 ], [ 9.420847830031059, 54.648555244154359, 0.0 ], [ 9.420854224137019, 54.648646035112506, 0.0 ], [ 9.420854224137019, 54.648646035112506, 0.0 ] ], [ [ 9.421719480347145, 54.644214554441355, 0.0 ], [ 9.421732290695259, 54.644396540734753, 0.0 ], [ 9.421737680729752, 54.644487514949645, 0.0 ], [ 9.421742543757173, 54.644578473025859, 0.0 ], [ 9.421746879773982, 54.64466941496341, 0.0 ], [ 9.421750673374159, 54.644760349803072, 0.0 ], [ 9.421753955452088, 54.644851268450218, 0.0 ], [ 9.421756710601837, 54.644942179945552, 0.0 ], [ 9.421758938726908, 54.645033075302486, 0.0 ], [ 9.421760624421029, 54.645123963561659, 0.0 ], [ 9.421761798578917, 54.645214835628515, 0.0 ], [ 9.421762445701424, 54.645305691557027, 0.0 ], [ 9.421762581373985, 54.645396540279883, 0.0 ], [ 9.421762174601652, 54.64548738190507, 0.0 ], [ 9.421761240783184, 54.645578207391964, 0.0 ], [ 9.421759795410921, 54.645669016686526, 0.0 ], [ 9.421757823079041, 54.645759818829426, 0.0 ], [ 9.421755323690642, 54.645850604833988, 0.0 ], [ 9.421752297335523, 54.645941383686832, 0.0 ], [ 9.421748743916785, 54.646032146401268, 0.0 ], [ 9.421744679020437, 54.646122901909912, 0.0 ], [ 9.421740071557142, 54.646213641334107, 0.0 ], [ 9.421734952609324, 54.646304373552354, 0.0 ], [ 9.421729306583766, 54.64639508963203, 0.0 ], [ 9.421726439364585, 54.6464384257593, 0.0 ], [ 9.421726439364585, 54.6464384257593, 0.0 ], [ 9.421723149066617, 54.646485798505701, 0.0 ], [ 9.421716464465169, 54.646576491240609, 0.0 ], [ 9.421709237279147, 54.64666716789074, 0.0 ], [ 9.421701514087426, 54.646757837280568, 0.0 ], [ 9.421693248397704, 54.646848499572052, 0.0 ], [ 9.42168447110563, 54.646939145670451, 0.0 ], [ 9.421675151215153, 54.647029775683649, 0.0 ], [ 9.42166531980874, 54.647120398490173, 0.0 ], [ 9.421654976789966, 54.647211005103259, 0.0 ], [ 9.421644091255127, 54.647301604617411, 0.0 ], [ 9.42163269410098, 54.647392187937868, 0.0 ], [ 9.421620754423913, 54.647482764159115, 0.0 ], [ 9.421608303120419, 54.647573324186396, 0.0 ], [ 9.421595324783544, 54.647663877060133, 0.0 ], [ 9.421581819316719, 54.647754413793599, 0.0 ], [ 9.421567802213248, 54.647844934332582, 0.0 ], [ 9.421553242569166, 54.647935447771559, 0.0 ], [ 9.421538155877739, 54.648025954056315, 0.0 ], [ 9.421522557539149, 54.648116444146062, 0.0 ], [ 9.42150641655652, 54.648206918148588, 0.0 ], [ 9.421489764012557, 54.648297384942332, 0.0 ], [ 9.421472568817665, 54.648387835648428, 0.0 ], [ 9.421454862054679, 54.648478279145309, 0.0 ], [ 9.421436612633125, 54.648568706554101, 0.0 ], [ 9.42141739998964, 54.648658912639135, 0.0 ], [ 9.42141739998964, 54.648658912639135, 0.0 ] ], [ [ 9.420854224137019, 54.648646035112506, 0.0 ], [ 9.42141739998964, 54.648658912639135, 0.0 ] ], [ [ 9.420854224137019, 54.648646035112506, 0.0 ], [ 9.420820383345609, 54.648826440130684, 0.0 ], [ 9.420804795916981, 54.648916669453087, 0.0 ], [ 9.420789735416649, 54.649006905926683, 0.0 ], [ 9.420775232935277, 54.649097158430585, 0.0 ], [ 9.420761257482267, 54.649187427072683, 0.0 ], [ 9.420747824465405, 54.649277702812668, 0.0 ], [ 9.420734933981167, 54.649367994637345, 0.0 ], [ 9.420722570443147, 54.649458293614103, 0.0 ], [ 9.42071076494187, 54.649548608621998, 0.0 ], [ 9.420699486486866, 54.649638939768941, 0.0 ], [ 9.420688765983462, 54.649729277960688, 0.0 ], [ 9.420678572532944, 54.649819632291766, 0.0 ], [ 9.42066890604646, 54.649909993775644, 0.0 ], [ 9.420659797614999, 54.65000037129132, 0.0 ], [ 9.420651216247402, 54.650090764946746, 0.0 ], [ 9.42064317735189, 54.650181165701397, 0.0 ], [ 9.420635681025043, 54.650271582542089, 0.0 ], [ 9.420628727177267, 54.650362006482254, 0.0 ], [ 9.420622422236544, 54.650450738617842, 0.0 ], [ 9.420622422236544, 54.650450738617842, 0.0 ], [ 9.420622300407514, 54.650452446562511, 0.0 ], [ 9.420616416123918, 54.650542893742369, 0.0 ], [ 9.420611074423471, 54.650633357008616, 0.0 ], [ 9.420606275309607, 54.650723836361287, 0.0 ], [ 9.420602003194739, 54.650814322867639, 0.0 ], [ 9.420598273581046, 54.650904816473883, 0.0 ], [ 9.420595086657267, 54.650995335153333, 0.0 ], [ 9.420592442241484, 54.651085860932753, 0.0 ], [ 9.420590324839184, 54.651176393866038, 0.0 ], [ 9.420588765543121, 54.651266942832116, 0.0 ], [ 9.420587733360728, 54.651357507938677, 0.0 ], [ 9.420587243700675, 54.651448080145322, 0.0 ], [ 9.420587296659493, 54.651538668438633, 0.0 ], [ 9.420587876649986, 54.651629263885837, 0.0 ], [ 9.420589014764401, 54.651719875365821, 0.0 ], [ 9.420590680010523, 54.651810502986315, 0.0 ], [ 9.420592903295315, 54.651901137652885, 0.0 ], [ 9.420595653718992, 54.651991788459902, 0.0 ], [ 9.420598946690067, 54.652082446366805, 0.0 ], [ 9.420602797803703, 54.652173120306287, 0.0 ], [ 9.420608216224631, 54.652263977522921, 0.0 ], [ 9.420608216224631, 54.652263977522921, 0.0 ] ], [ [ 9.42141739998964, 54.648658912639135, 0.0 ], [ 9.421426128239293, 54.648840283960119, 0.0 ], [ 9.421429422860411, 54.648930950875616, 0.0 ], [ 9.421432190314466, 54.649021592664731, 0.0 ], [ 9.421434399883079, 54.649112236395354, 0.0 ], [ 9.421436066780004, 54.649202855053609, 0.0 ], [ 9.421437206685273, 54.649293466558859, 0.0 ], [ 9.421437804005112, 54.649384061978459, 0.0 ], [ 9.42143785882911, 54.649474650299069, 0.0 ], [ 9.421437371060149, 54.649565222534036, 0.0 ], [ 9.421436340787702, 54.649655787670021, 0.0 ], [ 9.421434783412936, 54.649746336666382, 0.0 ], [ 9.421432668030356, 54.649836878617691, 0.0 ], [ 9.421430025444682, 54.649927395442759, 0.0 ], [ 9.421426840434561, 54.650017914155349, 0.0 ], [ 9.421423128307747, 54.650108416728251, 0.0 ], [ 9.421418858065095, 54.650198903269349, 0.0 ], [ 9.421414060698769, 54.650289373670645, 0.0 ], [ 9.421408720800057, 54.650379836972689, 0.0 ], [ 9.42140285386373, 54.650470293121444, 0.0 ], [ 9.42140281295452, 54.650470832481119, 0.0 ], [ 9.42140281295452, 54.650470832481119, 0.0 ], [ 9.421396428703908, 54.650560724251513, 0.0 ], [ 9.421389476592173, 54.650651157214774, 0.0 ], [ 9.421381981747913, 54.650741565105228, 0.0 ], [ 9.421373959944605, 54.650831974828691, 0.0 ], [ 9.421365379903536, 54.650922359533091, 0.0 ], [ 9.421356272802958, 54.651012737083697, 0.0 ], [ 9.421346623048702, 54.651103098547686, 0.0 ], [ 9.421336430729957, 54.651193452911563, 0.0 ], [ 9.421325695750214, 54.651283791188604, 0.0 ], [ 9.421314433697038, 54.651374122311324, 0.0 ], [ 9.421302628975267, 54.651464437346903, 0.0 ], [ 9.421290266083725, 54.651554736349155, 0.0 ], [ 9.421277376107991, 54.651645028196612, 0.0 ], [ 9.421263959044447, 54.651735312889173, 0.0 ], [ 9.421249983707247, 54.651825572561258, 0.0 ], [ 9.421235465776757, 54.651915825132001, 0.0 ], [ 9.421220405249322, 54.652006070601217, 0.0 ], [ 9.421204817527178, 54.652096299928147, 0.0 ], [ 9.421188671609404, 54.652186513220464, 0.0 ], [ 9.421171442035556, 54.652276856097927, 0.0 ], [ 9.421171442035556, 54.652276856097927, 0.0 ] ], [ [ 9.420608216224631, 54.652263977522921, 0.0 ], [ 9.421171442035556, 54.652276856097927, 0.0 ] ], [ [ 9.420608216224631, 54.652263977522921, 0.0 ], [ 9.420571380124139, 54.652444383780214, 0.0 ], [ 9.420553744813258, 54.652534602156173, 0.0 ], [ 9.420536620969806, 54.652624827737675, 0.0 ], [ 9.420520024188271, 54.652715069457699, 0.0 ], [ 9.420503954472888, 54.652805327316443, 0.0 ], [ 9.420488396234887, 54.652895592381348, 0.0 ], [ 9.420473380475594, 54.652985864544895, 0.0 ], [ 9.420458876386437, 54.653076161888237, 0.0 ], [ 9.420444899191326, 54.653166457397823, 0.0 ], [ 9.420431433673484, 54.653256778087538, 0.0 ], [ 9.420418495056381, 54.653347096943861, 0.0 ], [ 9.420406083622277, 54.653437440926787, 0.0 ], [ 9.420394199095973, 54.65352778307664, 0.0 ], [ 9.420382826260704, 54.65361815040724, 0.0 ], [ 9.420371980433101, 54.653708524891648, 0.0 ], [ 9.420361661616724, 54.653798906530028, 0.0 ], [ 9.420351854408546, 54.653889304362941, 0.0 ], [ 9.42034257421853, 54.653979709350054, 0.0 ], [ 9.42033380564404, 54.65407013053192, 0.0 ], [ 9.420325564187166, 54.654160567854852, 0.0 ], [ 9.420317849758726, 54.654251012332303, 0.0 ], [ 9.420310646863408, 54.654341464018181, 0.0 ], [ 9.420303971096327, 54.654431931845394, 0.0 ], [ 9.420300746851501, 54.654478414549381, 0.0 ], [ 9.420300746851501, 54.654478414549381, 0.0 ], [ 9.4202978224607, 54.654522415814, 0.0 ], [ 9.420292185368488, 54.654612906991311, 0.0 ], [ 9.420287075415084, 54.654703414310156, 0.0 ], [ 9.420282477011746, 54.65479392883779, 0.0 ], [ 9.420278405754052, 54.65488445950708, 0.0 ], [ 9.420274846053484, 54.654974997385303, 0.0 ], [ 9.420271829004724, 54.655065551351406, 0.0 ], [ 9.420269308020517, 54.655156112580357, 0.0 ], [ 9.420267329695493, 54.655246689897218, 0.0 ], [ 9.420265862941388, 54.65533727442314, 0.0 ], [ 9.42026492335382, 54.655427875090872, 0.0 ], [ 9.420264495436571, 54.655518491954282, 0.0 ], [ 9.420264610100137, 54.655609115919077, 0.0 ], [ 9.420265236348028, 54.655699747092889, 0.0 ], [ 9.420266374277087, 54.655790394462336, 0.0 ], [ 9.420268054889894, 54.655881057919778, 0.0 ], [ 9.420270247097873, 54.655971728586152, 0.0 ], [ 9.420272966404038, 54.656062406407642, 0.0 ], [ 9.420276212904998, 54.656153100370815, 0.0 ], [ 9.42027998660422, 54.656243810475623, 0.0 ], [ 9.420284287412313, 54.656334527735382, 0.0 ], [ 9.420289115425437, 54.656425261136668, 0.0 ], [ 9.420294455147472, 54.656516010733228, 0.0 ], [ 9.420300337396345, 54.656606758444092, 0.0 ], [ 9.420306654231524, 54.656697558565703, 0.0 ], [ 9.420306654231524, 54.656697558565703, 0.0 ] ], [ [ 9.421171442035556, 54.652276856097927, 0.0 ], [ 9.421184170515119, 54.65245839314435, 0.0 ], [ 9.421189511572221, 54.652549133771885, 0.0 ], [ 9.421194325610724, 54.652639867245192, 0.0 ], [ 9.421198612534289, 54.652730584577718, 0.0 ], [ 9.421202387930789, 54.652821294702179, 0.0 ], [ 9.421205636205134, 54.652911988685986, 0.0 ], [ 9.421208357447085, 54.653002675515793, 0.0 ], [ 9.421210551560005, 54.65309334620499, 0.0 ], [ 9.421212218540202, 54.653184000753647, 0.0 ], [ 9.421213374069188, 54.653274657081091, 0.0 ], [ 9.421214002365652, 54.653365288281428, 0.0 ], [ 9.421214119110779, 54.653455912273955, 0.0 ], [ 9.421213693210317, 54.653546520179958, 0.0 ], [ 9.421212755752013, 54.653637120878166, 0.0 ], [ 9.421211306731756, 54.653727714368564, 0.0 ], [ 9.421209330461522, 54.653818282731862, 0.0 ], [ 9.421206827216905, 54.653908852927884, 0.0 ], [ 9.421203796808163, 54.653999406983374, 0.0 ], [ 9.421200254731025, 54.654089944844372, 0.0 ], [ 9.421196185575797, 54.654180475551385, 0.0 ], [ 9.421191604745228, 54.65427099006375, 0.0 ], [ 9.421186496736624, 54.654361488435455, 0.0 ], [ 9.421180877231839, 54.654451988585699, 0.0 ], [ 9.421177777887696, 54.654498461892985, 0.0 ], [ 9.421177777887696, 54.654498461892985, 0.0 ], [ 9.421174714950066, 54.654542463662416, 0.0 ], [ 9.42116805657121, 54.654632931476996, 0.0 ], [ 9.421160855593932, 54.654723392191137, 0.0 ], [ 9.421153142920888, 54.654813836710268, 0.0 ], [ 9.421144918548393, 54.654904265034297, 0.0 ], [ 9.421136151566861, 54.654994686257631, 0.0 ], [ 9.421126872972264, 54.655085100272252, 0.0 ], [ 9.421117082667532, 54.655175498091502, 0.0 ], [ 9.421106765150205, 54.655265879769125, 0.0 ], [ 9.42109592050971, 54.655356254291625, 0.0 ], [ 9.42108454864916, 54.655446612672272, 0.0 ], [ 9.421072665158171, 54.655536963843609, 0.0 ], [ 9.421060254533687, 54.65562730785939, 0.0 ], [ 9.421047316585696, 54.655717626746259, 0.0 ], [ 9.421033866996822, 54.655807938423379, 0.0 ], [ 9.421019890264088, 54.655898242944446, 0.0 ], [ 9.421005386290453, 54.65598853132272, 0.0 ], [ 9.420990355165845, 54.656078812544614, 0.0 ], [ 9.420974796793638, 54.656169077623318, 0.0 ], [ 9.420958711170231, 54.656259326558654, 0.0 ], [ 9.420942113885294, 54.656349568283119, 0.0 ], [ 9.420924989435299, 54.656439802850393, 0.0 ], [ 9.420907322223758, 54.65653002132759, 0.0 ], [ 9.420889143247198, 54.65662022360663, 0.0 ], [ 9.420869972278549, 54.656710438318171, 0.0 ], [ 9.420869972278549, 54.656710438318171, 0.0 ] ], [ [ 9.420306654231524, 54.656697558565703, 0.0 ], [ 9.420869972278549, 54.656710438318171, 0.0 ] ], [ [ 9.420306654231524, 54.656697558565703, 0.0 ], [ 9.420276286933133, 54.656875956011206, 0.0 ], [ 9.420262450541388, 54.656965037713711, 0.0 ], [ 9.420249125690008, 54.657054126623841, 0.0 ], [ 9.420236343568972, 54.657143240607368, 0.0 ], [ 9.420224088402948, 54.657232352758435, 0.0 ], [ 9.420212360380688, 54.657321481050396, 0.0 ], [ 9.420201159413029, 54.657410616496811, 0.0 ], [ 9.420190485596381, 54.657499768084413, 0.0 ], [ 9.420180338841242, 54.657588926826747, 0.0 ], [ 9.420170719151127, 54.657678092723906, 0.0 ], [ 9.420161626622269, 54.657767274762662, 0.0 ], [ 9.420153076758574, 54.657856472889286, 0.0 ], [ 9.420145038376967, 54.657945669238288, 0.0 ], [ 9.420137527166933, 54.658034881729151, 0.0 ], [ 9.420130543132277, 54.658124110362053, 0.0 ], [ 9.420124086090157, 54.658213337163744, 0.0 ], [ 9.420122656674357, 54.658234030066168, 0.0 ], [ 9.420118156322992, 54.658302589094212, 0.0 ], [ 9.420115298031153, 54.658348531275792, 0.0 ], [ 9.420112753555868, 54.658391839193676, 0.0 ], [ 9.420107877977388, 54.658481105435413, 0.0 ], [ 9.420103529591417, 54.658570387819488, 0.0 ], [ 9.420099708308651, 54.658659677359346, 0.0 ], [ 9.42009639863125, 54.658748974108811, 0.0 ], [ 9.420093631564793, 54.658838277960335, 0.0 ], [ 9.420091391704592, 54.658927597954339, 0.0 ], [ 9.420089679054287, 54.6590169340909, 0.0 ], [ 9.420088493431292, 54.659106268396727, 0.0 ], [ 9.42008783511784, 54.659195627831728, 0.0 ], [ 9.420087703838927, 54.659284985436059, 0.0 ], [ 9.420088099783673, 54.65937435918292, 0.0 ], [ 9.420089022955494, 54.659463749072344, 0.0 ], [ 9.420090473172149, 54.659553137130978, 0.0 ], [ 9.420092450622883, 54.65964254133214, 0.0 ], [ 9.420094970812563, 54.659731961621951, 0.0 ], [ 9.420098002648796, 54.659821389121376, 0.0 ], [ 9.420101577138338, 54.65991082372274, 0.0 ], [ 9.4201056788757, 54.660000274466405, 0.0 ], [ 9.420110307771528, 54.660089732365712, 0.0 ], [ 9.420115463922713, 54.660179206407221, 0.0 ], [ 9.420121673731318, 54.660268631855004, 0.0 ], [ 9.420121673731318, 54.660268631855004, 0.0 ] ], [ [ 9.420869972278549, 54.656710438318171, 0.0 ], [ 9.420878411490284, 54.656889392953232, 0.0 ], [ 9.420881569083363, 54.656978847001142, 0.0 ], [ 9.420884199497682, 54.657068284907162, 0.0 ], [ 9.420886302822819, 54.657157715657945, 0.0 ], [ 9.420887878962365, 54.657247130266924, 0.0 ], [ 9.420888928005777, 54.65733653772071, 0.0 ], [ 9.42088944985659, 54.657425929032776, 0.0 ], [ 9.420889444511388, 54.657515304203045, 0.0 ], [ 9.420888912059523, 54.657604672218206, 0.0 ], [ 9.4208878524977, 54.657694033078236, 0.0 ], [ 9.420886250228975, 54.657783377850436, 0.0 ], [ 9.420884136250447, 54.657872706426929, 0.0 ], [ 9.420881495151669, 54.657962027848264, 0.0 ], [ 9.420878326836116, 54.658051333127794, 0.0 ], [ 9.420874631392916, 54.658140631252067, 0.0 ], [ 9.420870408726012, 54.658229913234457, 0.0 ], [ 9.420865658924994, 54.658319188061526, 0.0 ], [ 9.420860381892879, 54.658408446746591, 0.0 ], [ 9.420854576697028, 54.658497599423427, 0.0 ], [ 9.420854576697028, 54.658497599423427, 0.0 ], [ 9.420854577626786, 54.65849768928959, 0.0 ], [ 9.420848246215899, 54.65858692467711, 0.0 ], [ 9.420841387656871, 54.658676152909031, 0.0 ], [ 9.420834001853422, 54.658765364998665, 0.0 ], [ 9.420826088801636, 54.658854560945905, 0.0 ], [ 9.420817648591385, 54.658943749737311, 0.0 ], [ 9.420808681126283, 54.659032922386118, 0.0 ], [ 9.420799186495801, 54.659122087878835, 0.0 ], [ 9.420789164603155, 54.659211237228781, 0.0 ], [ 9.420778615538213, 54.659300379422419, 0.0 ], [ 9.420767539204602, 54.659389505472987, 0.0 ], [ 9.420755935598871, 54.659478615380351, 0.0 ], [ 9.420743804810254, 54.65956771813098, 0.0 ], [ 9.42073114683541, 54.659656813724766, 0.0 ], [ 9.420717961577974, 54.659745893174865, 0.0 ], [ 9.420704233533248, 54.659834956535057, 0.0 ], [ 9.420689993793165, 54.659924012683959, 0.0 ], [ 9.420675211258997, 54.660013052742563, 0.0 ], [ 9.420659901520997, 54.660102085643459, 0.0 ], [ 9.420644064483218, 54.660191102399772, 0.0 ], [ 9.420627189337992, 54.660280176682136, 0.0 ], [ 9.420627189337992, 54.660280176682136, 0.0 ] ], [ [ 9.420121673731318, 54.660268631855004, 0.0 ], [ 9.420627189337992, 54.660280176682136, 0.0 ] ], [ [ 9.420121673731318, 54.660268631855004, 0.0 ], [ 9.420084870098311, 54.66044706945727, 0.0 ], [ 9.420067483745608, 54.660536307194882, 0.0 ], [ 9.420050609148259, 54.66062557011324, 0.0 ], [ 9.420034261532672, 54.66071483119886, 0.0 ], [ 9.420018410084872, 54.660804108532837, 0.0 ], [ 9.420003085811421, 54.66089340200773, 0.0 ], [ 9.419988273121328, 54.660982702690916, 0.0 ], [ 9.419973972110528, 54.661072019569211, 0.0 ], [ 9.419960182689453, 54.661161343656147, 0.0 ], [ 9.419946920456638, 54.661250683884703, 0.0 ], [ 9.419934154318446, 54.661340031376085, 0.0 ], [ 9.419921915375177, 54.661429395009399, 0.0 ], [ 9.419910172533184, 54.661518765905811, 0.0 ], [ 9.419898956799992, 54.661608143957849, 0.0 ], [ 9.419888252862572, 54.661697547192666, 0.0 ], [ 9.419878044944138, 54.661786948704382, 0.0 ], [ 9.419868364329696, 54.661876375345344, 0.0 ], [ 9.419859195242974, 54.66196580020965, 0.0 ], [ 9.419850537872795, 54.662055241270586, 0.0 ], [ 9.419842392222117, 54.662144698528309, 0.0 ], [ 9.419834758202105, 54.662234162996256, 0.0 ], [ 9.419827635908209, 54.662323643661168, 0.0 ], [ 9.41982102525183, 54.662413131536482, 0.0 ], [ 9.41981788045481, 54.662458409639363, 0.0 ], [ 9.41981788045481, 54.662458409639363, 0.0 ], [ 9.419814926328305, 54.662502635608945, 0.0 ], [ 9.419809354551344, 54.662592146838172, 0.0 ], [ 9.419804279011819, 54.662681674318435, 0.0 ], [ 9.419799715122775, 54.662771209009399, 0.0 ], [ 9.419795678483284, 54.662860759843944, 0.0 ], [ 9.4197921379983, 54.662950317943022, 0.0 ], [ 9.419789124769457, 54.663039892185786, 0.0 ], [ 9.419786623204772, 54.663129473639387, 0.0 ], [ 9.419784633400454, 54.663219071290513, 0.0 ], [ 9.419783155266993, 54.663308676152546, 0.0 ], [ 9.419782188900479, 54.66339829721209, 0.0 ], [ 9.419781734211869, 54.663487925482556, 0.0 ], [ 9.419781806799531, 54.663577569896795, 0.0 ], [ 9.419782391071806, 54.663667221521955, 0.0 ], [ 9.419783487124677, 54.663756889344612, 0.0 ], [ 9.419785094868811, 54.663846564378147, 0.0 ], [ 9.419787229903299, 54.663936255555384, 0.0 ], [ 9.419789876635596, 54.664025953943423, 0.0 ], [ 9.419793035162265, 54.664115668528865, 0.0 ], [ 9.419796720896953, 54.664205390271263, 0.0 ], [ 9.419800918432395, 54.664295128210959, 0.0 ], [ 9.419805643275492, 54.664384882294094, 0.0 ], [ 9.419810879833696, 54.664474643587809, 0.0 ], [ 9.419816628110626, 54.66456441209197, 0.0 ], [ 9.419823305672844, 54.664654087501908, 0.0 ], [ 9.419823305672844, 54.664654087501908, 0.0 ] ], [ [ 9.420627189337992, 54.660280176682136, 0.0 ], [ 9.420639634200633, 54.660459746391936, 0.0 ], [ 9.420644841044345, 54.660549507813379, 0.0 ], [ 9.420649536173796, 54.660639253037964, 0.0 ], [ 9.420653719678727, 54.660728991052345, 0.0 ], [ 9.420657391462738, 54.66081871286999, 0.0 ], [ 9.420660536113504, 54.660908427531467, 0.0 ], [ 9.42066316903651, 54.660998125996286, 0.0 ], [ 9.420665290321271, 54.661087817251143, 0.0 ], [ 9.420666899964466, 54.661177501296009, 0.0 ], [ 9.420667997776958, 54.661267160157763, 0.0 ], [ 9.420668584033793, 54.6613568207962, 0.0 ], [ 9.420668658452815, 54.661446456251532, 0.0 ], [ 9.420668205807861, 54.661536093537478, 0.0 ], [ 9.42066725682032, 54.661625705586431, 0.0 ], [ 9.420665780762091, 54.661715319465969, 0.0 ], [ 9.4206638083543, 54.661804908108515, 0.0 ], [ 9.420661308869056, 54.661894498581646, 0.0 ], [ 9.420658297525492, 54.661984063871593, 0.0 ], [ 9.420654790101628, 54.662073630884279, 0.0 ], [ 9.420650755311199, 54.662163172767634, 0.0 ], [ 9.420646208931091, 54.662252716427552, 0.0 ], [ 9.420641150679691, 54.662342234904102, 0.0 ], [ 9.420635580832155, 54.662431755157115, 0.0 ], [ 9.420632576460806, 54.662477032794506, 0.0 ], [ 9.420632576460806, 54.662477032794506, 0.0 ], [ 9.420629499106528, 54.662521250226668, 0.0 ], [ 9.42062290577802, 54.662610747072527, 0.0 ], [ 9.420615800564683, 54.662700218734777, 0.0 ], [ 9.420608183741724, 54.662789692173192, 0.0 ], [ 9.42060005502703, 54.662879140427805, 0.0 ], [ 9.420591414696149, 54.662968590458391, 0.0 ], [ 9.420582246964321, 54.663058015358878, 0.0 ], [ 9.420572567609383, 54.663147442035068, 0.0 ], [ 9.420562391851856, 54.66323684347325, 0.0 ], [ 9.420551688961968, 54.66332624674078, 0.0 ], [ 9.420540474160219, 54.663415624823841, 0.0 ], [ 9.420528747628897, 54.663504995695526, 0.0 ], [ 9.420516493862072, 54.663594359409608, 0.0 ], [ 9.420503743768895, 54.66368370687151, 0.0 ], [ 9.420490466433481, 54.663773047175461, 0.0 ], [ 9.420476677261934, 54.663862371280821, 0.0 ], [ 9.420462360841348, 54.663951688227918, 0.0 ], [ 9.420447532578082, 54.664040988976041, 0.0 ], [ 9.420432192468779, 54.664130273525032, 0.0 ], [ 9.420416340696155, 54.664219559847965, 0.0 ], [ 9.420399961474565, 54.66430882103861, 0.0 ], [ 9.420383054986848, 54.664398075070025, 0.0 ], [ 9.420365636732511, 54.664487321888117, 0.0 ], [ 9.420347706615239, 54.664576552506084, 0.0 ], [ 9.420328875660658, 54.66466563347052, 0.0 ], [ 9.420328875660658, 54.66466563347052, 0.0 ] ], [ [ 9.419823305672844, 54.664654087501908, 0.0 ], [ 9.420328875660658, 54.66466563347052, 0.0 ] ], [ [ 9.419823305672844, 54.664654087501908, 0.0 ], [ 9.419786808136521, 54.664832640643645, 0.0 ], [ 9.419769653525277, 54.664922039230504, 0.0 ], [ 9.419753026135629, 54.665011453958954, 0.0 ], [ 9.419736956977959, 54.665100884721632, 0.0 ], [ 9.419721415048704, 54.665190331626299, 0.0 ], [ 9.419706400259081, 54.665279785686529, 0.0 ], [ 9.41969194371204, 54.665369255781613, 0.0 ], [ 9.419678014404051, 54.665458742019254, 0.0 ], [ 9.419664627749656, 54.66554823535926, 0.0 ], [ 9.419651768341481, 54.665637744842165, 0.0 ], [ 9.419639451686606, 54.665727270414394, 0.0 ], [ 9.419627677788659, 54.665816812076081, 0.0 ], [ 9.419616431054834, 54.66590636089456, 0.0 ], [ 9.419605711581175, 54.665995925856507, 0.0 ], [ 9.419595534874906, 54.666085506908409, 0.0 ], [ 9.41958588534307, 54.666175095117431, 0.0 ], [ 9.419576778585933, 54.666264699416615, 0.0 ], [ 9.419568214606839, 54.666354319806054, 0.0 ], [ 9.419560162401872, 54.666443956393358, 0.0 ], [ 9.419552652889003, 54.666533600084556, 0.0 ], [ 9.419546504027466, 54.666612364873096, 0.0 ], [ 9.419545686165003, 54.666623259866284, 0.0 ], [ 9.41953924672929, 54.666712935792425, 0.0 ], [ 9.419538452340463, 54.666724603579915, 0.0 ], [ 9.419533334492838, 54.666802618876396, 0.0 ], [ 9.41952796505546, 54.666892318051183, 0.0 ], [ 9.41952312291699, 54.666982033370587, 0.0 ], [ 9.419518808080854, 54.667071764834645, 0.0 ], [ 9.419515035961963, 54.667161503403051, 0.0 ], [ 9.4195117911525, 54.667251258116195, 0.0 ], [ 9.419509073655773, 54.667341028974192, 0.0 ], [ 9.419506898886748, 54.667430806936601, 0.0 ], [ 9.419505251437677, 54.667520601043883, 0.0 ], [ 9.419504146816264, 54.667610411242265, 0.0 ], [ 9.419503553924811, 54.667700228652656, 0.0 ], [ 9.41950351946525, 54.667790071087033, 0.0 ], [ 9.419503996742289, 54.667879920733412, 0.0 ], [ 9.419505016768598, 54.667969777484281, 0.0 ], [ 9.419506579732946, 54.668059659312839, 0.0 ], [ 9.419508654444913, 54.668149548353341, 0.0 ], [ 9.419511271916402, 54.668239444498255, 0.0 ], [ 9.419514078884854, 54.668329672501301, 0.0 ], [ 9.419514078884854, 54.668329672501301, 0.0 ] ], [ [ 9.420328875660658, 54.66466563347052, 0.0 ], [ 9.420338145374858, 54.664845492702725, 0.0 ], [ 9.420341679210546, 54.664935394686061, 0.0 ], [ 9.420344670263312, 54.665025280579187, 0.0 ], [ 9.420347134125203, 54.66511515931488, 0.0 ], [ 9.42034905519716, 54.66520502196046, 0.0 ], [ 9.420350433568318, 54.665294877502497, 0.0 ], [ 9.420351269142062, 54.66538471695447, 0.0 ], [ 9.420351577418081, 54.66547454026253, 0.0 ], [ 9.420351342982414, 54.665564356467137, 0.0 ], [ 9.420350565738792, 54.665654156581674, 0.0 ], [ 9.420349261280036, 54.66574394953895, 0.0 ], [ 9.420347429509345, 54.66583372635229, 0.0 ], [ 9.420345055012971, 54.665923496062149, 0.0 ], [ 9.420342137694245, 54.666013249681882, 0.0 ], [ 9.420338693146414, 54.666102996144268, 0.0 ], [ 9.420334721272511, 54.666192726462626, 0.0 ], [ 9.420330206565689, 54.666282440690757, 0.0 ], [ 9.420325149115326, 54.66637214781521, 0.0 ], [ 9.420319564328711, 54.666461838795477, 0.0 ], [ 9.420316719184234, 54.666504581526631, 0.0 ], [ 9.420316719184234, 54.666504581526631, 0.0 ], [ 9.420313452295149, 54.666551522618107, 0.0 ], [ 9.420306797414353, 54.666641190350227, 0.0 ], [ 9.420299615186799, 54.666730841937991, 0.0 ], [ 9.42029190570185, 54.66682048636784, 0.0 ], [ 9.420283653452076, 54.666910123693548, 0.0 ], [ 9.42027487375203, 54.666999735887948, 0.0 ], [ 9.420265551373022, 54.66708934996462, 0.0 ], [ 9.420255701536613, 54.667178938909757, 0.0 ], [ 9.420245324518179, 54.667268529683092, 0.0 ], [ 9.420234404531511, 54.667358095378482, 0.0 ], [ 9.420222957263027, 54.667447653915175, 0.0 ], [ 9.420210982708847, 54.667537205293023, 0.0 ], [ 9.42019846526874, 54.667626740579081, 0.0 ], [ 9.420185420443396, 54.667716259719427, 0.0 ], [ 9.420171848322164, 54.667805771700422, 0.0 ], [ 9.420157733304258, 54.667895267589159, 0.0 ], [ 9.420143075479102, 54.667984756372064, 0.0 ], [ 9.420127905759211, 54.668074228954673, 0.0 ], [ 9.420112193132084, 54.668163685444483, 0.0 ], [ 9.420095937687018, 54.668253134827836, 0.0 ], [ 9.420078658780259, 54.668342578772638, 0.0 ], [ 9.420078658780259, 54.668342578772638, 0.0 ] ], [ [ 9.419514078884854, 54.668329672501301, 0.0 ], [ 9.420078658780259, 54.668342578772638, 0.0 ] ], [ [ 9.419514078884854, 54.668329672501301, 0.0 ], [ 9.419487091450218, 54.668510699827159, 0.0 ], [ 9.419475123876319, 54.668601113833965, 0.0 ], [ 9.419463730107509, 54.668691543823478, 0.0 ], [ 9.419452910055343, 54.668781980809257, 0.0 ], [ 9.419442648311367, 54.668872433831773, 0.0 ], [ 9.419432975796511, 54.668962893797101, 0.0 ], [ 9.419423877102236, 54.669053369745711, 0.0 ], [ 9.419415336727848, 54.669143861731435, 0.0 ], [ 9.41940738559356, 54.669234360660369, 0.0 ], [ 9.41939999269408, 54.669324866640011, 0.0 ], [ 9.419393189135356, 54.669415388549695, 0.0 ], [ 9.419389241836358, 54.669471651390175, 0.0 ], [ 9.41938694381896, 54.6695059175103, 0.0 ], [ 9.419382701725775, 54.669572687086195, 0.0 ], [ 9.419381272346001, 54.66959646245477, 0.0 ], [ 9.419376174720536, 54.669687023383219, 0.0 ], [ 9.41937165085363, 54.669777591309085, 0.0 ], [ 9.419367700841525, 54.66986817521903, 0.0 ], [ 9.419364324595806, 54.669958766126527, 0.0 ], [ 9.419361522120129, 54.670049364031577, 0.0 ], [ 9.419359293603502, 54.670139986907436, 0.0 ], [ 9.419357623266716, 54.670230607848048, 0.0 ], [ 9.419356542402054, 54.670321253705787, 0.0 ], [ 9.419356035229999, 54.670411897574581, 0.0 ], [ 9.419356086527179, 54.670502566467952, 0.0 ], [ 9.419356727030092, 54.670593233318655, 0.0 ], [ 9.419357941515171, 54.670683925140175, 0.0 ], [ 9.41935972980073, 54.670774623959318, 0.0 ], [ 9.419362091890953, 54.670865329776028, 0.0 ], [ 9.419365027882211, 54.670956051576866, 0.0 ], [ 9.419368537685751, 54.671046780375192, 0.0 ], [ 9.419375983459316, 54.671129739821197, 0.0 ], [ 9.419375983459316, 54.671129739821197, 0.0 ] ], [ [ 9.420078658780259, 54.668342578772638, 0.0 ], [ 9.42008418864209, 54.668520653508573, 0.0 ], [ 9.420085837213501, 54.668609690255515, 0.0 ], [ 9.420086943037596, 54.668698719897897, 0.0 ], [ 9.420087490605685, 54.668787742489563, 0.0 ], [ 9.420087495326117, 54.66887674899008, 0.0 ], [ 9.420086941690887, 54.668965739453284, 0.0 ], [ 9.420085845293666, 54.669054722811929, 0.0 ], [ 9.4200841905333, 54.669143690133289, 0.0 ], [ 9.420081993003821, 54.669232650350104, 0.0 ], [ 9.420079252608692, 54.669321594475726, 0.0 ], [ 9.420075938427761, 54.669410531604363, 0.0 ], [ 9.42007209687887, 54.669499452587978, 0.0 ], [ 9.420067696948747, 54.669588357534082, 0.0 ], [ 9.420062738726818, 54.669677255429249, 0.0 ], [ 9.420057237621153, 54.669766137233033, 0.0 ], [ 9.420056863638255, 54.669771962058128, 0.0 ], [ 9.420054459208501, 54.669807882153599, 0.0 ], [ 9.42005119372134, 54.669855011931958, 0.0 ], [ 9.420044591425869, 54.669943870593123, 0.0 ], [ 9.420037430823884, 54.670032722203096, 0.0 ], [ 9.420029727324227, 54.670121557721323, 0.0 ], [ 9.420021481015914, 54.670210386134343, 0.0 ], [ 9.420012660791947, 54.670299198563065, 0.0 ], [ 9.420003313165097, 54.670387994845939, 0.0 ], [ 9.419993407213283, 54.670476784077081, 0.0 ], [ 9.419982942840646, 54.670565557269718, 0.0 ], [ 9.419971935641474, 54.670654323356565, 0.0 ], [ 9.419960370014087, 54.670743073404623, 0.0 ], [ 9.419948246047618, 54.670831816400373, 0.0 ], [ 9.419935579151073, 54.670920543303268, 0.0 ], [ 9.419922353815451, 54.671009254166904, 0.0 ], [ 9.41990857013001, 54.671097957977764, 0.0 ], [ 9.41989129898147, 54.671194312767604, 0.0 ], [ 9.41989129898147, 54.671194312767604, 0.0 ] ], [ [ 9.419375983459316, 54.671129739821197, 0.0 ], [ 9.41989129898147, 54.671194312767604, 0.0 ] ], [ [ 9.419375983459316, 54.671129739821197, 0.0 ], [ 9.419251758785233, 54.671284143094567, 0.0 ], [ 9.41918939220823, 54.671365295314111, 0.0 ], [ 9.419127553966691, 54.671446580474452, 0.0 ], [ 9.419066274889547, 54.671527980495831, 0.0 ], [ 9.419005524152842, 54.671609513459643, 0.0 ], [ 9.418945317172843, 54.671691170326397, 0.0 ], [ 9.418885653952334, 54.671772951096862, 0.0 ], [ 9.41882653449365, 54.671854855771876, 0.0 ], [ 9.418767958799894, 54.671936884352199, 0.0 ], [ 9.418709911367518, 54.672019036892294, 0.0 ], [ 9.41865242330425, 54.672101322272169, 0.0 ], [ 9.418629503867624, 54.672134374552535, 0.0 ], [ 9.418602139696702, 54.672174002651388, 0.0 ], [ 9.418595463415226, 54.672183722626713, 0.0 ], [ 9.418539047394809, 54.672266255876238, 0.0 ], [ 9.418483159646588, 54.672348913088513, 0.0 ], [ 9.418427831186023, 54.672431694157019, 0.0 ], [ 9.418373031003679, 54.672514599189732, 0.0 ], [ 9.418318774608183, 54.672597628133786, 0.0 ], [ 9.418265062002545, 54.672680780989836, 0.0 ], [ 9.418211893282134, 54.672764066745273, 0.0 ], [ 9.418159268264706, 54.672847467427538, 0.0 ], [ 9.418107171632078, 54.672931001064129, 0.0 ], [ 9.418055634306615, 54.67301465856201, 0.0 ], [ 9.418004625279256, 54.673098440028951, 0.0 ], [ 9.41795416005869, 54.67318234541208, 0.0 ], [ 9.417904859365978, 54.673266417503697, 0.0 ], [ 9.417904859365978, 54.673266417503697, 0.0 ] ], [ [ 9.41989129898147, 54.671194312767604, 0.0 ], [ 9.419785569885024, 54.671372252086741, 0.0 ], [ 9.419733198701286, 54.671457225311485, 0.0 ], [ 9.419680252288897, 54.671542074689519, 0.0 ], [ 9.419626761562888, 54.671626791125995, 0.0 ], [ 9.419572711015286, 54.671711374673954, 0.0 ], [ 9.41951810073564, 54.671795834319269, 0.0 ], [ 9.419462930628102, 54.671880161074583, 0.0 ], [ 9.41940721619566, 54.67196435488539, 0.0 ], [ 9.419350942022334, 54.672048424791313, 0.0 ], [ 9.419294108012231, 54.672132361804948, 0.0 ], [ 9.419236714162723, 54.672216165925533, 0.0 ], [ 9.419211642517913, 54.672252497009332, 0.0 ], [ 9.419184170108124, 54.672292107640722, 0.0 ], [ 9.419178776069584, 54.672299846085195, 0.0 ], [ 9.419120278131109, 54.672383393350223, 0.0 ], [ 9.419061220344529, 54.672466807719886, 0.0 ], [ 9.419001618305764, 54.672550098126194, 0.0 ], [ 9.418941440906888, 54.672633255689185, 0.0 ], [ 9.418880719249838, 54.672716289287237, 0.0 ], [ 9.418819437640849, 54.67279918100003, 0.0 ], [ 9.418757611768346, 54.672881948746245, 0.0 ], [ 9.418695210616928, 54.672964592632361, 0.0 ], [ 9.41863226501113, 54.673047094577029, 0.0 ], [ 9.418568759627277, 54.673129472606227, 0.0 ], [ 9.41850470996866, 54.673211726665492, 0.0 ], [ 9.418440084834712, 54.673293838887957, 0.0 ], [ 9.418374447545766, 54.673375568135192, 0.0 ], [ 9.418374447545766, 54.673375568135192, 0.0 ] ], [ [ 9.417904859365978, 54.673266417503697, 0.0 ], [ 9.418374447545766, 54.673375568135192, 0.0 ] ], [ [ 9.417904859365978, 54.673266417503697, 0.0 ], [ 9.417766909140941, 54.673429359203084, 0.0 ], [ 9.417698912924701, 54.673511060273505, 0.0 ], [ 9.417631429351715, 54.673592876365412, 0.0 ], [ 9.417564458516198, 54.67367481646631, 0.0 ], [ 9.417497984822349, 54.673756871643882, 0.0 ], [ 9.417432023779158, 54.673839041845469, 0.0 ], [ 9.417366575389064, 54.673921327071895, 0.0 ], [ 9.417301624239999, 54.674003736364028, 0.0 ], [ 9.417237185749359, 54.674086260682643, 0.0 ], [ 9.417173244504603, 54.67416890906857, 0.0 ], [ 9.41710981592335, 54.674251672482562, 0.0 ], [ 9.417046900007678, 54.674334550925401, 0.0 ], [ 9.416984481253721, 54.674417544451316, 0.0 ], [ 9.416922559663828, 54.674500653061024, 0.0 ], [ 9.416861150839802, 54.674583885688513, 0.0 ], [ 9.41680023918471, 54.674667233401344, 0.0 ], [ 9.416739840208617, 54.67475069614688, 0.0 ], [ 9.416679954005662, 54.674834282912457, 0.0 ], [ 9.416620549473032, 54.674917984818961, 0.0 ], [ 9.416561673133799, 54.675001801707019, 0.0 ], [ 9.416503523176408, 54.675085400379629, 0.0 ], [ 9.416503523176408, 54.675085400379629, 0.0 ], [ 9.416503278469694, 54.675085733737468, 0.0 ], [ 9.416445412004345, 54.675169780750927, 0.0 ], [ 9.416388027311486, 54.675253951894774, 0.0 ], [ 9.416331155315818, 54.675338238076421, 0.0 ], [ 9.416274796019934, 54.675422639296592, 0.0 ], [ 9.416218933919435, 54.675507155609274, 0.0 ], [ 9.416163569108795, 54.675591796001832, 0.0 ], [ 9.416108717006082, 54.675676551434883, 0.0 ], [ 9.416054362106658, 54.675761421962548, 0.0 ], [ 9.416000519920482, 54.675846407532148, 0.0 ], [ 9.415947175035004, 54.675931517184225, 0.0 ], [ 9.415894342868397, 54.676016741879579, 0.0 ], [ 9.415842007915568, 54.676102081672127, 0.0 ], [ 9.415790185779045, 54.6761875454958, 0.0 ], [ 9.415738860770277, 54.6762731154314, 0.0 ], [ 9.415688048582867, 54.676358809399417, 0.0 ], [ 9.415637733620626, 54.676444618467151, 0.0 ], [ 9.41558793148562, 54.676530551568597, 0.0 ], [ 9.415538642088768, 54.67661659971774, 0.0 ], [ 9.415489849925164, 54.676702762968446, 0.0 ], [ 9.415441570505395, 54.676789041268059, 0.0 ], [ 9.415393788416418, 54.676875443657025, 0.0 ], [ 9.415346985688485, 54.676962094298794, 0.0 ], [ 9.415346985688485, 54.676962094298794, 0.0 ] ], [ [ 9.418374447545766, 54.673375568135192, 0.0 ], [ 9.418279898299089, 54.673548596504091, 0.0 ], [ 9.418231628599855, 54.673634884930173, 0.0 ], [ 9.418182861192388, 54.673721049238033, 0.0 ], [ 9.418133580751928, 54.67380710745384, 0.0 ], [ 9.418083802505373, 54.673893032563647, 0.0 ], [ 9.418033495713852, 54.673978851633663, 0.0 ], [ 9.417982706709797, 54.674064546529493, 0.0 ], [ 9.417931389062533, 54.674150126397748, 0.0 ], [ 9.417879573690316, 54.674235582144071, 0.0 ], [ 9.417827260683197, 54.67432092275444, 0.0 ], [ 9.41777441902452, 54.674406148335258, 0.0 ], [ 9.417721095232043, 54.674491258725304, 0.0 ], [ 9.417667258197095, 54.674576245044385, 0.0 ], [ 9.417612908101725, 54.674661125265011, 0.0 ], [ 9.417558060172887, 54.674745872373194, 0.0 ], [ 9.417502699178184, 54.674830513381579, 0.0 ], [ 9.41744684043714, 54.674915030262781, 0.0 ], [ 9.417390484131785, 54.674999440989346, 0.0 ], [ 9.417333614567488, 54.675083727640818, 0.0 ], [ 9.417276231742214, 54.675167890216471, 0.0 ], [ 9.417218580539167, 54.67525161332955, 0.0 ], [ 9.417218580539167, 54.67525161332955, 0.0 ], [ 9.417218351344287, 54.675251946635377, 0.0 ], [ 9.417159973187005, 54.675335878923619, 0.0 ], [ 9.417101081852834, 54.675419696120557, 0.0 ], [ 9.417041692846158, 54.675503398171948, 0.0 ], [ 9.416981790565172, 54.675586976143933, 0.0 ], [ 9.416921390606383, 54.675670438968936, 0.0 ], [ 9.416860492967235, 54.675753786646268, 0.0 ], [ 9.416799082138224, 54.67583701922851, 0.0 ], [ 9.416737158116486, 54.675920136714964, 0.0 ], [ 9.416674736314684, 54.676003130064814, 0.0 ], [ 9.416611816822392, 54.676086008263916, 0.0 ], [ 9.416548384129959, 54.676168771364885, 0.0 ], [ 9.416484438142001, 54.676251410380324, 0.0 ], [ 9.416420009963716, 54.676333934189316, 0.0 ], [ 9.4163550530698, 54.67641634295115, 0.0 ], [ 9.41628959847286, 54.67649863655825, 0.0 ], [ 9.416223646170309, 54.67658081500992, 0.0 ], [ 9.416157165052551, 54.676662869425314, 0.0 ], [ 9.416090201731873, 54.676744808630275, 0.0 ], [ 9.416022709590493, 54.676826623797311, 0.0 ], [ 9.415954719733859, 54.676908323805577, 0.0 ], [ 9.41588623215954, 54.6769899086542, 0.0 ], [ 9.415816734186194, 54.677071290234331, 0.0 ], [ 9.415816734186194, 54.677071290234331, 0.0 ] ], [ [ 9.415346985688485, 54.676962094298794, 0.0 ], [ 9.415816734186194, 54.677071290234331, 0.0 ] ], [ [ 9.415346985688485, 54.676962094298794, 0.0 ], [ 9.415207933159794, 54.677122583301667, 0.0 ], [ 9.415139309018173, 54.677203125708751, 0.0 ], [ 9.415071197651837, 54.677283792133963, 0.0 ], [ 9.415003568047622, 54.677364582684454, 0.0 ], [ 9.414936435532491, 54.677445479334729, 0.0 ], [ 9.414869800199815, 54.677526491072193, 0.0 ], [ 9.414803662144482, 54.677607626884232, 0.0 ], [ 9.414738021276873, 54.677688877785059, 0.0 ], [ 9.414672877599527, 54.67777024377547, 0.0 ], [ 9.414608215606524, 54.677851724909395, 0.0 ], [ 9.414544050808839, 54.677933321134454, 0.0 ], [ 9.414480383208348, 54.678015032451462, 0.0 ], [ 9.4144172128078, 54.678096858861188, 0.0 ], [ 9.414354524192921, 54.678178809404066, 0.0 ], [ 9.41429233269141, 54.678260866054543, 0.0 ], [ 9.4142306383971, 54.678343037800026, 0.0 ], [ 9.414169425895839, 54.678425333680885, 0.0 ], [ 9.41410871060681, 54.678507744658233, 0.0 ], [ 9.414048492440962, 54.67859026174618, 0.0 ], [ 9.413988756075504, 54.678672902971662, 0.0 ], [ 9.413929516929718, 54.67875565929581, 0.0 ], [ 9.413870775006028, 54.678838530719318, 0.0 ], [ 9.413825661308195, 54.6789027256631, 0.0 ], [ 9.413812530307267, 54.678921517242927, 0.0 ], [ 9.413760391884534, 54.678996484517207, 0.0 ], [ 9.413754767327186, 54.679004618920281, 0.0 ], [ 9.413697486068429, 54.679087835752142, 0.0 ], [ 9.413640717550857, 54.679171167633129, 0.0 ], [ 9.413584430759292, 54.679254614669993, 0.0 ], [ 9.413528625788077, 54.679338185849964, 0.0 ], [ 9.413473317965481, 54.67942186314751, 0.0 ], [ 9.413418507385739, 54.679505655549931, 0.0 ], [ 9.413364194142359, 54.679589572044456, 0.0 ], [ 9.413310362546936, 54.679673594711552, 0.0 ], [ 9.413257028293152, 54.679757741472052, 0.0 ], [ 9.413204191292355, 54.679842003340013, 0.0 ], [ 9.413151851456112, 54.679926371329515, 0.0 ], [ 9.413099993460808, 54.680010863467281, 0.0 ], [ 9.41304863272622, 54.680095470714399, 0.0 ], [ 9.412997753746343, 54.680180193124457, 0.0 ], [ 9.412947387541696, 54.680265030592174, 0.0 ], [ 9.412897503188377, 54.680349992210608, 0.0 ], [ 9.412848116015416, 54.680435059954235, 0.0 ], [ 9.412799226208246, 54.680520251796885, 0.0 ], [ 9.412750833586703, 54.680605549765943, 0.0 ], [ 9.412702426075043, 54.680690928647032, 0.0 ], [ 9.412702426075043, 54.680690928647032, 0.0 ] ], [ [ 9.415816734186194, 54.677071290234331, 0.0 ], [ 9.415723342287688, 54.677242613967536, 0.0 ], [ 9.415675674500681, 54.677328054469172, 0.0 ], [ 9.415627509064203, 54.677413379829353, 0.0 ], [ 9.415578861392028, 54.677498581007562, 0.0 ], [ 9.415529700648701, 54.67758367608301, 0.0 ], [ 9.415480042247799, 54.677668656015157, 0.0 ], [ 9.41542990160308, 54.677753511763655, 0.0 ], [ 9.415379263387264, 54.677838261354225, 0.0 ], [ 9.415328127506086, 54.677922895799767, 0.0 ], [ 9.415276493864862, 54.678007406113053, 0.0 ], [ 9.41522436264459, 54.678091810266572, 0.0 ], [ 9.415171733750714, 54.678176099273138, 0.0 ], [ 9.415118622597241, 54.678260264092344, 0.0 ], [ 9.415065013856793, 54.678344322749915, 0.0 ], [ 9.415010907435043, 54.678428266258635, 0.0 ], [ 9.414956318837396, 54.67851209456461, 0.0 ], [ 9.414901217045136, 54.678595807773611, 0.0 ], [ 9.414845648580027, 54.678679405725433, 0.0 ], [ 9.414789566914974, 54.678762888578859, 0.0 ], [ 9.414732987555629, 54.678846256280103, 0.0 ], [ 9.414675926099235, 54.678929517761922, 0.0 ], [ 9.414647392212764, 54.678970847441541, 0.0 ], [ 9.414647392212764, 54.678970847441541, 0.0 ], [ 9.41461838236042, 54.67901265505045, 0.0 ], [ 9.414560325410982, 54.679095677237818, 0.0 ], [ 9.414501786357141, 54.679178593203694, 0.0 ], [ 9.414442749504722, 54.679261385027317, 0.0 ], [ 9.414383230542789, 54.679344070628034, 0.0 ], [ 9.414323213868794, 54.679426641071636, 0.0 ], [ 9.414262699388425, 54.679509087370811, 0.0 ], [ 9.414201687282398, 54.679591427498011, 0.0 ], [ 9.414140192965519, 54.679673652412866, 0.0 ], [ 9.41407820092652, 54.679755762167638, 0.0 ], [ 9.414015711162852, 54.679837756761621, 0.0 ], [ 9.41395273918106, 54.67991963614098, 0.0 ], [ 9.413889253960861, 54.680001400411086, 0.0 ], [ 9.413825286517424, 54.680083049465061, 0.0 ], [ 9.413760836848439, 54.680164583302151, 0.0 ], [ 9.413695873933397, 54.680246002027602, 0.0 ], [ 9.413630428879795, 54.680327314521236, 0.0 ], [ 9.41356447048371, 54.680408502915007, 0.0 ], [ 9.413498029852668, 54.68048957608876, 0.0 ], [ 9.413431091474777, 54.680570534094677, 0.0 ], [ 9.413363670857223, 54.680651376878977, 0.0 ], [ 9.413295737070584, 54.680732113533381, 0.0 ], [ 9.413226716816535, 54.680812799935353, 0.0 ], [ 9.413226716816535, 54.680812799935353, 0.0 ] ], [ [ 9.412702426075043, 54.680690928647032, 0.0 ], [ 9.413226716816535, 54.680812799935353, 0.0 ] ], [ [ 9.412702426075043, 54.680690928647032, 0.0 ], [ 9.412569762612971, 54.680853594494593, 0.0 ], [ 9.412504938447396, 54.680935272713839, 0.0 ], [ 9.412440642708253, 54.681017083900073, 0.0 ], [ 9.412376875216234, 54.681099010080978, 0.0 ], [ 9.412313620555373, 54.681181060296737, 0.0 ], [ 9.412250909747241, 54.681263234442568, 0.0 ], [ 9.412188727285278, 54.681345532572088, 0.0 ], [ 9.412127073171725, 54.681427954686129, 0.0 ], [ 9.412065947409351, 54.681510500785457, 0.0 ], [ 9.41200533440049, 54.681593161937073, 0.0 ], [ 9.411945265257353, 54.68167594702274, 0.0 ], [ 9.411885724473795, 54.681758856096067, 0.0 ], [ 9.411826696542731, 54.681841889210567, 0.0 ], [ 9.41176819697588, 54.681925046314241, 0.0 ], [ 9.411710944447405, 54.682007309443577, 0.0 ], [ 9.411710944447405, 54.682007309443577, 0.0 ], [ 9.411710241286368, 54.682008327355085, 0.0 ], [ 9.411652798366235, 54.682091723452743, 0.0 ], [ 9.411595883909714, 54.682175252528431, 0.0 ], [ 9.411539513247799, 54.682258896556888, 0.0 ], [ 9.41148365545423, 54.682342664631001, 0.0 ], [ 9.411428326041779, 54.682426556698672, 0.0 ], [ 9.411373525013218, 54.68251057276067, 0.0 ], [ 9.411319252280411, 54.682594703831079, 0.0 ], [ 9.411265508027926, 54.682678967883795, 0.0 ], [ 9.411212292076463, 54.682763346946331, 0.0 ], [ 9.411159604611193, 54.682847858992517, 0.0 ], [ 9.411107445452883, 54.6829324860499, 0.0 ], [ 9.411055814695363, 54.683017237105737, 0.0 ], [ 9.411004712341065, 54.683102112160697, 0.0 ], [ 9.410954153812579, 54.683187102176149, 0.0 ], [ 9.410904108274186, 54.683272225231313, 0.0 ], [ 9.410855740814734, 54.683357657110648, 0.0 ], [ 9.410855740814734, 54.683357657110648, 0.0 ] ], [ [ 9.413226716816535, 54.680812799935353, 0.0 ], [ 9.413127682432965, 54.680983287033484, 0.0 ], [ 9.41307711544462, 54.681068278005249, 0.0 ], [ 9.413026019738668, 54.68115315392847, 0.0 ], [ 9.412974379711299, 54.681237905868826, 0.0 ], [ 9.412922226378601, 54.681322533719857, 0.0 ], [ 9.412869544228242, 54.681407037533745, 0.0 ], [ 9.412816333257567, 54.681491417309864, 0.0 ], [ 9.41276257804498, 54.681575682086944, 0.0 ], [ 9.412708309425037, 54.681659813785394, 0.0 ], [ 9.412653512067292, 54.681743830430534, 0.0 ], [ 9.412598185877734, 54.68182772303512, 0.0 ], [ 9.412542346363502, 54.68191149154557, 0.0 ], [ 9.412485962502558, 54.681995136066838, 0.0 ], [ 9.412429049892896, 54.682078665531961, 0.0 ], [ 9.412372311496325, 54.682161044051711, 0.0 ], [ 9.412372311496325, 54.682161044051711, 0.0 ], [ 9.412371608349162, 54.68216206196702, 0.0 ], [ 9.412313653561069, 54.682245343291612, 0.0 ], [ 9.412255154415156, 54.682328500624109, 0.0 ], [ 9.412196141928009, 54.682411533858009, 0.0 ], [ 9.412136600587399, 54.682494443045456, 0.0 ], [ 9.412076514880635, 54.682577228238451, 0.0 ], [ 9.412015915915941, 54.682659898317205, 0.0 ], [ 9.411954787998816, 54.682742435360588, 0.0 ], [ 9.411893131308251, 54.682824857340975, 0.0 ], [ 9.411830945750751, 54.682907155270925, 0.0 ], [ 9.411768231323437, 54.682989329149706, 0.0 ], [ 9.411704972513949, 54.683071379029236, 0.0 ], [ 9.411641200339702, 54.683153304803163, 0.0 ], [ 9.411576899379012, 54.683235115510058, 0.0 ], [ 9.41151206944731, 54.683316793175827, 0.0 ], [ 9.411446695213444, 54.683398355825616, 0.0 ], [ 9.411380340385058, 54.683479607229252, 0.0 ], [ 9.411380340385058, 54.683479607229252, 0.0 ] ], [ [ 9.410855740814734, 54.683357657110648, 0.0 ], [ 9.411380340385058, 54.683479607229252, 0.0 ] ], [ [ 9.410855740814734, 54.683357657110648, 0.0 ], [ 9.410724187758028, 54.683519741908775, 0.0 ], [ 9.410659179235767, 54.68360084455508, 0.0 ], [ 9.4105946680582, 54.683682071294783, 0.0 ], [ 9.410530669647496, 54.683763413089423, 0.0 ], [ 9.410467184006016, 54.683844869939897, 0.0 ], [ 9.410404180025097, 54.683926432965507, 0.0 ], [ 9.410341688909053, 54.684008120035045, 0.0 ], [ 9.410279710570071, 54.684089922162705, 0.0 ], [ 9.410218229591026, 54.684171848388424, 0.0 ], [ 9.410157245792293, 54.684253880739753, 0.0 ], [ 9.410096759267867, 54.684336028204036, 0.0 ], [ 9.410036785530201, 54.684418290729482, 0.0 ], [ 9.409977309162604, 54.684500677355942, 0.0 ], [ 9.409918329985477, 54.684583170110962, 0.0 ], [ 9.409859863694066, 54.684665786915915, 0.0 ], [ 9.409801879088096, 54.684748509903386, 0.0 ], [ 9.409763625018972, 54.684803576301562, 0.0 ], [ 9.409744407372337, 54.68483135694224, 0.0 ], [ 9.40971040835414, 54.684880774135593, 0.0 ], [ 9.409687448368743, 54.684914310060051, 0.0 ], [ 9.409630971239443, 54.684997387335592, 0.0 ], [ 9.409575006827305, 54.685080570691454, 0.0 ], [ 9.409519539805283, 54.685163878153986, 0.0 ], [ 9.409464570085243, 54.685247300737267, 0.0 ], [ 9.409410113090683, 54.685330829402908, 0.0 ], [ 9.409356153493771, 54.685414482177229, 0.0 ], [ 9.409302691207252, 54.685498250074289, 0.0 ], [ 9.409249726233227, 54.685582133094762, 0.0 ], [ 9.409197274085452, 54.685666131186821, 0.0 ], [ 9.409145303744706, 54.68575024445601, 0.0 ], [ 9.409093861746982, 54.685834472745633, 0.0 ], [ 9.409042901561307, 54.685918816213658, 0.0 ], [ 9.408992454212923, 54.686003274755812, 0.0 ], [ 9.408942504193321, 54.686087848425167, 0.0 ], [ 9.408893051505071, 54.686172537222291, 0.0 ], [ 9.408844111662038, 54.686257341095427, 0.0 ], [ 9.408795669246528, 54.686342269084143, 0.0 ], [ 9.408747724080046, 54.686427303215879, 0.0 ], [ 9.408700291767534, 54.68651245242539, 0.0 ], [ 9.408653356890156, 54.686597725752236, 0.0 ], [ 9.408619668621778, 54.686672152101387, 0.0 ], [ 9.408619668621778, 54.686672152101387, 0.0 ] ], [ [ 9.411380340385058, 54.683479607229252, 0.0 ], [ 9.411284174741704, 54.683652949794556, 0.0 ], [ 9.411235042479305, 54.683739408925462, 0.0 ], [ 9.411185396982463, 54.683825752948415, 0.0 ], [ 9.4111352380664, 54.683911963889535, 0.0 ], [ 9.411084550490743, 54.68399806876068, 0.0 ], [ 9.411033333979788, 54.684084040601405, 0.0 ], [ 9.41098160422273, 54.684169897331586, 0.0 ], [ 9.410929361217276, 54.684255638950589, 0.0 ], [ 9.410876604869101, 54.684341256471129, 0.0 ], [ 9.410823319665374, 54.684426749945246, 0.0 ], [ 9.410769521204537, 54.684512128306146, 0.0 ], [ 9.410715209392796, 54.684597382566587, 0.0 ], [ 9.410660368807733, 54.684682521765097, 0.0 ], [ 9.410605014866439, 54.684767536861798, 0.0 ], [ 9.410549147656885, 54.684852436842554, 0.0 ], [ 9.410492751574866, 54.684937212772702, 0.0 ], [ 9.410435857729702, 54.685021873532847, 0.0 ], [ 9.41037843500682, 54.685106410240962, 0.0 ], [ 9.410320498913682, 54.68519082284368, 0.0 ], [ 9.41031864903738, 54.685193498222297, 0.0 ], [ 9.410299905713121, 54.685220612311525, 0.0 ], [ 9.410262034028086, 54.685275120379465, 0.0 ], [ 9.410203055857483, 54.685359302794971, 0.0 ], [ 9.410143579820124, 54.685443361050332, 0.0 ], [ 9.410083574981808, 54.685527304236494, 0.0 ], [ 9.410023041249127, 54.685611123366108, 0.0 ], [ 9.4099620096415, 54.685694818333317, 0.0 ], [ 9.409900449224518, 54.685778398229004, 0.0 ], [ 9.40983837541661, 54.685861854013304, 0.0 ], [ 9.409775772794188, 54.685945194724482, 0.0 ], [ 9.409712672376862, 54.68602842025679, 0.0 ], [ 9.409649043049324, 54.68611152172781, 0.0 ], [ 9.409584900320167, 54.686194499084245, 0.0 ], [ 9.409520228765832, 54.686277361364368, 0.0 ], [ 9.409455059315761, 54.686360099475806, 0.0 ], [ 9.409389345523991, 54.686442722561686, 0.0 ], [ 9.409323133831728, 54.686525221477297, 0.0 ], [ 9.409256393213353, 54.68660759632661, 0.0 ], [ 9.409189139268504, 54.686689856042996, 0.0 ], [ 9.409121356482746, 54.686772000677969, 0.0 ], [ 9.409040714284977, 54.686864972996652, 0.0 ], [ 9.409040714284977, 54.686864972996652, 0.0 ] ], [ [ 9.408619668621778, 54.686672152101387, 0.0 ], [ 9.409040714284977, 54.686864972996652, 0.0 ] ], [ [ 9.408619668621778, 54.686672152101387, 0.0 ], [ 9.4083754144298, 54.686763078883345, 0.0 ], [ 9.408247492589302, 54.686813117985238, 0.0 ], [ 9.408119898704951, 54.686863407478683, 0.0 ], [ 9.407992617173255, 54.686913938430379, 0.0 ], [ 9.407865663414682, 54.68696470180241, 0.0 ], [ 9.407739037608513, 54.687015715569018, 0.0 ], [ 9.407612724062124, 54.687066961810281, 0.0 ], [ 9.407486722954122, 54.687118458500329, 0.0 ], [ 9.407361049615483, 54.687170187614747, 0.0 ], [ 9.407235704225311, 54.687222167127743, 0.0 ], [ 9.407110671090532, 54.687274379119366, 0.0 ], [ 9.406985965812174, 54.687326832524938, 0.0 ], [ 9.4068615728774, 54.687379527397631, 0.0 ], [ 9.406737492285222, 54.687432463738418, 0.0 ], [ 9.406613739546529, 54.687485641496153, 0.0 ], [ 9.406490314660415, 54.68753906067181, 0.0 ], [ 9.406367202114183, 54.68759272131846, 0.0 ], [ 9.406244401816959, 54.687646614450479, 0.0 ], [ 9.40612192945947, 54.687700757989944, 0.0 ], [ 9.406058795024268, 54.687728820144535, 0.0 ], [ 9.406006549101294, 54.687752109657879, 0.0 ], [ 9.405999784860915, 54.687755133964679, 0.0 ], [ 9.405877952598773, 54.687809751414228, 0.0 ], [ 9.405756432761612, 54.687864619326156, 0.0 ], [ 9.405635240681208, 54.687919719676231, 0.0 ], [ 9.405514376446417, 54.687975061452001, 0.0 ], [ 9.405393824544236, 54.688030644706409, 0.0 ], [ 9.405273584974209, 54.688086469440393, 0.0 ], [ 9.40515367315753, 54.688142526616339, 0.0 ], [ 9.405034089272824, 54.688198834208443, 0.0 ], [ 9.404914817717508, 54.688255383282907, 0.0 ], [ 9.404795874003366, 54.688312173788802, 0.0 ], [ 9.404677242616698, 54.688369205778976, 0.0 ], [ 9.404558938980092, 54.68842647021588, 0.0 ], [ 9.404440947759531, 54.688483985125451, 0.0 ], [ 9.404323284376549, 54.688541741470239, 0.0 ], [ 9.404205948830862, 54.688599739251188, 0.0 ], [ 9.40408892560958, 54.688657978520979, 0.0 ], [ 9.4039722302238, 54.6887164592288, 0.0 ], [ 9.403855847160839, 54.688775181427332, 0.0 ], [ 9.403739791932441, 54.688834145065719, 0.0 ], [ 9.403624064627092, 54.688893359131455, 0.0 ], [ 9.403508962211189, 54.688953047308033, 0.0 ], [ 9.403508962211189, 54.688953047308033, 0.0 ] ], [ [ 9.409040714284977, 54.686864972996652, 0.0 ], [ 9.40879281909961, 54.686993361309824, 0.0 ], [ 9.40867484394183, 54.68705301021182, 0.0 ], [ 9.408556540162499, 54.687112408473766, 0.0 ], [ 9.408437907852642, 54.687171565081258, 0.0 ], [ 9.408318946831882, 54.687230462060207, 0.0 ], [ 9.408199657282051, 54.687289117382797, 0.0 ], [ 9.40808003911369, 54.687347522061486, 0.0 ], [ 9.407960092417252, 54.687405685081906, 0.0 ], [ 9.407839817013594, 54.687463588469896, 0.0 ], [ 9.407719213083702, 54.687521250197648, 0.0 ], [ 9.407598280628429, 54.687578670264188, 0.0 ], [ 9.40747701946837, 54.687635830695406, 0.0 ], [ 9.407355429784268, 54.68769274946348, 0.0 ], [ 9.407233511577191, 54.687749426567386, 0.0 ], [ 9.407111264667812, 54.687805844033001, 0.0 ], [ 9.406988704749228, 54.687862019780347, 0.0 ], [ 9.406865800797894, 54.687917953912745, 0.0 ], [ 9.406742583659083, 54.68797362835177, 0.0 ], [ 9.406619022579488, 54.688029070160425, 0.0 ], [ 9.406551178651705, 54.688059332202144, 0.0 ], [ 9.406501959018648, 54.68808121879654, 0.0 ], [ 9.406495148314422, 54.68808425227369, 0.0 ], [ 9.406370930020049, 54.688139192767984, 0.0 ], [ 9.406246398631723, 54.688193882551531, 0.0 ], [ 9.406121523126657, 54.688248321727443, 0.0 ], [ 9.405996334619088, 54.688302519177235, 0.0 ], [ 9.40587081750863, 54.688356465965342, 0.0 ], [ 9.405744971796224, 54.688410162090726, 0.0 ], [ 9.40561878206025, 54.688463616590944, 0.0 ], [ 9.405492279236432, 54.688516820374417, 0.0 ], [ 9.405365447813574, 54.688569773492162, 0.0 ], [ 9.405238287882437, 54.688622484929688, 0.0 ], [ 9.405110799264643, 54.688674936712786, 0.0 ], [ 9.404982966628298, 54.688727146865517, 0.0 ], [ 9.404854820909526, 54.688779106296451, 0.0 ], [ 9.404726346686626, 54.688830824043045, 0.0 ], [ 9.404597528269205, 54.688882282182909, 0.0 ], [ 9.404468396862057, 54.688933498584504, 0.0 ], [ 9.40433892135211, 54.688984464363855, 0.0 ], [ 9.404209132765111, 54.689035179416273, 0.0 ], [ 9.404079000077987, 54.689085643844315, 0.0 ], [ 9.403948538803556, 54.689135857595105, 0.0 ], [ 9.403817436371449, 54.689185588051068, 0.0 ], [ 9.403817436371449, 54.689185588051068, 0.0 ] ], [ [ 9.403508962211189, 54.688953047308033, 0.0 ], [ 9.403817436371449, 54.689185588051068, 0.0 ] ], [ [ 9.403508962211189, 54.688953047308033, 0.0 ], [ 9.403252098480607, 54.689051437872813, 0.0 ], [ 9.403124299084809, 54.689101102655414, 0.0 ], [ 9.402996827634142, 54.68915101784355, 0.0 ], [ 9.402869668437258, 54.689201165516771, 0.0 ], [ 9.402742821581953, 54.689251554662597, 0.0 ], [ 9.402616287067248, 54.68930218528201, 0.0 ], [ 9.402490080404894, 54.689353057324411, 0.0 ], [ 9.402364201504117, 54.689404161804227, 0.0 ], [ 9.402238619428472, 54.689455507812163, 0.0 ], [ 9.402113365201874, 54.689507095246071, 0.0 ], [ 9.401988423310732, 54.689558924158511, 0.0 ], [ 9.401863809177815, 54.689610985512296, 0.0 ], [ 9.401739507467235, 54.689663297333162, 0.0 ], [ 9.401615517911246, 54.689715832662216, 0.0 ], [ 9.401491840775721, 54.689768618460242, 0.0 ], [ 9.401368491394726, 54.689821636703577, 0.0 ], [ 9.401245454343352, 54.689874896431192, 0.0 ], [ 9.401122729531961, 54.689928388657457, 0.0 ], [ 9.40100031713706, 54.689982131356523, 0.0 ], [ 9.400878232493232, 54.690036106504728, 0.0 ], [ 9.400818535189076, 54.690062635741555, 0.0 ], [ 9.400818535189076, 54.690062635741555, 0.0 ], [ 9.40075646008659, 54.690090314154475, 0.0 ], [ 9.400635000005222, 54.690144763293212, 0.0 ], [ 9.400513852248002, 54.690199453921942, 0.0 ], [ 9.400393032327152, 54.690254385990265, 0.0 ], [ 9.400272524640171, 54.690309550563896, 0.0 ], [ 9.400152329274851, 54.690364956630276, 0.0 ], [ 9.400032461743464, 54.690420604139121, 0.0 ], [ 9.399912890930754, 54.690476484207295, 0.0 ], [ 9.399793647950162, 54.69053260571976, 0.0 ], [ 9.399674732800815, 54.690588968677524, 0.0 ], [ 9.399556114367844, 54.690645564197354, 0.0 ], [ 9.399437823764893, 54.690702401164323, 0.0 ], [ 9.399319845478216, 54.69075947963055, 0.0 ], [ 9.399202195019733, 54.690816799545836, 0.0 ], [ 9.399084841274604, 54.690874352026739, 0.0 ], [ 9.398967830869678, 54.690932145907375, 0.0 ], [ 9.398851117264723, 54.69099018134208, 0.0 ], [ 9.398734731485552, 54.69104845822946, 0.0 ], [ 9.398618658018124, 54.691106976621604, 0.0 ], [ 9.398502912287029, 54.691165727481675, 0.0 ], [ 9.398387478866189, 54.691224719848336, 0.0 ], [ 9.398272732012423, 54.691284150202655, 0.0 ], [ 9.398272732012423, 54.691284150202655, 0.0 ] ], [ [ 9.403817436371449, 54.689185588051068, 0.0 ], [ 9.403587221105262, 54.689304057012386, 0.0 ], [ 9.403471487781486, 54.689362821600845, 0.0 ], [ 9.403355425860887, 54.689421335539556, 0.0 ], [ 9.403239051035243, 54.689479616749104, 0.0 ], [ 9.403122347613994, 54.689537647307041, 0.0 ], [ 9.403005331288705, 54.689595445133975, 0.0 ], [ 9.402888002060676, 54.68965301022898, 0.0 ], [ 9.402770344239009, 54.689710324669619, 0.0 ], [ 9.402652373515679, 54.689767406376504, 0.0 ], [ 9.402534089802442, 54.68982424636215, 0.0 ], [ 9.402415477587065, 54.689880844677198, 0.0 ], [ 9.40229655247238, 54.689937210255728, 0.0 ], [ 9.402177314369743, 54.689993334110262, 0.0 ], [ 9.402057763280204, 54.690049216239849, 0.0 ], [ 9.401937883691483, 54.690104856695086, 0.0 ], [ 9.40181769120656, 54.690160264410117, 0.0 ], [ 9.401697185737168, 54.690215430397387, 0.0 ], [ 9.401576367372957, 54.690270363642618, 0.0 ], [ 9.401455220424126, 54.690325046223109, 0.0 ], [ 9.401333760670987, 54.690379505046224, 0.0 ], [ 9.401274141259638, 54.690406088168693, 0.0 ], [ 9.401274141259638, 54.690406088168693, 0.0 ], [ 9.401211987847997, 54.690433713151236, 0.0 ], [ 9.401089902133618, 54.690487688510437, 0.0 ], [ 9.400967487926751, 54.690541422187643, 0.0 ], [ 9.400844760741748, 54.690594914130479, 0.0 ], [ 9.400721720667743, 54.690648173324632, 0.0 ], [ 9.400598352103925, 54.69070119083387, 0.0 ], [ 9.400474686166589, 54.690753975541192, 0.0 ], [ 9.400350691741057, 54.690806518561629, 0.0 ], [ 9.400226384342011, 54.690858819842958, 0.0 ], [ 9.40010174845702, 54.690910879435471, 0.0 ], [ 9.399976799688742, 54.690962706273496, 0.0 ], [ 9.399851537949713, 54.691014291369463, 0.0 ], [ 9.399725963240964, 54.691065634722435, 0.0 ], [ 9.399600060138615, 54.691116745369222, 0.0 ], [ 9.399473843980168, 54.691167605284434, 0.0 ], [ 9.399347314943368, 54.691218232440306, 0.0 ], [ 9.399220457516044, 54.691268626886988, 0.0 ], [ 9.399093287035964, 54.691318770599104, 0.0 ], [ 9.398965803680385, 54.691368681548951, 0.0 ], [ 9.398837991761157, 54.691418341813367, 0.0 ], [ 9.39870986696857, 54.691467769313476, 0.0 ], [ 9.398581194046438, 54.691516704203131, 0.0 ], [ 9.398581194046438, 54.691516704203131, 0.0 ] ], [ [ 9.398272732012423, 54.691284150202655, 0.0 ], [ 9.398581194046438, 54.691516704203131, 0.0 ] ], [ [ 9.398272732012423, 54.691284150202655, 0.0 ], [ 9.398011968499251, 54.691384735207372, 0.0 ], [ 9.397882242704354, 54.691435524114219, 0.0 ], [ 9.397752844829663, 54.691486563436648, 0.0 ], [ 9.39762377487426, 54.69153785317576, 0.0 ], [ 9.397495048262176, 54.691589384295057, 0.0 ], [ 9.397366649654792, 54.691641174819686, 0.0 ], [ 9.39723859447675, 54.691693215713251, 0.0 ], [ 9.397110851699924, 54.691745507078593, 0.0 ], [ 9.396983452350183, 54.69179804881491, 0.0 ], [ 9.396856380825385, 54.691850831987587, 0.0 ], [ 9.396729637299584, 54.691903874570826, 0.0 ], [ 9.396603237197963, 54.691957167528244, 0.0 ], [ 9.396477149404523, 54.692010701975896, 0.0 ], [ 9.396351405033124, 54.692064486799801, 0.0 ], [ 9.396225988656649, 54.692118531038368, 0.0 ], [ 9.396100900099251, 54.692172816719456, 0.0 ], [ 9.395976139447061, 54.692227352830614, 0.0 ], [ 9.395851722213292, 54.692282139322188, 0.0 ], [ 9.395727632795277, 54.692337167259296, 0.0 ], [ 9.39572738571392, 54.692337284896389, 0.0 ], [ 9.39572738571392, 54.692337284896389, 0.0 ], [ 9.39560385585413, 54.692392454666852, 0.0 ], [ 9.395480437841821, 54.692447992407175, 0.0 ], [ 9.395357332129047, 54.69250377164672, 0.0 ], [ 9.395234554316426, 54.692559801322425, 0.0 ], [ 9.395112120003864, 54.692616090371217, 0.0 ], [ 9.39498999798826, 54.692672620922188, 0.0 ], [ 9.394868219383683, 54.692729401861634, 0.0 ], [ 9.394746784189216, 54.692786433190641, 0.0 ], [ 9.394625661289277, 54.692843706024725, 0.0 ], [ 9.394504866371461, 54.692901238287504, 0.0 ], [ 9.39438441486141, 54.692959020942823, 0.0 ], [ 9.394264291244477, 54.693017054042166, 0.0 ], [ 9.39414449543259, 54.693075328599917, 0.0 ], [ 9.394025043113571, 54.693133862539781, 0.0 ], [ 9.393905918598119, 54.693192637940044, 0.0 ], [ 9.393787122059633, 54.693251672774828, 0.0 ], [ 9.393668653323413, 54.693310949071922, 0.0 ], [ 9.393550512562834, 54.693370484805492, 0.0 ], [ 9.393432715204144, 54.693430270939444, 0.0 ], [ 9.393315388492415, 54.693490630589096, 0.0 ], [ 9.393315388492415, 54.693490630589096, 0.0 ] ], [ [ 9.398581194046438, 54.691516704203131, 0.0 ], [ 9.398346265342306, 54.691636769312765, 0.0 ], [ 9.398228151728434, 54.69169630056517, 0.0 ], [ 9.39810969409386, 54.691755590186709, 0.0 ], [ 9.397990907865305, 54.691814629138761, 0.0 ], [ 9.39787179295503, 54.691873408433786, 0.0 ], [ 9.39775233402659, 54.691931946094996, 0.0 ], [ 9.397632546418331, 54.691990224097182, 0.0 ], [ 9.397512430306913, 54.692048260412648, 0.0 ], [ 9.397391985517032, 54.69210603706717, 0.0 ], [ 9.397271212225444, 54.692163572032982, 0.0 ], [ 9.397150094831666, 54.692220856373403, 0.0 ], [ 9.397028648849798, 54.692277890036522, 0.0 ], [ 9.396906874280571, 54.692334673021378, 0.0 ], [ 9.396784771125313, 54.692391205326963, 0.0 ], [ 9.396662323871173, 54.692447487003164, 0.0 ], [ 9.396539563545899, 54.692503517947259, 0.0 ], [ 9.39641645921126, 54.692559307246547, 0.0 ], [ 9.396293026205928, 54.692614836875961, 0.0 ], [ 9.396172091557386, 54.692668866380934, 0.0 ], [ 9.396169264706572, 54.692670124807748, 0.0 ], [ 9.396169017537055, 54.692670233459111, 0.0 ], [ 9.396045174626533, 54.692725162054231, 0.0 ], [ 9.395920740452327, 54.692779948665248, 0.0 ], [ 9.39579599321319, 54.692834484538217, 0.0 ], [ 9.395670901882186, 54.69288876977361, 0.0 ], [ 9.395545481973985, 54.692942804319721, 0.0 ], [ 9.395419733577137, 54.692996597162093, 0.0 ], [ 9.395293641003912, 54.693050130377145, 0.0 ], [ 9.395167235457901, 54.693103421835787, 0.0 ], [ 9.395040485825113, 54.69315646265165, 0.0 ], [ 9.394913407532536, 54.693209243786441, 0.0 ], [ 9.3947860007566, 54.693261783212392, 0.0 ], [ 9.39465824989656, 54.693314071992383, 0.0 ], [ 9.394530185981894, 54.693366110024243, 0.0 ], [ 9.394401777985323, 54.693417897408068, 0.0 ], [ 9.394273041422132, 54.693469434092265, 0.0 ], [ 9.394143960779187, 54.693520720126244, 0.0 ], [ 9.394014567086003, 54.693571755407959, 0.0 ], [ 9.393884829315301, 54.693622540037374, 0.0 ], [ 9.393754762982736, 54.693673073962927, 0.0 ], [ 9.393623839037213, 54.693723197139782, 0.0 ], [ 9.393623839037213, 54.693723197139782, 0.0 ] ], [ [ 9.393315388492415, 54.693490630589096, 0.0 ], [ 9.393623839037213, 54.693723197139782, 0.0 ] ], [ [ 9.393315388492415, 54.693490630589096, 0.0 ], [ 9.393055434870528, 54.693589449777626, 0.0 ], [ 9.392926090605046, 54.693639342400033, 0.0 ], [ 9.392797074079715, 54.693689467479032, 0.0 ], [ 9.3926683698666, 54.693739834052558, 0.0 ], [ 9.392539993565745, 54.693790451057929, 0.0 ], [ 9.392411929487562, 54.693841300573233, 0.0 ], [ 9.392284193319561, 54.693892400522422, 0.0 ], [ 9.392156769372198, 54.693943732983584, 0.0 ], [ 9.392029673332699, 54.693995315880599, 0.0 ], [ 9.391902889512188, 54.69404713129159, 0.0 ], [ 9.391776433597039, 54.694099197140488, 0.0 ], [ 9.391650289899106, 54.694151495505324, 0.0 ], [ 9.391524474104363, 54.694204044310069, 0.0 ], [ 9.391398970524705, 54.694256825632728, 0.0 ], [ 9.391273794760053, 54.694309848410697, 0.0 ], [ 9.391148931381441, 54.694363121681739, 0.0 ], [ 9.391024395729467, 54.694416627423472, 0.0 ], [ 9.39090017237511, 54.694470374673635, 0.0 ], [ 9.390776261317582, 54.694524363433203, 0.0 ], [ 9.390652678070071, 54.69457859365297, 0.0 ], [ 9.39052940703117, 54.694633056397457, 0.0 ], [ 9.390469031940974, 54.694659879247752, 0.0 ], [ 9.390469031940974, 54.694659879247752, 0.0 ], [ 9.390406463887112, 54.694687769590757, 0.0 ], [ 9.390283833036271, 54.694742724297313, 0.0 ], [ 9.390161529905688, 54.694797911481395, 0.0 ], [ 9.390039539152628, 54.694853349167232, 0.0 ], [ 9.389917860603903, 54.694909019382564, 0.0 ], [ 9.389796509859272, 54.694964931064952, 0.0 ], [ 9.389675486918051, 54.695021084215362, 0.0 ], [ 9.389554776351135, 54.695077487871352, 0.0 ], [ 9.389434377984848, 54.695134124060594, 0.0 ], [ 9.389314307419724, 54.695191001720723, 0.0 ], [ 9.389194549139964, 54.695248120902605, 0.0 ], [ 9.389075118660056, 54.695305481557298, 0.0 ], [ 9.388956000377476, 54.695363074748997, 0.0 ], [ 9.388837209979233, 54.695420918402007, 0.0 ], [ 9.388718731863507, 54.695479003580516, 0.0 ], [ 9.388600581544052, 54.695537330235574, 0.0 ], [ 9.388482743505641, 54.695595898417956, 0.0 ], [ 9.388365233262386, 54.695654708078813, 0.0 ], [ 9.388248035298805, 54.695713759268813, 0.0 ], [ 9.388131165128559, 54.695773051939135, 0.0 ], [ 9.388014622837625, 54.695832595077327, 0.0 ], [ 9.387898392738215, 54.695892370760838, 0.0 ], [ 9.387782571266412, 54.695952729169754, 0.0 ], [ 9.387782571266412, 54.695952729169754, 0.0 ] ], [ [ 9.393623839037213, 54.693723197139782, 0.0 ], [ 9.393392032250649, 54.693843233421177, 0.0 ], [ 9.393275487602555, 54.693902772678911, 0.0 ], [ 9.393158629978126, 54.69396207019404, 0.0 ], [ 9.393041459377896, 54.694021125965662, 0.0 ], [ 9.392923944773626, 54.69407994009363, 0.0 ], [ 9.392806132709461, 54.694138512425901, 0.0 ], [ 9.392687976642824, 54.694196843112607, 0.0 ], [ 9.392569523117663, 54.694254932001805, 0.0 ], [ 9.392450725591521, 54.694312779243518, 0.0 ], [ 9.392331630608277, 54.694370384685882, 0.0 ], [ 9.392212191625241, 54.694427748478844, 0.0 ], [ 9.392092455186681, 54.694484870470667, 0.0 ], [ 9.39197239026463, 54.694541750760891, 0.0 ], [ 9.391851996859778, 54.694598389348556, 0.0 ], [ 9.391731290487298, 54.694654786182518, 0.0 ], [ 9.391610255633315, 54.694710941312003, 0.0 ], [ 9.391488907900211, 54.694766863672491, 0.0 ], [ 9.391367247115396, 54.694822535289802, 0.0 ], [ 9.391245257938479, 54.694877974186383, 0.0 ], [ 9.391122955711332, 54.694933162337918, 0.0 ], [ 9.391000325093842, 54.694988117766748, 0.0 ], [ 9.390940027882024, 54.695014994519511, 0.0 ], [ 9.390940027882024, 54.695014994519511, 0.0 ], [ 9.390877381514434, 54.695042831435224, 0.0 ], [ 9.390754109459852, 54.695097303392451, 0.0 ], [ 9.39063052444522, 54.695151533587349, 0.0 ], [ 9.390506626471881, 54.69520552201903, 0.0 ], [ 9.390382400025743, 54.695259268736507, 0.0 ], [ 9.390257845107829, 54.695312773738806, 0.0 ], [ 9.390132992835031, 54.695366045911527, 0.0 ], [ 9.390007796491146, 54.6954190674305, 0.0 ], [ 9.389882302794309, 54.69547185611794, 0.0 ], [ 9.389756465028208, 54.695524394149608, 0.0 ], [ 9.389630329911249, 54.695576699347825, 0.0 ], [ 9.38950386624203, 54.695628753838328, 0.0 ], [ 9.38937707419406, 54.695680575593215, 0.0 ], [ 9.389249969110743, 54.695732146588462, 0.0 ], [ 9.389122535650433, 54.695783484846118, 0.0 ], [ 9.388994789243425, 54.695834581328718, 0.0 ], [ 9.388866729804173, 54.695885427048651, 0.0 ], [ 9.388738326476286, 54.695936040077768, 0.0 ], [ 9.388609625633674, 54.695986402292419, 0.0 ], [ 9.388480580904428, 54.696036531814165, 0.0 ], [ 9.388351223147469, 54.696086410569194, 0.0 ], [ 9.388221552450279, 54.696136047543121, 0.0 ], [ 9.388091008978995, 54.696185309726381, 0.0 ], [ 9.388091008978995, 54.696185309726381, 0.0 ] ], [ [ 9.387782571266412, 54.695952729169754, 0.0 ], [ 9.388091008978995, 54.696185309726381, 0.0 ] ], [ [ 9.387782571266412, 54.695952729169754, 0.0 ], [ 9.387521122464221, 54.696050750345613, 0.0 ], [ 9.387390922490418, 54.696100298255118, 0.0 ], [ 9.387261034987329, 54.696150105643703, 0.0 ], [ 9.387131490812699, 54.696200154439957, 0.0 ], [ 9.387002258935041, 54.69625044474418, 0.0 ], [ 9.386873354954284, 54.696300985494361, 0.0 ], [ 9.38674477886893, 54.696351776691543, 0.0 ], [ 9.386616515077206, 54.69640280939975, 0.0 ], [ 9.386488579093164, 54.696454083570394, 0.0 ], [ 9.38636097100145, 54.696505608191103, 0.0 ], [ 9.386233675199945, 54.696557374325842, 0.0 ], [ 9.386106707288706, 54.696609390912684, 0.0 ], [ 9.385980051665767, 54.696661649015539, 0.0 ], [ 9.385853739445881, 54.696714157523097, 0.0 ], [ 9.385727739512532, 54.696766907548643, 0.0 ], [ 9.385602051863948, 54.696819899093192, 0.0 ], [ 9.385476692100442, 54.696873141094891, 0.0 ], [ 9.385351660135482, 54.696926624568128, 0.0 ], [ 9.385226940452899, 54.696980349563326, 0.0 ], [ 9.385102548651917, 54.697034325018691, 0.0 ], [ 9.384978469131243, 54.697088541997907, 0.0 ], [ 9.384874974262706, 54.697134066017902, 0.0 ], [ 9.384854717405517, 54.697143000452677, 0.0 ], [ 9.384731293559009, 54.697197709370563, 0.0 ], [ 9.384727090940061, 54.69719958300751, 0.0 ], [ 9.384608181989551, 54.697252659815263, 0.0 ], [ 9.384485398212574, 54.697307851738437, 0.0 ], [ 9.384362926795983, 54.697363294176938, 0.0 ], [ 9.384240783169931, 54.697418978095868, 0.0 ], [ 9.384118967418374, 54.697474912482832, 0.0 ], [ 9.383997463939924, 54.697531088401412, 0.0 ], [ 9.383876288249029, 54.697587505803313, 0.0 ], [ 9.383755424829571, 54.69764416473874, 0.0 ], [ 9.383634889281312, 54.697701074146011, 0.0 ], [ 9.383514681518362, 54.697758225039557, 0.0 ], [ 9.383394786109131, 54.697815626456048, 0.0 ], [ 9.383275218483739, 54.69787326936067, 0.0 ], [ 9.383155978641458, 54.697931153754425, 0.0 ], [ 9.383037051150588, 54.697989288673952, 0.0 ], [ 9.382918451525997, 54.698047674071077, 0.0 ], [ 9.382800164081221, 54.698106292022615, 0.0 ], [ 9.382682204586233, 54.69816516944023, 0.0 ], [ 9.382564572786041, 54.698224279365121, 0.0 ], [ 9.382446158551286, 54.698284371214939, 0.0 ], [ 9.382446158551286, 54.698284371214939, 0.0 ] ], [ [ 9.388091008978995, 54.696185309726381, 0.0 ], [ 9.387858255123508, 54.696305203559383, 0.0 ], [ 9.387741229079223, 54.696364658107377, 0.0 ], [ 9.387623858954935, 54.696423862010434, 0.0 ], [ 9.38750617595349, 54.69648283314141, 0.0 ], [ 9.387388164303051, 54.696541544589223, 0.0 ], [ 9.387269839776703, 54.696600023263144, 0.0 ], [ 9.387151171173352, 54.696658251288248, 0.0 ], [ 9.387032189524341, 54.696716228564362, 0.0 ], [ 9.386912879400453, 54.69677396412672, 0.0 ], [ 9.386793240802934, 54.696831457974397, 0.0 ], [ 9.386673289247488, 54.696888710056847, 0.0 ], [ 9.386553009134207, 54.696945711436108, 0.0 ], [ 9.386432400549092, 54.697002471097768, 0.0 ], [ 9.386311463493374, 54.697058989040919, 0.0 ], [ 9.38619021339766, 54.697115256228429, 0.0 ], [ 9.386068634918212, 54.697171290682057, 0.0 ], [ 9.385946727885097, 54.69722707442763, 0.0 ], [ 9.385824492298921, 54.697282607464174, 0.0 ], [ 9.385701943846804, 54.697337907714434, 0.0 ], [ 9.385579066843787, 54.697392957253697, 0.0 ], [ 9.385520678402472, 54.697418980443629, 0.0 ], [ 9.385520678402472, 54.697418980443629, 0.0 ], [ 9.385455876891413, 54.69744776501819, 0.0 ], [ 9.385332342959302, 54.697502331105703, 0.0 ], [ 9.38520851151023, 54.697556646380527, 0.0 ], [ 9.385084336083116, 54.697610719976353, 0.0 ], [ 9.38495984779564, 54.697664560780112, 0.0 ], [ 9.384835030877424, 54.697718141880316, 0.0 ], [ 9.38470988558503, 54.697771490235809, 0.0 ], [ 9.38458442726442, 54.697824587823042, 0.0 ], [ 9.384458640486574, 54.697877443676958, 0.0 ], [ 9.384332525252331, 54.697930057796498, 0.0 ], [ 9.384206097078058, 54.697982430131454, 0.0 ], [ 9.384079340364194, 54.698034551743433, 0.0 ], [ 9.383952255197071, 54.698086431618023, 0.0 ], [ 9.383824841577113, 54.698138069754194, 0.0 ], [ 9.383697115021851, 54.698189466101745, 0.0 ], [ 9.383569059931055, 54.698240611722255, 0.0 ], [ 9.383440691906802, 54.698291515552128, 0.0 ], [ 9.383311979833648, 54.698342168702041, 0.0 ], [ 9.383182954913929, 54.698392589045859, 0.0 ], [ 9.383053601463496, 54.698442758658544, 0.0 ], [ 9.382923919483051, 54.698492677538958, 0.0 ], [ 9.382794013860098, 54.698541949932313, 0.0 ], [ 9.382794013860098, 54.698541949932313, 0.0 ] ], [ [ 9.382446158551286, 54.698284371214939, 0.0 ], [ 9.382794013860098, 54.698541949932313, 0.0 ] ], [ [ 9.382446158551286, 54.698284371214939, 0.0 ], [ 9.382186205949116, 54.698384398120588, 0.0 ], [ 9.382056561641104, 54.69843511578452, 0.0 ], [ 9.381927245213628, 54.698486083906857, 0.0 ], [ 9.381798272181038, 54.698537302439703, 0.0 ], [ 9.381669627111094, 54.698588780419691, 0.0 ], [ 9.381541309833413, 54.698640499874621, 0.0 ], [ 9.381413335947697, 54.698692469743278, 0.0 ], [ 9.381285689936689, 54.698744690075614, 0.0 ], [ 9.381158356283237, 54.698797160921501, 0.0 ], [ 9.381031381450248, 54.698849873148809, 0.0 ], [ 9.380904719056632, 54.698902844878347, 0.0 ], [ 9.380778384533681, 54.698956067075642, 0.0 ], [ 9.380652393312083, 54.699009530706348, 0.0 ], [ 9.38052672995901, 54.699063244806922, 0.0 ], [ 9.380401394557408, 54.699117218364933, 0.0 ], [ 9.38027638693821, 54.699171433408246, 0.0 ], [ 9.380151707184298, 54.699225898924439, 0.0 ], [ 9.380027370811352, 54.699280614865799, 0.0 ], [ 9.379903717582188, 54.699335409416847, 0.0 ], [ 9.379903717582188, 54.699335409416847, 0.0 ], [ 9.379903346701438, 54.699335572344182, 0.0 ], [ 9.379779666054606, 54.699390789236404, 0.0 ], [ 9.379656313185414, 54.699446247618944, 0.0 ], [ 9.379533288261012, 54.699501965466034, 0.0 ], [ 9.379410591112398, 54.699557924805397, 0.0 ], [ 9.379288237339132, 54.69961413457608, 0.0 ], [ 9.379166195907469, 54.699670594876281, 0.0 ], [ 9.379044497849657, 54.699727305609784, 0.0 ], [ 9.378923127564288, 54.699784257839568, 0.0 ], [ 9.378802085218272, 54.69984146953982, 0.0 ], [ 9.378681386159773, 54.699898922689819, 0.0 ], [ 9.378560999522257, 54.699956635360763, 0.0 ], [ 9.378440956170703, 54.700014589483388, 0.0 ], [ 9.378321240755136, 54.700072803080431, 0.0 ], [ 9.378201853107493, 54.700131258179631, 0.0 ], [ 9.378082808826951, 54.700189963720071, 0.0 ], [ 9.377964092480415, 54.700248928737857, 0.0 ], [ 9.377845703899093, 54.700308135260691, 0.0 ], [ 9.377727643166441, 54.700367592276137, 0.0 ], [ 9.377609925881826, 54.70042730872337, 0.0 ], [ 9.377492788055568, 54.700487634355248, 0.0 ], [ 9.377492788055568, 54.700487634355248, 0.0 ] ], [ [ 9.382794013860098, 54.698541949932313, 0.0 ], [ 9.382558565404771, 54.698662192502923, 0.0 ], [ 9.382440454627414, 54.698721690248696, 0.0 ], [ 9.382322015295076, 54.698780937283438, 0.0 ], [ 9.382203231977353, 54.698839942641797, 0.0 ], [ 9.382084120021839, 54.698898688300588, 0.0 ], [ 9.381964679514088, 54.698957183245469, 0.0 ], [ 9.38184489493827, 54.699015427524351, 0.0 ], [ 9.381724797412629, 54.699073430025052, 0.0 ], [ 9.381604355735968, 54.699131172871191, 0.0 ], [ 9.381483570077979, 54.699188674035028, 0.0 ], [ 9.381362471303699, 54.699245915444507, 0.0 ], [ 9.381241028549669, 54.699302915169675, 0.0 ], [ 9.381119272765323, 54.699359664125197, 0.0 ], [ 9.380997172834316, 54.69941615342119, 0.0 ], [ 9.380874744442641, 54.699472400981023, 0.0 ], [ 9.380751971990431, 54.699528397865876, 0.0 ], [ 9.380628886511142, 54.699584143977162, 0.0 ], [ 9.380505457057311, 54.699639648398033, 0.0 ], [ 9.380383553303787, 54.699694069474951, 0.0 ], [ 9.380381698977924, 54.699694893105558, 0.0 ], [ 9.380380462704206, 54.699695436201544, 0.0 ], [ 9.380257612357934, 54.699749887085282, 0.0 ], [ 9.380133197282312, 54.699804639322842, 0.0 ], [ 9.380008438151592, 54.699859140879312, 0.0 ], [ 9.379883365915539, 54.699913382669649, 0.0 ], [ 9.379757949710534, 54.699967382763447, 0.0 ], [ 9.379632204969424, 54.700021132124398, 0.0 ], [ 9.379506131693743, 54.700074630751473, 0.0 ], [ 9.379379714367651, 54.700127878692257, 0.0 ], [ 9.379252968508895, 54.700180875897104, 0.0 ], [ 9.379125909635372, 54.700233622316375, 0.0 ], [ 9.378998491281312, 54.700286127081426, 0.0 ], [ 9.378870759830885, 54.700338372072288, 0.0 ], [ 9.378742684334929, 54.700390366371586, 0.0 ], [ 9.37861429582874, 54.70044210988123, 0.0 ], [ 9.37848554784625, 54.700493611732348, 0.0 ], [ 9.378356486771615, 54.70054485380512, 0.0 ], [ 9.378227081656032, 54.700595845182121, 0.0 ], [ 9.378097348017771, 54.700646585813764, 0.0 ], [ 9.377967285857762, 54.700697075699019, 0.0 ], [ 9.377836721814779, 54.700747027798222, 0.0 ], [ 9.377836721814779, 54.700747027798222, 0.0 ] ], [ [ 9.377492788055568, 54.700487634355248, 0.0 ], [ 9.377836721814779, 54.700747027798222, 0.0 ] ], [ [ 9.377492788055568, 54.700487634355248, 0.0 ], [ 9.377231615023153, 54.700587726257808, 0.0 ], [ 9.377101660756837, 54.700638232850892, 0.0 ], [ 9.376972018842, 54.700688989963425, 0.0 ], [ 9.376842720310654, 54.700739997499745, 0.0 ], [ 9.376713734128325, 54.700791255557547, 0.0 ], [ 9.376585091244351, 54.700842755054637, 0.0 ], [ 9.376456776223971, 54.700894505027009, 0.0 ], [ 9.376328789066077, 54.700946505475656, 0.0 ], [ 9.3762011297698, 54.700998756401674, 0.0 ], [ 9.376073798250523, 54.701051248819439, 0.0 ], [ 9.375946794590355, 54.701103991716565, 0.0 ], [ 9.375820118788578, 54.701156985094144, 0.0 ], [ 9.375693770844141, 54.701210228953165, 0.0 ], [ 9.375567750672761, 54.70126371430802, 0.0 ], [ 9.37544205835631, 54.701317450146348, 0.0 ], [ 9.375316709328388, 54.701371427434495, 0.0 ], [ 9.37519167263657, 54.701425655256266, 0.0 ], [ 9.375066963796783, 54.701480133564523, 0.0 ], [ 9.374942582808341, 54.701534862360326, 0.0 ], [ 9.374820214169265, 54.701589090520343, 0.0 ], [ 9.374820214169265, 54.701589090520343, 0.0 ], [ 9.374818545104684, 54.701589832610019, 0.0 ], [ 9.374694819733037, 54.701645053397279, 0.0 ], [ 9.374571422126957, 54.701700515688451, 0.0 ], [ 9.374448352368422, 54.70175622847114, 0.0 ], [ 9.374325610456626, 54.701812191746377, 0.0 ], [ 9.374203211908149, 54.701868405467152, 0.0 ], [ 9.374081125604061, 54.70192486074378, 0.0 ], [ 9.373959367061426, 54.70198155752928, 0.0 ], [ 9.373837936444605, 54.702038513797888, 0.0 ], [ 9.373716849105017, 54.702095711529402, 0.0 ], [ 9.373596074089358, 54.702153159807253, 0.0 ], [ 9.373475626831789, 54.702210849597883, 0.0 ], [ 9.373355523014316, 54.702268798827646, 0.0 ], [ 9.373235731353121, 54.702326980633394, 0.0 ], [ 9.373116283130692, 54.702385421880244, 0.0 ], [ 9.372997147227858, 54.702444113678176, 0.0 ], [ 9.372878354596972, 54.702503046945949, 0.0 ], [ 9.37275988980225, 54.702562230718911, 0.0 ], [ 9.372641752842995, 54.702621664998041, 0.0 ], [ 9.372523943635604, 54.702681340797703, 0.0 ], [ 9.372406462344651, 54.702741276092063, 0.0 ], [ 9.372289557253453, 54.70280147011858, 0.0 ], [ 9.372289557253453, 54.70280147011858, 0.0 ] ], [ [ 9.377836721814779, 54.700747027798222, 0.0 ], [ 9.377602441894055, 54.700867382824548, 0.0 ], [ 9.37748464514544, 54.700927072429906, 0.0 ], [ 9.377366519771407, 54.700986502324895, 0.0 ], [ 9.377248050422381, 54.701045690530115, 0.0 ], [ 9.377129268132808, 54.701104636947903, 0.0 ], [ 9.377010157220143, 54.701163323652437, 0.0 ], [ 9.376890702334332, 54.701221768664297, 0.0 ], [ 9.376770934427404, 54.701279962899285, 0.0 ], [ 9.376650822465386, 54.701337906453006, 0.0 ], [ 9.376530381966319, 54.701395599276211, 0.0 ], [ 9.37640961301468, 54.701453050354495, 0.0 ], [ 9.376288531044867, 54.701510250652092, 0.0 ], [ 9.376167105023649, 54.701567200264471, 0.0 ], [ 9.376045350551736, 54.701623908129029, 0.0 ], [ 9.375923267546943, 54.701680365258142, 0.0 ], [ 9.375800856010377, 54.701736571650848, 0.0 ], [ 9.375678116025858, 54.701792536292793, 0.0 ], [ 9.375555047428007, 54.70184824120971, 0.0 ], [ 9.375431650467245, 54.70190371336048, 0.0 ], [ 9.375309609483132, 54.701958183639775, 0.0 ], [ 9.375309609483132, 54.701958183639775, 0.0 ], [ 9.375307940412567, 54.701958925736143, 0.0 ], [ 9.375183886395741, 54.702013896405155, 0.0 ], [ 9.375059503935647, 54.702068625318354, 0.0 ], [ 9.374934792867011, 54.702123094501573, 0.0 ], [ 9.374809753356708, 54.702177321927024, 0.0 ], [ 9.374684385405873, 54.702231307593649, 0.0 ], [ 9.37455868893211, 54.702285042513864, 0.0 ], [ 9.37443266393678, 54.702338526686617, 0.0 ], [ 9.37430631042097, 54.702391760110913, 0.0 ], [ 9.37417962846825, 54.70244475177234, 0.0 ], [ 9.374052617996963, 54.702497492683257, 0.0 ], [ 9.373925279007937, 54.702549982842612, 0.0 ], [ 9.373797611585339, 54.70260223123605, 0.0 ], [ 9.373669615647225, 54.702654228875872, 0.0 ], [ 9.373541291194979, 54.702705975761049, 0.0 ], [ 9.373412638229308, 54.702757471890585, 0.0 ], [ 9.373283641316414, 54.702808726297839, 0.0 ], [ 9.373154331410234, 54.70285972989948, 0.0 ], [ 9.373024677476439, 54.702910482790116, 0.0 ], [ 9.372894710551416, 54.70296098487308, 0.0 ], [ 9.372764399601243, 54.703011236242922, 0.0 ], [ 9.372633602327175, 54.703060949757017, 0.0 ], [ 9.372633602327175, 54.703060949757017, 0.0 ] ], [ [ 9.372289557253453, 54.70280147011858, 0.0 ], [ 9.372633602327175, 54.703060949757017, 0.0 ] ], [ [ 9.372289557253453, 54.70280147011858, 0.0 ], [ 9.37203384092555, 54.702900563381633, 0.0 ], [ 9.371906724615686, 54.702950678196274, 0.0 ], [ 9.371779936088377, 54.703001034515388, 0.0 ], [ 9.371653475341841, 54.703051632340021, 0.0 ], [ 9.371527326857681, 54.703102471718779, 0.0 ], [ 9.371401506234783, 54.703153561591627, 0.0 ], [ 9.371276013472011, 54.70320490195963, 0.0 ], [ 9.371150848404147, 54.703256474850548, 0.0 ], [ 9.371026011194452, 54.703308298238625, 0.0 ], [ 9.3709014862416, 54.70336036318578, 0.0 ], [ 9.370777289144906, 54.703412678632084, 0.0 ], [ 9.370653419821302, 54.703465235591906, 0.0 ], [ 9.370529862751683, 54.703518034113735, 0.0 ], [ 9.370406633453324, 54.703571074151078, 0.0 ], [ 9.370283732007117, 54.703624364691521, 0.0 ], [ 9.370161142812254, 54.70367789679689, 0.0 ], [ 9.3700388969035, 54.703731670373259, 0.0 ], [ 9.369916963326418, 54.703785694503111, 0.0 ], [ 9.369916545974279, 54.703785875515351, 0.0 ], [ 9.369916545974279, 54.703785875515351, 0.0 ], [ 9.369795341997623, 54.70383996020076, 0.0 ], [ 9.369674063952502, 54.703894467372407, 0.0 ], [ 9.36955309815418, 54.703949216113784, 0.0 ], [ 9.369432460201795, 54.704004215365082, 0.0 ], [ 9.369312134494262, 54.704059456188027, 0.0 ], [ 9.369192152067352, 54.704114938488857, 0.0 ], [ 9.369072481883894, 54.704170662363239, 0.0 ], [ 9.368953139542535, 54.704226636751379, 0.0 ], [ 9.368834109443005, 54.704282852714918, 0.0 ], [ 9.368715407184371, 54.704339319194162, 0.0 ], [ 9.368597032683754, 54.704396027203373, 0.0 ], [ 9.368478985940939, 54.704452976743568, 0.0 ], [ 9.36836126695504, 54.704510167815705, 0.0 ], [ 9.368243860288521, 54.7045676094545, 0.0 ], [ 9.368126781458912, 54.704625301613682, 0.0 ], [ 9.368010030383699, 54.704683235307584, 0.0 ], [ 9.367893607062898, 54.704741410537181, 0.0 ], [ 9.367777511495159, 54.704799827303397, 0.0 ], [ 9.367662414883277, 54.704858914937958, 0.0 ], [ 9.367662414883277, 54.704858914937958, 0.0 ] ], [ [ 9.372633602327175, 54.703060949757017, 0.0 ], [ 9.372402059429374, 54.70317829359454, 0.0 ], [ 9.372285646712946, 54.703236473040413, 0.0 ], [ 9.372168905480063, 54.703294401751187, 0.0 ], [ 9.372051835814181, 54.70335208871257, 0.0 ], [ 9.371934437715863, 54.70340953392359, 0.0 ], [ 9.371816726703722, 54.703466737335631, 0.0 ], [ 9.371698687178249, 54.703523690008822, 0.0 ], [ 9.371580319222662, 54.70358040092885, 0.0 ], [ 9.371461622755, 54.703636861108109, 0.0 ], [ 9.371342613459015, 54.703693088471312, 0.0 ], [ 9.371223275652829, 54.703749065091849, 0.0 ], [ 9.371103609337458, 54.703804790968796, 0.0 ], [ 9.370983614677655, 54.703860284074359, 0.0 ], [ 9.370863307028202, 54.703915526386893, 0.0 ], [ 9.370742670954053, 54.703970526939514, 0.0 ], [ 9.370621706374029, 54.704025276744716, 0.0 ], [ 9.370500428889095, 54.704079784740586, 0.0 ], [ 9.370378822982023, 54.704134050973678, 0.0 ], [ 9.370378405628554, 54.704134231987489, 0.0 ], [ 9.370378405628554, 54.704134231987489, 0.0 ], [ 9.370256888653604, 54.704188075443, 0.0 ], [ 9.37013462590469, 54.70424185814759, 0.0 ], [ 9.370012050172656, 54.704295390052408, 0.0 ], [ 9.369889146021974, 54.704348680190535, 0.0 ], [ 9.369765913371561, 54.704401719574392, 0.0 ], [ 9.369642367904481, 54.704454526128764, 0.0 ], [ 9.369518493939818, 54.704507081926899, 0.0 ], [ 9.369394291478578, 54.70455938696778, 0.0 ], [ 9.369269760685048, 54.704611459223599, 0.0 ], [ 9.369144901396828, 54.704663280720141, 0.0 ], [ 9.369019729133541, 54.704714851409094, 0.0 ], [ 9.36889422854069, 54.704766189310035, 0.0 ], [ 9.368768399456366, 54.704817276448672, 0.0 ], [ 9.368642257400049, 54.704868112776786, 0.0 ], [ 9.368515787017465, 54.704918716313834, 0.0 ], [ 9.368388972546208, 54.704969060146155, 0.0 ], [ 9.368261845269449, 54.705019171138154, 0.0 ], [ 9.368134405025035, 54.705069031315595, 0.0 ], [ 9.368006369953834, 54.705118362941739, 0.0 ], [ 9.368006369953834, 54.705118362941739, 0.0 ] ], [ [ 9.367662414883277, 54.704858914937958, 0.0 ], [ 9.368006369953834, 54.705118362941739, 0.0 ] ], [ [ 9.367662414883277, 54.704858914937958, 0.0 ], [ 9.367399917726503, 54.70495907040732, 0.0 ], [ 9.367269160993573, 54.705009532870243, 0.0 ], [ 9.367138747539503, 54.70506023679534, 0.0 ], [ 9.367008661925549, 54.705111191217355, 0.0 ], [ 9.366878888632202, 54.705162396184377, 0.0 ], [ 9.366749458695045, 54.705213851603368, 0.0 ], [ 9.366620356513675, 54.705265548535849, 0.0 ], [ 9.366491582168011, 54.705317495969446, 0.0 ], [ 9.366363135575835, 54.705369684918587, 0.0 ], [ 9.366235016817088, 54.705422124370884, 0.0 ], [ 9.366107210372272, 54.705474814374377, 0.0 ], [ 9.365979747196198, 54.705527745849558, 0.0 ], [ 9.365852611850602, 54.705580927831022, 0.0 ], [ 9.365725804334373, 54.705634360319813, 0.0 ], [ 9.365599309046692, 54.705688034377204, 0.0 ], [ 9.365473157105004, 54.70574195889705, 0.0 ], [ 9.365347332908586, 54.705796124940676, 0.0 ], [ 9.365221821018645, 54.705850541542517, 0.0 ], [ 9.365096652471909, 54.705905208609934, 0.0 ], [ 9.364971796148712, 54.705960117250939, 0.0 ], [ 9.364847283167094, 54.706015276359572, 0.0 ], [ 9.364847205894968, 54.706015312539819, 0.0 ], [ 9.364847205894968, 54.706015312539819, 0.0 ], [ 9.364723082406979, 54.706070677043776, 0.0 ], [ 9.364599209467222, 54.706126328244387, 0.0 ], [ 9.364475664347349, 54.70618222996238, 0.0 ], [ 9.364352462484247, 54.706238373165505, 0.0 ], [ 9.364229572839408, 54.706294757948079, 0.0 ], [ 9.364107011092095, 54.706351402237679, 0.0 ], [ 9.363984776999756, 54.706408279075404, 0.0 ], [ 9.363862870803121, 54.706465415422109, 0.0 ], [ 9.363741292340361, 54.706522793305567, 0.0 ], [ 9.363620041691032, 54.706580421713319, 0.0 ], [ 9.363499118773992, 54.706638291659807, 0.0 ], [ 9.36337852366883, 54.706696412132537, 0.0 ], [ 9.363258256374788, 54.70675478313251, 0.0 ], [ 9.363138316810607, 54.706813395674097, 0.0 ], [ 9.363018705056236, 54.706872258744873, 0.0 ], [ 9.362899421110319, 54.7069313723458, 0.0 ], [ 9.362780464972609, 54.706990736477842, 0.0 ], [ 9.362661852081189, 54.707050342108857, 0.0 ], [ 9.362543551476902, 54.707110198319384, 0.0 ], [ 9.362425594198056, 54.707170305017456, 0.0 ], [ 9.362307949204849, 54.707230662296929, 0.0 ], [ 9.362190618821584, 54.707291530770341, 0.0 ], [ 9.362190618821584, 54.707291530770341, 0.0 ] ], [ [ 9.368006369953834, 54.705118362941739, 0.0 ], [ 9.367771748507112, 54.705239544600104, 0.0 ], [ 9.367653788879107, 54.705299656431023, 0.0 ], [ 9.367535516249715, 54.705359517464295, 0.0 ], [ 9.367416899582153, 54.705419127793157, 0.0 ], [ 9.367297954477449, 54.705478496356157, 0.0 ], [ 9.367178680854465, 54.705537614165692, 0.0 ], [ 9.367059094233236, 54.705596481173806, 0.0 ], [ 9.36693916365796, 54.705655106460235, 0.0 ], [ 9.366818904567028, 54.705713480990319, 0.0 ], [ 9.366698316961417, 54.705771604763065, 0.0 ], [ 9.366577400841534, 54.705829477777556, 0.0 ], [ 9.366456156289333, 54.705887109019386, 0.0 ], [ 9.366334598825027, 54.705944498440637, 0.0 ], [ 9.366212697248921, 54.706001628161012, 0.0 ], [ 9.366090467323904, 54.706058525092423, 0.0 ], [ 9.36596790880802, 54.706115162274024, 0.0 ], [ 9.365845037383194, 54.706171557631151, 0.0 ], [ 9.365721822012047, 54.706227711256638, 0.0 ], [ 9.365598293571702, 54.706283605082447, 0.0 ], [ 9.365474421267683, 54.706339266161216, 0.0 ], [ 9.365350235896539, 54.70639466743836, 0.0 ], [ 9.365350158624258, 54.706394703618926, 0.0 ], [ 9.365350158624258, 54.706394703618926, 0.0 ], [ 9.365225706582359, 54.706449826979771, 0.0 ], [ 9.365100864364718, 54.706504744690818, 0.0 ], [ 9.364975693644073, 54.706559411630707, 0.0 ], [ 9.36485019442198, 54.706613827798421, 0.0 ], [ 9.364724366779722, 54.706668002179583, 0.0 ], [ 9.364598195118553, 54.706721925833243, 0.0 ], [ 9.364471710477998, 54.706775598664947, 0.0 ], [ 9.364344897420018, 54.706829029706988, 0.0 ], [ 9.364217755865456, 54.706882209971766, 0.0 ], [ 9.364090285896031, 54.706935148444856, 0.0 ], [ 9.363962487431511, 54.706987836138609, 0.0 ], [ 9.363834360473895, 54.707040273052023, 0.0 ], [ 9.363705905103993, 54.707092468170607, 0.0 ], [ 9.363577121242615, 54.707144412506764, 0.0 ], [ 9.363448008890931, 54.707196106059463, 0.0 ], [ 9.363318568130222, 54.707247557814199, 0.0 ], [ 9.363188798801293, 54.707298749796784, 0.0 ], [ 9.363058685626767, 54.707349709012476, 0.0 ], [ 9.362928259405159, 54.707400408407345, 0.0 ], [ 9.362797489179544, 54.707450857060003, 0.0 ], [ 9.362666406070247, 54.707501063862921, 0.0 ], [ 9.362534403450798, 54.707550877855091, 0.0 ], [ 9.362534403450798, 54.707550877855091, 0.0 ] ], [ [ 9.362190618821584, 54.707291530770341, 0.0 ], [ 9.362534403450798, 54.707550877855091, 0.0 ] ], [ [ 9.362190618821584, 54.707291530770341, 0.0 ], [ 9.361929257212463, 54.707391760780943, 0.0 ], [ 9.36179927910819, 54.707442412684735, 0.0 ], [ 9.361669644351641, 54.707493315054364, 0.0 ], [ 9.361540321822506, 54.707544458997084, 0.0 ], [ 9.361411342638828, 54.70759585340776, 0.0 ], [ 9.361282691279538, 54.707647498333841, 0.0 ], [ 9.361154367824113, 54.707699402762977, 0.0 ], [ 9.361026372031269, 54.707751539736364, 0.0 ], [ 9.36089871965916, 54.707803936168617, 0.0 ], [ 9.360771379587973, 54.707856583166695, 0.0 ], [ 9.360644382775826, 54.707909471652478, 0.0 ], [ 9.360517698262077, 54.707962610706126, 0.0 ], [ 9.360391357085438, 54.708016000236171, 0.0 ], [ 9.360265343645063, 54.708069631303275, 0.0 ], [ 9.360139658099895, 54.708123521881674, 0.0 ], [ 9.360014300288835, 54.708177653999179, 0.0 ], [ 9.359889270291289, 54.708232036643366, 0.0 ], [ 9.359764583625763, 54.708286669769194, 0.0 ], [ 9.359640209171761, 54.708341544483261, 0.0 ], [ 9.3595786028199, 54.708368867731409, 0.0 ], [ 9.3595786028199, 54.708368867731409, 0.0 ], [ 9.359516162528283, 54.708396669727044, 0.0 ], [ 9.35939245921411, 54.708452045455502, 0.0 ], [ 9.359269068188517, 54.708507671761794, 0.0 ], [ 9.359146020411057, 54.708563539568139, 0.0 ], [ 9.359023300519404, 54.708619666894847, 0.0 ], [ 9.358900892834166, 54.708676035815685, 0.0 ], [ 9.358778828473877, 54.708732655226257, 0.0 ], [ 9.358657091838159, 54.708789516186918, 0.0 ], [ 9.358535698605175, 54.708846636625935, 0.0 ], [ 9.358414617575001, 54.708903998662997, 0.0 ], [ 9.358293864346418, 54.70896161123968, 0.0 ], [ 9.358173454438775, 54.709019474311091, 0.0 ], [ 9.358053372330716, 54.709077587924106, 0.0 ], [ 9.357933602422527, 54.709135943139032, 0.0 ], [ 9.357814175912097, 54.709194557838202, 0.0 ], [ 9.357695092640105, 54.709253414049435, 0.0 ], [ 9.357576321723986, 54.709312529838655, 0.0 ], [ 9.357457894044996, 54.709371887141863, 0.0 ], [ 9.357339794161378, 54.709431494992508, 0.0 ], [ 9.357222022072399, 54.70949135339152, 0.0 ], [ 9.357105000463267, 54.709551874488021, 0.0 ], [ 9.357105000463267, 54.709551874488021, 0.0 ] ], [ [ 9.362534403450798, 54.707550877855091, 0.0 ], [ 9.362299525699608, 54.707671079015661, 0.0 ], [ 9.362181437948303, 54.707730700568227, 0.0 ], [ 9.362063006093626, 54.707790062415057, 0.0 ], [ 9.361944261255575, 54.707849173448963, 0.0 ], [ 9.361825172395472, 54.707908033761761, 0.0 ], [ 9.361705755114107, 54.70796665229274, 0.0 ], [ 9.361586009332179, 54.708025020054286, 0.0 ], [ 9.36146593497004, 54.708083128058838, 0.0 ], [ 9.361345516749163, 54.708141003311574, 0.0 ], [ 9.361224785469684, 54.708198618759035, 0.0 ], [ 9.361103710172941, 54.708255983479475, 0.0 ], [ 9.360982306459423, 54.708313106412206, 0.0 ], [ 9.360860589770047, 54.7083699785234, 0.0 ], [ 9.360738529065495, 54.708426599904591, 0.0 ], [ 9.360616139867071, 54.708482970508513, 0.0 ], [ 9.360493422255137, 54.708539099320774, 0.0 ], [ 9.360370360550798, 54.708594968413394, 0.0 ], [ 9.360246985954877, 54.708650595666178, 0.0 ], [ 9.36012328294834, 54.708705981124332, 0.0 ], [ 9.360061770049157, 54.708733367246026, 0.0 ], [ 9.360061770049157, 54.708733367246026, 0.0 ], [ 9.359999235852078, 54.708761106859775, 0.0 ], [ 9.359874875866916, 54.708815990752456, 0.0 ], [ 9.359750171874071, 54.708870623906996, 0.0 ], [ 9.359625154914163, 54.708925006230146, 0.0 ], [ 9.359499793948608, 54.708979137813103, 0.0 ], [ 9.359374104577808, 54.70903302759536, 0.0 ], [ 9.359248086722861, 54.709086666589329, 0.0 ], [ 9.359121740385014, 54.709140054793934, 0.0 ], [ 9.358995065565418, 54.709193192208183, 0.0 ], [ 9.358868062265186, 54.709246078831036, 0.0 ], [ 9.358740715044286, 54.709298723694062, 0.0 ], [ 9.358613039344375, 54.709351117763617, 0.0 ], [ 9.358485050687323, 54.709403260992694, 0.0 ], [ 9.358356718033365, 54.70945515347222, 0.0 ], [ 9.358228056904087, 54.709506795155143, 0.0 ], [ 9.358099067300378, 54.709558186040454, 0.0 ], [ 9.357969733782056, 54.709609335159577, 0.0 ], [ 9.357840071712538, 54.709660224492353, 0.0 ], [ 9.357710096692486, 54.709710862978483, 0.0 ], [ 9.357579762240972, 54.70976125974105, 0.0 ], [ 9.357448709410418, 54.709811191167546, 0.0 ], [ 9.357448709410418, 54.709811191167546, 0.0 ] ], [ [ 9.357105000463267, 54.709551874488021, 0.0 ], [ 9.357448709410418, 54.709811191167546, 0.0 ] ], [ [ 9.357105000463267, 54.709551874488021, 0.0 ], [ 9.356843090381311, 54.709652814020494, 0.0 ], [ 9.356712836270889, 54.709703623008217, 0.0 ], [ 9.35658292541574, 54.709754673488952, 0.0 ], [ 9.35645332685224, 54.709805974541773, 0.0 ], [ 9.356324056020895, 54.709857517135426, 0.0 ], [ 9.356195128519941, 54.709909310211884, 0.0 ], [ 9.356066513228727, 54.709961344876923, 0.0 ], [ 9.355938225666732, 54.710013621085906, 0.0 ], [ 9.355810281431852, 54.710066147780886, 0.0 ], [ 9.35568264940332, 54.710118916067458, 0.0 ], [ 9.355555345100942, 54.710171925901093, 0.0 ], [ 9.355428368602213, 54.710225186269398, 0.0 ], [ 9.355301719827578, 54.710278688186797, 0.0 ], [ 9.355175383255277, 54.710332431699847, 0.0 ], [ 9.355049390004169, 54.710386425705096, 0.0 ], [ 9.354923724474212, 54.710440661262496, 0.0 ], [ 9.354798371143497, 54.710495138418544, 0.0 ], [ 9.354673345532351, 54.71054985712874, 0.0 ], [ 9.35454864771769, 54.710604826380674, 0.0 ], [ 9.354470892822143, 54.710639293902446, 0.0 ], [ 9.354424277620758, 54.710660037188795, 0.0 ], [ 9.354332563562613, 54.71070099803309, 0.0 ], [ 9.354300235239929, 54.710715489554069, 0.0 ], [ 9.354176520574978, 54.710771183477519, 0.0 ], [ 9.354053118182517, 54.710827127992118, 0.0 ], [ 9.353930058946094, 54.710883305034891, 0.0 ], [ 9.3538073119804, 54.710939732670759, 0.0 ], [ 9.353684892805243, 54.71099641085533, 0.0 ], [ 9.353562801263324, 54.711053321616411, 0.0 ], [ 9.353441037509945, 54.711110482928163, 0.0 ], [ 9.35331958594546, 54.711167885850315, 0.0 ], [ 9.353198477689194, 54.711225539279781, 0.0 ], [ 9.353077681542011, 54.711283425334926, 0.0 ], [ 9.352957228701362, 54.711341561899395, 0.0 ], [ 9.352837088046575, 54.711399940078067, 0.0 ], [ 9.35271727517557, 54.711458568813235, 0.0 ], [ 9.352597789931799, 54.711517430132652, 0.0 ], [ 9.352478632548694, 54.711576550997158, 0.0 ], [ 9.35235980279132, 54.711635904447839, 0.0 ], [ 9.352241285294053, 54.711695508504029, 0.0 ], [ 9.352123111019994, 54.711755354089775, 0.0 ], [ 9.352005264525891, 54.711815450237779, 0.0 ], [ 9.351887730211589, 54.711875788007475, 0.0 ], [ 9.351770539118942, 54.711936367309605, 0.0 ], [ 9.351653675803949, 54.711997197176856, 0.0 ], [ 9.351537124667075, 54.712058268668628, 0.0 ], [ 9.351421352981324, 54.712119769153176, 0.0 ], [ 9.351421352981324, 54.712119769153176, 0.0 ] ], [ [ 9.357448709410418, 54.709811191167546, 0.0 ], [ 9.357214684315714, 54.70993270093836, 0.0 ], [ 9.357097038472563, 54.709992981217752, 0.0 ], [ 9.356979064136164, 54.710053010718745, 0.0 ], [ 9.356860745786577, 54.710112789486146, 0.0 ], [ 9.356742114544646, 54.710172326414096, 0.0 ], [ 9.35662315481178, 54.710231612560811, 0.0 ], [ 9.356503866667328, 54.710290656911909, 0.0 ], [ 9.356384265632499, 54.710349459420748, 0.0 ], [ 9.356264320588261, 54.710408011191134, 0.0 ], [ 9.356144062576695, 54.710466312130777, 0.0 ], [ 9.356023476156459, 54.710524371270971, 0.0 ], [ 9.355902545807742, 54.710582188656375, 0.0 ], [ 9.355781318014788, 54.710639755162546, 0.0 ], [ 9.355659746294855, 54.710697079911938, 0.0 ], [ 9.355537861690571, 54.710754162812407, 0.0 ], [ 9.355415648602751, 54.710810994921957, 0.0 ], [ 9.355293107111059, 54.710867585226225, 0.0 ], [ 9.355170237216591, 54.710923933724189, 0.0 ], [ 9.355047038841313, 54.710980031428299, 0.0 ], [ 9.354923527585743, 54.711035887278612, 0.0 ], [ 9.354799687851244, 54.711091492333054, 0.0 ], [ 9.354678380181126, 54.711145598027485, 0.0 ], [ 9.354675535317003, 54.711146864518447, 0.0 ], [ 9.354675287845321, 54.711146964098575, 0.0 ], [ 9.354551038784336, 54.711201985951412, 0.0 ], [ 9.354426229296626, 54.711256856540146, 0.0 ], [ 9.354301091412248, 54.711311485315612, 0.0 ], [ 9.354175625132157, 54.711365872276851, 0.0 ], [ 9.354049845977967, 54.711420017377463, 0.0 ], [ 9.353923738351563, 54.711473911675206, 0.0 ], [ 9.353797302332259, 54.711527564155702, 0.0 ], [ 9.353670537920943, 54.711580974817934, 0.0 ], [ 9.353543445040225, 54.711634134674235, 0.0 ], [ 9.353416039290742, 54.7116870526649, 0.0 ], [ 9.353288305152374, 54.711739728834232, 0.0 ], [ 9.35316024254767, 54.711792154194598, 0.0 ], [ 9.353031851477668, 54.711844328744952, 0.0 ], [ 9.352903147621404, 54.711896270412261, 0.0 ], [ 9.3527741153021, 54.711947961267477, 0.0 ], [ 9.352644738999786, 54.711999401354817, 0.0 ], [ 9.352515049835839, 54.712050599569409, 0.0 ], [ 9.352385047811845, 54.712101555910252, 0.0 ], [ 9.352254701807983, 54.712152261480021, 0.0 ], [ 9.352124027424816, 54.712202725219107, 0.0 ], [ 9.351993040106802, 54.7122529380947, 0.0 ], [ 9.351861708812597, 54.712302900196036, 0.0 ], [ 9.351729674914738, 54.712352423840173, 0.0 ], [ 9.351729674914738, 54.712352423840173, 0.0 ] ], [ [ 9.351421352981324, 54.712119769153176, 0.0 ], [ 9.351729674914738, 54.712352423840173, 0.0 ] ], [ [ 9.351421352981324, 54.712119769153176, 0.0 ], [ 9.351166715314697, 54.712219812490844, 0.0 ], [ 9.351040060022768, 54.712270335296971, 0.0 ], [ 9.350913732540999, 54.712321108651281, 0.0 ], [ 9.350787748389356, 54.712372132509884, 0.0 ], [ 9.350662092045608, 54.71242340691871, 0.0 ], [ 9.350536763508737, 54.712474931878859, 0.0 ], [ 9.350411762700197, 54.712526698404666, 0.0 ], [ 9.350287105295312, 54.712578724425498, 0.0 ], [ 9.350162760094838, 54.712630992058969, 0.0 ], [ 9.350038758296289, 54.712683519189476, 0.0 ], [ 9.349915084221912, 54.712736287889712, 0.0 ], [ 9.349791737948136, 54.712789307147318, 0.0 ], [ 9.349668719396824, 54.712842567976658, 0.0 ], [ 9.349546028721726, 54.71289608835194, 0.0 ], [ 9.349423665766853, 54.712949850300923, 0.0 ], [ 9.34930450681394, 54.713002596356809, 0.0 ], [ 9.349301646207762, 54.713003871753081, 0.0 ], [ 9.349301429677595, 54.713003962246091, 0.0 ], [ 9.349179954367502, 54.713058134780951, 0.0 ], [ 9.349058574800532, 54.713112648416875, 0.0 ], [ 9.348937538472043, 54.713167403585707, 0.0 ], [ 9.348816830013856, 54.713222418306408, 0.0 ], [ 9.34869644927101, 54.713277674606772, 0.0 ], [ 9.348576411841517, 54.713333181429661, 0.0 ], [ 9.348456686680606, 54.7133889388654, 0.0 ], [ 9.348337304831478, 54.713444946825653, 0.0 ], [ 9.348218250771387, 54.713501205356053, 0.0 ], [ 9.348099508900361, 54.713557705515569, 0.0 ], [ 9.347981110415629, 54.713614465189117, 0.0 ], [ 9.347863055162346, 54.713671466404435, 0.0 ], [ 9.347745312172654, 54.713728718238357, 0.0 ], [ 9.347627912490079, 54.713786220602636, 0.0 ], [ 9.347510825069728, 54.713843973587345, 0.0 ], [ 9.347394080955006, 54.713901977104292, 0.0 ], [ 9.347278101085788, 54.713960445631265, 0.0 ], [ 9.347278101085788, 54.713960445631265, 0.0 ] ], [ [ 9.351729674914738, 54.712352423840173, 0.0 ], [ 9.351496894284026, 54.712468940152974, 0.0 ], [ 9.351379816243186, 54.712526705859929, 0.0 ], [ 9.351262425183663, 54.712584211742559, 0.0 ], [ 9.351144705662618, 54.712641466831663, 0.0 ], [ 9.351026642236739, 54.712698480157847, 0.0 ], [ 9.350908250273104, 54.712755233701884, 0.0 ], [ 9.350789529927914, 54.712811745436056, 0.0 ], [ 9.350670481046526, 54.712867997386198, 0.0 ], [ 9.350551088263382, 54.712924007569505, 0.0 ], [ 9.35043138254504, 54.712979766908539, 0.0 ], [ 9.350311332849195, 54.713035275492153, 0.0 ], [ 9.350190954775725, 54.713090542261021, 0.0 ], [ 9.350070248170256, 54.71314554924102, 0.0 ], [ 9.349949213188824, 54.713200314404361, 0.0 ], [ 9.349827849677414, 54.713254819776836, 0.0 ], [ 9.349706142270149, 54.713309083375528, 0.0 ], [ 9.34970592581694, 54.71330918285588, 0.0 ], [ 9.34970592581694, 54.71330918285588, 0.0 ], [ 9.349584122011402, 54.713363105109778, 0.0 ], [ 9.349461757703615, 54.71341686709502, 0.0 ], [ 9.349339064946967, 54.713470378272042, 0.0 ], [ 9.349216043819705, 54.713523647626495, 0.0 ], [ 9.34909269424576, 54.713576666170738, 0.0 ], [ 9.348969016225654, 54.713629433903755, 0.0 ], [ 9.348844994238474, 54.713681950869315, 0.0 ], [ 9.348720659329397, 54.713734216976931, 0.0 ], [ 9.34859598053262, 54.713786241301648, 0.0 ], [ 9.348470973216841, 54.713838005824513, 0.0 ], [ 9.348345637537083, 54.713889528517733, 0.0 ], [ 9.348219973417555, 54.713940800393679, 0.0 ], [ 9.348093980859213, 54.713991821451344, 0.0 ], [ 9.347967644341146, 54.714042591734298, 0.0 ], [ 9.347840994908546, 54.714093111152309, 0.0 ], [ 9.347714001518336, 54.714143379793541, 0.0 ], [ 9.34758641335441, 54.714193110798256, 0.0 ], [ 9.34758641335441, 54.714193110798256, 0.0 ] ], [ [ 9.347278101085788, 54.713960445631265, 0.0 ], [ 9.34758641335441, 54.714193110798256, 0.0 ] ], [ [ 9.347278101085788, 54.713960445631265, 0.0 ], [ 9.3470154573983, 54.714057995823254, 0.0 ], [ 9.346884667326236, 54.714107294910917, 0.0 ], [ 9.346754173930002, 54.714156835651501, 0.0 ], [ 9.346624008329369, 54.714206626943714, 0.0 ], [ 9.346494170446118, 54.714256659802018, 0.0 ], [ 9.346364644757626, 54.714306934271818, 0.0 ], [ 9.346235446784348, 54.714357450309755, 0.0 ], [ 9.346106561079726, 54.71440821694781, 0.0 ], [ 9.345978003011925, 54.71445921616948, 0.0 ], [ 9.345849757210587, 54.714510465993271, 0.0 ], [ 9.345721823598305, 54.714561957433617, 0.0 ], [ 9.345594217695753, 54.714613690447194, 0.0 ], [ 9.345466939502145, 54.714665665034985, 0.0 ], [ 9.345339973570873, 54.714717890229004, 0.0 ], [ 9.345213319747421, 54.714770348056881, 0.0 ], [ 9.345086993630085, 54.714823047462033, 0.0 ], [ 9.344960979771798, 54.714875997476298, 0.0 ], [ 9.344835278094912, 54.714929189114052, 0.0 ], [ 9.34470990404472, 54.714982613345406, 0.0 ], [ 9.344584842250283, 54.715036288188827, 0.0 ], [ 9.344460108156754, 54.715090204614476, 0.0 ], [ 9.344335686240916, 54.715144362667509, 0.0 ], [ 9.344211576501857, 54.715198762348898, 0.0 ], [ 9.344179718222771, 54.715212782498547, 0.0 ], [ 9.344087794461098, 54.715253403615463, 0.0 ], [ 9.344040967095141, 54.715274170441681, 0.0 ], [ 9.343964324594751, 54.715308286512304, 0.0 ], [ 9.343841182425088, 54.715363410996289, 0.0 ], [ 9.343718352428434, 54.715418777112482, 0.0 ], [ 9.343595834603823, 54.715474384861814, 0.0 ], [ 9.343473644472994, 54.715530234201211, 0.0 ], [ 9.343351766588748, 54.715586334162282, 0.0 ], [ 9.343230200797743, 54.715642666772744, 0.0 ], [ 9.343108962697949, 54.715699240976122, 0.0 ], [ 9.342988052364721, 54.715756065760075, 0.0 ], [ 9.34286743867572, 54.715813132226792, 0.0 ], [ 9.342747168198345, 54.715870440245382, 0.0 ], [ 9.342627194363494, 54.715927989948653, 0.0 ], [ 9.342507548216027, 54.715985781249621, 0.0 ], [ 9.342388229755043, 54.716043814149288, 0.0 ], [ 9.342269223457317, 54.716102088692431, 0.0 ], [ 9.342150529397228, 54.716160613866663, 0.0 ], [ 9.34203217854467, 54.716219380598503, 0.0 ], [ 9.341914124329801, 54.716278389020509, 0.0 ], [ 9.341796397797934, 54.716337639045875, 0.0 ], [ 9.341678999024092, 54.716397139662178, 0.0 ], [ 9.341561913467512, 54.716457007740161, 0.0 ], [ 9.341561913467512, 54.716457007740161, 0.0 ] ], [ [ 9.34758641335441, 54.714193110798256, 0.0 ], [ 9.347353862595057, 54.714313707437512, 0.0 ], [ 9.347236946250435, 54.714373535617639, 0.0 ], [ 9.347119701519548, 54.714433121980832, 0.0 ], [ 9.347002143848064, 54.714492457495048, 0.0 ], [ 9.346884257791467, 54.714551551190539, 0.0 ], [ 9.346766058872468, 54.714610403021837, 0.0 ], [ 9.346647531570145, 54.714669013032449, 0.0 ], [ 9.346528691330123, 54.714727372190438, 0.0 ], [ 9.346409507262461, 54.714785498556928, 0.0 ], [ 9.346290025857609, 54.714843383011079, 0.0 ], [ 9.346170215995434, 54.714901016654181, 0.0 ], [ 9.346050077753391, 54.71495840847188, 0.0 ], [ 9.345929626730818, 54.715015567405487, 0.0 ], [ 9.34580884725345, 54.715072475525169, 0.0 ], [ 9.34568773947457, 54.715129150803172, 0.0 ], [ 9.345566334287382, 54.715185575176683, 0.0 ], [ 9.345444585201598, 54.715241757764304, 0.0 ], [ 9.345322523339474, 54.715297707463066, 0.0 ], [ 9.345200148549063, 54.715353406298789, 0.0 ], [ 9.345077445385181, 54.715408863301413, 0.0 ], [ 9.344954429447386, 54.715464087412329, 0.0 ], [ 9.344832863523024, 54.715518273782443, 0.0 ], [ 9.344832863523024, 54.715518273782443, 0.0 ], [ 9.344831085061418, 54.715519060701567, 0.0 ], [ 9.344707427903394, 54.715573801097158, 0.0 ], [ 9.344583442298854, 54.715628290669088, 0.0 ], [ 9.344459128401409, 54.715682547389633, 0.0 ], [ 9.344334517104876, 54.715736553196237, 0.0 ], [ 9.344209561918298, 54.715790317206974, 0.0 ], [ 9.344084293964308, 54.715843848319189, 0.0 ], [ 9.343958713091558, 54.715897128558701, 0.0 ], [ 9.343832803930081, 54.715950175941813, 0.0 ], [ 9.343706581852109, 54.716002972450283, 0.0 ], [ 9.343580031487541, 54.716055536100356, 0.0 ], [ 9.343453168208269, 54.716107848873762, 0.0 ], [ 9.343325976644234, 54.716159928786809, 0.0 ], [ 9.343198456645014, 54.716211757865167, 0.0 ], [ 9.343070623809917, 54.716263345050493, 0.0 ], [ 9.342942478216557, 54.716314699328393, 0.0 ], [ 9.342814004190494, 54.716365802768614, 0.0 ], [ 9.342685201809571, 54.716416664356736, 0.0 ], [ 9.342556086521155, 54.716467275061142, 0.0 ], [ 9.342426642955777, 54.716517652898048, 0.0 ], [ 9.342296871037977, 54.716567788879694, 0.0 ], [ 9.342166786216747, 54.716617673974604, 0.0 ], [ 9.342036373045852, 54.716667317212249, 0.0 ], [ 9.341905597678346, 54.716716386174497, 0.0 ], [ 9.341905597678346, 54.716716386174497, 0.0 ] ], [ [ 9.341561913467512, 54.716457007740161, 0.0 ], [ 9.341905597678346, 54.716716386174497, 0.0 ] ], [ [ 9.341561913467512, 54.716457007740161, 0.0 ], [ 9.341303844363106, 54.71655752518538, 0.0 ], [ 9.341175659569981, 54.716608284568721, 0.0 ], [ 9.34104780248034, 54.716659285536942, 0.0 ], [ 9.340920273168893, 54.716710537077773, 0.0 ], [ 9.340793055960093, 54.71676202126266, 0.0 ], [ 9.340666182050363, 54.716813755978492, 0.0 ], [ 9.340539620392258, 54.716865741313605, 0.0 ], [ 9.340413401880291, 54.716917959208516, 0.0 ], [ 9.340287495617883, 54.716970427724739, 0.0 ], [ 9.340161901528626, 54.717023137876645, 0.0 ], [ 9.340036650733232, 54.717076098564597, 0.0 ], [ 9.339911727632302, 54.717129300846644, 0.0 ], [ 9.339787116701633, 54.717182744767349, 0.0 ], [ 9.339662833463244, 54.717236430284103, 0.0 ], [ 9.339538877916571, 54.717290357397978, 0.0 ], [ 9.339415250135955, 54.71734453509653, 0.0 ], [ 9.339291950044755, 54.717398954394149, 0.0 ], [ 9.339246154062579, 54.717419267122757, 0.0 ], [ 9.339168962119182, 54.717453615335316, 0.0 ], [ 9.339150789497284, 54.71746172742025, 0.0 ], [ 9.33904630195692, 54.717508526864108, 0.0 ], [ 9.338923969406252, 54.717563671008321, 0.0 ], [ 9.338801964617211, 54.717619065742149, 0.0 ], [ 9.338680287588309, 54.717674711066579, 0.0 ], [ 9.338558922645753, 54.717730589052749, 0.0 ], [ 9.338437885461618, 54.717786717631483, 0.0 ], [ 9.338317191484192, 54.717843087773709, 0.0 ], [ 9.338196809739886, 54.717899708553816, 0.0 ], [ 9.338076755602266, 54.717956561956129, 0.0 ], [ 9.337957013696332, 54.7180136659982, 0.0 ], [ 9.337837615068645, 54.718071020594316, 0.0 ], [ 9.337718528521682, 54.718128607858844, 0.0 ], [ 9.337599785251157, 54.718186445679365, 0.0 ], [ 9.337481354209274, 54.718244534143423, 0.0 ], [ 9.337363250769711, 54.718302855235414, 0.0 ], [ 9.33724547515529, 54.718361435916165, 0.0 ], [ 9.337128027141887, 54.718420249226789, 0.0 ], [ 9.337010906877529, 54.718479313141472, 0.0 ], [ 9.336894114362007, 54.718538627661097, 0.0 ], [ 9.336777649519712, 54.71859818380004, 0.0 ], [ 9.336661512350306, 54.71865798155924, 0.0 ], [ 9.336545604695031, 54.718719288354485, 0.0 ], [ 9.336545604695031, 54.718719288354485, 0.0 ] ], [ [ 9.341905597678346, 54.716716386174497, 0.0 ], [ 9.341673220670902, 54.716835515465974, 0.0 ], [ 9.341556344740843, 54.716894619060554, 0.0 ], [ 9.341439124843038, 54.716953471880203, 0.0 ], [ 9.341321592099989, 54.71701208282299, 0.0 ], [ 9.341203746512726, 54.717070451887999, 0.0 ], [ 9.341085557035552, 54.717128579161809, 0.0 ], [ 9.340967054639647, 54.717186455569397, 0.0 ], [ 9.340848208355238, 54.717244090183833, 0.0 ], [ 9.340729049229546, 54.717301482916753, 0.0 ], [ 9.340609577187568, 54.717358624780609, 0.0 ], [ 9.340489761334778, 54.71741553383503, 0.0 ], [ 9.340369632567347, 54.717472192018505, 0.0 ], [ 9.340249175363068, 54.71752859937375, 0.0 ], [ 9.340128389873541, 54.717584773872986, 0.0 ], [ 9.340007275948432, 54.717640697542016, 0.0 ], [ 9.339885849187608, 54.717696379322923, 0.0 ], [ 9.339764094068514, 54.717751819258311, 0.0 ], [ 9.339642010591966, 54.717807017347191, 0.0 ], [ 9.33951961420701, 54.717861964558473, 0.0 ], [ 9.339449660750574, 54.717893192194801, 0.0 ], [ 9.33939688946649, 54.71791666992128, 0.0 ], [ 9.339394275603125, 54.717917827561479, 0.0 ], [ 9.339273836370978, 54.717971133434652, 0.0 ], [ 9.339150454921514, 54.718025355097602, 0.0 ], [ 9.339026745043878, 54.71807932592256, 0.0 ], [ 9.338902722337634, 54.718133054851585, 0.0 ], [ 9.338778371280325, 54.718186541927246, 0.0 ], [ 9.338653691872404, 54.718239787148526, 0.0 ], [ 9.338528684040268, 54.718292781527737, 0.0 ], [ 9.338403363383447, 54.718345534007177, 0.0 ], [ 9.338277714379327, 54.718398044629204, 0.0 ], [ 9.33815173695368, 54.718450304406211, 0.0 ], [ 9.338025431182725, 54.718502322323801, 0.0 ], [ 9.337898797067279, 54.718554098380928, 0.0 ], [ 9.337771834533628, 54.718605623589944, 0.0 ], [ 9.337644559181731, 54.718656906893173, 0.0 ], [ 9.33751695548812, 54.718707948332927, 0.0 ], [ 9.337389007855728, 54.718758738964787, 0.0 ], [ 9.337260747408189, 54.71880928768779, 0.0 ], [ 9.337132158547789, 54.718859585557581, 0.0 ], [ 9.337003241350219, 54.71890964155974, 0.0 ], [ 9.336874220021999, 54.718958412597928, 0.0 ], [ 9.336874220021999, 54.718958412597928, 0.0 ] ], [ [ 9.336545604695031, 54.718719288354485, 0.0 ], [ 9.336874220021999, 54.718958412597928, 0.0 ] ], [ [ 9.430914061309633, 54.520971476418303, 0.0 ], [ 9.430244003416419, 54.525410090554274, 0.0 ], [ 9.42965088253851, 54.529005133904413, 0.0 ], [ 9.42892764880769, 54.533388005504008, 0.0 ], [ 9.428323459228556, 54.537048727431156, 0.0 ], [ 9.427699075578618, 54.540831093154672, 0.0 ], [ 9.427020090858722, 54.544943464084049, 0.0 ], [ 9.426420683780176, 54.548573209407643, 0.0 ], [ 9.425705581717025, 54.552902661245689, 0.0 ], [ 9.423557770964301, 54.555735552592083, 0.0 ], [ 9.420572343334046, 54.559672527268603, 0.0 ], [ 9.417944951858749, 54.563136653162282, 0.0 ], [ 9.414958399961137, 54.567073549459863, 0.0 ], [ 9.41239453700001, 54.570452573857807, 0.0 ], [ 9.409434064002509, 54.574353568638749, 0.0 ], [ 9.408479429259561, 54.577755748795148, 0.0 ], [ 9.40756654367711, 54.58100858446673, 0.0 ], [ 9.40663630032847, 54.584322743322751, 0.0 ], [ 9.405944228558496, 54.586788049329947, 0.0 ], [ 9.404895509731235, 54.590523191212199, 0.0 ], [ 9.406307140832114, 54.592975970028597, 0.0 ], [ 9.408319054377866, 54.596471232825785, 0.0 ], [ 9.410721590866849, 54.600644284170109, 0.0 ], [ 9.412853561238137, 54.604346157538458, 0.0 ], [ 9.414652963750816, 54.607470036090092, 0.0 ], [ 9.416327125268408, 54.610376041371964, 0.0 ], [ 9.418558162736007, 54.614247970527586, 0.0 ], [ 9.420769867349268, 54.618085557776766, 0.0 ], [ 9.422980917585555, 54.621921253877908, 0.0 ], [ 9.422714516507796, 54.625844486675902, 0.0 ], [ 9.422443106166959, 54.629840591233901, 0.0 ], [ 9.422251116300552, 54.632666831769406, 0.0 ], [ 9.421948285960632, 54.637124278686095, 0.0 ], [ 9.421707520442702, 54.640667332802714, 0.0 ], [ 9.421466822056313, 54.644208784380382, 0.0 ], [ 9.421164714170242, 54.648653142000576, 0.0 ], [ 9.420918733800772, 54.652271084989032, 0.0 ], [ 9.420617236568452, 54.656704666632734, 0.0 ], [ 9.420374431500308, 54.660274404532274, 0.0 ], [ 9.420076090632334, 54.664659860749971, 0.0 ], [ 9.419825897462241, 54.668336805412025, 0.0 ], [ 9.419633641017334, 54.671162026568801, 0.0 ], [ 9.418139653142067, 54.673320993047724, 0.0 ], [ 9.415581859623044, 54.677016692494966, 0.0 ], [ 9.412991855189551, 54.680758206121666, 0.0 ], [ 9.411145481314392, 54.683425009830714, 0.0 ], [ 9.408830190954683, 54.686768562733484, 0.0 ], [ 9.40366319885003, 54.689069317779555, 0.0 ], [ 9.398426962588157, 54.691400427302874, 0.0 ], [ 9.393469613323587, 54.693606913964373, 0.0 ], [ 9.387936789681318, 54.696069019548013, 0.0 ], [ 9.382638023813575, 54.698426449510201, 0.0 ], [ 9.377682514421553, 54.700630724642558, 0.0 ], [ 9.372479401063293, 54.702944649004039, 0.0 ], [ 9.36785217398878, 54.705002047347428, 0.0 ], [ 9.362380213854452, 54.707434555337777, 0.0 ], [ 9.357294525736998, 54.709694862216551, 0.0 ], [ 9.351575513506292, 54.712236096596442, 0.0 ], [ 9.347432256778557, 54.714076778314521, 0.0 ], [ 9.341751432133634, 54.716600037563978, 0.0 ], [ 9.336709911874767, 54.718838850589414, 0.0 ] ], [ [ 9.724900349636098, 54.288433035879358, 0.0 ], [ 9.725181194291352, 54.288547017505429, 0.0 ], [ 9.725311899321223, 54.288596076532571, 0.0 ], [ 9.725418945985354, 54.288635490261584, 0.0 ], [ 9.725443328703415, 54.288644376096855, 0.0 ], [ 9.725575497793463, 54.28869191610346, 0.0 ], [ 9.725708391226389, 54.288738696642469, 0.0 ], [ 9.725842008838629, 54.288784708724855, 0.0 ], [ 9.725976381663759, 54.288829970136575, 0.0 ], [ 9.726046752217369, 54.28885326466753, 0.0 ], [ 9.72611147849978, 54.288874454100124, 0.0 ], [ 9.726247299658473, 54.288918178586485, 0.0 ], [ 9.726383875697989, 54.288961134421456, 0.0 ], [ 9.726521191093354, 54.289003312708331, 0.0 ], [ 9.726659261358906, 54.28904472233878, 0.0 ], [ 9.726798070969524, 54.289085354416109, 0.0 ], [ 9.726937619919795, 54.289125208937847, 0.0 ], [ 9.727077938766854, 54.289164276729416, 0.0 ], [ 9.727197872072582, 54.289189419659486, 0.0 ], [ 9.727197872072582, 54.289189419659486, 0.0 ] ], [ [ 9.725156434239237, 54.288318260150255, 0.0 ], [ 9.725411938651652, 54.288385496160721, 0.0 ], [ 9.725548620596657, 54.288426762623089, 0.0 ], [ 9.72568457846282, 54.288468770277326, 0.0 ], [ 9.725819796736728, 54.288511510231643, 0.0 ], [ 9.725954260062622, 54.288554982581083, 0.0 ], [ 9.726087968761455, 54.288599205301466, 0.0 ], [ 9.726220937882676, 54.288644160329362, 0.0 ], [ 9.726290783285712, 54.288668176893793, 0.0 ], [ 9.72635316758911, 54.288689856653875, 0.0 ], [ 9.726484627322277, 54.288736303449262, 0.0 ], [ 9.726615347650052, 54.288783491546091, 0.0 ], [ 9.72661576524084, 54.28878365080633, 0.0 ], [ 9.726745298013608, 54.288831430118684, 0.0 ], [ 9.726874493777981, 54.288880119076879, 0.0 ], [ 9.727002935106716, 54.28892956740971, 0.0 ], [ 9.727130606484012, 54.288979766225609, 0.0 ], [ 9.727257508073189, 54.28903072451363, 0.0 ], [ 9.727403311952235, 54.289095095003873, 0.0 ], [ 9.727403311952235, 54.289095095003873, 0.0 ] ], [ [ 9.724900349636098, 54.288433035879358, 0.0 ], [ 9.725156434239237, 54.288318260150255, 0.0 ] ], [ [ 9.727197872072582, 54.289189419659486, 0.0 ], [ 9.727403311952235, 54.289095095003873, 0.0 ] ], [ [ 9.724939979468662, 54.288415271627827, 0.0 ], [ 9.727137448371689, 54.289217160553008, 0.0 ] ], [ [ 9.452464595244427, 54.411342338625666, 0.0 ], [ 9.452269734531805, 54.411504939766004, 0.0 ], [ 9.452183919210198, 54.411579757275788, 0.0 ], [ 9.452098552075091, 54.41165472582842, 0.0 ], [ 9.452013664042122, 54.41172985429634, 0.0 ], [ 9.451929224099494, 54.411805124822074, 0.0 ], [ 9.451845232348532, 54.411880546393483, 0.0 ], [ 9.451761719703933, 54.411956127883087, 0.0 ], [ 9.451678639747493, 54.41203185149098, 0.0 ], [ 9.451596038901087, 54.412107735018978, 0.0 ], [ 9.451513886153487, 54.412183760609437, 0.0 ], [ 9.451432197111682, 54.412259946179539, 0.0 ], [ 9.451350956270737, 54.412336282800872, 0.0 ], [ 9.451270178941174, 54.412412761429799, 0.0 ], [ 9.451189865322387, 54.41248940004111, 0.0 ], [ 9.451109999909498, 54.412566189706375, 0.0 ], [ 9.451030582605393, 54.412643121439565, 0.0 ], [ 9.450951629016965, 54.412720213157826, 0.0 ], [ 9.450873138948644, 54.412797446888156, 0.0 ], [ 9.450795097191756, 54.412874840662944, 0.0 ], [ 9.450717503550326, 54.412952376509111, 0.0 ], [ 9.450640373631387, 54.413030072343922, 0.0 ], [ 9.450596241208656, 54.413074796269534, 0.0 ], [ 9.450563707239889, 54.413107910194334, 0.0 ], [ 9.450487489166193, 54.413185908092615, 0.0 ], [ 9.450474065375198, 54.413199690826993, 0.0 ], [ 9.450411719215195, 54.413264048065727, 0.0 ], [ 9.450336412895345, 54.413342339043943, 0.0 ], [ 9.450261554800258, 54.413420781085634, 0.0 ], [ 9.450187160438443, 54.413499383121064, 0.0 ], [ 9.450113214206432, 54.413578127234679, 0.0 ], [ 9.450039731612769, 54.41365702235678, 0.0 ], [ 9.449966697250934, 54.413736068545624, 0.0 ], [ 9.449894111123124, 54.413815265802043, 0.0 ], [ 9.449821988638778, 54.413894614069406, 0.0 ], [ 9.449750329800603, 54.413974113348509, 0.0 ], [ 9.449679119102905, 54.414053754710658, 0.0 ], [ 9.449608356744914, 54.414133556130508, 0.0 ], [ 9.449538058038391, 54.414213508564508, 0.0 ], [ 9.449468222985157, 54.414293612013495, 0.0 ], [ 9.449398836178768, 54.414373866535563, 0.0 ], [ 9.449329912931075, 54.414454263087237, 0.0 ], [ 9.449261438032497, 54.414534819700492, 0.0 ], [ 9.449193426795121, 54.414615527331812, 0.0 ], [ 9.449125863811908, 54.414696386039303, 0.0 ], [ 9.449058764493774, 54.414777395766407, 0.0 ], [ 9.448992113434148, 54.414858556571176, 0.0 ], [ 9.448926339915813, 54.414939669136452, 0.0 ], [ 9.448926339915813, 54.414939669136452, 0.0 ] ], [ [ 9.452871618312059, 54.411658567501121, 0.0 ], [ 9.452757529567574, 54.411806010217511, 0.0 ], [ 9.452689181809118, 54.411885912278116, 0.0 ], [ 9.452620385182524, 54.411965654210391, 0.0 ], [ 9.452551139884363, 54.412045253987429, 0.0 ], [ 9.452481430207413, 54.412124684705482, 0.0 ], [ 9.452411271855087, 54.412203973266742, 0.0 ], [ 9.452340664627371, 54.412283101696602, 0.0 ], [ 9.452269608621398, 54.412362078981204, 0.0 ], [ 9.452198103736343, 54.412440896132836, 0.0 ], [ 9.45212615006956, 54.412519562137639, 0.0 ], [ 9.452053747619194, 54.412598076994847, 0.0 ], [ 9.451980880975539, 54.412676440761352, 0.0 ], [ 9.451907580853639, 54.412754644333972, 0.0 ], [ 9.451833816535171, 54.41283269681427, 0.0 ], [ 9.451759618734666, 54.41291058909907, 0.0 ], [ 9.45168495683285, 54.412988339276872, 0.0 ], [ 9.451609861445956, 54.413065929257556, 0.0 ], [ 9.4515343017567, 54.413143359155633, 0.0 ], [ 9.451487185992972, 54.413191347979875, 0.0 ], [ 9.451458308776324, 54.41322064682889, 0.0 ], [ 9.451381866898139, 54.41329777436021, 0.0 ], [ 9.451304960810948, 54.413374750793352, 0.0 ], [ 9.451272526044749, 54.413407046691084, 0.0 ], [ 9.451227621329194, 54.413451576012193, 0.0 ], [ 9.451149833043445, 54.413528250073519, 0.0 ], [ 9.451071580444472, 54.413604764047143, 0.0 ], [ 9.450992894446411, 54.413681126803887, 0.0 ], [ 9.45091375963891, 54.413757338400544, 0.0 ], [ 9.450834176020791, 54.413833398836239, 0.0 ], [ 9.45075414349162, 54.413909299123105, 0.0 ], [ 9.45067366214834, 54.413985048247262, 0.0 ], [ 9.450592731989406, 54.414060646207766, 0.0 ], [ 9.450511352914752, 54.414136084016818, 0.0 ], [ 9.450429525120041, 54.414211379647405, 0.0 ], [ 9.450347248406029, 54.414286515124722, 0.0 ], [ 9.450264538278818, 54.4143614993773, 0.0 ], [ 9.450181363821233, 54.414436323532314, 0.0 ], [ 9.450097740637263, 54.414511005505219, 0.0 ], [ 9.450013668527957, 54.414585527321158, 0.0 ], [ 9.449929147492361, 54.414659888979251, 0.0 ], [ 9.449844177725501, 54.41473410845245, 0.0 ], [ 9.449758759029367, 54.414808167765926, 0.0 ], [ 9.449672891402233, 54.4148820669187, 0.0 ], [ 9.449586575039564, 54.414955823883787, 0.0 ], [ 9.449499809742974, 54.415029420686245, 0.0 ], [ 9.449412436897722, 54.415102444499425, 0.0 ], [ 9.449412436897722, 54.415102444499425, 0.0 ] ], [ [ 9.452464595244427, 54.411342338625666, 0.0 ], [ 9.452871618312059, 54.411658567501121, 0.0 ] ], [ [ 9.448926339915813, 54.414939669136452, 0.0 ], [ 9.449412436897722, 54.415102444499425, 0.0 ] ], [ [ 9.448926339915813, 54.414939669136452, 0.0 ], [ 9.448753331326781, 54.41508974471212, 0.0 ], [ 9.448667893644602, 54.415165133438016, 0.0 ], [ 9.448582919681209, 54.415240682149864, 0.0 ], [ 9.448498424847102, 54.415316390791332, 0.0 ], [ 9.448414393735343, 54.415392259420706, 0.0 ], [ 9.448330826248894, 54.415468279051971, 0.0 ], [ 9.44824773789653, 54.415544458615798, 0.0 ], [ 9.448165113271259, 54.415620798170416, 0.0 ], [ 9.448082952276588, 54.415697288729788, 0.0 ], [ 9.448001270421413, 54.4157739392246, 0.0 ], [ 9.447920052297883, 54.415850749713016, 0.0 ], [ 9.447839297810226, 54.415927711209008, 0.0 ], [ 9.447759022466885, 54.416004832643303, 0.0 ], [ 9.447679195353798, 54.41608210514417, 0.0 ], [ 9.447599862895583, 54.416159546514969, 0.0 ], [ 9.447520978572713, 54.416237129967215, 0.0 ], [ 9.447442573499467, 54.416314882348388, 0.0 ], [ 9.447364616663075, 54.416392785799779, 0.0 ], [ 9.447287154391033, 54.416470849137767, 0.0 ], [ 9.44724848644664, 54.416510033337715, 0.0 ], [ 9.44724848644664, 54.416510033337715, 0.0 ], [ 9.447210140359511, 54.416549063547762, 0.0 ], [ 9.447133605486464, 54.416627437903308, 0.0 ], [ 9.447057534364648, 54.41670597226242, 0.0 ], [ 9.44698192689807, 54.416784657639006, 0.0 ], [ 9.446906783186154, 54.416863503020856, 0.0 ], [ 9.446832118542504, 54.416942499364836, 0.0 ], [ 9.446757917657392, 54.41702165571585, 0.0 ], [ 9.446684180532525, 54.417100972074707, 0.0 ], [ 9.446610922579538, 54.41718044838521, 0.0 ], [ 9.446538112883031, 54.417260075775353, 0.0 ], [ 9.446465797771715, 54.417339863061812, 0.0 ], [ 9.446393930920948, 54.41741980142956, 0.0 ], [ 9.446322543249519, 54.417499899752308, 0.0 ], [ 9.446251619349912, 54.417580158087901, 0.0 ], [ 9.446181159125915, 54.417660567450213, 0.0 ], [ 9.446111178185111, 54.417741145756956, 0.0 ], [ 9.446041676235971, 54.417821866048122, 0.0 ], [ 9.445972622754313, 54.41790275539924, 0.0 ], [ 9.445904063776037, 54.417983795666387, 0.0 ], [ 9.44583595326894, 54.418065004995093, 0.0 ], [ 9.445768726031003, 54.418146687348475, 0.0 ], [ 9.445768726031003, 54.418146687348475, 0.0 ] ], [ [ 9.449412436897722, 54.415102444499425, 0.0 ], [ 9.449277213094133, 54.415265169049171, 0.0 ], [ 9.449208665114259, 54.415346220193442, 0.0 ], [ 9.449139637419709, 54.415427111311011, 0.0 ], [ 9.44907014541727, 54.415507842343757, 0.0 ], [ 9.449000173696035, 54.415588413348203, 0.0 ], [ 9.448929737761009, 54.415668833253157, 0.0 ], [ 9.448858837512288, 54.415749093070879, 0.0 ], [ 9.448787457637014, 54.415829201844801, 0.0 ], [ 9.448715613345726, 54.415909141542876, 0.0 ], [ 9.44864328942413, 54.415988930195496, 0.0 ], [ 9.448570501180798, 54.416068558757551, 0.0 ], [ 9.448497248712487, 54.416148036215205, 0.0 ], [ 9.448423531918928, 54.416227353580666, 0.0 ], [ 9.448349335388992, 54.416306510910303, 0.0 ], [ 9.448274674627958, 54.416385517132994, 0.0 ], [ 9.448199534126983, 54.416464363318134, 0.0 ], [ 9.448123929293439, 54.416543049407657, 0.0 ], [ 9.448047860223362, 54.41662158438762, 0.0 ], [ 9.447971326817047, 54.416699959270197, 0.0 ], [ 9.447932782979326, 54.416739179177007, 0.0 ], [ 9.447932782979326, 54.416739179177007, 0.0 ], [ 9.447894313663191, 54.416778174111741, 0.0 ], [ 9.447816836267512, 54.416856237841117, 0.0 ], [ 9.447738894530161, 54.416934141470421, 0.0 ], [ 9.447660488449454, 54.417011884998836, 0.0 ], [ 9.447581602711853, 54.417089477469545, 0.0 ], [ 9.447502252627414, 54.41716690983754, 0.0 ], [ 9.447422422784658, 54.417244182159024, 0.0 ], [ 9.447342128689447, 54.417321303362883, 0.0 ], [ 9.447261370242098, 54.417398264461283, 0.0 ], [ 9.447180147440987, 54.417475065453253, 0.0 ], [ 9.447098444972424, 54.417551715381954, 0.0 ], [ 9.447016278146691, 54.417628205202369, 0.0 ], [ 9.44693363165019, 54.417704543957562, 0.0 ], [ 9.446850536105146, 54.417780713558599, 0.0 ], [ 9.446766945475877, 54.417856732149545, 0.0 ], [ 9.4466829058928, 54.41793259057134, 0.0 ], [ 9.446598371222157, 54.418008297981068, 0.0 ], [ 9.446513387496525, 54.41808383623281, 0.0 ], [ 9.446427924090004, 54.418159223413504, 0.0 ], [ 9.446341980903027, 54.418234450535174, 0.0 ], [ 9.446254987765817, 54.418309519705232, 0.0 ], [ 9.446254987765817, 54.418309519705232, 0.0 ] ], [ [ 9.445768726031003, 54.418146687348475, 0.0 ], [ 9.446254987765817, 54.418309519705232, 0.0 ] ], [ [ 9.445768726031003, 54.418146687348475, 0.0 ], [ 9.445595610515413, 54.418296309306051, 0.0 ], [ 9.445509926217662, 54.418371418039825, 0.0 ], [ 9.445424705565635, 54.418446677784225, 0.0 ], [ 9.445339948658024, 54.418522097527202, 0.0 ], [ 9.445255655399286, 54.418597668282764, 0.0 ], [ 9.445171841298697, 54.418673398981994, 0.0 ], [ 9.445088475440013, 54.41874928075255, 0.0 ], [ 9.445005588742653, 54.418825322468685, 0.0 ], [ 9.444923165798095, 54.418901524188186, 0.0 ], [ 9.444841206510837, 54.418977876925062, 0.0 ], [ 9.444759695471596, 54.41905438073703, 0.0 ], [ 9.44467866360068, 54.419131044498343, 0.0 ], [ 9.444598095489212, 54.419207868266781, 0.0 ], [ 9.444517991041627, 54.419284843056261, 0.0 ], [ 9.444438350259363, 54.419361968867733, 0.0 ], [ 9.444359173241942, 54.419439254689046, 0.0 ], [ 9.444280444482914, 54.4195166915909, 0.0 ], [ 9.444202194902315, 54.41959428844762, 0.0 ], [ 9.444124408994405, 54.419672036329928, 0.0 ], [ 9.444047071447336, 54.419749944282358, 0.0 ], [ 9.444009312149525, 54.419788216351691, 0.0 ], [ 9.444009312149525, 54.419788216351691, 0.0 ], [ 9.443970212986612, 54.419828003205446, 0.0 ], [ 9.443893802793385, 54.419906213213416, 0.0 ], [ 9.443817871787557, 54.419984583180749, 0.0 ], [ 9.443742389149671, 54.420063113221644, 0.0 ], [ 9.443667370195062, 54.420141794293336, 0.0 ], [ 9.443592814925633, 54.420220626396699, 0.0 ], [ 9.443518738850551, 54.420299618462884, 0.0 ], [ 9.443445111053736, 54.420378761619048, 0.0 ], [ 9.44337194704466, 54.42045806479635, 0.0 ], [ 9.443299246728015, 54.42053751900869, 0.0 ], [ 9.443227010202774, 54.420617133243816, 0.0 ], [ 9.443155237373968, 54.420696898515601, 0.0 ], [ 9.443083928243, 54.420776814824883, 0.0 ], [ 9.443013082909284, 54.420856891159453, 0.0 ], [ 9.442942701374658, 54.420937127520013, 0.0 ], [ 9.442872783543972, 54.421017514920493, 0.0 ], [ 9.442803329418895, 54.42109805336171, 0.0 ], [ 9.442734339099058, 54.421178751831349, 0.0 ], [ 9.442665812585648, 54.421259610330203, 0.0 ], [ 9.442597765194989, 54.421340619815595, 0.0 ], [ 9.442530166204158, 54.42142178938829, 0.0 ], [ 9.442463526508725, 54.42150333287119, 0.0 ], [ 9.442463526508725, 54.42150333287119, 0.0 ] ], [ [ 9.446254987765817, 54.418309519705232, 0.0 ], [ 9.44612077274026, 54.41847217395182, 0.0 ], [ 9.446052752267398, 54.418553194329185, 0.0 ], [ 9.445984252056389, 54.418634054668054, 0.0 ], [ 9.445915287613166, 54.418714763897661, 0.0 ], [ 9.445845858838105, 54.418795313030273, 0.0 ], [ 9.445775965729272, 54.418875702065023, 0.0 ], [ 9.445705592972239, 54.418955940045052, 0.0 ], [ 9.445634771287446, 54.419036017868784, 0.0 ], [ 9.445563469950754, 54.419115944636118, 0.0 ], [ 9.445491704272159, 54.419195711302443, 0.0 ], [ 9.44541948975821, 54.419275326796956, 0.0 ], [ 9.445346795488661, 54.419354782245669, 0.0 ], [ 9.4452736369695, 54.419434086577844, 0.0 ], [ 9.44520001410122, 54.41951323080567, 0.0 ], [ 9.445125942390128, 54.419592223858416, 0.0 ], [ 9.44505139101331, 54.419671065848917, 0.0 ], [ 9.444976375184501, 54.419749738745629, 0.0 ], [ 9.444900895194092, 54.4198282695085, 0.0 ], [ 9.444824950845581, 54.419906640162758, 0.0 ], [ 9.444748557547701, 54.419984850650756, 0.0 ], [ 9.444710891640472, 54.420023167531035, 0.0 ], [ 9.444710891640472, 54.420023167531035, 0.0 ], [ 9.444671684574903, 54.420062910072197, 0.0 ], [ 9.444594347336093, 54.420140818369369, 0.0 ], [ 9.444516561142542, 54.420218566497695, 0.0 ], [ 9.444438295171057, 54.420296154569826, 0.0 ], [ 9.444359580436533, 54.420373600445224, 0.0 ], [ 9.444280385823198, 54.420450877275655, 0.0 ], [ 9.444200742345727, 54.420528002920662, 0.0 ], [ 9.444120619181023, 54.420604977492744, 0.0 ], [ 9.4440400470511, 54.42068179189063, 0.0 ], [ 9.443958995230521, 54.420758455213758, 0.0 ], [ 9.443877494538972, 54.42083496734783, 0.0 ], [ 9.4437955140558, 54.420911319418302, 0.0 ], [ 9.443713084601169, 54.420987511310912, 0.0 ], [ 9.443630190859786, 54.421063552068361, 0.0 ], [ 9.44354681732176, 54.421139432759347, 0.0 ], [ 9.443462979493793, 54.42121516231326, 0.0 ], [ 9.443378692687611, 54.421290731685531, 0.0 ], [ 9.443293926177194, 54.421366149975405, 0.0 ], [ 9.443208695274755, 54.421441408138357, 0.0 ], [ 9.443123000075612, 54.421516515160313, 0.0 ], [ 9.443036840481117, 54.421591462053428, 0.0 ], [ 9.442949675835807, 54.421666133966106, 0.0 ], [ 9.442949675835807, 54.421666133966106, 0.0 ] ], [ [ 9.442463526508725, 54.42150333287119, 0.0 ], [ 9.442949675835807, 54.421666133966106, 0.0 ] ], [ [ 9.442463526508725, 54.42150333287119, 0.0 ], [ 9.442290959436807, 54.421651923399459, 0.0 ], [ 9.442205595743733, 54.421726525260354, 0.0 ], [ 9.442120711330363, 54.42180129606237, 0.0 ], [ 9.442036275084961, 54.42187620895853, 0.0 ], [ 9.441952302614315, 54.421951281867209, 0.0 ], [ 9.441868793823213, 54.422026505802471, 0.0 ], [ 9.44178573330186, 54.422101880821629, 0.0 ], [ 9.441703136463104, 54.422177406869231, 0.0 ], [ 9.441621003405444, 54.422253092933111, 0.0 ], [ 9.441539318622153, 54.422328930083737, 0.0 ], [ 9.441458097526535, 54.42240491826557, 0.0 ], [ 9.441377340216897, 54.422481066466482, 0.0 ], [ 9.441297031186627, 54.422557365756852, 0.0 ], [ 9.441217185849029, 54.422633816081152, 0.0 ], [ 9.44113778879399, 54.422710417496674, 0.0 ], [ 9.441058855531562, 54.422787178934897, 0.0 ], [ 9.440980370458648, 54.42286408247913, 0.0 ], [ 9.440902349181798, 54.422941146047876, 0.0 ], [ 9.44082477619404, 54.423018360711339, 0.0 ], [ 9.440747667005803, 54.423095735401013, 0.0 ], [ 9.440671433104839, 54.423172837224946, 0.0 ], [ 9.440671433104839, 54.423172837224946, 0.0 ], [ 9.440671021425882, 54.423173252143926, 0.0 ], [ 9.440594824236635, 54.423250928971079, 0.0 ], [ 9.440519075343813, 54.423328756896389, 0.0 ], [ 9.440443805572745, 54.423406735808193, 0.0 ], [ 9.440368968786061, 54.423484874863036, 0.0 ], [ 9.440294611028419, 54.423563155919098, 0.0 ], [ 9.440220686258453, 54.423641597119847, 0.0 ], [ 9.440147240617661, 54.423720189310473, 0.0 ], [ 9.440074243380311, 54.423798941591222, 0.0 ], [ 9.440001694355033, 54.423877835988982, 0.0 ], [ 9.439929624561108, 54.423956890366064, 0.0 ], [ 9.439857987667075, 54.424036095904889, 0.0 ], [ 9.439786830008071, 54.424115461424698, 0.0 ], [ 9.439716120568916, 54.424194969064729, 0.0 ], [ 9.439645859543756, 54.424274636799652, 0.0 ], [ 9.43957607766294, 54.424354455531031, 0.0 ], [ 9.439506744200099, 54.424434434358893, 0.0 ], [ 9.439437858964592, 54.42451455531009, 0.0 ], [ 9.43936945307169, 54.424594845233976, 0.0 ], [ 9.439301495410053, 54.424675277282795, 0.0 ], [ 9.439234001586248, 54.424755869375041, 0.0 ], [ 9.439166971506083, 54.424836612524508, 0.0 ], [ 9.439100838932044, 54.424917711861632, 0.0 ], [ 9.439100838932044, 54.424917711861632, 0.0 ] ], [ [ 9.442949675835807, 54.421666133966106, 0.0 ], [ 9.442816614557938, 54.421827953341428, 0.0 ], [ 9.442749132288975, 54.42190854741385, 0.0 ], [ 9.442681185670175, 54.421988981378867, 0.0 ], [ 9.442612774796885, 54.422069264222706, 0.0 ], [ 9.442543915078629, 54.422149395888013, 0.0 ], [ 9.442474591004625, 54.422229367443663, 0.0 ], [ 9.442404802670493, 54.422309187875747, 0.0 ], [ 9.442334550073889, 54.422388857183485, 0.0 ], [ 9.442263848624611, 54.422468375309606, 0.0 ], [ 9.442192682812374, 54.422547733322872, 0.0 ], [ 9.442121068143658, 54.422626940152931, 0.0 ], [ 9.442048989205052, 54.422705995855466, 0.0 ], [ 9.441976445897964, 54.42278489144271, 0.0 ], [ 9.441903453728838, 54.42286363584433, 0.0 ], [ 9.441829997284431, 54.422942229115954, 0.0 ], [ 9.44175609197419, 54.423020671200341, 0.0 ], [ 9.441681722385011, 54.423098962153048, 0.0 ], [ 9.441606903829978, 54.423177092929926, 0.0 ], [ 9.441531605580613, 54.423255072629878, 0.0 ], [ 9.441455873870106, 54.423332901082823, 0.0 ], [ 9.441380089451139, 54.423410154492416, 0.0 ], [ 9.441380089451139, 54.423410154492416, 0.0 ], [ 9.441379677776814, 54.42341056941379, 0.0 ], [ 9.441303017492256, 54.4234880955958, 0.0 ], [ 9.44122589282089, 54.423565461654057, 0.0 ], [ 9.441148319270086, 54.423642676518355, 0.0 ], [ 9.441070296837927, 54.423719740187764, 0.0 ], [ 9.44099181001436, 54.423796643730839, 0.0 ], [ 9.440912858893752, 54.423873396133587, 0.0 ], [ 9.440833458886884, 54.423949997338873, 0.0 ], [ 9.440753594580073, 54.424026447402071, 0.0 ], [ 9.440673281383095, 54.42410274626598, 0.0 ], [ 9.440592503786347, 54.424178884999051, 0.0 ], [ 9.440511261884504, 54.424254872587305, 0.0 ], [ 9.440429571087913, 54.424330708973592, 0.0 ], [ 9.440347415886393, 54.424406385226263, 0.0 ], [ 9.440264796374546, 54.424481910331352, 0.0 ], [ 9.440181727963521, 54.424557284231682, 0.0 ], [ 9.440098195238972, 54.42463250698254, 0.0 ], [ 9.440014198102814, 54.424707569596052, 0.0 ], [ 9.439929752062623, 54.424782481001984, 0.0 ], [ 9.439844841607881, 54.424857232268657, 0.0 ], [ 9.43975946683342, 54.424931832382029, 0.0 ], [ 9.439673627737587, 54.425006281341133, 0.0 ], [ 9.439586907121791, 54.425080481804358, 0.0 ], [ 9.439586907121791, 54.425080481804358, 0.0 ] ], [ [ 9.439100838932044, 54.424917711861632, 0.0 ], [ 9.439586907121791, 54.425080481804358, 0.0 ] ], [ [ 9.439100838932044, 54.424917711861632, 0.0 ], [ 9.43892712104868, 54.425066373538861, 0.0 ], [ 9.438841143370418, 54.425141002151527, 0.0 ], [ 9.438755613978323, 54.425215781855805, 0.0 ], [ 9.438670532873914, 54.425290712652661, 0.0 ], [ 9.4385859308838, 54.425365794430974, 0.0 ], [ 9.438501777280488, 54.425441036290728, 0.0 ], [ 9.438418087382249, 54.425516429189855, 0.0 ], [ 9.438334845777641, 54.425591973185348, 0.0 ], [ 9.438252067977407, 54.425667677209056, 0.0 ], [ 9.438169753886763, 54.425743532275057, 0.0 ], [ 9.438087888094893, 54.425819538440138, 0.0 ], [ 9.438006486016253, 54.425895695649324, 0.0 ], [ 9.437925532335289, 54.425972012946389, 0.0 ], [ 9.437845042370737, 54.426048481289378, 0.0 ], [ 9.43776501612431, 54.426125100679222, 0.0 ], [ 9.437685438184811, 54.426201871172715, 0.0 ], [ 9.437606323966772, 54.426278792714839, 0.0 ], [ 9.437527658154869, 54.426355874349362, 0.0 ], [ 9.437449456067883, 54.426433107034264, 0.0 ], [ 9.437371702294604, 54.426510490826338, 0.0 ], [ 9.437294412249321, 54.42658802567059, 0.0 ], [ 9.437217707898695, 54.426665585304001, 0.0 ], [ 9.437217707898695, 54.426665585304001, 0.0 ], [ 9.437217570617078, 54.426665720610714, 0.0 ], [ 9.437141192716771, 54.426743566604728, 0.0 ], [ 9.437065263136827, 54.42682156370936, 0.0 ], [ 9.436989797292433, 54.426899711869616, 0.0 ], [ 9.436914795185185, 54.426978011086348, 0.0 ], [ 9.436840241499494, 54.427056470403187, 0.0 ], [ 9.436766136045582, 54.427135071847019, 0.0 ], [ 9.436692509939038, 54.427213842267989, 0.0 ], [ 9.436619316654658, 54.427292754873392, 0.0 ], [ 9.436546602530019, 54.427371818483671, 0.0 ], [ 9.436474336835705, 54.427451042198179, 0.0 ], [ 9.436402519478099, 54.427530417030695, 0.0 ], [ 9.4363311812858, 54.427609942870632, 0.0 ], [ 9.436260276115956, 54.427689628872834, 0.0 ], [ 9.436189850115513, 54.427769465884069, 0.0 ], [ 9.436119872458791, 54.427849454016503, 0.0 ], [ 9.436050358561676, 54.427929593215289, 0.0 ], [ 9.435981308521811, 54.428009892468076, 0.0 ], [ 9.435912706831356, 54.428090342844442, 0.0 ], [ 9.435844569001862, 54.428170953276393, 0.0 ], [ 9.435776894939682, 54.42825171477773, 0.0 ], [ 9.435709684646817, 54.428332627349299, 0.0 ], [ 9.435642922711466, 54.428413691047432, 0.0 ], [ 9.435576407420319, 54.428494780778841, 0.0 ], [ 9.435576407420319, 54.428494780778841, 0.0 ] ], [ [ 9.439586907121791, 54.425080481804358, 0.0 ], [ 9.439454321529089, 54.425242924719434, 0.0 ], [ 9.439387107970312, 54.42532383941063, 0.0 ], [ 9.439319430132448, 54.425404602968875, 0.0 ], [ 9.43925130333009, 54.42548520635043, 0.0 ], [ 9.439182712244802, 54.425565658597506, 0.0 ], [ 9.439113656778581, 54.425645950722412, 0.0 ], [ 9.439044152438012, 54.425726091655214, 0.0 ], [ 9.438974183808977, 54.425806081451249, 0.0 ], [ 9.438903750889125, 54.425885920109671, 0.0 ], [ 9.438832868993213, 54.425965598586757, 0.0 ], [ 9.438761522899279, 54.426045134911561, 0.0 ], [ 9.438689712412412, 54.426124511109435, 0.0 ], [ 9.438617452944351, 54.426203727123564, 0.0 ], [ 9.43854472927236, 54.426282800983017, 0.0 ], [ 9.438471556615195, 54.426361714657041, 0.0 ], [ 9.438397919654262, 54.426440477187839, 0.0 ], [ 9.438323818387813, 54.42651908857453, 0.0 ], [ 9.438249268130697, 54.426597539773347, 0.0 ], [ 9.438174269073476, 54.426675848757405, 0.0 ], [ 9.438098805609107, 54.426753997607861, 0.0 ], [ 9.438022877831767, 54.426831995310884, 0.0 ], [ 9.437946623019837, 54.426909706557986, 0.0 ], [ 9.437946623019837, 54.426909706557986, 0.0 ], [ 9.437946501057111, 54.426909832822659, 0.0 ], [ 9.437869660061939, 54.426987528172198, 0.0 ], [ 9.437792370065939, 54.427065063328811, 0.0 ], [ 9.437714615749915, 54.427142447334511, 0.0 ], [ 9.437636412525675, 54.427219680132474, 0.0 ], [ 9.43755774488201, 54.427296752790809, 0.0 ], [ 9.437478613008956, 54.427373683282482, 0.0 ], [ 9.437399032126455, 54.427450453576903, 0.0 ], [ 9.437318986915528, 54.427527072715925, 0.0 ], [ 9.437238492691995, 54.427603531655834, 0.0 ], [ 9.437157534232288, 54.427679848425534, 0.0 ], [ 9.437076111343202, 54.427756005050171, 0.0 ], [ 9.436994239436739, 54.427832001472972, 0.0 ], [ 9.436911903288777, 54.427907855722793, 0.0 ], [ 9.436829102706756, 54.427983549824738, 0.0 ], [ 9.436745853197909, 54.428059092709077, 0.0 ], [ 9.436662139347369, 54.428134484430622, 0.0 ], [ 9.436577961057612, 54.428209716001511, 0.0 ], [ 9.436493333836566, 54.428284796351946, 0.0 ], [ 9.436408242268792, 54.42835972553673, 0.0 ], [ 9.436322686257199, 54.428434494567973, 0.0 ], [ 9.436236665895814, 54.428509112431612, 0.0 ], [ 9.436150181087434, 54.428583570139722, 0.0 ], [ 9.436062952757254, 54.428657715915733, 0.0 ], [ 9.436062952757254, 54.428657715915733, 0.0 ] ], [ [ 9.435576407420319, 54.428494780778841, 0.0 ], [ 9.436062952757254, 54.428657715915733, 0.0 ] ], [ [ 9.435576407420319, 54.428494780778841, 0.0 ], [ 9.435403467196975, 54.428646714805744, 0.0 ], [ 9.435318296045308, 54.428723117416027, 0.0 ], [ 9.43523363504818, 54.428799688883508, 0.0 ], [ 9.435149468792968, 54.428876429264854, 0.0 ], [ 9.435065797186439, 54.428953329574114, 0.0 ], [ 9.434982605007256, 54.429030407841744, 0.0 ], [ 9.434899922798648, 54.429107636996811, 0.0 ], [ 9.434817750848618, 54.429185044001215, 0.0 ], [ 9.434736058140698, 54.429262610993113, 0.0 ], [ 9.434654860185359, 54.42934034690493, 0.0 ], [ 9.434574156984935, 54.429418251737594, 0.0 ], [ 9.434493948445889, 54.429496316505158, 0.0 ], [ 9.434414250079481, 54.429574550140146, 0.0 ], [ 9.43433503105916, 54.429652952754395, 0.0 ], [ 9.43425630670615, 54.429731515306514, 0.0 ], [ 9.434178092531212, 54.429810246728884, 0.0 ], [ 9.434140467158496, 54.429848344376836, 0.0 ], [ 9.434140467158496, 54.429848344376836, 0.0 ], [ 9.434100357612831, 54.429889138146471, 0.0 ], [ 9.434023117462585, 54.429968198491665, 0.0 ], [ 9.433946387496357, 54.430047427710022, 0.0 ], [ 9.433870136887538, 54.430126825913305, 0.0 ], [ 9.433794380957478, 54.43020638406005, 0.0 ], [ 9.43371913521743, 54.430286111082793, 0.0 ], [ 9.433644368745632, 54.430365998106232, 0.0 ], [ 9.43357011246805, 54.430446054007483, 0.0 ], [ 9.433496335557491, 54.430526278898164, 0.0 ], [ 9.433423068845366, 54.430606672668496, 0.0 ], [ 9.433350281409094, 54.430687226443069, 0.0 ], [ 9.433278004175209, 54.430767949099042, 0.0 ], [ 9.433206221636425, 54.430848831705752, 0.0 ], [ 9.433134933889219, 54.43092988325094, 0.0 ], [ 9.433064140936228, 54.431011103735514, 0.0 ], [ 9.432993842779061, 54.431092493160328, 0.0 ], [ 9.432924039325002, 54.431174042539283, 0.0 ], [ 9.432855751085501, 54.431256044793663, 0.0 ], [ 9.432855751085501, 54.431256044793663, 0.0 ] ], [ [ 9.436062952757254, 54.428657715915733, 0.0 ], [ 9.435924387048377, 54.428821165023578, 0.0 ], [ 9.435854098294021, 54.428902556124804, 0.0 ], [ 9.435783314200034, 54.42898377821362, 0.0 ], [ 9.43571201935092, 54.429064831344746, 0.0 ], [ 9.435640229158265, 54.429145715461729, 0.0 ], [ 9.435567959129676, 54.429226439495025, 0.0 ], [ 9.435495178243809, 54.429306985581043, 0.0 ], [ 9.435421902199252, 54.429387380624142, 0.0 ], [ 9.435348130707633, 54.429467597662601, 0.0 ], [ 9.435273863957905, 54.429547654669413, 0.0 ], [ 9.435199101852097, 54.429627542656725, 0.0 ], [ 9.435123844484263, 54.429707270610564, 0.0 ], [ 9.43504809175672, 54.429786829543069, 0.0 ], [ 9.43497184366757, 54.429866219453352, 0.0 ], [ 9.434895084800488, 54.429945440395997, 0.0 ], [ 9.434817846077609, 54.43002450124591, 0.0 ], [ 9.434780344895529, 54.430062643581522, 0.0 ], [ 9.434780344895529, 54.430062643581522, 0.0 ], [ 9.434740111987187, 54.430103393070809, 0.0 ], [ 9.434661882622779, 54.430182124856636, 0.0 ], [ 9.43458314247272, 54.430260687671037, 0.0 ], [ 9.434503922363817, 54.430339081402003, 0.0 ], [ 9.434424206975086, 54.430417315091056, 0.0 ], [ 9.43434399620933, 54.430495379750262, 0.0 ], [ 9.434263274650318, 54.430573275434121, 0.0 ], [ 9.434182073125484, 54.430651002030729, 0.0 ], [ 9.434100360898503, 54.43072856863693, 0.0 ], [ 9.434018168796905, 54.430805975140835, 0.0 ], [ 9.433935465799578, 54.430883203678412, 0.0 ], [ 9.43385228292413, 54.430960272111761, 0.0 ], [ 9.433768589244472, 54.431037171563666, 0.0 ], [ 9.433684400172952, 54.431113901977746, 0.0 ], [ 9.43359971580357, 54.431190472339878, 0.0 ], [ 9.433514536038921, 54.431266873662125, 0.0 ], [ 9.433428845463052, 54.431343105998806, 0.0 ], [ 9.43334233397173, 54.431418999703816, 0.0 ], [ 9.43334233397173, 54.431418999703816, 0.0 ] ], [ [ 9.432855751085501, 54.431256044793663, 0.0 ], [ 9.43334233397173, 54.431418999703816, 0.0 ] ], [ [ 9.432855751085501, 54.431256044793663, 0.0 ], [ 9.432680568377794, 54.43140641907025, 0.0 ], [ 9.432593649557065, 54.43148183736988, 0.0 ], [ 9.432507209986497, 54.431557415659221, 0.0 ], [ 9.432421249668138, 54.431633153939245, 0.0 ], [ 9.432335753093749, 54.431709043279277, 0.0 ], [ 9.432250735869642, 54.431785101598919, 0.0 ], [ 9.432166213222706, 54.431861310870161, 0.0 ], [ 9.432082139004432, 54.431937680246442, 0.0 ], [ 9.431998559556511, 54.432014218550194, 0.0 ], [ 9.431915443860667, 54.432090907918841, 0.0 ], [ 9.431832792013561, 54.432167757340267, 0.0 ], [ 9.431750634752683, 54.432244757718188, 0.0 ], [ 9.431668941438529, 54.432321927137778, 0.0 ], [ 9.431587711883346, 54.432399247626059, 0.0 ], [ 9.43150696169354, 54.432476737102718, 0.0 ], [ 9.431426690681885, 54.432554377594869, 0.0 ], [ 9.431346883434419, 54.432632169158524, 0.0 ], [ 9.431267555557856, 54.432710129713371, 0.0 ], [ 9.43118870695878, 54.432788250273433, 0.0 ], [ 9.431110322129696, 54.432866521907769, 0.0 ], [ 9.431032401166672, 54.432944953604171, 0.0 ], [ 9.430994876977836, 54.432982960008403, 0.0 ], [ 9.430994876977836, 54.432982960008403, 0.0 ], [ 9.43095495948713, 54.433023545308536, 0.0 ], [ 9.430877997092407, 54.433102297021712, 0.0 ], [ 9.430801498474825, 54.433181199812779, 0.0 ], [ 9.430725479146185, 54.433260262614446, 0.0 ], [ 9.43064992378719, 54.433339494469593, 0.0 ], [ 9.430574847531785, 54.433418868363276, 0.0 ], [ 9.43050023524966, 54.433498411312158, 0.0 ], [ 9.43042610226404, 54.433578114275193, 0.0 ], [ 9.430352448482207, 54.43365796826631, 0.0 ], [ 9.430279258585083, 54.433737982328275, 0.0 ], [ 9.430206532574189, 54.433818156461896, 0.0 ], [ 9.430134301283271, 54.433898490558157, 0.0 ], [ 9.430062533882642, 54.43397898472778, 0.0 ], [ 9.429991230279969, 54.434059629984638, 0.0 ], [ 9.429920406081484, 54.434140444248506, 0.0 ], [ 9.429850061100764, 54.434221409546367, 0.0 ], [ 9.429780195434226, 54.434302534865964, 0.0 ], [ 9.429710793667727, 54.434383820263001, 0.0 ], [ 9.429641871219372, 54.434465265683414, 0.0 ], [ 9.429573428091043, 54.434546871127957, 0.0 ], [ 9.429505464284862, 54.434628636597516, 0.0 ], [ 9.429437964292617, 54.434710553160727, 0.0 ], [ 9.429370449838594, 54.434792586570715, 0.0 ], [ 9.429370449838594, 54.434792586570715, 0.0 ] ], [ [ 9.43334233397173, 54.431418999703816, 0.0 ], [ 9.433208349792432, 54.431583184068522, 0.0 ], [ 9.433140382598458, 54.431664942669016, 0.0 ], [ 9.433071951070874, 54.431746550112003, 0.0 ], [ 9.43300303969769, 54.431827997465057, 0.0 ], [ 9.432933632966739, 54.431909275795661, 0.0 ], [ 9.432863777310978, 54.431990402911069, 0.0 ], [ 9.432793426388459, 54.432071369989359, 0.0 ], [ 9.432722611121857, 54.432152185906105, 0.0 ], [ 9.432651315904696, 54.43223283274186, 0.0 ], [ 9.432579540829634, 54.432313319482766, 0.0 ], [ 9.432507301404815, 54.43239365505962, 0.0 ], [ 9.432434582023451, 54.432473821552982, 0.0 ], [ 9.432361398288581, 54.432553836880643, 0.0 ], [ 9.432287734687769, 54.432633692110059, 0.0 ], [ 9.432213591219579, 54.432713387240348, 0.0 ], [ 9.432138983391937, 54.432792931202407, 0.0 ], [ 9.432063895598123, 54.432872306076618, 0.0 ], [ 9.431988328025872, 54.432951529836053, 0.0 ], [ 9.431912295993508, 54.433030593437699, 0.0 ], [ 9.43183579949986, 54.433109496880682, 0.0 ], [ 9.431758823127236, 54.433188240219245, 0.0 ], [ 9.431721407772898, 54.433226291395478, 0.0 ], [ 9.431721407772898, 54.433226291395478, 0.0 ], [ 9.431681366873997, 54.433266823452527, 0.0 ], [ 9.431603446248014, 54.433345255511384, 0.0 ], [ 9.431525045737676, 54.433423527463162, 0.0 ], [ 9.431446180756756, 54.433501639251794, 0.0 ], [ 9.43136683588782, 54.433579590931465, 0.0 ], [ 9.431287011223558, 54.433657391488204, 0.0 ], [ 9.431206721988778, 54.433735022892094, 0.0 ], [ 9.431125968370829, 54.433812503116108, 0.0 ], [ 9.431044734857808, 54.43388982322746, 0.0 ], [ 9.430963021447942, 54.43396698322514, 0.0 ], [ 9.430880828233434, 54.434043992095184, 0.0 ], [ 9.430798170440154, 54.434120831807668, 0.0 ], [ 9.430715048255042, 54.434197520335552, 0.0 ], [ 9.430631430655806, 54.434274039813999, 0.0 ], [ 9.430547364077309, 54.434350408050939, 0.0 ], [ 9.430462802175693, 54.434426616223377, 0.0 ], [ 9.430377775875241, 54.434502673207341, 0.0 ], [ 9.430292269570037, 54.434578561082887, 0.0 ], [ 9.430206283352513, 54.434654288835986, 0.0 ], [ 9.430119817315379, 54.434729865452546, 0.0 ], [ 9.430032886684558, 54.434805272902743, 0.0 ], [ 9.42994547623092, 54.434880529214368, 0.0 ], [ 9.429857200169813, 54.434955599811239, 0.0 ], [ 9.429857200169813, 54.434955599811239, 0.0 ] ], [ [ 9.429370449838594, 54.434792586570715, 0.0 ], [ 9.429857200169813, 54.434955599811239, 0.0 ] ], [ [ 9.429370449838594, 54.434792586570715, 0.0 ], [ 9.429201940112433, 54.434940954727061, 0.0 ], [ 9.42911903851174, 54.435015592254807, 0.0 ], [ 9.429036631717377, 54.435090398723652, 0.0 ], [ 9.428954719637101, 54.435165365147625, 0.0 ], [ 9.428873286856687, 54.435240491582533, 0.0 ], [ 9.428792333471449, 54.435315787016258, 0.0 ], [ 9.428711859389026, 54.435391242462813, 0.0 ], [ 9.428631880027885, 54.435466857868398, 0.0 ], [ 9.428552379973334, 54.43554263328874, 0.0 ], [ 9.428473359320552, 54.435618577711701, 0.0 ], [ 9.428394833300535, 54.435694673109637, 0.0 ], [ 9.428316786686096, 54.435770937512046, 0.0 ], [ 9.428239219385333, 54.435847361932929, 0.0 ], [ 9.428162131493398, 54.435923955360181, 0.0 ], [ 9.428085538241239, 54.436000699766105, 0.0 ], [ 9.428011026177478, 54.436075980803324, 0.0 ], [ 9.428011026177478, 54.436075980803324, 0.0 ], [ 9.42800942440193, 54.436077613180188, 0.0 ], [ 9.427933789883332, 54.436154686616391, 0.0 ], [ 9.427858634687439, 54.436231920075613, 0.0 ], [ 9.427783958909325, 54.436309322545654, 0.0 ], [ 9.427709777780596, 54.436386875998927, 0.0 ], [ 9.427636076073604, 54.436464598464809, 0.0 ], [ 9.427562853696811, 54.436542480957222, 0.0 ], [ 9.427490126068435, 54.436620523422391, 0.0 ], [ 9.427417862357153, 54.436698725970473, 0.0 ], [ 9.427346093491968, 54.43677709747999, 0.0 ], [ 9.427274803964375, 54.43685562901949, 0.0 ], [ 9.427204009193265, 54.436934320535222, 0.0 ], [ 9.427133693763723, 54.437013172082622, 0.0 ], [ 9.427063857677586, 54.437092183662486, 0.0 ], [ 9.426994501030622, 54.43717136426261, 0.0 ], [ 9.426925639147765, 54.437250704842327, 0.0 ], [ 9.426857256614539, 54.437330205456995, 0.0 ], [ 9.426788734033696, 54.437409607666631, 0.0 ], [ 9.426788734033696, 54.437409607666631, 0.0 ] ], [ [ 9.429857200169813, 54.434955599811239, 0.0 ], [ 9.42972149046531, 54.435114960145832, 0.0 ], [ 9.429652621777809, 54.435194293358848, 0.0 ], [ 9.429583257806708, 54.435273466522915, 0.0 ], [ 9.429513429477266, 54.435352488514404, 0.0 ], [ 9.429443105672492, 54.435431332481386, 0.0 ], [ 9.429372286672319, 54.43551002538382, 0.0 ], [ 9.429301003119544, 54.435588549137343, 0.0 ], [ 9.429229224273575, 54.435666912837668, 0.0 ], [ 9.429156965548925, 54.435745116429182, 0.0 ], [ 9.42908421152708, 54.435823159965757, 0.0 ], [ 9.42901097752862, 54.435901034404871, 0.0 ], [ 9.428937263645818, 54.435978748732481, 0.0 ], [ 9.428863069876462, 54.436056302947812, 0.0 ], [ 9.428788396219206, 54.436133697049954, 0.0 ], [ 9.428713227160978, 54.43621092210585, 0.0 ], [ 9.428639195386376, 54.436286354606928, 0.0 ], [ 9.428639195386376, 54.436286354606928, 0.0 ], [ 9.42863757830496, 54.43628799603372, 0.0 ], [ 9.428561449461371, 54.43636490085877, 0.0 ], [ 9.428484825305228, 54.436441645621812, 0.0 ], [ 9.428407721251792, 54.436518230267154, 0.0 ], [ 9.428330152622177, 54.436594645752265, 0.0 ], [ 9.428252073351905, 54.436670910214225, 0.0 ], [ 9.42817352950159, 54.4367470055141, 0.0 ], [ 9.428094505747026, 54.436822940692629, 0.0 ], [ 9.428014986669394, 54.436898715803572, 0.0 ], [ 9.427934987589664, 54.436974321804307, 0.0 ], [ 9.427854493277209, 54.437049776722439, 0.0 ], [ 9.427773534376344, 54.437125062473839, 0.0 ], [ 9.427692080145514, 54.437200188153774, 0.0 ], [ 9.427610130488759, 54.437275144774304, 0.0 ], [ 9.427527716426303, 54.437349950199092, 0.0 ], [ 9.427444806934895, 54.437424586562557, 0.0 ], [ 9.427361417523581, 54.437499062795993, 0.0 ], [ 9.427277160700296, 54.437573182550103, 0.0 ], [ 9.427277160700296, 54.437573182550103, 0.0 ] ], [ [ 9.426788734033696, 54.437409607666631, 0.0 ], [ 9.427277160700296, 54.437573182550103, 0.0 ] ], [ [ 9.426788734033696, 54.437409607666631, 0.0 ], [ 9.426618710229009, 54.437564043883683, 0.0 ], [ 9.426535368752635, 54.437641817701731, 0.0 ], [ 9.426452584039325, 54.437719787213631, 0.0 ], [ 9.426370371321536, 54.437797934392144, 0.0 ], [ 9.426288699953114, 54.437876277321251, 0.0 ], [ 9.426207585166994, 54.437954797973674, 0.0 ], [ 9.426127027151939, 54.438033514324417, 0.0 ], [ 9.426047041140842, 54.438112408346306, 0.0 ], [ 9.425967596487755, 54.43819149812316, 0.0 ], [ 9.425888723935936, 54.438270774560266, 0.0 ], [ 9.425851525494801, 54.438308409689391, 0.0 ], [ 9.425849603045073, 54.438310357722592, 0.0 ], [ 9.425810392559704, 54.438350228780592, 0.0 ], [ 9.425732633382765, 54.438429878650304, 0.0 ], [ 9.425655415385638, 54.438509706305354, 0.0 ], [ 9.425578769592283, 54.438589729611927, 0.0 ], [ 9.425502680493963, 54.438669939638508, 0.0 ], [ 9.425427147999672, 54.438750327399219, 0.0 ], [ 9.425352172298275, 54.43883091086893, 0.0 ], [ 9.425277753298896, 54.43891168106174, 0.0 ], [ 9.425203890910048, 54.43899262899172, 0.0 ], [ 9.425130585321062, 54.439073772633812, 0.0 ], [ 9.425057851858559, 54.43915510294773, 0.0 ], [ 9.424986741547199, 54.43923686787749, 0.0 ], [ 9.424986741547199, 54.43923686787749, 0.0 ] ], [ [ 9.427277160700296, 54.437573182550103, 0.0 ], [ 9.427132805850203, 54.437736219311283, 0.0 ], [ 9.427059506310085, 54.437817364129572, 0.0 ], [ 9.426985633980431, 54.437898313208088, 0.0 ], [ 9.426911219787007, 54.437979075423677, 0.0 ], [ 9.426836232986506, 54.438059659871293, 0.0 ], [ 9.426760688806931, 54.438140048521518, 0.0 ], [ 9.426684602756985, 54.43822025030574, 0.0 ], [ 9.42660794409306, 54.438300274318891, 0.0 ], [ 9.426530728043332, 54.438380102531525, 0.0 ], [ 9.42645295469911, 54.438459743929521, 0.0 ], [ 9.426415895924828, 54.438497432662004, 0.0 ], [ 9.426413973493066, 54.438499380704087, 0.0 ], [ 9.426374624151652, 54.438539207498756, 0.0 ], [ 9.426295736212035, 54.438618475264299, 0.0 ], [ 9.426216290971157, 54.438697556211949, 0.0 ], [ 9.42613628852056, 54.438776459327656, 0.0 ], [ 9.426055728671294, 54.438855166636337, 0.0 ], [ 9.425974611514601, 54.438933687123907, 0.0 ], [ 9.425892921630627, 54.439012020843606, 0.0 ], [ 9.425810689852755, 54.439090167685528, 0.0 ], [ 9.425727885436755, 54.439168136744271, 0.0 ], [ 9.425644539029571, 54.439245909936048, 0.0 ], [ 9.42556061988639, 54.439323496355435, 0.0 ], [ 9.425475724435849, 54.439400636792961, 0.0 ], [ 9.425475724435849, 54.439400636792961, 0.0 ] ], [ [ 9.424986741547199, 54.43923686787749, 0.0 ], [ 9.425475724435849, 54.439400636792961, 0.0 ] ], [ [ 9.424986741547199, 54.43923686787749, 0.0 ], [ 9.424820333797824, 54.439391980780229, 0.0 ], [ 9.42473811007444, 54.439469686477914, 0.0 ], [ 9.424656412112533, 54.439547570013744, 0.0 ], [ 9.424575270657007, 54.439625622293406, 0.0 ], [ 9.424494655060276, 54.439703861400311, 0.0 ], [ 9.42441456523135, 54.439782278348552, 0.0 ], [ 9.424335032007896, 54.43986087303081, 0.0 ], [ 9.424256024463119, 54.439939636569555, 0.0 ], [ 9.424177558203395, 54.440018586885522, 0.0 ], [ 9.424146948946387, 54.440049592675791, 0.0 ], [ 9.424099633137711, 54.440097714992845, 0.0 ], [ 9.424053235526369, 54.440145177994488, 0.0 ], [ 9.424022233849659, 54.440177020946699, 0.0 ], [ 9.423945375760033, 54.440256504693949, 0.0 ], [ 9.423869058870579, 54.440336166235582, 0.0 ], [ 9.423793267765248, 54.440416005626794, 0.0 ], [ 9.423718033190111, 54.44049601377332, 0.0 ], [ 9.423643324496362, 54.440576208758344, 0.0 ], [ 9.423569141593349, 54.44065658159586, 0.0 ], [ 9.423495515319839, 54.440737132178654, 0.0 ], [ 9.423422414841582, 54.440817860615923, 0.0 ], [ 9.423349855578746, 54.440898766854481, 0.0 ], [ 9.423277822115503, 54.440979850949375, 0.0 ], [ 9.423206345291096, 54.441061112793463, 0.0 ], [ 9.423135394270339, 54.441142552495783, 0.0 ], [ 9.423064984474555, 54.44122417000321, 0.0 ], [ 9.42299511590595, 54.441305965316673, 0.0 ], [ 9.42291925514337, 54.441400318818587, 0.0 ], [ 9.42291925514337, 54.441400318818587, 0.0 ] ], [ [ 9.425475724435849, 54.439400636792961, 0.0 ], [ 9.425337726105349, 54.439559424913575, 0.0 ], [ 9.425267620704615, 54.439638490281112, 0.0 ], [ 9.425197019886941, 54.439717386593543, 0.0 ], [ 9.425125892814009, 54.439796113958629, 0.0 ], [ 9.425054270319984, 54.439874672266861, 0.0 ], [ 9.424982121473132, 54.439953052638991, 0.0 ], [ 9.424909461783269, 54.440031264006734, 0.0 ], [ 9.424836291247555, 54.440109306369216, 0.0 ], [ 9.424762594446468, 54.440187179779755, 0.0 ], [ 9.424688402121214, 54.440264875141956, 0.0 ], [ 9.424613698944233, 54.440342401496125, 0.0 ], [ 9.424538469588663, 54.440419767882489, 0.0 ], [ 9.424493535910047, 54.44046564414294, 0.0 ], [ 9.424462744610249, 54.440496947230777, 0.0 ], [ 9.424460944129905, 54.440498777977481, 0.0 ], [ 9.424386493448859, 54.440573966609314, 0.0 ], [ 9.424309731335285, 54.440650807989066, 0.0 ], [ 9.424232458453455, 54.440727489342962, 0.0 ], [ 9.424154674615737, 54.440803992696097, 0.0 ], [ 9.424076379819764, 54.440880318047512, 0.0 ], [ 9.423997574249913, 54.44095648337013, 0.0 ], [ 9.423918242299781, 54.441032470743224, 0.0 ], [ 9.423838414897567, 54.441108289044401, 0.0 ], [ 9.423758061204305, 54.441183938380973, 0.0 ], [ 9.423677212055205, 54.441259418643689, 0.0 ], [ 9.423595836518418, 54.44133472095276, 0.0 ], [ 9.423513950103755, 54.441409854240028, 0.0 ], [ 9.42343817925302, 54.44147250067978, 0.0 ], [ 9.42343817925302, 54.44147250067978, 0.0 ] ], [ [ 9.42291925514337, 54.441400318818587, 0.0 ], [ 9.42343817925302, 54.44147250067978, 0.0 ] ], [ [ 9.42291925514337, 54.441400318818587, 0.0 ], [ 9.422908248932261, 54.44159498559732, 0.0 ], [ 9.422905395266042, 54.441686081526733, 0.0 ], [ 9.42290308115402, 54.441777166577047, 0.0 ], [ 9.422901337437738, 54.441868240640225, 0.0 ], [ 9.422900148609369, 54.441959294783416, 0.0 ], [ 9.422899499346123, 54.44205033804753, 0.0 ], [ 9.422899405070753, 54.442141370378629, 0.0 ], [ 9.422899881113503, 54.442232382735639, 0.0 ], [ 9.422900896732232, 54.442323384213623, 0.0 ], [ 9.422902467257494, 54.442414365771562, 0.0 ], [ 9.422904592785047, 54.442505336396394, 0.0 ], [ 9.422907273319037, 54.442596296088055, 0.0 ], [ 9.422910508863094, 54.442687244846496, 0.0 ], [ 9.422914283908913, 54.442778173738766, 0.0 ], [ 9.422918629391418, 54.442869091643693, 0.0 ], [ 9.422923514382751, 54.44295998968235, 0.0 ], [ 9.422928954491525, 54.443050885774475, 0.0 ], [ 9.422934949443462, 54.4431417529592, 0.0 ], [ 9.422938742380509, 54.443195537424536, 0.0 ], [ 9.422940893781071, 54.443224720515715, 0.0 ], [ 9.422941484100576, 54.443232618251251, 0.0 ], [ 9.422948589119883, 54.443323463568646, 0.0 ], [ 9.422956233759402, 54.443414298006239, 0.0 ], [ 9.422964433348914, 54.443505112522942, 0.0 ], [ 9.422973187985443, 54.443595916105615, 0.0 ], [ 9.422982482252584, 54.443686708808151, 0.0 ], [ 9.422992346993109, 54.443777490522322, 0.0 ], [ 9.423002751279135, 54.443868252369143, 0.0 ], [ 9.423013710533901, 54.443958994294441, 0.0 ], [ 9.423025224946137, 54.444049734271893, 0.0 ], [ 9.42303729433416, 54.44414045432751, 0.0 ], [ 9.423049903374883, 54.444231163502081, 0.0 ], [ 9.423063082818519, 54.444321852700398, 0.0 ], [ 9.423076801922004, 54.444412531017278, 0.0 ], [ 9.423091091528656, 54.444503198344471, 0.0 ], [ 9.42310592070938, 54.444593845802913, 0.0 ], [ 9.42312130498083, 54.4446844823253, 0.0 ], [ 9.423137259766479, 54.444775107857325, 0.0 ], [ 9.42315375413736, 54.444865713519995, 0.0 ], [ 9.423170803609487, 54.444956308245892, 0.0 ], [ 9.42318894742475, 54.445046845208054, 0.0 ], [ 9.42318894742475, 54.445046845208054, 0.0 ] ], [ [ 9.42343817925302, 54.44147250067978, 0.0 ], [ 9.423474601372046, 54.44163841263282, 0.0 ], [ 9.42349026277291, 54.441727547306535, 0.0 ], [ 9.423505384583594, 54.44181668387025, 0.0 ], [ 9.423519982404986, 54.441905840243898, 0.0 ], [ 9.423534025396403, 54.441995016535877, 0.0 ], [ 9.423547528787015, 54.442084194718433, 0.0 ], [ 9.42356049275946, 54.442173392765596, 0.0 ], [ 9.423572932635793, 54.442262601636521, 0.0 ], [ 9.423584832994118, 54.442351821385479, 0.0 ], [ 9.423596178411653, 54.442441052066776, 0.0 ], [ 9.423606999816091, 54.442530302559256, 0.0 ], [ 9.423617281691424, 54.442619563930208, 0.0 ], [ 9.423627039453976, 54.442708836125703, 0.0 ], [ 9.423636242261351, 54.442798119254121, 0.0 ], [ 9.423644921041683, 54.442887422194254, 0.0 ], [ 9.423653060186528, 54.442976727026519, 0.0 ], [ 9.423660659878163, 54.443066051724848, 0.0 ], [ 9.423667735439174, 54.443155387248304, 0.0 ], [ 9.423671531576545, 54.443206403603924, 0.0 ], [ 9.423673783716842, 54.443237824157819, 0.0 ], [ 9.423674271539731, 54.443244742638079, 0.0 ], [ 9.423680252571593, 54.443334099974493, 0.0 ], [ 9.423685724974783, 54.443423477069132, 0.0 ], [ 9.423690642394888, 54.443512865097489, 0.0 ], [ 9.423695035667416, 54.443602263951419, 0.0 ], [ 9.4236988894618, 54.443691682672046, 0.0 ], [ 9.423702203682039, 54.44378111227249, 0.0 ], [ 9.423704978231781, 54.443870543765847, 0.0 ], [ 9.423707213386043, 54.443960004112974, 0.0 ], [ 9.42370892428206, 54.444049466298964, 0.0 ], [ 9.423710095682845, 54.444138948351878, 0.0 ], [ 9.423710727398982, 54.444228432297841, 0.0 ], [ 9.423710819612829, 54.444317936110743, 0.0 ], [ 9.423710387740295, 54.444407459736425, 0.0 ], [ 9.423709400752605, 54.444496985309364, 0.0 ], [ 9.423707889671944, 54.444586530695048, 0.0 ], [ 9.423705838981874, 54.444676086960747, 0.0 ], [ 9.423703248678985, 54.444765654106448, 0.0 ], [ 9.423700103339616, 54.444855232186157, 0.0 ], [ 9.423696433893102, 54.444944830078605, 0.0 ], [ 9.423691669887466, 54.445034458773215, 0.0 ], [ 9.423691669887466, 54.445034458773215, 0.0 ] ], [ [ 9.42318894742475, 54.445046845208054, 0.0 ], [ 9.423691669887466, 54.445034458773215, 0.0 ] ], [ [ 9.42318894742475, 54.445046845208054, 0.0 ], [ 9.423185088417792, 54.445225759133443, 0.0 ], [ 9.423184284388402, 54.445315194173929, 0.0 ], [ 9.423184019877562, 54.445404609347129, 0.0 ], [ 9.423184325821321, 54.445494013531906, 0.0 ], [ 9.423185202223982, 54.445583406728176, 0.0 ], [ 9.423186633576066, 54.445672780003093, 0.0 ], [ 9.423188619973971, 54.445762142343568, 0.0 ], [ 9.423191176841817, 54.445851493695493, 0.0 ], [ 9.423194288762454, 54.445940834112896, 0.0 ], [ 9.423197955647412, 54.446030154608792, 0.0 ], [ 9.42320219292027, 54.446119455129036, 0.0 ], [ 9.423206985349742, 54.446208753701548, 0.0 ], [ 9.423212332754394, 54.446298032352367, 0.0 ], [ 9.423218250650638, 54.446387300014244, 0.0 ], [ 9.423221372694828, 54.446431299671069, 0.0 ], [ 9.423221372694828, 54.446431299671069, 0.0 ], [ 9.423224723529243, 54.446476547754244, 0.0 ], [ 9.42323175148638, 54.446565784559219, 0.0 ], [ 9.423239349946346, 54.446655010375011, 0.0 ], [ 9.423247503492366, 54.446744225255529, 0.0 ], [ 9.423256227455438, 54.446833420159699, 0.0 ], [ 9.423265491091181, 54.446922604182419, 0.0 ], [ 9.423275340572474, 54.447011768174463, 0.0 ], [ 9.423285729825881, 54.447100930271709, 0.0 ], [ 9.423296704839503, 54.447190063351037, 0.0 ], [ 9.423308219632915, 54.447279194535291, 0.0 ], [ 9.423320304865683, 54.447368305742295, 0.0 ], [ 9.423332960634147, 54.447457405958808, 0.0 ], [ 9.423346171521448, 54.447546495238697, 0.0 ], [ 9.423359937438031, 54.447635564594876, 0.0 ], [ 9.423374273901278, 54.447724622960003, 0.0 ], [ 9.423389750660025, 54.447813587450227, 0.0 ], [ 9.423389750660025, 54.447813587450227, 0.0 ] ], [ [ 9.423691669887466, 54.445034458773215, 0.0 ], [ 9.423721467829054, 54.445212544587093, 0.0 ], [ 9.423735233843066, 54.44530162292191, 0.0 ], [ 9.423748460211895, 54.445390703148355, 0.0 ], [ 9.423761116277236, 54.445479803348718, 0.0 ], [ 9.423773201942488, 54.445568914536224, 0.0 ], [ 9.423784732717223, 54.445658045643917, 0.0 ], [ 9.423795708504818, 54.445747187684965, 0.0 ], [ 9.423806113881461, 54.44583634071369, 0.0 ], [ 9.423815964356601, 54.445925513663042, 0.0 ], [ 9.423825244413447, 54.446014697600354, 0.0 ], [ 9.423833969468593, 54.446103892471612, 0.0 ], [ 9.423842139518715, 54.446193098277, 0.0 ], [ 9.423849754652554, 54.446282324003505, 0.0 ], [ 9.423856799353743, 54.446371560718497, 0.0 ], [ 9.423860060865998, 54.446415559870395, 0.0 ], [ 9.423860222878345, 54.446417806116109, 0.0 ], [ 9.423863273710696, 54.44646081740899, 0.0 ], [ 9.423869192955173, 54.446550076047039, 0.0 ], [ 9.423874557362005, 54.446639363593583, 0.0 ], [ 9.423879366648841, 54.446728653087881, 0.0 ], [ 9.42388360557724, 54.446817962558043, 0.0 ], [ 9.42388727405061, 54.446907283017161, 0.0 ], [ 9.423890402906681, 54.446996614357012, 0.0 ], [ 9.423892945972446, 54.447085965727041, 0.0 ], [ 9.423894949413611, 54.447175327977902, 0.0 ], [ 9.423896382385118, 54.447264701217911, 0.0 ], [ 9.423897244976121, 54.447354094434004, 0.0 ], [ 9.423897552510534, 54.447443498585201, 0.0 ], [ 9.423897289564232, 54.447532913725595, 0.0 ], [ 9.423896471647245, 54.447622348787988, 0.0 ], [ 9.423895083241982, 54.447711794839591, 0.0 ], [ 9.423892553207214, 54.447801199962392, 0.0 ], [ 9.423892553207214, 54.447801199962392, 0.0 ] ], [ [ 9.423389750660025, 54.447813587450227, 0.0 ], [ 9.423892553207214, 54.447801199962392, 0.0 ] ], [ [ 9.423389750660025, 54.447813587450227, 0.0 ], [ 9.423375980707858, 54.447992940487936, 0.0 ], [ 9.423370106471904, 54.448082680863706, 0.0 ], [ 9.423364756439948, 54.448172410412113, 0.0 ], [ 9.423359915101321, 54.448262120200361, 0.0 ], [ 9.423355613487653, 54.448351828094189, 0.0 ], [ 9.423351835995486, 54.448441516173922, 0.0 ], [ 9.423348567299753, 54.448531193480591, 0.0 ], [ 9.423345822825155, 54.448620859960123, 0.0 ], [ 9.42334360257513, 54.448710515612568, 0.0 ], [ 9.423341906553057, 54.448800160437933, 0.0 ], [ 9.423340719341025, 54.448889794490363, 0.0 ], [ 9.423340056270929, 54.44897940872881, 0.0 ], [ 9.423339917531846, 54.449069021127137, 0.0 ], [ 9.423340302941742, 54.449158613711546, 0.0 ], [ 9.42334119726786, 54.44924820450985, 0.0 ], [ 9.423342615749753, 54.449337775494207, 0.0 ], [ 9.4233445584835, 54.449427335651457, 0.0 ], [ 9.423347010050831, 54.449516885035656, 0.0 ], [ 9.423349985877039, 54.449606423592719, 0.0 ], [ 9.423353470543324, 54.449695951376626, 0.0 ], [ 9.42335747947522, 54.449785468333339, 0.0 ], [ 9.423362012583206, 54.449874965475786, 0.0 ], [ 9.423367054634442, 54.449964460831843, 0.0 ], [ 9.423372620868779, 54.45005393637355, 0.0 ], [ 9.42337375560386, 54.450071223868072, 0.0 ], [ 9.42337871147485, 54.450143410074681, 0.0 ], [ 9.423380620939714, 54.45017000564539, 0.0 ], [ 9.42338531084855, 54.450232864015327, 0.0 ], [ 9.423392434508274, 54.450322307128282, 0.0 ], [ 9.4234000670354, 54.450411739467526, 0.0 ], [ 9.423408223855095, 54.450501160978888, 0.0 ], [ 9.423416904970717, 54.450590571662239, 0.0 ], [ 9.423426094963837, 54.450679971571553, 0.0 ], [ 9.423435793837889, 54.450769360706694, 0.0 ], [ 9.423446032347114, 54.45085872997246, 0.0 ], [ 9.423456779837, 54.450948097450713, 0.0 ], [ 9.423468051546854, 54.451037445113357, 0.0 ], [ 9.42347983224367, 54.451126790988212, 0.0 ], [ 9.423492137167498, 54.451216117047188, 0.0 ], [ 9.423504966414781, 54.451305432277017, 0.0 ], [ 9.423518304566066, 54.451394736731622, 0.0 ], [ 9.423532167047215, 54.451484030356738, 0.0 ], [ 9.423546553861875, 54.45157331315221, 0.0 ], [ 9.423561465013508, 54.451662585117781, 0.0 ], [ 9.423576884989584, 54.451751837320494, 0.0 ], [ 9.42359284482484, 54.451841087625745, 0.0 ], [ 9.423609313491797, 54.45193031816769, 0.0 ], [ 9.423626306508767, 54.452019537878932, 0.0 ], [ 9.423643948283077, 54.452108845182444, 0.0 ], [ 9.423643948283077, 54.452108845182444, 0.0 ] ], [ [ 9.423892553207214, 54.447801199962392, 0.0 ], [ 9.423929897727966, 54.447979519778549, 0.0 ], [ 9.42394758334177, 54.448068701120114, 0.0 ], [ 9.423964729383849, 54.448157893340166, 0.0 ], [ 9.423981366786451, 54.448247105317584, 0.0 ], [ 9.423997479938755, 54.448336319132856, 0.0 ], [ 9.424013053695305, 54.448425561801194, 0.0 ], [ 9.424028118615945, 54.448514806253627, 0.0 ], [ 9.424042659368981, 54.448604061531505, 0.0 ], [ 9.424056691465774, 54.448693336567757, 0.0 ], [ 9.424070183966851, 54.448782622483996, 0.0 ], [ 9.424083167711849, 54.448871919172035, 0.0 ], [ 9.424095627368782, 54.448961235673146, 0.0 ], [ 9.424107562748327, 54.449050554013674, 0.0 ], [ 9.424118989454604, 54.449139892113458, 0.0 ], [ 9.424129891969953, 54.449229241039859, 0.0 ], [ 9.424140270383383, 54.449318609779993, 0.0 ], [ 9.424150139927603, 54.449407980305921, 0.0 ], [ 9.42415948536355, 54.449497370645844, 0.0 ], [ 9.42416830659492, 54.449586771812939, 0.0 ], [ 9.424176619039537, 54.449676183753176, 0.0 ], [ 9.424184407272811, 54.44976560652082, 0.0 ], [ 9.424191671384158, 54.449855049102922, 0.0 ], [ 9.424198354596065, 54.449943496139447, 0.0 ], [ 9.424198354596065, 54.449943496139447, 0.0 ], [ 9.424198426699069, 54.44994450245845, 0.0 ], [ 9.424204657792327, 54.450033966641676, 0.0 ], [ 9.424210380082151, 54.450123441598556, 0.0 ], [ 9.424215578236792, 54.450212936370214, 0.0 ], [ 9.424220252066329, 54.450302432982902, 0.0 ], [ 9.424224417175521, 54.450391949356337, 0.0 ], [ 9.424228058139326, 54.450481485544806, 0.0 ], [ 9.424231190189966, 54.450571023520254, 0.0 ], [ 9.424233798087974, 54.450660581310821, 0.0 ], [ 9.42423588164416, 54.450750140942688, 0.0 ], [ 9.424237456463279, 54.450839720335544, 0.0 ], [ 9.424238507119775, 54.450929319543569, 0.0 ], [ 9.424239033423934, 54.451018920592979, 0.0 ], [ 9.424239050981072, 54.451108541403407, 0.0 ], [ 9.424238544271983, 54.451198173042179, 0.0 ], [ 9.424237513293692, 54.451287815509254, 0.0 ], [ 9.424235973464931, 54.451377468750451, 0.0 ], [ 9.424233894030809, 54.451467141861045, 0.0 ], [ 9.424231321161647, 54.451556825691512, 0.0 ], [ 9.424228208587165, 54.451646520404402, 0.0 ], [ 9.424224571726123, 54.451736225945538, 0.0 ], [ 9.424220426090848, 54.451825951247542, 0.0 ], [ 9.424215756069001, 54.451915678390741, 0.0 ], [ 9.424210561843534, 54.452005425348936, 0.0 ], [ 9.42420436363353, 54.452095032037448, 0.0 ], [ 9.42420436363353, 54.452095032037448, 0.0 ] ], [ [ 9.423643948283077, 54.452108845182444, 0.0 ], [ 9.42420436363353, 54.452095032037448, 0.0 ] ], [ [ 9.423643948283077, 54.452108845182444, 0.0 ], [ 9.423635041941294, 54.452287237392525, 0.0 ], [ 9.423631799246971, 54.452376411273029, 0.0 ], [ 9.423629080730041, 54.452465565338208, 0.0 ], [ 9.423626886486883, 54.452554708574993, 0.0 ], [ 9.423625216428183, 54.452643831996539, 0.0 ], [ 9.423624086072767, 54.452732944535583, 0.0 ], [ 9.423623464671566, 54.452822055287356, 0.0 ], [ 9.423623382794982, 54.452911137182831, 0.0 ], [ 9.423623809878972, 54.453000217291006, 0.0 ], [ 9.423624776680558, 54.453089286516715, 0.0 ], [ 9.423626252263682, 54.453178335981278, 0.0 ], [ 9.423628267571065, 54.453267374563303, 0.0 ], [ 9.423630791667197, 54.453356393384126, 0.0 ], [ 9.423633855587143, 54.453445410309264, 0.0 ], [ 9.423637428302365, 54.453534407473136, 0.0 ], [ 9.423641540755439, 54.453623393754292, 0.0 ], [ 9.42364616210355, 54.45371236926097, 0.0 ], [ 9.423651307773143, 54.453801333938991, 0.0 ], [ 9.423656977674831, 54.45389027880131, 0.0 ], [ 9.423663171904924, 54.453979212834774, 0.0 ], [ 9.423663188814569, 54.453979356571416, 0.0 ], [ 9.423663188814569, 54.453979356571416, 0.0 ], [ 9.423669890466652, 54.454068136039375, 0.0 ], [ 9.42367713336359, 54.454157048414913, 0.0 ], [ 9.423684900506229, 54.454245940974452, 0.0 ], [ 9.423693191990932, 54.454334822704766, 0.0 ], [ 9.423702007820646, 54.454423693605733, 0.0 ], [ 9.423711332575818, 54.454512553731398, 0.0 ], [ 9.423721197013592, 54.454601393986408, 0.0 ], [ 9.423731585899835, 54.454690232398661, 0.0 ], [ 9.423742483628704, 54.454779051048256, 0.0 ], [ 9.423753921050388, 54.454867849826783, 0.0 ], [ 9.423765867506816, 54.454956646816235, 0.0 ], [ 9.423778353663371, 54.455045423934294, 0.0 ], [ 9.423791348768567, 54.455134190276013, 0.0 ], [ 9.423804883673503, 54.455222945732935, 0.0 ], [ 9.423818927533796, 54.455311690413161, 0.0 ], [ 9.423833511107727, 54.455400415221291, 0.0 ], [ 9.423848619067723, 54.45548912919822, 0.0 ], [ 9.423864251417173, 54.455577832343685, 0.0 ], [ 9.423880408159581, 54.455666524657531, 0.0 ], [ 9.423897089205136, 54.455755197152627, 0.0 ], [ 9.423915158121101, 54.455843828821919, 0.0 ], [ 9.423915158121101, 54.455843828821919, 0.0 ] ], [ [ 9.42420436363353, 54.452095032037448, 0.0 ], [ 9.42423875735075, 54.452272355437195, 0.0 ], [ 9.42425491356283, 54.452361047750543, 0.0 ], [ 9.424270545562839, 54.452449750890111, 0.0 ], [ 9.424285668770112, 54.452538464801904, 0.0 ], [ 9.424300236912641, 54.452627189648744, 0.0 ], [ 9.424314296348822, 54.452715934255131, 0.0 ], [ 9.424327831559388, 54.452804689688548, 0.0 ], [ 9.424340842540492, 54.452893455949138, 0.0 ], [ 9.424353313866316, 54.452982233091312, 0.0 ], [ 9.424365276472153, 54.453071029993758, 0.0 ], [ 9.424376714838992, 54.453159837723909, 0.0 ], [ 9.424387613539817, 54.453248656336115, 0.0 ], [ 9.424398003417521, 54.453337485722102, 0.0 ], [ 9.424407869045929, 54.453426325936263, 0.0 ], [ 9.4244172105146, 54.453515185965628, 0.0 ], [ 9.424426012303545, 54.453604056877602, 0.0 ], [ 9.424434305256264, 54.453692938563883, 0.0 ], [ 9.42444207403895, 54.453781840065716, 0.0 ], [ 9.424449318461869, 54.453870743409389, 0.0 ], [ 9.424456038708184, 54.453959666568828, 0.0 ], [ 9.424456055620654, 54.453959810305328, 0.0 ], [ 9.424456055620654, 54.453959810305328, 0.0 ], [ 9.424462234681185, 54.454048600557215, 0.0 ], [ 9.424467906470957, 54.454137554361523, 0.0 ], [ 9.424473053887231, 54.454226510008027, 0.0 ], [ 9.42447769253657, 54.454315485416416, 0.0 ], [ 9.424481791475625, 54.454404471708258, 0.0 ], [ 9.424485366124452, 54.454493468829405, 0.0 ], [ 9.424488431996402, 54.454582485712585, 0.0 ], [ 9.424490958054418, 54.454671504492481, 0.0 ], [ 9.424492975328691, 54.45476054303451, 0.0 ], [ 9.424494452968675, 54.454849601447172, 0.0 ], [ 9.42449542163174, 54.454938661648164, 0.0 ], [ 9.424495850653512, 54.455027741719817, 0.0 ], [ 9.424495770784986, 54.455116832566773, 0.0 ], [ 9.424495151175117, 54.455205934297474, 0.0 ], [ 9.424494022668188, 54.455295046803485, 0.0 ], [ 9.424492354506114, 54.455384179180172, 0.0 ], [ 9.424490162015983, 54.455473322386318, 0.0 ], [ 9.424487445194723, 54.45556247642196, 0.0 ], [ 9.424484204038801, 54.455651641287055, 0.0 ], [ 9.424480438544967, 54.45574081698156, 0.0 ], [ 9.424475624383176, 54.455830014336215, 0.0 ], [ 9.424475624383176, 54.455830014336215, 0.0 ] ], [ [ 9.423915158121101, 54.455843828821919, 0.0 ], [ 9.424475624383176, 54.455830014336215, 0.0 ] ], [ [ 9.423915158121101, 54.455843828821919, 0.0 ], [ 9.42390416672348, 54.456023405592411, 0.0 ], [ 9.42389952689396, 54.456113177489229, 0.0 ], [ 9.423895395859086, 54.456202929623522, 0.0 ], [ 9.423891789232441, 54.456292679915023, 0.0 ], [ 9.423888706831479, 54.456382410389978, 0.0 ], [ 9.423886148659697, 54.456472121048392, 0.0 ], [ 9.423884099482011, 54.456561829918279, 0.0 ], [ 9.423882574540093, 54.456651518971682, 0.0 ], [ 9.423881573930808, 54.45674119719552, 0.0 ], [ 9.423881082232514, 54.456830864643969, 0.0 ], [ 9.423881114873605, 54.456920521262866, 0.0 ], [ 9.423881671764438, 54.457010158065302, 0.0 ], [ 9.423882737669313, 54.457099793079209, 0.0 ], [ 9.423884327830846, 54.457189408276648, 0.0 ], [ 9.423886426827565, 54.45727900371169, 0.0 ], [ 9.42388905027345, 54.457368597304026, 0.0 ], [ 9.423892182561479, 54.457458171133894, 0.0 ], [ 9.423895839212156, 54.457547734134018, 0.0 ], [ 9.423900020229542, 54.457637286304411, 0.0 ], [ 9.423904710191822, 54.457726827699084, 0.0 ], [ 9.423909909102495, 54.457816358318006, 0.0 ], [ 9.423915632296822, 54.457905869120033, 0.0 ], [ 9.423921737135718, 54.457993500247049, 0.0 ], [ 9.423921879871093, 54.457995369091968, 0.0 ], [ 9.423921899200568, 54.457995746488251, 0.0 ], [ 9.423928636403984, 54.458084858287954, 0.0 ], [ 9.423935901805489, 54.458174327720954, 0.0 ], [ 9.423943707115221, 54.458263795256372, 0.0 ], [ 9.423952005875496, 54.458353243082733, 0.0 ], [ 9.423960829032744, 54.458442680078527, 0.0 ], [ 9.423970176590272, 54.458532106243652, 0.0 ], [ 9.4239800330335, 54.458621512645237, 0.0 ], [ 9.423990413976775, 54.458710917202801, 0.0 ], [ 9.424001319237524, 54.458800301942382, 0.0 ], [ 9.424012718061828, 54.458889675959043, 0.0 ], [ 9.424024656635781, 54.458979030103279, 0.0 ], [ 9.424037104297817, 54.459068382457062, 0.0 ], [ 9.424050076291069, 54.459157714992216, 0.0 ], [ 9.424063557286374, 54.459247036749687, 0.0 ], [ 9.424077562712666, 54.459336347675098, 0.0 ], [ 9.424092092479876, 54.459425638781376, 0.0 ], [ 9.424107131352343, 54.459514928096283, 0.0 ], [ 9.424122709998374, 54.459604197537487, 0.0 ], [ 9.424138782237804, 54.459693456254215, 0.0 ], [ 9.424155394257372, 54.459782695096756, 0.0 ], [ 9.424172515395583, 54.459871932147145, 0.0 ], [ 9.424190176320979, 54.45996114932295, 0.0 ], [ 9.424208346278723, 54.460050355719204, 0.0 ], [ 9.424227086323803, 54.460139488210451, 0.0 ], [ 9.424227086323803, 54.460139488210451, 0.0 ] ], [ [ 9.424475624383176, 54.455830014336215, 0.0 ], [ 9.424512964249807, 54.45600840566626, 0.0 ], [ 9.424530608783332, 54.456097622905418, 0.0 ], [ 9.424547729064079, 54.456186850971676, 0.0 ], [ 9.424564340605825, 54.456276098797851, 0.0 ], [ 9.424580427887999, 54.456365357451567, 0.0 ], [ 9.42459599090685, 54.456454626932995, 0.0 ], [ 9.424611045083825, 54.456543907188085, 0.0 ], [ 9.424625559659539, 54.456633207312471, 0.0 ], [ 9.424639565386345, 54.456722518210938, 0.0 ], [ 9.42465306226099, 54.456811839883635, 0.0 ], [ 9.424666034855459, 54.456901172385045, 0.0 ], [ 9.424678483166566, 54.456990515715304, 0.0 ], [ 9.42469040728416, 54.457079878861535, 0.0 ], [ 9.424701822536147, 54.457169252782649, 0.0 ], [ 9.424712728918919, 54.457258637478837, 0.0 ], [ 9.424723111005042, 54.457348033004543, 0.0 ], [ 9.424732968883617, 54.457437448346781, 0.0 ], [ 9.424742317883302, 54.457526874464484, 0.0 ], [ 9.424751142575918, 54.457616311412096, 0.0 ], [ 9.424759442958045, 54.457705759189714, 0.0 ], [ 9.42476724987571, 54.45779521768889, 0.0 ], [ 9.424774517144442, 54.457884696059494, 0.0 ], [ 9.42478114816786, 54.457972316307966, 0.0 ], [ 9.424781275517423, 54.45797418520614, 0.0 ], [ 9.424781310279613, 54.457974562547953, 0.0 ], [ 9.424787524991098, 54.45806368512892, 0.0 ], [ 9.424793250137428, 54.458153195882176, 0.0 ], [ 9.424798450952816, 54.458242717466057, 0.0 ], [ 9.424803142952303, 54.458332258813215, 0.0 ], [ 9.424807326038932, 54.458421810936805, 0.0 ], [ 9.424810984784529, 54.458511373891177, 0.0 ], [ 9.424814119279006, 54.45860095666329, 0.0 ], [ 9.424816744757328, 54.458690541225103, 0.0 ], [ 9.424818845977738, 54.458780145604742, 0.0 ], [ 9.424820422843451, 54.458869760815311, 0.0 ], [ 9.424821490776342, 54.458959386802576, 0.0 ], [ 9.424822049866195, 54.459049032553494, 0.0 ], [ 9.424822084497944, 54.459138680148477, 0.0 ], [ 9.424821594854571, 54.459228347561407, 0.0 ], [ 9.42482058083934, 54.459318025805331, 0.0 ], [ 9.424819057967582, 54.459407723812937, 0.0 ], [ 9.424817010624203, 54.459497423664558, 0.0 ], [ 9.42481443899195, 54.45958714333409, 0.0 ], [ 9.424811358399777, 54.459676873780282, 0.0 ], [ 9.424807753419021, 54.459766615057376, 0.0 ], [ 9.424803624138837, 54.459856376152288, 0.0 ], [ 9.424798970370059, 54.45994613909108, 0.0 ], [ 9.42479380772067, 54.460035921793256, 0.0 ], [ 9.424787657431809, 54.460125672019807, 0.0 ], [ 9.424787657431809, 54.460125672019807, 0.0 ] ], [ [ 9.424227086323803, 54.460139488210451, 0.0 ], [ 9.424787657431809, 54.460125672019807, 0.0 ] ], [ [ 9.424227086323803, 54.460139488210451, 0.0 ], [ 9.424218394147177, 54.460319101739415, 0.0 ], [ 9.424215297244153, 54.460408877150712, 0.0 ], [ 9.42421274014006, 54.460498641676672, 0.0 ], [ 9.424210722745903, 54.460588386330443, 0.0 ], [ 9.424209245158055, 54.460678120098912, 0.0 ], [ 9.424208291954184, 54.460767843036336, 0.0 ], [ 9.424207878563523, 54.460857555088509, 0.0 ], [ 9.424208004989845, 54.460947256255416, 0.0 ], [ 9.424208655717489, 54.461036937604341, 0.0 ], [ 9.424209830842948, 54.461126608122214, 0.0 ], [ 9.424211545795815, 54.461216267754786, 0.0 ], [ 9.424213800486516, 54.461305907515118, 0.0 ], [ 9.424216579585474, 54.461395536444272, 0.0 ], [ 9.424219898522326, 54.461485154488052, 0.0 ], [ 9.4242237418746, 54.461574761700568, 0.0 ], [ 9.424228124978367, 54.461664349040674, 0.0 ], [ 9.42423303250437, 54.461753925549409, 0.0 ], [ 9.424238479882378, 54.461843491172459, 0.0 ], [ 9.424244451689439, 54.461933045964038, 0.0 ], [ 9.424247521451933, 54.461976236817513, 0.0 ], [ 9.424247683551394, 54.461978483056747, 0.0 ], [ 9.424250947929043, 54.462022589923983, 0.0 ], [ 9.424257999364183, 54.462112113956927, 0.0 ], [ 9.4242655598125, 54.462201627212281, 0.0 ], [ 9.424273660037075, 54.462291120594635, 0.0 ], [ 9.424282300227693, 54.462380612077659, 0.0 ], [ 9.424291464774761, 54.46247008374165, 0.0 ], [ 9.424301169201897, 54.462559544519173, 0.0 ], [ 9.424311398085697, 54.462648994464331, 0.0 ], [ 9.424322151336561, 54.462738424590022, 0.0 ], [ 9.424333444477803, 54.462827843828826, 0.0 ], [ 9.424345277512945, 54.462917252180603, 0.0 ], [ 9.42435763501828, 54.463006649699388, 0.0 ], [ 9.424370532331677, 54.463096027343873, 0.0 ], [ 9.424383969549115, 54.463185394100783, 0.0 ], [ 9.424397931247526, 54.463274750024205, 0.0 ], [ 9.424412417430267, 54.463364095113924, 0.0 ], [ 9.424427443434583, 54.463453420328584, 0.0 ], [ 9.42444300935732, 54.463542734654922, 0.0 ], [ 9.424459115201474, 54.463632038092705, 0.0 ], [ 9.42447574554398, 54.463721330695968, 0.0 ], [ 9.424493685773525, 54.463810474894707, 0.0 ], [ 9.424493685773525, 54.463810474894707, 0.0 ] ], [ [ 9.424787657431809, 54.460125672019807, 0.0 ], [ 9.424821980795484, 54.460304226532749, 0.0 ], [ 9.424838086155491, 54.460393529968862, 0.0 ], [ 9.42485363634971, 54.460482844342458, 0.0 ], [ 9.424868662225947, 54.460572169545202, 0.0 ], [ 9.424883163873995, 54.460661514564165, 0.0 ], [ 9.424897125771439, 54.460750870466946, 0.0 ], [ 9.424910547914822, 54.460840237253748, 0.0 ], [ 9.424923445726158, 54.460929614870444, 0.0 ], [ 9.424935803869852, 54.46101901235842, 0.0 ], [ 9.424947622248666, 54.461108420730966, 0.0 ], [ 9.424958916285396, 54.461197839933881, 0.0 ], [ 9.424969670550446, 54.461287270021678, 0.0 ], [ 9.424979900559846, 54.461376719927067, 0.0 ], [ 9.424989606216958, 54.461466180663351, 0.0 ], [ 9.424998756665451, 54.461555652339186, 0.0 ], [ 9.425007398274222, 54.461645143778753, 0.0 ], [ 9.425015484574557, 54.461734637171205, 0.0 ], [ 9.425023062027865, 54.461824150327658, 0.0 ], [ 9.425030099778514, 54.46191368335672, 0.0 ], [ 9.425033293684708, 54.461956864767565, 0.0 ], [ 9.425033293684708, 54.461956864767565, 0.0 ], [ 9.42503659763633, 54.46200321828475, 0.0 ], [ 9.425042571210801, 54.462092773031337, 0.0 ], [ 9.425048004978802, 54.462182338663922, 0.0 ], [ 9.425052914363006, 54.462271915128312, 0.0 ], [ 9.425057283933802, 54.462361502478878, 0.0 ], [ 9.425061129207462, 54.462451109648285, 0.0 ], [ 9.425064450086909, 54.462540727649696, 0.0 ], [ 9.425067215715798, 54.462630356591724, 0.0 ], [ 9.425069472463722, 54.462720005298451, 0.0 ], [ 9.425071189287348, 54.462809655904678, 0.0 ], [ 9.425072366369749, 54.462899326384267, 0.0 ], [ 9.425073019134036, 54.46298901668294, 0.0 ], [ 9.425073131963472, 54.463078708881177, 0.0 ], [ 9.425072705041078, 54.463168420952826, 0.0 ], [ 9.425071753697036, 54.463258143856649, 0.0 ], [ 9.425070277927562, 54.463347877592668, 0.0 ], [ 9.425068246968888, 54.463437631256369, 0.0 ], [ 9.425065691484795, 54.463527386765286, 0.0 ], [ 9.425062611658166, 54.46361716209325, 0.0 ], [ 9.425058976631778, 54.463706957348812, 0.0 ], [ 9.425054353230909, 54.463796657222872, 0.0 ], [ 9.425054353230909, 54.463796657222872, 0.0 ] ], [ [ 9.424493685773525, 54.463810474894707, 0.0 ], [ 9.425054353230909, 54.463796657222872, 0.0 ] ], [ [ 9.424493685773525, 54.463810474894707, 0.0 ], [ 9.424483255987465, 54.463989105847688, 0.0 ], [ 9.424478889371716, 54.464078400365075, 0.0 ], [ 9.42447504717077, 54.464167684050075, 0.0 ], [ 9.424471713867522, 54.464256947970057, 0.0 ], [ 9.424468905078701, 54.464346210044617, 0.0 ], [ 9.424466605194526, 54.464435452354223, 0.0 ], [ 9.424464829738785, 54.464524683831591, 0.0 ], [ 9.424463578621548, 54.464613895489805, 0.0 ], [ 9.424462836605249, 54.464703105356925, 0.0 ], [ 9.424462603506905, 54.464792295459155, 0.0 ], [ 9.424462894850379, 54.464881474729175, 0.0 ], [ 9.424463695211639, 54.464970643221186, 0.0 ], [ 9.424465019928423, 54.465059791894021, 0.0 ], [ 9.424466853762992, 54.465148938775734, 0.0 ], [ 9.42446919653201, 54.46523806589245, 0.0 ], [ 9.42447206375968, 54.465327182176864, 0.0 ], [ 9.424475440022142, 54.465416287683105, 0.0 ], [ 9.424479340656658, 54.465505373370021, 0.0 ], [ 9.424483750332545, 54.465594448278672, 0.0 ], [ 9.424488669146015, 54.465683521395924, 0.0 ], [ 9.424494112342158, 54.465772574693659, 0.0 ], [ 9.42450006449608, 54.465861608226049, 0.0 ], [ 9.424503225485159, 54.465906101873465, 0.0 ], [ 9.424503225485159, 54.465906101873465, 0.0 ], [ 9.424506525797872, 54.465950639966778, 0.0 ], [ 9.424513511491915, 54.466039651887769, 0.0 ], [ 9.424521006247492, 54.466128653030026, 0.0 ], [ 9.424529010067451, 54.466217643393477, 0.0 ], [ 9.424537538383051, 54.466306622923753, 0.0 ], [ 9.424546575676743, 54.466395582688079, 0.0 ], [ 9.424556137473163, 54.466484531618995, 0.0 ], [ 9.424566208347086, 54.46657346977063, 0.0 ], [ 9.42457678830233, 54.466662397142855, 0.0 ], [ 9.424587892770209, 54.466751313681243, 0.0 ], [ 9.424599506232923, 54.466840210453064, 0.0 ], [ 9.424611644214595, 54.466929096390722, 0.0 ], [ 9.424624291290982, 54.467017971548394, 0.0 ], [ 9.424637462893577, 54.46710683587159, 0.0 ], [ 9.424651143503802, 54.467195680427544, 0.0 ], [ 9.424665348740303, 54.467284523135589, 0.0 ], [ 9.424680062991147, 54.467373346075995, 0.0 ], [ 9.42469530178176, 54.467462158181227, 0.0 ], [ 9.424711049593473, 54.467550950518429, 0.0 ], [ 9.424727322044685, 54.467639741006948, 0.0 ], [ 9.42474411895253, 54.467728511672725, 0.0 ], [ 9.424761424984547, 54.467817271556783, 0.0 ], [ 9.424779255573041, 54.467906020604516, 0.0 ], [ 9.424797655982132, 54.467994659797057, 0.0 ], [ 9.424797655982132, 54.467994659797057, 0.0 ] ], [ [ 9.425054353230909, 54.463796657222872, 0.0 ], [ 9.425090999223636, 54.463974124913513, 0.0 ], [ 9.425108304378936, 54.464062884804719, 0.0 ], [ 9.42512508517809, 54.464151655525768, 0.0 ], [ 9.425141357137514, 54.464240446009484, 0.0 ], [ 9.425157104640753, 54.464329238336568, 0.0 ], [ 9.425172343298085, 54.46441805042668, 0.0 ], [ 9.4251870575855, 54.46450687334756, 0.0 ], [ 9.425201247592941, 54.464595716086201, 0.0 ], [ 9.425214928557681, 54.464684560614678, 0.0 ], [ 9.425228100663341, 54.464773424907015, 0.0 ], [ 9.425240748385699, 54.464862300030774, 0.0 ], [ 9.425252887148915, 54.46495118593181, 0.0 ], [ 9.425264501522044, 54.465040082664586, 0.0 ], [ 9.42527560702267, 54.465128999161905, 0.0 ], [ 9.425286188126538, 54.465217926491228, 0.0 ], [ 9.425296260257879, 54.465306864598467, 0.0 ], [ 9.425305823413625, 54.465395813483674, 0.0 ], [ 9.425314862162194, 54.465484773201403, 0.0 ], [ 9.425323392021747, 54.465573752684264, 0.0 ], [ 9.425331412895499, 54.465662742945469, 0.0 ], [ 9.425338909352341, 54.465751744039515, 0.0 ], [ 9.425345896816761, 54.465840755912133, 0.0 ], [ 9.425349197572343, 54.465885249046799, 0.0 ], [ 9.425349197572343, 54.465885249046799, 0.0 ], [ 9.425352375378655, 54.465929787550309, 0.0 ], [ 9.425358329420344, 54.466018821034702, 0.0 ], [ 9.425363759125007, 54.466107874339187, 0.0 ], [ 9.425368695251732, 54.466196938368221, 0.0 ], [ 9.425373107034517, 54.466286022217517, 0.0 ], [ 9.42537699428364, 54.466375107913287, 0.0 ], [ 9.425380388038306, 54.46646421332067, 0.0 ], [ 9.425383241917842, 54.466553329615934, 0.0 ], [ 9.425385602202796, 54.466642456636038, 0.0 ], [ 9.425387438127055, 54.466731603476632, 0.0 ], [ 9.425388749500657, 54.466820752163933, 0.0 ], [ 9.425389551935083, 54.466909920617383, 0.0 ], [ 9.425389845333681, 54.466999099850142, 0.0 ], [ 9.425389614264713, 54.467088289916532, 0.0 ], [ 9.425388874246545, 54.467177499749141, 0.0 ], [ 9.425387609660927, 54.467266711428508, 0.0 ], [ 9.425385820690705, 54.467355942928421, 0.0 ], [ 9.425383522667904, 54.46744518520758, 0.0 ], [ 9.425380715682182, 54.467534447252909, 0.0 ], [ 9.425377384115505, 54.46762371114491, 0.0 ], [ 9.425373528150766, 54.467712994857322, 0.0 ], [ 9.425369147691377, 54.46780228940321, 0.0 ], [ 9.425364258162686, 54.467891594728229, 0.0 ], [ 9.425358411383074, 54.467980840513256, 0.0 ], [ 9.425358411383074, 54.467980840513256, 0.0 ] ], [ [ 9.424797655982132, 54.467994659797057, 0.0 ], [ 9.425358411383074, 54.467980840513256, 0.0 ] ], [ [ 9.424797655982132, 54.467994659797057, 0.0 ], [ 9.424789051138189, 54.468176645455308, 0.0 ], [ 9.424786028997692, 54.468267606816362, 0.0 ], [ 9.424783546760041, 54.468358557289321, 0.0 ], [ 9.424781635193034, 54.468449487778777, 0.0 ], [ 9.424780263535853, 54.468540407380218, 0.0 ], [ 9.424779431792492, 54.468631316093628, 0.0 ], [ 9.424779170824156, 54.46872221381048, 0.0 ], [ 9.424779449683578, 54.468813091652414, 0.0 ], [ 9.424780268467558, 54.468903958606326, 0.0 ], [ 9.424781657944461, 54.468994805576749, 0.0 ], [ 9.42478357201761, 54.469085650700258, 0.0 ], [ 9.424786056790657, 54.46917647584025, 0.0 ], [ 9.42478908150304, 54.469267290092084, 0.0 ], [ 9.424792661494061, 54.469358084414544, 0.0 ], [ 9.42479678143142, 54.469448867848783, 0.0 ], [ 9.424801456747927, 54.469539640340443, 0.0 ], [ 9.424806672017775, 54.469630401943739, 0.0 ], [ 9.42481244258097, 54.469721143617392, 0.0 ], [ 9.424818714790371, 54.469811155559412, 0.0 ], [ 9.424818714790371, 54.469811155559412, 0.0 ], [ 9.424818768534287, 54.469811874348252, 0.0 ], [ 9.424825634452105, 54.469902594190479, 0.0 ], [ 9.424833040244721, 54.469993294157071, 0.0 ], [ 9.424841016867678, 54.470083983126287, 0.0 ], [ 9.424849533465764, 54.470174661206563, 0.0 ], [ 9.424858590043074, 54.470265328397758, 0.0 ], [ 9.424868201938853, 54.470355975658585, 0.0 ], [ 9.42487836925023, 54.470446611975795, 0.0 ], [ 9.424889076458156, 54.470537228416653, 0.0 ], [ 9.424900339182306, 54.470627842900477, 0.0 ], [ 9.424912141810097, 54.470718437507628, 0.0 ], [ 9.424924499867972, 54.470809021170538, 0.0 ], [ 9.424937413266761, 54.470899584902121, 0.0 ], [ 9.424950882102857, 54.470990137689121, 0.0 ], [ 9.424964890950349, 54.471080679585626, 0.0 ], [ 9.424979455242472, 54.471171210537129, 0.0 ], [ 9.424994574889974, 54.47126172155658, 0.0 ], [ 9.42501023455975, 54.471352221684882, 0.0 ], [ 9.425026465114904, 54.471442710813257, 0.0 ], [ 9.425043235606605, 54.471533180063183, 0.0 ], [ 9.42506137870004, 54.471623572580022, 0.0 ], [ 9.42506137870004, 54.471623572580022, 0.0 ] ], [ [ 9.425358411383074, 54.467980840513256, 0.0 ], [ 9.425393046246084, 54.468161757190586, 0.0 ], [ 9.425409260917171, 54.468252246370618, 0.0 ], [ 9.425424920317235, 54.468342746490848, 0.0 ], [ 9.425440024443022, 54.468433257551553, 0.0 ], [ 9.425454588812714, 54.468523788485413, 0.0 ], [ 9.425468597900412, 54.468614330360126, 0.0 ], [ 9.425482051702971, 54.468704883175903, 0.0 ], [ 9.425494965738627, 54.468795455865447, 0.0 ], [ 9.425507324388521, 54.468886030509509, 0.0 ], [ 9.425519127835246, 54.468976625082078, 0.0 ], [ 9.425530391504363, 54.469067239528954, 0.0 ], [ 9.425541099869687, 54.469157864917754, 0.0 ], [ 9.425551252927946, 54.469248501248636, 0.0 ], [ 9.425560866104444, 54.469339148467348, 0.0 ], [ 9.425569939395499, 54.469429806574055, 0.0 ], [ 9.425578457461816, 54.469520484610165, 0.0 ], [ 9.425586420206223, 54.469611173588881, 0.0 ], [ 9.425593827718604, 54.469701882497212, 0.0 ], [ 9.4256006569095, 54.469791874464292, 0.0 ], [ 9.4256006569095, 54.469791874464292, 0.0 ], [ 9.425600710667037, 54.469792593252755, 0.0 ], [ 9.425607022946814, 54.469883323992484, 0.0 ], [ 9.425612795412707, 54.469974074607777, 0.0 ], [ 9.425618012445391, 54.470064827179264, 0.0 ], [ 9.42562268965691, 54.470155599626487, 0.0 ], [ 9.425626811521141, 54.470246383016956, 0.0 ], [ 9.425630393557441, 54.470337186283246, 0.0 ], [ 9.425633420238754, 54.47042800049293, 0.0 ], [ 9.425635891561678, 54.470518825646046, 0.0 ], [ 9.42563782295227, 54.470609661688243, 0.0 ], [ 9.425639199070741, 54.470700517660816, 0.0 ], [ 9.425640019726313, 54.470791375590039, 0.0 ], [ 9.425640300625398, 54.470882262382176, 0.0 ], [ 9.425640026054156, 54.470973151130998, 0.0 ], [ 9.425639196196096, 54.471064059810267, 0.0 ], [ 9.425637826383898, 54.471154979378689, 0.0 ], [ 9.425635901277333, 54.471245918877543, 0.0 ], [ 9.425633420686133, 54.471336860333018, 0.0 ], [ 9.425630384793111, 54.471427821718869, 0.0 ], [ 9.425626793594454, 54.471518803035089, 0.0 ], [ 9.425622183625748, 54.471609751991863, 0.0 ], [ 9.425622183625748, 54.471609751991863, 0.0 ] ], [ [ 9.42506137870004, 54.471623572580022, 0.0 ], [ 9.425622183625748, 54.471609751991863, 0.0 ] ], [ [ 9.42506137870004, 54.471623572580022, 0.0 ], [ 9.425050855507832, 54.471802059884958, 0.0 ], [ 9.425046457779759, 54.471891282519771, 0.0 ], [ 9.425042584566169, 54.471980494319553, 0.0 ], [ 9.425039220440365, 54.472069695338689, 0.0 ], [ 9.4250363807421, 54.472158876535971, 0.0 ], [ 9.425034065568756, 54.472248046898351, 0.0 ], [ 9.425032259492735, 54.472337206480177, 0.0 ], [ 9.425030977948474, 54.472426355227114, 0.0 ], [ 9.425030205415201, 54.472515484206625, 0.0 ], [ 9.425029957513104, 54.472604611338191, 0.0 ], [ 9.42503023405952, 54.47269371864801, 0.0 ], [ 9.425031019720405, 54.472782815177261, 0.0 ], [ 9.425032314405858, 54.472871891939072, 0.0 ], [ 9.425034133736261, 54.472960966852852, 0.0 ], [ 9.425036477528424, 54.473050021944836, 0.0 ], [ 9.425039330448566, 54.473139066256159, 0.0 ], [ 9.425042692500007, 54.47322809978678, 0.0 ], [ 9.42504657902337, 54.47331711349549, 0.0 ], [ 9.425050990208508, 54.473406125355943, 0.0 ], [ 9.425055910441619, 54.473495117448664, 0.0 ], [ 9.425061339819234, 54.473584098760455, 0.0 ], [ 9.425067293682448, 54.473673060250036, 0.0 ], [ 9.42507041891669, 54.473716960796644, 0.0 ], [ 9.42507041891669, 54.473716960796644, 0.0 ], [ 9.425073756790249, 54.473762019945426, 0.0 ], [ 9.425080744390282, 54.473850959818442, 0.0 ], [ 9.425088241148012, 54.473939888910202, 0.0 ], [ 9.425096247067145, 54.474028807220591, 0.0 ], [ 9.425104793012945, 54.474117714640833, 0.0 ], [ 9.425113832602213, 54.47420660234696, 0.0 ], [ 9.425123396793879, 54.474295479217048, 0.0 ], [ 9.425133485591457, 54.474384345250954, 0.0 ], [ 9.425144083566757, 54.474473200502906, 0.0 ], [ 9.425155190630052, 54.474562035985848, 0.0 ], [ 9.425166822402295, 54.474650869619111, 0.0 ], [ 9.425178978700496, 54.47473968342873, 0.0 ], [ 9.425191644190257, 54.474828486455756, 0.0 ], [ 9.425204818874187, 54.474917278700083, 0.0 ], [ 9.425218533525577, 54.475006051065904, 0.0 ], [ 9.425232741946941, 54.475094812702984, 0.0 ], [ 9.425247490435522, 54.475183563448077, 0.0 ], [ 9.42526274813217, 54.475272303409753, 0.0 ], [ 9.425278530471472, 54.47536103253335, 0.0 ], [ 9.42529482193209, 54.47544974188618, 0.0 ], [ 9.425311653473674, 54.475538440346227, 0.0 ], [ 9.425328994236622, 54.475627128021962, 0.0 ], [ 9.42534684422434, 54.475715804913136, 0.0 ], [ 9.42536487937587, 54.475804472161066, 0.0 ], [ 9.42536487937587, 54.475804472161066, 0.0 ] ], [ [ 9.425622183625748, 54.471609751991863, 0.0 ], [ 9.425658945753289, 54.471787075092116, 0.0 ], [ 9.425676270207219, 54.471875762829164, 0.0 ], [ 9.42569308563561, 54.471964461344292, 0.0 ], [ 9.425709376604138, 54.472053170692092, 0.0 ], [ 9.425725143203465, 54.4721418998597, 0.0 ], [ 9.42574040076674, 54.472230639806078, 0.0 ], [ 9.425755133860571, 54.472319390585724, 0.0 ], [ 9.425769342481278, 54.472408152198888, 0.0 ], [ 9.425783042149531, 54.472496933578277, 0.0 ], [ 9.425796232675278, 54.472585716750224, 0.0 ], [ 9.42580889881101, 54.472674519743165, 0.0 ], [ 9.425821040460638, 54.47276333357032, 0.0 ], [ 9.425832673144344, 54.472852167164348, 0.0 ], [ 9.425843781241481, 54.472941002606035, 0.0 ], [ 9.42585438036615, 54.473029857814915, 0.0 ], [ 9.425864454991146, 54.473118723858633, 0.0 ], [ 9.425874020543324, 54.47320760068289, 0.0 ], [ 9.425883061682383, 54.473296497329173, 0.0 ], [ 9.425891593648725, 54.473385395769355, 0.0 ], [ 9.425899601195209, 54.473474314031776, 0.0 ], [ 9.425907099655477, 54.473563243075219, 0.0 ], [ 9.425914089026685, 54.473652182899805, 0.0 ], [ 9.425917338612217, 54.473696082987594, 0.0 ], [ 9.425917338612217, 54.473696082987594, 0.0 ], [ 9.42592055396802, 54.473741142546906, 0.0 ], [ 9.425926509813326, 54.473830112975357, 0.0 ], [ 9.425931941128482, 54.473919094239612, 0.0 ], [ 9.425936847910251, 54.474008086339765, 0.0 ], [ 9.425941261016753, 54.474097089167003, 0.0 ], [ 9.425945134245572, 54.474186111871624, 0.0 ], [ 9.425948513699138, 54.474275136316571, 0.0 ], [ 9.425951353268252, 54.474364180638972, 0.0 ], [ 9.42595369924245, 54.474453244675573, 0.0 ], [ 9.425955505138345, 54.474542310615902, 0.0 ], [ 9.425956817432924, 54.474631396270524, 0.0 ], [ 9.425957589735562, 54.474720492815827, 0.0 ], [ 9.425957868336535, 54.474809600088555, 0.0 ], [ 9.425957606939248, 54.474898718252014, 0.0 ], [ 9.425956836402152, 54.474987847197291, 0.0 ], [ 9.425955541384505, 54.475076995965765, 0.0 ], [ 9.425953737220686, 54.475166155516092, 0.0 ], [ 9.425951408475937, 54.475255325902637, 0.0 ], [ 9.42594857067167, 54.475344516057909, 0.0 ], [ 9.425945208186267, 54.475433708062475, 0.0 ], [ 9.425941321203204, 54.475522919890089, 0.0 ], [ 9.425936909625577, 54.475612142553842, 0.0 ], [ 9.425931973450012, 54.475701376053649, 0.0 ], [ 9.425926111638271, 54.475790639778381, 0.0 ], [ 9.425926111638271, 54.475790639778381, 0.0 ] ], [ [ 9.42536487937587, 54.475804472161066, 0.0 ], [ 9.425926111638271, 54.475790639778381, 0.0 ] ], [ [ 9.42536487937587, 54.475804472161066, 0.0 ], [ 9.425358215349323, 54.475984518538269, 0.0 ], [ 9.425356387580813, 54.47607450497086, 0.0 ], [ 9.425355130686166, 54.476164480404009, 0.0 ], [ 9.425354429237851, 54.476254444892064, 0.0 ], [ 9.42535429857767, 54.476344389393802, 0.0 ], [ 9.425354707939436, 54.476434323004824, 0.0 ], [ 9.425355672664685, 54.476524236683879, 0.0 ], [ 9.425357208282657, 54.476614139363441, 0.0 ], [ 9.425359299365358, 54.476704031097896, 0.0 ], [ 9.425361930483909, 54.476793911941527, 0.0 ], [ 9.42536513241317, 54.476883772798672, 0.0 ], [ 9.425368889817648, 54.476973622710609, 0.0 ], [ 9.425373202607862, 54.477063452690288, 0.0 ], [ 9.425378055541918, 54.477153280765847, 0.0 ], [ 9.425383479301232, 54.477243088854706, 0.0 ], [ 9.425389458550754, 54.477332885998024, 0.0 ], [ 9.425392495879668, 54.477375690380455, 0.0 ], [ 9.425392495879668, 54.477375690380455, 0.0 ], [ 9.42539599320024, 54.477422663208813, 0.0 ], [ 9.42540308334722, 54.477512429473883, 0.0 ], [ 9.425410713562844, 54.477602184847477, 0.0 ], [ 9.42541891462198, 54.477691920233916, 0.0 ], [ 9.42542767128262, 54.477781653661125, 0.0 ], [ 9.425436983268558, 54.477871358168429, 0.0 ], [ 9.425446835430824, 54.477961060770625, 0.0 ], [ 9.425457258451281, 54.478050743385133, 0.0 ], [ 9.425468236994584, 54.478140415053026, 0.0 ], [ 9.42547977106431, 54.478230075774128, 0.0 ], [ 9.425491860570528, 54.478319716561423, 0.0 ], [ 9.425504505610606, 54.478409346401627, 0.0 ], [ 9.425517706187772, 54.478498965294541, 0.0 ], [ 9.4255314622126, 54.47858856425308, 0.0 ], [ 9.425545773875525, 54.478678161250841, 0.0 ], [ 9.425560640899782, 54.478767729326954, 0.0 ], [ 9.425576079001781, 54.478857295387492, 0.0 ], [ 9.425592905002709, 54.478946748707003, 0.0 ], [ 9.425592905002709, 54.478946748707003, 0.0 ] ], [ [ 9.425926111638271, 54.475790639778381, 0.0 ], [ 9.425958128766014, 54.475969731916734, 0.0 ], [ 9.425972995770762, 54.476059308969454, 0.0 ], [ 9.425987307392489, 54.476148896965533, 0.0 ], [ 9.426001063721069, 54.476238504892059, 0.0 ], [ 9.426014249133983, 54.47632811482989, 0.0 ], [ 9.426026894678357, 54.476417744644124, 0.0 ], [ 9.426038969486861, 54.476507394443836, 0.0 ], [ 9.42605050423257, 54.476597046146487, 0.0 ], [ 9.426061468235023, 54.476686717834951, 0.0 ], [ 9.42607187692267, 54.476776409454928, 0.0 ], [ 9.42608173010445, 54.476866103032783, 0.0 ], [ 9.426091043396287, 54.476955816488029, 0.0 ], [ 9.426099785930036, 54.477045549929628, 0.0 ], [ 9.426107972947172, 54.47713528532951, 0.0 ], [ 9.42611560463139, 54.477225040661573, 0.0 ], [ 9.426122680885065, 54.477314806939077, 0.0 ], [ 9.426125857868046, 54.47735761081173, 0.0 ], [ 9.426125857868046, 54.47735761081173, 0.0 ], [ 9.426129201705074, 54.477404584162073, 0.0 ], [ 9.426135167180725, 54.477494381317555, 0.0 ], [ 9.426140577215314, 54.477584189418735, 0.0 ], [ 9.426145447330894, 54.477674017398137, 0.0 ], [ 9.426149746472104, 54.477763847390925, 0.0 ], [ 9.426153490254842, 54.47785369731654, 0.0 ], [ 9.426156678581529, 54.477943558188109, 0.0 ], [ 9.426159311542223, 54.478033438992576, 0.0 ], [ 9.42616138903991, 54.478123330743145, 0.0 ], [ 9.426162911070938, 54.478213233439789, 0.0 ], [ 9.426163877724962, 54.478303156069423, 0.0 ], [ 9.42616430424404, 54.478393080603865, 0.0 ], [ 9.426164144607176, 54.478483034167162, 0.0 ], [ 9.426163444828283, 54.478572989635296, 0.0 ], [ 9.426162189657481, 54.478662965036456, 0.0 ], [ 9.426160378998201, 54.478752951383733, 0.0 ], [ 9.426157997413771, 54.478842948731611, 0.0 ], [ 9.426154565923275, 54.478932904847063, 0.0 ], [ 9.426154565923275, 54.478932904847063, 0.0 ] ], [ [ 9.425592905002709, 54.478946748707003, 0.0 ], [ 9.426154565923275, 54.478932904847063, 0.0 ] ], [ [ 9.425592905002709, 54.478946748707003, 0.0 ], [ 9.425585314002898, 54.479125162598507, 0.0 ], [ 9.425582428880295, 54.479214352852935, 0.0 ], [ 9.425580083711607, 54.479303523228658, 0.0 ], [ 9.425578263160901, 54.479392682766992, 0.0 ], [ 9.425576982664683, 54.479481831413565, 0.0 ], [ 9.425576242133008, 54.479570960181469, 0.0 ], [ 9.425576026229487, 54.479660078112005, 0.0 ], [ 9.425576350391017, 54.479749185150794, 0.0 ], [ 9.425577214620946, 54.47983828129783, 0.0 ], [ 9.42557860339641, 54.479927357620561, 0.0 ], [ 9.42558053234049, 54.480016432038376, 0.0 ], [ 9.425583001176737, 54.480105477590584, 0.0 ], [ 9.425585994755341, 54.480194521292177, 0.0 ], [ 9.425589528419973, 54.480283554101845, 0.0 ], [ 9.425593586647365, 54.480372567087045, 0.0 ], [ 9.425598184967631, 54.4804615691802, 0.0 ], [ 9.42560332329057, 54.480550551394373, 0.0 ], [ 9.425608986373488, 54.480639531757618, 0.0 ], [ 9.425615099221645, 54.480727234350709, 0.0 ], [ 9.425615189466381, 54.480728492241759, 0.0 ], [ 9.4256152614755, 54.48072948058082, 0.0 ], [ 9.425621917232483, 54.480817441887922, 0.0 ], [ 9.42562920044924, 54.480906371600355, 0.0 ], [ 9.425636992912329, 54.480995290529044, 0.0 ], [ 9.425645325586387, 54.481084207551959, 0.0 ], [ 9.42565419819409, 54.481173095708357, 0.0 ], [ 9.425663611019484, 54.481261981958731, 0.0 ], [ 9.425673548445353, 54.481350848383592, 0.0 ], [ 9.42568402600247, 54.481439703915299, 0.0 ], [ 9.425695043694459, 54.481528548553662, 0.0 ], [ 9.425706586090643, 54.481617382353001, 0.0 ], [ 9.425718668534834, 54.481706196271816, 0.0 ], [ 9.425731275690371, 54.481794999351244, 0.0 ], [ 9.425744438428401, 54.481883791482325, 0.0 ], [ 9.42575812579107, 54.481972563786783, 0.0 ], [ 9.425772353402873, 54.482061334183761, 0.0 ], [ 9.425787121080143, 54.482150084699363, 0.0 ], [ 9.425802413392191, 54.48223881538776, 0.0 ], [ 9.425818261397888, 54.48232754411368, 0.0 ], [ 9.425834634045563, 54.482416253011984, 0.0 ], [ 9.425851794933784, 54.482505057986621, 0.0 ], [ 9.425851794933784, 54.482505057986621, 0.0 ] ], [ [ 9.426154565923275, 54.478932904847063, 0.0 ], [ 9.42618839006804, 54.479110300864875, 0.0 ], [ 9.426204206704195, 54.479199020708997, 0.0 ], [ 9.426219498877691, 54.479287760375357, 0.0 ], [ 9.426234251058718, 54.479376510931722, 0.0 ], [ 9.426248463243667, 54.479465272378299, 0.0 ], [ 9.426262150956003, 54.479554053647703, 0.0 ], [ 9.426275298665173, 54.47964284580771, 0.0 ], [ 9.426287906367905, 54.479731648858497, 0.0 ], [ 9.42629998949397, 54.479820462745764, 0.0 ], [ 9.426311532700248, 54.479909296511018, 0.0 ], [ 9.426322535796082, 54.479998132180668, 0.0 ], [ 9.42633301449197, 54.480086996661051, 0.0 ], [ 9.426342953070591, 54.480175863046092, 0.0 ], [ 9.426352351622086, 54.480264740322902, 0.0 ], [ 9.426361225669316, 54.48035363742391, 0.0 ], [ 9.426369575115922, 54.480442545362408, 0.0 ], [ 9.426377369185028, 54.480531473234379, 0.0 ], [ 9.426384638552797, 54.480620402957157, 0.0 ], [ 9.426391293134277, 54.480708094614194, 0.0 ], [ 9.426391293134277, 54.480708094614194, 0.0 ], [ 9.426391383402899, 54.480709352504647, 0.0 ], [ 9.426397588204926, 54.480798312944493, 0.0 ], [ 9.426403253048912, 54.480887293263706, 0.0 ], [ 9.42640839317796, 54.480976275434124, 0.0 ], [ 9.426412993341899, 54.481065277484078, 0.0 ], [ 9.426417053443496, 54.481154290426709, 0.0 ], [ 9.426420589006991, 54.481243323194484, 0.0 ], [ 9.426423584407809, 54.481332357868212, 0.0 ], [ 9.426426039829702, 54.481421412421668, 0.0 ], [ 9.426427970609277, 54.481510477813551, 0.0 ], [ 9.42642936140302, 54.481599563085226, 0.0 ], [ 9.426430227547483, 54.481688659195335, 0.0 ], [ 9.426430538077803, 54.481777757266073, 0.0 ], [ 9.42643032413938, 54.481866884149056, 0.0 ], [ 9.42642957001377, 54.48195601293812, 0.0 ], [ 9.426428291318434, 54.482045161552591, 0.0 ], [ 9.426426457088695, 54.482134321114494, 0.0 ], [ 9.426424098188919, 54.482223491514851, 0.0 ], [ 9.426421199275147, 54.482312681795015, 0.0 ], [ 9.426417760156742, 54.482401873981217, 0.0 ], [ 9.426413365606285, 54.482491213334768, 0.0 ], [ 9.426413365606285, 54.482491213334768, 0.0 ] ], [ [ 9.425851794933784, 54.482505057986621, 0.0 ], [ 9.426413365606285, 54.482491213334768, 0.0 ] ], [ [ 9.425851794933784, 54.482505057986621, 0.0 ], [ 9.425847445279626, 54.482684907300481, 0.0 ], [ 9.425846419074841, 54.482774711071421, 0.0 ], [ 9.42584594831334, 54.482864494907979, 0.0 ], [ 9.425846033091917, 54.482954267797084, 0.0 ], [ 9.425846673320907, 54.483044020751834, 0.0 ], [ 9.42584785366293, 54.483133762813488, 0.0 ], [ 9.425849589556195, 54.483223493927625, 0.0 ], [ 9.425851880910805, 54.483313205107343, 0.0 ], [ 9.425854712389333, 54.483402905393881, 0.0 ], [ 9.425858114770842, 54.483492585691522, 0.0 ], [ 9.425862041849149, 54.483582255150289, 0.0 ], [ 9.425866539930928, 54.483671913606919, 0.0 ], [ 9.425871578057839, 54.483761552183253, 0.0 ], [ 9.425877171760844, 54.48385117981173, 0.0 ], [ 9.425883305609679, 54.483940796546648, 0.0 ], [ 9.425884495742217, 54.48395727488036, 0.0 ], [ 9.425889994948601, 54.484030393346615, 0.0 ], [ 9.425890244314271, 54.484033591911555, 0.0 ], [ 9.425897224346532, 54.484119970266022, 0.0 ], [ 9.425905009428927, 54.484209545224033, 0.0 ], [ 9.425913349918677, 54.484299091259921, 0.0 ], [ 9.42592223066552, 54.484388635388584, 0.0 ], [ 9.425931666920476, 54.484478159581805, 0.0 ], [ 9.425941658780628, 54.48456767282623, 0.0 ], [ 9.425952190721459, 54.484657166189322, 0.0 ], [ 9.425963262840067, 54.484746648657804, 0.0 ], [ 9.42597490591614, 54.484836111135792, 0.0 ], [ 9.425987089176774, 54.484925562718828, 0.0 ], [ 9.42599981262584, 54.485015003406779, 0.0 ], [ 9.426013107043383, 54.48510442410366, 0.0 ], [ 9.426026941656422, 54.485193833905107, 0.0 ], [ 9.42604131646848, 54.485283232810843, 0.0 ], [ 9.426056246824833, 54.485372611779447, 0.0 ], [ 9.426071732728639, 54.485461970810626, 0.0 ], [ 9.426087774371176, 54.48555132787795, 0.0 ], [ 9.426104371475073, 54.485640656020564, 0.0 ], [ 9.426121508889393, 54.485729982253289, 0.0 ], [ 9.426140911450451, 54.485820405915554, 0.0 ], [ 9.426140911450451, 54.485820405915554, 0.0 ] ], [ [ 9.426413365606285, 54.482491213334768, 0.0 ], [ 9.426446662491029, 54.482669455841787, 0.0 ], [ 9.426462239020033, 54.482758643785751, 0.0 ], [ 9.426477291040642, 54.482847851553153, 0.0 ], [ 9.426491772152563, 54.482937070320887, 0.0 ], [ 9.426505713220626, 54.483026299980096, 0.0 ], [ 9.426519098807328, 54.483115540585516, 0.0 ], [ 9.426531929002516, 54.483204801124209, 0.0 ], [ 9.426544219143404, 54.483294072554948, 0.0 ], [ 9.426555969320228, 54.483383363864796, 0.0 ], [ 9.426567164000851, 54.483472666121557, 0.0 ], [ 9.426577803182221, 54.483561979325387, 0.0 ], [ 9.426587902388677, 54.483651312408796, 0.0 ], [ 9.426597446088596, 54.483740656439565, 0.0 ], [ 9.426606449712612, 54.48383001136331, 0.0 ], [ 9.426614913351433, 54.483919386167059, 0.0 ], [ 9.42662280603785, 54.484008771973095, 0.0 ], [ 9.426630174072994, 54.484098168617926, 0.0 ], [ 9.426634168418852, 54.484149687130639, 0.0 ], [ 9.426636986677051, 54.484187585197581, 0.0 ], [ 9.426637329383036, 54.484192329230176, 0.0 ], [ 9.426643243752736, 54.484277012725336, 0.0 ], [ 9.426648960731734, 54.484366451146734, 0.0 ], [ 9.426654137703556, 54.484455909448698, 0.0 ], [ 9.426658759136588, 54.484545378699003, 0.0 ], [ 9.426662825027085, 54.484634858897699, 0.0 ], [ 9.426666350900138, 54.484724358977182, 0.0 ], [ 9.426669336658025, 54.484813869950656, 0.0 ], [ 9.426671766956449, 54.484903400859558, 0.0 ], [ 9.426673657132858, 54.484992942662508, 0.0 ], [ 9.426674991748806, 54.48508249541409, 0.0 ], [ 9.426675770894333, 54.485172068101178, 0.0 ], [ 9.42667600981318, 54.485261642695534, 0.0 ], [ 9.426675708783304, 54.485351246157791, 0.0 ], [ 9.426674852084973, 54.485440851581856, 0.0 ], [ 9.426673439901382, 54.485530476941456, 0.0 ], [ 9.426671487664393, 54.485620122182048, 0.0 ], [ 9.426668979748079, 54.485709769384407, 0.0 ], [ 9.426664327036805, 54.485798013172079, 0.0 ], [ 9.426664327036805, 54.485798013172079, 0.0 ] ], [ [ 9.426140911450451, 54.485820405915554, 0.0 ], [ 9.426664327036805, 54.485798013172079, 0.0 ] ], [ [ 9.426140911450451, 54.485820405915554, 0.0 ], [ 9.42613890168141, 54.485999545884859, 0.0 ], [ 9.426139447402662, 54.486089047485876, 0.0 ], [ 9.426140533276847, 54.486178538192419, 0.0 ], [ 9.426142128248754, 54.486268000139702, 0.0 ], [ 9.426144263287254, 54.486357442205623, 0.0 ], [ 9.426146907523894, 54.486446864499072, 0.0 ], [ 9.426150091833939, 54.486536266911109, 0.0 ], [ 9.426153785255405, 54.486625640563737, 0.0 ], [ 9.426158018757253, 54.486714994334818, 0.0 ], [ 9.42616276147087, 54.486804328333221, 0.0 ], [ 9.426168044177924, 54.48689363346314, 0.0 ], [ 9.426173836103811, 54.48698291882026, 0.0 ], [ 9.426180152687555, 54.487072184350019, 0.0 ], [ 9.426186993932868, 54.487161430052339, 0.0 ], [ 9.426194359749411, 54.487250646940268, 0.0 ], [ 9.426202250234176, 54.487339844000552, 0.0 ], [ 9.426210649954674, 54.487429021287589, 0.0 ], [ 9.426219589692559, 54.487518169705453, 0.0 ], [ 9.426229038766399, 54.487607307336681, 0.0 ], [ 9.426239012428621, 54.487696416152922, 0.0 ], [ 9.426249526118486, 54.487785496099605, 0.0 ], [ 9.426258245002662, 54.487856383303736, 0.0 ], [ 9.426260533718303, 54.487874565313732, 0.0 ], [ 9.426266833120444, 54.48792360419143, 0.0 ], [ 9.426272081352911, 54.487963605657974, 0.0 ], [ 9.426284153682754, 54.48805262617357, 0.0 ], [ 9.426296735275002, 54.488141626914775, 0.0 ], [ 9.426309856912273, 54.488230598785641, 0.0 ], [ 9.42632348781879, 54.488319550881798, 0.0 ], [ 9.426337643434289, 54.488408483148575, 0.0 ], [ 9.426352323762105, 54.48849739558581, 0.0 ], [ 9.426367528712129, 54.488586279206444, 0.0 ], [ 9.426383242944706, 54.488675143051609, 0.0 ], [ 9.426399497336448, 54.488763987012121, 0.0 ], [ 9.426416260923588, 54.488852802209884, 0.0 ], [ 9.426433564770253, 54.4889416065094, 0.0 ], [ 9.426451377725714, 54.48903037305886, 0.0 ], [ 9.426469730947357, 54.489119128709625, 0.0 ], [ 9.426488593471829, 54.489207864583555, 0.0 ], [ 9.42650799608225, 54.489296571584582, 0.0 ], [ 9.426527908001777, 54.489385258808269, 0.0 ], [ 9.426548360013998, 54.489473917158499, 0.0 ], [ 9.426569336779396, 54.489562555676372, 0.0 ], [ 9.426591563737466, 54.48965116281213, 0.0 ], [ 9.426591563737466, 54.48965116281213, 0.0 ] ], [ [ 9.426664327036805, 54.485798013172079, 0.0 ], [ 9.426709794343399, 54.485975062157401, 0.0 ], [ 9.426731047183809, 54.48606367275903, 0.0 ], [ 9.426751775403957, 54.486152294196756, 0.0 ], [ 9.426771963751774, 54.486240944499116, 0.0 ], [ 9.42679164309564, 54.48632962355731, 0.0 ], [ 9.426810782373197, 54.486418313506938, 0.0 ], [ 9.426829412639497, 54.486507032212913, 0.0 ], [ 9.426847503020674, 54.486595779784594, 0.0 ], [ 9.426865084196596, 54.486684538139329, 0.0 ], [ 9.426882140915655, 54.486773325305698, 0.0 ], [ 9.426898673081153, 54.486862132297006, 0.0 ], [ 9.426914680783268, 54.486950968100381, 0.0 ], [ 9.426930163831148, 54.487039814742282, 0.0 ], [ 9.426945122502506, 54.487128699183536, 0.0 ], [ 9.426959556512852, 54.487217594463715, 0.0 ], [ 9.426973466046396, 54.487306518556771, 0.0 ], [ 9.426986866441606, 54.487395462421453, 0.0 ], [ 9.426999742259493, 54.487484426112502, 0.0 ], [ 9.427012093590363, 54.487573418616911, 0.0 ], [ 9.427023786161742, 54.487661406881863, 0.0 ], [ 9.427023920337128, 54.487662430948028, 0.0 ], [ 9.427028976728471, 54.487701732061517, 0.0 ], [ 9.42703522249621, 54.487751463106036, 0.0 ], [ 9.427046000064438, 54.487840515091023, 0.0 ], [ 9.427056268568043, 54.487929595835496, 0.0 ], [ 9.427066012474, 54.48801869640721, 0.0 ], [ 9.427075216436238, 54.488107825847834, 0.0 ], [ 9.427083911230431, 54.48819697506142, 0.0 ], [ 9.427092096852636, 54.488286144048068, 0.0 ], [ 9.427099742427435, 54.488375332917116, 0.0 ], [ 9.42710686348121, 54.488464550600902, 0.0 ], [ 9.42711347535321, 54.488553788058063, 0.0 ], [ 9.42711954716723, 54.488643045397922, 0.0 ], [ 9.427125109792762, 54.488732322511297, 0.0 ], [ 9.427130147883624, 54.488821628439815, 0.0 ], [ 9.42713466134278, 54.488910954196591, 0.0 ], [ 9.42713863482399, 54.489000308823258, 0.0 ], [ 9.427142099103047, 54.489089683223725, 0.0 ], [ 9.427145038739896, 54.48917907745269, 0.0 ], [ 9.427147453731511, 54.489268491510146, 0.0 ], [ 9.427149344167907, 54.489357934383044, 0.0 ], [ 9.427150709951807, 54.489447397084504, 0.0 ], [ 9.427151535736991, 54.489536888656048, 0.0 ], [ 9.427151343916634, 54.489626500658765, 0.0 ], [ 9.427151343916634, 54.489626500658765, 0.0 ] ], [ [ 9.426591563737466, 54.48965116281213, 0.0 ], [ 9.427151343916634, 54.489626500658765, 0.0 ] ], [ [ 9.426591563737466, 54.48965116281213, 0.0 ], [ 9.42659098588358, 54.489832724163392, 0.0 ], [ 9.426591622796984, 54.489923465618098, 0.0 ], [ 9.42659278428987, 54.49001417825702, 0.0 ], [ 9.426594470459225, 54.490104871067011, 0.0 ], [ 9.426596681308757, 54.490195544048007, 0.0 ], [ 9.426599432184846, 54.49028618815862, 0.0 ], [ 9.426602723185319, 54.490376812385662, 0.0 ], [ 9.426606523345695, 54.49046740785127, 0.0 ], [ 9.426610863636842, 54.490557983433206, 0.0 ], [ 9.426615744063138, 54.490648539131371, 0.0 ], [ 9.426621133659427, 54.490739066067974, 0.0 ], [ 9.426627063397294, 54.490829573120642, 0.0 ], [ 9.426633517749577, 54.490920051357044, 0.0 ], [ 9.42664049690706, 54.491010518750784, 0.0 ], [ 9.426648000592191, 54.491100948341142, 0.0 ], [ 9.426656044526885, 54.491191367034112, 0.0 ], [ 9.42666461308967, 54.491281756910396, 0.0 ], [ 9.42667370628412, 54.491372117969853, 0.0 ], [ 9.426683324207268, 54.491462459199205, 0.0 ], [ 9.42669346686286, 54.49155278059839, 0.0 ], [ 9.426704149691892, 54.491643082112653, 0.0 ], [ 9.426715357166289, 54.491733354809575, 0.0 ], [ 9.42672095276062, 54.491776967856914, 0.0 ], [ 9.42672123862295, 54.491779213644932, 0.0 ], [ 9.426727073945818, 54.491823607730403, 0.0 ], [ 9.426739330815408, 54.49191383177898, 0.0 ], [ 9.426752127872319, 54.492004035942088, 0.0 ], [ 9.426765434244606, 54.492094220328575, 0.0 ], [ 9.42677926527964, 54.492184375896898, 0.0 ], [ 9.42679363651242, 54.492274511579183, 0.0 ], [ 9.426808532415, 54.492364618442863, 0.0 ], [ 9.426823953084309, 54.49245470547465, 0.0 ], [ 9.426839898524133, 54.492544772674343, 0.0 ], [ 9.426856384081624, 54.492634811000315, 0.0 ], [ 9.426873394416443, 54.492724829493724, 0.0 ], [ 9.426890929531966, 54.492814828154373, 0.0 ], [ 9.426908989337811, 54.492904797995159, 0.0 ], [ 9.426927589369324, 54.492994747948131, 0.0 ], [ 9.426946698659977, 54.493084669135307, 0.0 ], [ 9.426966363621219, 54.493174570379608, 0.0 ], [ 9.426986537942204, 54.49326445184446, 0.0 ], [ 9.427007252408975, 54.493354304433609, 0.0 ], [ 9.427028491680538, 54.493444137188177, 0.0 ], [ 9.427050271104552, 54.493533941066488, 0.0 ], [ 9.427072575340311, 54.493623725109664, 0.0 ], [ 9.427095419829612, 54.493713489262809, 0.0 ], [ 9.427118789043755, 54.49380322459335, 0.0 ], [ 9.427142882747198, 54.493892840522648, 0.0 ], [ 9.427142882747198, 54.493892840522648, 0.0 ] ], [ [ 9.427151343916634, 54.489626500658765, 0.0 ], [ 9.427199096394402, 54.489805931870805, 0.0 ], [ 9.427221923550817, 54.48989569611485, 0.0 ], [ 9.427244226139925, 54.489985480183485, 0.0 ], [ 9.427266004157854, 54.490075284076937, 0.0 ], [ 9.427287242258373, 54.490165116837026, 0.0 ], [ 9.427307955781281, 54.490254969422494, 0.0 ], [ 9.427328144816999, 54.490344850820549, 0.0 ], [ 9.42734779383067, 54.490434752099183, 0.0 ], [ 9.427366918256471, 54.490524673204021, 0.0 ], [ 9.427385502747441, 54.49061462317686, 0.0 ], [ 9.42740357808059, 54.49070459292178, 0.0 ], [ 9.427421113472063, 54.490794591535177, 0.0 ], [ 9.427438124261679, 54.490884609975765, 0.0 ], [ 9.427454595008827, 54.490974648298454, 0.0 ], [ 9.427470556678385, 54.491064715380993, 0.0 ], [ 9.427485978298375, 54.491154802346074, 0.0 ], [ 9.427500875303002, 54.491244909139184, 0.0 ], [ 9.427515247782077, 54.49133504474748, 0.0 ], [ 9.427529080295226, 54.49142520922571, 0.0 ], [ 9.427542403526074, 54.491515384491123, 0.0 ], [ 9.427555186783819, 54.491605588626847, 0.0 ], [ 9.427567445408879, 54.491695812591594, 0.0 ], [ 9.427573180842868, 54.491739425106317, 0.0 ], [ 9.427573466751683, 54.491741670892218, 0.0 ], [ 9.427579179491193, 54.491786065372388, 0.0 ], [ 9.427590388933995, 54.491876337982475, 0.0 ], [ 9.427601058389609, 54.491966639463584, 0.0 ], [ 9.427611218636503, 54.49205696071968, 0.0 ], [ 9.427620838795285, 54.492147301860179, 0.0 ], [ 9.427629934300333, 54.492237662830554, 0.0 ], [ 9.427638489804535, 54.492328052672498, 0.0 ], [ 9.427646536180006, 54.492418471276771, 0.0 ], [ 9.42765404245328, 54.492508909765952, 0.0 ], [ 9.427661039497004, 54.492599368030824, 0.0 ], [ 9.427667480994113, 54.492689846235493, 0.0 ], [ 9.42767341334832, 54.492780353202853, 0.0 ], [ 9.427678805586899, 54.492870880055506, 0.0 ], [ 9.427683673237789, 54.492961435725732, 0.0 ], [ 9.427688016203479, 54.493052011226709, 0.0 ], [ 9.427691834481015, 54.493142606558528, 0.0 ], [ 9.427695112722422, 54.493233230762733, 0.0 ], [ 9.427697850924066, 54.493323883839409, 0.0 ], [ 9.427700079771162, 54.493414547705534, 0.0 ], [ 9.427701768571586, 54.4935052404442, 0.0 ], [ 9.427702917321584, 54.493595962055416, 0.0 ], [ 9.42770354126808, 54.493686694510814, 0.0 ], [ 9.427703625251208, 54.493777464825691, 0.0 ], [ 9.427702720520584, 54.493868175729972, 0.0 ], [ 9.427702720520584, 54.493868175729972, 0.0 ] ], [ [ 9.427142882747198, 54.493892840522648, 0.0 ], [ 9.427702720520584, 54.493868175729972, 0.0 ] ], [ [ 9.427142882747198, 54.493892840522648, 0.0 ], [ 9.427143766679578, 54.494072212696871, 0.0 ], [ 9.427145381461633, 54.49416184520485, 0.0 ], [ 9.427147520881345, 54.494251448894587, 0.0 ], [ 9.427150200567757, 54.494341041685125, 0.0 ], [ 9.427153389366412, 54.494430596725067, 0.0 ], [ 9.427157118438997, 54.494520140865738, 0.0 ], [ 9.427161356724325, 54.494609656242588, 0.0 ], [ 9.427166135196472, 54.494699151733172, 0.0 ], [ 9.427171438326996, 54.494788618405231, 0.0 ], [ 9.42717726621297, 54.494878065245466, 0.0 ], [ 9.427183618857592, 54.494967492253856, 0.0 ], [ 9.427190496170406, 54.495056890443443, 0.0 ], [ 9.427197898249116, 54.495146268800987, 0.0 ], [ 9.427205825096628, 54.495235627326366, 0.0 ], [ 9.427214276622994, 54.495324957032629, 0.0 ], [ 9.427223237486377, 54.495414266961156, 0.0 ], [ 9.427232738473798, 54.495503548015719, 0.0 ], [ 9.427242764244204, 54.49559280923765, 0.0 ], [ 9.427253314800723, 54.495682050626826, 0.0 ], [ 9.427264390052981, 54.495771263196247, 0.0 ], [ 9.427269835749984, 54.49581371737424, 0.0 ], [ 9.427270137017356, 54.495815954117859, 0.0 ], [ 9.427275990098284, 54.495860455932615, 0.0 ], [ 9.427288099500412, 54.495949628890394, 0.0 ], [ 9.427300749048031, 54.496038772973343, 0.0 ], [ 9.427313923398396, 54.496127897222756, 0.0 ], [ 9.427327607116446, 54.496217001693054, 0.0 ], [ 9.427341830989537, 54.496306077287997, 0.0 ], [ 9.427356564236758, 54.496395133103491, 0.0 ], [ 9.42737183764622, 54.496484160043188, 0.0 ], [ 9.427387620436418, 54.496573167203039, 0.0 ], [ 9.427403943489635, 54.496662154473547, 0.0 ], [ 9.42742077583649, 54.496751112976945, 0.0 ], [ 9.427438148452868, 54.496840051590553, 0.0 ], [ 9.427456045903298, 54.496928970368799, 0.0 ], [ 9.427474452657247, 54.497017860379202, 0.0 ], [ 9.427493399690976, 54.497106730499105, 0.0 ], [ 9.427512871475013, 54.49719557179607, 0.0 ], [ 9.427532868200078, 54.497284402243494, 0.0 ], [ 9.427553389588237, 54.497373194880588, 0.0 ], [ 9.427574435923905, 54.49746197666763, 0.0 ], [ 9.427596022463206, 54.497550729575984, 0.0 ], [ 9.427618118329363, 54.497639453714662, 0.0 ], [ 9.427641495612859, 54.497728155337079, 0.0 ], [ 9.427641495612859, 54.497728155337079, 0.0 ] ], [ [ 9.427702720520584, 54.493868175729972, 0.0 ], [ 9.427747973727186, 54.494045593344538, 0.0 ], [ 9.427769558802643, 54.494134346274805, 0.0 ], [ 9.427790603811614, 54.494223119087252, 0.0 ], [ 9.427811124283126, 54.494311920714338, 0.0 ], [ 9.427831120119912, 54.494400742169496, 0.0 ], [ 9.427850591412614, 54.494489592439805, 0.0 ], [ 9.427869537969691, 54.494578453551846, 0.0 ], [ 9.427887960069786, 54.494667352466458, 0.0 ], [ 9.427905857427714, 54.494756262223277, 0.0 ], [ 9.427923214789294, 54.494845200850961, 0.0 ], [ 9.427940063028613, 54.494934168240341, 0.0 ], [ 9.427956371076547, 54.495023146527352, 0.0 ], [ 9.427972170089221, 54.495112162563366, 0.0 ], [ 9.427987428904055, 54.495201189497436, 0.0 ], [ 9.428002178583037, 54.495290245194063, 0.0 ], [ 9.428016388151262, 54.495379320775967, 0.0 ], [ 9.428030088576744, 54.495468425120833, 0.0 ], [ 9.428043248884492, 54.495557549351396, 0.0 ], [ 9.428055899949216, 54.495646693358381, 0.0 ], [ 9.428068010889101, 54.495735857251404, 0.0 ], [ 9.4280738976768, 54.495780547641075, 0.0 ], [ 9.4280738976768, 54.495780547641075, 0.0 ], [ 9.428079612672835, 54.495825049908078, 0.0 ], [ 9.42809068985849, 54.495914271383228, 0.0 ], [ 9.428101226908872, 54.496003512744863, 0.0 ], [ 9.428111254699369, 54.496092773883767, 0.0 ], [ 9.428120757787182, 54.496182054854685, 0.0 ], [ 9.428129736262992, 54.496271364644684, 0.0 ], [ 9.428138190029406, 54.496360694266968, 0.0 ], [ 9.428146103737346, 54.496450052763315, 0.0 ], [ 9.428153508168432, 54.496539431037455, 0.0 ], [ 9.42816038787981, 54.496628829144242, 0.0 ], [ 9.428166742962039, 54.496718256070615, 0.0 ], [ 9.428172557878396, 54.49680770288456, 0.0 ], [ 9.428177863503878, 54.496897169476647, 0.0 ], [ 9.428182644490111, 54.496986664888595, 0.0 ], [ 9.428186885300025, 54.497076180188337, 0.0 ], [ 9.428190616808935, 54.497165715266433, 0.0 ], [ 9.428193808228645, 54.497255279219296, 0.0 ], [ 9.428196474901146, 54.497344863005353, 0.0 ], [ 9.428198616916935, 54.497434475611534, 0.0 ], [ 9.428200234178757, 54.497524108050996, 0.0 ], [ 9.428201311243081, 54.497613760378485, 0.0 ], [ 9.428201385475441, 54.497703488157192, 0.0 ], [ 9.428201385475441, 54.497703488157192, 0.0 ] ], [ [ 9.427641495612859, 54.497728155337079, 0.0 ], [ 9.428201385475441, 54.497703488157192, 0.0 ] ], [ [ 9.427641495612859, 54.497728155337079, 0.0 ], [ 9.427640891421117, 54.497909698577374, 0.0 ], [ 9.427641515346931, 54.498000430968261, 0.0 ], [ 9.427642663954748, 54.498091134538676, 0.0 ], [ 9.42764435278194, 54.49818181822075, 0.0 ], [ 9.427646566392104, 54.498272482069162, 0.0 ], [ 9.427649304694729, 54.498363117097, 0.0 ], [ 9.427652583227392, 54.498453732236399, 0.0 ], [ 9.427656386459537, 54.498544318555147, 0.0 ], [ 9.427660730022806, 54.498634893972216, 0.0 ], [ 9.427665598198571, 54.498725431581633, 0.0 ], [ 9.427670991272295, 54.49881595834394, 0.0 ], [ 9.427676908965447, 54.498906447298445, 0.0 ], [ 9.427683367003759, 54.498996925351008, 0.0 ], [ 9.427690349762553, 54.499087374582473, 0.0 ], [ 9.427697857339188, 54.499177803979585, 0.0 ], [ 9.427705889643343, 54.499268204555413, 0.0 ], [ 9.427714462212482, 54.499358585242007, 0.0 ], [ 9.42772354416948, 54.499448946148604, 0.0 ], [ 9.427733166304888, 54.499539278178908, 0.0 ], [ 9.427743328716108, 54.499629590319579, 0.0 ], [ 9.427754000431326, 54.499719873693017, 0.0 ], [ 9.427765212523521, 54.499810146163419, 0.0 ], [ 9.427770843426311, 54.499853965687812, 0.0 ], [ 9.427770843426311, 54.499853965687812, 0.0 ], [ 9.427776949273179, 54.499900380824762, 0.0 ], [ 9.42778921096599, 54.499990604637411, 0.0 ], [ 9.427801997417522, 54.500080799627568, 0.0 ], [ 9.427815308630807, 54.500170965795, 0.0 ], [ 9.427829160144515, 54.500261112071726, 0.0 ], [ 9.427843536521081, 54.500351238512209, 0.0 ], [ 9.427858437764002, 54.500441345116286, 0.0 ], [ 9.427873863783013, 54.500531422896877, 0.0 ], [ 9.427889814580855, 54.500621471853833, 0.0 ], [ 9.427906305790717, 54.500711509905877, 0.0 ], [ 9.427923321786515, 54.500801519133809, 0.0 ], [ 9.427940878013098, 54.500891499482726, 0.0 ], [ 9.427958943685706, 54.5009814600486, 0.0 ], [ 9.427977549689857, 54.501071400721834, 0.0 ], [ 9.427996680493992, 54.501161312570005, 0.0 ], [ 9.428016351636769, 54.501251204524984, 0.0 ], [ 9.42803654768046, 54.501341076641239, 0.0 ], [ 9.428057283975567, 54.501430919876924, 0.0 ], [ 9.428078529736998, 54.501520743328044, 0.0 ], [ 9.428100331198328, 54.50161053784332, 0.0 ], [ 9.428122642133152, 54.501700312573455, 0.0 ], [ 9.428145508868488, 54.501790067353994, 0.0 ], [ 9.428168884990205, 54.501879793361951, 0.0 ], [ 9.428192970111494, 54.501969382043328, 0.0 ], [ 9.428192970111494, 54.501969382043328, 0.0 ] ], [ [ 9.428201385475441, 54.497703488157192, 0.0 ], [ 9.428249182845164, 54.497882900605397, 0.0 ], [ 9.428272032242186, 54.497972655476971, 0.0 ], [ 9.428294356969243, 54.498062430177782, 0.0 ], [ 9.428316141582293, 54.498152224762904, 0.0 ], [ 9.428337401612623, 54.498242048164727, 0.0 ], [ 9.428358121522104, 54.498331891451421, 0.0 ], [ 9.428378316841689, 54.498421763555399, 0.0 ], [ 9.428397987473931, 54.49851165549002, 0.0 ], [ 9.428417117975128, 54.498601567310367, 0.0 ], [ 9.428435723876058, 54.498691507948742, 0.0 ], [ 9.428453805079252, 54.498781468418578, 0.0 ], [ 9.428471346141075, 54.498871448774878, 0.0 ], [ 9.428488362592299, 54.498961457949918, 0.0 ], [ 9.428504854429448, 54.499051495943966, 0.0 ], [ 9.428520821460841, 54.499141544783562, 0.0 ], [ 9.428536248431069, 54.499231622497355, 0.0 ], [ 9.428551150776979, 54.499321729030768, 0.0 ], [ 9.428565528401004, 54.499411855397192, 0.0 ], [ 9.428579381299647, 54.499502001596809, 0.0 ], [ 9.428592694028925, 54.499592167684561, 0.0 ], [ 9.428605482120073, 54.499682362592736, 0.0 ], [ 9.428617745569598, 54.49977258632147, 0.0 ], [ 9.428623516344825, 54.499816405311691, 0.0 ], [ 9.428623516344825, 54.499816405311691, 0.0 ], [ 9.428629484279959, 54.499862829884101, 0.0 ], [ 9.42864069824771, 54.499953093280773, 0.0 ], [ 9.428651372028689, 54.500043376566424, 0.0 ], [ 9.428661521154135, 54.500133688673301, 0.0 ], [ 9.428671145526662, 54.500224020614631, 0.0 ], [ 9.428680245236581, 54.500314381377436, 0.0 ], [ 9.428688804746058, 54.50040476202976, 0.0 ], [ 9.428696839491661, 54.500495162516955, 0.0 ], [ 9.428704349564736, 54.500585591825967, 0.0 ], [ 9.428711334867131, 54.500676040970035, 0.0 ], [ 9.428717795489908, 54.500766518936132, 0.0 ], [ 9.428723715894405, 54.500857016792274, 0.0 ], [ 9.428729111518043, 54.500947534483764, 0.0 ], [ 9.428733967010341, 54.5010380810523, 0.0 ], [ 9.428738297714888, 54.501128647456319, 0.0 ], [ 9.428742103627981, 54.501219233695913, 0.0 ], [ 9.42874536939903, 54.501309848812745, 0.0 ], [ 9.42874811037178, 54.501400483765238, 0.0 ], [ 9.428750326637111, 54.501491147540264, 0.0 ], [ 9.428752002655434, 54.501581831205812, 0.0 ], [ 9.428753138518045, 54.501672543748761, 0.0 ], [ 9.428753764915117, 54.501763267085828, 0.0 ], [ 9.428753835801952, 54.501854028342009, 0.0 ], [ 9.428752933031578, 54.501944712168125, 0.0 ], [ 9.428752933031578, 54.501944712168125, 0.0 ] ], [ [ 9.428192970111494, 54.501969382043328, 0.0 ], [ 9.428752933031578, 54.501944712168125, 0.0 ] ], [ [ 9.428192970111494, 54.501969382043328, 0.0 ], [ 9.428193879072145, 54.50214772036427, 0.0 ], [ 9.428195522086716, 54.502236840373804, 0.0 ], [ 9.428197674494205, 54.50232594060197, 0.0 ], [ 9.428200351644943, 54.502415012007134, 0.0 ], [ 9.428203553542637, 54.502504054589267, 0.0 ], [ 9.428207280378674, 54.502593086322058, 0.0 ], [ 9.428211531968552, 54.502682089231683, 0.0 ], [ 9.428216292874124, 54.502771063372883, 0.0 ], [ 9.42822159407562, 54.502860017622922, 0.0 ], [ 9.428227404693752, 54.502948952091216, 0.0 ], [ 9.428233740172919, 54.503037866722941, 0.0 ], [ 9.428240584981205, 54.503126752585935, 0.0 ], [ 9.428247954657504, 54.503215618612188, 0.0 ], [ 9.42825584920527, 54.503304464801609, 0.0 ], [ 9.428264268534052, 54.503393282167195, 0.0 ], [ 9.428273212741045, 54.503482079695736, 0.0 ], [ 9.428282666293809, 54.503570848454999, 0.0 ], [ 9.428292644731512, 54.503659597376959, 0.0 ], [ 9.428303132615849, 54.503748326516202, 0.0 ], [ 9.42831414539156, 54.503837035817853, 0.0 ], [ 9.42831982792452, 54.503881250542094, 0.0 ], [ 9.42831982792452, 54.503881250542094, 0.0 ], [ 9.428325682968515, 54.50392571629493, 0.0 ], [ 9.428337745444141, 54.504014376934144, 0.0 ], [ 9.428350317285309, 54.504103008803185, 0.0 ], [ 9.428363414031798, 54.504191620834014, 0.0 ], [ 9.428377020244691, 54.504280213081216, 0.0 ], [ 9.428391166717654, 54.504368776448239, 0.0 ], [ 9.428405807221287, 54.504457320086011, 0.0 ], [ 9.428420988086271, 54.504545843830059, 0.0 ], [ 9.42843669377889, 54.504634338748112, 0.0 ], [ 9.428452909048932, 54.504722822868423, 0.0 ], [ 9.428469633616819, 54.504811269230217, 0.0 ], [ 9.428486898653532, 54.504899704684284, 0.0 ], [ 9.428504673089122, 54.504988111366245, 0.0 ], [ 9.428522972369452, 54.505076489221082, 0.0 ], [ 9.428541796686133, 54.505164856222279, 0.0 ], [ 9.428561145760185, 54.505253185409018, 0.0 ], [ 9.428581019877035, 54.505341503741583, 0.0 ], [ 9.42860140340956, 54.50542979330082, 0.0 ], [ 9.428622311897556, 54.505518063018492, 0.0 ], [ 9.428643745344557, 54.505606312894358, 0.0 ], [ 9.42866570365968, 54.505694533941252, 0.0 ], [ 9.428688620471714, 54.505782841453339, 0.0 ], [ 9.428688620471714, 54.505782841453339, 0.0 ] ], [ [ 9.428752933031578, 54.501944712168125, 0.0 ], [ 9.428797911304905, 54.502121114600769, 0.0 ], [ 9.428819343219319, 54.502209355510956, 0.0 ], [ 9.428840265937174, 54.502297625185427, 0.0 ], [ 9.428860663920167, 54.502385914692454, 0.0 ], [ 9.428880521816613, 54.502474233074004, 0.0 ], [ 9.428899870412899, 54.502562571233817, 0.0 ], [ 9.428918694264011, 54.502650929226974, 0.0 ], [ 9.428936993460299, 54.502739316040568, 0.0 ], [ 9.428954783346502, 54.502827722633199, 0.0 ], [ 9.428972033035425, 54.502916149114725, 0.0 ], [ 9.428988773501544, 54.50300460436253, 0.0 ], [ 9.429004989205378, 54.50309307944493, 0.0 ], [ 9.429020695585958, 54.503181574307177, 0.0 ], [ 9.429035861849728, 54.503270098046073, 0.0 ], [ 9.429050518783331, 54.503358641565278, 0.0 ], [ 9.429064651035647, 54.503447213906689, 0.0 ], [ 9.429078273856852, 54.503535797041941, 0.0 ], [ 9.429091356547906, 54.503624409054595, 0.0 ], [ 9.42910392998974, 54.503713049835142, 0.0 ], [ 9.429115994084576, 54.503801710396878, 0.0 ], [ 9.429121514933414, 54.503843678865856, 0.0 ], [ 9.42912180101508, 54.503845924643286, 0.0 ], [ 9.42912751794492, 54.503890390849726, 0.0 ], [ 9.429138532451491, 54.503979091084069, 0.0 ], [ 9.42914902225329, 54.504067820141785, 0.0 ], [ 9.429159002694956, 54.504156568981294, 0.0 ], [ 9.429168458424906, 54.504245346644453, 0.0 ], [ 9.429177389345744, 54.504334144144508, 0.0 ], [ 9.429185795453899, 54.504422961481652, 0.0 ], [ 9.429193692282885, 54.504511807587924, 0.0 ], [ 9.429201064198045, 54.504600664544611, 0.0 ], [ 9.429207911478921, 54.504689559312354, 0.0 ], [ 9.429214249281708, 54.504778464875848, 0.0 ], [ 9.429220062349462, 54.50486739926373, 0.0 ], [ 9.429225335235929, 54.504956362530983, 0.0 ], [ 9.429230114076997, 54.505045336539304, 0.0 ], [ 9.429234352730019, 54.505134339427151, 0.0 ], [ 9.429238082076797, 54.505223371084774, 0.0 ], [ 9.429241271040247, 54.505312413648333, 0.0 ], [ 9.429243950690344, 54.505401484981782, 0.0 ], [ 9.429246105581818, 54.505490585140024, 0.0 ], [ 9.42924773561613, 54.505579705136313, 0.0 ], [ 9.429248840790436, 54.505668844970607, 0.0 ], [ 9.429248943880529, 54.505758150133438, 0.0 ], [ 9.429248943880529, 54.505758150133438, 0.0 ] ], [ [ 9.428688620471714, 54.505782841453339, 0.0 ], [ 9.429248943880529, 54.505758150133438, 0.0 ] ], [ [ 9.428688620471714, 54.505782841453339, 0.0 ], [ 9.428689941381281, 54.505963424992885, 0.0 ], [ 9.428691738409237, 54.506053856522009, 0.0 ], [ 9.42869407566935, 54.506144259171094, 0.0 ], [ 9.428696968797427, 54.506234650859007, 0.0 ], [ 9.428700386721973, 54.506325013721607, 0.0 ], [ 9.428704344983812, 54.506415356690901, 0.0 ], [ 9.428708843492668, 54.506505670779973, 0.0 ], [ 9.428713897883677, 54.506595973907636, 0.0 ], [ 9.42871947708511, 54.506686248209768, 0.0 ], [ 9.428725596638509, 54.506776502618258, 0.0 ], [ 9.428732271990427, 54.506866737078283, 0.0 ], [ 9.428739472163752, 54.50695694271252, 0.0 ], [ 9.428747212793642, 54.507047137439699, 0.0 ], [ 9.428755493695297, 54.507137303286036, 0.0 ], [ 9.428764330409894, 54.507227449183439, 0.0 ], [ 9.428773691960151, 54.507317566254649, 0.0 ], [ 9.428783593980851, 54.50740767241826, 0.0 ], [ 9.42879403628775, 54.50749774970059, 0.0 ], [ 9.428795764417639, 54.507512329742283, 0.0 ], [ 9.428805018978263, 54.507587807088257, 0.0 ], [ 9.428814813541045, 54.507664702488547, 0.0 ], [ 9.428816526518476, 54.507677835649133, 0.0 ], [ 9.428828589986885, 54.507767853247046, 0.0 ], [ 9.428841193755662, 54.507857841963002, 0.0 ], [ 9.428854337922463, 54.507947810783662, 0.0 ], [ 9.428868022490306, 54.508037759708834, 0.0 ], [ 9.428882232019612, 54.508127688793188, 0.0 ], [ 9.428896997306863, 54.508217588939978, 0.0 ], [ 9.428912303006284, 54.508307469190733, 0.0 ], [ 9.428928149121065, 54.50839732954519, 0.0 ], [ 9.428944535654967, 54.508487170003164, 0.0 ], [ 9.428961462517378, 54.508576981577576, 0.0 ], [ 9.428978929900172, 54.508666782241853, 0.0 ], [ 9.428996937524255, 54.508756545035297, 0.0 ], [ 9.429015485675718, 54.508846296918101, 0.0 ], [ 9.429034589707992, 54.508936028848389, 0.0 ], [ 9.429054218642008, 54.509025731948704, 0.0 ], [ 9.429074403464114, 54.509115415095962, 0.0 ], [ 9.429095128733598, 54.509205078344735, 0.0 ], [ 9.429116409803873, 54.509294712652974, 0.0 ], [ 9.429138215978806, 54.509384336103864, 0.0 ], [ 9.429165665960062, 54.509484867894599, 0.0 ], [ 9.429165665960062, 54.509484867894599, 0.0 ] ], [ [ 9.429248943880529, 54.505758150133438, 0.0 ], [ 9.429297048276366, 54.505937506938572, 0.0 ], [ 9.429320045713107, 54.50602746768314, 0.0 ], [ 9.429342503029073, 54.506117457303326, 0.0 ], [ 9.42936438933498, 54.506207475909214, 0.0 ], [ 9.429385750956019, 54.506297523336428, 0.0 ], [ 9.42940655690823, 54.506387590708236, 0.0 ], [ 9.429426807282679, 54.506477687011767, 0.0 ], [ 9.429446517518507, 54.506567812192365, 0.0 ], [ 9.429465672169165, 54.506657966305255, 0.0 ], [ 9.429484286674088, 54.506748149295767, 0.0 ], [ 9.429502345587, 54.506838361219081, 0.0 ], [ 9.429519864252676, 54.506928593033713, 0.0 ], [ 9.42953684285645, 54.507018862713537, 0.0 ], [ 9.429553265762719, 54.507109152340057, 0.0 ], [ 9.42956914850574, 54.507199470845407, 0.0 ], [ 9.429584475543857, 54.50728980929793, 0.0 ], [ 9.429599262505794, 54.507380185616533, 0.0 ], [ 9.429613493755889, 54.507470581882721, 0.0 ], [ 9.429627184922655, 54.507561016015408, 0.0 ], [ 9.429627816893831, 54.507565309634877, 0.0 ], [ 9.429640320370286, 54.507651470096043, 0.0 ], [ 9.429652915633076, 54.507741953056737, 0.0 ], [ 9.42966488659845, 54.507831809133464, 0.0 ], [ 9.429664970707478, 54.507832464897682, 0.0 ], [ 9.429676470051785, 54.507922996687086, 0.0 ], [ 9.429687413851221, 54.508013566398795, 0.0 ], [ 9.429697832800786, 54.508104155949468, 0.0 ], [ 9.429707680660096, 54.508194774490875, 0.0 ], [ 9.429716988313009, 54.50828542191325, 0.0 ], [ 9.429725755755902, 54.50837609821675, 0.0 ], [ 9.42973396744701, 54.508466794469591, 0.0 ], [ 9.429741623571401, 54.508557528645582, 0.0 ], [ 9.429748739380546, 54.50864828271623, 0.0 ], [ 9.429755299521434, 54.508739065723361, 0.0 ], [ 9.42976131943405, 54.508829877612172, 0.0 ], [ 9.429766783671056, 54.508920718437686, 0.0 ], [ 9.429771692228877, 54.509011588199975, 0.0 ], [ 9.429776060547663, 54.509102486844171, 0.0 ], [ 9.429779873085227, 54.509193405438452, 0.0 ], [ 9.429783129932316, 54.509284352969701, 0.0 ], [ 9.429780811888374, 54.509365074962581, 0.0 ], [ 9.429780811888374, 54.509365074962581, 0.0 ] ], [ [ 9.429165665960062, 54.509484867894599, 0.0 ], [ 9.429780811888374, 54.509365074962581, 0.0 ] ], [ [ 9.452668105994533, 54.411500453238439, 0.0 ], [ 9.449194381010804, 54.415029425589829, 0.0 ], [ 9.446036920405808, 54.418236495156364, 0.0 ], [ 9.442731596467413, 54.421593103513601, 0.0 ], [ 9.439368800125658, 54.425007445401434, 0.0 ], [ 9.435844863884267, 54.428584682093266, 0.0 ], [ 9.43312423521966, 54.431345961021712, 0.0 ], [ 9.429639088764606, 54.434882554903673, 0.0 ], [ 9.427059117296436, 54.437500159721736, 0.0 ], [ 9.425257690007051, 54.439327619680199, 0.0 ], [ 9.423178716971377, 54.441436410028267, 0.0 ], [ 9.423440316405424, 54.445040652224975, 0.0 ], [ 9.423641151973083, 54.447807393967757, 0.0 ], [ 9.423952905301421, 54.452101226842537, 0.0 ], [ 9.424224143206935, 54.455836209742941, 0.0 ], [ 9.424536149975681, 54.46013186811863, 0.0 ], [ 9.424802838738144, 54.463802853858994, 0.0 ], [ 9.425106871281628, 54.46798703782386, 0.0 ], [ 9.425370621308883, 54.471615949887628, 0.0 ], [ 9.425674539152118, 54.475796838294016, 0.0 ], [ 9.4259029896256, 54.478939103815129, 0.0 ], [ 9.426161752079425, 54.482497412931437, 0.0 ], [ 9.42640261931645, 54.485809209826947, 0.0 ], [ 9.426900154295772, 54.489637571269803, 0.0 ], [ 9.427451505055618, 54.493879247525392, 0.0 ], [ 9.427950146636437, 54.497714561023869, 0.0 ], [ 9.428501668338686, 54.501955786219753, 0.0 ], [ 9.428997671378413, 54.505769225195941, 0.0 ], [ 9.429473239375907, 54.509424971819236, 0.0 ] ], [ [ 9.724449371151479, 54.288634967388688, 0.0 ], [ 9.724733784281275, 54.288739572468167, 0.0 ], [ 9.724864260041103, 54.288783447487148, 0.0 ], [ 9.724995353237153, 54.288826599640132, 0.0 ], [ 9.725127079067166, 54.288869019846068, 0.0 ], [ 9.725259406804609, 54.288910708287744, 0.0 ], [ 9.725392367165414, 54.288951664778324, 0.0 ], [ 9.725525944784, 54.288991889408209, 0.0 ], [ 9.725660155015737, 54.289031382082911, 0.0 ], [ 9.725663444117153, 54.289032341934472, 0.0 ], [ 9.725794982494604, 54.289070142892832, 0.0 ], [ 9.725930427056404, 54.289108162849246, 0.0 ], [ 9.726066519417865, 54.289145441765051, 0.0 ], [ 9.726203228851572, 54.289181979823177, 0.0 ], [ 9.726340570712306, 54.289217776928972, 0.0 ], [ 9.726478544836128, 54.289252824093651, 0.0 ], [ 9.726617166578283, 54.289287121222465, 0.0 ], [ 9.726756420571704, 54.289320668405807, 0.0 ], [ 9.726849088254422, 54.289338388217843, 0.0 ], [ 9.726871583216589, 54.289339225518546, 0.0 ], [ 9.726871583216589, 54.289339225518546, 0.0 ] ], [ [ 9.724705411551074, 54.288520156943463, 0.0 ], [ 9.724826823316365, 54.288542201585628, 0.0 ], [ 9.724971358382284, 54.288579269184382, 0.0 ], [ 9.725115185650782, 54.28861713178118, 0.0 ], [ 9.725258289610164, 54.288655780484206, 0.0 ], [ 9.725400701304176, 54.288695233084539, 0.0 ], [ 9.725542405061796, 54.288735471703674, 0.0 ], [ 9.725683385686748, 54.288776505423243, 0.0 ], [ 9.72582365854592, 54.288818334153241, 0.0 ], [ 9.725898752222797, 54.28884115094656, 0.0 ], [ 9.725963223803577, 54.288860966882766, 0.0 ], [ 9.726102066104275, 54.288904403706823, 0.0 ], [ 9.726240200815305, 54.28894864453531, 0.0 ], [ 9.726377612581478, 54.288993689463176, 0.0 ], [ 9.726514301408448, 54.289039538492851, 0.0 ], [ 9.72665025225762, 54.289086209692776, 0.0 ], [ 9.72678549553981, 54.289133684906766, 0.0 ], [ 9.726919985652785, 54.289181991375145, 0.0 ], [ 9.72707702458931, 54.289244901416424, 0.0 ], [ 9.72707702458931, 54.289244901416424, 0.0 ] ], [ [ 9.724449371151479, 54.288634967388688, 0.0 ], [ 9.724705411551074, 54.288520156943463, 0.0 ] ], [ [ 9.726871583216589, 54.289339225518546, 0.0 ], [ 9.72707702458931, 54.289244901416424, 0.0 ] ], [ [ 9.726871583216589, 54.289339225518546, 0.0 ], [ 9.727090394660275, 54.289476153746193, 0.0 ], [ 9.727197277571685, 54.289540912047215, 0.0 ], [ 9.727304677392313, 54.289605343579574, 0.0 ], [ 9.727412578760902, 54.289669448434637, 0.0 ], [ 9.727520981835925, 54.289733235597737, 0.0 ], [ 9.727629901819869, 54.289796695988137, 0.0 ], [ 9.7277393233511, 54.289859829697157, 0.0 ], [ 9.727849261949181, 54.289922645617402, 0.0 ], [ 9.72795970225263, 54.289985143840212, 0.0 ], [ 9.728070644102759, 54.290047315377578, 0.0 ], [ 9.728182103018566, 54.290109169121955, 0.0 ], [ 9.728232569358902, 54.290136968596684, 0.0 ], [ 9.728294063480396, 54.290170696178087, 0.0 ], [ 9.728406541007354, 54.290231905438446, 0.0 ], [ 9.728463124891503, 54.290262471993117, 0.0 ], [ 9.728519504718014, 54.290292788100615, 0.0 ], [ 9.72863300085452, 54.2903533528713, 0.0 ], [ 9.728746983174005, 54.290413591040959, 0.0 ], [ 9.728861482556663, 54.290473511409139, 0.0 ], [ 9.728976483482693, 54.290533105080641, 0.0 ], [ 9.729092001471281, 54.290592380947729, 0.0 ], [ 9.729208021160444, 54.290651339101927, 0.0 ], [ 9.729324542391126, 54.290709970555078, 0.0 ], [ 9.729441580524011, 54.290768275212784, 0.0 ], [ 9.72955912035596, 54.290826262153232, 0.0 ], [ 9.729677177088695, 54.290883922295265, 0.0 ], [ 9.729795735519094, 54.290941264717063, 0.0 ], [ 9.729914810849339, 54.290998280337455, 0.0 ], [ 9.730034387716589, 54.291054969248002, 0.0 ], [ 9.730149922006133, 54.291106316904873, 0.0 ], [ 9.730149922006133, 54.291106316904873, 0.0 ] ], [ [ 9.727403311952235, 54.289095095003873, 0.0 ], [ 9.727631944453073, 54.289204370917062, 0.0 ], [ 9.727748187280955, 54.289262385421857, 0.0 ], [ 9.727863928913029, 54.289320708421457, 0.0 ], [ 9.727979154147336, 54.289379348996768, 0.0 ], [ 9.728093862984704, 54.289438307149283, 0.0 ], [ 9.728208070627929, 54.289497573800944, 0.0 ], [ 9.728321746513815, 54.28955715812549, 0.0 ], [ 9.728434921206354, 54.289617050952089, 0.0 ], [ 9.728547594705867, 54.289677252282118, 0.0 ], [ 9.72865973644921, 54.289737771289388, 0.0 ], [ 9.728771376999953, 54.289798598802918, 0.0 ], [ 9.728817218409217, 54.289823747679065, 0.0 ], [ 9.728882501156498, 54.289859743903705, 0.0 ], [ 9.728993124121279, 54.289921197513529, 0.0 ], [ 9.729048408657313, 54.289952131159346, 0.0 ], [ 9.72910323053318, 54.289982959726728, 0.0 ], [ 9.729212820551419, 54.290045039531336, 0.0 ], [ 9.729321894176165, 54.2901074369288, 0.0 ], [ 9.729430466451008, 54.290170133854147, 0.0 ], [ 9.729538522333034, 54.29023314837508, 0.0 ], [ 9.729646077183272, 54.290296480399981, 0.0 ], [ 9.729753115481692, 54.290360121036521, 0.0 ], [ 9.729859637228389, 54.290424070286036, 0.0 ], [ 9.729965642582243, 54.290488337136594, 0.0 ], [ 9.730071146746081, 54.290552912509803, 0.0 ], [ 9.7301761191559, 54.290617805579764, 0.0 ], [ 9.730280590375138, 54.290683007175033, 0.0 ], [ 9.73038456056349, 54.290748526283593, 0.0 ], [ 9.730487998997553, 54.290814363092942, 0.0 ], [ 9.730594549776864, 54.290885025289739, 0.0 ], [ 9.730594549776864, 54.290885025289739, 0.0 ] ], [ [ 9.726871583216589, 54.289339225518546, 0.0 ], [ 9.727403311952235, 54.289095095003873, 0.0 ] ], [ [ 9.730149922006133, 54.291106316904873, 0.0 ], [ 9.730594549776864, 54.290885025289739, 0.0 ] ], [ [ 9.730149922006133, 54.291106316904873, 0.0 ], [ 9.730297943494191, 54.291257095657357, 0.0 ], [ 9.730376089049809, 54.291333879958913, 0.0 ], [ 9.730454799463175, 54.291410445083251, 0.0 ], [ 9.730534074577045, 54.291486782042597, 0.0 ], [ 9.730613929755192, 54.291562890742725, 0.0 ], [ 9.730694365158449, 54.291638780169166, 0.0 ], [ 9.730775365267867, 54.29171444142721, 0.0 ], [ 9.7308569454469, 54.291789874422591, 0.0 ], [ 9.73093909033561, 54.29186507924728, 0.0 ], [ 9.731021800094522, 54.291940064886802, 0.0 ], [ 9.731105090087796, 54.29201483124686, 0.0 ], [ 9.731188398364218, 54.292088878426988, 0.0 ], [ 9.731188944636676, 54.29208936044602, 0.0 ], [ 9.731273364060957, 54.29216367045651, 0.0 ], [ 9.731350468151089, 54.292230906579448, 0.0 ], [ 9.731358363724773, 54.292237761183912, 0.0 ], [ 9.731443928108428, 54.292311623733561, 0.0 ], [ 9.731530057213112, 54.292385258104261, 0.0 ], [ 9.731616766562334, 54.292458673188221, 0.0 ], [ 9.731704040636092, 54.292531860090811, 0.0 ], [ 9.731791879595363, 54.292604827797433, 0.0 ], [ 9.731880283441781, 54.292677576306879, 0.0 ], [ 9.73196925185753, 54.292750087644542, 0.0 ], [ 9.732058800685383, 54.292822388675965, 0.0 ], [ 9.732148898883025, 54.292894461613045, 0.0 ], [ 9.732239577176738, 54.292966306267971, 0.0 ], [ 9.732330820364787, 54.293037931719397, 0.0 ], [ 9.73242264365194, 54.293109328886089, 0.0 ], [ 9.732515016473958, 54.293180506940054, 0.0 ], [ 9.732607969397751, 54.293251456706642, 0.0 ], [ 9.732701598947612, 54.293321557450525, 0.0 ], [ 9.732701598947612, 54.293321557450525, 0.0 ] ], [ [ 9.730594549776864, 54.290885025289739, 0.0 ], [ 9.730786192334181, 54.291034289766813, 0.0 ], [ 9.730877497403082, 54.291107192190914, 0.0 ], [ 9.73096820751141, 54.291180313857382, 0.0 ], [ 9.731058322975858, 54.29125367274095, 0.0 ], [ 9.731147843317224, 54.291327241882904, 0.0 ], [ 9.731236784373007, 54.2914010481514, 0.0 ], [ 9.731325145823268, 54.291475073574375, 0.0 ], [ 9.731412896942794, 54.291549318339499, 0.0 ], [ 9.731500068612498, 54.291623791248369, 0.0 ], [ 9.731586660671372, 54.291698483315542, 0.0 ], [ 9.731672657915217, 54.291773403622173, 0.0 ], [ 9.731758060182921, 54.291848543182866, 0.0 ], [ 9.731762133890623, 54.291852140472812, 0.0 ], [ 9.731842882993947, 54.291923910892301, 0.0 ], [ 9.731917914487189, 54.291991204178345, 0.0 ], [ 9.731927110825062, 54.291999497858306, 0.0 ], [ 9.732010759036518, 54.292075303988824, 0.0 ], [ 9.732093827785819, 54.292151338271715, 0.0 ], [ 9.732176301549648, 54.292227591814843, 0.0 ], [ 9.732258195847605, 54.292304073512753, 0.0 ], [ 9.732339510518569, 54.292380774379964, 0.0 ], [ 9.732420230197929, 54.292457694511015, 0.0 ], [ 9.732500354884127, 54.292534833907041, 0.0 ], [ 9.732579915459111, 54.292612201369202, 0.0 ], [ 9.732658881196336, 54.292689797085337, 0.0 ], [ 9.732737267137008, 54.292767602989947, 0.0 ], [ 9.732815058236133, 54.29284563715084, 0.0 ], [ 9.732892269693862, 54.292923890489106, 0.0 ], [ 9.73296890166843, 54.293002371992522, 0.0 ], [ 9.733044938635114, 54.293081072768935, 0.0 ], [ 9.733119519818361, 54.293159971091747, 0.0 ], [ 9.733119519818361, 54.293159971091747, 0.0 ] ], [ [ 9.732701598947612, 54.293321557450525, 0.0 ], [ 9.733119519818361, 54.293159971091747, 0.0 ] ], [ [ 9.732701598947612, 54.293321557450525, 0.0 ], [ 9.732855592360947, 54.293475415471327, 0.0 ], [ 9.732933696817611, 54.293551973672791, 0.0 ], [ 9.733012305176372, 54.293628340018856, 0.0 ], [ 9.733091402076553, 54.293704514601949, 0.0 ], [ 9.733171018244457, 54.293780497234259, 0.0 ], [ 9.73325112295699, 54.293856288101665, 0.0 ], [ 9.733331746940996, 54.293931887016235, 0.0 ], [ 9.733412859312919, 54.294007285177237, 0.0 ], [ 9.73349447575656, 54.294082500463517, 0.0 ], [ 9.733576595953934, 54.294157514900739, 0.0 ], [ 9.733659204703654, 54.294232337568054, 0.0 ], [ 9.733742332732771, 54.294306968277425, 0.0 ], [ 9.733792119701103, 54.294351351766238, 0.0 ], [ 9.733825964680198, 54.294381407121264, 0.0 ], [ 9.733840747700613, 54.294394493007971, 0.0 ], [ 9.733910085024752, 54.294455645205439, 0.0 ], [ 9.733994709450128, 54.294529700408752, 0.0 ], [ 9.734079837638559, 54.29460355475674, 0.0 ], [ 9.734165469751176, 54.294677217235034, 0.0 ], [ 9.734251605949513, 54.29475069682924, 0.0 ], [ 9.734338245755064, 54.294823966578264, 0.0 ], [ 9.734425389649376, 54.294897053441019, 0.0 ], [ 9.734513037473558, 54.294969948429774, 0.0 ], [ 9.734601173706173, 54.295042642650358, 0.0 ], [ 9.734689829394837, 54.295115153887807, 0.0 ], [ 9.734778973494594, 54.295187464354896, 0.0 ], [ 9.734868636733248, 54.295259573863248, 0.0 ], [ 9.734963669271398, 54.295333780639012, 0.0 ], [ 9.734963669271398, 54.295333780639012, 0.0 ] ], [ [ 9.733119519818361, 54.293159971091747, 0.0 ], [ 9.733299809775298, 54.293302155445829, 0.0 ], [ 9.733388979850249, 54.29337369384789, 0.0 ], [ 9.733477631425197, 54.293445433067212, 0.0 ], [ 9.733565810266457, 54.293517354851154, 0.0 ], [ 9.733653485967491, 54.293589477361103, 0.0 ], [ 9.733740673729477, 54.293661791517941, 0.0 ], [ 9.733827358028709, 54.293734288429604, 0.0 ], [ 9.733913554546275, 54.293806985976978, 0.0 ], [ 9.733999262960488, 54.293879866187766, 0.0 ], [ 9.734084468227838, 54.293952947129874, 0.0 ], [ 9.734169185549071, 54.294026219724152, 0.0 ], [ 9.734253414763431, 54.294099674984956, 0.0 ], [ 9.734304969701517, 54.294144964234775, 0.0 ], [ 9.734337140825849, 54.294173330980243, 0.0 ], [ 9.734353765700623, 54.294188032347449, 0.0 ], [ 9.734420378938374, 54.294247178630783, 0.0 ], [ 9.734503113576592, 54.294321209044497, 0.0 ], [ 9.734585375784269, 54.294395440008579, 0.0 ], [ 9.73466711931178, 54.294469862818154, 0.0 ], [ 9.734748390086011, 54.294544468206695, 0.0 ], [ 9.73482915769989, 54.294619274335822, 0.0 ], [ 9.73490943735486, 54.294694272126193, 0.0 ], [ 9.734989213525754, 54.294769452685806, 0.0 ], [ 9.735068501894478, 54.294844833895297, 0.0 ], [ 9.735147302299742, 54.294920406768945, 0.0 ], [ 9.735225599376299, 54.294996171401436, 0.0 ], [ 9.73530340848597, 54.295072127699996, 0.0 ], [ 9.735376036942952, 54.295146192197727, 0.0 ], [ 9.735376036942952, 54.295146192197727, 0.0 ] ], [ [ 9.734963669271398, 54.295333780639012, 0.0 ], [ 9.735376036942952, 54.295146192197727, 0.0 ] ], [ [ 9.734963716001745, 54.295333816304655, 0.0 ], [ 9.735156531727077, 54.295477018000319, 0.0 ], [ 9.735252175092116, 54.295546646114879, 0.0 ], [ 9.735348198857816, 54.295616047142175, 0.0 ], [ 9.735444649434505, 54.295685238773494, 0.0 ], [ 9.735541511139626, 54.295754203128205, 0.0 ], [ 9.735638784293423, 54.295822958178654, 0.0 ], [ 9.735736453373368, 54.295891495030943, 0.0 ], [ 9.735834533582651, 54.295959804603712, 0.0 ], [ 9.735933025242581, 54.296027904869227, 0.0 ], [ 9.736031928193116, 54.296095786839871, 0.0 ], [ 9.736131227071377, 54.296163450608468, 0.0 ], [ 9.736230952604469, 54.296230895986326, 0.0 ], [ 9.736331073905678, 54.296298114173496, 0.0 ], [ 9.736431591296057, 54.296365123142245, 0.0 ], [ 9.736532535503171, 54.296431922703924, 0.0 ], [ 9.7366338754792, 54.296498495071837, 0.0 ], [ 9.73673562674878, 54.296564849137802, 0.0 ], [ 9.736837789311977, 54.296630984900801, 0.0 ], [ 9.736890048794173, 54.296664629744249, 0.0 ], [ 9.736934037238843, 54.296692860643716, 0.0 ], [ 9.736940363330064, 54.296696911346395, 0.0 ], [ 9.737043333117919, 54.296762610594207, 0.0 ], [ 9.73714672972503, 54.29682810042862, 0.0 ], [ 9.737250506739066, 54.296893363157146, 0.0 ], [ 9.737354710572649, 54.296958416470154, 0.0 ], [ 9.737459325701847, 54.297023251473938, 0.0 ], [ 9.737564336602359, 54.297087859274718, 0.0 ], [ 9.737669758959536, 54.297152257750795, 0.0 ], [ 9.737775592613078, 54.297216437914436, 0.0 ], [ 9.737881837563032, 54.29728039976456, 0.0 ], [ 9.737988478445796, 54.297344143394135, 0.0 ], [ 9.738095545989392, 54.297407668613999, 0.0 ], [ 9.738203009305083, 54.297470966624523, 0.0 ], [ 9.73831088407897, 54.297534055303871, 0.0 ], [ 9.738419170150129, 54.297596925664266, 0.0 ], [ 9.738527867518819, 54.297659577704657, 0.0 ], [ 9.738636976024145, 54.297722002437254, 0.0 ], [ 9.738746495988128, 54.297784217834248, 0.0 ], [ 9.738856427088919, 54.297846205921246, 0.0 ], [ 9.738966769487803, 54.297907975683749, 0.0 ], [ 9.73907787285629, 54.297969318261117, 0.0 ], [ 9.73907787285629, 54.297969318261117, 0.0 ] ], [ [ 9.735375990212578, 54.29514615653224, 0.0 ], [ 9.735598166133917, 54.295269396614749, 0.0 ], [ 9.735709911345957, 54.295332949328362, 0.0 ], [ 9.735821246102933, 54.295396729135277, 0.0 ], [ 9.735932155041567, 54.295460736130494, 0.0 ], [ 9.736042622798479, 54.295524970408927, 0.0 ], [ 9.736152664736329, 54.295589431877971, 0.0 ], [ 9.73626229621901, 54.295654120444972, 0.0 ], [ 9.736371486518967, 54.295719036298721, 0.0 ], [ 9.736480250999925, 54.295784179346533, 0.0 ], [ 9.736588605024942, 54.295849549495713, 0.0 ], [ 9.736696517706262, 54.295915137948462, 0.0 ], [ 9.736804004728114, 54.295980962585389, 0.0 ], [ 9.736911065769386, 54.296047005434282, 0.0 ], [ 9.737017716353776, 54.296113275389004, 0.0 ], [ 9.737123925754039, 54.296179772638538, 0.0 ], [ 9.737229709333221, 54.29624649709006, 0.0 ], [ 9.737335067091147, 54.296313448744755, 0.0 ], [ 9.737440014391124, 54.296380627509642, 0.0 ], [ 9.737441304512656, 54.296381455467873, 0.0 ], [ 9.737485216853754, 54.296409722583974, 0.0 ], [ 9.737544520344997, 54.296448024587193, 0.0 ], [ 9.73764860063716, 54.296515657857846, 0.0 ], [ 9.737752254946136, 54.296583509349354, 0.0 ], [ 9.737855498795662, 54.296651587955481, 0.0 ], [ 9.737958301458391, 54.29671989386533, 0.0 ], [ 9.738060678296995, 54.296788426985977, 0.0 ], [ 9.73816262931147, 54.296857187318487, 0.0 ], [ 9.738264154501444, 54.296926174863941, 0.0 ], [ 9.738365253866311, 54.296995389623405, 0.0 ], [ 9.738465927405676, 54.297064831597957, 0.0 ], [ 9.738566174958299, 54.297134491801998, 0.0 ], [ 9.738665996845056, 54.297204388209884, 0.0 ], [ 9.738765392905044, 54.297274511836029, 0.0 ], [ 9.738864347612759, 54.297344853788978, 0.0 ], [ 9.73896287665333, 54.297415431948927, 0.0 ], [ 9.739060995067975, 54.29748622824944, 0.0 ], [ 9.739158672450996, 54.297557260853218, 0.0 ], [ 9.739255908640201, 54.297628520774673, 0.0 ], [ 9.739352734362873, 54.297700007826428, 0.0 ], [ 9.739448645020479, 54.297771859919244, 0.0 ], [ 9.739448645020479, 54.297771859919244, 0.0 ] ], [ [ 9.734963716001745, 54.295333816304655, 0.0 ], [ 9.735375990212578, 54.29514615653224, 0.0 ] ], [ [ 9.73907787285629, 54.297969318261117, 0.0 ], [ 9.739448645020479, 54.297771859919244, 0.0 ] ], [ [ 9.73907787285629, 54.297969318261117, 0.0 ], [ 9.739265534350061, 54.298110657600574, 0.0 ], [ 9.739360202880727, 54.298180890615946, 0.0 ], [ 9.739455252134691, 54.298250914506035, 0.0 ], [ 9.739550727883634, 54.298320711013943, 0.0 ], [ 9.73964658451853, 54.298390307381339, 0.0 ], [ 9.739742852285104, 54.298459676458862, 0.0 ], [ 9.739839531505773, 54.298528836218829, 0.0 ], [ 9.739936606817469, 54.29859778675452, 0.0 ], [ 9.740034078058553, 54.298666519078381, 0.0 ], [ 9.740131945391418, 54.298735042176112, 0.0 ], [ 9.74023022401945, 54.298803346965734, 0.0 ], [ 9.740328898739964, 54.298871442527265, 0.0 ], [ 9.740427984756719, 54.298939319778718, 0.0 ], [ 9.740527466866606, 54.299006987800105, 0.0 ], [ 9.740627344908919, 54.299074437603835, 0.0 ], [ 9.740727619045312, 54.299141678175545, 0.0 ], [ 9.740828304479336, 54.299208700433191, 0.0 ], [ 9.740929386008389, 54.299275513456863, 0.0 ], [ 9.741030878997329, 54.299342117151063, 0.0 ], [ 9.741132752555753, 54.299408502717107, 0.0 ], [ 9.741235037574937, 54.299474678951675, 0.0 ], [ 9.741285454035499, 54.299507119897335, 0.0 ], [ 9.741285454035499, 54.299507119897335, 0.0 ], [ 9.74133773389338, 54.299540636867114, 0.0 ], [ 9.741440810782345, 54.299606376651354, 0.0 ], [ 9.741544299294327, 54.299671916087711, 0.0 ], [ 9.741648183742031, 54.299737237296377, 0.0 ], [ 9.741752479490385, 54.299802340181749, 0.0 ], [ 9.741857171336491, 54.299867233824024, 0.0 ], [ 9.741962259119072, 54.299931909235497, 0.0 ], [ 9.742067742999572, 54.299996375401776, 0.0 ], [ 9.742173638181631, 54.300060623240611, 0.0 ], [ 9.742279929462523, 54.300124661832193, 0.0 ], [ 9.742386632207257, 54.30018849108081, 0.0 ], [ 9.742493730889228, 54.300252102093395, 0.0 ], [ 9.742601225508603, 54.300315494868912, 0.0 ], [ 9.742709131592452, 54.30037867829828, 0.0 ], [ 9.742817448979052, 54.300441643393725, 0.0 ], [ 9.742926147100466, 54.300504399330222, 0.0 ], [ 9.743035271727686, 54.300566927849346, 0.0 ], [ 9.743144777251793, 54.300629256193979, 0.0 ], [ 9.74325470944432, 54.300691366105653, 0.0 ], [ 9.743365022209844, 54.300753257867427, 0.0 ], [ 9.743475761643907, 54.30081493119399, 0.0 ], [ 9.743586897178321, 54.300876395260353, 0.0 ], [ 9.743698933921959, 54.300937539097745, 0.0 ], [ 9.743698933921959, 54.300937539097745, 0.0 ] ], [ [ 9.739448645020479, 54.297771859919244, 0.0 ], [ 9.739671694419302, 54.297894350178119, 0.0 ], [ 9.739782405450104, 54.297956036047282, 0.0 ], [ 9.739892690483867, 54.298017940133228, 0.0 ], [ 9.740002595612909, 54.298080062154121, 0.0 ], [ 9.740112089947669, 54.298142393313007, 0.0 ], [ 9.740221188852148, 54.298204933516693, 0.0 ], [ 9.74032987712342, 54.298267691847229, 0.0 ], [ 9.740438170125181, 54.298330668211349, 0.0 ], [ 9.740546052332178, 54.298393853717847, 0.0 ], [ 9.740653539108401, 54.298457248273429, 0.0 ], [ 9.740760630615, 54.298520860865786, 0.0 ], [ 9.740867326851921, 54.29858469149594, 0.0 ], [ 9.740973612293216, 54.29864873127277, 0.0 ], [ 9.741079502302975, 54.298712980102863, 0.0 ], [ 9.74118498167806, 54.298777447068424, 0.0 ], [ 9.741290065782657, 54.29884213207599, 0.0 ], [ 9.741394754293609, 54.29890701715334, 0.0 ], [ 9.741499047695159, 54.298972129261379, 0.0 ], [ 9.741602930137946, 54.299037441535759, 0.0 ], [ 9.741706417470986, 54.299102980842918, 0.0 ], [ 9.741809509209187, 54.299168720223932, 0.0 ], [ 9.741860016960997, 54.299201106443697, 0.0 ], [ 9.741860016960997, 54.299201106443697, 0.0 ], [ 9.741912190310822, 54.299234677747684, 0.0 ], [ 9.742014476140211, 54.299300853320595, 0.0 ], [ 9.742116366535706, 54.299367237957064, 0.0 ], [ 9.74221786149633, 54.299433831658035, 0.0 ], [ 9.74231894581926, 54.299500643505837, 0.0 ], [ 9.742419634706945, 54.299567664420181, 0.0 ], [ 9.742519912956125, 54.299634903483316, 0.0 ], [ 9.742619795931132, 54.299702360601628, 0.0 ], [ 9.742719283469711, 54.29977002678946, 0.0 ], [ 9.742818360206833, 54.29983790214245, 0.0 ], [ 9.742917041668374, 54.299905995553573, 0.0 ], [ 9.743015327692314, 54.299974298037142, 0.0 ], [ 9.743113203075415, 54.300042818675479, 0.0 ], [ 9.743210683181514, 54.300111557374819, 0.0 ], [ 9.743307752483867, 54.300180505244235, 0.0 ], [ 9.743404426346842, 54.300249662189998, 0.0 ], [ 9.74350070509351, 54.300319046186267, 0.0 ], [ 9.743596557669735, 54.300388639450297, 0.0 ], [ 9.743692030169981, 54.30045844169873, 0.0 ], [ 9.743787092025599, 54.300528462108716, 0.0 ], [ 9.743881743236306, 54.300598700681164, 0.0 ], [ 9.743975983800903, 54.300669157417076, 0.0 ], [ 9.744069650053129, 54.300740129919674, 0.0 ], [ 9.744069650053129, 54.300740129919674, 0.0 ] ], [ [ 9.743698933921959, 54.300937539097745, 0.0 ], [ 9.744069650053129, 54.300740129919674, 0.0 ] ], [ [ 9.743698933921959, 54.300937539097745, 0.0 ], [ 9.743895186263483, 54.301077281368379, 0.0 ], [ 9.743994311175349, 54.301146692344794, 0.0 ], [ 9.744093877638319, 54.301215857848298, 0.0 ], [ 9.744193931587368, 54.301284768606685, 0.0 ], [ 9.744294427250736, 54.301353442876518, 0.0 ], [ 9.744395395197369, 54.301421871480407, 0.0 ], [ 9.744496835266039, 54.301490045430455, 0.0 ], [ 9.744598732416064, 54.30155798279371, 0.0 ], [ 9.744701086323246, 54.301625665595694, 0.0 ], [ 9.744803912678163, 54.301693111713661, 0.0 ], [ 9.744907195953438, 54.30176031225465, 0.0 ], [ 9.744967525462631, 54.301799305313736, 0.0 ], [ 9.745010951352688, 54.301827258135965, 0.0 ], [ 9.745016610835119, 54.301830899104573, 0.0 ], [ 9.745115163835131, 54.301893967424597, 0.0 ], [ 9.745219833239263, 54.301960431132748, 0.0 ], [ 9.745324974768133, 54.302026640177573, 0.0 ], [ 9.74543057338167, 54.302092612626161, 0.0 ], [ 9.745536628917618, 54.302158339490681, 0.0 ], [ 9.745643156741901, 54.302223820674861, 0.0 ], [ 9.745750141489106, 54.302289056272571, 0.0 ], [ 9.745857583159692, 54.302354046282552, 0.0 ], [ 9.745965497119386, 54.302418790608534, 0.0 ], [ 9.746073868002529, 54.302483289344345, 0.0 ], [ 9.746182695809656, 54.302547542488739, 0.0 ], [ 9.746285110008397, 54.302604690066687, 0.0 ], [ 9.746285110008397, 54.302604690066687, 0.0 ] ], [ [ 9.744069650053129, 54.300740129919674, 0.0 ], [ 9.744284388899418, 54.300864532399835, 0.0 ], [ 9.744390907518964, 54.300927246552192, 0.0 ], [ 9.744496984925158, 54.300990188026546, 0.0 ], [ 9.744602621280103, 54.301053365810702, 0.0 ], [ 9.744707816583608, 54.301116779905819, 0.0 ], [ 9.744812570835297, 54.301180430313046, 0.0 ], [ 9.74491688403535, 54.301244317033529, 0.0 ], [ 9.74502075602064, 54.301308431081779, 0.0 ], [ 9.745124202481165, 54.301372790337219, 0.0 ], [ 9.745227207726868, 54.301437376922614, 0.0 ], [ 9.745329771919739, 54.301502199825755, 0.0 ], [ 9.745431895059133, 54.301567259047786, 0.0 ], [ 9.74543965309045, 54.301572226178607, 0.0 ], [ 9.745488845134801, 54.301603765193271, 0.0 ], [ 9.745533576982595, 54.301632545603148, 0.0 ], [ 9.745634818014704, 54.301698077466249, 0.0 ], [ 9.745735633195654, 54.301763836569855, 0.0 ], [ 9.745835991956522, 54.301829832091769, 0.0 ], [ 9.745935924865181, 54.301896054856371, 0.0 ], [ 9.746035416881414, 54.301962522933074, 0.0 ], [ 9.746134483044763, 54.30202921825456, 0.0 ], [ 9.74623309278625, 54.302096149998775, 0.0 ], [ 9.746331276837092, 54.302163317976529, 0.0 ], [ 9.746429019667888, 54.302230713297405, 0.0 ], [ 9.746526321604048, 54.302298353935733, 0.0 ], [ 9.746623182319636, 54.302366221919257, 0.0 ], [ 9.746726487592932, 54.302441168116438, 0.0 ], [ 9.746726487592932, 54.302441168116438, 0.0 ] ], [ [ 9.746285110008397, 54.302604690066687, 0.0 ], [ 9.746726487592932, 54.302441168116438, 0.0 ] ], [ [ 9.746285110008397, 54.302604690066687, 0.0 ], [ 9.746384045407556, 54.302770178098797, 0.0 ], [ 9.746437905781413, 54.302855739472903, 0.0 ], [ 9.746492317115749, 54.302941162596262, 0.0 ], [ 9.746547279576141, 54.303026456454766, 0.0 ], [ 9.746602777474314, 54.30311160316959, 0.0 ], [ 9.746658826504023, 54.303196620618031, 0.0 ], [ 9.746715411139727, 54.303281499907897, 0.0 ], [ 9.746772562116485, 54.303366240848028, 0.0 ], [ 9.746830233500779, 54.303450852709865, 0.0 ], [ 9.746888455865498, 54.303535326315611, 0.0 ], [ 9.746947229213305, 54.303619661664435, 0.0 ], [ 9.747006553547031, 54.303703858755583, 0.0 ], [ 9.747066413502745, 54.303787917683451, 0.0 ], [ 9.747126809246355, 54.303871847433818, 0.0 ], [ 9.74715844303322, 54.303915448135747, 0.0 ], [ 9.747182555452479, 54.303948516997622, 0.0 ], [ 9.747187755983926, 54.30395563892408, 0.0 ], [ 9.747249238514682, 54.304039301235221, 0.0 ], [ 9.747311271881916, 54.304122816297919, 0.0 ], [ 9.747373856414113, 54.3042062020846, 0.0 ], [ 9.747436976584606, 54.304289449702999, 0.0 ], [ 9.747500647925554, 54.304372568043661, 0.0 ], [ 9.747564854746825, 54.304455539227746, 0.0 ], [ 9.747629597377458, 54.30453838122763, 0.0 ], [ 9.747694906389876, 54.304621084865232, 0.0 ], [ 9.747760735849909, 54.304703659412169, 0.0 ], [ 9.747827131534304, 54.304786086608402, 0.0 ], [ 9.747894063038109, 54.304868384616846, 0.0 ], [ 9.747961530200785, 54.304950544450044, 0.0 ], [ 9.748029548555049, 54.305032574998357, 0.0 ], [ 9.748098117776992, 54.305114458287576, 0.0 ], [ 9.748167238195602, 54.305196212290049, 0.0 ], [ 9.748237319989302, 54.30527757381769, 0.0 ], [ 9.748237319989302, 54.30527757381769, 0.0 ] ], [ [ 9.746726487592932, 54.302441168116438, 0.0 ], [ 9.746869059904915, 54.302607886397134, 0.0 ], [ 9.746935921988161, 54.302688351902376, 0.0 ], [ 9.747002279699386, 54.302768955310093, 0.0 ], [ 9.747068101979103, 54.302849678838314, 0.0 ], [ 9.747133404515568, 54.302930540365935, 0.0 ], [ 9.747198186981478, 54.303011521920567, 0.0 ], [ 9.747262434333663, 54.303092641571503, 0.0 ], [ 9.747326177139161, 54.303173890142538, 0.0 ], [ 9.747389384662949, 54.303255267824916, 0.0 ], [ 9.747452072106077, 54.303336765537672, 0.0 ], [ 9.747514239791833, 54.303418401254817, 0.0 ], [ 9.747575887554712, 54.303500165990528, 0.0 ], [ 9.747637015392273, 54.303582059745608, 0.0 ], [ 9.747697623302008, 54.303664082520868, 0.0 ], [ 9.747757695915121, 54.303746234412408, 0.0 ], [ 9.747758767713883, 54.303747710724579, 0.0 ], [ 9.747782788642098, 54.303780798011275, 0.0 ], [ 9.747817263961609, 54.303828515230393, 0.0 ], [ 9.747876296706412, 54.303910925166207, 0.0 ], [ 9.747934809513081, 54.303993464125327, 0.0 ], [ 9.747992802379066, 54.304076132108499, 0.0 ], [ 9.748050290668454, 54.304158929021085, 0.0 ], [ 9.748107228279324, 54.304241855149954, 0.0 ], [ 9.748163661471288, 54.304324919196418, 0.0 ], [ 9.748219574549399, 54.304408103283265, 0.0 ], [ 9.74827496767395, 54.304491416397866, 0.0 ], [ 9.748329825475853, 54.304574858636315, 0.0 ], [ 9.748384163481909, 54.304658438890584, 0.0 ], [ 9.748437981363516, 54.304742139188122, 0.0 ], [ 9.748491279280918, 54.304825968516298, 0.0 ], [ 9.748544057394859, 54.304909935862376, 0.0 ], [ 9.748596315376407, 54.304994023253826, 0.0 ], [ 9.748648038182004, 54.305078248759941, 0.0 ], [ 9.748698721314764, 54.305162759316701, 0.0 ], [ 9.748698721314764, 54.305162759316701, 0.0 ] ], [ [ 9.748237319989302, 54.30527757381769, 0.0 ], [ 9.748698721314764, 54.305162759316701, 0.0 ] ], [ [ 9.748237319989302, 54.30527757381769, 0.0 ], [ 9.748340113941552, 54.305449947758618, 0.0 ], [ 9.748392500616955, 54.305536029687701, 0.0 ], [ 9.74844543827729, 54.305621973358377, 0.0 ], [ 9.748498926925286, 54.305707778769943, 0.0 ], [ 9.748552966563944, 54.305793445921651, 0.0 ], [ 9.748607557359723, 54.30587898379941, 0.0 ], [ 9.748662699151637, 54.305964383415805, 0.0 ], [ 9.748718392106211, 54.306049653756702, 0.0 ], [ 9.748774636062985, 54.306134785834736, 0.0 ], [ 9.748831446392042, 54.306219779553665, 0.0 ], [ 9.748888792525209, 54.306304644090226, 0.0 ], [ 9.748946689668774, 54.306389370361565, 0.0 ], [ 9.749005137826053, 54.306473958366901, 0.0 ], [ 9.749064137162604, 54.306558417092027, 0.0 ], [ 9.749123702885807, 54.306642737454041, 0.0 ], [ 9.749174485182712, 54.306713936497147, 0.0 ], [ 9.749183804263643, 54.306726919643069, 0.0 ], [ 9.749244456828999, 54.306810972549449, 0.0 ], [ 9.749259668565291, 54.306831909074326, 0.0 ], [ 9.749305660422175, 54.306894887185727, 0.0 ], [ 9.749367430412573, 54.306978663455517, 0.0 ], [ 9.74942973623183, 54.307062310535628, 0.0 ], [ 9.749492608454231, 54.307145819247559, 0.0 ], [ 9.749556016347492, 54.307229189781481, 0.0 ], [ 9.749619990812477, 54.307312430932079, 0.0 ], [ 9.749684516321395, 54.307395533807387, 0.0 ], [ 9.749749592876396, 54.307478498406503, 0.0 ], [ 9.749815220644285, 54.307561333715164, 0.0 ], [ 9.749881399463529, 54.307644030745848, 0.0 ], [ 9.74994814470497, 54.307726589402044, 0.0 ], [ 9.750015425635642, 54.307809009874042, 0.0 ], [ 9.750083273157383, 54.307891300956292, 0.0 ], [ 9.75015265544808, 54.307973456623827, 0.0 ], [ 9.75015265544808, 54.307973456623827, 0.0 ] ], [ [ 9.748698721314764, 54.305162759316701, 0.0 ], [ 9.748839719905062, 54.305325638311125, 0.0 ], [ 9.748909395682411, 54.305407406416691, 0.0 ], [ 9.748978521139044, 54.305489321702744, 0.0 ], [ 9.749047096109276, 54.305571375183654, 0.0 ], [ 9.749115120590357, 54.305653566860364, 0.0 ], [ 9.749182609946939, 54.305735896638303, 0.0 ], [ 9.749249548809466, 54.305818364613877, 0.0 ], [ 9.749315937174929, 54.305900970788009, 0.0 ], [ 9.749381775041165, 54.305983715161616, 0.0 ], [ 9.749447077772327, 54.30606659764004, 0.0 ], [ 9.749511814631759, 54.306149618415255, 0.0 ], [ 9.749576016351112, 54.306232777297105, 0.0 ], [ 9.749639667397107, 54.306316065395343, 0.0 ], [ 9.749702783461251, 54.306399500588512, 0.0 ], [ 9.749765333642744, 54.306483074082038, 0.0 ], [ 9.749814774024804, 54.306549733462859, 0.0 ], [ 9.749827348673373, 54.306566785685597, 0.0 ], [ 9.749888813183571, 54.306650635495608, 0.0 ], [ 9.749901060602069, 54.306667438092198, 0.0 ], [ 9.749949727170153, 54.306734623512938, 0.0 ], [ 9.750010105998147, 54.306818749642794, 0.0 ], [ 9.750069918929894, 54.306903014077207, 0.0 ], [ 9.750129196697497, 54.306987416625816, 0.0 ], [ 9.750187923930774, 54.307071957384998, 0.0 ], [ 9.750246100626892, 54.307156636355579, 0.0 ], [ 9.750303726946738, 54.307241462524971, 0.0 ], [ 9.750360802560284, 54.30732641792077, 0.0 ], [ 9.75041732762838, 54.307411511530326, 0.0 ], [ 9.750473317515867, 54.307496743258774, 0.0 ], [ 9.750528741647891, 54.307582122284792, 0.0 ], [ 9.750583615062645, 54.30766763054033, 0.0 ], [ 9.750637953451706, 54.307753285903601, 0.0 ], [ 9.750691041725243, 54.307839488283726, 0.0 ], [ 9.750691041725243, 54.307839488283726, 0.0 ] ], [ [ 9.75015265544808, 54.307973456623827, 0.0 ], [ 9.750691041725243, 54.307839488283726, 0.0 ] ], [ [ 9.75015265544808, 54.307973456623827, 0.0 ], [ 9.750255011822054, 54.308142928618537, 0.0 ], [ 9.750306914498239, 54.308227341012852, 0.0 ], [ 9.750359322242398, 54.308311624414046, 0.0 ], [ 9.750412235056436, 54.308395778821456, 0.0 ], [ 9.75046566847503, 54.308479813125388, 0.0 ], [ 9.750519591437579, 54.308563709543208, 0.0 ], [ 9.750574019641352, 54.308647485951845, 0.0 ], [ 9.750628952925814, 54.308731133363978, 0.0 ], [ 9.750684375925182, 54.308814651874648, 0.0 ], [ 9.750740319541821, 54.308898050278351, 0.0 ], [ 9.750796752714596, 54.308981310792532, 0.0 ], [ 9.75085370650994, 54.30906445119836, 0.0 ], [ 9.750911150193939, 54.309147471686479, 0.0 ], [ 9.750969098809732, 54.309230354187278, 0.0 ], [ 9.751027537318835, 54.309313116768941, 0.0 ], [ 9.751086496296899, 54.309395750252712, 0.0 ], [ 9.751145945173558, 54.309478263815876, 0.0 ], [ 9.75117556946714, 54.309519080816386, 0.0 ], [ 9.751205898991643, 54.309560639388756, 0.0 ], [ 9.751257280816848, 54.309630602501777, 0.0 ], [ 9.751266342713024, 54.30964289503958, 0.0 ], [ 9.751327307077013, 54.309725030576089, 0.0 ], [ 9.751388761021445, 54.309807028215793, 0.0 ], [ 9.751450720245048, 54.309888905835393, 0.0 ], [ 9.751513169217279, 54.309970654543278, 0.0 ], [ 9.751576138842106, 54.310052283133686, 0.0 ], [ 9.751639598056736, 54.310133773824248, 0.0 ], [ 9.751703562560214, 54.310215144491572, 0.0 ], [ 9.751768016985798, 54.310296395230623, 0.0 ], [ 9.751832991745493, 54.310377507875735, 0.0 ], [ 9.751898456432325, 54.310458500591032, 0.0 ], [ 9.751964426253389, 54.310539364293255, 0.0 ], [ 9.752030901374635, 54.31062010796812, 0.0 ], [ 9.752097866102094, 54.310700713737461, 0.0 ], [ 9.752165351503406, 54.310781199381935, 0.0 ], [ 9.752233326843481, 54.310861565092424, 0.0 ], [ 9.752301807165127, 54.310941792799014, 0.0 ], [ 9.752370792798663, 54.311021900474039, 0.0 ], [ 9.752440268213766, 54.311101879225916, 0.0 ], [ 9.752510264150164, 54.311181728861989, 0.0 ], [ 9.752580765241602, 54.311261449477236, 0.0 ], [ 9.752646862183655, 54.311317982499574, 0.0 ], [ 9.752646862183655, 54.311317982499574, 0.0 ] ], [ [ 9.750691041725243, 54.307839488283726, 0.0 ], [ 9.750830342392369, 54.30800102735828, 0.0 ], [ 9.750899087739876, 54.308081874372412, 0.0 ], [ 9.750967328671695, 54.308162859303472, 0.0 ], [ 9.751035064858206, 54.308243964179148, 0.0 ], [ 9.751102280928611, 54.308325189095974, 0.0 ], [ 9.751169007780772, 54.308406542850015, 0.0 ], [ 9.751235214676203, 54.308488025633523, 0.0 ], [ 9.751300916816444, 54.308569628365035, 0.0 ], [ 9.751366114199143, 54.30865135104532, 0.0 ], [ 9.75143080698605, 54.308733202661848, 0.0 ], [ 9.751494995174495, 54.308815183215451, 0.0 ], [ 9.751558663230401, 54.308897283816087, 0.0 ], [ 9.751621841887024, 54.308979504272997, 0.0 ], [ 9.751684500570031, 54.309061853765172, 0.0 ], [ 9.7517466698491, 54.309144323115184, 0.0 ], [ 9.751808334517801, 54.309226921406236, 0.0 ], [ 9.751869479041217, 54.309309639748307, 0.0 ], [ 9.751930134317767, 54.309392486937135, 0.0 ], [ 9.75193607769044, 54.309400646589339, 0.0 ], [ 9.751990269443667, 54.309475454178575, 0.0 ], [ 9.752015374976805, 54.309510331372806, 0.0 ], [ 9.752049915317869, 54.309558550268228, 0.0 ], [ 9.752109041036709, 54.309641766412021, 0.0 ], [ 9.752167677334596, 54.30972510241893, 0.0 ], [ 9.752225793636283, 54.309808567468096, 0.0 ], [ 9.752283420511745, 54.309892152381806, 0.0 ], [ 9.752340542754654, 54.309975866243335, 0.0 ], [ 9.752397144993074, 54.310059709149265, 0.0 ], [ 9.752453257634198, 54.310143662935332, 0.0 ], [ 9.752508850266045, 54.310227745767264, 0.0 ], [ 9.752563953623673, 54.310311957453905, 0.0 ], [ 9.752618552171102, 54.310396289105256, 0.0 ], [ 9.752672630701804, 54.310480749804583, 0.0 ], [ 9.752726219622136, 54.310565321387479, 0.0 ], [ 9.752779288684016, 54.310650031006325, 0.0 ], [ 9.752831852926006, 54.310734860592611, 0.0 ], [ 9.752883927713841, 54.310819810051036, 0.0 ], [ 9.752935482471218, 54.310904888560813, 0.0 ], [ 9.752986532564833, 54.310990096026629, 0.0 ], [ 9.75303707766334, 54.311075414475944, 0.0 ], [ 9.753087118256495, 54.311160870869138, 0.0 ], [ 9.753136638644559, 54.311246447329673, 0.0 ], [ 9.753190373955087, 54.311354906904768, 0.0 ], [ 9.753190373955087, 54.311354906904768, 0.0 ] ], [ [ 9.752646862183655, 54.311317982499574, 0.0 ], [ 9.753190373955087, 54.311354906904768, 0.0 ] ], [ [ 9.752646862183655, 54.311317982499574, 0.0 ], [ 9.752470090614414, 54.311437183303482, 0.0 ], [ 9.752376402065103, 54.311507763627972, 0.0 ], [ 9.752283239684575, 54.311578556297988, 0.0 ], [ 9.752190588104808, 54.31164956141059, 0.0 ], [ 9.752098462860353, 54.311720787857695, 0.0 ], [ 9.752006848255181, 54.311792217763163, 0.0 ], [ 9.75191574461855, 54.311863869101352, 0.0 ], [ 9.751825167157183, 54.311935732790907, 0.0 ], [ 9.751735115872052, 54.31200780883308, 0.0 ], [ 9.751645560026265, 54.31208009742064, 0.0 ], [ 9.75155654572902, 54.312152598267232, 0.0 ], [ 9.751468026873672, 54.312225311661457, 0.0 ], [ 9.751433440413988, 54.312253910146417, 0.0 ], [ 9.751424581977636, 54.312261245332536, 0.0 ], [ 9.751380049733552, 54.312298246303676, 0.0 ], [ 9.751292567874144, 54.31237138450912, 0.0 ], [ 9.751205612363403, 54.312444744060549, 0.0 ], [ 9.75111918303916, 54.312518315972511, 0.0 ], [ 9.751033264532836, 54.312592100341853, 0.0 ], [ 9.750947857009949, 54.31266610615625, 0.0 ], [ 9.750862975514298, 54.312740315347845, 0.0 ], [ 9.750778620374666, 54.312814745890932, 0.0 ], [ 9.750694776059033, 54.312889388895741, 0.0 ], [ 9.750611457938888, 54.312964244267604, 0.0 ], [ 9.750528650809633, 54.313039321089896, 0.0 ], [ 9.750446369715011, 54.313114601294757, 0.0 ], [ 9.750364599614722, 54.313190102952142, 0.0 ], [ 9.750283957756654, 54.313265957036428, 0.0 ], [ 9.750283957756654, 54.313265957036428, 0.0 ] ], [ [ 9.753190373955087, 54.311354906904768, 0.0 ], [ 9.753014388389943, 54.311528838257367, 0.0 ], [ 9.752931682260421, 54.311604841863655, 0.0 ], [ 9.752848433964431, 54.311680633093637, 0.0 ], [ 9.752764689608147, 54.311756211658377, 0.0 ], [ 9.752680403082417, 54.311831577844671, 0.0 ], [ 9.752595604959538, 54.311906722472919, 0.0 ], [ 9.75251028003338, 54.311981654624589, 0.0 ], [ 9.752424443507381, 54.312056365216073, 0.0 ], [ 9.752338080338928, 54.312130872315365, 0.0 ], [ 9.752251190198329, 54.312205157948206, 0.0 ], [ 9.752163788617496, 54.312279231004133, 0.0 ], [ 9.752075860061725, 54.312353082591343, 0.0 ], [ 9.751995657301192, 54.312419884565863, 0.0 ], [ 9.751987404857333, 54.312426730681885, 0.0 ], [ 9.751986799093583, 54.312427228779441, 0.0 ], [ 9.75189843804448, 54.312500157205548, 0.0 ], [ 9.751808944416219, 54.312573371243687, 0.0 ], [ 9.751718923807198, 54.312646363808518, 0.0 ], [ 9.751628391913485, 54.312719152776275, 0.0 ], [ 9.751537333036209, 54.312791720268415, 0.0 ], [ 9.751445747174261, 54.312864066283744, 0.0 ], [ 9.75135365002332, 54.312936208698517, 0.0 ], [ 9.751261010515119, 54.31300812972988, 0.0 ], [ 9.751167859387939, 54.313079829185128, 0.0 ], [ 9.751074196968016, 54.313151325036273, 0.0 ], [ 9.750979992187139, 54.313222599500357, 0.0 ], [ 9.750885275783174, 54.313293652384729, 0.0 ], [ 9.750790017179453, 54.313364492866178, 0.0 ], [ 9.750693675481999, 54.313434962533904, 0.0 ], [ 9.750693675481999, 54.313434962533904, 0.0 ] ], [ [ 9.750283957756654, 54.313265957036428, 0.0 ], [ 9.750693675481999, 54.313434962533904, 0.0 ] ], [ [ 9.750283957756654, 54.313265957036428, 0.0 ], [ 9.750090418899809, 54.313404743775557, 0.0 ], [ 9.749994527194882, 54.313474670823702, 0.0 ], [ 9.749899146296855, 54.313544810319812, 0.0 ], [ 9.749804276370778, 54.313615171251683, 0.0 ], [ 9.749709917090806, 54.313685735647326, 0.0 ], [ 9.749616084318435, 54.313756530372181, 0.0 ], [ 9.749522762194669, 54.313827528563152, 0.0 ], [ 9.749429951047384, 54.313898748194681, 0.0 ], [ 9.749337666084726, 54.313970180185748, 0.0 ], [ 9.749245876730726, 54.314041833715251, 0.0 ], [ 9.749154613400467, 54.314113690620047, 0.0 ], [ 9.749063861051482, 54.314185768970056, 0.0 ], [ 9.748973619522205, 54.314258059779739, 0.0 ], [ 9.748883888977018, 54.314330572036909, 0.0 ], [ 9.748806544360416, 54.314393579289195, 0.0 ], [ 9.748794684460822, 54.314403287674011, 0.0 ], [ 9.748705975561077, 54.314476224856293, 0.0 ], [ 9.748670810212216, 54.314505320441015, 0.0 ], [ 9.748617792856473, 54.31454937440737, 0.0 ], [ 9.748530120978028, 54.314622736423779, 0.0 ], [ 9.748442960090397, 54.314696319893251, 0.0 ], [ 9.748356310031861, 54.314770115830292, 0.0 ], [ 9.748270170803442, 54.314844124235975, 0.0 ], [ 9.74818454240698, 54.314918345111359, 0.0 ], [ 9.748099440214279, 54.314992778362182, 0.0 ], [ 9.748014833648966, 54.315067433166845, 0.0 ], [ 9.747930753290451, 54.315142300349095, 0.0 ], [ 9.747847183769828, 54.315217380005357, 0.0 ], [ 9.747764987590601, 54.315293610487714, 0.0 ], [ 9.747764987590601, 54.315293610487714, 0.0 ] ], [ [ 9.750693675481999, 54.313434962533904, 0.0 ], [ 9.750531120938529, 54.313586948620745, 0.0 ], [ 9.750448813424862, 54.313662525573271, 0.0 ], [ 9.750366009843718, 54.313737889852099, 0.0 ], [ 9.750282679453093, 54.313813041647428, 0.0 ], [ 9.750198822251596, 54.313887980958263, 0.0 ], [ 9.750114468978012, 54.313962707592239, 0.0 ], [ 9.750029588726946, 54.314037212752929, 0.0 ], [ 9.749944181824116, 54.314111514412474, 0.0 ], [ 9.749858263310827, 54.314185594500934, 0.0 ], [ 9.749771833512899, 54.314259470990478, 0.0 ], [ 9.749684892101723, 54.314333125906785, 0.0 ], [ 9.749597424032833, 54.314406577317534, 0.0 ], [ 9.749510883117704, 54.314478620830599, 0.0 ], [ 9.749510883117704, 54.314478620830599, 0.0 ], [ 9.749509444347687, 54.31447980715285, 0.0 ], [ 9.74942095320889, 54.314552824398191, 0.0 ], [ 9.749331935407454, 54.314625638134615, 0.0 ], [ 9.749242405986344, 54.314698230292223, 0.0 ], [ 9.74915236527019, 54.314770618843113, 0.0 ], [ 9.749061812931453, 54.314842785812928, 0.0 ], [ 9.748970733761597, 54.314914740282632, 0.0 ], [ 9.748879158663474, 54.314986491046696, 0.0 ], [ 9.748787056568291, 54.315058020321686, 0.0 ], [ 9.74869442780135, 54.315129346079665, 0.0 ], [ 9.74860130277581, 54.315200450155309, 0.0 ], [ 9.748507650912781, 54.315271341724959, 0.0 ], [ 9.74841347237372, 54.315342029774001, 0.0 ], [ 9.74831879757291, 54.315412496137206, 0.0 ], [ 9.748223100643006, 54.315482564324249, 0.0 ], [ 9.748223100643006, 54.315482564324249, 0.0 ] ], [ [ 9.747764987590601, 54.315293610487714, 0.0 ], [ 9.748223100643006, 54.315482564324249, 0.0 ] ], [ [ 9.747764987590601, 54.315293610487714, 0.0 ], [ 9.747570489522662, 54.315433046141244, 0.0 ], [ 9.747473743454796, 54.315502976432562, 0.0 ], [ 9.747377492506638, 54.315573101303116, 0.0 ], [ 9.747281721472024, 54.315643429835973, 0.0 ], [ 9.747186445722628, 54.315713961936979, 0.0 ], [ 9.747091649725865, 54.315784688715965, 0.0 ], [ 9.746997333645949, 54.315855619160629, 0.0 ], [ 9.746903512854333, 54.315926753176868, 0.0 ], [ 9.746810171819147, 54.315998081874476, 0.0 ], [ 9.746717310703955, 54.316069614241094, 0.0 ], [ 9.746624944880736, 54.316141350182697, 0.0 ], [ 9.746533058817638, 54.316213280808917, 0.0 ], [ 9.746441652677976, 54.316285415107501, 0.0 ], [ 9.746350741671273, 54.316357743997749, 0.0 ], [ 9.746260310590884, 54.316430276562492, 0.0 ], [ 9.746170359275187, 54.316503003816251, 0.0 ], [ 9.746080887888279, 54.316575934746623, 0.0 ], [ 9.745991911802033, 54.316649069259611, 0.0 ], [ 9.745947397290502, 54.316685879320211, 0.0 ], [ 9.745947397290502, 54.316685879320211, 0.0 ], [ 9.74590341548458, 54.316722398464769, 0.0 ], [ 9.745815414470748, 54.316795931254688, 0.0 ], [ 9.74572787785687, 54.316869658833909, 0.0 ], [ 9.745640836549173, 54.316943589999987, 0.0 ], [ 9.745554275015632, 54.317017715862413, 0.0 ], [ 9.745468208790994, 54.317092045313757, 0.0 ], [ 9.745382622505687, 54.31716657845012, 0.0 ], [ 9.745297515998642, 54.317241306285872, 0.0 ], [ 9.745212889433285, 54.31731623780864, 0.0 ], [ 9.745128758020268, 54.317391363937823, 0.0 ], [ 9.745045106552206, 54.317466693756039, 0.0 ], [ 9.744961935030341, 54.317542227264269, 0.0 ], [ 9.744879258665389, 54.317617955381898, 0.0 ], [ 9.744797077621012, 54.317693887096596, 0.0 ], [ 9.744715361155611, 54.317770022599227, 0.0 ], [ 9.744634139851771, 54.317846352714213, 0.0 ], [ 9.744553413873255, 54.317922886429194, 0.0 ], [ 9.744473167849934, 54.317999623840045, 0.0 ], [ 9.744393401621259, 54.318076555961085, 0.0 ], [ 9.744313328960356, 54.318153561820026, 0.0 ], [ 9.744313328960356, 54.318153561820026, 0.0 ] ], [ [ 9.748223100643006, 54.315482564324249, 0.0 ], [ 9.748064505462658, 54.315636814257715, 0.0 ], [ 9.747984270240172, 54.315713545011057, 0.0 ], [ 9.747903539267318, 54.315790081056612, 0.0 ], [ 9.747822327750059, 54.315866413311475, 0.0 ], [ 9.747740620479155, 54.315942550856626, 0.0 ], [ 9.747658448031476, 54.316018484513826, 0.0 ], [ 9.747575764293249, 54.316094214568032, 0.0 ], [ 9.747492615375695, 54.316169740732363, 0.0 ], [ 9.747408970698018, 54.316245072183008, 0.0 ], [ 9.747324830259181, 54.316320208918945, 0.0 ], [ 9.747240224473607, 54.316395132775433, 0.0 ], [ 9.747155123086758, 54.31646987090182, 0.0 ], [ 9.747069540979542, 54.316544396242016, 0.0 ], [ 9.746983463105204, 54.316618726863467, 0.0 ], [ 9.746896904833191, 54.316692862669868, 0.0 ], [ 9.746809865999547, 54.316766794673612, 0.0 ], [ 9.746722346603129, 54.31684052287364, 0.0 ], [ 9.746634346804827, 54.316914056255591, 0.0 ], [ 9.74658995636881, 54.316950910722319, 0.0 ], [ 9.74658995636881, 54.316950910722319, 0.0 ], [ 9.746545851069801, 54.316987385926922, 0.0 ], [ 9.746456874930603, 54.317060520778071, 0.0 ], [ 9.746367402851828, 54.31713345191644, 0.0 ], [ 9.746277465574741, 54.317206179150716, 0.0 ], [ 9.746187032518502, 54.317278711656741, 0.0 ], [ 9.746096119052828, 54.317351049338264, 0.0 ], [ 9.746004709642213, 54.317423183302722, 0.0 ], [ 9.74591281965731, 54.31749511345393, 0.0 ], [ 9.745820449259195, 54.317566848777354, 0.0 ], [ 9.74572759828448, 54.317638380285324, 0.0 ], [ 9.745634251359961, 54.317709708071796, 0.0 ], [ 9.745540424018641, 54.317780841027208, 0.0 ], [ 9.745446116259805, 54.317851779150423, 0.0 ], [ 9.745351312385049, 54.317922504562169, 0.0 ], [ 9.745256028090262, 54.317993035139445, 0.0 ], [ 9.745160247840353, 54.318063361989537, 0.0 ], [ 9.745063987167686, 54.318133494002915, 0.0 ], [ 9.744967245909146, 54.318203422191786, 0.0 ], [ 9.744869993320302, 54.318273146744971, 0.0 ], [ 9.744771659833104, 54.318342626241225, 0.0 ], [ 9.744771659833104, 54.318342626241225, 0.0 ] ], [ [ 9.744313328960356, 54.318153561820026, 0.0 ], [ 9.744771659833104, 54.318342626241225, 0.0 ] ], [ [ 9.744313328960356, 54.318153561820026, 0.0 ], [ 9.744126995096115, 54.318294433327814, 0.0 ], [ 9.744035528315775, 54.318365397736976, 0.0 ], [ 9.743944572545379, 54.318436583612453, 0.0 ], [ 9.743854142834097, 54.318507972887382, 0.0 ], [ 9.743764239345492, 54.318579574549524, 0.0 ], [ 9.743674846708638, 54.318651388694875, 0.0 ], [ 9.743585964925185, 54.318723415324548, 0.0 ], [ 9.743497609368466, 54.318795654344861, 0.0 ], [ 9.743410294742274, 54.318867662190684, 0.0 ], [ 9.743409764667524, 54.318868105851735, 0.0 ], [ 9.743322446196121, 54.318940769751535, 0.0 ], [ 9.743317523894751, 54.31894488047115, 0.0 ], [ 9.743235638421465, 54.319013637153496, 0.0 ], [ 9.743149357041043, 54.319086725937225, 0.0 ], [ 9.743063586360366, 54.319160018225354, 0.0 ], [ 9.74297832670481, 54.319233531992111, 0.0 ], [ 9.742893593123863, 54.319307249170727, 0.0 ], [ 9.742809370409111, 54.319381178843528, 0.0 ], [ 9.742725673933997, 54.319455320916958, 0.0 ], [ 9.742642488327906, 54.319529675486741, 0.0 ], [ 9.742559828964431, 54.319604242459206, 0.0 ], [ 9.742477680473224, 54.319679021930177, 0.0 ], [ 9.742396042694008, 54.319754004914003, 0.0 ], [ 9.742314931324012, 54.319829209290312, 0.0 ], [ 9.742234346203119, 54.319904626073551, 0.0 ], [ 9.742154271799127, 54.319980246372765, 0.0 ], [ 9.742068142010998, 54.320065385810238, 0.0 ], [ 9.742068142010998, 54.320065385810238, 0.0 ] ], [ [ 9.744771659833104, 54.318342626241225, 0.0 ], [ 9.744607179703749, 54.318495811346331, 0.0 ], [ 9.744523802289898, 54.318572019873542, 0.0 ], [ 9.744439913238562, 54.318648006809788, 0.0 ], [ 9.744355466432527, 54.318723772438638, 0.0 ], [ 9.744270477242408, 54.318799316664091, 0.0 ], [ 9.744184961038211, 54.31887463939016, 0.0 ], [ 9.744098902446447, 54.318949740710529, 0.0 ], [ 9.744012301465576, 54.319024620624134, 0.0 ], [ 9.74392517346614, 54.319099279034916, 0.0 ], [ 9.743837503074621, 54.319173716036616, 0.0 ], [ 9.743749290289124, 54.319247931628034, 0.0 ], [ 9.743695705486997, 54.319292687896791, 0.0 ], [ 9.74366053527031, 54.319321934794651, 0.0 ], [ 9.743642631382903, 54.319336784895874, 0.0 ], [ 9.743571253065079, 54.319395707467223, 0.0 ], [ 9.743481413251216, 54.319469267807385, 0.0 ], [ 9.743391061619946, 54.319542597556364, 0.0 ], [ 9.74330015237741, 54.319615714970546, 0.0 ], [ 9.743208715942421, 54.319688601885979, 0.0 ], [ 9.7431167218932, 54.319761276464106, 0.0 ], [ 9.743024216183125, 54.319833729432943, 0.0 ], [ 9.742931152693908, 54.319905961075449, 0.0 ], [ 9.742837562169004, 54.31997797120092, 0.0 ], [ 9.742743413861888, 54.320049759997566, 0.0 ], [ 9.742648753888837, 54.320121327180011, 0.0 ], [ 9.742560271726097, 54.32018338330235, 0.0 ], [ 9.742560271726097, 54.32018338330235, 0.0 ] ], [ [ 9.742068142010998, 54.320065385810238, 0.0 ], [ 9.742560271726097, 54.32018338330235, 0.0 ] ], [ [ 9.742068142010998, 54.320065385810238, 0.0 ], [ 9.741985646521032, 54.320248216100119, 0.0 ], [ 9.741948405554851, 54.320335049849376, 0.0 ], [ 9.741911780629312, 54.32042195169592, 0.0 ], [ 9.741875786796944, 54.320508903572446, 0.0 ], [ 9.74184040917439, 54.320595932533969, 0.0 ], [ 9.74180564727981, 54.320683011621149, 0.0 ], [ 9.741771501440789, 54.320770158807761, 0.0 ], [ 9.741737986871906, 54.320857365013062, 0.0 ], [ 9.741705088204386, 54.3209446303322, 0.0 ], [ 9.741672805603883, 54.321031963752247, 0.0 ], [ 9.741641154284602, 54.321119356192511, 0.0 ], [ 9.741610103505565, 54.321206807842586, 0.0 ], [ 9.741579684015623, 54.321294318513814, 0.0 ], [ 9.741549880607661, 54.32138189728785, 0.0 ], [ 9.741520693123844, 54.32146953517848, 0.0 ], [ 9.741492137102533, 54.321557241078231, 0.0 ], [ 9.741464181639905, 54.321645006189989, 0.0 ], [ 9.741436857486029, 54.321732830325082, 0.0 ], [ 9.74141014927145, 54.321820713578489, 0.0 ], [ 9.741384072534776, 54.32190866484266, 0.0 ], [ 9.741380364198568, 54.321921315228607, 0.0 ], [ 9.74136368870291, 54.32197891146636, 0.0 ], [ 9.741358596210718, 54.321996666333781, 0.0 ], [ 9.741333751533711, 54.322084744823094, 0.0 ], [ 9.741309522649999, 54.322172873445602, 0.0 ], [ 9.741285925259904, 54.322261070080387, 0.0 ], [ 9.741262943832403, 54.322349325835674, 0.0 ], [ 9.741240578532922, 54.322437649698458, 0.0 ], [ 9.741218829203815, 54.322526032682418, 0.0 ], [ 9.741197711222398, 54.322614474693395, 0.0 ], [ 9.741177209218829, 54.322702975826203, 0.0 ], [ 9.741157323359001, 54.322791545067716, 0.0 ], [ 9.74113806885862, 54.322880173337161, 0.0 ], [ 9.741119445883282, 54.322968869621434, 0.0 ], [ 9.741101438739999, 54.323057616042057, 0.0 ], [ 9.741084047917699, 54.323146439559117, 0.0 ], [ 9.741067288308837, 54.32323531311858, 0.0 ], [ 9.741051144867534, 54.323324254788389, 0.0 ], [ 9.741035648182974, 54.323413255393191, 0.0 ], [ 9.741020752299825, 54.323502324203247, 0.0 ], [ 9.741006503181538, 54.323591451948808, 0.0 ], [ 9.740993458004573, 54.323680841921039, 0.0 ], [ 9.740993458004573, 54.323680841921039, 0.0 ] ], [ [ 9.742560271726097, 54.32018338330235, 0.0 ], [ 9.742541028475422, 54.32035431130975, 0.0 ], [ 9.742527401982999, 54.320444478022367, 0.0 ], [ 9.742513144185819, 54.320534594693733, 0.0 ], [ 9.742498254755557, 54.320624643350435, 0.0 ], [ 9.742482718477808, 54.320714633073528, 0.0 ], [ 9.742466550721105, 54.320804563768114, 0.0 ], [ 9.742449735946705, 54.320894426541983, 0.0 ], [ 9.742432289684643, 54.320984230286861, 0.0 ], [ 9.742414211931663, 54.321073975002484, 0.0 ], [ 9.742395502521047, 54.321163651701966, 0.0 ], [ 9.742376146400295, 54.321253278452886, 0.0 ], [ 9.742356158614157, 54.321342837187125, 0.0 ], [ 9.74233553932018, 54.321432336890986, 0.0 ], [ 9.74231428835288, 54.321521768577476, 0.0 ], [ 9.742292390496967, 54.321611141327608, 0.0 ], [ 9.742269861121311, 54.321700455046376, 0.0 ], [ 9.742246684848935, 54.321789709828103, 0.0 ], [ 9.742222892422005, 54.321878905483132, 0.0 ], [ 9.742198452928042, 54.321968033213793, 0.0 ], [ 9.742183861995233, 54.322020089359427, 0.0 ], [ 9.742173366525421, 54.322057102006298, 0.0 ], [ 9.742166843721307, 54.322079934721721, 0.0 ], [ 9.742147663956123, 54.322146111671017, 0.0 ], [ 9.742121314307846, 54.322235053410211, 0.0 ], [ 9.742094317738562, 54.32232393621004, 0.0 ], [ 9.742066704990759, 54.32241275988094, 0.0 ], [ 9.742038445313648, 54.322501524611639, 0.0 ], [ 9.742009538541774, 54.322590221415147, 0.0 ], [ 9.74198000020629, 54.322678859182957, 0.0 ], [ 9.741949830302783, 54.322767437914692, 0.0 ], [ 9.741919013292343, 54.322855948717866, 0.0 ], [ 9.741887564706273, 54.322944400483983, 0.0 ], [ 9.741855469167273, 54.323032793307164, 0.0 ], [ 9.741822726670906, 54.323121127186909, 0.0 ], [ 9.741789352424947, 54.323209393041516, 0.0 ], [ 9.741755346587579, 54.323297599857106, 0.0 ], [ 9.74172067824575, 54.323385738835654, 0.0 ], [ 9.741685378466237, 54.323473827760722, 0.0 ], [ 9.741649446921558, 54.323561848658557, 0.0 ], [ 9.741612852860294, 54.323649801717686, 0.0 ], [ 9.741574891996367, 54.3237378530456, 0.0 ], [ 9.741574891996367, 54.3237378530456, 0.0 ] ], [ [ 9.740993458004573, 54.323680841921039, 0.0 ], [ 9.741574891996367, 54.3237378530456, 0.0 ] ], [ [ 9.740993458004573, 54.323680841921039, 0.0 ], [ 9.740918410936617, 54.323853586414536, 0.0 ], [ 9.740882234885699, 54.323940089670103, 0.0 ], [ 9.74084667477079, 54.324026652042171, 0.0 ], [ 9.740811745969683, 54.324113273436872, 0.0 ], [ 9.740777433273772, 54.324199962935765, 0.0 ], [ 9.740743751899382, 54.324286711458328, 0.0 ], [ 9.740710701849961, 54.324373519005093, 0.0 ], [ 9.740678267917371, 54.324460394657535, 0.0 ], [ 9.740646449943391, 54.324547329429613, 0.0 ], [ 9.740615263144429, 54.324634314240718, 0.0 ], [ 9.740584692635027, 54.324721376145582, 0.0 ], [ 9.740554753308439, 54.324808488090383, 0.0 ], [ 9.74052543011752, 54.324895668143277, 0.0 ], [ 9.740496738116729, 54.324982898237032, 0.0 ], [ 9.740468646885223, 54.325070196534092, 0.0 ], [ 9.740441202548899, 54.325157562751684, 0.0 ], [ 9.740414358666341, 54.325244979200221, 0.0 ], [ 9.740388146312419, 54.325332463664473, 0.0 ], [ 9.740362549794098, 54.325419998266064, 0.0 ], [ 9.740357165926813, 54.325438698565577, 0.0 ], [ 9.740357165926813, 54.325438698565577, 0.0 ], [ 9.740337584812517, 54.325507600884151, 0.0 ], [ 9.740313220622465, 54.325595271707932, 0.0 ], [ 9.740289487653746, 54.32568299257575, 0.0 ], [ 9.740266386233628, 54.325770781461159, 0.0 ], [ 9.740243900667902, 54.325858620485697, 0.0 ], [ 9.740222031283899, 54.325946527622889, 0.0 ], [ 9.740200778085406, 54.326034502873085, 0.0 ], [ 9.740180140753036, 54.326122528263333, 0.0 ], [ 9.740160134988335, 54.326210621672814, 0.0 ], [ 9.740140760472617, 54.32629876512862, 0.0 ], [ 9.740121986783079, 54.326386976792961, 0.0 ], [ 9.740103844673035, 54.32647525647738, 0.0 ], [ 9.740086333823783, 54.326563586208955, 0.0 ], [ 9.740069423812372, 54.326651984149834, 0.0 ], [ 9.740053145230604, 54.32674044112499, 0.0 ], [ 9.740037498082932, 54.32682895713463, 0.0 ], [ 9.740022466998429, 54.326917532273349, 0.0 ], [ 9.740008052141985, 54.327006175527941, 0.0 ], [ 9.739997104516398, 54.327095237895065, 0.0 ], [ 9.739997104516398, 54.327095237895065, 0.0 ] ], [ [ 9.741574891996367, 54.3237378530456, 0.0 ], [ 9.741546122620075, 54.323915445248922, 0.0 ], [ 9.741530449433249, 54.324003988628839, 0.0 ], [ 9.74151416009253, 54.324092472880913, 0.0 ], [ 9.741497223522808, 54.324180880220794, 0.0 ], [ 9.741479686326848, 54.324269237324408, 0.0 ], [ 9.741461502055884, 54.32435752650192, 0.0 ], [ 9.74144271698899, 54.324445756456043, 0.0 ], [ 9.741423284838969, 54.324533918483482, 0.0 ], [ 9.741403251885723, 54.32462202128702, 0.0 ], [ 9.741382587215474, 54.324710056068781, 0.0 ], [ 9.74136129098588, 54.324798031815043, 0.0 ], [ 9.741339378566986, 54.324885948430996, 0.0 ], [ 9.741316849793684, 54.324973796929704, 0.0 ], [ 9.741293704823612, 54.32506158629743, 0.0 ], [ 9.741269928116953, 54.325149307641759, 0.0 ], [ 9.741245535205788, 54.325236969854444, 0.0 ], [ 9.741228499879902, 54.32529686907521, 0.0 ], [ 9.741220510711946, 54.325324573029576, 0.0 ], [ 9.741200131448615, 54.325394325234349, 0.0 ], [ 9.741194869844296, 54.325412108085722, 0.0 ], [ 9.741168612760317, 54.325499584009094, 0.0 ], [ 9.741141739295198, 54.325586991812706, 0.0 ], [ 9.741114234231604, 54.325674340577251, 0.0 ], [ 9.74108612831515, 54.325761630113313, 0.0 ], [ 9.741057375256634, 54.325848851717339, 0.0 ], [ 9.741028021337561, 54.325936014092093, 0.0 ], [ 9.740998035804976, 54.326023117426082, 0.0 ], [ 9.740967433867986, 54.326110152637753, 0.0 ], [ 9.740936215684471, 54.326197128713247, 0.0 ], [ 9.740904365714437, 54.326284036759994, 0.0 ], [ 9.740871899490166, 54.326370885669647, 0.0 ], [ 9.740838817008237, 54.326457675441709, 0.0 ], [ 9.74080511810271, 54.326544397089094, 0.0 ], [ 9.740770787557141, 54.326631059692339, 0.0 ], [ 9.740735825206086, 54.3267176542643, 0.0 ], [ 9.740700261956768, 54.32680418960225, 0.0 ], [ 9.740664067055745, 54.326890665894453, 0.0 ], [ 9.740627240338016, 54.326977074153774, 0.0 ], [ 9.740589797335712, 54.327063423271852, 0.0 ], [ 9.74055162896649, 54.327149633029563, 0.0 ], [ 9.74055162896649, 54.327149633029563, 0.0 ] ], [ [ 9.739997104516398, 54.327095237895065, 0.0 ], [ 9.74055162896649, 54.327149633029563, 0.0 ] ], [ [ 9.739997104516398, 54.327095237895065, 0.0 ], [ 9.73993084439825, 54.327269788158034, 0.0 ], [ 9.73989748909351, 54.327356947816625, 0.0 ], [ 9.73986465753463, 54.32744416716416, 0.0 ], [ 9.739832364777222, 54.327531428133483, 0.0 ], [ 9.739800610985725, 54.327618739711632, 0.0 ], [ 9.739769380788331, 54.327706101993336, 0.0 ], [ 9.739738689724861, 54.327793523871293, 0.0 ], [ 9.739708522100441, 54.327880987466962, 0.0 ], [ 9.73967889361697, 54.327968510659659, 0.0 ], [ 9.739649788578863, 54.328056075570878, 0.0 ], [ 9.739621207312723, 54.328143700174166, 0.0 ], [ 9.739593164874435, 54.328231366402377, 0.0 ], [ 9.739565661589488, 54.328319092229115, 0.0 ], [ 9.739538666388039, 54.328406859870043, 0.0 ], [ 9.739512210347172, 54.328494687110187, 0.0 ], [ 9.7394862933082, 54.328582564963256, 0.0 ], [ 9.739466846645021, 54.328649695715683, 0.0 ], [ 9.739460899899461, 54.328670493523873, 0.0 ], [ 9.739446031612863, 54.328722838567579, 0.0 ], [ 9.73943602996272, 54.328758463805734, 0.0 ], [ 9.739411683823842, 54.328846493782386, 0.0 ], [ 9.739387876700519, 54.328934574373243, 0.0 ], [ 9.739364593220454, 54.329022705672898, 0.0 ], [ 9.73934183338687, 54.329110887681622, 0.0 ], [ 9.739319612578669, 54.329199120305432, 0.0 ], [ 9.739297915423869, 54.329287403638901, 0.0 ], [ 9.739276741925131, 54.32937573768227, 0.0 ], [ 9.739256107462211, 54.329464122341527, 0.0 ], [ 9.739235996662183, 54.329552557711246, 0.0 ], [ 9.739216409528579, 54.329641043791653, 0.0 ], [ 9.739197346064699, 54.329729580582971, 0.0 ], [ 9.739178821649823, 54.329818167991213, 0.0 ], [ 9.739160820911307, 54.329906806110856, 0.0 ], [ 9.739143359228557, 54.329995494847843, 0.0 ], [ 9.739126421389962, 54.330084243283288, 0.0 ], [ 9.739110007076546, 54.330173033444183, 0.0 ], [ 9.73909413182915, 54.330261874223062, 0.0 ], [ 9.739078780274928, 54.330350765714385, 0.0 ], [ 9.739063952578125, 54.330439716904955, 0.0 ], [ 9.739049663796433, 54.330528709727488, 0.0 ], [ 9.739042996206409, 54.330607068459528, 0.0 ], [ 9.739042996206409, 54.330607068459528, 0.0 ] ], [ [ 9.74055162896649, 54.327149633029563, 0.0 ], [ 9.740522200278704, 54.327330266725859, 0.0 ], [ 9.740506338938667, 54.327420509723979, 0.0 ], [ 9.740489938268873, 54.327510693117077, 0.0 ], [ 9.740472998427215, 54.32760082589153, 0.0 ], [ 9.740455488660171, 54.327690908235965, 0.0 ], [ 9.740437454928182, 54.32778093088033, 0.0 ], [ 9.740418866638555, 54.327870902999763, 0.0 ], [ 9.740399723788059, 54.327960824594072, 0.0 ], [ 9.740380041748152, 54.328050695568621, 0.0 ], [ 9.740359820354248, 54.328140506936521, 0.0 ], [ 9.740339044388769, 54.328230267778494, 0.0 ], [ 9.740317729223676, 54.328319977999925, 0.0 ], [ 9.740295859318522, 54.328409628708286, 0.0 ], [ 9.740273465582504, 54.328499228701148, 0.0 ], [ 9.740250501885029, 54.328588778261356, 0.0 ], [ 9.740227014349873, 54.328678277105496, 0.0 ], [ 9.740202972060672, 54.328767716435372, 0.0 ], [ 9.740178390551117, 54.328857105142966, 0.0 ], [ 9.740153269817839, 54.328946443227899, 0.0 ], [ 9.740151953297135, 54.328951052956555, 0.0 ], [ 9.740141826130589, 54.328986508259618, 0.0 ], [ 9.74012760985725, 54.329035730689874, 0.0 ], [ 9.740101395128987, 54.329124958636328, 0.0 ], [ 9.740074641327819, 54.329214144945702, 0.0 ], [ 9.740047332590514, 54.329303262752298, 0.0 ], [ 9.74001950014952, 54.329392338826786, 0.0 ], [ 9.739991113088394, 54.329481364370906, 0.0 ], [ 9.739962186618179, 54.329570330303383, 0.0 ], [ 9.73993272089654, 54.329659245610394, 0.0 ], [ 9.739902700383007, 54.329748101399339, 0.0 ], [ 9.739872140772992, 54.329836915548633, 0.0 ], [ 9.739841041740197, 54.32992567008472, 0.0 ], [ 9.7398094034428, 54.330014373993777, 0.0 ], [ 9.739777210501009, 54.330103027369724, 0.0 ], [ 9.739744478126289, 54.330191621131192, 0.0 ], [ 9.739711206476461, 54.330280164264401, 0.0 ], [ 9.739677380172454, 54.330368656863179, 0.0 ], [ 9.739643014586902, 54.330457098832781, 0.0 ], [ 9.739608094178264, 54.33054548128046, 0.0 ], [ 9.739572649857712, 54.330633813003786, 0.0 ], [ 9.739529750961958, 54.330732642998008, 0.0 ], [ 9.739529750961958, 54.330732642998008, 0.0 ] ], [ [ 9.739042996206409, 54.330607068459528, 0.0 ], [ 9.739529750961958, 54.330732642998008, 0.0 ] ], [ [ 9.739042996206409, 54.330607068459528, 0.0 ], [ 9.738848952646949, 54.330732043555521, 0.0 ], [ 9.738749056659763, 54.330799783862929, 0.0 ], [ 9.738649733945779, 54.330867781214693, 0.0 ], [ 9.738550953431226, 54.330936017827348, 0.0 ], [ 9.738452730815871, 54.331004511581341, 0.0 ], [ 9.73835508115457, 54.331073244410575, 0.0 ], [ 9.738257974017806, 54.33114223447793, 0.0 ], [ 9.738161439998544, 54.331211472609894, 0.0 ], [ 9.738065463721723, 54.331280958901907, 0.0 ], [ 9.737970060403402, 54.331350684274604, 0.0 ], [ 9.737875199614175, 54.331420666890693, 0.0 ], [ 9.737780911947031, 54.331490897576707, 0.0 ], [ 9.737687166810709, 54.331561385508699, 0.0 ], [ 9.737593994638251, 54.331632112526606, 0.0 ], [ 9.737544796172159, 54.331669738881956, 0.0 ], [ 9.737507554401729, 54.331698349445332, 0.0 ], [ 9.737501395591813, 54.33170308761833, 0.0 ], [ 9.73740935445645, 54.331774319865872, 0.0 ], [ 9.73731785569603, 54.33184580037782, 0.0 ], [ 9.737226945442128, 54.331917528873483, 0.0 ], [ 9.737136592942518, 54.33198950554209, 0.0 ], [ 9.737046798198513, 54.332061730384879, 0.0 ], [ 9.736957561372307, 54.332134212389732, 0.0 ], [ 9.736868897681163, 54.332206942477271, 0.0 ], [ 9.736780807126538, 54.33227992064878, 0.0 ], [ 9.736693274494078, 54.332353155986034, 0.0 ], [ 9.736606299623785, 54.332426639503602, 0.0 ], [ 9.736519898055295, 54.332500380095382, 0.0 ], [ 9.736434069629286, 54.332574368775994, 0.0 ], [ 9.73634881434749, 54.332648605546652, 0.0 ], [ 9.736264116994452, 54.332723099489037, 0.0 ], [ 9.736179992788776, 54.332797841523828, 0.0 ], [ 9.736097335857725, 54.3328729520209, 0.0 ], [ 9.736097335857725, 54.3328729520209, 0.0 ] ], [ [ 9.739529750961958, 54.330732642998008, 0.0 ], [ 9.73935024175511, 54.330894522694614, 0.0 ], [ 9.739263513134649, 54.330970154692807, 0.0 ], [ 9.739176195212494, 54.331045529598661, 0.0 ], [ 9.73908831874061, 54.331120647222512, 0.0 ], [ 9.738999852802845, 54.331195498764949, 0.0 ], [ 9.738910813096807, 54.331270102103723, 0.0 ], [ 9.738821184083163, 54.331344448345178, 0.0 ], [ 9.73873099635226, 54.331418528313016, 0.0 ], [ 9.738640219311076, 54.33149235118092, 0.0 ], [ 9.738548868495718, 54.331565925840096, 0.0 ], [ 9.738456943582479, 54.331639234315965, 0.0 ], [ 9.738364444731216, 54.331712285593873, 0.0 ], [ 9.738271356563883, 54.331785079766654, 0.0 ], [ 9.738177694294333, 54.331857607752212, 0.0 ], [ 9.738128044453878, 54.331895776362998, 0.0 ], [ 9.738088373672548, 54.331926136576875, 0.0 ], [ 9.738083458243993, 54.331929887522449, 0.0 ], [ 9.737988632712396, 54.332001901196911, 0.0 ], [ 9.737893233236312, 54.332073657666726, 0.0 ], [ 9.737797259814215, 54.332145156930594, 0.0 ], [ 9.737700697068025, 54.332216399081169, 0.0 ], [ 9.737603560212525, 54.332287375036422, 0.0 ], [ 9.737505849407478, 54.332358093781579, 0.0 ], [ 9.737407533897839, 54.332428555503306, 0.0 ], [ 9.737308659652523, 54.332498750931485, 0.0 ], [ 9.737209180700436, 54.332568689333399, 0.0 ], [ 9.737109143170949, 54.332638370425563, 0.0 ], [ 9.737008500771561, 54.332707785501952, 0.0 ], [ 9.736907284255123, 54.332776934373101, 0.0 ], [ 9.736805478404408, 54.332845826118174, 0.0 ], [ 9.736703083218455, 54.332914460735644, 0.0 ], [ 9.73660009837446, 54.332982820250855, 0.0 ], [ 9.736495964023026, 54.333050557565421, 0.0 ], [ 9.736495964023026, 54.333050557565421, 0.0 ] ], [ [ 9.736097335857725, 54.3328729520209, 0.0 ], [ 9.736495964023026, 54.333050557565421, 0.0 ] ], [ [ 9.736097335857725, 54.3328729520209, 0.0 ], [ 9.73589458979283, 54.333007735896828, 0.0 ], [ 9.735794378950398, 54.333075646387471, 0.0 ], [ 9.735694725855256, 54.333143805043036, 0.0 ], [ 9.735595646046264, 54.333212220757765, 0.0 ], [ 9.735497139363895, 54.333280884546419, 0.0 ], [ 9.735399190592268, 54.333349805490805, 0.0 ], [ 9.735301799572204, 54.333418974605628, 0.0 ], [ 9.735204981842154, 54.333488400785107, 0.0 ], [ 9.735108737082752, 54.333558066057378, 0.0 ], [ 9.73501305039896, 54.333627997477336, 0.0 ], [ 9.734917921310627, 54.333698168086507, 0.0 ], [ 9.73482335013972, 54.333768595859368, 0.0 ], [ 9.734729352104225, 54.33383927171699, 0.0 ], [ 9.734635927366176, 54.333910204647275, 0.0 ], [ 9.734590637856648, 54.333944831066269, 0.0 ], [ 9.734588301441381, 54.333946624839278, 0.0 ], [ 9.734543060388759, 54.333981385758591, 0.0 ], [ 9.734450751173151, 54.334052815052175, 0.0 ], [ 9.73435899988092, 54.334124501515973, 0.0 ], [ 9.734267821730604, 54.334196436070968, 0.0 ], [ 9.734177216883911, 54.33426862770505, 0.0 ], [ 9.734087169804377, 54.334341067526545, 0.0 ], [ 9.733997680493284, 54.334413755536644, 0.0 ], [ 9.733908764329595, 54.334486691642987, 0.0 ], [ 9.733820406097212, 54.33455988492701, 0.0 ], [ 9.733732605797364, 54.334633335389967, 0.0 ], [ 9.733645394026992, 54.33470703385931, 0.0 ], [ 9.733558724654415, 54.334780980616941, 0.0 ], [ 9.733472628436573, 54.334855175476932, 0.0 ], [ 9.733387105695227, 54.33492963641374, 0.0 ], [ 9.73330214057369, 54.335004336562243, 0.0 ], [ 9.733218399928296, 54.335079586434638, 0.0 ], [ 9.733218399928296, 54.335079586434638, 0.0 ] ], [ [ 9.736495964023026, 54.333050557565421, 0.0 ], [ 9.736327230783864, 54.333200494227796, 0.0 ], [ 9.736241716464338, 54.333274948194394, 0.0 ], [ 9.736155612838457, 54.333349145055813, 0.0 ], [ 9.736068966197212, 54.333423093515897, 0.0 ], [ 9.735981730406774, 54.33349679385497, 0.0 ], [ 9.735893951437882, 54.333570236803666, 0.0 ], [ 9.735805598694435, 54.333643431535101, 0.0 ], [ 9.735716672014634, 54.333716369061378, 0.0 ], [ 9.73562720247304, 54.333789067166869, 0.0 ], [ 9.735537158831653, 54.333861499078175, 0.0 ], [ 9.735446541570738, 54.333933691753813, 0.0 ], [ 9.735355365745672, 54.334005627125499, 0.0 ], [ 9.735263631515034, 54.334077314178636, 0.0 ], [ 9.735171323340088, 54.334148744019053, 0.0 ], [ 9.735126173704238, 54.334183441686264, 0.0 ], [ 9.735126173704238, 54.334183441686264, 0.0 ], [ 9.735078456917996, 54.334219934524967, 0.0 ], [ 9.734985031926165, 54.334290867721897, 0.0 ], [ 9.734891032986335, 54.334361543702201, 0.0 ], [ 9.734796475635164, 54.334431971357525, 0.0 ], [ 9.734701359871419, 54.334502150686546, 0.0 ], [ 9.734605670315956, 54.334572081781623, 0.0 ], [ 9.734509422185283, 54.334641755561137, 0.0 ], [ 9.734412615638899, 54.334711181010377, 0.0 ], [ 9.734315235136997, 54.334780349235047, 0.0 ], [ 9.734217280999333, 54.334849278206974, 0.0 ], [ 9.734118783500049, 54.334917940777743, 0.0 ], [ 9.734019696984721, 54.334986364186634, 0.0 ], [ 9.733920067265776, 54.335054530178233, 0.0 ], [ 9.733819863586612, 54.335122438938349, 0.0 ], [ 9.7337190862659, 54.33519010843883, 0.0 ], [ 9.733617099038405, 54.335257218995686, 0.0 ], [ 9.733617099038405, 54.335257218995686, 0.0 ] ], [ [ 9.733218399928296, 54.335079586434638, 0.0 ], [ 9.733617099038405, 54.335257218995686, 0.0 ] ], [ [ 9.733218399928296, 54.335079586434638, 0.0 ], [ 9.733010055711846, 54.335213779247248, 0.0 ], [ 9.732906999114416, 54.335281363053909, 0.0 ], [ 9.73280448505084, 54.335349204113996, 0.0 ], [ 9.732702528580589, 54.335417284362343, 0.0 ], [ 9.732601130023847, 54.335485621773493, 0.0 ], [ 9.732500289062271, 54.335554198375661, 0.0 ], [ 9.732400006016459, 54.335623032143438, 0.0 ], [ 9.732300280567737, 54.335692105105032, 0.0 ], [ 9.732201097498541, 54.335761426341691, 0.0 ], [ 9.732102472188419, 54.335830995761448, 0.0 ], [ 9.73200440463844, 54.33590081336569, 0.0 ], [ 9.731906894689503, 54.335970870169078, 0.0 ], [ 9.731809927284219, 54.336041184239555, 0.0 ], [ 9.73171351748266, 54.336111737511864, 0.0 ], [ 9.731617650067042, 54.336182539067245, 0.0 ], [ 9.731522340257373, 54.336253579827066, 0.0 ], [ 9.731427588214467, 54.336324868779251, 0.0 ], [ 9.731333378720858, 54.336396415004977, 0.0 ], [ 9.731289828945554, 54.33642971741866, 0.0 ], [ 9.731287492086823, 54.336431502141302, 0.0 ], [ 9.731239726677069, 54.336468191452447, 0.0 ], [ 9.731146617184539, 54.336540225175973, 0.0 ], [ 9.731054065304351, 54.336612498110377, 0.0 ], [ 9.730962071197144, 54.336685019243546, 0.0 ], [ 9.730870619326135, 54.336757779683303, 0.0 ], [ 9.730779709851824, 54.336830788417501, 0.0 ], [ 9.730689358154455, 54.336904045354167, 0.0 ], [ 9.73059956423511, 54.336977550494552, 0.0 ], [ 9.730510312557511, 54.337051294946448, 0.0 ], [ 9.730421603281753, 54.337125287697603, 0.0 ], [ 9.730333451788733, 54.337199528656107, 0.0 ], [ 9.730245857919893, 54.337274008836559, 0.0 ], [ 9.730158806457588, 54.337348737319878, 0.0 ], [ 9.730072312782106, 54.337423714014086, 0.0 ], [ 9.729986376735697, 54.337498929933822, 0.0 ], [ 9.729900983099943, 54.337574394159915, 0.0 ], [ 9.729816131876364, 54.337650106693516, 0.0 ], [ 9.729731838445781, 54.337726067442667, 0.0 ], [ 9.729648102650369, 54.337802267421942, 0.0 ], [ 9.729565544272269, 54.337878963522954, 0.0 ], [ 9.729565544272269, 54.337878963522954, 0.0 ] ], [ [ 9.733617099038405, 54.335257218995686, 0.0 ], [ 9.733450783393998, 54.335410138669559, 0.0 ], [ 9.733366516608832, 54.335486101856752, 0.0 ], [ 9.733281691578039, 54.335561825712801, 0.0 ], [ 9.733196323358202, 54.335637292169871, 0.0 ], [ 9.733110396889925, 54.335712519293509, 0.0 ], [ 9.733023896632876, 54.335787498189397, 0.0 ], [ 9.73293686872047, 54.335862228575927, 0.0 ], [ 9.732849267016691, 54.335936710732319, 0.0 ], [ 9.732761122276528, 54.336010944470488, 0.0 ], [ 9.732672419120348, 54.336084929882652, 0.0 ], [ 9.732583157706422, 54.336158675954209, 0.0 ], [ 9.732493353251931, 54.33623217360396, 0.0 ], [ 9.732402990377324, 54.336305422924013, 0.0 ], [ 9.732312069080669, 54.33637842391321, 0.0 ], [ 9.73222060489956, 54.336451185463488, 0.0 ], [ 9.732128582294026, 54.336523698680423, 0.0 ], [ 9.732036016641446, 54.336595963469371, 0.0 ], [ 9.731942892721809, 54.336667988909042, 0.0 ], [ 9.731897145834189, 54.336703138341193, 0.0 ], [ 9.731897145834189, 54.336703138341193, 0.0 ], [ 9.731849225752354, 54.336739765918217, 0.0 ], [ 9.731755000353655, 54.336811294588983, 0.0 ], [ 9.731660232062902, 54.336882583813328, 0.0 ], [ 9.731564905340079, 54.336953624696683, 0.0 ], [ 9.73146903556297, 54.337024417144441, 0.0 ], [ 9.731372607511329, 54.337094970235214, 0.0 ], [ 9.731275636403263, 54.337165274887795, 0.0 ], [ 9.73117812223766, 54.337235331100885, 0.0 ], [ 9.731080034415411, 54.337305148046283, 0.0 ], [ 9.73098141891237, 54.337374716456303, 0.0 ], [ 9.730882244969422, 54.337444036516111, 0.0 ], [ 9.7307825127453, 54.337513117210904, 0.0 ], [ 9.73068223745873, 54.337581949459555, 0.0 ], [ 9.73058140388874, 54.337650542340462, 0.0 ], [ 9.730480027253908, 54.337718886772535, 0.0 ], [ 9.730378107553795, 54.337786982754338, 0.0 ], [ 9.730275614028795, 54.337854830470832, 0.0 ], [ 9.730172592974899, 54.3379224386278, 0.0 ], [ 9.730068998094689, 54.33798979851661, 0.0 ], [ 9.72996428601903, 54.338056625822112, 0.0 ], [ 9.72996428601903, 54.338056625822112, 0.0 ] ], [ [ 9.729565544272269, 54.337878963522954, 0.0 ], [ 9.72996428601903, 54.338056625822112, 0.0 ] ], [ [ 9.729565544272269, 54.337878963522954, 0.0 ], [ 9.729357039021762, 54.338014211398104, 0.0 ], [ 9.729253887511829, 54.338082376781912, 0.0 ], [ 9.729151293767055, 54.338150790355719, 0.0 ], [ 9.72904927332687, 54.338219461014553, 0.0 ], [ 9.728947826032586, 54.338288379773296, 0.0 ], [ 9.728846921286371, 54.338357555805864, 0.0 ], [ 9.728746605067855, 54.338426979848194, 0.0 ], [ 9.728646831240043, 54.338496652180496, 0.0 ], [ 9.728547630721851, 54.338566581604873, 0.0 ], [ 9.728448987975797, 54.338636759229054, 0.0 ], [ 9.728350918541432, 54.338707193948139, 0.0 ], [ 9.728253406881535, 54.33877787686972, 0.0 ], [ 9.728156452997235, 54.338848807995177, 0.0 ], [ 9.728060057048587, 54.338919996312413, 0.0 ], [ 9.727964234257252, 54.338991432743313, 0.0 ], [ 9.727868969403909, 54.339063126368728, 0.0 ], [ 9.727774262171964, 54.339135059216694, 0.0 ], [ 9.727767554299589, 54.339140186659307, 0.0 ], [ 9.727734880272825, 54.339165180527679, 0.0 ], [ 9.727680128259985, 54.339207249168936, 0.0 ], [ 9.72758653691017, 54.339279696412341, 0.0 ], [ 9.727493518723827, 54.339352391776025, 0.0 ], [ 9.727401073702561, 54.339425335261303, 0.0 ], [ 9.727309171088072, 54.339498527054943, 0.0 ], [ 9.727217841800204, 54.33957197595938, 0.0 ], [ 9.72712707030173, 54.339645673081925, 0.0 ], [ 9.727036856594021, 54.339719618423878, 0.0 ], [ 9.72694721621693, 54.339793820880367, 0.0 ], [ 9.726858118253505, 54.339868271651461, 0.0 ], [ 9.726769593623763, 54.339942979539579, 0.0 ], [ 9.726681642170114, 54.340017935559331, 0.0 ], [ 9.726594248514454, 54.340093139804658, 0.0 ], [ 9.726507412816682, 54.340168601263322, 0.0 ], [ 9.726421134919988, 54.340244310949942, 0.0 ], [ 9.726335430205728, 54.340320268773034, 0.0 ], [ 9.726250298834408, 54.340396483720497, 0.0 ], [ 9.726188477541225, 54.340462635981041, 0.0 ], [ 9.726188477541225, 54.340462635981041, 0.0 ] ], [ [ 9.72996428601903, 54.338056625822112, 0.0 ], [ 9.72979698097892, 54.338209788969621, 0.0 ], [ 9.729712150492674, 54.338285887757991, 0.0 ], [ 9.729626777120378, 54.338361747104685, 0.0 ], [ 9.729540829783451, 54.338437349221408, 0.0 ], [ 9.729454324018935, 54.33851270300049, 0.0 ], [ 9.729367259825311, 54.338587808440792, 0.0 ], [ 9.72927962198094, 54.338662674620736, 0.0 ], [ 9.729191440924387, 54.338737283379849, 0.0 ], [ 9.72910268605486, 54.338811643889528, 0.0 ], [ 9.729013372750217, 54.338885756055582, 0.0 ], [ 9.728923516229585, 54.338959610797168, 0.0 ], [ 9.728833086050624, 54.33903322627225, 0.0 ], [ 9.728742097432342, 54.339106593399997, 0.0 ], [ 9.728650550373318, 54.339179712179138, 0.0 ], [ 9.728558460410978, 54.339252591502152, 0.0 ], [ 9.728465796466875, 54.339325213580338, 0.0 ], [ 9.728372574077833, 54.339397587306109, 0.0 ], [ 9.728318416338455, 54.339439320107289, 0.0 ], [ 9.728288141567297, 54.339462556047032, 0.0 ], [ 9.728278793243033, 54.33946971267823, 0.0 ], [ 9.728184469340789, 54.339541589602554, 0.0 ], [ 9.728089571610623, 54.339613218263473, 0.0 ], [ 9.72799411558935, 54.339684607553409, 0.0 ], [ 9.727898100958484, 54.339755739497932, 0.0 ], [ 9.727801543414172, 54.339826631976003, 0.0 ], [ 9.727704411878252, 54.339897267198758, 0.0 ], [ 9.727606722046634, 54.3399676630453, 0.0 ], [ 9.727508473600844, 54.340037801541001, 0.0 ], [ 9.727409666857039, 54.340107700657775, 0.0 ], [ 9.727310316877139, 54.340177342328268, 0.0 ], [ 9.72721039321708, 54.340246744709845, 0.0 ], [ 9.727109910938767, 54.34031588973518, 0.0 ], [ 9.727008870358215, 54.340384795376053, 0.0 ], [ 9.726907271157492, 54.340453443657893, 0.0 ], [ 9.72680509827233, 54.340521852645217, 0.0 ], [ 9.726702382145024, 54.340590004177983, 0.0 ], [ 9.72659909217292, 54.340657907426738, 0.0 ], [ 9.726472267035099, 54.340736234127569, 0.0 ], [ 9.726472267035099, 54.340736234127569, 0.0 ] ], [ [ 9.726188477541225, 54.340462635981041, 0.0 ], [ 9.726472267035099, 54.340736234127569, 0.0 ] ], [ [ 9.726188446781087, 54.34046263616623, 0.0 ], [ 9.725908850795541, 54.340479049933919, 0.0 ], [ 9.725756216548307, 54.340491176002637, 0.0 ], [ 9.725603680507405, 54.340503642814781, 0.0 ], [ 9.725451258207727, 54.340516459264791, 0.0 ], [ 9.725298934265664, 54.340529625445633, 0.0 ], [ 9.725146723899121, 54.340543132278604, 0.0 ], [ 9.724994627104495, 54.340556979764145, 0.0 ], [ 9.724842628497823, 54.340571167995101, 0.0 ], [ 9.724690728233965, 54.34058570595851, 0.0 ], [ 9.724538941688685, 54.340600593562328, 0.0 ], [ 9.724387253162663, 54.340615812926117, 0.0 ], [ 9.724263361148976, 54.340628510438542, 0.0 ], [ 9.724235678348107, 54.340631381931168, 0.0 ], [ 9.724180082980551, 54.340637180202329, 0.0 ], [ 9.724084201703247, 54.340647291683645, 0.0 ], [ 9.723932838762577, 54.340663551078173, 0.0 ], [ 9.72378157398445, 54.340680151220944, 0.0 ], [ 9.723630422745028, 54.340697092020001, 0.0 ], [ 9.723479369819001, 54.340714382554658, 0.0 ], [ 9.723328415044024, 54.340732013838689, 0.0 ], [ 9.723177573797502, 54.340749985780263, 0.0 ], [ 9.723026846232919, 54.340768307366439, 0.0 ], [ 9.722876216809217, 54.340786969703174, 0.0 ], [ 9.722725685522223, 54.340805972790875, 0.0 ], [ 9.722575267906826, 54.340825325524371, 0.0 ], [ 9.722424963959252, 54.340845027904109, 0.0 ], [ 9.722274757979989, 54.340865062049396, 0.0 ], [ 9.722125054737441, 54.340885704151603, 0.0 ], [ 9.722125054737441, 54.340885704151603, 0.0 ] ], [ [ 9.72647229779521, 54.340736233942287, 0.0 ], [ 9.726146207456196, 54.340782677149399, 0.0 ], [ 9.72599617575885, 54.340802013853292, 0.0 ], [ 9.725846045618438, 54.340821009435075, 0.0 ], [ 9.725695817038028, 54.340839663894364, 0.0 ], [ 9.725545474641308, 54.340857977323303, 0.0 ], [ 9.725395033812047, 54.340875949628973, 0.0 ], [ 9.725244494553618, 54.340893580810949, 0.0 ], [ 9.725093856869853, 54.340910870868903, 0.0 ], [ 9.724943120764189, 54.340927819802424, 0.0 ], [ 9.724792270860135, 54.340944427703583, 0.0 ], [ 9.724641322699632, 54.340960703466166, 0.0 ], [ 9.72449027612813, 54.34097663810315, 0.0 ], [ 9.724436921581715, 54.340982180366225, 0.0 ], [ 9.724353610079101, 54.340990742596716, 0.0 ], [ 9.724339115610908, 54.340992222719919, 0.0 ], [ 9.724187872228153, 54.341007475104576, 0.0 ], [ 9.724036515065105, 54.341022386454846, 0.0 ], [ 9.723885059505655, 54.341036956677975, 0.0 ], [ 9.723733505553335, 54.341051185773587, 0.0 ], [ 9.723581837831357, 54.341065073833569, 0.0 ], [ 9.723430071881834, 54.341078629751863, 0.0 ], [ 9.723278222772937, 54.341091835462599, 0.0 ], [ 9.723126244682907, 54.341104709215358, 0.0 ], [ 9.722974183440853, 54.341117232759771, 0.0 ], [ 9.722822008605405, 54.341129424253182, 0.0 ], [ 9.722669735402752, 54.341141274616319, 0.0 ], [ 9.722517363836474, 54.341152783848841, 0.0 ], [ 9.722364893910495, 54.341163951950321, 0.0 ], [ 9.72221253527862, 54.341174454112654, 0.0 ], [ 9.72221253527862, 54.341174454112654, 0.0 ] ], [ [ 9.726188446781087, 54.34046263616623, 0.0 ], [ 9.72647229779521, 54.340736233942287, 0.0 ] ], [ [ 9.722125054737441, 54.340885704151603, 0.0 ], [ 9.72221253527862, 54.341174454112654, 0.0 ] ], [ [ 9.722125054737441, 54.340885704151603, 0.0 ], [ 9.721816409939626, 54.34090367541809, 0.0 ], [ 9.721662267172375, 54.340913261847028, 0.0 ], [ 9.721508221967104, 54.340923153072424, 0.0 ], [ 9.721354259412367, 54.340933376146502, 0.0 ], [ 9.721200409793067, 54.340943903925755, 0.0 ], [ 9.721046658197686, 54.340954763462534, 0.0 ], [ 9.720892988770347, 54.340965927889194, 0.0 ], [ 9.720739417202253, 54.34097741508743, 0.0 ], [ 9.720585958713082, 54.340989215979086, 0.0 ], [ 9.720432582539086, 54.341001330748398, 0.0 ], [ 9.720279304214143, 54.341013768290395, 0.0 ], [ 9.720126123577568, 54.341026519618879, 0.0 ], [ 9.719973025245615, 54.341039584826028, 0.0 ], [ 9.719820039975669, 54.341052963728586, 0.0 ], [ 9.719667137003485, 54.341066656510527, 0.0 ], [ 9.719514347243527, 54.341080671975291, 0.0 ], [ 9.719361639774595, 54.341095001320205, 0.0 ], [ 9.719209029973706, 54.341109644453788, 0.0 ], [ 9.719056517837144, 54.341124601376457, 0.0 ], [ 9.718904088138538, 54.341139881166932, 0.0 ], [ 9.718751771321047, 54.341155465668926, 0.0 ], [ 9.718750834688544, 54.3411555611263, 0.0 ], [ 9.718750834688544, 54.3411555611263, 0.0 ], [ 9.71859953693459, 54.341171373039401, 0.0 ], [ 9.718447415579481, 54.341187594108831, 0.0 ], [ 9.718295376491699, 54.341204129060849, 0.0 ], [ 9.718143435048459, 54.341220977804177, 0.0 ], [ 9.717991591246008, 54.341238140339208, 0.0 ], [ 9.717839829857448, 54.341255625744502, 0.0 ], [ 9.717688181326922, 54.341273415864038, 0.0 ], [ 9.717536615203537, 54.341291528854519, 0.0 ], [ 9.717385162088201, 54.341309955546706, 0.0 ], [ 9.717233791216707, 54.341328696123909, 0.0 ], [ 9.717082518122643, 54.341347759481685, 0.0 ], [ 9.71693134248984, 54.341367127647096, 0.0 ], [ 9.716780249246957, 54.341386818685194, 0.0 ], [ 9.716629268995739, 54.341406823426929, 0.0 ], [ 9.716478371127975, 54.341427151042062, 0.0 ], [ 9.716327586245054, 54.341447792361592, 0.0 ], [ 9.716176883582468, 54.341468747568612, 0.0 ], [ 9.716026278517647, 54.341490016572109, 0.0 ], [ 9.715875771203232, 54.34151160835912, 0.0 ], [ 9.715725361480011, 54.341533513943347, 0.0 ], [ 9.71557504950097, 54.341555742311819, 0.0 ], [ 9.715424947766298, 54.341578571411908, 0.0 ], [ 9.715424947766298, 54.341578571411908, 0.0 ] ], [ [ 9.72221253527862, 54.341174454112654, 0.0 ], [ 9.721912084491677, 54.3412194830453, 0.0 ], [ 9.721761679268759, 54.341241405127157, 0.0 ], [ 9.721611191469812, 54.341263012950336, 0.0 ], [ 9.721460590180394, 54.341284297711852, 0.0 ], [ 9.721309890783891, 54.341305259319363, 0.0 ], [ 9.721159093441218, 54.341325906759067, 0.0 ], [ 9.721008213536114, 54.341346239938652, 0.0 ], [ 9.720857235691398, 54.341366258949733, 0.0 ], [ 9.720706144372818, 54.34138595489722, 0.0 ], [ 9.720554970501466, 54.341405336583506, 0.0 ], [ 9.72040369854335, 54.341424395113549, 0.0 ], [ 9.720252344196807, 54.341443148368363, 0.0 ], [ 9.720100876389612, 54.341461578558032, 0.0 ], [ 9.719949310662821, 54.341479694576961, 0.0 ], [ 9.719797662400326, 54.341497496332948, 0.0 ], [ 9.719645916225026, 54.341514983917449, 0.0 ], [ 9.719494056602638, 54.341532148435242, 0.0 ], [ 9.719342114454536, 54.341548998689014, 0.0 ], [ 9.719190089784206, 54.34156553467848, 0.0 ], [ 9.719037951833766, 54.341581756586706, 0.0 ], [ 9.718888571898654, 54.341597368684553, 0.0 ], [ 9.718888571898654, 54.341597368684553, 0.0 ], [ 9.718885715987392, 54.34159766432159, 0.0 ], [ 9.718733397628824, 54.341613257791053, 0.0 ], [ 9.718580981224207, 54.341628528099832, 0.0 ], [ 9.718428467090193, 54.341643493220758, 0.0 ], [ 9.718275854917005, 54.341658135180232, 0.0 ], [ 9.718123144864812, 54.341672462964475, 0.0 ], [ 9.717970336936601, 54.341686476573138, 0.0 ], [ 9.717817446516637, 54.341700175914291, 0.0 ], [ 9.717664442690603, 54.341713552183997, 0.0 ], [ 9.71751135637974, 54.341726614185497, 0.0 ], [ 9.717358172363053, 54.341739370996521, 0.0 ], [ 9.717204890331367, 54.341751804643458, 0.0 ], [ 9.717051510287796, 54.341763915125938, 0.0 ], [ 9.71689803254883, 54.341775720416813, 0.0 ], [ 9.716744472185447, 54.341787202451052, 0.0 ], [ 9.716590798596812, 54.341798370397733, 0.0 ], [ 9.716437042547089, 54.341809224073678, 0.0 ], [ 9.716283188503079, 54.34181975458327, 0.0 ], [ 9.716129236624472, 54.341829970912777, 0.0 ], [ 9.715975186914878, 54.341839873061801, 0.0 ], [ 9.715821039220982, 54.341849452043334, 0.0 ], [ 9.715666793703241, 54.341858716843618, 0.0 ], [ 9.715512445055234, 54.341867361916698, 0.0 ], [ 9.715512445055234, 54.341867361916698, 0.0 ] ], [ [ 9.715424947766298, 54.341578571411908, 0.0 ], [ 9.715512445055234, 54.341867361916698, 0.0 ] ], [ [ 9.715424947766298, 54.341578571411908, 0.0 ], [ 9.715121616594178, 54.341597392766701, 0.0 ], [ 9.714969906744596, 54.34160736064895, 0.0 ], [ 9.714818310100005, 54.341617651221462, 0.0 ], [ 9.714666795896193, 54.341628264666944, 0.0 ], [ 9.71451537951018, 54.341639200894569, 0.0 ], [ 9.714364061093855, 54.341650468891388, 0.0 ], [ 9.714212840332481, 54.341662050684491, 0.0 ], [ 9.714061701997787, 54.341673955351951, 0.0 ], [ 9.713910676847378, 54.341686182712003, 0.0 ], [ 9.713759734116726, 54.341698732947137, 0.0 ], [ 9.713608889027196, 54.341711596979991, 0.0 ], [ 9.713458126506245, 54.341724792875254, 0.0 ], [ 9.713307477155785, 54.34173831146466, 0.0 ], [ 9.713156910211266, 54.341752152930489, 0.0 ], [ 9.713006440894169, 54.341766308195574, 0.0 ], [ 9.712856069512544, 54.341780795233461, 0.0 ], [ 9.712705795907006, 54.341795605058003, 0.0 ], [ 9.712657947708907, 54.341800381574174, 0.0 ], [ 9.712555619918486, 54.34181072868283, 0.0 ], [ 9.712449594210792, 54.341821609839442, 0.0 ], [ 9.712405526474539, 54.341826184172518, 0.0 ], [ 9.712255530641002, 54.341841953463224, 0.0 ], [ 9.712105632725509, 54.341858054528608, 0.0 ], [ 9.711955832413972, 54.341874469395798, 0.0 ], [ 9.711806114632589, 54.341891216129177, 0.0 ], [ 9.711656509828993, 54.341908276574287, 0.0 ], [ 9.711506987549321, 54.341925668886311, 0.0 ], [ 9.711357563014806, 54.341943383988209, 0.0 ], [ 9.711208236067451, 54.34196141289371, 0.0 ], [ 9.71105899163352, 54.341979773667127, 0.0 ], [ 9.710909860315613, 54.341998457140832, 0.0 ], [ 9.710760811349333, 54.342017463496518, 0.0 ], [ 9.710611860266512, 54.342036801630513, 0.0 ], [ 9.710463006754166, 54.34205645356996, 0.0 ], [ 9.710314251118566, 54.342076437288448, 0.0 ], [ 9.710165078627053, 54.342097232157656, 0.0 ], [ 9.710165078627053, 54.342097232157656, 0.0 ] ], [ [ 9.715512445055234, 54.341867361916698, 0.0 ], [ 9.715216440428321, 54.341910478348971, 0.0 ], [ 9.715068075073473, 54.341931517166017, 0.0 ], [ 9.714919611664085, 54.341952232829236, 0.0 ], [ 9.714771034978821, 54.341972634416067, 0.0 ], [ 9.714622375470734, 54.341992703770508, 0.0 ], [ 9.714473617918308, 54.342012449970063, 0.0 ], [ 9.714324747100038, 54.342031882092009, 0.0 ], [ 9.714175778088107, 54.34205098207164, 0.0 ], [ 9.71402671119775, 54.342069767881853, 0.0 ], [ 9.713877546120694, 54.342088221548948, 0.0 ], [ 9.713728267791019, 54.342106361136906, 0.0 ], [ 9.713578906817967, 54.342124177476627, 0.0 ], [ 9.713429432443402, 54.342141670749783, 0.0 ], [ 9.713279860051006, 54.342158840864961, 0.0 ], [ 9.713130189644859, 54.342175687821829, 0.0 ], [ 9.712980421383413, 54.342192220606606, 0.0 ], [ 9.712830554959057, 54.342208421245672, 0.0 ], [ 9.712794411813295, 54.342212283803569, 0.0 ], [ 9.712680575305393, 54.342224307802809, 0.0 ], [ 9.712586251451764, 54.342234122310053, 0.0 ], [ 9.712530513032201, 54.342239871109193, 0.0 ], [ 9.712380337225545, 54.342255102359587, 0.0 ], [ 9.712230063580405, 54.342270019436015, 0.0 ], [ 9.712079691945352, 54.342284613351467, 0.0 ], [ 9.71192920694218, 54.342298884196339, 0.0 ], [ 9.711778639336551, 54.342312831788661, 0.0 ], [ 9.71162795837018, 54.342326456309628, 0.0 ], [ 9.711477179271798, 54.342339748681432, 0.0 ], [ 9.711326302355676, 54.342352726876967, 0.0 ], [ 9.711175327469924, 54.342365381909239, 0.0 ], [ 9.711024239236904, 54.342377713868522, 0.0 ], [ 9.710873053041219, 54.342389722663746, 0.0 ], [ 9.710721784111891, 54.342401399217245, 0.0 ], [ 9.710570386465156, 54.342412752787183, 0.0 ], [ 9.710418906401953, 54.342423792087935, 0.0 ], [ 9.710266952583458, 54.342434123971373, 0.0 ], [ 9.710266952583458, 54.342434123971373, 0.0 ] ], [ [ 9.710165078627053, 54.342097232157656, 0.0 ], [ 9.710266952583458, 54.342434123971373, 0.0 ] ], [ [ 9.710165078627053, 54.342097232157656, 0.0 ], [ 9.70985662734782, 54.342117427527931, 0.0 ], [ 9.709702711662448, 54.342128111778067, 0.0 ], [ 9.709548893600566, 54.342139109821822, 0.0 ], [ 9.709395173468101, 54.342150439632768, 0.0 ], [ 9.709241551106841, 54.342162092224719, 0.0 ], [ 9.70908804204878, 54.342174076494231, 0.0 ], [ 9.708934630754538, 54.342186383545531, 0.0 ], [ 9.708781301840027, 54.342199013469383, 0.0 ], [ 9.708628086063285, 54.342211966085358, 0.0 ], [ 9.708474968039896, 54.34222524148425, 0.0 ], [ 9.708321963301914, 54.342238848562786, 0.0 ], [ 9.708169040775282, 54.342252769528685, 0.0 ], [ 9.708016216145898, 54.342267022265318, 0.0 ], [ 9.707863504636675, 54.342281597696108, 0.0 ], [ 9.707710890863586, 54.342296495911768, 0.0 ], [ 9.707558359442253, 54.3423117170029, 0.0 ], [ 9.707405941130439, 54.342327260789403, 0.0 ], [ 9.707399307731967, 54.342327946799884, 0.0 ], [ 9.707278157273757, 54.342340547848337, 0.0 ], [ 9.707253620544465, 54.342343127361893, 0.0 ], [ 9.707101397834824, 54.342359325707427, 0.0 ], [ 9.70694927268972, 54.342375837853055, 0.0 ], [ 9.706797260794454, 54.342392681682334, 0.0 ], [ 9.706645331076189, 54.34240983940262, 0.0 ], [ 9.706493514600993, 54.342427328807382, 0.0 ], [ 9.70634178044987, 54.342445141090465, 0.0 ], [ 9.70619015938113, 54.342463276072159, 0.0 ], [ 9.706038636010051, 54.342481733842888, 0.0 ], [ 9.705887210333778, 54.342500514403071, 0.0 ], [ 9.705735882348321, 54.342519617753048, 0.0 ], [ 9.705584652050725, 54.342539043893211, 0.0 ], [ 9.70543351959151, 54.34255880181059, 0.0 ], [ 9.70528248481299, 54.342578882518879, 0.0 ], [ 9.70513156293875, 54.342599276941904, 0.0 ], [ 9.704980738892834, 54.342620003143281, 0.0 ], [ 9.704829997290149, 54.342641061213286, 0.0 ], [ 9.704679368582028, 54.342662432999219, 0.0 ], [ 9.704528837691283, 54.342684136564621, 0.0 ], [ 9.704378404461085, 54.342706162923228, 0.0 ], [ 9.70422580495309, 54.342729253286002, 0.0 ], [ 9.70422580495309, 54.342729253286002, 0.0 ] ], [ [ 9.710266952583458, 54.342434123971373, 0.0 ], [ 9.709965901768522, 54.342476852770275, 0.0 ], [ 9.709815327214958, 54.342497610516546, 0.0 ], [ 9.7096646544913, 54.34251803611258, 0.0 ], [ 9.7095138992923, 54.342538147440735, 0.0 ], [ 9.709363030549309, 54.342557926708345, 0.0 ], [ 9.709212063801852, 54.342577382811214, 0.0 ], [ 9.709061014279328, 54.342596506671853, 0.0 ], [ 9.708909866913871, 54.342615316353665, 0.0 ], [ 9.708758606018508, 54.342633793973356, 0.0 ], [ 9.708607262667766, 54.342651957323071, 0.0 ], [ 9.708455821175052, 54.342669788519501, 0.0 ], [ 9.708304281852847, 54.342687305535634, 0.0 ], [ 9.708152644395426, 54.34270449039775, 0.0 ], [ 9.708000908960882, 54.342721352092113, 0.0 ], [ 9.707849090933495, 54.342737890528092, 0.0 ], [ 9.707697159555044, 54.342754105885881, 0.0 ], [ 9.707545145745286, 54.342770006971215, 0.0 ], [ 9.707529544760996, 54.342771617388507, 0.0 ], [ 9.707412121048259, 54.342783639476473, 0.0 ], [ 9.707393033817505, 54.342785575900713, 0.0 ], [ 9.707240808549066, 54.342800821750792, 0.0 ], [ 9.707088500705163, 54.342815744340697, 0.0 ], [ 9.706936095062837, 54.342830352746937, 0.0 ], [ 9.706783606697604, 54.342844628905638, 0.0 ], [ 9.70663100500531, 54.3428585819834, 0.0 ], [ 9.706478305370489, 54.34287221188967, 0.0 ], [ 9.706325523332001, 54.342885527520671, 0.0 ], [ 9.70617264320382, 54.342898510992811, 0.0 ], [ 9.706019649762807, 54.34291117138239, 0.0 ], [ 9.70586657377417, 54.342923508508953, 0.0 ], [ 9.705713399860393, 54.342935522462177, 0.0 ], [ 9.705560128179414, 54.342947222228339, 0.0 ], [ 9.705406773807548, 54.342958589743766, 0.0 ], [ 9.705253306139886, 54.342969634174679, 0.0 ], [ 9.705099740561741, 54.342980355430733, 0.0 ], [ 9.704946092303068, 54.342990744434964, 0.0 ], [ 9.704792330913616, 54.343000819340119, 0.0 ], [ 9.704638487005067, 54.343010570979409, 0.0 ], [ 9.704484545045778, 54.343019990455666, 0.0 ], [ 9.704332784524006, 54.343028345452808, 0.0 ], [ 9.704332784524006, 54.343028345452808, 0.0 ] ], [ [ 9.70422580495309, 54.342729253286002, 0.0 ], [ 9.704332784524006, 54.343028345452808, 0.0 ] ], [ [ 9.704225789572073, 54.342729253375808, 0.0 ], [ 9.703918574882975, 54.342763734505802, 0.0 ], [ 9.703767300396855, 54.34278157681171, 0.0 ], [ 9.703616169275412, 54.342799714680375, 0.0 ], [ 9.703465181669037, 54.342818157098968, 0.0 ], [ 9.70331432219324, 54.342836904157799, 0.0 ], [ 9.703163606226321, 54.342855955767632, 0.0 ], [ 9.703013033764918, 54.342875311929028, 0.0 ], [ 9.702862589425045, 54.342894972732161, 0.0 ], [ 9.702712273049817, 54.342914929190876, 0.0 ], [ 9.702562100324423, 54.342935199189334, 0.0 ], [ 9.702412070938472, 54.342955764754798, 0.0 ], [ 9.702262185195961, 54.342976643861135, 0.0 ], [ 9.702112427406146, 54.342997818625065, 0.0 ], [ 9.70196279771873, 54.343019298033767, 0.0 ], [ 9.701813311512259, 54.343041081998209, 0.0 ], [ 9.701663968783425, 54.343063170518938, 0.0 ], [ 9.701514754147825, 54.343085563685932, 0.0 ], [ 9.701369917460518, 54.343107607657515, 0.0 ], [ 9.701365682830883, 54.34310825242359, 0.0 ], [ 9.701302978108236, 54.343117892196993, 0.0 ], [ 9.701216739601021, 54.343131245808529, 0.0 ], [ 9.701067939989612, 54.343154552738483, 0.0 ], [ 9.700919283687776, 54.343178155240665, 0.0 ], [ 9.700770755310915, 54.343202053405001, 0.0 ], [ 9.700622370543327, 54.343226265115902, 0.0 ], [ 9.700474113847699, 54.343250781476613, 0.0 ], [ 9.700326000449504, 54.343275593411605, 0.0 ], [ 9.700178015117423, 54.343300709997379, 0.0 ], [ 9.700030173229386, 54.343326131145155, 0.0 ], [ 9.699882474782788, 54.343351856855413, 0.0 ], [ 9.699734904392846, 54.343377887217983, 0.0 ], [ 9.699587477438275, 54.343404222144073, 0.0 ], [ 9.699440178534623, 54.343430861723462, 0.0 ], [ 9.699293022907591, 54.343457796880728, 0.0 ], [ 9.699146010859547, 54.343485045589773, 0.0 ], [ 9.698999126700746, 54.343512589966927, 0.0 ], [ 9.698852386115036, 54.343540447896842, 0.0 ], [ 9.698705773565258, 54.343568610482514, 0.0 ], [ 9.698559319658546, 54.343597068559589, 0.0 ], [ 9.698413321363519, 54.343626099022863, 0.0 ], [ 9.698413321363519, 54.343626099022863, 0.0 ] ], [ [ 9.704332799905135, 54.343028345362988, 0.0 ], [ 9.704044576249894, 54.343085058952411, 0.0 ], [ 9.703898253943308, 54.343112803753911, 0.0 ], [ 9.703751787785466, 54.343140243639979, 0.0 ], [ 9.70360519331399, 54.343167387506966, 0.0 ], [ 9.703458454843169, 54.343194217470831, 0.0 ], [ 9.703311588064619, 54.343220751414684, 0.0 ], [ 9.703164577446302, 54.343246980441045, 0.0 ], [ 9.703017438526294, 54.343272913446398, 0.0 ], [ 9.702870171000127, 54.343298532456927, 0.0 ], [ 9.702722759796824, 54.343323855535104, 0.0 ], [ 9.702575220147171, 54.343348873604157, 0.0 ], [ 9.702427536826393, 54.343373595739799, 0.0 ], [ 9.702279725064908, 54.343398012865357, 0.0 ], [ 9.702131784865939, 54.343422124980279, 0.0 ], [ 9.701983700851525, 54.343445932173658, 0.0 ], [ 9.701835473177679, 54.343469443431601, 0.0 ], [ 9.701687132456787, 54.343492649587937, 0.0 ], [ 9.701545275953626, 54.343514532625747, 0.0 ], [ 9.701538632548209, 54.343515550910645, 0.0 ], [ 9.701474591372309, 54.343525333357746, 0.0 ], [ 9.701390019751612, 54.343538156117475, 0.0 ], [ 9.701241263154589, 54.343560456400169, 0.0 ], [ 9.701092362760148, 54.343582451758181, 0.0 ], [ 9.700943333952706, 54.343604142101626, 0.0 ], [ 9.700794176888293, 54.343625536416646, 0.0 ], [ 9.700644876188598, 54.34364663479213, 0.0 ], [ 9.70049544693215, 54.343667419164895, 0.0 ], [ 9.70034588942794, 54.34368790750775, 0.0 ], [ 9.70019618814468, 54.343708090922853, 0.0 ], [ 9.700046343085361, 54.343727969409684, 0.0 ], [ 9.699896385169108, 54.343747551775799, 0.0 ], [ 9.699746268101455, 54.343766829301906, 0.0 ], [ 9.699596038030183, 54.34378580171969, 0.0 ], [ 9.699445648814049, 54.343804469296316, 0.0 ], [ 9.699295146753093, 54.343822840750342, 0.0 ], [ 9.699144500935047, 54.343840907272963, 0.0 ], [ 9.698993711362947, 54.34385866886366, 0.0 ], [ 9.698842793421122, 54.343876125432736, 0.0 ], [ 9.698691747113326, 54.343893276979749, 0.0 ], [ 9.698540643860277, 54.343909799538849, 0.0 ], [ 9.698540643860277, 54.343909799538849, 0.0 ] ], [ [ 9.704225789572073, 54.342729253375808, 0.0 ], [ 9.704332799905135, 54.343028345362988, 0.0 ] ], [ [ 9.698413321363519, 54.343626099022863, 0.0 ], [ 9.698540643860277, 54.343909799538849, 0.0 ] ], [ [ 9.698413321363519, 54.343626099022863, 0.0 ], [ 9.69810775157757, 54.343656655202402, 0.0 ], [ 9.697955084465054, 54.343672538979298, 0.0 ], [ 9.697802560691906, 54.343688718322376, 0.0 ], [ 9.697650164873336, 54.343705193321192, 0.0 ], [ 9.697497897006562, 54.343721963976243, 0.0 ], [ 9.697345772469832, 54.343739030199032, 0.0 ], [ 9.697193760497093, 54.343756392168032, 0.0 ], [ 9.697041892000076, 54.343774058692468, 0.0 ], [ 9.69689015129042, 54.343792011888468, 0.0 ], [ 9.696738538516597, 54.343810260743162, 0.0 ], [ 9.696587053828335, 54.343828814243764, 0.0 ], [ 9.696435712299213, 54.343847654328556, 0.0 ], [ 9.6962844833154, 54.343866790162359, 0.0 ], [ 9.696133397789241, 54.343886230554716, 0.0 ], [ 9.695982440031436, 54.343905957621608, 0.0 ], [ 9.695831610191675, 54.343925980350171, 0.0 ], [ 9.695680908266672, 54.343946298740882, 0.0 ], [ 9.695530349634661, 54.343966912705525, 0.0 ], [ 9.695379903529648, 54.343987822422065, 0.0 ], [ 9.695229600711793, 54.344009027713554, 0.0 ], [ 9.695079425644931, 54.344030519682498, 0.0 ], [ 9.694929378629149, 54.344052316302736, 0.0 ], [ 9.69477945951, 54.344074408588078, 0.0 ], [ 9.694629668132823, 54.344096787552346, 0.0 ], [ 9.694600253615922, 54.344101217051076, 0.0 ], [ 9.694480020027431, 54.344119462094106, 0.0 ], [ 9.694436506074757, 54.344126120760073, 0.0 ], [ 9.694330499961303, 54.344142441289129, 0.0 ], [ 9.694181092246673, 54.344165707253097, 0.0 ], [ 9.694031827795088, 54.344189268796043, 0.0 ], [ 9.693882691222216, 54.344213126007041, 0.0 ], [ 9.69373369790646, 54.344237278798076, 0.0 ], [ 9.69358481708157, 54.344261727346577, 0.0 ], [ 9.693436079508102, 54.344286471476117, 0.0 ], [ 9.69328746965007, 54.344311502288988, 0.0 ], [ 9.693138987807304, 54.344336837758981, 0.0 ], [ 9.69299063382501, 54.344362468899917, 0.0 ], [ 9.692842407700761, 54.344388395712265, 0.0 ], [ 9.692694324813067, 54.344414618108154, 0.0 ], [ 9.692546354395688, 54.344441136264784, 0.0 ], [ 9.692398527208965, 54.344467950005964, 0.0 ], [ 9.692250827868685, 54.344495059420467, 0.0 ], [ 9.692103271752972, 54.344522464420564, 0.0 ], [ 9.691955828247101, 54.344550174169918, 0.0 ], [ 9.691808527809245, 54.344578170519156, 0.0 ], [ 9.691661355357038, 54.344606471530334, 0.0 ], [ 9.69151431073635, 54.344635068217279, 0.0 ], [ 9.691367409476836, 54.344663969478979, 0.0 ], [ 9.691219909177645, 54.344692936906995, 0.0 ], [ 9.691219909177645, 54.344692936906995, 0.0 ] ], [ [ 9.698540643860277, 54.343909799538849, 0.0 ], [ 9.698247780437823, 54.343969500985331, 0.0 ], [ 9.698101076864099, 54.343998759836502, 0.0 ], [ 9.697954245153486, 54.344027731648616, 0.0 ], [ 9.69780728515649, 54.344056407434607, 0.0 ], [ 9.697660181342213, 54.344084778296271, 0.0 ], [ 9.69751294939983, 54.34411286211747, 0.0 ], [ 9.697365589027203, 54.344140640924408, 0.0 ], [ 9.697218084998431, 54.344168123792166, 0.0 ], [ 9.697070452849983, 54.344195319618009, 0.0 ], [ 9.696922692280452, 54.3442222104281, 0.0 ], [ 9.696774788215414, 54.344248814284171, 0.0 ], [ 9.696626771116758, 54.344275113034683, 0.0 ], [ 9.696478595146804, 54.344301124919014, 0.0 ], [ 9.696330306301128, 54.344326840683507, 0.0 ], [ 9.696181873667598, 54.344352251518607, 0.0 ], [ 9.696033312934677, 54.344377375308362, 0.0 ], [ 9.69588462395331, 54.34440220306562, 0.0 ], [ 9.695735806726407, 54.344426734789963, 0.0 ], [ 9.695586845875534, 54.344450970569525, 0.0 ], [ 9.695437756936641, 54.34447491930181, 0.0 ], [ 9.695288539609436, 54.344498563012998, 0.0 ], [ 9.695139178667043, 54.344521910777878, 0.0 ], [ 9.694989689645704, 54.34454497149401, 0.0 ], [ 9.694989306013708, 54.344545027629849, 0.0 ], [ 9.694989306013708, 54.344545027629849, 0.0 ], [ 9.694840072396747, 54.344567736174227, 0.0 ], [ 9.694690311541315, 54.344590204906623, 0.0 ], [ 9.694540437846012, 54.344612377513513, 0.0 ], [ 9.694390420550413, 54.344634254171595, 0.0 ], [ 9.694240259657343, 54.344655834880314, 0.0 ], [ 9.694089985933303, 54.344677119462098, 0.0 ], [ 9.693939568769729, 54.344698117080192, 0.0 ], [ 9.693789023247721, 54.344718809672244, 0.0 ], [ 9.693638349673851, 54.344739215211085, 0.0 ], [ 9.693487532366124, 54.344759315811331, 0.0 ], [ 9.693336587012444, 54.344779129357356, 0.0 ], [ 9.693185513313169, 54.344798637875364, 0.0 ], [ 9.693034296191772, 54.344817859426563, 0.0 ], [ 9.692882950882174, 54.344836784935389, 0.0 ], [ 9.692731477236341, 54.344855405414663, 0.0 ], [ 9.692579860177652, 54.344873738925564, 0.0 ], [ 9.692428114788493, 54.344891767405912, 0.0 ], [ 9.692276241223647, 54.34490949984189, 0.0 ], [ 9.692124239637261, 54.344926945219655, 0.0 ], [ 9.691972094347864, 54.344944085653651, 0.0 ], [ 9.691819805359163, 54.344960921143304, 0.0 ], [ 9.691667403739867, 54.344977469485002, 0.0 ], [ 9.691514858427388, 54.344993712881347, 0.0 ], [ 9.69136190416012, 54.345009428163792, 0.0 ], [ 9.69136190416012, 54.345009428163792, 0.0 ] ], [ [ 9.691219909177645, 54.344692936906995, 0.0 ], [ 9.69136190416012, 54.345009428163792, 0.0 ] ], [ [ 9.691219909177645, 54.344692936906995, 0.0 ], [ 9.690915449473337, 54.34472808806683, 0.0 ], [ 9.690763619423993, 54.344746582291208, 0.0 ], [ 9.690611948481703, 54.344765398964519, 0.0 ], [ 9.690460421261351, 54.344784538175489, 0.0 ], [ 9.690309022227051, 54.344803991025941, 0.0 ], [ 9.690157766907932, 54.344823766415068, 0.0 ], [ 9.69000667053216, 54.344843855268749, 0.0 ], [ 9.689855702482838, 54.3448642667502, 0.0 ], [ 9.689704877988541, 54.344884991785293, 0.0 ], [ 9.68955421242759, 54.344906030286616, 0.0 ], [ 9.689403675183641, 54.344927391417293, 0.0 ], [ 9.689253281635263, 54.344949075089929, 0.0 ], [ 9.689103016096487, 54.344971063419543, 0.0 ], [ 9.688952909628375, 54.344993374204329, 0.0 ], [ 9.688802946846153, 54.345016007532649, 0.0 ], [ 9.688730077321042, 54.345027127822746, 0.0 ], [ 9.688730077321042, 54.345027127822746, 0.0 ], [ 9.68865311221432, 54.345038954506258, 0.0 ], [ 9.688503436493388, 54.345062214949962, 0.0 ], [ 9.688353888916378, 54.345085789039977, 0.0 ], [ 9.688204500394153, 54.345109685587936, 0.0 ], [ 9.68805524015961, 54.345133904769895, 0.0 ], [ 9.687906123291263, 54.345158428525274, 0.0 ], [ 9.687757150086139, 54.345183274827988, 0.0 ], [ 9.687608320391064, 54.345208434691834, 0.0 ], [ 9.687459618970816, 54.345233917191756, 0.0 ], [ 9.687311076436474, 54.345259713166215, 0.0 ], [ 9.687162677402412, 54.345285822703453, 0.0 ], [ 9.687014406633761, 54.345312254878309, 0.0 ], [ 9.686866294741376, 54.345339000529364, 0.0 ], [ 9.686718311108057, 54.345366068819068, 0.0 ], [ 9.686570470962828, 54.345393450673626, 0.0 ], [ 9.686422774302317, 54.345421146093607, 0.0 ], [ 9.686275368850549, 54.345449711466216, 0.0 ], [ 9.686275368850549, 54.345449711466216, 0.0 ] ], [ [ 9.69136190416012, 54.345009428163792, 0.0 ], [ 9.691066823352203, 54.345065493866528, 0.0 ], [ 9.690918987220462, 54.345092881037502, 0.0 ], [ 9.690771007175909, 54.345119954287021, 0.0 ], [ 9.690622898452824, 54.345146704539864, 0.0 ], [ 9.690474630441225, 54.345173140958281, 0.0 ], [ 9.690326233757325, 54.345199254378969, 0.0 ], [ 9.690177677791452, 54.345225053964121, 0.0 ], [ 9.690028993159252, 54.345250530550501, 0.0 ], [ 9.689880164633376, 54.345275693212258, 0.0 ], [ 9.689731192065969, 54.345300532962206, 0.0 ], [ 9.689582060228723, 54.345325058874415, 0.0 ], [ 9.689432799889065, 54.345349270772438, 0.0 ], [ 9.689283410899577, 54.345373159669109, 0.0 ], [ 9.68913386264998, 54.345396734726421, 0.0 ], [ 9.688984170375004, 54.345419986869189, 0.0 ], [ 9.688911332303354, 54.345431187974313, 0.0 ], [ 9.688911332303354, 54.345431187974313, 0.0 ], [ 9.688834334378743, 54.345442934070249, 0.0 ], [ 9.688684369595022, 54.345465549281215, 0.0 ], [ 9.688534261096162, 54.345487859549436, 0.0 ], [ 9.688383993202919, 54.345509846988783, 0.0 ], [ 9.68823359668256, 54.345531511423125, 0.0 ], [ 9.688083056456788, 54.345552870913103, 0.0 ], [ 9.687932372228222, 54.345573907484763, 0.0 ], [ 9.687781544150504, 54.345594630124317, 0.0 ], [ 9.687630572076731, 54.345615029844467, 0.0 ], [ 9.687479471542135, 54.345635115543708, 0.0 ], [ 9.687328211635988, 54.345654878410173, 0.0 ], [ 9.687176823425775, 54.345674336241352, 0.0 ], [ 9.687025275700675, 54.34569346225198, 0.0 ], [ 9.686873599677797, 54.345712283226206, 0.0 ], [ 9.686721779678569, 54.345730781277844, 0.0 ], [ 9.686569815856592, 54.34574896539295, 0.0 ], [ 9.686417472387211, 54.345766531336949, 0.0 ], [ 9.686417472387211, 54.345766531336949, 0.0 ] ], [ [ 9.686275368850549, 54.345449711466216, 0.0 ], [ 9.686417472387211, 54.345766531336949, 0.0 ] ], [ [ 9.686275368850549, 54.345449711466216, 0.0 ], [ 9.685971874251631, 54.345484278416627, 0.0 ], [ 9.685820350491802, 54.345502063635941, 0.0 ], [ 9.685668970127493, 54.345520153425653, 0.0 ], [ 9.685517717922622, 54.345538556860376, 0.0 ], [ 9.685366609106987, 54.3455572648665, 0.0 ], [ 9.685215643677273, 54.345576277444607, 0.0 ], [ 9.685064806247896, 54.345595594682607, 0.0 ], [ 9.684914112347732, 54.345615225480316, 0.0 ], [ 9.68476356182394, 54.345635160851572, 0.0 ], [ 9.684613139440804, 54.345655409870929, 0.0 ], [ 9.684462860278172, 54.345675954478246, 0.0 ], [ 9.684312709249813, 54.345696812734658, 0.0 ], [ 9.684162701585272, 54.3457179755667, 0.0 ], [ 9.684012837281454, 54.34573944297496, 0.0 ], [ 9.683863100953047, 54.345761215047176, 0.0 ], [ 9.683713508128379, 54.345783300683316, 0.0 ], [ 9.683564043123736, 54.345805681997717, 0.0 ], [ 9.683415765070622, 54.345828218176543, 0.0 ], [ 9.683415765070622, 54.345828218176543, 0.0 ], [ 9.683414721616714, 54.345828376877073, 0.0 ], [ 9.683265543454743, 54.345851376335261, 0.0 ], [ 9.683116493401931, 54.345874689446603, 0.0 ], [ 9.682967586538981, 54.34589829815112, 0.0 ], [ 9.682818807778927, 54.345922220509799, 0.0 ], [ 9.68267017235185, 54.345946447449336, 0.0 ], [ 9.682521680254542, 54.3459709789703, 0.0 ], [ 9.682373316101836, 54.345995815160251, 0.0 ], [ 9.682225095272944, 54.346020955932644, 0.0 ], [ 9.682077002531491, 54.346046410361708, 0.0 ], [ 9.681929053107737, 54.346072169374253, 0.0 ], [ 9.681781246998741, 54.346098232970796, 0.0 ], [ 9.681633568819139, 54.346124601238827, 0.0 ], [ 9.681486034096839, 54.346151283078569, 0.0 ], [ 9.681338642531539, 54.346178260517213, 0.0 ], [ 9.681191379035178, 54.34620555161549, 0.0 ], [ 9.681044258987061, 54.34623315628707, 0.0 ], [ 9.680897266853398, 54.346261065632604, 0.0 ], [ 9.680750433395694, 54.346289279478924, 0.0 ], [ 9.680604042031938, 54.346318191678712, 0.0 ], [ 9.680604042031938, 54.346318191678712, 0.0 ] ], [ [ 9.686417472387211, 54.345766531336949, 0.0 ], [ 9.686124057534126, 54.345823591023958, 0.0 ], [ 9.685977085736678, 54.345851506456313, 0.0 ], [ 9.685829970208383, 54.345879116950101, 0.0 ], [ 9.685682710802457, 54.34590641351808, 0.0 ], [ 9.685535307671808, 54.345933405146425, 0.0 ], [ 9.68538777605195, 54.345960082760485, 0.0 ], [ 9.685240116245151, 54.34598646433318, 0.0 ], [ 9.685092297190526, 54.346012532065402, 0.0 ], [ 9.684944365187857, 54.346038294681179, 0.0 ], [ 9.684796273943494, 54.346063743455439, 0.0 ], [ 9.684648054524427, 54.346088896186288, 0.0 ], [ 9.684499691252089, 54.346113734987185, 0.0 ], [ 9.684351199661483, 54.346138268757009, 0.0 ], [ 9.684202564223982, 54.346162488595873, 0.0 ], [ 9.684053785241243, 54.34618641247657, 0.0 ], [ 9.683904877800314, 54.34621002233802, 0.0 ], [ 9.683755826670682, 54.346233327253572, 0.0 ], [ 9.683607690702305, 54.346256168433356, 0.0 ], [ 9.683607690702305, 54.346256168433356, 0.0 ], [ 9.683606647238268, 54.346256327135578, 0.0 ], [ 9.683457324123749, 54.346279022070675, 0.0 ], [ 9.683307857180724, 54.346301403071614, 0.0 ], [ 9.683158262093329, 54.34632348802414, 0.0 ], [ 9.683008523184073, 54.346345259041527, 0.0 ], [ 9.682858655986982, 54.34636672502279, 0.0 ], [ 9.682708645123585, 54.346387886054522, 0.0 ], [ 9.682558490596236, 54.346408742136177, 0.0 ], [ 9.682408207641986, 54.346429284193505, 0.0 ], [ 9.682257781179446, 54.346449530286442, 0.0 ], [ 9.68210721091379, 54.346469462440986, 0.0 ], [ 9.681956512230681, 54.346489080569711, 0.0 ], [ 9.681805685430804, 54.346508402645441, 0.0 ], [ 9.681654699455068, 54.346527410868184, 0.0 ], [ 9.681503585369143, 54.346546123036966, 0.0 ], [ 9.681352342729534, 54.346564512191115, 0.0 ], [ 9.681200956603732, 54.346582605377151, 0.0 ], [ 9.681049426696955, 54.346600384621155, 0.0 ], [ 9.680897753161476, 54.346617858909241, 0.0 ], [ 9.680745961266981, 54.346634695559601, 0.0 ], [ 9.680745961266981, 54.346634695559601, 0.0 ] ], [ [ 9.680604042031938, 54.346318191678712, 0.0 ], [ 9.680745961266981, 54.346634695559601, 0.0 ] ], [ [ 9.680604042031938, 54.346318191678712, 0.0 ], [ 9.680300476201776, 54.3463519088927, 0.0 ], [ 9.68014894021182, 54.346369291590925, 0.0 ], [ 9.679997532346942, 54.346386987939702, 0.0 ], [ 9.679846252307744, 54.346404979966167, 0.0 ], [ 9.6796951310042, 54.346423276484096, 0.0 ], [ 9.679544122137425, 54.346441868767386, 0.0 ], [ 9.679393256765856, 54.346460774616602, 0.0 ], [ 9.67924251920744, 54.34647997614551, 0.0 ], [ 9.679091924841053, 54.346499473267983, 0.0 ], [ 9.678941473812413, 54.346519274971243, 0.0 ], [ 9.678791150735872, 54.346539381342417, 0.0 ], [ 9.678640955608181, 54.346559792382003, 0.0 ], [ 9.678490903660201, 54.34658049901725, 0.0 ], [ 9.678340979655115, 54.346601510321889, 0.0 ], [ 9.678191198823999, 54.346622817223214, 0.0 ], [ 9.678041545929446, 54.346644428794974, 0.0 ], [ 9.677892020819995, 54.34666633605093, 0.0 ], [ 9.67774263902359, 54.346688547891802, 0.0 ], [ 9.677593400536992, 54.346711064318136, 0.0 ], [ 9.677517486434351, 54.346722635311536, 0.0 ], [ 9.677517486434351, 54.346722635311536, 0.0 ], [ 9.677444289826623, 54.346733876430186, 0.0 ], [ 9.677295307037596, 54.346756993215109, 0.0 ], [ 9.677146467548877, 54.346780414587059, 0.0 ], [ 9.676997755827548, 54.346804131646195, 0.0 ], [ 9.676849187253103, 54.346828144306649, 0.0 ], [ 9.676700746587585, 54.346852461641987, 0.0 ], [ 9.676552449210707, 54.34687708356639, 0.0 ], [ 9.676404279736722, 54.346902010166652, 0.0 ], [ 9.676256253397611, 54.346927232370334, 0.0 ], [ 9.676108354807827, 54.346952750264144, 0.0 ], [ 9.675960584259659, 54.346978581822015, 0.0 ], [ 9.675812956837467, 54.34700470898477, 0.0 ], [ 9.675665472538354, 54.347031131752985, 0.0 ], [ 9.675518116271565, 54.347057868186745, 0.0 ], [ 9.675370887739248, 54.347084900313078, 0.0 ], [ 9.67522380246867, 54.347112237033095, 0.0 ], [ 9.675076860309408, 54.347139869360561, 0.0 ], [ 9.674930030787838, 54.347167815441622, 0.0 ], [ 9.674783359754413, 54.34719605704511, 0.0 ], [ 9.674636816588192, 54.347224603330332, 0.0 ], [ 9.674490441475541, 54.347254029274794, 0.0 ], [ 9.674490441475541, 54.347254029274794, 0.0 ] ], [ [ 9.680745961266981, 54.346634695559601, 0.0 ], [ 9.680453142881571, 54.346692385148202, 0.0 ], [ 9.680306477382127, 54.346720633449905, 0.0 ], [ 9.68015966818888, 54.346748576806959, 0.0 ], [ 9.680012715453085, 54.346776224205506, 0.0 ], [ 9.679865634411851, 54.346803566571666, 0.0 ], [ 9.679718425216411, 54.34683061289163, 0.0 ], [ 9.679571072190237, 54.346857345278217, 0.0 ], [ 9.679423575633317, 54.346883781704243, 0.0 ], [ 9.679275950931377, 54.34690992208261, 0.0 ], [ 9.679128197790163, 54.3469357484394, 0.0 ], [ 9.678980301127355, 54.346961278834172, 0.0 ], [ 9.678832276328045, 54.346986513179793, 0.0 ], [ 9.678684107864235, 54.347011442575614, 0.0 ], [ 9.678535811122231, 54.347036066934614, 0.0 ], [ 9.678387370869915, 54.347060395329493, 0.0 ], [ 9.67823880234492, 54.347084418686556, 0.0 ], [ 9.678090090168038, 54.347108137091794, 0.0 ], [ 9.677941249872562, 54.347131559444882, 0.0 ], [ 9.677792281313719, 54.347154676758663, 0.0 ], [ 9.677716398548588, 54.347166328585914, 0.0 ], [ 9.677716398548588, 54.347166328585914, 0.0 ], [ 9.677643169259893, 54.347177498105793, 0.0 ], [ 9.677493928948564, 54.347200014412586, 0.0 ], [ 9.67734454514822, 54.347222234751676, 0.0 ], [ 9.677195017714096, 54.347244150135843, 0.0 ], [ 9.677045377414418, 54.347265760391828, 0.0 ], [ 9.676895578252037, 54.347287074764893, 0.0 ], [ 9.676745666230556, 54.347308084008816, 0.0 ], [ 9.676595610587476, 54.347328788295734, 0.0 ], [ 9.676445411473662, 54.347349196611873, 0.0 ], [ 9.676295084274846, 54.347369308870348, 0.0 ], [ 9.676144613315747, 54.347389107183545, 0.0 ], [ 9.675994014278206, 54.347408609438133, 0.0 ], [ 9.675843287017432, 54.347427806646898, 0.0 ], [ 9.675692416301017, 54.347446707882234, 0.0 ], [ 9.675541417367731, 54.347465304070745, 0.0 ], [ 9.675390274837518, 54.347483595298094, 0.0 ], [ 9.675238988713936, 54.347501581563698, 0.0 ], [ 9.675087574530219, 54.347519271767624, 0.0 ], [ 9.674936031994784, 54.347536647936025, 0.0 ], [ 9.67478434602268, 54.347553728127799, 0.0 ], [ 9.674632158097559, 54.347570226746946, 0.0 ], [ 9.674632158097559, 54.347570226746946, 0.0 ] ], [ [ 9.674490441475541, 54.347254029274794, 0.0 ], [ 9.674632158097559, 54.347570226746946, 0.0 ] ], [ [ 9.674490441475541, 54.347254029274794, 0.0 ], [ 9.67418430132507, 54.347286271508629, 0.0 ], [ 9.674031438475167, 54.347302845045803, 0.0 ], [ 9.673878703417508, 54.347319714263378, 0.0 ], [ 9.67372609629653, 54.347336888148511, 0.0 ], [ 9.673573632197604, 54.347354348642391, 0.0 ], [ 9.673421311411921, 54.347372113718983, 0.0 ], [ 9.67326910302312, 54.347390174563863, 0.0 ], [ 9.673117037941292, 54.347408539992465, 0.0 ], [ 9.672965115869165, 54.347427192031972, 0.0 ], [ 9.67281330618502, 54.347446139841168, 0.0 ], [ 9.67266163979817, 54.347465392235677, 0.0 ], [ 9.672510116558849, 54.347484940229315, 0.0 ], [ 9.672358705551341, 54.34750477500743, 0.0 ], [ 9.672207437832014, 54.347524914372393, 0.0 ], [ 9.672056297868188, 54.347545349423761, 0.0 ], [ 9.671905300892515, 54.347566071089616, 0.0 ], [ 9.671754431813046, 54.347587097429596, 0.0 ], [ 9.671603690479824, 54.347608419457451, 0.0 ], [ 9.671453076889813, 54.34763003717373, 0.0 ], [ 9.671302606276306, 54.347651941506513, 0.0 ], [ 9.671152263546565, 54.347674150515388, 0.0 ], [ 9.671002063934058, 54.347696655128573, 0.0 ], [ 9.670854508705737, 54.347719063958444, 0.0 ], [ 9.670851976522941, 54.347719446530995, 0.0 ], [ 9.670850794964638, 54.347719632853327, 0.0 ], [ 9.670702032369551, 54.34774254252541, 0.0 ], [ 9.670552231324228, 54.347765934125647, 0.0 ], [ 9.67040254247188, 54.347789612516607, 0.0 ], [ 9.670252996867688, 54.347813595501059, 0.0 ], [ 9.670103578833569, 54.34783786519165, 0.0 ], [ 9.669954304042005, 54.34786243947682, 0.0 ], [ 9.669805141431119, 54.347887300554525, 0.0 ], [ 9.669656122057082, 54.347912466227797, 0.0 ], [ 9.669507245623921, 54.347937918523776, 0.0 ], [ 9.669358481655161, 54.347963675587138, 0.0 ], [ 9.669209860621958, 54.347989719274175, 0.0 ], [ 9.669061382813146, 54.348016067558838, 0.0 ], [ 9.668913017167837, 54.348042702638885, 0.0 ], [ 9.668764794741161, 54.34806964231754, 0.0 ], [ 9.66861671538425, 54.348096877608661, 0.0 ], [ 9.668468748327911, 54.348124408683255, 0.0 ], [ 9.668320924335449, 54.348152235371295, 0.0 ], [ 9.668173243404038, 54.348180357673279, 0.0 ], [ 9.6680256749103, 54.348208784746866, 0.0 ], [ 9.66787824932587, 54.348237498448682, 0.0 ], [ 9.667730966939743, 54.348266516752723, 0.0 ], [ 9.667583796836372, 54.348295830843014, 0.0 ], [ 9.667436785308753, 54.348325449451373, 0.0 ], [ 9.667290039744437, 54.348355354009165, 0.0 ], [ 9.667290039744437, 54.348355354009165, 0.0 ] ], [ [ 9.674632158097559, 54.347570226746946, 0.0 ], [ 9.674338374475678, 54.347630018916632, 0.0 ], [ 9.674191226796069, 54.34765934096076, 0.0 ], [ 9.674043935603359, 54.34768836703843, 0.0 ], [ 9.67389651628322, 54.347717097063189, 0.0 ], [ 9.673748968691498, 54.347745522047823, 0.0 ], [ 9.673601293124946, 54.347773659965277, 0.0 ], [ 9.673453473909801, 54.347801492927601, 0.0 ], [ 9.673305511195938, 54.347829029920902, 0.0 ], [ 9.673157435751914, 54.347856270773001, 0.0 ], [ 9.673009216815178, 54.347883215655102, 0.0 ], [ 9.67286085438829, 54.347909864566695, 0.0 ], [ 9.672712379240343, 54.347936217335644, 0.0 ], [ 9.67256376046149, 54.347962265146371, 0.0 ], [ 9.672414998347982, 54.347988025971794, 0.0 ], [ 9.672266123375612, 54.34801348166642, 0.0 ], [ 9.672117105074713, 54.34803865037474, 0.0 ], [ 9.671967958684462, 54.348063523023797, 0.0 ], [ 9.671818668678196, 54.348088090712061, 0.0 ], [ 9.671669250735063, 54.348112371326771, 0.0 ], [ 9.671519704564764, 54.348136346894009, 0.0 ], [ 9.671370030463914, 54.348160035386741, 0.0 ], [ 9.671220212758906, 54.348183418916634, 0.0 ], [ 9.6710727993395, 54.348206132793848, 0.0 ], [ 9.671070267129208, 54.348206515371018, 0.0 ], [ 9.671069070174614, 54.348206701781088, 0.0 ], [ 9.670920193430721, 54.348229315762673, 0.0 ], [ 9.670769976137388, 54.348251811190003, 0.0 ], [ 9.670619630928064, 54.34827401954027, 0.0 ], [ 9.670469157659396, 54.348295931826385, 0.0 ], [ 9.670318540951376, 54.348317548133274, 0.0 ], [ 9.670167796043566, 54.348338859388249, 0.0 ], [ 9.670016923231756, 54.34835988356425, 0.0 ], [ 9.669865922372578, 54.348380611674067, 0.0 ], [ 9.669714777939951, 54.348401034815907, 0.0 ], [ 9.669563505612315, 54.348421170877245, 0.0 ], [ 9.669412105246822, 54.348441010870928, 0.0 ], [ 9.669260561316619, 54.34846054589508, 0.0 ], [ 9.66910888950097, 54.348479793837242, 0.0 ], [ 9.668957089510155, 54.348498736723549, 0.0 ], [ 9.668805146256474, 54.348517392612145, 0.0 ], [ 9.668653074834147, 54.348535743443854, 0.0 ], [ 9.668500875392223, 54.348553798204861, 0.0 ], [ 9.668348532550786, 54.348571556979941, 0.0 ], [ 9.668196061695953, 54.348589019683288, 0.0 ], [ 9.668043447301482, 54.348606177412933, 0.0 ], [ 9.667890720429309, 54.348623047971373, 0.0 ], [ 9.667737850024201, 54.348639613555058, 0.0 ], [ 9.667584836089029, 54.34865587416347, 0.0 ], [ 9.667431720551704, 54.348671568925987, 0.0 ], [ 9.667431720551704, 54.348671568925987, 0.0 ] ], [ [ 9.667290039744437, 54.348355354009165, 0.0 ], [ 9.667431720551704, 54.348671568925987, 0.0 ] ], [ [ 9.667290039744437, 54.348355354009165, 0.0 ], [ 9.666988961558852, 54.348388466669824, 0.0 ], [ 9.666838749212546, 54.348405735419355, 0.0 ], [ 9.666688664753103, 54.348423308850343, 0.0 ], [ 9.666538707886801, 54.348441168989808, 0.0 ], [ 9.666388894284854, 54.348459333726723, 0.0 ], [ 9.666239208414977, 54.348477794159855, 0.0 ], [ 9.666089650274698, 54.348496550289696, 0.0 ], [ 9.665940235244108, 54.348515602031789, 0.0 ], [ 9.66579094808186, 54.348534958458302, 0.0 ], [ 9.665641788494716, 54.348554601596312, 0.0 ], [ 9.665492772008212, 54.348574540348054, 0.0 ], [ 9.665343883380903, 54.348594783785749, 0.0 ], [ 9.665195122319819, 54.348615313936371, 0.0 ], [ 9.665046504495308, 54.348636148689025, 0.0 ], [ 9.664898014376165, 54.348657279142309, 0.0 ], [ 9.664749651813958, 54.348678696310046, 0.0 ], [ 9.664601432479289, 54.348700418081343, 0.0 ], [ 9.66445334069601, 54.348722426568003, 0.0 ], [ 9.664305376751059, 54.348744739744014, 0.0 ], [ 9.664233322574489, 54.348755714884398, 0.0 ], [ 9.664233322574489, 54.348755714884398, 0.0 ], [ 9.664157540351386, 54.348767339636368, 0.0 ], [ 9.664009847167447, 54.348790244134278, 0.0 ], [ 9.66386228152294, 54.348813435349555, 0.0 ], [ 9.66371484370497, 54.348836931256066, 0.0 ], [ 9.663567548803684, 54.348860713796235, 0.0 ], [ 9.663420381578254, 54.348884792041929, 0.0 ], [ 9.663273342170221, 54.348909174980328, 0.0 ], [ 9.663126445670718, 54.348933844553876, 0.0 ], [ 9.662979661454301, 54.348958809918926, 0.0 ], [ 9.66283303581355, 54.348984079809036, 0.0 ], [ 9.662686522305739, 54.34900963650491, 0.0 ], [ 9.662540151983801, 54.34903549781135, 0.0 ], [ 9.662393909172609, 54.349061645839981, 0.0 ], [ 9.662247794013734, 54.349088089577933, 0.0 ], [ 9.662101822032335, 54.349114837927964, 0.0 ], [ 9.661955977553061, 54.349141873001642, 0.0 ], [ 9.661810260861515, 54.349169212772807, 0.0 ], [ 9.661664687194504, 54.349196848170855, 0.0 ], [ 9.66151924116544, 54.349224779280647, 0.0 ], [ 9.661373922771228, 54.349253006102693, 0.0 ], [ 9.661229028339333, 54.349281778663325, 0.0 ], [ 9.661229028339333, 54.349281778663325, 0.0 ] ], [ [ 9.667431720551704, 54.348671568925987, 0.0 ], [ 9.667141382341827, 54.348728637182049, 0.0 ], [ 9.666995941732523, 54.3487565748785, 0.0 ], [ 9.666850373053169, 54.348784216518951, 0.0 ], [ 9.666704660923516, 54.348811562187919, 0.0 ], [ 9.666558820729257, 54.348838611799913, 0.0 ], [ 9.666412852328394, 54.348865356367739, 0.0 ], [ 9.666266756014526, 54.348891813864356, 0.0 ], [ 9.666120516116161, 54.348917966400826, 0.0 ], [ 9.6659741327818, 54.348943822963335, 0.0 ], [ 9.665827636926471, 54.348969392368232, 0.0 ], [ 9.665680997495409, 54.348994656811477, 0.0 ], [ 9.665534230020468, 54.349019625194359, 0.0 ], [ 9.665387319121011, 54.349044297601296, 0.0 ], [ 9.665240280183509, 54.349068673946896, 0.0 ], [ 9.665093113211011, 54.349092754230711, 0.0 ], [ 9.664945818205938, 54.349116538452222, 0.0 ], [ 9.664798379788447, 54.349140026695807, 0.0 ], [ 9.664650813344261, 54.3491632188761, 0.0 ], [ 9.664503103493301, 54.349186115077437, 0.0 ], [ 9.664431095910592, 54.349197161976626, 0.0 ], [ 9.664431095910592, 54.349197161976626, 0.0 ], [ 9.66435528100557, 54.349208715129777, 0.0 ], [ 9.66420731511675, 54.349231019202172, 0.0 ], [ 9.664059205830073, 54.349253027294054, 0.0 ], [ 9.6639109839151, 54.349274739235504, 0.0 ], [ 9.663762618608164, 54.349296155195518, 0.0 ], [ 9.663614125295835, 54.349317275088815, 0.0 ], [ 9.663465488597208, 54.349338098999638, 0.0 ], [ 9.663316723898831, 54.349358626842765, 0.0 ], [ 9.663167831204055, 54.349378858617762, 0.0 ], [ 9.663018810660494, 54.349398803310869, 0.0 ], [ 9.662869646598173, 54.349418443032675, 0.0 ], [ 9.662720354548208, 54.349437786684902, 0.0 ], [ 9.662570934513576, 54.349456834267023, 0.0 ], [ 9.662421371113986, 54.349475585863026, 0.0 ], [ 9.662271679736138, 54.349494041387942, 0.0 ], [ 9.662121860382619, 54.349512200841303, 0.0 ], [ 9.661971897528876, 54.34953005532028, 0.0 ], [ 9.661821806850257, 54.349547622713423, 0.0 ], [ 9.661671588205364, 54.34956489403347, 0.0 ], [ 9.661521226069334, 54.349581860377647, 0.0 ], [ 9.661370761975489, 54.349598233917156, 0.0 ], [ 9.661370761975489, 54.349598233917156, 0.0 ] ], [ [ 9.661229028339333, 54.349281778663325, 0.0 ], [ 9.661370761975489, 54.349598233917156, 0.0 ] ], [ [ 9.661229028339333, 54.349281778663325, 0.0 ], [ 9.66092897212128, 54.349315059305482, 0.0 ], [ 9.660779199342821, 54.349332282135933, 0.0 ], [ 9.660629569794176, 54.349349809571187, 0.0 ], [ 9.660480067800076, 54.349367623722557, 0.0 ], [ 9.660330708885175, 54.349385733493037, 0.0 ], [ 9.660181477807184, 54.349404147954061, 0.0 ], [ 9.660032374274843, 54.349422849132679, 0.0 ], [ 9.659883398428903, 54.349441846016077, 0.0 ], [ 9.659734565650304, 54.349461138520638, 0.0 ], [ 9.659585845024369, 54.349480717828342, 0.0 ], [ 9.659437282987618, 54.349500601660814, 0.0 ], [ 9.659288833241712, 54.349520781284177, 0.0 ], [ 9.65914052640716, 54.349541247543932, 0.0 ], [ 9.65899234724127, 54.349562009511416, 0.0 ], [ 9.658844295741055, 54.34958306718714, 0.0 ], [ 9.658696371759691, 54.349604411584778, 0.0 ], [ 9.658548590965637, 54.349626060594353, 0.0 ], [ 9.65840093768445, 54.349647996326865, 0.0 ], [ 9.658253412057219, 54.349670227769508, 0.0 ], [ 9.658179865992475, 54.349681432115382, 0.0 ], [ 9.658179865992475, 54.349681432115382, 0.0 ], [ 9.65810602946452, 54.349692754838834, 0.0 ], [ 9.657958759135989, 54.349715577703236, 0.0 ], [ 9.657811631692743, 54.349738687208536, 0.0 ], [ 9.657664631891317, 54.349762092425941, 0.0 ], [ 9.657517775112913, 54.349785793272005, 0.0 ], [ 9.657371045970875, 54.34980978983112, 0.0 ], [ 9.657224444461981, 54.349834082103769, 0.0 ], [ 9.657077970440062, 54.349858661103674, 0.0 ], [ 9.656931624189074, 54.349883544804783, 0.0 ], [ 9.656785420803022, 54.349908715150306, 0.0 ], [ 9.656639345038826, 54.349934181211275, 0.0 ], [ 9.656493396893412, 54.349959942988129, 0.0 ], [ 9.656347591747759, 54.349986000397692, 0.0 ], [ 9.656201914071888, 54.35001234453734, 0.0 ], [ 9.656056364149526, 54.350038993381091, 0.0 ], [ 9.655910941691303, 54.350065928955914, 0.0 ], [ 9.65576566236458, 54.35009316915211, 0.0 ], [ 9.655620510496449, 54.350120696080332, 0.0 ], [ 9.655475486226765, 54.350148518727821, 0.0 ], [ 9.655330605080239, 54.35017664599814, 0.0 ], [ 9.655185797572711, 54.350205545619843, 0.0 ], [ 9.655185797572711, 54.350205545619843, 0.0 ] ], [ [ 9.661370761975489, 54.349598233917156, 0.0 ], [ 9.661081266894451, 54.34965507621007, 0.0 ], [ 9.660936248004997, 54.349682905406048, 0.0 ], [ 9.660791101232022, 54.349710447527272, 0.0 ], [ 9.660645826433464, 54.349737693586526, 0.0 ], [ 9.660500423468191, 54.349764634596617, 0.0 ], [ 9.660354877244119, 54.34979128861476, 0.0 ], [ 9.660209203003067, 54.349817646569548, 0.0 ], [ 9.660063385220548, 54.349843699557901, 0.0 ], [ 9.659917455099016, 54.349869474371182, 0.0 ], [ 9.659771381441786, 54.349894944217091, 0.0 ], [ 9.659625164395292, 54.349920118081819, 0.0 ], [ 9.659478834874589, 54.349945004783329, 0.0 ], [ 9.659332361826849, 54.349969586515968, 0.0 ], [ 9.659185760926416, 54.349993881168608, 0.0 ], [ 9.659039032032384, 54.350017879754006, 0.0 ], [ 9.658892175147797, 54.350041582271707, 0.0 ], [ 9.658745175035595, 54.350064997792003, 0.0 ], [ 9.658598046794939, 54.350088108256891, 0.0 ], [ 9.658450790716035, 54.350110931639335, 0.0 ], [ 9.658377275837891, 54.350122207832619, 0.0 ], [ 9.658377275837891, 54.350122207832619, 0.0 ], [ 9.658303391274522, 54.350133459036137, 0.0 ], [ 9.658155863856988, 54.350155690362818, 0.0 ], [ 9.658008208609852, 54.350177634605608, 0.0 ], [ 9.657860425393023, 54.350199282777318, 0.0 ], [ 9.657712514065171, 54.350220625890721, 0.0 ], [ 9.657564459533154, 54.350241682002718, 0.0 ], [ 9.657416277183417, 54.350262451028875, 0.0 ], [ 9.657267951347823, 54.350282915079141, 0.0 ], [ 9.657119513084821, 54.350303091958772, 0.0 ], [ 9.656970931341839, 54.350322963861487, 0.0 ], [ 9.656822221793291, 54.35034254867643, 0.0 ], [ 9.65667338429853, 54.350361837416422, 0.0 ], [ 9.656524403476549, 54.350380830164688, 0.0 ], [ 9.656375294714561, 54.350399526836995, 0.0 ], [ 9.656226058158497, 54.350417936419568, 0.0 ], [ 9.656076678141121, 54.350436041022178, 0.0 ], [ 9.655927170192609, 54.350453849547343, 0.0 ], [ 9.655777534459332, 54.350471370981303, 0.0 ], [ 9.655627770657913, 54.350488587350135, 0.0 ], [ 9.655477863693646, 54.350505516710413, 0.0 ], [ 9.65532743977356, 54.350521873492156, 0.0 ], [ 9.65532743977356, 54.350521873492156, 0.0 ] ], [ [ 9.655185797572711, 54.350205545619843, 0.0 ], [ 9.65532743977356, 54.350521873492156, 0.0 ] ], [ [ 9.655185797572711, 54.350205545619843, 0.0 ], [ 9.654883641639803, 54.350238121576389, 0.0 ], [ 9.654732794707531, 54.350254920304437, 0.0 ], [ 9.654582075295853, 54.35027200575189, 0.0 ], [ 9.654431498928629, 54.350289386822411, 0.0 ], [ 9.654281034834854, 54.350307063683537, 0.0 ], [ 9.654130713779693, 54.350325036168805, 0.0 ], [ 9.653980520232587, 54.350343295375417, 0.0 ], [ 9.653830454334093, 54.350361850290582, 0.0 ], [ 9.653680531464852, 54.350380700831423, 0.0 ], [ 9.653530720711043, 54.350399838178433, 0.0 ], [ 9.653381052980535, 54.35041927115212, 0.0 ], [ 9.653231512886313, 54.350438999836371, 0.0 ], [ 9.65308211566663, 54.350459015161562, 0.0 ], [ 9.652932830693242, 54.350479326281565, 0.0 ], [ 9.652783688588553, 54.350499924043518, 0.0 ], [ 9.652634674250836, 54.35052082650472, 0.0 ], [ 9.652485787249137, 54.350542006705396, 0.0 ], [ 9.652337043392283, 54.350563491523054, 0.0 ], [ 9.652188411481882, 54.350585254164365, 0.0 ], [ 9.652039922710296, 54.350607321423645, 0.0 ], [ 9.651891561405682, 54.350629675411092, 0.0 ], [ 9.651818579656394, 54.350640782944666, 0.0 ], [ 9.651818579656394, 54.350640782944666, 0.0 ], [ 9.651743327565498, 54.350652316127167, 0.0 ], [ 9.6515952213287, 54.350675252559114, 0.0 ], [ 9.651447258076418, 54.350698484624289, 0.0 ], [ 9.6512994222799, 54.350722003419584, 0.0 ], [ 9.651151714077841, 54.350745817932186, 0.0 ], [ 9.651004133467634, 54.350769928162563, 0.0 ], [ 9.650856680304203, 54.350794325124482, 0.0 ], [ 9.650709369968855, 54.350819008735385, 0.0 ], [ 9.650562171832576, 54.350843988148526, 0.0 ], [ 9.650415116660293, 54.350869263198369, 0.0 ], [ 9.650268189065613, 54.35089483396839, 0.0 ], [ 9.650121404287272, 54.350920691389433, 0.0 ], [ 9.649974731554417, 54.350946835627788, 0.0 ], [ 9.649828201916272, 54.35097328449158, 0.0 ], [ 9.64968179970224, 54.351000020090751, 0.0 ], [ 9.64953552505062, 54.351027051412487, 0.0 ], [ 9.649389393201641, 54.35105436938769, 0.0 ], [ 9.649243388910008, 54.351081983086431, 0.0 ], [ 9.649097512172327, 54.351109892509179, 0.0 ], [ 9.648951762986126, 54.351138097656403, 0.0 ], [ 9.648806141348821, 54.351166598528572, 0.0 ], [ 9.648660662499392, 54.351195386056681, 0.0 ], [ 9.648515175424597, 54.351224640803274, 0.0 ], [ 9.648515175424597, 54.351224640803274, 0.0 ] ], [ [ 9.65532743977356, 54.350521873492156, 0.0 ], [ 9.655036751104975, 54.350580046862554, 0.0 ], [ 9.654891151092572, 54.350608554978002, 0.0 ], [ 9.654745407702924, 54.350636767107588, 0.0 ], [ 9.654599536323065, 54.350664683167331, 0.0 ], [ 9.654453537098268, 54.35069231214348, 0.0 ], [ 9.654307394361911, 54.350719636145534, 0.0 ], [ 9.65416113917099, 54.350746672979596, 0.0 ], [ 9.654014740759511, 54.350773422812075, 0.0 ], [ 9.653868214229323, 54.350799867585572, 0.0 ], [ 9.653721544484508, 54.350826025356476, 0.0 ], [ 9.653574762153719, 54.350851886970801, 0.0 ], [ 9.653427836613977, 54.350877461581554, 0.0 ], [ 9.653280783109711, 54.350902740118123, 0.0 ], [ 9.653133601643846, 54.350927722580089, 0.0 ], [ 9.652986276977888, 54.350952418036975, 0.0 ], [ 9.652838839740152, 54.350976817334946, 0.0 ], [ 9.652691259307998, 54.351000929626871, 0.0 ], [ 9.652543550925579, 54.351024745842224, 0.0 ], [ 9.652395699212244, 54.351048266063771, 0.0 ], [ 9.652247735081158, 54.351071499111292, 0.0 ], [ 9.652099627624999, 54.351094436164011, 0.0 ], [ 9.652026692544327, 54.351105624455833, 0.0 ], [ 9.652026692544327, 54.351105624455833, 0.0 ], [ 9.651951407757091, 54.351117086041818, 0.0 ], [ 9.651803044569405, 54.351139439923813, 0.0 ], [ 9.65165453806536, 54.351161497809464, 0.0 ], [ 9.651505919158531, 54.35118326851881, 0.0 ], [ 9.651357157083197, 54.351204752217569, 0.0 ], [ 9.651208266942408, 54.351225930848635, 0.0 ], [ 9.651059249023046, 54.351246822385072, 0.0 ], [ 9.650910103328481, 54.351267426826347, 0.0 ], [ 9.650760829719582, 54.351287735185281, 0.0 ], [ 9.650611412814577, 54.351307747544332, 0.0 ], [ 9.650461868143204, 54.351327472806794, 0.0 ], [ 9.650312195566437, 54.351346901985416, 0.0 ], [ 9.650162395087152, 54.3513660350797, 0.0 ], [ 9.650012451466088, 54.351384881158864, 0.0 ], [ 9.649862395332944, 54.351403431069805, 0.0 ], [ 9.649712195921987, 54.351421684977822, 0.0 ], [ 9.649561853378106, 54.351439651869178, 0.0 ], [ 9.649411398189571, 54.351457313604136, 0.0 ], [ 9.649260799874344, 54.351474688321431, 0.0 ], [ 9.649110073819335, 54.35149177593766, 0.0 ], [ 9.648959219744604, 54.351508558478891, 0.0 ], [ 9.648808222552066, 54.351525054000881, 0.0 ], [ 9.648656770165086, 54.351540985568697, 0.0 ], [ 9.648656770165086, 54.351540985568697, 0.0 ] ], [ [ 9.648515175424597, 54.351224640803274, 0.0 ], [ 9.648656770165086, 54.351540985568697, 0.0 ] ], [ [ 9.648515175424597, 54.351224640803274, 0.0 ], [ 9.648210974123494, 54.351259053451678, 0.0 ], [ 9.648059104489718, 54.351276775028126, 0.0 ], [ 9.647907362467047, 54.351294792315251, 0.0 ], [ 9.647755779104164, 54.35131312312182, 0.0 ], [ 9.647604308103176, 54.351331758709506, 0.0 ], [ 9.647452980088378, 54.351350689926825, 0.0 ], [ 9.647301795339315, 54.351369934747787, 0.0 ], [ 9.647150753711649, 54.351389484186193, 0.0 ], [ 9.646999839958859, 54.351409347311851, 0.0 ], [ 9.646849053795062, 54.351429506151817, 0.0 ], [ 9.646698410743168, 54.351449969610741, 0.0 ], [ 9.646547910800173, 54.351470737689226, 0.0 ], [ 9.646397538577913, 54.351491810470222, 0.0 ], [ 9.646247309458428, 54.351513187871838, 0.0 ], [ 9.646097208053375, 54.35153486997698, 0.0 ], [ 9.645947249885996, 54.351556865690505, 0.0 ], [ 9.645797419285852, 54.351579157121826, 0.0 ], [ 9.645647731776068, 54.351601753175814, 0.0 ], [ 9.645602052861642, 54.351608711347716, 0.0 ], [ 9.645602052861642, 54.351608711347716, 0.0 ], [ 9.645498187352883, 54.351624653853008, 0.0 ], [ 9.645348770629376, 54.35164785923623, 0.0 ], [ 9.645199497127381, 54.351671378230471, 0.0 ], [ 9.645050351177515, 54.351695192944995, 0.0 ], [ 9.64490134830265, 54.351719312284821, 0.0 ], [ 9.644752473114474, 54.351743736332693, 0.0 ], [ 9.644603740995077, 54.351768465006842, 0.0 ], [ 9.644455136697397, 54.351793507376797, 0.0 ], [ 9.644306675321415, 54.351818845387349, 0.0 ], [ 9.644158357004535, 54.351844488025769, 0.0 ], [ 9.644010166500616, 54.35187044436146, 0.0 ], [ 9.643862118909025, 54.351896696339324, 0.0 ], [ 9.643714199124165, 54.351923262015468, 0.0 ], [ 9.643566422386391, 54.351950132321505, 0.0 ], [ 9.643418788692827, 54.351977307257989, 0.0 ], [ 9.643271282656043, 54.352004786907507, 0.0 ], [ 9.643123919657656, 54.352032571188502, 0.0 ], [ 9.642976684450304, 54.352060669170235, 0.0 ], [ 9.642829592135055, 54.352089062797738, 0.0 ], [ 9.642682642989351, 54.352117770044984, 0.0 ], [ 9.642536043184808, 54.352147185264243, 0.0 ], [ 9.642536043184808, 54.352147185264243, 0.0 ] ], [ [ 9.648656770165086, 54.351540985568697, 0.0 ], [ 9.64836372901355, 54.351599326227685, 0.0 ], [ 9.648216848053496, 54.351628102775912, 0.0 ], [ 9.648069838858479, 54.351656565271014, 0.0 ], [ 9.647922670945091, 54.351684731851357, 0.0 ], [ 9.647775374802174, 54.351712584377594, 0.0 ], [ 9.647627950716149, 54.35174014082272, 0.0 ], [ 9.647480367638044, 54.35176738337799, 0.0 ], [ 9.647332656480925, 54.3517943208644, 0.0 ], [ 9.647184801863622, 54.351820953363998, 0.0 ], [ 9.647036803789016, 54.351847280876328, 0.0 ], [ 9.646888677785935, 54.351873312305017, 0.0 ], [ 9.646740408190343, 54.351899029758627, 0.0 ], [ 9.646591995146382, 54.351924442223357, 0.0 ], [ 9.646443454041892, 54.351949549616222, 0.0 ], [ 9.646294769495448, 54.351974352019191, 0.0 ], [ 9.646145941509513, 54.35199884943173, 0.0 ], [ 9.645996970087472, 54.352023041853279, 0.0 ], [ 9.645847870758324, 54.352046938187712, 0.0 ], [ 9.645698627858003, 54.352070520543371, 0.0 ], [ 9.645598004145656, 54.352086239063468, 0.0 ], [ 9.645549241530585, 54.352093797906477, 0.0 ], [ 9.645412052590311, 54.352114888766778, 0.0 ], [ 9.645399727164074, 54.352116770194186, 0.0 ], [ 9.645250054133047, 54.352139446557388, 0.0 ], [ 9.645100268312822, 54.352161808775087, 0.0 ], [ 9.644950323693278, 54.352183866080445, 0.0 ], [ 9.644800251187784, 54.352205627295106, 0.0 ], [ 9.644650035133045, 54.352227074527335, 0.0 ], [ 9.644499675672961, 54.352248216763279, 0.0 ], [ 9.644349172810756, 54.352269054002477, 0.0 ], [ 9.644198542075063, 54.352289595148946, 0.0 ], [ 9.644047767802505, 54.352309822310794, 0.0 ], [ 9.643896865521949, 54.352329744392186, 0.0 ], [ 9.643745804326482, 54.35234935257003, 0.0 ], [ 9.643594615269816, 54.352368664653092, 0.0 ], [ 9.643443282829917, 54.352387671736189, 0.0 ], [ 9.64329182225428, 54.352406364749974, 0.0 ], [ 9.643140203057143, 54.352424761831514, 0.0 ], [ 9.642988455730622, 54.352442844842692, 0.0 ], [ 9.64283656489282, 54.352460613865013, 0.0 ], [ 9.642683956397537, 54.352477757394666, 0.0 ], [ 9.642683956397537, 54.352477757394666, 0.0 ] ], [ [ 9.642536043184808, 54.352147185264243, 0.0 ], [ 9.642683956397537, 54.352477757394666, 0.0 ] ], [ [ 9.642536043184808, 54.352147185264243, 0.0 ], [ 9.642233497174804, 54.35217996523037, 0.0 ], [ 9.642082562469549, 54.35219684744014, 0.0 ], [ 9.641931740098009, 54.352214034437971, 0.0 ], [ 9.641781060546082, 54.352231508087037, 0.0 ], [ 9.641630508426152, 54.352249268469762, 0.0 ], [ 9.64148008387517, 54.352267324573333, 0.0 ], [ 9.641329802275022, 54.352285676316484, 0.0 ], [ 9.641179648097793, 54.352304314794736, 0.0 ], [ 9.641029621340532, 54.352323240008587, 0.0 ], [ 9.640879722280321, 54.352342469932047, 0.0 ], [ 9.640729965878592, 54.352361977523557, 0.0 ], [ 9.640580337028178, 54.352381780838918, 0.0 ], [ 9.640430835585557, 54.352401870891825, 0.0 ], [ 9.640281461688028, 54.352422256669527, 0.0 ], [ 9.640132215192606, 54.35244292918577, 0.0 ], [ 9.639983111621101, 54.352463897346119, 0.0 ], [ 9.639834135445817, 54.35248515224594, 0.0 ], [ 9.639685286663964, 54.352506693885793, 0.0 ], [ 9.63953656541225, 54.352528531252837, 0.0 ], [ 9.639387986932878, 54.352550655279295, 0.0 ], [ 9.639239535838197, 54.35257306604715, 0.0 ], [ 9.639194898543879, 54.352579863479676, 0.0 ], [ 9.639105609921449, 54.352593548244378, 0.0 ], [ 9.639091212264725, 54.352595772543758, 0.0 ], [ 9.63894301607017, 54.352618765782694, 0.0 ], [ 9.638794947251547, 54.352642045764554, 0.0 ], [ 9.638647021330279, 54.352665621395062, 0.0 ], [ 9.638499222779332, 54.352689483769396, 0.0 ], [ 9.638351551595449, 54.35271363288809, 0.0 ], [ 9.638204007915727, 54.352738077738344, 0.0 ], [ 9.63805659159719, 54.352762809333861, 0.0 ], [ 9.637909318022492, 54.352787827593772, 0.0 ], [ 9.637762171942885, 54.352813141586701, 0.0 ], [ 9.637615153216254, 54.352838742326334, 0.0 ], [ 9.637468261978816, 54.352864638799957, 0.0 ], [ 9.637321513473719, 54.352890821939916, 0.0 ], [ 9.637174876928174, 54.352917291909357, 0.0 ], [ 9.637028383248374, 54.352944057532874, 0.0 ], [ 9.636882032431512, 54.352971118811027, 0.0 ], [ 9.636735793426476, 54.352998457933261, 0.0 ], [ 9.636589697278742, 54.35302609271109, 0.0 ], [ 9.636443728600431, 54.353054023226221, 0.0 ], [ 9.636297887249588, 54.353082240492384, 0.0 ], [ 9.636152188747303, 54.353110753415621, 0.0 ], [ 9.63600660218218, 54.353139553171971, 0.0 ], [ 9.635861158459972, 54.353168648586397, 0.0 ], [ 9.635715857578035, 54.353198039659368, 0.0 ], [ 9.635559601648971, 54.353230436180425, 0.0 ], [ 9.635559601648971, 54.353230436180425, 0.0 ] ], [ [ 9.642683956397537, 54.352477757394666, 0.0 ], [ 9.642388780973985, 54.352536355507944, 0.0 ], [ 9.642241045997091, 54.352565111333234, 0.0 ], [ 9.642093167441633, 54.352593553178828, 0.0 ], [ 9.64194516111572, 54.352621707922602, 0.0 ], [ 9.641797011217461, 54.352649548685655, 0.0 ], [ 9.641648748799373, 54.352677093277293, 0.0 ], [ 9.641500343095112, 54.352704341860772, 0.0 ], [ 9.641351793967004, 54.352731285448769, 0.0 ], [ 9.641203116943627, 54.35275793294575, 0.0 ], [ 9.64105431188724, 54.352784275364414, 0.0 ], [ 9.640905378941438, 54.352810321691152, 0.0 ], [ 9.640756302584025, 54.352836063020348, 0.0 ], [ 9.640607098482903, 54.352861517243326, 0.0 ], [ 9.640457750836259, 54.352886657481037, 0.0 ], [ 9.640308275451838, 54.352911510611506, 0.0 ], [ 9.640158672052854, 54.352936058660774, 0.0 ], [ 9.640008940642392, 54.352960301628329, 0.0 ], [ 9.639859066118039, 54.352984257568849, 0.0 ], [ 9.639709063588251, 54.353007908426683, 0.0 ], [ 9.639558933195985, 54.353031263188058, 0.0 ], [ 9.639429581340003, 54.353051119323965, 0.0 ], [ 9.639408659419184, 54.353054312947343, 0.0 ], [ 9.639340244085838, 54.353064705654091, 0.0 ], [ 9.639258257785869, 54.353077066609231, 0.0 ], [ 9.639107728299001, 54.353099524173189, 0.0 ], [ 9.63895705543708, 54.353121676733537, 0.0 ], [ 9.638806254867232, 54.353143542181712, 0.0 ], [ 9.638655326313499, 54.353165102543734, 0.0 ], [ 9.638504254393844, 54.35318635790054, 0.0 ], [ 9.638353054636111, 54.353207317156958, 0.0 ], [ 9.638201727043132, 54.353227980312496, 0.0 ], [ 9.638050271617908, 54.353248347366637, 0.0 ], [ 9.637898672839098, 54.353268409413531, 0.0 ], [ 9.637746946234701, 54.353288175358045, 0.0 ], [ 9.637595076421988, 54.353307645280992, 0.0 ], [ 9.637443094035582, 54.353326810032478, 0.0 ], [ 9.637290968447434, 54.353345678761393, 0.0 ], [ 9.637138699521532, 54.353364242480446, 0.0 ], [ 9.636986302785264, 54.353382510094583, 0.0 ], [ 9.636833778241737, 54.353400481603352, 0.0 ], [ 9.636681125755135, 54.353418148019443, 0.0 ], [ 9.636528330082122, 54.353435518410357, 0.0 ], [ 9.636375406472457, 54.353452583707572, 0.0 ], [ 9.636222339682964, 54.353469352978557, 0.0 ], [ 9.63606914496321, 54.353485817154841, 0.0 ], [ 9.635915822316038, 54.353501976235954, 0.0 ], [ 9.635773654732766, 54.353515146400873, 0.0 ], [ 9.635773654732766, 54.353515146400873, 0.0 ] ], [ [ 9.635559601648971, 54.353230436180425, 0.0 ], [ 9.635773654732766, 54.353515146400873, 0.0 ] ], [ [ 9.635559601648971, 54.353230436180425, 0.0 ], [ 9.635279305653469, 54.353323971711994, 0.0 ], [ 9.635146483416891, 54.353369392975672, 0.0 ], [ 9.635013941703132, 54.3534150642651, 0.0 ], [ 9.634881726804366, 54.353460994324976, 0.0 ], [ 9.634749792424971, 54.353507174412535, 0.0 ], [ 9.634618169472773, 54.353553613353569, 0.0 ], [ 9.634486842422545, 54.353600302243272, 0.0 ], [ 9.63435581127292, 54.353647241082598, 0.0 ], [ 9.634225076160879, 54.353694438859286, 0.0 ], [ 9.634094652331965, 54.353741886506583, 0.0 ], [ 9.633964524399413, 54.353789584106451, 0.0 ], [ 9.633834692500555, 54.353837540646573, 0.0 ], [ 9.633705171880765, 54.353885747060268, 0.0 ], [ 9.633575931768284, 54.353934203510214, 0.0 ], [ 9.633447003070485, 54.353982918822474, 0.0 ], [ 9.633318370124126, 54.354031875105278, 0.0 ], [ 9.633190033205, 54.354081090333125, 0.0 ], [ 9.633062007696632, 54.354130564426171, 0.0 ], [ 9.632934262550695, 54.354180279573356, 0.0 ], [ 9.632806828813578, 54.354230253587673, 0.0 ], [ 9.632679690959607, 54.354280477564053, 0.0 ], [ 9.632552848988245, 54.354330951503364, 0.0 ], [ 9.632426303036187, 54.354381684393381, 0.0 ], [ 9.632342747406401, 54.354415385170569, 0.0 ], [ 9.632300068349721, 54.354432667167572, 0.0 ], [ 9.632263735752773, 54.354447408372138, 0.0 ], [ 9.632174114156113, 54.354483899988203, 0.0 ], [ 9.63204847122595, 54.354535382694884, 0.0 ], [ 9.631923124171939, 54.354587115369213, 0.0 ], [ 9.631798073131549, 54.354639106998846, 0.0 ], [ 9.631673317964957, 54.354691348597989, 0.0 ], [ 9.631548874057113, 54.354743840086925, 0.0 ], [ 9.631424726158997, 54.354796590533958, 0.0 ], [ 9.631300858745709, 54.354849591033783, 0.0 ], [ 9.631177317973806, 54.354902841345705, 0.0 ], [ 9.631054057684317, 54.354956341712196, 0.0 ], [ 9.630931093400191, 54.355010101040399, 0.0 ], [ 9.630808440368538, 54.355064110264024, 0.0 ], [ 9.630686083201857, 54.3551183694644, 0.0 ], [ 9.630564022037055, 54.355172887629251, 0.0 ], [ 9.630442272121471, 54.355227655692239, 0.0 ], [ 9.630320818068089, 54.355282673734756, 0.0 ], [ 9.630199660013663, 54.355337950744428, 0.0 ], [ 9.630078797956591, 54.355393486722114, 0.0 ], [ 9.629958247007256, 54.355449263614858, 0.0 ], [ 9.629837992191154, 54.355505308464203, 0.0 ], [ 9.629718033094711, 54.355561594310757, 0.0 ], [ 9.629598151975246, 54.355617969504564, 0.0 ], [ 9.629598151975246, 54.355617969504564, 0.0 ] ], [ [ 9.635773654732766, 54.353515146400873, 0.0 ], [ 9.635545712726364, 54.353626300677504, 0.0 ], [ 9.635424423153426, 54.35368325534418, 0.0 ], [ 9.635302836900353, 54.35373995081288, 0.0 ], [ 9.635180923197638, 54.353796387244721, 0.0 ], [ 9.635058712816882, 54.353852564476718, 0.0 ], [ 9.634936190235367, 54.353908473602239, 0.0 ], [ 9.634813355731374, 54.353964132593831, 0.0 ], [ 9.634690224413731, 54.354019523396055, 0.0 ], [ 9.63456678103732, 54.354074655075706, 0.0 ], [ 9.634443025602746, 54.354129527631869, 0.0 ], [ 9.634318958249787, 54.354184150050337, 0.0 ], [ 9.634194578702543, 54.354238504356609, 0.0 ], [ 9.634069902486115, 54.354292599455604, 0.0 ], [ 9.633944914215924, 54.354346435427303, 0.0 ], [ 9.633819629278914, 54.354400012189878, 0.0 ], [ 9.633694017043446, 54.354453338890828, 0.0 ], [ 9.633568108005102, 54.35450639739399, 0.0 ], [ 9.633441902303126, 54.354559196685173, 0.0 ], [ 9.633315369306283, 54.354611745911825, 0.0 ], [ 9.633188539509728, 54.354664026937812, 0.0 ], [ 9.633061397668031, 54.354716048829772, 0.0 ], [ 9.633000905831798, 54.354740677467518, 0.0 ], [ 9.632944036560083, 54.354763741216836, 0.0 ], [ 9.632933959305909, 54.35476782049269, 0.0 ], [ 9.632806208901043, 54.354819333019627, 0.0 ], [ 9.632678146315843, 54.354870577422815, 0.0 ], [ 9.63254977182863, 54.354921571674801, 0.0 ], [ 9.632421100549436, 54.354972297720408, 0.0 ], [ 9.632292117370492, 54.355022773612831, 0.0 ], [ 9.632162837540594, 54.355072990283716, 0.0 ], [ 9.63203323028945, 54.355122947893328, 0.0 ], [ 9.63190332625201, 54.35517263729264, 0.0 ], [ 9.631773125705696, 54.355222076454226, 0.0 ], [ 9.631642597741866, 54.355271256551539, 0.0 ], [ 9.631511773134093, 54.355320177422371, 0.0 ], [ 9.631380636497177, 54.35536883914633, 0.0 ], [ 9.631249187695113, 54.355417232735611, 0.0 ], [ 9.631117442390819, 54.355465376082236, 0.0 ], [ 9.630985385061972, 54.355513260278947, 0.0 ], [ 9.630853015571775, 54.355560876337982, 0.0 ], [ 9.630720334060046, 54.355608233245043, 0.0 ], [ 9.630587356051661, 54.355655339905482, 0.0 ], [ 9.630454050500534, 54.355702178505581, 0.0 ], [ 9.630320448317631, 54.355748757870259, 0.0 ], [ 9.630186533981309, 54.355795069092117, 0.0 ], [ 9.630052307768173, 54.355841130143681, 0.0 ], [ 9.62991790251405, 54.355886571843165, 0.0 ], [ 9.62991790251405, 54.355886571843165, 0.0 ] ], [ [ 9.629598151975246, 54.355617969504564, 0.0 ], [ 9.62991790251405, 54.355886571843165, 0.0 ] ], [ [ 9.629598151975246, 54.355617969504564, 0.0 ], [ 9.629337590351692, 54.355711945340857, 0.0 ], [ 9.629208342230068, 54.355759579252307, 0.0 ], [ 9.629079421038355, 54.35580748094381, 0.0 ], [ 9.628950796003281, 54.355855650576878, 0.0 ], [ 9.628822497757819, 54.355904079005256, 0.0 ], [ 9.628694526438435, 54.3559527752167, 0.0 ], [ 9.628566851133982, 54.356001730385934, 0.0 ], [ 9.628439502753018, 54.356050953340244, 0.0 ], [ 9.628312481156778, 54.35610043509395, 0.0 ], [ 9.628185755708907, 54.356150184795062, 0.0 ], [ 9.628059357043179, 54.356200193297589, 0.0 ], [ 9.627933269909786, 54.356250469669355, 0.0 ], [ 9.627807494169488, 54.356301004924617, 0.0 ], [ 9.627695487523217, 54.356346336540931, 0.0 ], [ 9.627682029821708, 54.356351799064278, 0.0 ], [ 9.627566159351014, 54.35639906500046, 0.0 ], [ 9.627556892388396, 54.356402860996063, 0.0 ], [ 9.62743206634514, 54.356454181814257, 0.0 ], [ 9.62730755182773, 54.356505770506587, 0.0 ], [ 9.627183348697697, 54.35655761808723, 0.0 ], [ 9.627059472477244, 54.356609733463948, 0.0 ], [ 9.62693590764232, 54.356662107730934, 0.0 ], [ 9.626812654191403, 54.356714740889146, 0.0 ], [ 9.626689712260369, 54.35676764192629, 0.0 ], [ 9.626567081711238, 54.356820801856593, 0.0 ], [ 9.626444777929516, 54.356874220600979, 0.0 ], [ 9.626322785800834, 54.356927916213998, 0.0 ], [ 9.62620110491374, 54.356981861736216, 0.0 ], [ 9.626079750927882, 54.357036075062283, 0.0 ], [ 9.625958692931707, 54.357090547366042, 0.0 ], [ 9.625837961834227, 54.357145287475575, 0.0 ], [ 9.625717557634351, 54.357200295391792, 0.0 ], [ 9.625597449284548, 54.357255553301727, 0.0 ], [ 9.62547766796707, 54.357311088007023, 0.0 ], [ 9.625358198020972, 54.357366881614858, 0.0 ], [ 9.625252069130736, 54.35741964008011, 0.0 ], [ 9.625252069130736, 54.35741964008011, 0.0 ] ], [ [ 9.62991790251405, 54.355886571843165, 0.0 ], [ 9.62967554809652, 54.355998967542966, 0.0 ], [ 9.629553685492708, 54.356054652005049, 0.0 ], [ 9.629431495049797, 54.3561100504539, 0.0 ], [ 9.629308992567291, 54.356165189768568, 0.0 ], [ 9.629186162385368, 54.356220052054823, 0.0 ], [ 9.629063004642298, 54.356274646298431, 0.0 ], [ 9.628939519339049, 54.356328972498382, 0.0 ], [ 9.628815721726356, 54.356383021586709, 0.0 ], [ 9.628691596692937, 54.356436811616206, 0.0 ], [ 9.628567143965993, 54.356490324612317, 0.0 ], [ 9.628442379069849, 54.356543569480607, 0.0 ], [ 9.628317286482329, 54.356596537313521, 0.0 ], [ 9.628191881865268, 54.356649246003485, 0.0 ], [ 9.628066149696675, 54.356701686642779, 0.0 ], [ 9.627940089840122, 54.356753850243727, 0.0 ], [ 9.627813717820763, 54.356805745711931, 0.0 ], [ 9.627740313908252, 54.356835705560037, 0.0 ], [ 9.627696117699269, 54.356853685842964, 0.0 ], [ 9.627687018253397, 54.356857373126488, 0.0 ], [ 9.627559991138847, 54.356908732486367, 0.0 ], [ 9.627432651865325, 54.356959823710483, 0.0 ], [ 9.627305000433971, 54.357010646797924, 0.0 ], [ 9.62717700607311, 54.357061201907619, 0.0 ], [ 9.627048699419856, 54.357111479891806, 0.0 ], [ 9.626920080612866, 54.357161489736235, 0.0 ], [ 9.626791119017014, 54.357211240586601, 0.0 ], [ 9.626661845133142, 54.357260714308346, 0.0 ], [ 9.626532259099573, 54.357309919887314, 0.0 ], [ 9.626402345393863, 54.357358848415565, 0.0 ], [ 9.626272104291338, 54.357407517865674, 0.0 ], [ 9.626141550906439, 54.357455910183077, 0.0 ], [ 9.626010670127506, 54.357504043420207, 0.0 ], [ 9.625879461682132, 54.357551899602448, 0.0 ], [ 9.625747940958792, 54.357599478648922, 0.0 ], [ 9.625616092845522, 54.357646798611981, 0.0 ], [ 9.625471102732716, 54.35769713447111, 0.0 ], [ 9.625471102732716, 54.35769713447111, 0.0 ] ], [ [ 9.625252069130736, 54.35741964008011, 0.0 ], [ 9.625471102732716, 54.35769713447111, 0.0 ] ], [ [ 9.625252069130736, 54.35741964008011, 0.0 ], [ 9.624961268841171, 54.357453124577297, 0.0 ], [ 9.624810599855111, 54.357472005913408, 0.0 ], [ 9.624660073984861, 54.357491200881803, 0.0 ], [ 9.624509706478078, 54.35751070041659, 0.0 ], [ 9.624359497467923, 54.357530513505118, 0.0 ], [ 9.624209416177308, 54.357550640307252, 0.0 ], [ 9.624059493240535, 54.357571071677484, 0.0 ], [ 9.623909728654807, 54.357591807616416, 0.0 ], [ 9.623760091778955, 54.357612857270539, 0.0 ], [ 9.623610613247729, 54.357634211494478, 0.0 ], [ 9.623461293194083, 54.357655879275576, 0.0 ], [ 9.623312100705062, 54.357677851786718, 0.0 ], [ 9.623163066687409, 54.357700137856114, 0.0 ], [ 9.623014191001836, 54.35772272849762, 0.0 ], [ 9.622865458258488, 54.357745623791288, 0.0 ], [ 9.622716868590508, 54.357768832724389, 0.0 ], [ 9.622568421858183, 54.357792346310696, 0.0 ], [ 9.622420133445893, 54.357816164471352, 0.0 ], [ 9.622274213897134, 54.357839934278765, 0.0 ], [ 9.622271988099586, 54.357840296273125, 0.0 ], [ 9.622263100568393, 54.357841762144254, 0.0 ], [ 9.622123985816019, 54.357864741716497, 0.0 ], [ 9.621976141707513, 54.357889482749115, 0.0 ], [ 9.621828440791266, 54.357914546411251, 0.0 ], [ 9.621680882656912, 54.357939905743073, 0.0 ], [ 9.621533482960151, 54.357965578639387, 0.0 ], [ 9.621386226175217, 54.357991556193276, 0.0 ], [ 9.621239127821804, 54.358017847312766, 0.0 ], [ 9.6210921569868, 54.358044443170151, 0.0 ], [ 9.620945344577596, 54.358071352594266, 0.0 ], [ 9.620798690454688, 54.358098566598898, 0.0 ], [ 9.620652179228919, 54.35812608526377, 0.0 ], [ 9.620505811032249, 54.358153917576246, 0.0 ], [ 9.620359585861912, 54.358182063536823, 0.0 ], [ 9.620213518966743, 54.358210514080113, 0.0 ], [ 9.620067594956184, 54.358239269285789, 0.0 ], [ 9.619921829349925, 54.358268338062103, 0.0 ], [ 9.61977620675817, 54.358297720488693, 0.0 ], [ 9.619630727042551, 54.35832740757926, 0.0 ], [ 9.619485405722198, 54.358357408242128, 0.0 ], [ 9.619332371703441, 54.358390279386015, 0.0 ], [ 9.619332371703441, 54.358390279386015, 0.0 ] ], [ [ 9.625471102732716, 54.35769713447111, 0.0 ], [ 9.625168867199298, 54.357760993538115, 0.0 ], [ 9.625023025942419, 54.35779081484354, 0.0 ], [ 9.624877025964411, 54.357820331219905, 0.0 ], [ 9.62473086713136, 54.357849533679833, 0.0 ], [ 9.624584564833127, 54.357878422143095, 0.0 ], [ 9.624438119209378, 54.357907005595948, 0.0 ], [ 9.624291514603488, 54.357935266143926, 0.0 ], [ 9.624144766814137, 54.357963230667174, 0.0 ], [ 9.623997875435503, 54.357990872204823, 0.0 ], [ 9.623850825356199, 54.358018208809504, 0.0 ], [ 9.623703616443093, 54.358045231493847, 0.0 ], [ 9.623556264222383, 54.35807194916449, 0.0 ], [ 9.62340876856082, 54.358098352834126, 0.0 ], [ 9.623261129461497, 54.358124442502238, 0.0 ], [ 9.623113331676702, 54.358150227234567, 0.0 ], [ 9.622965375209242, 54.358175707030504, 0.0 ], [ 9.622817290564216, 54.358200863757013, 0.0 ], [ 9.622669031855667, 54.35822571562548, 0.0 ], [ 9.622520645247823, 54.358250262397, 0.0 ], [ 9.622520046649106, 54.358250364348585, 0.0 ], [ 9.622512647909783, 54.358251579892325, 0.0 ], [ 9.622372099833809, 54.358274495243137, 0.0 ], [ 9.622223395616222, 54.358298414163251, 0.0 ], [ 9.622074563508596, 54.358322027984876, 0.0 ], [ 9.621925572739915, 54.358345336866194, 0.0 ], [ 9.621776423041457, 54.358368322833016, 0.0 ], [ 9.621627130075096, 54.35839100377904, 0.0 ], [ 9.621477693843676, 54.358413379703741, 0.0 ], [ 9.621328098827929, 54.358435441699044, 0.0 ], [ 9.621178360417817, 54.358457189685112, 0.0 ], [ 9.621028463229484, 54.358478623740602, 0.0 ], [ 9.620878422788959, 54.358499752772566, 0.0 ], [ 9.62072823909911, 54.358520576780407, 0.0 ], [ 9.62057789650498, 54.358541077869191, 0.0 ], [ 9.620427410667933, 54.358561273932779, 0.0 ], [ 9.620276766068573, 54.358581156062932, 0.0 ], [ 9.620125978232661, 54.358600733166746, 0.0 ], [ 9.619975031505318, 54.358619987349151, 0.0 ], [ 9.619823941547825, 54.358638936504121, 0.0 ], [ 9.61967270822797, 54.358657571644287, 0.0 ], [ 9.619528866194189, 54.358673472389079, 0.0 ], [ 9.619528866194189, 54.358673472389079, 0.0 ] ], [ [ 9.619332371703441, 54.358390279386015, 0.0 ], [ 9.619528866194189, 54.358673472389079, 0.0 ] ], [ [ 9.619332371703441, 54.358390279386015, 0.0 ], [ 9.61903909662542, 54.358465625963269, 0.0 ], [ 9.618896934447587, 54.358503150196341, 0.0 ], [ 9.618755022528587, 54.358540960576669, 0.0 ], [ 9.618613391775527, 54.358579065934087, 0.0 ], [ 9.618472026664358, 54.358617457361696, 0.0 ], [ 9.618330927327619, 54.358656143847234, 0.0 ], [ 9.618190093763204, 54.358695125391634, 0.0 ], [ 9.618049541220996, 54.358734392930153, 0.0 ], [ 9.617909239059363, 54.358773955608243, 0.0 ], [ 9.617769202663375, 54.358813813347972, 0.0 ], [ 9.617629447282905, 54.35885395708469, 0.0 ], [ 9.617489942141463, 54.358894386976907, 0.0 ], [ 9.617350702759314, 54.358935111933512, 0.0 ], [ 9.617211744520995, 54.35897613187673, 0.0 ], [ 9.617073036515404, 54.359017437978153, 0.0 ], [ 9.616934609649725, 54.359059039068008, 0.0 ], [ 9.616796433012423, 54.359100926317872, 0.0 ], [ 9.616658537510768, 54.359143108558044, 0.0 ], [ 9.616520892233236, 54.359185576960044, 0.0 ], [ 9.616406396082047, 54.359221186303344, 0.0 ], [ 9.616383528087418, 54.359228340354186, 0.0 ], [ 9.616294522905662, 54.359256242887405, 0.0 ], [ 9.616246414161344, 54.359271389911896, 0.0 ], [ 9.616109581362805, 54.359314734463631, 0.0 ], [ 9.615972998780139, 54.359358365180711, 0.0 ], [ 9.615836697186456, 54.359402281906839, 0.0 ], [ 9.615700646073362, 54.359446502773679, 0.0 ], [ 9.615564875945282, 54.359491009651393, 0.0 ], [ 9.615429356024771, 54.359535802697984, 0.0 ], [ 9.615294117219765, 54.359580890744091, 0.0 ], [ 9.615159144006133, 54.35962626488233, 0.0 ], [ 9.615024436516425, 54.359671934100398, 0.0 ], [ 9.614889979360884, 54.359717898477591, 0.0 ], [ 9.614755803178435, 54.359764148871164, 0.0 ], [ 9.614621892713949, 54.359810694347196, 0.0 ], [ 9.614488247831279, 54.359857525919814, 0.0 ], [ 9.614354868796809, 54.359904661563455, 0.0 ], [ 9.614221770593868, 54.359952074240276, 0.0 ], [ 9.614088922847603, 54.359999791068276, 0.0 ], [ 9.613956810487853, 54.360048339840993, 0.0 ], [ 9.613956810487853, 54.360048339840993, 0.0 ] ], [ [ 9.619528866194189, 54.358673472389079, 0.0 ], [ 9.61927427506645, 54.358768186581074, 0.0 ], [ 9.619142481197827, 54.358815759794084, 0.0 ], [ 9.619010436365553, 54.358863037563154, 0.0 ], [ 9.61887812531997, 54.358910028953225, 0.0 ], [ 9.618745548062918, 54.358956733963396, 0.0 ], [ 9.618612704460702, 54.359003143606039, 0.0 ], [ 9.618479594785939, 54.359049275853792, 0.0 ], [ 9.618346218769794, 54.359095112732263, 0.0 ], [ 9.618212576549631, 54.359140663227329, 0.0 ], [ 9.618078668127334, 54.359185927338125, 0.0 ], [ 9.617944508757036, 54.359230895998103, 0.0 ], [ 9.617810067936009, 54.35927558733772, 0.0 ], [ 9.617675376170968, 54.359319983224772, 0.0 ], [ 9.617540402959023, 54.359364101789588, 0.0 ], [ 9.617405178806806, 54.359407924900161, 0.0 ], [ 9.617269688464299, 54.359451461621113, 0.0 ], [ 9.61713394732068, 54.359494711872884, 0.0 ], [ 9.616997924602666, 54.359537675812028, 0.0 ], [ 9.616993605398971, 54.359539037038786, 0.0 ], [ 9.616939384446566, 54.359556049047519, 0.0 ], [ 9.616861635700245, 54.359580353358908, 0.0 ], [ 9.616725095867944, 54.359622735447125, 0.0 ], [ 9.616588289989924, 54.359664840128119, 0.0 ], [ 9.61645121779884, 54.359706649427352, 0.0 ], [ 9.616313879565581, 54.359748181317549, 0.0 ], [ 9.616176275023342, 54.359789417824189, 0.0 ], [ 9.616038404309023, 54.359830367933149, 0.0 ], [ 9.615900282946301, 54.359871040551752, 0.0 ], [ 9.615761879758931, 54.359911408875881, 0.0 ], [ 9.615623225927305, 54.359951499707833, 0.0 ], [ 9.615484305931913, 54.359991304138525, 0.0 ], [ 9.615345119640384, 54.360030813180195, 0.0 ], [ 9.615205667323266, 54.360070044805553, 0.0 ], [ 9.615065948714506, 54.360108981040035, 0.0 ], [ 9.614925963949986, 54.360147630869555, 0.0 ], [ 9.614785712898131, 54.360185985306401, 0.0 ], [ 9.614645195829469, 54.360224062323191, 0.0 ], [ 9.6145044278655, 54.360261843867058, 0.0 ], [ 9.614363378367161, 54.360299339080619, 0.0 ], [ 9.614222149416495, 54.360336169969266, 0.0 ], [ 9.614222149416495, 54.360336169969266, 0.0 ] ], [ [ 9.613956810487853, 54.360048339840993, 0.0 ], [ 9.614222149416495, 54.360336169969266, 0.0 ] ], [ [ 9.613956810487853, 54.360048339840993, 0.0 ], [ 9.613675529299803, 54.360120367787125, 0.0 ], [ 9.613535248217415, 54.360156779627104, 0.0 ], [ 9.613395216976292, 54.360193450669492, 0.0 ], [ 9.613255435975805, 54.360230407875477, 0.0 ], [ 9.613115904812481, 54.360267624285598, 0.0 ], [ 9.612976639273338, 54.360305126782855, 0.0 ], [ 9.612837608179499, 54.360342888564219, 0.0 ], [ 9.612698827183841, 54.360380927525853, 0.0 ], [ 9.612560311672697, 54.360419243590492, 0.0 ], [ 9.612422030600646, 54.360457818941761, 0.0 ], [ 9.612283999754856, 54.360496680462681, 0.0 ], [ 9.612146234119589, 54.360535801115695, 0.0 ], [ 9.612008703185042, 54.360575199031416, 0.0 ], [ 9.611871422202812, 54.36061486514577, 0.0 ], [ 9.611734406559634, 54.360654799381592, 0.0 ], [ 9.611597625610452, 54.360695010882637, 0.0 ], [ 9.611461094608341, 54.360735490584901, 0.0 ], [ 9.611324813550981, 54.360776238489237, 0.0 ], [ 9.611188797958157, 54.360817263505297, 0.0 ], [ 9.611053016784908, 54.360858547816271, 0.0 ], [ 9.610917485684116, 54.360900109318642, 0.0 ], [ 9.610782204654102, 54.360941948013277, 0.0 ], [ 9.610647158037859, 54.360984046005264, 0.0 ], [ 9.610582470487611, 54.361004343617665, 0.0 ], [ 9.610582470487611, 54.361004343617665, 0.0 ], [ 9.610512376876597, 54.361026421113252, 0.0 ], [ 9.61037784564704, 54.361069064429195, 0.0 ], [ 9.610243564346888, 54.361111975953925, 0.0 ], [ 9.610109517586695, 54.361155155766092, 0.0 ], [ 9.609975736273975, 54.361198612697677, 0.0 ], [ 9.609842189364258, 54.361242328931525, 0.0 ], [ 9.609708908031182, 54.361286331273284, 0.0 ], [ 9.60957586109771, 54.361330592918932, 0.0 ], [ 9.609443079604194, 54.36137513168736, 0.0 ], [ 9.609310532506296, 54.361419929761333, 0.0 ], [ 9.609178235590145, 54.361465014024233, 0.0 ], [ 9.609046188453956, 54.361510357516572, 0.0 ], [ 9.608914406751046, 54.361555978135023, 0.0 ], [ 9.608782859569757, 54.361601867048996, 0.0 ], [ 9.608651562296689, 54.361648024181633, 0.0 ], [ 9.60852051506302, 54.36169445852051, 0.0 ], [ 9.608389717734157, 54.361741161079685, 0.0 ], [ 9.608259185829615, 54.361788140769121, 0.0 ], [ 9.608128888437916, 54.361835388758081, 0.0 ], [ 9.607998840946149, 54.36188290496974, 0.0 ], [ 9.607869058873248, 54.361930698314154, 0.0 ], [ 9.607739511308322, 54.361978759960429, 0.0 ], [ 9.607610229159233, 54.362027098741137, 0.0 ], [ 9.607481181514578, 54.362075705825283, 0.0 ], [ 9.607352259989915, 54.362124536821973, 0.0 ], [ 9.607352259989915, 54.362124536821973, 0.0 ] ], [ [ 9.614222149416495, 54.360336169969266, 0.0 ], [ 9.613964564915019, 54.360433916900952, 0.0 ], [ 9.61383527957541, 54.360482262407288, 0.0 ], [ 9.613705759091021, 54.360530339346148, 0.0 ], [ 9.613575972420104, 54.3605781298998, 0.0 ], [ 9.613445950741925, 54.360625660871236, 0.0 ], [ 9.613315663014649, 54.360672914442553, 0.0 ], [ 9.61318512476139, 54.360719899521506, 0.0 ], [ 9.613054335850299, 54.360766607120496, 0.0 ], [ 9.612923311671148, 54.360813037160455, 0.0 ], [ 9.612792021717269, 54.360859207770631, 0.0 ], [ 9.612660481110751, 54.360905100898385, 0.0 ], [ 9.612528689987329, 54.360950725529662, 0.0 ], [ 9.612396648214606, 54.360996072676897, 0.0 ], [ 9.612264371316423, 54.36104115124796, 0.0 ], [ 9.612131828518498, 54.361085961398196, 0.0 ], [ 9.611999035076609, 54.361130494061918, 0.0 ], [ 9.611865991126693, 54.36117475822509, 0.0 ], [ 9.611732712058512, 54.361218753808821, 0.0 ], [ 9.611599167097568, 54.361262480968378, 0.0 ], [ 9.611465386888453, 54.3613059305601, 0.0 ], [ 9.611331340923597, 54.361349120712781, 0.0 ], [ 9.611197059580883, 54.361392024309197, 0.0 ], [ 9.611062512486217, 54.36143466846481, 0.0 ], [ 9.610997886923256, 54.361455028895378, 0.0 ], [ 9.610994501732062, 54.361456097576017, 0.0 ], [ 9.610927730284223, 54.361477044036135, 0.0 ], [ 9.610792697455322, 54.361519142113465, 0.0 ], [ 9.610657414134876, 54.361560971682792, 0.0 ], [ 9.610521880190968, 54.36160252375641, 0.0 ], [ 9.610386095892785, 54.361643816307151, 0.0 ], [ 9.610250060975147, 54.361684831360542, 0.0 ], [ 9.610113775573673, 54.361725577902511, 0.0 ], [ 9.609977239689645, 54.361766055932264, 0.0 ], [ 9.609840453192437, 54.361806256462089, 0.0 ], [ 9.609703416350129, 54.361846197464772, 0.0 ], [ 9.60956612876511, 54.361885851979061, 0.0 ], [ 9.609428590838938, 54.361925246964496, 0.0 ], [ 9.609290817695808, 54.361964364368887, 0.0 ], [ 9.609152778694003, 54.362003213333658, 0.0 ], [ 9.609014489223407, 54.362041793780215, 0.0 ], [ 9.608875964542101, 54.362080096643176, 0.0 ], [ 9.608737174007985, 54.362118131063887, 0.0 ], [ 9.608598132878573, 54.362155887977011, 0.0 ], [ 9.608458841288909, 54.362193376368438, 0.0 ], [ 9.608319299241021, 54.36223059623731, 0.0 ], [ 9.608179506604133, 54.362267538595972, 0.0 ], [ 9.60803946351311, 54.362304212430359, 0.0 ], [ 9.607899169837316, 54.362340608752767, 0.0 ], [ 9.607758625711575, 54.362376736549137, 0.0 ], [ 9.607617581867093, 54.362412390362515, 0.0 ], [ 9.607617581867093, 54.362412390362515, 0.0 ] ], [ [ 9.607352259989915, 54.362124536821973, 0.0 ], [ 9.607617581867093, 54.362412390362515, 0.0 ] ], [ [ 9.607352259989915, 54.362124536821973, 0.0 ], [ 9.607070769891104, 54.362198743283194, 0.0 ], [ 9.60693066553362, 54.362236530583949, 0.0 ], [ 9.606790811377026, 54.362274604061561, 0.0 ], [ 9.606651222807804, 54.362312963639496, 0.0 ], [ 9.606511899823625, 54.362351609318679, 0.0 ], [ 9.606372842422122, 54.362390541100091, 0.0 ], [ 9.606234035212992, 54.362429759061904, 0.0 ], [ 9.606095508838695, 54.362469254063583, 0.0 ], [ 9.605957232784789, 54.362509044234287, 0.0 ], [ 9.605819222173041, 54.362549111523975, 0.0 ], [ 9.605681477133611, 54.362589464920383, 0.0 ], [ 9.60554398240814, 54.362630113488486, 0.0 ], [ 9.605406768375094, 54.362671030114257, 0.0 ], [ 9.605269804651794, 54.362712241913449, 0.0 ], [ 9.605133091104019, 54.362753739900178, 0.0 ], [ 9.604996658374681, 54.362795514934056, 0.0 ], [ 9.604860491205674, 54.362837576080075, 0.0 ], [ 9.604724574205729, 54.362879923416251, 0.0 ], [ 9.604655958900851, 54.362901441842517, 0.0 ], [ 9.604655958900851, 54.362901441842517, 0.0 ], [ 9.604588922762241, 54.36292255686628, 0.0 ], [ 9.604453521351642, 54.36296546752137, 0.0 ], [ 9.604318401014199, 54.363008673201769, 0.0 ], [ 9.604183530706067, 54.363052156089047, 0.0 ], [ 9.604048925946117, 54.363095925093681, 0.0 ], [ 9.60391458673252, 54.363139980216623, 0.0 ], [ 9.603780497542399, 54.363184312548931, 0.0 ], [ 9.603646689415724, 54.363228939911089, 0.0 ], [ 9.60351313130848, 54.363273844484354, 0.0 ], [ 9.603379838739995, 54.363319035179416, 0.0 ], [ 9.603246796319169, 54.363364512074099, 0.0 ], [ 9.603114034822289, 54.363410275015312, 0.0 ], [ 9.602981523469282, 54.363456324157902, 0.0 ], [ 9.602849277515725, 54.36350265043891, 0.0 ], [ 9.602717297223061, 54.363549271832866, 0.0 ], [ 9.602585582326219, 54.363596170367003, 0.0 ], [ 9.602454133086662, 54.3636433640158, 0.0 ], [ 9.602322933850127, 54.363690834883378, 0.0 ], [ 9.602192015656465, 54.363738600790469, 0.0 ], [ 9.602061617758526, 54.363787235741434, 0.0 ], [ 9.602061617758526, 54.363787235741434, 0.0 ] ], [ [ 9.607617581867093, 54.362412390362515, 0.0 ], [ 9.607356204102866, 54.362508443564543, 0.0 ], [ 9.607225029554968, 54.362555919667237, 0.0 ], [ 9.607093588984757, 54.362603118353682, 0.0 ], [ 9.606961882261293, 54.362650030636203, 0.0 ], [ 9.606829909386517, 54.362696656513918, 0.0 ], [ 9.606697670361806, 54.362742995985954, 0.0 ], [ 9.606565180578217, 54.362789048974072, 0.0 ], [ 9.606432409259948, 54.362834815632169, 0.0 ], [ 9.60629938718645, 54.362880295804601, 0.0 ], [ 9.60616609910317, 54.362925498554723, 0.0 ], [ 9.606032560268615, 54.362970414817497, 0.0 ], [ 9.605898739774103, 54.363015035759886, 0.0 ], [ 9.60576466866469, 54.363059379200045, 0.0 ], [ 9.605630331420608, 54.363103436227561, 0.0 ], [ 9.605495728176026, 54.363147215828356, 0.0 ], [ 9.60536085866868, 54.363190700027928, 0.0 ], [ 9.605225738553605, 54.363233906721788, 0.0 ], [ 9.6050903523121, 54.363276826999503, 0.0 ], [ 9.605021814541884, 54.363298417141948, 0.0 ], [ 9.605021814541884, 54.363298417141948, 0.0 ], [ 9.604954699945401, 54.363319460860154, 0.0 ], [ 9.604818796845102, 54.363361808225704, 0.0 ], [ 9.604682612367217, 54.363403878236376, 0.0 ], [ 9.604546177159435, 54.363445661750184, 0.0 ], [ 9.60440947583486, 54.363487158843384, 0.0 ], [ 9.604272508395585, 54.363528369515045, 0.0 ], [ 9.60413529023271, 54.363569293687235, 0.0 ], [ 9.603997805959212, 54.363609931436152, 0.0 ], [ 9.603860040319955, 54.363650291824641, 0.0 ], [ 9.603722039352389, 54.363690365634, 0.0 ], [ 9.603583756759528, 54.363730144107549, 0.0 ], [ 9.603445223585418, 54.363769645063982, 0.0 ], [ 9.603306409053493, 54.363808868656371, 0.0 ], [ 9.603167343680886, 54.363847796756211, 0.0 ], [ 9.603028012212448, 54.363886438426412, 0.0 ], [ 9.6028884300394, 54.363924793589142, 0.0 ], [ 9.602748566517347, 54.363962871384082, 0.0 ], [ 9.60260845216308, 54.364000653682936, 0.0 ], [ 9.602468056332546, 54.364038149625316, 0.0 ], [ 9.602326960359084, 54.364075145601703, 0.0 ], [ 9.602326960359084, 54.364075145601703, 0.0 ] ], [ [ 9.602061617758526, 54.363787235741434, 0.0 ], [ 9.602326960359084, 54.364075145601703, 0.0 ] ], [ [ 9.602061617758526, 54.363787235741434, 0.0 ], [ 9.601779423257142, 54.36385995037697, 0.0 ], [ 9.601638693323489, 54.363896719037335, 0.0 ], [ 9.60149822882768, 54.363933764820537, 0.0 ], [ 9.601358014509961, 54.363971096791012, 0.0 ], [ 9.601218050104972, 54.364008696976029, 0.0 ], [ 9.601078351000371, 54.364046565299766, 0.0 ], [ 9.600938886678216, 54.364084719890073, 0.0 ], [ 9.600799687783123, 54.3641231516077, 0.0 ], [ 9.600660754182424, 54.364161851466754, 0.0 ], [ 9.600522055226037, 54.364200828608162, 0.0 ], [ 9.600383621691092, 54.36424008287954, 0.0 ], [ 9.600245438054746, 54.364279605371586, 0.0 ], [ 9.600107504446258, 54.364319405071953, 0.0 ], [ 9.599969820863814, 54.364359481981495, 0.0 ], [ 9.59983238730474, 54.364399836101107, 0.0 ], [ 9.599695219026001, 54.364440458368314, 0.0 ], [ 9.599558300767193, 54.364481357847289, 0.0 ], [ 9.599421632525846, 54.364522534538878, 0.0 ], [ 9.59928521416948, 54.364563979457159, 0.0 ], [ 9.599149045827053, 54.364605701589774, 0.0 ], [ 9.59901314275511, 54.364647691874296, 0.0 ], [ 9.598877474434504, 54.364689968438135, 0.0 ], [ 9.598810262463873, 54.364711036167968, 0.0 ], [ 9.598810262463873, 54.364711036167968, 0.0 ], [ 9.598742071380721, 54.364732513155616, 0.0 ], [ 9.598606918201915, 54.364775326104002, 0.0 ], [ 9.598472015158343, 54.364818425257809, 0.0 ], [ 9.598337361855606, 54.364861783657382, 0.0 ], [ 9.598202974073367, 54.364905428187704, 0.0 ], [ 9.598068820769379, 54.364949341028627, 0.0 ], [ 9.597934932851926, 54.364993531015188, 0.0 ], [ 9.59780129492915, 54.365037998224516, 0.0 ], [ 9.597667906868521, 54.365082733670654, 0.0 ], [ 9.597534784188595, 54.365127746264989, 0.0 ], [ 9.597401896108392, 54.36517303616084, 0.0 ], [ 9.597269273405223, 54.365218603206593, 0.0 ], [ 9.59713690055723, 54.365264438492432, 0.0 ], [ 9.597004777693064, 54.365310551006061, 0.0 ], [ 9.596872904810855, 54.365356940748264, 0.0 ], [ 9.596741297298609, 54.365403607643742, 0.0 ], [ 9.596609939634444, 54.365450542782646, 0.0 ], [ 9.59647883194711, 54.365497755152646, 0.0 ], [ 9.596347974364736, 54.36554525374131, 0.0 ], [ 9.596217382015201, 54.365593020499766, 0.0 ], [ 9.596087039637123, 54.365641064491754, 0.0 ], [ 9.595956962618562, 54.365689385642064, 0.0 ], [ 9.595827120178068, 54.365737984103568, 0.0 ], [ 9.595697698554883, 54.365786966806795, 0.0 ], [ 9.595697698554883, 54.365786966806795, 0.0 ] ], [ [ 9.602326960359084, 54.364075145601703, 0.0 ], [ 9.602067785166712, 54.36417287490282, 0.0 ], [ 9.601937704322486, 54.364221193569179, 0.0 ], [ 9.601807372998769, 54.364269243720038, 0.0 ], [ 9.601676791065531, 54.364317016367778, 0.0 ], [ 9.601545943135168, 54.364364511588356, 0.0 ], [ 9.601414844730114, 54.364411738290947, 0.0 ], [ 9.601283495589417, 54.364458678501151, 0.0 ], [ 9.601151895977763, 54.36450535019172, 0.0 ], [ 9.601020030375768, 54.364551744451788, 0.0 ], [ 9.600887929564362, 54.364597861127116, 0.0 ], [ 9.600755562766087, 54.364643700370209, 0.0 ], [ 9.600622930114469, 54.364689271166995, 0.0 ], [ 9.600490062258935, 54.36473456437664, 0.0 ], [ 9.600356928422009, 54.364779580151499, 0.0 ], [ 9.600223559515886, 54.364824327324364, 0.0 ], [ 9.60008992463206, 54.364868797060737, 0.0 ], [ 9.599956039162155, 54.364912989283241, 0.0 ], [ 9.59982188771853, 54.364956904067554, 0.0 ], [ 9.599687501212982, 54.365000550246577, 0.0 ], [ 9.599552848737083, 54.365043918985705, 0.0 ], [ 9.599417961203459, 54.365087019117894, 0.0 ], [ 9.599282807703128, 54.365129841808468, 0.0 ], [ 9.599215657830907, 54.365150981352414, 0.0 ], [ 9.599215657830907, 54.365150981352414, 0.0 ], [ 9.59914740362804, 54.365172386980113, 0.0 ], [ 9.599011733721239, 54.365214663695212, 0.0 ], [ 9.598875828502283, 54.365256653826428, 0.0 ], [ 9.59873965758622, 54.365298384486181, 0.0 ], [ 9.598603251361981, 54.36533982856038, 0.0 ], [ 9.598466579313682, 54.365381004174608, 0.0 ], [ 9.598329641312446, 54.365421902341119, 0.0 ], [ 9.59819246827073, 54.365462531893158, 0.0 ], [ 9.598055044669405, 54.365502883919454, 0.0 ], [ 9.597917355121268, 54.365542958495418, 0.0 ], [ 9.597779415018081, 54.365582755543898, 0.0 ], [ 9.597641224492252, 54.365622284050787, 0.0 ], [ 9.597502783284805, 54.365661526041677, 0.0 ], [ 9.597364076269034, 54.365700499565527, 0.0 ], [ 9.597225134226823, 54.365739204468959, 0.0 ], [ 9.597085926119197, 54.365777622929983, 0.0 ], [ 9.596946452209124, 54.365815772921252, 0.0 ], [ 9.59680674314837, 54.365853645302778, 0.0 ], [ 9.596666768158933, 54.365891240225949, 0.0 ], [ 9.596526542633198, 54.365928557613792, 0.0 ], [ 9.596386066572967, 54.365965597465369, 0.0 ], [ 9.596245324590463, 54.366002359855919, 0.0 ], [ 9.596104332077976, 54.366038844708456, 0.0 ], [ 9.59596290058124, 54.366074792316965, 0.0 ], [ 9.59596290058124, 54.366074792316965, 0.0 ] ], [ [ 9.595697698554883, 54.365786966806795, 0.0 ], [ 9.59596290058124, 54.366074792316965, 0.0 ] ], [ [ 9.595697698554883, 54.365786966806795, 0.0 ], [ 9.595418664610335, 54.36585964189365, 0.0 ], [ 9.595279694694725, 54.365896583147645, 0.0 ], [ 9.59514097479952, 54.365933801618439, 0.0 ], [ 9.595002520182394, 54.365971288244147, 0.0 ], [ 9.594864315581432, 54.36600905208843, 0.0 ], [ 9.594726360994313, 54.366047093152105, 0.0 ], [ 9.594588656419354, 54.366085411436075, 0.0 ], [ 9.594451217114107, 54.366123997878525, 0.0 ], [ 9.594314012426809, 54.36616286161879, 0.0 ], [ 9.594177073005717, 54.366201993519276, 0.0 ], [ 9.594040383718111, 54.366241411630291, 0.0 ], [ 9.59390394417254, 54.366281088992274, 0.0 ], [ 9.593767754756687, 54.366321052566448, 0.0 ], [ 9.59363183059903, 54.366361284304361, 0.0 ], [ 9.593496140917589, 54.366401784358288, 0.0 ], [ 9.593360716619872, 54.366442561564497, 0.0 ], [ 9.593225526924115, 54.366483616075172, 0.0 ], [ 9.593090602608447, 54.366524947739833, 0.0 ], [ 9.592955928021778, 54.366566538661374, 0.0 ], [ 9.592821503550732, 54.366608415801053, 0.0 ], [ 9.59275544993857, 54.366629123934885, 0.0 ], [ 9.59275544993857, 54.366629123934885, 0.0 ], [ 9.592687328934542, 54.36665056118607, 0.0 ], [ 9.59255341969075, 54.366692983728534, 0.0 ], [ 9.592419744907556, 54.366735674593613, 0.0 ], [ 9.592286335493307, 54.366778642617803, 0.0 ], [ 9.592153160536041, 54.366821878966221, 0.0 ], [ 9.592020250943962, 54.366865392475425, 0.0 ], [ 9.591887591324966, 54.366909183221821, 0.0 ], [ 9.591755181547354, 54.36695324221941, 0.0 ], [ 9.591623021739261, 54.366997578455774, 0.0 ], [ 9.591491111769303, 54.367042182945006, 0.0 ], [ 9.591359467155348, 54.367087064599239, 0.0 ], [ 9.591228072505372, 54.367132223494778, 0.0 ], [ 9.591096912297719, 54.367177650721032, 0.0 ], [ 9.590966017440831, 54.367223355114817, 0.0 ], [ 9.590835387932907, 54.36726933667692, 0.0 ], [ 9.590704992991171, 54.367315595559006, 0.0 ], [ 9.590574863265866, 54.367362122624286, 0.0 ], [ 9.59044496810322, 54.367408927011112, 0.0 ], [ 9.590315338282512, 54.36745600856959, 0.0 ], [ 9.590185973802212, 54.367503367300593, 0.0 ], [ 9.59005684375048, 54.367550994368692, 0.0 ], [ 9.589928384476341, 54.367599265113661, 0.0 ], [ 9.589928384476341, 54.367599265113661, 0.0 ] ], [ [ 9.59596290058124, 54.366074792316965, 0.0 ], [ 9.595705162738341, 54.366170586429533, 0.0 ], [ 9.595575793140927, 54.366217950996202, 0.0 ], [ 9.595446172840481, 54.36626502906207, 0.0 ], [ 9.595316286708668, 54.366311838675955, 0.0 ], [ 9.595186165397525, 54.366358370698265, 0.0 ], [ 9.595055778258624, 54.366404634266935, 0.0 ], [ 9.594925140553421, 54.366450620318396, 0.0 ], [ 9.594794252284164, 54.366496328851809, 0.0 ], [ 9.594663113452132, 54.366541759866379, 0.0 ], [ 9.594531724189508, 54.366586922348077, 0.0 ], [ 9.594400068977748, 54.36663180738514, 0.0 ], [ 9.594268178599167, 54.366676414825051, 0.0 ], [ 9.594136022404856, 54.366720753805453, 0.0 ], [ 9.594003615786916, 54.366764824249707, 0.0 ], [ 9.593870958487519, 54.366808608183327, 0.0 ], [ 9.593738050897855, 54.366852132565967, 0.0 ], [ 9.593604892630429, 54.366895370436353, 0.0 ], [ 9.593471468556478, 54.366938339842989, 0.0 ], [ 9.593337809458081, 54.366981040633604, 0.0 ], [ 9.59320388429745, 54.367023454985137, 0.0 ], [ 9.59313789281323, 54.367044234919803, 0.0 ], [ 9.59313789281323, 54.367044234919803, 0.0 ], [ 9.593069724246122, 54.367065609705861, 0.0 ], [ 9.592935298136325, 54.367107477985812, 0.0 ], [ 9.592800621619256, 54.367149077722082, 0.0 ], [ 9.592665694697118, 54.367190408913892, 0.0 ], [ 9.592530501851627, 54.367231462649144, 0.0 ], [ 9.592395073866042, 54.367272238775769, 0.0 ], [ 9.592259395480704, 54.367312746355402, 0.0 ], [ 9.592123451178137, 54.367352976475892, 0.0 ], [ 9.591987256480062, 54.367392938047679, 0.0 ], [ 9.591850811259013, 54.367432622083022, 0.0 ], [ 9.591714115516952, 54.367472028581133, 0.0 ], [ 9.591577169385475, 54.367511166527947, 0.0 ], [ 9.591439972607475, 54.367550017949021, 0.0 ], [ 9.59130251018272, 54.367588609879341, 0.0 ], [ 9.591164812506591, 54.367626915206735, 0.0 ], [ 9.591026849058137, 54.367664952054831, 0.0 ], [ 9.590888619710238, 54.367702711435882, 0.0 ], [ 9.5907501553754, 54.367740202185104, 0.0 ], [ 9.590611440406823, 54.36777740640337, 0.0 ], [ 9.590472459674283, 54.367814342138779, 0.0 ], [ 9.590333228441454, 54.367851000328287, 0.0 ], [ 9.590193558023746, 54.367887103283266, 0.0 ], [ 9.590193558023746, 54.367887103283266, 0.0 ] ], [ [ 9.589928384476341, 54.367599265113661, 0.0 ], [ 9.590193558023746, 54.367887103283266, 0.0 ] ], [ [ 9.589928384476341, 54.367599265113661, 0.0 ], [ 9.589646956478049, 54.367672918123681, 0.0 ], [ 9.589506810041694, 54.367710173005406, 0.0 ], [ 9.589366898202943, 54.3677477051884, 0.0 ], [ 9.589227251740676, 54.367785514523078, 0.0 ], [ 9.589087855262814, 54.367823601085519, 0.0 ], [ 9.588948724157264, 54.367861964801477, 0.0 ], [ 9.588809842903036, 54.367900596760144, 0.0 ], [ 9.58867121149779, 54.367939496962386, 0.0 ], [ 9.588532830197101, 54.367978683382738, 0.0 ], [ 9.588394714132175, 54.368018137973301, 0.0 ], [ 9.588256832647861, 54.368057869871954, 0.0 ], [ 9.588119216395636, 54.368097869942581, 0.0 ], [ 9.587981850111053, 54.36813814724794, 0.0 ], [ 9.587844749054556, 54.368178692727042, 0.0 ], [ 9.587707897961511, 54.36821951544264, 0.0 ], [ 9.587571281311115, 54.368260606483659, 0.0 ], [ 9.587434930139317, 54.368301983674719, 0.0 ], [ 9.587298844059802, 54.368343620056223, 0.0 ], [ 9.587162992544895, 54.368385533752502, 0.0 ], [ 9.5870273909839, 54.368427724689475, 0.0 ], [ 9.586944276165465, 54.368453752327554, 0.0 ], [ 9.586892054637763, 54.368470183806323, 0.0 ], [ 9.586846070133296, 54.368484688569872, 0.0 ], [ 9.586756968113033, 54.36851291117874, 0.0 ], [ 9.586622131536572, 54.368555915794424, 0.0 ], [ 9.586487560297432, 54.368599197579336, 0.0 ], [ 9.586353223483611, 54.368642747697223, 0.0 ], [ 9.586219152002858, 54.368686574986071, 0.0 ], [ 9.586085314943928, 54.368730670609494, 0.0 ], [ 9.585951743086548, 54.368775034418732, 0.0 ], [ 9.585818436685257, 54.36881968438837, 0.0 ], [ 9.585685364571878, 54.368864593708203, 0.0 ], [ 9.585552557783046, 54.368909780203289, 0.0 ], [ 9.585419985534378, 54.368955244023823, 0.0 ], [ 9.585287678606255, 54.369000985021273, 0.0 ], [ 9.585155636741488, 54.369046985222866, 0.0 ], [ 9.585023829539521, 54.369093271739182, 0.0 ], [ 9.584892287525085, 54.369139826448126, 0.0 ], [ 9.58476099543322, 54.369186658411991, 0.0 ], [ 9.584629953134373, 54.369233758644732, 0.0 ], [ 9.584499160754417, 54.369281136134063, 0.0 ], [ 9.584368633555481, 54.369328781819348, 0.0 ], [ 9.5842383563994, 54.369376713749638, 0.0 ], [ 9.584108329029778, 54.369424913952123, 0.0 ], [ 9.583978551444281, 54.369473382427564, 0.0 ], [ 9.583849039288358, 54.369522137075954, 0.0 ], [ 9.583719776913496, 54.369571159998983, 0.0 ], [ 9.583599548939826, 54.369619051595855, 0.0 ], [ 9.583599548939826, 54.369619051595855, 0.0 ] ], [ [ 9.590193558023746, 54.367887103283266, 0.0 ], [ 9.589933400857962, 54.367985494194343, 0.0 ], [ 9.5898027909176, 54.368034161776379, 0.0 ], [ 9.589671915158769, 54.368082560891878, 0.0 ], [ 9.589540788716388, 54.368130673491095, 0.0 ], [ 9.589409396329886, 54.368178508635296, 0.0 ], [ 9.589277753392331, 54.368226066248397, 0.0 ], [ 9.589145859776583, 54.368273337342735, 0.0 ], [ 9.589013700351144, 54.36832033996636, 0.0 ], [ 9.588881290379586, 54.368367065056347, 0.0 ], [ 9.588748614472873, 54.368413512687049, 0.0 ], [ 9.588615688023987, 54.368459682782493, 0.0 ], [ 9.588482511034583, 54.368505575341857, 0.0 ], [ 9.58834906811572, 54.368551190439319, 0.0 ], [ 9.58821537465966, 54.368596527999017, 0.0 ], [ 9.588081415406474, 54.368641597081968, 0.0 ], [ 9.587947220882258, 54.368686379563577, 0.0 ], [ 9.587812760564466, 54.368730893566735, 0.0 ], [ 9.587678034197769, 54.368775121116883, 0.0 ], [ 9.587543057432082, 54.368819080111848, 0.0 ], [ 9.587407830140462, 54.368862761563967, 0.0 ], [ 9.587272352325346, 54.368906165472367, 0.0 ], [ 9.587136623988444, 54.368949291836223, 0.0 ], [ 9.587061065492883, 54.3689731437603, 0.0 ], [ 9.587013639492179, 54.36898806003537, 0.0 ], [ 9.587000629740515, 54.368992140729574, 0.0 ], [ 9.586864369711776, 54.36903472113837, 0.0 ], [ 9.586727874558321, 54.369077023925151, 0.0 ], [ 9.586591113371231, 54.369119040251995, 0.0 ], [ 9.586454101800511, 54.369160788016814, 0.0 ], [ 9.58631682432838, 54.369202258306736, 0.0 ], [ 9.586179296476299, 54.369243460032905, 0.0 ], [ 9.586041517989877, 54.369284375220808, 0.0 ], [ 9.585903489127489, 54.36932502184321, 0.0 ], [ 9.585765194243727, 54.369365382000389, 0.0 ], [ 9.585626648988052, 54.369405473590319, 0.0 ], [ 9.585487837843061, 54.369445287700024, 0.0 ], [ 9.585348791593297, 54.36948482417926, 0.0 ], [ 9.585209463939167, 54.369524074264348, 0.0 ], [ 9.585069901312583, 54.369563055704035, 0.0 ], [ 9.584930072804756, 54.369601759659922, 0.0 ], [ 9.584789993809416, 54.369640186056515, 0.0 ], [ 9.584649648937118, 54.369678334967482, 0.0 ], [ 9.584509053581469, 54.369716206317371, 0.0 ], [ 9.584368192353075, 54.369753800179815, 0.0 ], [ 9.58422708064565, 54.369791116479391, 0.0 ], [ 9.584085718461413, 54.369828155215203, 0.0 ], [ 9.583944090410672, 54.369864916460848, 0.0 ], [ 9.58379364320351, 54.369902834661829, 0.0 ], [ 9.58379364320351, 54.369902834661829, 0.0 ] ], [ [ 9.583599548939826, 54.369619051595855, 0.0 ], [ 9.58379364320351, 54.369902834661829, 0.0 ] ], [ [ 9.583599548939826, 54.369619051595855, 0.0 ], [ 9.583302606078826, 54.369656536404449, 0.0 ], [ 9.58315135582407, 54.369676887238413, 0.0 ], [ 9.583000279055469, 54.369697542617104, 0.0 ], [ 9.582849360760841, 54.369718529576012, 0.0 ], [ 9.58269860068169, 54.369739830142116, 0.0 ], [ 9.582548014333684, 54.369761453228463, 0.0 ], [ 9.582397586195073, 54.369783389923221, 0.0 ], [ 9.582247316389873, 54.369805649213788, 0.0 ], [ 9.58209720491481, 54.369828231100783, 0.0 ], [ 9.58194726703068, 54.369851126523727, 0.0 ], [ 9.581797502861784, 54.369874344470077, 0.0 ], [ 9.581647881494657, 54.369897876102087, 0.0 ], [ 9.581498433836252, 54.369921730258724, 0.0 ], [ 9.581349144491865, 54.369945907014845, 0.0 ], [ 9.581200028595743, 54.369970388323203, 0.0 ], [ 9.581051055742993, 54.369995201293207, 0.0 ], [ 9.580902256459192, 54.370020327803523, 0.0 ], [ 9.580753630741212, 54.370045767854776, 0.0 ], [ 9.580620042102181, 54.370068933426047, 0.0 ], [ 9.580605147929894, 54.370071530582578, 0.0 ], [ 9.580494748655275, 54.370090917527726, 0.0 ], [ 9.580456838805024, 54.37009761583937, 0.0 ], [ 9.580308687845347, 54.370124014712978, 0.0 ], [ 9.580160710439195, 54.370150727130003, 0.0 ], [ 9.580012891318592, 54.37017776215189, 0.0 ], [ 9.579865230480552, 54.37020511977925, 0.0 ], [ 9.579717727795172, 54.370232791025806, 0.0 ], [ 9.579570398777927, 54.370260784805069, 0.0 ], [ 9.579423227906817, 54.370289092204729, 0.0 ], [ 9.579276215306161, 54.370317722212214, 0.0 ], [ 9.579129376237237, 54.3703466657674, 0.0 ], [ 9.578982695432508, 54.370375931931598, 0.0 ], [ 9.578836172762195, 54.370405511718587, 0.0 ], [ 9.578689823867592, 54.370435423028773, 0.0 ], [ 9.578543632974979, 54.370465638976071, 0.0 ], [ 9.578397600460528, 54.370496186521571, 0.0 ], [ 9.578251726068254, 54.370527047692242, 0.0 ], [ 9.578106095723523, 54.370558860184978, 0.0 ], [ 9.578106095723523, 54.370558860184978, 0.0 ] ], [ [ 9.58379364320351, 54.369902834661829, 0.0 ], [ 9.583495128596418, 54.369968539127179, 0.0 ], [ 9.583348604094105, 54.369999832026942, 0.0 ], [ 9.583201905600102, 54.370030811028812, 0.0 ], [ 9.583055048254565, 54.370061458084145, 0.0 ], [ 9.582908032315352, 54.370091791166004, 0.0 ], [ 9.582760842138958, 54.370121792374505, 0.0 ], [ 9.582613477983491, 54.370151479682661, 0.0 ], [ 9.582465955116117, 54.37018084402871, 0.0 ], [ 9.582318273412803, 54.370209876425186, 0.0 ], [ 9.582170417739235, 54.370238594919485, 0.0 ], [ 9.582022387971856, 54.370266990524129, 0.0 ], [ 9.581874214896573, 54.370295063089969, 0.0 ], [ 9.581725852341771, 54.370322812839177, 0.0 ], [ 9.581577346612375, 54.37035024853526, 0.0 ], [ 9.581428651282762, 54.370377352426537, 0.0 ], [ 9.581279812785066, 54.370404142263538, 0.0 ], [ 9.581132888277374, 54.370430230663267, 0.0 ], [ 9.581130800085312, 54.37043060022031, 0.0 ], [ 9.581066571874821, 54.370441901247766, 0.0 ], [ 9.58098161343991, 54.370456744269887, 0.0 ], [ 9.580832268117494, 54.370482565350692, 0.0 ], [ 9.580682764247893, 54.370508072448935, 0.0 ], [ 9.580533086188922, 54.370533247664433, 0.0 ], [ 9.580383249588834, 54.370558108896191, 0.0 ], [ 9.580233238805802, 54.370582638243924, 0.0 ], [ 9.58008306948838, 54.370606853606645, 0.0 ], [ 9.579932726121216, 54.370630746070965, 0.0 ], [ 9.579782224099015, 54.370654315562199, 0.0 ], [ 9.579631548033548, 54.37067756215373, 0.0 ], [ 9.579480713446666, 54.370700494757806, 0.0 ], [ 9.579329720087742, 54.370723095400145, 0.0 ], [ 9.579178552695684, 54.370745373140892, 0.0 ], [ 9.579027211399504, 54.370767336966225, 0.0 ], [ 9.578875711341798, 54.370788968827945, 0.0 ], [ 9.578724052778654, 54.370810286699111, 0.0 ], [ 9.57857222019517, 54.370831281666128, 0.0 ], [ 9.578420213468172, 54.370851944741489, 0.0 ], [ 9.578268135794723, 54.370871951882087, 0.0 ], [ 9.578268135794723, 54.370871951882087, 0.0 ] ], [ [ 9.578106095723523, 54.370558860184978, 0.0 ], [ 9.578268135794723, 54.370871951882087, 0.0 ] ], [ [ 9.578106095723523, 54.370558860184978, 0.0 ], [ 9.577807662770796, 54.370598486582907, 0.0 ], [ 9.577658790376871, 54.370618702291736, 0.0 ], [ 9.577510075917809, 54.37063921364598, 0.0 ], [ 9.577361534908899, 54.370660029559382, 0.0 ], [ 9.577213136437042, 54.370681141193067, 0.0 ], [ 9.577064895891462, 54.370702548473915, 0.0 ], [ 9.576916798003047, 54.370724260462985, 0.0 ], [ 9.57676887342665, 54.370746268026721, 0.0 ], [ 9.576621091375669, 54.370768571313015, 0.0 ], [ 9.576473482630876, 54.370791170175217, 0.0 ], [ 9.576326016531496, 54.37081407374788, 0.0 ], [ 9.576178708214661, 54.370837263984349, 0.0 ], [ 9.576031542537271, 54.370860758932402, 0.0 ], [ 9.575884550154637, 54.370884549458701, 0.0 ], [ 9.575737700279461, 54.370908635710869, 0.0 ], [ 9.575591008427038, 54.370933026602813, 0.0 ], [ 9.575444474342861, 54.370957704161427, 0.0 ], [ 9.575298098275171, 54.370982686360939, 0.0 ], [ 9.575151879970182, 54.371007955228293, 0.0 ], [ 9.575005804284153, 54.371033528811083, 0.0 ], [ 9.574991769719441, 54.371036004339047, 0.0 ], [ 9.574884976134054, 54.371054928568341, 0.0 ], [ 9.574859886480867, 54.371059398049674, 0.0 ], [ 9.574714126556909, 54.371085562944614, 0.0 ], [ 9.574568524509852, 54.371112023496501, 0.0 ], [ 9.574423080336405, 54.371138779705866, 0.0 ], [ 9.574277778767755, 54.371165840633452, 0.0 ], [ 9.57413263494192, 54.371193188232787, 0.0 ], [ 9.573987649106979, 54.371220840478159, 0.0 ], [ 9.573842821009258, 54.371248779396467, 0.0 ], [ 9.573698135504873, 54.371277023035127, 0.0 ], [ 9.573553623249445, 54.371305562261469, 0.0 ], [ 9.573409253456031, 54.371334397222483, 0.0 ], [ 9.573265041514393, 54.371363527845453, 0.0 ], [ 9.573120987546458, 54.371392963117891, 0.0 ], [ 9.572977076032467, 54.371422694126522, 0.0 ], [ 9.572833337628436, 54.371452711738925, 0.0 ], [ 9.572689741798122, 54.371483034075482, 0.0 ], [ 9.572546303930194, 54.371513661063723, 0.0 ], [ 9.572403023772186, 54.371544574730471, 0.0 ], [ 9.572259901571389, 54.371575793049978, 0.0 ], [ 9.572116937200066, 54.371607307036008, 0.0 ], [ 9.571974130780347, 54.371639125675927, 0.0 ], [ 9.571831466792512, 54.371671240056436, 0.0 ], [ 9.571688960625664, 54.371703650105083, 0.0 ], [ 9.571546627794516, 54.371736364736343, 0.0 ], [ 9.571412085702656, 54.371769222045799, 0.0 ], [ 9.571412085702656, 54.371769222045799, 0.0 ] ], [ [ 9.578268135794723, 54.370871951882087, 0.0 ], [ 9.577981916877855, 54.370937448915313, 0.0 ], [ 9.577838460309497, 54.370969619149264, 0.0 ], [ 9.577694845430544, 54.371001493384696, 0.0 ], [ 9.5775510721176, 54.37103306263419, 0.0 ], [ 9.577407140499519, 54.371064335884057, 0.0 ], [ 9.577263065844976, 54.371095304073215, 0.0 ], [ 9.577118817372998, 54.371125967348434, 0.0 ], [ 9.57697442599591, 54.371156334548665, 0.0 ], [ 9.576829860807111, 54.371186396833764, 0.0 ], [ 9.576685152593049, 54.371216154055972, 0.0 ], [ 9.576540286090809, 54.371245615275107, 0.0 ], [ 9.576395261302995, 54.371274780490673, 0.0 ], [ 9.576250078106559, 54.371303640715198, 0.0 ], [ 9.576104751896592, 54.371332195874665, 0.0 ], [ 9.57595925201724, 54.371360455102312, 0.0 ], [ 9.575813609256016, 54.371388418250582, 0.0 ], [ 9.575667792705469, 54.371416076479022, 0.0 ], [ 9.575521833278589, 54.371443438626976, 0.0 ], [ 9.575375715460222, 54.3714704957805, 0.0 ], [ 9.575229439379134, 54.371497256925871, 0.0 ], [ 9.575083020304747, 54.37152371300229, 0.0 ], [ 9.574936427580891, 54.371549873142733, 0.0 ], [ 9.57492956387882, 54.371551092195766, 0.0 ], [ 9.574874315871675, 54.371560864193206, 0.0 ], [ 9.574789691995328, 54.37157573719994, 0.0 ], [ 9.574642782640673, 54.371601296333168, 0.0 ], [ 9.574495730429605, 54.371626559382051, 0.0 ], [ 9.57434851984774, 54.371651517432483, 0.0 ], [ 9.57420116641549, 54.371676179397461, 0.0 ], [ 9.574053639226006, 54.371700536436087, 0.0 ], [ 9.573905969192003, 54.371724597388123, 0.0 ], [ 9.573758125532134, 54.371748362399465, 0.0 ], [ 9.573610138908027, 54.371771822336235, 0.0 ], [ 9.573461993930852, 54.371794977271108, 0.0 ], [ 9.57331369085407, 54.371817845177155, 0.0 ], [ 9.573165229304745, 54.371840399093259, 0.0 ], [ 9.573016624928846, 54.371862656919411, 0.0 ], [ 9.572867846944385, 54.371884618801253, 0.0 ], [ 9.572718926014309, 54.371906275605184, 0.0 ], [ 9.572569831356425, 54.371927627476744, 0.0 ], [ 9.572420593883995, 54.371948683256086, 0.0 ], [ 9.572271198082369, 54.371969434028827, 0.0 ], [ 9.57212164395502, 54.37198987979437, 0.0 ], [ 9.571971931629244, 54.372010029539013, 0.0 ], [ 9.571822060983852, 54.372029874275285, 0.0 ], [ 9.571672032146601, 54.372049422989384, 0.0 ], [ 9.571514305494903, 54.372068900136227, 0.0 ], [ 9.571514305494903, 54.372068900136227, 0.0 ] ], [ [ 9.571412085702656, 54.371769222045799, 0.0 ], [ 9.571514305494903, 54.372068900136227, 0.0 ] ], [ [ 9.571412085702656, 54.371769222045799, 0.0 ], [ 9.57110546224782, 54.371778807661855, 0.0 ], [ 9.570949780950562, 54.371784784252647, 0.0 ], [ 9.570794181058478, 54.37179108380505, 0.0 ], [ 9.570638647050881, 54.371797697405285, 0.0 ], [ 9.570483194441337, 54.371804633967685, 0.0 ], [ 9.57032779231683, 54.371811884651287, 0.0 ], [ 9.570172471583314, 54.371819458297644, 0.0 ], [ 9.570017232112425, 54.371827345920202, 0.0 ], [ 9.569862058632912, 54.371835556578851, 0.0 ], [ 9.569706951141228, 54.371844090273875, 0.0 ], [ 9.569551909509157, 54.371852938018641, 0.0 ], [ 9.569396933733545, 54.37186209981347, 0.0 ], [ 9.569242039326925, 54.371871584572794, 0.0 ], [ 9.569087226161905, 54.371881383310075, 0.0 ], [ 9.568932463574717, 54.37189150515772, 0.0 ], [ 9.568777782221849, 54.371901940983904, 0.0 ], [ 9.568623166707505, 54.371912690861485, 0.0 ], [ 9.568468632544892, 54.371923763705063, 0.0 ], [ 9.568314917815627, 54.371935102113227, 0.0 ], [ 9.568314148945888, 54.371935159659991, 0.0 ], [ 9.568246227337047, 54.371940269921666, 0.0 ], [ 9.568159761959446, 54.371946869522084, 0.0 ], [ 9.568005425404975, 54.371958893509209, 0.0 ], [ 9.567851170188259, 54.371971240463502, 0.0 ], [ 9.567696980789252, 54.371983901470806, 0.0 ], [ 9.567542857328133, 54.371996885518286, 0.0 ], [ 9.567388815069975, 54.372010183546941, 0.0 ], [ 9.567234823350635, 54.372023804688645, 0.0 ], [ 9.567080928219548, 54.372037739739767, 0.0 ], [ 9.566927083496264, 54.372051988917633, 0.0 ], [ 9.566773320085913, 54.372066561064671, 0.0 ], [ 9.566619622592743, 54.372081456253504, 0.0 ], [ 9.56646600628134, 54.372096665425246, 0.0 ], [ 9.566312440487765, 54.37211219771158, 0.0 ], [ 9.566158971261613, 54.372128043909157, 0.0 ], [ 9.566005552546107, 54.372144213221823, 0.0 ], [ 9.565852215122614, 54.372160705505429, 0.0 ], [ 9.565698943471316, 54.372177511845599, 0.0 ], [ 9.565545737712627, 54.372194641229434, 0.0 ], [ 9.565392613111728, 54.372212084598168, 0.0 ], [ 9.565239554519909, 54.372229859997965, 0.0 ], [ 9.56508631973014, 54.372248265148876, 0.0 ], [ 9.56508631973014, 54.372248265148876, 0.0 ] ], [ [ 9.571514305494903, 54.372068900136227, 0.0 ], [ 9.57120915383603, 54.372104812217458, 0.0 ], [ 9.571059071347818, 54.372121646217479, 0.0 ], [ 9.570908922799191, 54.37213816578307, 0.0 ], [ 9.570758723586092, 54.372154370841123, 0.0 ], [ 9.570608427784082, 54.372170279583578, 0.0 ], [ 9.570458081448418, 54.372185882804835, 0.0 ], [ 9.570307669065876, 54.372201171590667, 0.0 ], [ 9.570157190888896, 54.37221616391448, 0.0 ], [ 9.570006646671308, 54.372230841802349, 0.0 ], [ 9.569856036541266, 54.372245214240841, 0.0 ], [ 9.569705360501999, 54.372259281229738, 0.0 ], [ 9.56955460328864, 54.372273051828266, 0.0 ], [ 9.569403795440328, 54.372286507917146, 0.0 ], [ 9.569252921692819, 54.372299658555647, 0.0 ], [ 9.569101966656641, 54.372312503816154, 0.0 ], [ 9.56895096112015, 54.372325043553154, 0.0 ], [ 9.568799889818612, 54.372337286825847, 0.0 ], [ 9.568648737113644, 54.372349215732875, 0.0 ], [ 9.568497533918396, 54.372360839115686, 0.0 ], [ 9.568419831589695, 54.372366687596653, 0.0 ], [ 9.568354922479424, 54.372371514100074, 0.0 ], [ 9.568346249451016, 54.372372157119123, 0.0 ], [ 9.56819491449993, 54.372383169597882, 0.0 ], [ 9.568043498283098, 54.372393876696712, 0.0 ], [ 9.567892031713432, 54.372404287257261, 0.0 ], [ 9.567740483760433, 54.372414383450476, 0.0 ], [ 9.56758888533707, 54.37242417411808, 0.0 ], [ 9.56743720566157, 54.372433659404649, 0.0 ], [ 9.567285460129609, 54.372442839237515, 0.0 ], [ 9.567133664137049, 54.372451713544081, 0.0 ], [ 9.566981786902335, 54.372460282468772, 0.0 ], [ 9.566829843821221, 54.372468545939007, 0.0 ], [ 9.566677834896986, 54.372476503954481, 0.0 ], [ 9.56652576013286, 54.372484156514993, 0.0 ], [ 9.566373634801405, 54.372491494561174, 0.0 ], [ 9.566221428368149, 54.372498536210948, 0.0 ], [ 9.566069155981321, 54.372505263418134, 0.0 ], [ 9.565916817768471, 54.3725116851693, 0.0 ], [ 9.56576441373279, 54.37251780146422, 0.0 ], [ 9.565611928484785, 54.372523612374785, 0.0 ], [ 9.565459392689693, 54.37252910876952, 0.0 ], [ 9.565306791205373, 54.372534308694057, 0.0 ], [ 9.565155057545548, 54.372538812327932, 0.0 ], [ 9.565155057545548, 54.372538812327932, 0.0 ] ], [ [ 9.56508631973014, 54.372248265148876, 0.0 ], [ 9.565155057545548, 54.372538812327932, 0.0 ] ], [ [ 9.56508631973014, 54.372248265148876, 0.0 ], [ 9.564779638576253, 54.372255129739877, 0.0 ], [ 9.564625914213019, 54.372259201646962, 0.0 ], [ 9.564472255458549, 54.372263569636409, 0.0 ], [ 9.564318662432719, 54.372268242695334, 0.0 ], [ 9.564165135132482, 54.37227322082402, 0.0 ], [ 9.564011673554566, 54.372278504022681, 0.0 ], [ 9.563858277695186, 54.372284092291629, 0.0 ], [ 9.563704947427631, 54.372289976644254, 0.0 ], [ 9.563551667356828, 54.372296157152689, 0.0 ], [ 9.563398468510236, 54.372302651647061, 0.0 ], [ 9.563245319853305, 54.372309442297784, 0.0 ], [ 9.563092236775308, 54.372316529033128, 0.0 ], [ 9.562939234911672, 54.372323929755282, 0.0 ], [ 9.562786283104341, 54.372331617647568, 0.0 ], [ 9.562633396989288, 54.372339610612165, 0.0 ], [ 9.562480576562749, 54.372347908649274, 0.0 ], [ 9.562327821821544, 54.372356511759179, 0.0 ], [ 9.56217513251668, 54.372365401968416, 0.0 ], [ 9.562022493620558, 54.372374606309528, 0.0 ], [ 9.561869935669606, 54.372384106665628, 0.0 ], [ 9.561717427875479, 54.372393903180338, 0.0 ], [ 9.561565001142322, 54.372404004697401, 0.0 ], [ 9.561412624559436, 54.372414402373593, 0.0 ], [ 9.561260313638732, 54.372425105124336, 0.0 ], [ 9.561155663795486, 54.372432638111412, 0.0 ], [ 9.561108068254399, 54.372436103962983, 0.0 ], [ 9.560995301652035, 54.372444447482849, 0.0 ], [ 9.560955888525134, 54.372447407876706, 0.0 ], [ 9.560803774325832, 54.372459007878859, 0.0 ], [ 9.560651710382858, 54.372470913028096, 0.0 ], [ 9.560499727355655, 54.37248311419475, 0.0 ], [ 9.560347794577968, 54.372495620508957, 0.0 ], [ 9.560195942709621, 54.372508422841115, 0.0 ], [ 9.560044141084788, 54.372521530321286, 0.0 ], [ 9.559892405091981, 54.372534942878247, 0.0 ], [ 9.559740734606351, 54.372548651525399, 0.0 ], [ 9.559589129624003, 54.372562656262986, 0.0 ], [ 9.559437590264649, 54.372576966078135, 0.0 ], [ 9.559286116524643, 54.372591580971047, 0.0 ], [ 9.559134708278592, 54.372606491955182, 0.0 ], [ 9.558983365645256, 54.372621708017604, 0.0 ], [ 9.558832073106919, 54.372637220243028, 0.0 ], [ 9.558680861689631, 54.37265304646278, 0.0 ], [ 9.558529700360594, 54.372669168846031, 0.0 ], [ 9.558378604509478, 54.372685587321683, 0.0 ], [ 9.558227589769503, 54.372702319792488, 0.0 ], [ 9.55807662510832, 54.372719348427452, 0.0 ], [ 9.55792572603689, 54.372736682142452, 0.0 ], [ 9.557774892430485, 54.37275431195085, 0.0 ], [ 9.557623860904714, 54.372772113246434, 0.0 ], [ 9.557623860904714, 54.372772113246434, 0.0 ] ], [ [ 9.565155057545548, 54.372538812327932, 0.0 ], [ 9.564853040811556, 54.372576104659615, 0.0 ], [ 9.564702277699263, 54.372594129260904, 0.0 ], [ 9.564551433295822, 54.37261184848137, 0.0 ], [ 9.564400538389743, 54.372629262176716, 0.0 ], [ 9.564249562199153, 54.372646370490713, 0.0 ], [ 9.564098520119812, 54.372663173351064, 0.0 ], [ 9.563947427670946, 54.372679679672444, 0.0 ], [ 9.563796253947316, 54.372695880611666, 0.0 ], [ 9.563645014468083, 54.372711785083368, 0.0 ], [ 9.563493724505568, 54.372727384028508, 0.0 ], [ 9.563342353278122, 54.372742677590693, 0.0 ], [ 9.563190916304487, 54.372757674684578, 0.0 ], [ 9.563039413465198, 54.372772366323069, 0.0 ], [ 9.562887844763207, 54.372786752505903, 0.0 ], [ 9.562736225717551, 54.372800842147889, 0.0 ], [ 9.562584525423347, 54.37281462640555, 0.0 ], [ 9.562432759399114, 54.372828114193631, 0.0 ], [ 9.562280927525496, 54.372841296525053, 0.0 ], [ 9.562129029928512, 54.37285418238644, 0.0 ], [ 9.56197706648871, 54.372866762790615, 0.0 ], [ 9.561825037331984, 54.372879046724229, 0.0 ], [ 9.561672942461726, 54.372891034187013, 0.0 ], [ 9.561520781635807, 54.372902707204993, 0.0 ], [ 9.561444907273113, 54.372908416859048, 0.0 ], [ 9.561444907273113, 54.372908416859048, 0.0 ], [ 9.561368555225194, 54.372914092738519, 0.0 ], [ 9.561216262865631, 54.372925163826707, 0.0 ], [ 9.561063904928185, 54.372935947429937, 0.0 ], [ 9.560911465655558, 54.372946416658898, 0.0 ], [ 9.56075897620425, 54.372956598330759, 0.0 ], [ 9.560606420817122, 54.372966465556345, 0.0 ], [ 9.560453799865247, 54.372976045295893, 0.0 ], [ 9.56030111298419, 54.372985310588597, 0.0 ], [ 9.560148360422104, 54.372994279407934, 0.0 ], [ 9.559995526790061, 54.373002951825072, 0.0 ], [ 9.559842642753885, 54.373011318709985, 0.0 ], [ 9.55968969292436, 54.373019380133925, 0.0 ], [ 9.559536677427261, 54.373027145083434, 0.0 ], [ 9.559383580750819, 54.373034604642811, 0.0 ], [ 9.559230433806119, 54.373041767655849, 0.0 ], [ 9.559077205688686, 54.373048625278237, 0.0 ], [ 9.558923927187447, 54.37305517736695, 0.0 ], [ 9.558770567642359, 54.373061433051284, 0.0 ], [ 9.558617157720279, 54.373067383201473, 0.0 ], [ 9.558463666638625, 54.373073027959883, 0.0 ], [ 9.558310125308962, 54.373078376170561, 0.0 ], [ 9.558156502704483, 54.373083410001989, 0.0 ], [ 9.558002814465697, 54.373088147356405, 0.0 ], [ 9.557849060473961, 54.373092579246723, 0.0 ], [ 9.557694975642985, 54.373096455250199, 0.0 ], [ 9.557694975642985, 54.373096455250199, 0.0 ] ], [ [ 9.557623860904714, 54.372772113246434, 0.0 ], [ 9.557694975642985, 54.373096455250199, 0.0 ] ], [ [ 9.557623860904714, 54.372772113246434, 0.0 ], [ 9.55731386397056, 54.372784573352853, 0.0 ], [ 9.557159207758373, 54.372791641850931, 0.0 ], [ 9.557004617322724, 54.372799024406966, 0.0 ], [ 9.556850108296466, 54.372806738923835, 0.0 ], [ 9.556695680432139, 54.372814767428174, 0.0 ], [ 9.5565413030632, 54.372823119049194, 0.0 ], [ 9.556387007092727, 54.372831802631943, 0.0 ], [ 9.556232792273756, 54.372840800203043, 0.0 ], [ 9.556078643331826, 54.372850120820601, 0.0 ], [ 9.555924560263298, 54.372859764484872, 0.0 ], [ 9.555770558457368, 54.372869731125228, 0.0 ], [ 9.555616637789026, 54.372880011755115, 0.0 ], [ 9.555462767712012, 54.372890624490324, 0.0 ], [ 9.555308978886783, 54.3729015602025, 0.0 ], [ 9.555155271188502, 54.372912809905046, 0.0 ], [ 9.555125099096042, 54.372915051809166, 0.0 ], [ 9.555001629342403, 54.372924382655995, 0.0 ], [ 9.554999153542459, 54.372924573794833, 0.0 ], [ 9.554848053344983, 54.372936278455633, 0.0 ], [ 9.554694558584869, 54.372948497233388, 0.0 ], [ 9.554541129545237, 54.372961030073476, 0.0 ], [ 9.554387766464655, 54.372973894949929, 0.0 ], [ 9.554234484490065, 54.372987073818493, 0.0 ], [ 9.554081268346323, 54.373000575737088, 0.0 ], [ 9.553928133422612, 54.373014400635306, 0.0 ], [ 9.553775064201867, 54.373028539597215, 0.0 ], [ 9.553622076314895, 54.373043010526168, 0.0 ], [ 9.553469154123791, 54.373057795519422, 0.0 ], [ 9.553316297866962, 54.373072912550882, 0.0 ], [ 9.553163522691881, 54.373088343576548, 0.0 ], [ 9.553010813322755, 54.373104097654149, 0.0 ], [ 9.55285818514923, 54.373120174713428, 0.0 ], [ 9.552705622775214, 54.373136574825146, 0.0 ], [ 9.552553126075903, 54.373153289002737, 0.0 ], [ 9.552400710682337, 54.37317033514973, 0.0 ], [ 9.5522483610776, 54.373187704349981, 0.0 ], [ 9.55209609265099, 54.373205396533344, 0.0 ], [ 9.55194076494792, 54.373224549496491, 0.0 ], [ 9.55194076494792, 54.373224549496491, 0.0 ] ], [ [ 9.557694975642985, 54.373096455250199, 0.0 ], [ 9.557391297823497, 54.3731312380622, 0.0 ], [ 9.557239249966189, 54.373147992039229, 0.0 ], [ 9.557087136029812, 54.373164422582292, 0.0 ], [ 9.556934956139258, 54.373180538678021, 0.0 ], [ 9.556782694661976, 54.373196322423432, 0.0 ], [ 9.556630367237281, 54.373211791720948, 0.0 ], [ 9.556477958354673, 54.373226937654458, 0.0 ], [ 9.556325498802732, 54.373241760081648, 0.0 ], [ 9.556172942528548, 54.373256268202105, 0.0 ], [ 9.556020335470759, 54.373270443828901, 0.0 ], [ 9.555867647090434, 54.37328430507737, 0.0 ], [ 9.555714892783636, 54.373297851876323, 0.0 ], [ 9.555562057039362, 54.373311075309552, 0.0 ], [ 9.555409155254425, 54.37332397530583, 0.0 ], [ 9.555256187432187, 54.373336551864917, 0.0 ], [ 9.555103153697473, 54.373348813973422, 0.0 ], [ 9.554950038539577, 54.373360752715058, 0.0 ], [ 9.554864260175853, 54.37336730366988, 0.0 ], [ 9.554796857476383, 54.373372377005502, 0.0 ], [ 9.554791736498863, 54.373372760053506, 0.0 ], [ 9.554643594875495, 54.373383668941614, 0.0 ], [ 9.554490266497433, 54.373394655412909, 0.0 ], [ 9.554336871982041, 54.373405309458519, 0.0 ], [ 9.554183396182443, 54.373415649122627, 0.0 ], [ 9.554029854373457, 54.373425665347384, 0.0 ], [ 9.553876246679955, 54.373435367119356, 0.0 ], [ 9.553722557591604, 54.373444745522121, 0.0 ], [ 9.553568817897622, 54.373453800414076, 0.0 ], [ 9.553414981544186, 54.373462540993692, 0.0 ], [ 9.553261094591811, 54.373470958061965, 0.0 ], [ 9.553107126258929, 54.373479051759887, 0.0 ], [ 9.552953076669816, 54.373486831073961, 0.0 ], [ 9.552798976372145, 54.373494277889037, 0.0 ], [ 9.55264479494587, 54.373501419306628, 0.0 ], [ 9.552490532032417, 54.373508228365743, 0.0 ], [ 9.552336218542036, 54.373514713912023, 0.0 ], [ 9.552181823813044, 54.37352088507302, 0.0 ], [ 9.552030426628191, 54.373525595344681, 0.0 ], [ 9.552030426628191, 54.373525595344681, 0.0 ] ], [ [ 9.55194076494792, 54.373224549496491, 0.0 ], [ 9.552030426628191, 54.373525595344681, 0.0 ] ], [ [ 9.55194076494792, 54.373224549496491, 0.0 ], [ 9.551631485230747, 54.373249538159321, 0.0 ], [ 9.551478894001072, 54.373262710365779, 0.0 ], [ 9.551326414760345, 54.373276205414541, 0.0 ], [ 9.551174062656795, 54.3732900052619, 0.0 ], [ 9.551021807021938, 54.373304119035858, 0.0 ], [ 9.550869694030926, 54.373318546525937, 0.0 ], [ 9.550717692774182, 54.373333278886335, 0.0 ], [ 9.550565803369087, 54.37334832510431, 0.0 ], [ 9.550414025812183, 54.373363685180365, 0.0 ], [ 9.550262375493046, 54.373379359044655, 0.0 ], [ 9.550110836895298, 54.373395337781012, 0.0 ], [ 9.549959425528455, 54.37341163030657, 0.0 ], [ 9.549808125996725, 54.373428236691922, 0.0 ], [ 9.549656938176469, 54.37344514795069, 0.0 ], [ 9.54950587757725, 54.37346237300001, 0.0 ], [ 9.549354928683309, 54.373479902923577, 0.0 ], [ 9.549204091610973, 54.373497746708743, 0.0 ], [ 9.549053381750319, 54.373515904285831, 0.0 ], [ 9.548902783584701, 54.373534366738504, 0.0 ], [ 9.548752312624222, 54.373553142983972, 0.0 ], [ 9.548601953352694, 54.373572224105963, 0.0 ], [ 9.548596866673932, 54.373572876357628, 0.0 ], [ 9.548536733382646, 54.373580600375661, 0.0 ], [ 9.548451705886654, 54.373591619091698, 0.0 ], [ 9.548301570222771, 54.37361132794161, 0.0 ], [ 9.548151561630917, 54.373631341599292, 0.0 ], [ 9.548001680228031, 54.373651669052137, 0.0 ], [ 9.547851895104982, 54.373672301453517, 0.0 ], [ 9.547702237164467, 54.373693247650912, 0.0 ], [ 9.547552706283115, 54.373714498657925, 0.0 ], [ 9.54740327191168, 54.3737360725885, 0.0 ], [ 9.547253979866342, 54.373757942272839, 0.0 ], [ 9.547104784324338, 54.373780134881571, 0.0 ], [ 9.546955715829089, 54.373802632301711, 0.0 ], [ 9.546806759104044, 54.37382544359037, 0.0 ], [ 9.546657929419423, 54.373848559691339, 0.0 ], [ 9.546509211618181, 54.373871998648625, 0.0 ], [ 9.546360605458094, 54.373895742488827, 0.0 ], [ 9.546212126328909, 54.373919791142683, 0.0 ], [ 9.546063759073315, 54.373944162654141, 0.0 ], [ 9.545915518842566, 54.373968838980169, 0.0 ], [ 9.545767390359975, 54.373993829177742, 0.0 ], [ 9.545619373621841, 54.374019133247266, 0.0 ], [ 9.54547148401852, 54.374044751119612, 0.0 ], [ 9.545323706153624, 54.374070682864776, 0.0 ], [ 9.545176550500845, 54.374097114912026, 0.0 ], [ 9.545176550500845, 54.374097114912026, 0.0 ] ], [ [ 9.552030426628191, 54.373525595344681, 0.0 ], [ 9.551738932005115, 54.37357751907961, 0.0 ], [ 9.551591258527923, 54.373602783976992, 0.0 ], [ 9.551443473019633, 54.373627743633008, 0.0 ], [ 9.551295559849574, 54.373652380143852, 0.0 ], [ 9.55114753465446, 54.373676711412486, 0.0 ], [ 9.550999397437719, 54.37370073743844, 0.0 ], [ 9.550851148082096, 54.373724449234516, 0.0 ], [ 9.550702771197551, 54.373747846870501, 0.0 ], [ 9.550554282300791, 54.373770939262542, 0.0 ], [ 9.550405681274604, 54.373793717423389, 0.0 ], [ 9.550256968122039, 54.373816181352588, 0.0 ], [ 9.5501081275738, 54.373838340106786, 0.0 ], [ 9.549959175025753, 54.3738601936154, 0.0 ], [ 9.549810110360895, 54.373881732891043, 0.0 ], [ 9.549660918189341, 54.373902958003491, 0.0 ], [ 9.549511629420795, 54.373923877798902, 0.0 ], [ 9.549362213272152, 54.373944492417081, 0.0 ], [ 9.549212685019743, 54.373964792800628, 0.0 ], [ 9.549063029273265, 54.37398477901916, 0.0 ], [ 9.548913277062715, 54.374004468905873, 0.0 ], [ 9.548763397244461, 54.374023835639825, 0.0 ], [ 9.548757895617555, 54.374024543710206, 0.0 ], [ 9.548697745704743, 54.374032222944962, 0.0 ], [ 9.548613405455328, 54.374042897124305, 0.0 ], [ 9.548463301698376, 54.374061653358837, 0.0 ], [ 9.548313070463625, 54.374080095426159, 0.0 ], [ 9.548162742660786, 54.374098232172706, 0.0 ], [ 9.548012287506149, 54.374116063738022, 0.0 ], [ 9.547861720157153, 54.37413357207793, 0.0 ], [ 9.547711025583043, 54.374150784222522, 0.0 ], [ 9.54756023433357, 54.37416768205788, 0.0 ], [ 9.54740931562606, 54.374184265723272, 0.0 ], [ 9.547258284976563, 54.37420054413527, 0.0 ], [ 9.547107126875398, 54.374216508376421, 0.0 ], [ 9.546955872231997, 54.374232167293492, 0.0 ], [ 9.546804490143341, 54.374247512038814, 0.0 ], [ 9.546652996125964, 54.374262551529021, 0.0 ], [ 9.546501374550514, 54.374277267859625, 0.0 ], [ 9.546349641171926, 54.374291687921108, 0.0 ], [ 9.546197811028847, 54.374305784682711, 0.0 ], [ 9.54604583818333, 54.374319576326833, 0.0 ], [ 9.545893768818544, 54.374333062643963, 0.0 ], [ 9.545741571912465, 54.37434622579925, 0.0 ], [ 9.545589263100901, 54.374359083696341, 0.0 ], [ 9.545436842267154, 54.374371627347905, 0.0 ], [ 9.545284198205891, 54.374383596621158, 0.0 ], [ 9.545284198205891, 54.374383596621158, 0.0 ] ], [ [ 9.545176550500845, 54.374097114912026, 0.0 ], [ 9.545284198205891, 54.374383596621158, 0.0 ] ], [ [ 9.545176550500845, 54.374097114912026, 0.0 ], [ 9.54486900071324, 54.374123336644161, 0.0 ], [ 9.544715472658172, 54.374137079714423, 0.0 ], [ 9.54456205665532, 54.374151154617799, 0.0 ], [ 9.544408767975318, 54.374165552298422, 0.0 ], [ 9.544255606614982, 54.374180272756703, 0.0 ], [ 9.54410255705821, 54.374195307075759, 0.0 ], [ 9.543949619539839, 54.374210673229747, 0.0 ], [ 9.543796824723886, 54.374226362093431, 0.0 ], [ 9.543644141701215, 54.374242364819217, 0.0 ], [ 9.543491570706363, 54.374258699381343, 0.0 ], [ 9.543339126891571, 54.374275347737054, 0.0 ], [ 9.543186810372076, 54.37429231887382, 0.0 ], [ 9.543034605869989, 54.374309621848248, 0.0 ], [ 9.542882528537783, 54.374327238617731, 0.0 ], [ 9.542730563097079, 54.37434517823889, 0.0 ], [ 9.542578724819849, 54.374363431656079, 0.0 ], [ 9.542426998546048, 54.374382016912712, 0.0 ], [ 9.54227539942835, 54.374400915966262, 0.0 ], [ 9.542126186842811, 54.374419858028638, 0.0 ], [ 9.542123927700942, 54.374420146791003, 0.0 ], [ 9.542122421527397, 54.374420333307938, 0.0 ], [ 9.541972567730056, 54.374439691482756, 0.0 ], [ 9.541821335023721, 54.374459558959792, 0.0 ], [ 9.541670214185332, 54.374479749291581, 0.0 ], [ 9.541519220605092, 54.374500262409583, 0.0 ], [ 9.541368354279706, 54.374521098314183, 0.0 ], [ 9.541217599693727, 54.374542248088069, 0.0 ], [ 9.541066972474114, 54.374563729636414, 0.0 ], [ 9.540916456987604, 54.374585525054925, 0.0 ], [ 9.540766068860647, 54.374607652248812, 0.0 ], [ 9.540615792460219, 54.374630093313719, 0.0 ], [ 9.540465643294123, 54.374652857168051, 0.0 ], [ 9.540315621359561, 54.374675943812242, 0.0 ], [ 9.540165711377687, 54.374699362302628, 0.0 ], [ 9.540015928502431, 54.374723094596902, 0.0 ], [ 9.539866272848604, 54.374747149682463, 0.0 ], [ 9.539716729137659, 54.374771536615519, 0.0 ], [ 9.539567312641312, 54.374796246340757, 0.0 ], [ 9.539418007844871, 54.374821269940618, 0.0 ], [ 9.539268830374747, 54.374846625320487, 0.0 ], [ 9.539119799273747, 54.374872591005484, 0.0 ], [ 9.539119799273747, 54.374872591005484, 0.0 ] ], [ [ 9.545284198205891, 54.374383596621158, 0.0 ], [ 9.544986077303685, 54.374434940793762, 0.0 ], [ 9.544836792550976, 54.374459971015973, 0.0 ], [ 9.544687364789988, 54.374484678151781, 0.0 ], [ 9.5445378248107, 54.374509062061662, 0.0 ], [ 9.5443881727348, 54.374533131732115, 0.0 ], [ 9.544238392934885, 54.374556869258399, 0.0 ], [ 9.544088485533111, 54.374580283626891, 0.0 ], [ 9.543938465926246, 54.374603374767737, 0.0 ], [ 9.543788318723934, 54.374626142749889, 0.0 ], [ 9.543638043929493, 54.374648587572864, 0.0 ], [ 9.543487657058821, 54.374670718153688, 0.0 ], [ 9.543337142484024, 54.374692516587551, 0.0 ], [ 9.543186515839404, 54.374714000778411, 0.0 ], [ 9.543035761616069, 54.374735161808225, 0.0 ], [ 9.542884895210943, 54.374755999607295, 0.0 ], [ 9.542733901115179, 54.374776505257508, 0.0 ], [ 9.542582779688235, 54.374796705719056, 0.0 ], [ 9.542431545970746, 54.374816573961603, 0.0 ], [ 9.542280184691545, 54.374836119040772, 0.0 ], [ 9.542278678621996, 54.374836314546577, 0.0 ], [ 9.542278678621996, 54.374836314546577, 0.0 ], [ 9.542128711365962, 54.374855349873819, 0.0 ], [ 9.541977110366672, 54.374874248555706, 0.0 ], [ 9.541825381934164, 54.374892833059654, 0.0 ], [ 9.541673541346615, 54.374911094329256, 0.0 ], [ 9.541521588607791, 54.374929032364051, 0.0 ], [ 9.541369492933997, 54.374946647301769, 0.0 ], [ 9.541217300509187, 54.37496393893467, 0.0 ], [ 9.541064965156181, 54.374980907469521, 0.0 ], [ 9.540912517665433, 54.374997552767745, 0.0 ], [ 9.540759958158606, 54.375013883815754, 0.0 ], [ 9.540607255615679, 54.37502988277739, 0.0 ], [ 9.540454456338983, 54.375045558431999, 0.0 ], [ 9.540301514151324, 54.375060910986136, 0.0 ], [ 9.540148459961214, 54.375075949288238, 0.0 ], [ 9.539995278142522, 54.375090655433006, 0.0 ], [ 9.539841984210309, 54.375105038337956, 0.0 ], [ 9.539688562774575, 54.375119098071551, 0.0 ], [ 9.539535029232292, 54.375132834564411, 0.0 ], [ 9.539381368075492, 54.375146238898033, 0.0 ], [ 9.539227406678295, 54.375159060196054, 0.0 ], [ 9.539227406678295, 54.375159060196054, 0.0 ] ], [ [ 9.539119799273747, 54.374872591005484, 0.0 ], [ 9.539227406678295, 54.375159060196054, 0.0 ] ], [ [ 9.539119799273747, 54.374872591005484, 0.0 ], [ 9.538812731497952, 54.374898732219272, 0.0 ], [ 9.538659429144447, 54.374912448592866, 0.0 ], [ 9.538506254072779, 54.374926487750216, 0.0 ], [ 9.538353206279194, 54.374940849691875, 0.0 ], [ 9.538200270367083, 54.374955534486965, 0.0 ], [ 9.538047461608787, 54.374970533080372, 0.0 ], [ 9.537894764842573, 54.374985863515008, 0.0 ], [ 9.537742195340542, 54.375001516735814, 0.0 ], [ 9.537589753099827, 54.375017492743247, 0.0 ], [ 9.537437422605644, 54.375033782619511, 0.0 ], [ 9.537285219482909, 54.375050404270233, 0.0 ], [ 9.537133128100239, 54.375067339790668, 0.0 ], [ 9.536981163964709, 54.375084598099633, 0.0 ], [ 9.536829327073139, 54.375102179197576, 0.0 ], [ 9.536677602028629, 54.375120083153512, 0.0 ], [ 9.536525988827584, 54.375138309967824, 0.0 ], [ 9.536374518136702, 54.375156850517165, 0.0 ], [ 9.536223144006378, 54.37517572298114, 0.0 ], [ 9.536073111205519, 54.375194760055244, 0.0 ], [ 9.536073111205519, 54.375194760055244, 0.0 ], [ 9.536071912379342, 54.37519490918114, 0.0 ], [ 9.535920792582257, 54.375214418241349, 0.0 ], [ 9.535769784611675, 54.375234250162173, 0.0 ], [ 9.535618903858158, 54.375254404875733, 0.0 ], [ 9.53546815020135, 54.375274873395583, 0.0 ], [ 9.535317508360938, 54.375295664777425, 0.0 ], [ 9.53516699384412, 54.375316787940257, 0.0 ], [ 9.535016591020414, 54.375338224979096, 0.0 ], [ 9.534866315396902, 54.375359984812931, 0.0 ], [ 9.534716151459769, 54.375382058523648, 0.0 ], [ 9.534566114833144, 54.375404464017201, 0.0 ], [ 9.534416205396443, 54.375427192307207, 0.0 ], [ 9.534266407636279, 54.375450234475409, 0.0 ], [ 9.534116737176463, 54.375473608427832, 0.0 ], [ 9.533967178386607, 54.375497296259354, 0.0 ], [ 9.533817746773726, 54.375521306889141, 0.0 ], [ 9.533668442451136, 54.375545649304556, 0.0 ], [ 9.533519249788871, 54.375570305600355, 0.0 ], [ 9.533370184293483, 54.375595284695848, 0.0 ], [ 9.533221246078448, 54.37562059557834, 0.0 ], [ 9.533072239099626, 54.375646553673974, 0.0 ], [ 9.533072239099626, 54.375646553673974, 0.0 ] ], [ [ 9.539227406678295, 54.375159060196054, 0.0 ], [ 9.538929764395531, 54.375210333314506, 0.0 ], [ 9.538780688138818, 54.375235319149759, 0.0 ], [ 9.538631515217473, 54.375259990672575, 0.0 ], [ 9.538482199218473, 54.375284330115001, 0.0 ], [ 9.53833277105038, 54.375308346325966, 0.0 ], [ 9.538183230834106, 54.375332048291924, 0.0 ], [ 9.538033562943657, 54.375355418107375, 0.0 ], [ 9.537883767618005, 54.375378473745599, 0.0 ], [ 9.537733844624912, 54.375401197232328, 0.0 ], [ 9.537583809596779, 54.375423606472289, 0.0 ], [ 9.537433662419366, 54.375445692478166, 0.0 ], [ 9.537283387702113, 54.375467455318052, 0.0 ], [ 9.537132985448526, 54.375488894991541, 0.0 ], [ 9.53698247105581, 54.375510011429554, 0.0 ], [ 9.53683182913311, 54.375530804700226, 0.0 ], [ 9.53668107507789, 54.375551274734597, 0.0 ], [ 9.536530193617159, 54.375571430587556, 0.0 ], [ 9.536379184636401, 54.375591263271744, 0.0 ], [ 9.536229262254064, 54.375610614603907, 0.0 ], [ 9.536229262254064, 54.375610614603907, 0.0 ], [ 9.536228063533409, 54.375610772718254, 0.0 ], [ 9.536076814917376, 54.37562995899507, 0.0 ], [ 9.535925454185433, 54.375648822033341, 0.0 ], [ 9.535773965947627, 54.375667361900973, 0.0 ], [ 9.535622365717636, 54.375685587516053, 0.0 ], [ 9.535470637988347, 54.375703489959569, 0.0 ], [ 9.535318782646247, 54.375721060244167, 0.0 ], [ 9.535166815322045, 54.375738316274827, 0.0 ], [ 9.535014720625973, 54.375755258119405, 0.0 ], [ 9.534862513720837, 54.375771867735367, 0.0 ], [ 9.534710179333212, 54.375788154177464, 0.0 ], [ 9.534557732860856, 54.375804117376937, 0.0 ], [ 9.534405159029493, 54.375819766388453, 0.0 ], [ 9.534252457609734, 54.375835083237739, 0.0 ], [ 9.534099644231624, 54.375850085829953, 0.0 ], [ 9.533946703388658, 54.375864765245879, 0.0 ], [ 9.533793634967489, 54.375879112498147, 0.0 ], [ 9.533640454598283, 54.375893145491986, 0.0 ], [ 9.533487162051802, 54.37590684625313, 0.0 ], [ 9.533333726776883, 54.375920232891069, 0.0 ], [ 9.533179806498412, 54.375933028308367, 0.0 ], [ 9.533179806498412, 54.375933028308367, 0.0 ] ], [ [ 9.533072239099626, 54.375646553673974, 0.0 ], [ 9.533179806498412, 54.375933028308367, 0.0 ] ], [ [ 9.533072239099626, 54.375646553673974, 0.0 ], [ 9.532768985018588, 54.375670730346577, 0.0 ], [ 9.532617404767491, 54.375683469777506, 0.0 ], [ 9.532465967155332, 54.375696531935063, 0.0 ], [ 9.532314625881025, 54.375709908036633, 0.0 ], [ 9.532163411728956, 54.375723597946795, 0.0 ], [ 9.532012309417789, 54.375737610720819, 0.0 ], [ 9.531861334222132, 54.375751937304344, 0.0 ], [ 9.531710455350884, 54.375766577833588, 0.0 ], [ 9.531559703704472, 54.375781541160109, 0.0 ], [ 9.531409079047318, 54.375796809310636, 0.0 ], [ 9.531258550820738, 54.375812400394977, 0.0 ], [ 9.531108149692683, 54.375828305291087, 0.0 ], [ 9.530957860266259, 54.375844524067261, 0.0 ], [ 9.530807682538159, 54.375861056723799, 0.0 ], [ 9.530657632014782, 54.375877912180385, 0.0 ], [ 9.53050769306711, 54.375895072531357, 0.0 ], [ 9.530357865923733, 54.375912555750965, 0.0 ], [ 9.530208150465592, 54.375930352852734, 0.0 ], [ 9.530058562082829, 54.37594846376944, 0.0 ], [ 9.529909085262862, 54.375966879582258, 0.0 ], [ 9.529851186280489, 54.375974108127878, 0.0 ], [ 9.529759720234265, 54.37598561826541, 0.0 ], [ 9.529666872503732, 54.375997430984476, 0.0 ], [ 9.529610466877273, 54.376004670832437, 0.0 ], [ 9.529461340583106, 54.37602403721619, 0.0 ], [ 9.529312310676199, 54.376043726539109, 0.0 ], [ 9.529163407709948, 54.376063720692748, 0.0 ], [ 9.529014631796487, 54.376084028664422, 0.0 ], [ 9.528865952144839, 54.376104650589632, 0.0 ], [ 9.52871739965518, 54.376125595320673, 0.0 ], [ 9.528568958699545, 54.376146844951698, 0.0 ], [ 9.528420629505231, 54.376168417456867, 0.0 ], [ 9.528272427232547, 54.376190294795443, 0.0 ], [ 9.528124336715003, 54.376212495009071, 0.0 ], [ 9.527976357833756, 54.376235009111255, 0.0 ], [ 9.527828490585893, 54.376257837102393, 0.0 ], [ 9.52768075036218, 54.376280978915624, 0.0 ], [ 9.52753312188076, 54.376304443605569, 0.0 ], [ 9.527385604907366, 54.376328213198896, 0.0 ], [ 9.527238199670018, 54.376352305669748, 0.0 ], [ 9.527090556134164, 54.376377037107211, 0.0 ], [ 9.527090556134164, 54.376377037107211, 0.0 ] ], [ [ 9.533179806498412, 54.375933028308367, 0.0 ], [ 9.532885959011075, 54.375983523764845, 0.0 ], [ 9.532738795818615, 54.376008134175549, 0.0 ], [ 9.532591520617117, 54.376032430341581, 0.0 ], [ 9.532444118015899, 54.376056412330492, 0.0 ], [ 9.532296603411568, 54.376080080073883, 0.0 ], [ 9.532148961297494, 54.376103424652335, 0.0 ], [ 9.53200120707076, 54.376126445997492, 0.0 ], [ 9.531853340966963, 54.376149162082747, 0.0 ], [ 9.531705347479411, 54.376171563988649, 0.0 ], [ 9.531557241888692, 54.376193642659949, 0.0 ], [ 9.531409008920251, 54.376215407150987, 0.0 ], [ 9.531260663971777, 54.376236857393494, 0.0 ], [ 9.531112191651802, 54.376257993454786, 0.0 ], [ 9.530963607242024, 54.376278806279785, 0.0 ], [ 9.53081491097757, 54.376299313841834, 0.0 ], [ 9.530666087235822, 54.376319498234466, 0.0 ], [ 9.530517136251422, 54.376339377430959, 0.0 ], [ 9.530368088584234, 54.376358933321733, 0.0 ], [ 9.530222371782006, 54.376377737420832, 0.0 ], [ 9.530222371782006, 54.376377737420832, 0.0 ], [ 9.530218913565465, 54.376378175028606, 0.0 ], [ 9.530069611198003, 54.376397102551152, 0.0 ], [ 9.529920196995162, 54.376415724808112, 0.0 ], [ 9.529770670728357, 54.37643402382529, 0.0 ], [ 9.529621017122908, 54.376452008656784, 0.0 ], [ 9.529471251576199, 54.376469679234475, 0.0 ], [ 9.529321358696972, 54.376487035625566, 0.0 ], [ 9.529171369277126, 54.376504077694484, 0.0 ], [ 9.529021237021864, 54.376520796656486, 0.0 ], [ 9.528870992953932, 54.376537210349866, 0.0 ], [ 9.528720636960999, 54.376553309787312, 0.0 ], [ 9.528570169046436, 54.376569094968382, 0.0 ], [ 9.52841957370385, 54.376584556973199, 0.0 ], [ 9.528268851167624, 54.376599713775065, 0.0 ], [ 9.528118031998313, 54.37661454726495, 0.0 ], [ 9.527967070132371, 54.376629066631459, 0.0 ], [ 9.527816011755535, 54.376643271672016, 0.0 ], [ 9.527664826082919, 54.376657162520893, 0.0 ], [ 9.527513513117848, 54.376670739177662, 0.0 ], [ 9.527362088257476, 54.37668400157451, 0.0 ], [ 9.527210516798942, 54.376696644290909, 0.0 ], [ 9.527210516798942, 54.376696644290909, 0.0 ] ], [ [ 9.527090556134164, 54.376377037107211, 0.0 ], [ 9.527210516798942, 54.376696644290909, 0.0 ] ], [ [ 9.527090556134164, 54.376377037107211, 0.0 ], [ 9.526783780287145, 54.376403389064066, 0.0 ], [ 9.526630623659269, 54.37641720633961, 0.0 ], [ 9.526477594338106, 54.376431355399021, 0.0 ], [ 9.526324692204852, 54.376445827255893, 0.0 ], [ 9.526171901862432, 54.376460621977849, 0.0 ], [ 9.526019238700652, 54.376475739498183, 0.0 ], [ 9.5258667027167, 54.376491179817407, 0.0 ], [ 9.52571427851286, 54.376506943003072, 0.0 ], [ 9.525561981479784, 54.376523028988572, 0.0 ], [ 9.525409796219988, 54.376539437841437, 0.0 ], [ 9.525257738123861, 54.376556169495011, 0.0 ], [ 9.525105807303239, 54.376573232936749, 0.0 ], [ 9.524953988130608, 54.376590610260315, 0.0 ], [ 9.524802296111451, 54.376608310385997, 0.0 ], [ 9.52465071596321, 54.376626342368219, 0.0 ], [ 9.524499262847014, 54.376644688166614, 0.0 ], [ 9.524347936874323, 54.37666335676861, 0.0 ], [ 9.524196722647645, 54.376682348241538, 0.0 ], [ 9.524119918285798, 54.376692127718051, 0.0 ], [ 9.524119918285798, 54.376692127718051, 0.0 ], [ 9.524045635671868, 54.376701671505899, 0.0 ], [ 9.523894675714905, 54.376721308588316, 0.0 ], [ 9.523743827493746, 54.376741268543064, 0.0 ], [ 9.523593106513562, 54.37676156029061, 0.0 ], [ 9.523442497147936, 54.376782165924439, 0.0 ], [ 9.523292015016388, 54.376803103352017, 0.0 ], [ 9.523141644492911, 54.376824354666773, 0.0 ], [ 9.52299141659093, 54.376845937709426, 0.0 ], [ 9.522841284896046, 54.3768678347069, 0.0 ], [ 9.522691295816108, 54.376890063433237, 0.0 ], [ 9.522541418444854, 54.376912615035444, 0.0 ], [ 9.522391668173672, 54.376935489447277, 0.0 ], [ 9.522242029604577, 54.376958686735861, 0.0 ], [ 9.522092518242497, 54.376982215821904, 0.0 ], [ 9.521943133856334, 54.377006058732064, 0.0 ], [ 9.521793861276409, 54.377030233507206, 0.0 ], [ 9.521644715779692, 54.377054731094276, 0.0 ], [ 9.521495682082772, 54.377079560547195, 0.0 ], [ 9.521346790742491, 54.377104703759564, 0.0 ], [ 9.521198046427465, 54.377130529195114, 0.0 ], [ 9.521198046427465, 54.377130529195114, 0.0 ] ], [ [ 9.527210516798942, 54.376696644290909, 0.0 ], [ 9.526912952083425, 54.376747581804324, 0.0 ], [ 9.526763922604449, 54.376772408764865, 0.0 ], [ 9.526614780925819, 54.376796903496782, 0.0 ], [ 9.526465511886693, 54.376821084040643, 0.0 ], [ 9.52631613076959, 54.376844941341886, 0.0 ], [ 9.526166622068734, 54.376868466480353, 0.0 ], [ 9.52601698601689, 54.376891677429349, 0.0 ], [ 9.525867237782208, 54.376914556147518, 0.0 ], [ 9.5257173620888, 54.376937111688385, 0.0 ], [ 9.525567374333614, 54.37695934398446, 0.0 ], [ 9.525417259126296, 54.376981253102301, 0.0 ], [ 9.525267016470172, 54.377002839041495, 0.0 ], [ 9.52511666176264, 54.37702410173452, 0.0 ], [ 9.524966179612703, 54.377045041247953, 0.0 ], [ 9.524815570024105, 54.377065657581298, 0.0 ], [ 9.524664848393943, 54.377085950667123, 0.0 ], [ 9.524513999331674, 54.377105920571964, 0.0 ], [ 9.524363038234878, 54.377125567228397, 0.0 ], [ 9.524286249512533, 54.377135427626982, 0.0 ], [ 9.524286249512533, 54.377135427626982, 0.0 ], [ 9.524211949712834, 54.377144890702922, 0.0 ], [ 9.524060733768401, 54.377163890995014, 0.0 ], [ 9.523909405685172, 54.377182559050475, 0.0 ], [ 9.523757950301368, 54.377200912909501, 0.0 ], [ 9.52360638289972, 54.37721894351786, 0.0 ], [ 9.523454672580902, 54.377236642021849, 0.0 ], [ 9.523302865760202, 54.377254026194421, 0.0 ], [ 9.523150916029273, 54.37727107826165, 0.0 ], [ 9.52299885440846, 54.37728781606328, 0.0 ], [ 9.522846680673229, 54.377304221625145, 0.0 ], [ 9.52269437954671, 54.377320304000385, 0.0 ], [ 9.522541951031934, 54.37733606318853, 0.0 ], [ 9.522389395133027, 54.377351499189054, 0.0 ], [ 9.522236727133228, 54.377366602947951, 0.0 ], [ 9.522083931755985, 54.377381383518333, 0.0 ], [ 9.521931024399315, 54.377395840833088, 0.0 ], [ 9.521777989671733, 54.377409974958354, 0.0 ], [ 9.521624827577398, 54.377423785893704, 0.0 ], [ 9.5214715533996, 54.377437264585126, 0.0 ], [ 9.521317963367474, 54.377450124315942, 0.0 ], [ 9.521317963367474, 54.377450124315942, 0.0 ] ], [ [ 9.521198046427465, 54.377130529195114, 0.0 ], [ 9.521317963367474, 54.377450124315942, 0.0 ] ], [ [ 9.521198046427465, 54.377130529195114, 0.0 ], [ 9.520891121953811, 54.377158035160384, 0.0 ], [ 9.520738028898787, 54.377172383918634, 0.0 ], [ 9.520585062874, 54.37718704649339, 0.0 ], [ 9.52043222410331, 54.377202040858926, 0.0 ], [ 9.520279497075384, 54.377217358095223, 0.0 ], [ 9.520126897180507, 54.377232998136371, 0.0 ], [ 9.519974424415983, 54.377248960982818, 0.0 ], [ 9.519822063496941, 54.377265255688307, 0.0 ], [ 9.519669829587462, 54.377281864213167, 0.0 ], [ 9.519517722797751, 54.377298795544739, 0.0 ], [ 9.519365743124386, 54.377316049683515, 0.0 ], [ 9.519213875055845, 54.377333617709375, 0.0 ], [ 9.519062134210484, 54.377351517530272, 0.0 ], [ 9.518910520470783, 54.377369740159807, 0.0 ], [ 9.518759018439528, 54.377388285664651, 0.0 ], [ 9.518607643394093, 54.377407144992155, 0.0 ], [ 9.51846724706269, 54.377424941369213, 0.0 ], [ 9.518456395444606, 54.377426327129712, 0.0 ], [ 9.518350739539176, 54.377439929730855, 0.0 ], [ 9.518305259306594, 54.377445841130843, 0.0 ], [ 9.518154250144473, 54.377465668956035, 0.0 ], [ 9.518003368067996, 54.377485819592657, 0.0 ], [ 9.517852597679374, 54.377506293107338, 0.0 ], [ 9.517701954256943, 54.377527080447464, 0.0 ], [ 9.517551438023245, 54.377548199587345, 0.0 ], [ 9.517401048748829, 54.377569632553637, 0.0 ], [ 9.517250771149135, 54.377591388399757, 0.0 ], [ 9.517100620728284, 54.377613476047046, 0.0 ], [ 9.516950581862035, 54.377635877588112, 0.0 ], [ 9.516800669942041, 54.377658592957445, 0.0 ], [ 9.516650885191057, 54.377681640129332, 0.0 ], [ 9.516501227492469, 54.377705010117353, 0.0 ], [ 9.516351681448398, 54.377728702987852, 0.0 ], [ 9.516202262337307, 54.377752709688473, 0.0 ], [ 9.516052970381779, 54.377777048193536, 0.0 ], [ 9.515903789958175, 54.377801700595491, 0.0 ], [ 9.515754736683434, 54.377826684802777, 0.0 ], [ 9.515605810328722, 54.377851982842046, 0.0 ], [ 9.51545699572152, 54.37787761275338, 0.0 ], [ 9.515308308028159, 54.377903556497628, 0.0 ], [ 9.51514389600468, 54.377933989006237, 0.0 ], [ 9.51514389600468, 54.377933989006237, 0.0 ] ], [ [ 9.521317963367474, 54.377450124315942, 0.0 ], [ 9.52102455533945, 54.377500840585036, 0.0 ], [ 9.520877566094612, 54.377525579552348, 0.0 ], [ 9.520730464926363, 54.3775500042643, 0.0 ], [ 9.520583220934748, 54.377574105866486, 0.0 ], [ 9.520435880420489, 54.377597893146017, 0.0 ], [ 9.520288397317017, 54.377621375288605, 0.0 ], [ 9.520140817583128, 54.377644534120833, 0.0 ], [ 9.519993095039011, 54.377667369841369, 0.0 ], [ 9.519845276098591, 54.377689900224524, 0.0 ], [ 9.519697329862472, 54.377712116415644, 0.0 ], [ 9.519549256219726, 54.377734009427364, 0.0 ], [ 9.519401070682397, 54.377755588179816, 0.0 ], [ 9.519252757972353, 54.377776861725792, 0.0 ], [ 9.519104333260129, 54.377797812024703, 0.0 ], [ 9.518955796662846, 54.37781844806311, 0.0 ], [ 9.518807132788721, 54.377838769906781, 0.0 ], [ 9.518658341641311, 54.377858777555204, 0.0 ], [ 9.518509438618516, 54.377878470941752, 0.0 ], [ 9.518360423836455, 54.37789785905295, 0.0 ], [ 9.518350494409971, 54.377899132992177, 0.0 ], [ 9.518286598735767, 54.377907334410551, 0.0 ], [ 9.518211281677441, 54.377916923980671, 0.0 ], [ 9.518062027652606, 54.377935674645244, 0.0 ], [ 9.517912646370723, 54.377954111112309, 0.0 ], [ 9.51776315322925, 54.377972233315361, 0.0 ], [ 9.517613532837183, 54.377990041319997, 0.0 ], [ 9.517463800592518, 54.378007535059737, 0.0 ], [ 9.517313956498249, 54.378024714534135, 0.0 ], [ 9.517163985162968, 54.378041579808794, 0.0 ], [ 9.517013886477029, 54.378058121896281, 0.0 ], [ 9.516863676064698, 54.378074358704026, 0.0 ], [ 9.516713353815806, 54.378090281244667, 0.0 ], [ 9.516562904339343, 54.378105889583708, 0.0 ], [ 9.516412342920253, 54.378121174667875, 0.0 ], [ 9.516261654392915, 54.378136154536413, 0.0 ], [ 9.51611085392965, 54.378150811149212, 0.0 ], [ 9.515959926364816, 54.378165162545443, 0.0 ], [ 9.515808886870948, 54.378179190685017, 0.0 ], [ 9.515657720169013, 54.378192904620249, 0.0 ], [ 9.51550644165739, 54.378206304284816, 0.0 ], [ 9.51537084232803, 54.378215313838751, 0.0 ], [ 9.51537084232803, 54.378215313838751, 0.0 ] ], [ [ 9.51514389600468, 54.377933989006237, 0.0 ], [ 9.51537084232803, 54.378215313838751, 0.0 ] ], [ [ 9.51514389600468, 54.377933989006237, 0.0 ], [ 9.514871298590695, 54.378041797225301, 0.0 ], [ 9.514743856007765, 54.378093578237667, 0.0 ], [ 9.514616755051005, 54.378145618291583, 0.0 ], [ 9.514490011001079, 54.378197908335572, 0.0 ], [ 9.514363608462787, 54.378250448436354, 0.0 ], [ 9.514237562942263, 54.378303247516321, 0.0 ], [ 9.514111858931175, 54.378356296655291, 0.0 ], [ 9.513986511823688, 54.378409595788689, 0.0 ], [ 9.513861506223543, 54.378463144983243, 0.0 ], [ 9.513736857637417, 54.378516953161331, 0.0 ], [ 9.513612565952009, 54.378571011337179, 0.0 ], [ 9.51348861577144, 54.378625319577353, 0.0 ], [ 9.513365007094984, 54.378679877882945, 0.0 ], [ 9.513241755316725, 54.378734686189475, 0.0 ], [ 9.513118845152546, 54.378789753550485, 0.0 ], [ 9.51299629188498, 54.378845070914586, 0.0 ], [ 9.51287408000608, 54.378900629361382, 0.0 ], [ 9.512752225133791, 54.378956446800331, 0.0 ], [ 9.5126307118729, 54.379012523297916, 0.0 ], [ 9.512509539997827, 54.379068840881345, 0.0 ], [ 9.512388725015175, 54.379125408473122, 0.0 ], [ 9.512302720272015, 54.37916593840594, 0.0 ], [ 9.512268267036461, 54.379182235061293, 0.0 ], [ 9.512213059990183, 54.379208416088005, 0.0 ], [ 9.512148150553537, 54.379239311725314, 0.0 ], [ 9.512028375453808, 54.379296629479313, 0.0 ], [ 9.511908957355606, 54.37935420623279, 0.0 ], [ 9.51178988086297, 54.379412042052103, 0.0 ], [ 9.511671145751517, 54.379470118964463, 0.0 ], [ 9.511552767527222, 54.379528445892483, 0.0 ], [ 9.511434746301854, 54.379587031824087, 0.0 ], [ 9.511317066567383, 54.379645867838718, 0.0 ], [ 9.511199728323088, 54.379704953937321, 0.0 ], [ 9.511082746963837, 54.379764290055682, 0.0 ], [ 9.510966122488878, 54.379823876194827, 0.0 ], [ 9.510849839614014, 54.3798837214079, 0.0 ], [ 9.510733898226986, 54.379943816708966, 0.0 ], [ 9.510618313722466, 54.380004162033813, 0.0 ], [ 9.510503086100039, 54.380064757383508, 0.0 ], [ 9.510388200075139, 54.380125611811081, 0.0 ], [ 9.510273670931287, 54.380186716265491, 0.0 ], [ 9.510159483272405, 54.380248070812819, 0.0 ], [ 9.510045652604925, 54.380309684375881, 0.0 ], [ 9.509932105852165, 54.380371871823264, 0.0 ], [ 9.509932105852165, 54.380371871823264, 0.0 ] ], [ [ 9.51537084232803, 54.378215313838751, 0.0 ], [ 9.515164225588562, 54.378332646066099, 0.0 ], [ 9.515052091477674, 54.37839348423396, 0.0 ], [ 9.514939599913475, 54.378454081162488, 0.0 ], [ 9.514826781573763, 54.378514427732298, 0.0 ], [ 9.514713605781777, 54.378574533060863, 0.0 ], [ 9.514600103215198, 54.378634388028864, 0.0 ], [ 9.514486243197377, 54.378694001753637, 0.0 ], [ 9.514372041011129, 54.378753365181602, 0.0 ], [ 9.514257512164537, 54.378812487233098, 0.0 ], [ 9.514142625755753, 54.378871359051516, 0.0 ], [ 9.514027397292923, 54.378929989557136, 0.0 ], [ 9.513911842058885, 54.378988369696522, 0.0 ], [ 9.513795929264248, 54.379046499599852, 0.0 ], [ 9.513679689812744, 54.379104388121895, 0.0 ], [ 9.513563092913863, 54.379162035392831, 0.0 ], [ 9.513446169246967, 54.379219432293645, 0.0 ], [ 9.513328903529366, 54.379276587875822, 0.0 ], [ 9.513211280366445, 54.379333502203856, 0.0 ], [ 9.513093330437457, 54.379390166158842, 0.0 ], [ 9.512975038347621, 54.379446579805318, 0.0 ], [ 9.512970400837348, 54.37944878346191, 0.0 ], [ 9.512925601773176, 54.379470040400989, 0.0 ], [ 9.512856404209987, 54.379502752129135, 0.0 ], [ 9.512737428025108, 54.37955868312936, 0.0 ], [ 9.512618109681874, 54.379614363818035, 0.0 ], [ 9.512498449292487, 54.379669803181059, 0.0 ], [ 9.512378446746256, 54.379724992230535, 0.0 ], [ 9.512258117551228, 54.379779939886959, 0.0 ], [ 9.512137430916932, 54.379834646280116, 0.0 ], [ 9.512016402128063, 54.379889102356628, 0.0 ], [ 9.511895046580939, 54.379943308050173, 0.0 ], [ 9.511773333708879, 54.379997281464249, 0.0 ], [ 9.511651293968043, 54.380050995506387, 0.0 ], [ 9.511528896792305, 54.380104468280031, 0.0 ], [ 9.511406172973521, 54.380157699653587, 0.0 ], [ 9.511283091609279, 54.380210680769601, 0.0 ], [ 9.51115968360368, 54.380263420483452, 0.0 ], [ 9.51103591805459, 54.380315909937678, 0.0 ], [ 9.510911825754221, 54.380368149000716, 0.0 ], [ 9.510787376024126, 54.380420146788943, 0.0 ], [ 9.510662599655735, 54.380471903170864, 0.0 ], [ 9.51053746563608, 54.380523400301954, 0.0 ], [ 9.510411989585045, 54.380574656089799, 0.0 ], [ 9.510285661325206, 54.380625501930901, 0.0 ], [ 9.510285661325206, 54.380625501930901, 0.0 ] ], [ [ 9.509932105852165, 54.380371871823264, 0.0 ], [ 9.510285661325206, 54.380625501930901, 0.0 ] ], [ [ 9.509932105852165, 54.380371871823264, 0.0 ], [ 9.509678564572685, 54.380475489411417, 0.0 ], [ 9.509552531319967, 54.380527825145712, 0.0 ], [ 9.509426854965518, 54.38058041088717, 0.0 ], [ 9.509301520112693, 54.380633246701947, 0.0 ], [ 9.50917652676047, 54.380686332591075, 0.0 ], [ 9.509051905810667, 54.380739677412578, 0.0 ], [ 9.508927626359675, 54.380793272310626, 0.0 ], [ 9.50880368840652, 54.380847117286251, 0.0 ], [ 9.508680107346022, 54.38090121227561, 0.0 ], [ 9.508556883288723, 54.380955566266621, 0.0 ], [ 9.508434016011199, 54.381010161286639, 0.0 ], [ 9.508311474943389, 54.381065015440285, 0.0 ], [ 9.508189306160999, 54.38112011954707, 0.0 ], [ 9.508067478870963, 54.381175473737805, 0.0 ], [ 9.507946008468936, 54.381231077948669, 0.0 ], [ 9.507824879557999, 54.38128693224558, 0.0 ], [ 9.507704092137349, 54.381343036629509, 0.0 ], [ 9.507583677109302, 54.381399399958887, 0.0 ], [ 9.507463588062869, 54.381456004455231, 0.0 ], [ 9.507403843971026, 54.381484332356742, 0.0 ], [ 9.507403843971026, 54.381484332356742, 0.0 ], [ 9.507343871407281, 54.381512867899161, 0.0 ], [ 9.507224496239132, 54.381569981434254, 0.0 ], [ 9.507105462557623, 54.381627345061609, 0.0 ], [ 9.506986785757704, 54.381684958717422, 0.0 ], [ 9.506868465839236, 54.381742822402813, 0.0 ], [ 9.506750487515987, 54.381800945170397, 0.0 ], [ 9.506632866072659, 54.381859317969599, 0.0 ], [ 9.506515586001766, 54.381917931879165, 0.0 ], [ 9.506398662920038, 54.381976804809312, 0.0 ], [ 9.506282081320235, 54.382035927838757, 0.0 ], [ 9.506165856708517, 54.382095309890779, 0.0 ], [ 9.506049988863046, 54.382154932992613, 0.0 ], [ 9.505934462608337, 54.382214815183644, 0.0 ], [ 9.505819293228946, 54.382274947413414, 0.0 ], [ 9.505704480724924, 54.382335329682917, 0.0 ], [ 9.505590025206095, 54.382395970980092, 0.0 ], [ 9.50547591116492, 54.382456862383506, 0.0 ], [ 9.505362138601022, 54.382518003894148, 0.0 ], [ 9.50524873841707, 54.382579404370944, 0.0 ], [ 9.505135679709312, 54.382641054956927, 0.0 ], [ 9.50502378246637, 54.382703275766367, 0.0 ], [ 9.50502378246637, 54.382703275766367, 0.0 ] ], [ [ 9.510285661325206, 54.380625501930901, 0.0 ], [ 9.510060237355898, 54.380749285921162, 0.0 ], [ 9.50994684907025, 54.380810690802413, 0.0 ], [ 9.509833087714673, 54.380871836518153, 0.0 ], [ 9.509718984192457, 54.380932731924148, 0.0 ], [ 9.509604538504146, 54.380993377019458, 0.0 ], [ 9.509489735143287, 54.381053762881209, 0.0 ], [ 9.509374574221843, 54.3811138984953, 0.0 ], [ 9.509259055739934, 54.381173783860739, 0.0 ], [ 9.509143195094342, 54.381233418911478, 0.0 ], [ 9.50902699228568, 54.381292803646581, 0.0 ], [ 9.508910416411274, 54.38135192920803, 0.0 ], [ 9.508793498375137, 54.381410804451825, 0.0 ], [ 9.50867623828864, 54.381469438363851, 0.0 ], [ 9.508558620534451, 54.381527813034232, 0.0 ], [ 9.508440660509127, 54.381585928397016, 0.0 ], [ 9.508322327643564, 54.38164380255477, 0.0 ], [ 9.508203668015433, 54.381701426324959, 0.0 ], [ 9.508084650722376, 54.381758790849361, 0.0 ], [ 9.507965275875689, 54.381815905113839, 0.0 ], [ 9.507905609479124, 54.381844304833528, 0.0 ], [ 9.507905609479124, 54.381844304833528, 0.0 ], [ 9.507845543476567, 54.381872769117344, 0.0 ], [ 9.50772546892158, 54.381929382794041, 0.0 ], [ 9.507605052211726, 54.381985746142902, 0.0 ], [ 9.50748427795134, 54.382041859227677, 0.0 ], [ 9.50736314603037, 54.382097713060325, 0.0 ], [ 9.507241672067796, 54.38215332554897, 0.0 ], [ 9.507119840445826, 54.382208678783421, 0.0 ], [ 9.506997666673163, 54.382263781684813, 0.0 ], [ 9.506875135353756, 54.382318634316825, 0.0 ], [ 9.506752246377753, 54.382373227691417, 0.0 ], [ 9.506629015364091, 54.382427579716726, 0.0 ], [ 9.506505426695782, 54.38248167248247, 0.0 ], [ 9.5063814958803, 54.382535514909847, 0.0 ], [ 9.506257192015745, 54.382589098140159, 0.0 ], [ 9.506132561513109, 54.382642439952306, 0.0 ], [ 9.50600755796278, 54.382695522565143, 0.0 ], [ 9.505882212269483, 54.382748354835321, 0.0 ], [ 9.505756508926961, 54.382800927839405, 0.0 ], [ 9.505630448046372, 54.382853250563215, 0.0 ], [ 9.505504045025873, 54.382905322941156, 0.0 ], [ 9.505377172494182, 54.382956803984982, 0.0 ], [ 9.505377172494182, 54.382956803984982, 0.0 ] ], [ [ 9.50502378246637, 54.382703275766367, 0.0 ], [ 9.505377172494182, 54.382956803984982, 0.0 ] ], [ [ 9.50502378246637, 54.382703275766367, 0.0 ], [ 9.504769836689391, 54.38280496134486, 0.0 ], [ 9.504643391336201, 54.382856170208328, 0.0 ], [ 9.50451727197377, 54.382907620234427, 0.0 ], [ 9.504391494108614, 54.382959320346743, 0.0 ], [ 9.504266057629236, 54.383011261559396, 0.0 ], [ 9.504140947137786, 54.3830634439378, 0.0 ], [ 9.504016178030396, 54.383115867418596, 0.0 ], [ 9.503891750306137, 54.383168532002891, 0.0 ], [ 9.503767664074022, 54.38322144667864, 0.0 ], [ 9.503643919113125, 54.383274593473068, 0.0 ], [ 9.503520500246092, 54.383327990425286, 0.0 ], [ 9.503397422648563, 54.383381619498188, 0.0 ], [ 9.503274686539807, 54.383435498666707, 0.0 ], [ 9.503152276302163, 54.383489610022217, 0.0 ], [ 9.503030207551943, 54.383543971475376, 0.0 ], [ 9.502908464780811, 54.383598574104475, 0.0 ], [ 9.502787078672268, 54.383653408795212, 0.0 ], [ 9.502666003254724, 54.383708493714984, 0.0 ], [ 9.502545284608102, 54.383763819685356, 0.0 ], [ 9.50242489193767, 54.383819386835661, 0.0 ], [ 9.502304840530101, 54.383875186115816, 0.0 ], [ 9.502185115207139, 54.383931235564852, 0.0 ], [ 9.50206573114553, 54.383987517145698, 0.0 ], [ 9.502008459806543, 54.384014672687478, 0.0 ], [ 9.502005474517665, 54.384016087141504, 0.0 ], [ 9.501946688563979, 54.384044048833289, 0.0 ], [ 9.501827971955397, 54.384100821705708, 0.0 ], [ 9.501709596605833, 54.384157826712979, 0.0 ], [ 9.501591562734282, 54.384215081829929, 0.0 ], [ 9.50147385472391, 54.384272569147718, 0.0 ], [ 9.501356488189961, 54.384330306577191, 0.0 ], [ 9.501239447515855, 54.384388276209393, 0.0 ], [ 9.501122763604741, 54.384446486904331, 0.0 ], [ 9.501006390374092, 54.384504947841783, 0.0 ], [ 9.500890373795668, 54.38456364085696, 0.0 ], [ 9.500774683293692, 54.384622584052615, 0.0 ], [ 9.500659334045753, 54.384681759391853, 0.0 ], [ 9.500544310872623, 54.384741184913516, 0.0 ], [ 9.500429629062019, 54.384800851567604, 0.0 ], [ 9.500315288503774, 54.384860750368233, 0.0 ], [ 9.500201289416244, 54.384920899290201, 0.0 ], [ 9.500087616292333, 54.384981289411357, 0.0 ], [ 9.499974284528381, 54.385041920668826, 0.0 ], [ 9.499861294124434, 54.385102793063531, 0.0 ], [ 9.499748645189097, 54.385163915583348, 0.0 ], [ 9.499636322105715, 54.385225270319189, 0.0 ], [ 9.499524340490195, 54.385286875182025, 0.0 ], [ 9.499412700232478, 54.385348721185878, 0.0 ], [ 9.499301401332259, 54.385410808331685, 0.0 ], [ 9.499190073484266, 54.385473075240967, 0.0 ], [ 9.499190073484266, 54.385473075240967, 0.0 ] ], [ [ 9.505377172494182, 54.382956803984982, 0.0 ], [ 9.50515522682727, 54.383081444906217, 0.0 ], [ 9.505043601032476, 54.383143296107647, 0.0 ], [ 9.504931633194285, 54.383204905976754, 0.0 ], [ 9.504819338709568, 54.383266274448161, 0.0 ], [ 9.504706702182007, 54.383327401585355, 0.0 ], [ 9.504593723502159, 54.383388278400489, 0.0 ], [ 9.504480402890858, 54.383448922866464, 0.0 ], [ 9.504366755524844, 54.383509316944092, 0.0 ], [ 9.504252766118046, 54.383569469683742, 0.0 ], [ 9.504138434671187, 54.383629381084418, 0.0 ], [ 9.504023761184543, 54.383689051145218, 0.0 ], [ 9.503908761055664, 54.383748479800815, 0.0 ], [ 9.50379341877797, 54.383807658127644, 0.0 ], [ 9.503677734572438, 54.383866604098628, 0.0 ], [ 9.503561723726344, 54.383925308661574, 0.0 ], [ 9.503445370733273, 54.383983762892875, 0.0 ], [ 9.503328675813968, 54.384041984765375, 0.0 ], [ 9.503211638858946, 54.38409996529122, 0.0 ], [ 9.503094275155807, 54.384157695418239, 0.0 ], [ 9.502976584925294, 54.384215193119346, 0.0 ], [ 9.502858537263934, 54.384272449535011, 0.0 ], [ 9.502740162856627, 54.384329455548965, 0.0 ], [ 9.502621461923775, 54.384386229134087, 0.0 ], [ 9.502564268044587, 54.384413438538907, 0.0 ], [ 9.502561282745939, 54.384414853006582, 0.0 ], [ 9.502502418958894, 54.384442761366628, 0.0 ], [ 9.502383033853183, 54.384499043258685, 0.0 ], [ 9.502263306827096, 54.384555092783081, 0.0 ], [ 9.502143253168047, 54.384610900887779, 0.0 ], [ 9.502022857480171, 54.384666467635874, 0.0 ], [ 9.501902135051537, 54.384721783975394, 0.0 ], [ 9.501781070705134, 54.384776867943238, 0.0 ], [ 9.501659664331855, 54.38483171055146, 0.0 ], [ 9.501537931330095, 54.384886311735052, 0.0 ], [ 9.501415856193365, 54.384940662570074, 0.0 ], [ 9.501293439141618, 54.384994781029334, 0.0 ], [ 9.501170695464005, 54.385048658060896, 0.0 ], [ 9.501047609653687, 54.385102284740839, 0.0 ], [ 9.500924181931129, 54.385155679041944, 0.0 ], [ 9.500800412077853, 54.38520882298932, 0.0 ], [ 9.500676315711328, 54.385261734491891, 0.0 ], [ 9.500551877215871, 54.385314395638645, 0.0 ], [ 9.500427096701985, 54.385366815415516, 0.0 ], [ 9.500301989567928, 54.385418993757497, 0.0 ], [ 9.5001765403078, 54.385470921740591, 0.0 ], [ 9.500050733743718, 54.385522617401328, 0.0 ], [ 9.499924615850556, 54.385574062573419, 0.0 ], [ 9.499798140545911, 54.385625266434111, 0.0 ], [ 9.499671323228315, 54.385676228918534, 0.0 ], [ 9.49954368460577, 54.385726790237406, 0.0 ], [ 9.49954368460577, 54.385726790237406, 0.0 ] ], [ [ 9.499190073484266, 54.385473075240967, 0.0 ], [ 9.49954368460577, 54.385726790237406, 0.0 ] ], [ [ 9.499190073484266, 54.385473075240967, 0.0 ], [ 9.49894107075839, 54.385576094078708, 0.0 ], [ 9.498817531868459, 54.385628282364777, 0.0 ], [ 9.498694334574326, 54.385680729745317, 0.0 ], [ 9.498571478657533, 54.385733418247511, 0.0 ], [ 9.498448979732792, 54.385786365782657, 0.0 ], [ 9.498326837690191, 54.385839563364925, 0.0 ], [ 9.498205037131285, 54.385893011058933, 0.0 ], [ 9.498083593452426, 54.385946708802152, 0.0 ], [ 9.497962491255727, 54.386000656659228, 0.0 ], [ 9.497841730539932, 54.38605485463119, 0.0 ], [ 9.49772134209989, 54.386109302591997, 0.0 ], [ 9.497601279850334, 54.38616400972019, 0.0 ], [ 9.497481589766325, 54.386218957852449, 0.0 ], [ 9.497362241268664, 54.386274165090619, 0.0 ], [ 9.49724323413955, 54.386329613461932, 0.0 ], [ 9.497124583993029, 54.386385320877743, 0.0 ], [ 9.497006290611376, 54.386441269365271, 0.0 ], [ 9.497006290611376, 54.386441269365271, 0.0 ], [ 9.497006275322136, 54.386441278415617, 0.0 ], [ 9.496888323524137, 54.386497486013162, 0.0 ], [ 9.496770713199858, 54.386553943734782, 0.0 ], [ 9.496653459638468, 54.386610642531188, 0.0 ], [ 9.496536547658279, 54.386667600440632, 0.0 ], [ 9.496419992548159, 54.386724808413767, 0.0 ], [ 9.496303779017961, 54.386782275501965, 0.0 ], [ 9.496187922247863, 54.386839983668985, 0.0 ], [ 9.496072406947901, 54.386897941966104, 0.0 ], [ 9.495957248623514, 54.386956159317897, 0.0 ], [ 9.495842431659627, 54.387014617814835, 0.0 ], [ 9.495727971670496, 54.387073335368484, 0.0 ], [ 9.495613868546977, 54.387132302992896, 0.0 ], [ 9.495500106890603, 54.387191520752324, 0.0 ], [ 9.495386702098514, 54.387250988584498, 0.0 ], [ 9.495273638772447, 54.387310706553649, 0.0 ], [ 9.495160932418209, 54.387370683584436, 0.0 ], [ 9.495048567420483, 54.38743090176721, 0.0 ], [ 9.494937612864288, 54.387491904946891, 0.0 ], [ 9.494937612864288, 54.387491904946891, 0.0 ] ], [ [ 9.49954368460577, 54.385726790237406, 0.0 ], [ 9.499319675126172, 54.385847735041686, 0.0 ], [ 9.499206978690513, 54.385907715842364, 0.0 ], [ 9.499093924613355, 54.385967437382185, 0.0 ], [ 9.498980528511257, 54.38602691757027, 0.0 ], [ 9.498866774768699, 54.386086138495529, 0.0 ], [ 9.498752678893121, 54.386145109080154, 0.0 ], [ 9.498638225378214, 54.386203820399977, 0.0 ], [ 9.498523414443072, 54.386262290427787, 0.0 ], [ 9.49840826137631, 54.38632051011205, 0.0 ], [ 9.498292766070218, 54.386378470464855, 0.0 ], [ 9.498176913345494, 54.386436189522705, 0.0 ], [ 9.498060702984167, 54.38649364931068, 0.0 ], [ 9.497944150494439, 54.386550858751143, 0.0 ], [ 9.497827255876768, 54.386607817843093, 0.0 ], [ 9.497709988335863, 54.3866645267126, 0.0 ], [ 9.497592394175337, 54.386720994154977, 0.0 ], [ 9.497474457562147, 54.386777184285094, 0.0 ], [ 9.497474457562147, 54.386777184285094, 0.0 ], [ 9.497474442381922, 54.386777202322442, 0.0 ], [ 9.497356132956371, 54.386833151213906, 0.0 ], [ 9.49723748151524, 54.386888858738757, 0.0 ], [ 9.497118472552472, 54.386944315972492, 0.0 ], [ 9.496999121466642, 54.38699952285063, 0.0 ], [ 9.496879428150034, 54.387054470385216, 0.0 ], [ 9.496759377422695, 54.387109176612555, 0.0 ], [ 9.496638969067874, 54.38716362355764, 0.0 ], [ 9.496518218702024, 54.387217829129931, 0.0 ], [ 9.496397110710213, 54.38727177541795, 0.0 ], [ 9.496275660600419, 54.387325471344155, 0.0 ], [ 9.496153852975102, 54.38737891697086, 0.0 ], [ 9.496031687835305, 54.387432112297013, 0.0 ], [ 9.495909195869432, 54.387485048208006, 0.0 ], [ 9.495786331101026, 54.387537742866542, 0.0 ], [ 9.495663124110443, 54.387590178171081, 0.0 ], [ 9.495539559608623, 54.387642363170791, 0.0 ], [ 9.495415637596622, 54.387694297864527, 0.0 ], [ 9.495291215373728, 54.387745641316869, 0.0 ], [ 9.495291215373728, 54.387745641316869, 0.0 ] ], [ [ 9.494937612864288, 54.387491904946891, 0.0 ], [ 9.495291215373728, 54.387745641316869, 0.0 ] ], [ [ 9.494937612864288, 54.387491904946891, 0.0 ], [ 9.494682101691025, 54.387595984157485, 0.0 ], [ 9.494554856685129, 54.387648264124486, 0.0 ], [ 9.49442795314731, 54.387700794203369, 0.0 ], [ 9.494301391076458, 54.387753574395198, 0.0 ], [ 9.494175185870338, 54.387806604638023, 0.0 ], [ 9.494049322021324, 54.387859876009038, 0.0 ], [ 9.493923815035194, 54.387913397433167, 0.0 ], [ 9.493798634114135, 54.38796716903763, 0.0 ], [ 9.493673809945797, 54.38802118171045, 0.0 ], [ 9.49354934263776, 54.388075444439671, 0.0 ], [ 9.493425216790479, 54.388129957289408, 0.0 ], [ 9.493301416896612, 54.388184711336642, 0.0 ], [ 9.493177989258871, 54.388239715380543, 0.0 ], [ 9.493054887680747, 54.388294969611039, 0.0 ], [ 9.492932142850949, 54.388350464916321, 0.0 ], [ 9.492809724078676, 54.388406210410238, 0.0 ], [ 9.492687662053422, 54.388462196981052, 0.0 ], [ 9.492565956881629, 54.388518433616774, 0.0 ], [ 9.492444577765101, 54.388574920444206, 0.0 ], [ 9.492323555393126, 54.388631648351705, 0.0 ], [ 9.492202858967644, 54.388688617465959, 0.0 ], [ 9.492173106768098, 54.38870273218113, 0.0 ], [ 9.492095519345751, 54.388739636263068, 0.0 ], [ 9.492082519392712, 54.388745836649292, 0.0 ], [ 9.491962521268738, 54.388803305965595, 0.0 ], [ 9.491842879886653, 54.388861016366079, 0.0 ], [ 9.491723564448161, 54.388918967977382, 0.0 ], [ 9.491604605964795, 54.38897717864878, 0.0 ], [ 9.491485988715079, 54.389035621483337, 0.0 ], [ 9.491367713020567, 54.389094323442812, 0.0 ], [ 9.491249778558247, 54.389153257567393, 0.0 ], [ 9.49113218564972, 54.389212450818881, 0.0 ], [ 9.491014949478688, 54.389271885161762, 0.0 ], [ 9.490898054645374, 54.389331560659677, 0.0 ], [ 9.490781501256981, 54.389391486300561, 0.0 ], [ 9.490665289205038, 54.389451653098469, 0.0 ], [ 9.490549418703795, 54.389512079028258, 0.0 ], [ 9.490433904829983, 54.38957273706751, 0.0 ], [ 9.490318732505791, 54.38963365424059, 0.0 ], [ 9.490203901516228, 54.389694812574611, 0.0 ], [ 9.490089411860579, 54.389756212070559, 0.0 ], [ 9.489975279044947, 54.389817861653825, 0.0 ], [ 9.489861487669675, 54.38987976138786, 0.0 ], [ 9.489748037733783, 54.389941911273674, 0.0 ], [ 9.489634929130231, 54.390004302325281, 0.0 ], [ 9.489522177364931, 54.390066943468106, 0.0 ], [ 9.489409767037674, 54.390129834765553, 0.0 ], [ 9.489297713547582, 54.390192976156172, 0.0 ], [ 9.489187041490222, 54.390257055513857, 0.0 ], [ 9.489187041490222, 54.390257055513857, 0.0 ] ], [ [ 9.495291215373728, 54.387745641316869, 0.0 ], [ 9.495066936342905, 54.387871720028777, 0.0 ], [ 9.49495409016113, 54.387934303769583, 0.0 ], [ 9.494840917345476, 54.387996646084204, 0.0 ], [ 9.49472737148441, 54.388058729187314, 0.0 ], [ 9.494613498990709, 54.388120570862341, 0.0 ], [ 9.494499268959473, 54.388182162247674, 0.0 ], [ 9.494384681391168, 54.388243503342316, 0.0 ], [ 9.49426976708339, 54.388304594019054, 0.0 ], [ 9.494154495347637, 54.388365443390065, 0.0 ], [ 9.494038881475021, 54.388426042404319, 0.0 ], [ 9.493922910067528, 54.388486391123891, 0.0 ], [ 9.493806612030836, 54.388546498408644, 0.0 ], [ 9.493689956460091, 54.388606355396732, 0.0 ], [ 9.493572958862769, 54.388665971011051, 0.0 ], [ 9.493455603624806, 54.388725327339721, 0.0 ], [ 9.493337921760169, 54.388784442229671, 0.0 ], [ 9.493219882471861, 54.388843315805808, 0.0 ], [ 9.493101501051427, 54.388901939017288, 0.0 ], [ 9.492982777499551, 54.38896031186303, 0.0 ], [ 9.492863711924684, 54.389018443329014, 0.0 ], [ 9.492744288820909, 54.389076324490226, 0.0 ], [ 9.492624539094447, 54.389133964206685, 0.0 ], [ 9.492504431840038, 54.389191353616312, 0.0 ], [ 9.492497510614561, 54.389194644285702, 0.0 ], [ 9.492452736968572, 54.389215929397416, 0.0 ], [ 9.492383982565531, 54.389248501642108, 0.0 ], [ 9.49226319116393, 54.389305399296077, 0.0 ], [ 9.492142057635668, 54.389362046577226, 0.0 ], [ 9.492020582089323, 54.389418452471503, 0.0 ], [ 9.491898749018983, 54.389474608053696, 0.0 ], [ 9.49177657393191, 54.389530522246893, 0.0 ], [ 9.491654072120369, 54.3895861860004, 0.0 ], [ 9.491531212894937, 54.389641608425585, 0.0 ], [ 9.491407996148478, 54.389696780534493, 0.0 ], [ 9.491284452680125, 54.38975170220057, 0.0 ], [ 9.491160567199376, 54.389806382472457, 0.0 ], [ 9.491036324200048, 54.389860812424864, 0.0 ], [ 9.490911739189501, 54.389915000980963, 0.0 ], [ 9.490786812061666, 54.389968939152752, 0.0 ], [ 9.490661527417879, 54.390022627001791, 0.0 ], [ 9.490535916165127, 54.390076073388734, 0.0 ], [ 9.490409947398156, 54.390129269450775, 0.0 ], [ 9.490283636517336, 54.390182215124234, 0.0 ], [ 9.49015696812438, 54.390234910470603, 0.0 ], [ 9.490029957726572, 54.390287364413169, 0.0 ], [ 9.489902605217777, 54.390339567963906, 0.0 ], [ 9.489774910706318, 54.390391530108687, 0.0 ], [ 9.489646858579166, 54.39044323293502, 0.0 ], [ 9.489517394930331, 54.390494114513764, 0.0 ], [ 9.489517394930331, 54.390494114513764, 0.0 ] ], [ [ 9.489187041490222, 54.390257055513857, 0.0 ], [ 9.489517394930331, 54.390494114513764, 0.0 ] ], [ [ 9.489187041490222, 54.390257055513857, 0.0 ], [ 9.488932619931553, 54.390357001815403, 0.0 ], [ 9.488806357139421, 54.390407734849134, 0.0 ], [ 9.488680435815299, 54.390458718012958, 0.0 ], [ 9.488554855958457, 54.390509951307983, 0.0 ], [ 9.488429617567897, 54.390561434735247, 0.0 ], [ 9.48830473604203, 54.390613168233514, 0.0 ], [ 9.488180195980458, 54.390665151866152, 0.0 ], [ 9.488056012781945, 54.390717385571961, 0.0 ], [ 9.487932155646087, 54.390769869476578, 0.0 ], [ 9.487808655264383, 54.390822594469547, 0.0 ], [ 9.487685496343447, 54.390875569601107, 0.0 ], [ 9.487562678882304, 54.390928794872359, 0.0 ], [ 9.48744020287994, 54.390982270284297, 0.0 ], [ 9.487318083734859, 54.391035995775752, 0.0 ], [ 9.487196306046998, 54.391089971409997, 0.0 ], [ 9.487074854309043, 54.391144188263333, 0.0 ], [ 9.486953759426173, 54.391198655199297, 0.0 ], [ 9.4868330059979, 54.391253372281128, 0.0 ], [ 9.486712609316541, 54.391308330460831, 0.0 ], [ 9.486592538688475, 54.391363538850541, 0.0 ], [ 9.48647282491244, 54.391418997327079, 0.0 ], [ 9.486353437187889, 54.391474706015678, 0.0 ], [ 9.486234406313612, 54.391530664793109, 0.0 ], [ 9.48621584444107, 54.391539421393674, 0.0 ], [ 9.486138121945665, 54.391576223292745, 0.0 ], [ 9.486115716782955, 54.391586864735615, 0.0 ], [ 9.485997368701442, 54.391643314831079, 0.0 ], [ 9.485879377468443, 54.391700015018493, 0.0 ], [ 9.48576171217665, 54.391756956435977, 0.0 ], [ 9.485644403732017, 54.391814147947429, 0.0 ], [ 9.485527421333847, 54.391871589677841, 0.0 ], [ 9.485410795781023, 54.391929281504218, 0.0 ], [ 9.485294511567357, 54.391987214502635, 0.0 ], [ 9.485178568903962, 54.392045406647895, 0.0 ], [ 9.485062982978137, 54.392103839905225, 0.0 ], [ 9.484947723095363, 54.392162523386347, 0.0 ], [ 9.484832820055274, 54.392221456968464, 0.0 ], [ 9.484718258350833, 54.392280631727495, 0.0 ], [ 9.484604038193828, 54.39234006563828, 0.0 ], [ 9.484490174771581, 54.392399740666079, 0.0 ], [ 9.484376637389577, 54.392459665922445, 0.0 ], [ 9.484263456847042, 54.392519841284717, 0.0 ], [ 9.484150633143891, 54.392580266753868, 0.0 ], [ 9.484038135585013, 54.3926409514414, 0.0 ], [ 9.483925994758406, 54.392701877250801, 0.0 ], [ 9.483814210769884, 54.392763053170022, 0.0 ], [ 9.483701311064834, 54.3928236762411, 0.0 ], [ 9.483701311064834, 54.3928236762411, 0.0 ] ], [ [ 9.489517394930331, 54.390494114513764, 0.0 ], [ 9.489295969622924, 54.390618148648343, 0.0 ], [ 9.489184308271049, 54.390679427950197, 0.0 ], [ 9.489072289508744, 54.390740465937462, 0.0 ], [ 9.488959928522386, 54.390801244572849, 0.0 ], [ 9.488847210019777, 54.390861772904735, 0.0 ], [ 9.488734149507478, 54.390922059856692, 0.0 ], [ 9.488620746772757, 54.390982087453843, 0.0 ], [ 9.488507002029863, 54.391041873669174, 0.0 ], [ 9.48839289977246, 54.391101409577068, 0.0 ], [ 9.488278455400911, 54.391160695114245, 0.0 ], [ 9.488163668916098, 54.391219730279708, 0.0 ], [ 9.488048540318061, 54.391278515072486, 0.0 ], [ 9.487933054314993, 54.391337058540827, 0.0 ], [ 9.487817226093435, 54.391395342647598, 0.0 ], [ 9.487701055867662, 54.391453385365672, 0.0 ], [ 9.487584543531362, 54.391511177707102, 0.0 ], [ 9.487467673792139, 54.391568728720124, 0.0 ], [ 9.487350461836982, 54.391626020367589, 0.0 ], [ 9.487232907880133, 54.391683070622385, 0.0 ], [ 9.487115011815542, 54.391739870496579, 0.0 ], [ 9.486996773750532, 54.391796428976114, 0.0 ], [ 9.486932836234702, 54.391826830662566, 0.0 ], [ 9.486885023941484, 54.391849501019827, 0.0 ], [ 9.486878193472451, 54.391852728086107, 0.0 ], [ 9.48675925579554, 54.391908785861588, 0.0 ], [ 9.486639976013821, 54.391964593252439, 0.0 ], [ 9.486520354234328, 54.392020159244581, 0.0 ], [ 9.486400390244896, 54.392075465863137, 0.0 ], [ 9.486280068859585, 54.392130531143039, 0.0 ], [ 9.486159420772198, 54.392185345972194, 0.0 ], [ 9.48603841529042, 54.392239919460572, 0.0 ], [ 9.485917067601923, 54.39229423357132, 0.0 ], [ 9.485795377920532, 54.392348306277185, 0.0 ], [ 9.485673330740465, 54.392402128652257, 0.0 ], [ 9.485550956862918, 54.392455700571453, 0.0 ], [ 9.485428225488466, 54.392509022157761, 0.0 ], [ 9.485305136724124, 54.392562102396994, 0.0 ], [ 9.485181721264961, 54.392614932177274, 0.0 ], [ 9.485057948205474, 54.392667502634495, 0.0 ], [ 9.484933833158776, 54.392719831679564, 0.0 ], [ 9.484809376019726, 54.392771910324448, 0.0 ], [ 9.484684561389329, 54.39282373863, 0.0 ], [ 9.484559404668365, 54.392875316533264, 0.0 ], [ 9.48443389045782, 54.392926644094985, 0.0 ], [ 9.484308049665085, 54.392977730177385, 0.0 ], [ 9.484181835878493, 54.39302855699097, 0.0 ], [ 9.484054922618983, 54.39307886521091, 0.0 ], [ 9.484054922618983, 54.39307886521091, 0.0 ] ], [ [ 9.483701311064834, 54.3928236762411, 0.0 ], [ 9.484054922618983, 54.39307886521091, 0.0 ] ], [ [ 9.483701311064834, 54.3928236762411, 0.0 ], [ 9.483440240393834, 54.392922523094995, 0.0 ], [ 9.483311174618089, 54.392973189665156, 0.0 ], [ 9.483182527928291, 54.393024159988251, 0.0 ], [ 9.483054300323046, 54.393075434065651, 0.0 ], [ 9.482926491695727, 54.393127002911704, 0.0 ], [ 9.48279908674979, 54.393178875576297, 0.0 ], [ 9.482672085378869, 54.393231043073797, 0.0 ], [ 9.482545518488202, 54.3932835142692, 0.0 ], [ 9.482419339875044, 54.393336289348611, 0.0 ], [ 9.482293595528811, 54.393389350154671, 0.0 ], [ 9.482168254963726, 54.393442723772651, 0.0 ], [ 9.482043317967774, 54.393496392229913, 0.0 ], [ 9.481918799940377, 54.393550355466203, 0.0 ], [ 9.481794685585331, 54.393604622531235, 0.0 ], [ 9.481670990302177, 54.393659193364748, 0.0 ], [ 9.481547713984561, 54.393714058981125, 0.0 ], [ 9.481424841230512, 54.393769219443072, 0.0 ], [ 9.481302372144556, 54.393824683738792, 0.0 ], [ 9.481180322126448, 54.393880451808023, 0.0 ], [ 9.48105869096482, 54.393936505678184, 0.0 ], [ 9.480937463573152, 54.393992872372749, 0.0 ], [ 9.480888293967283, 54.3940158692916, 0.0 ], [ 9.480816655036104, 54.394049524870724, 0.0 ], [ 9.480795349062973, 54.394059567770661, 0.0 ], [ 9.48069625026768, 54.39410649019554, 0.0 ], [ 9.480576248950763, 54.39416374138758, 0.0 ], [ 9.480456666801311, 54.394221305347543, 0.0 ], [ 9.480337503608071, 54.394279164102741, 0.0 ], [ 9.480218743969498, 54.39433731771576, 0.0 ], [ 9.480100403390363, 54.394395775113445, 0.0 ], [ 9.479982466364078, 54.394454527371281, 0.0 ], [ 9.479864948395614, 54.394513583416213, 0.0 ], [ 9.479747849484587, 54.394572943249408, 0.0 ], [ 9.479631154124073, 54.394632597946377, 0.0 ], [ 9.479514877819257, 54.394692556433988, 0.0 ], [ 9.479399005063488, 54.39475280978774, 0.0 ], [ 9.479283551362096, 54.394813366934521, 0.0 ], [ 9.479168516714161, 54.394874227875512, 0.0 ], [ 9.479053901014195, 54.394935383625018, 0.0 ], [ 9.478939689070351, 54.394996852219187, 0.0 ], [ 9.47882589607347, 54.395058615624151, 0.0 ], [ 9.478712506726001, 54.395120682889214, 0.0 ], [ 9.478599551725644, 54.395183044906261, 0.0 ], [ 9.478487000478493, 54.395245719772653, 0.0 ], [ 9.478374883577345, 54.395308689393431, 0.0 ], [ 9.478263170427969, 54.395371971865785, 0.0 ], [ 9.478151876222382, 54.395435549155913, 0.0 ], [ 9.478024920544794, 54.395511276387104, 0.0 ], [ 9.478024920544794, 54.395511276387104, 0.0 ] ], [ [ 9.484054922618983, 54.39307886521091, 0.0 ], [ 9.48383460711757, 54.393206857179734, 0.0 ], [ 9.483723403446664, 54.393270358406227, 0.0 ], [ 9.483611795633674, 54.39333357355337, 0.0 ], [ 9.483499752560675, 54.393396475782673, 0.0 ], [ 9.483387305346678, 54.393459091930346, 0.0 ], [ 9.483274422979227, 54.393521404144714, 0.0 ], [ 9.483161120859593, 54.393583412362972, 0.0 ], [ 9.483047414494786, 54.393645125509174, 0.0 ], [ 9.4829332730842, 54.393706543705498, 0.0 ], [ 9.482818711922953, 54.393767657902139, 0.0 ], [ 9.482703731117706, 54.393828477084853, 0.0 ], [ 9.482588330563477, 54.393888992265509, 0.0 ], [ 9.482472525872508, 54.393949221355186, 0.0 ], [ 9.482356285927386, 54.394009137515113, 0.0 ], [ 9.482239626446372, 54.394068767643226, 0.0 ], [ 9.482122547219035, 54.394128093764486, 0.0 ], [ 9.48200504835131, 54.394187124864615, 0.0 ], [ 9.481887145139661, 54.394245851893935, 0.0 ], [ 9.481768806888514, 54.394304283961191, 0.0 ], [ 9.481650048999436, 54.394362421003649, 0.0 ], [ 9.481530886768681, 54.394420253971681, 0.0 ], [ 9.481411289500524, 54.394477791973912, 0.0 ], [ 9.481405010072015, 54.394480800832227, 0.0 ], [ 9.481291287997891, 54.394535034886189, 0.0 ], [ 9.481202006453559, 54.394577290069542, 0.0 ], [ 9.481170851354207, 54.394591973843227, 0.0 ], [ 9.481049995076734, 54.394648617769256, 0.0 ], [ 9.480928734567344, 54.394704966601637, 0.0 ], [ 9.480807038919467, 54.394761011474991, 0.0 ], [ 9.480684923640583, 54.394816761313557, 0.0 ], [ 9.480562404027127, 54.394872207067799, 0.0 ], [ 9.480439449383489, 54.394927357846072, 0.0 ], [ 9.480316075006176, 54.394982204598826, 0.0 ], [ 9.480192281001697, 54.395036756311718, 0.0 ], [ 9.480068067370624, 54.395091012983464, 0.0 ], [ 9.479943433904287, 54.39514495663888, 0.0 ], [ 9.479818380918692, 54.395198614237486, 0.0 ], [ 9.479692892803541, 54.395251967865377, 0.0 ], [ 9.479567000362632, 54.395305017398719, 0.0 ], [ 9.479440672794356, 54.395357762958668, 0.0 ], [ 9.479313925606274, 54.395410213469681, 0.0 ], [ 9.479186743397896, 54.395462368991531, 0.0 ], [ 9.479059156763594, 54.395514211426693, 0.0 ], [ 9.478931135111456, 54.395565758870049, 0.0 ], [ 9.47880269373924, 54.395617002272154, 0.0 ], [ 9.47867381724695, 54.395667941692807, 0.0 ], [ 9.478559896790449, 54.395707057205598, 0.0 ], [ 9.478559896790449, 54.395707057205598, 0.0 ] ], [ [ 9.478024920544794, 54.395511276387104, 0.0 ], [ 9.478559896790449, 54.395707057205598, 0.0 ] ], [ [ 9.724488391677102, 54.288617476578729, 0.0 ], [ 9.727137448371689, 54.289217160553008, 0.0 ], [ 9.730372236487915, 54.290995671301332, 0.0 ], [ 9.73291055979305, 54.293240764451404, 0.0 ], [ 9.73516985357646, 54.295239986593835, 0.0 ], [ 9.739263259301589, 54.297870584738718, 0.0 ], [ 9.743884292431174, 54.300838834650513, 0.0 ], [ 9.746505799239177, 54.3025229292926, 0.0 ], [ 9.748468020974752, 54.305220166787016, 0.0 ], [ 9.750422461040586, 54.307906320647781, 0.0 ], [ 9.752918617950579, 54.311336445008649, 0.0 ], [ 9.750488816200328, 54.31335045996105, 0.0 ], [ 9.748018205269513, 54.315398048805292, 0.0 ], [ 9.744566772584641, 54.318258104828423, 0.0 ], [ 9.742314206518543, 54.320124384808615, 0.0 ], [ 9.741284906430531, 54.323709419731273, 0.0 ], [ 9.740304319438016, 54.32712537509375, 0.0 ], [ 9.739286373215265, 54.330669855975678, 0.0 ], [ 9.736296649511601, 54.332961754959769, 0.0 ], [ 9.733417749054484, 54.335168402881813, 0.0 ], [ 9.729764914716473, 54.33796779483923, 0.0 ], [ 9.726330371815587, 54.340599435140724, 0.0 ], [ 9.722168794852569, 54.341030079142243, 0.0 ], [ 9.715468696255302, 54.341722966674439, 0.0 ], [ 9.710216121802317, 54.342266050435192, 0.0 ], [ 9.704279294542095, 54.342878799383698, 0.0 ], [ 9.69847698239068, 54.343767949299966, 0.0 ], [ 9.691298265795622, 54.344867583083001, 0.0 ], [ 9.686353849983297, 54.34562469260711, 0.0 ], [ 9.680682356851115, 54.346492844821015, 0.0 ], [ 9.674568572942166, 54.347428354778685, 0.0 ], [ 9.667368158433314, 54.34852969312464, 0.0 ], [ 9.661307219396168, 54.349456363877692, 0.0 ], [ 9.655263916533375, 54.350380000238722, 0.0 ], [ 9.648593268274441, 54.351399108769442, 0.0 ], [ 9.642610158882201, 54.352312825512278, 0.0 ], [ 9.635666627819331, 54.353372791340796, 0.0 ], [ 9.629774573190041, 54.355766177912081, 0.0 ], [ 9.625361585561144, 54.357558387327863, 0.0 ], [ 9.619430618609432, 54.358531875930083, 0.0 ], [ 9.614103111806147, 54.360207050860325, 0.0 ], [ 9.607498558868354, 54.362283264747177, 0.0 ], [ 9.602207949068855, 54.363946014775379, 0.0 ], [ 9.595843903249769, 54.365945646236725, 0.0 ], [ 9.590074573470718, 54.36775795152267, 0.0 ], [ 9.583696595735542, 54.369760943170355, 0.0 ], [ 9.578195478023797, 54.37073158381623, 0.0 ], [ 9.571463195410967, 54.371919061104144, 0.0 ], [ 9.565120688514659, 54.372393538745349, 0.0 ], [ 9.557663077577509, 54.372950997432028, 0.0 ], [ 9.551985595622293, 54.373375072431173, 0.0 ], [ 9.545230374164369, 54.374240355780721, 0.0 ], [ 9.539173602787287, 54.375015825614909, 0.0 ], [ 9.533126022610219, 54.375789791005275, 0.0 ], [ 9.527156752656877, 54.376553404302634, 0.0 ], [ 9.521264218719681, 54.377306881678486, 0.0 ], [ 9.515257368777339, 54.378074651478322, 0.0 ], [ 9.510127097666468, 54.380511763036353, 0.0 ], [ 9.505218597831977, 54.382843049756239, 0.0 ], [ 9.499385130808474, 54.385613037311678, 0.0 ], [ 9.49513266548543, 54.387631882837184, 0.0 ], [ 9.489352217733877, 54.390375585128929, 0.0 ], [ 9.483896965746792, 54.392964874024017, 0.0 ], [ 9.478292408032042, 54.395609167094683, 0.0 ] ], [ [ 9.424654049689291, 54.554289652324584, 0.0 ], [ 9.42434389904243, 54.554210208464674, 0.0 ] ], [ [ 9.424665166729321, 54.554274989273608, 0.0 ], [ 9.424976860690158, 54.554354827327749, 0.0 ] ], [ [ 9.422065871824302, 54.557703067446056, 0.0 ], [ 9.421696880808382, 54.557608550352576, 0.0 ] ], [ [ 9.422065859352289, 54.557703083893422, 0.0 ], [ 9.422434852070339, 54.55779759985721, 0.0 ] ], [ [ 9.419099229749722, 54.561614856670019, 0.0 ], [ 9.41873101683122, 54.561520537168064, 0.0 ] ], [ [ 9.41925947023179, 54.561403586236366, 0.0 ], [ 9.419599537679289, 54.561490694675577, 0.0 ] ], [ [ 9.416452508379267, 54.565104105778275, 0.0 ], [ 9.416031399748828, 54.564996235195402, 0.0 ] ], [ [ 9.416452508379267, 54.565104105778275, 0.0 ], [ 9.416821173066316, 54.565198540721795, 0.0 ] ], [ [ 9.413677810832812, 54.568761374609259, 0.0 ], [ 9.41328959064986, 54.568661927104657, 0.0 ] ], [ [ 9.41367624473709, 54.568763438640318, 0.0 ], [ 9.414011408323255, 54.568849293634131, 0.0 ] ], [ [ 9.411029967425515, 54.572250758865586, 0.0 ], [ 9.41063126080156, 54.572148623796302, 0.0 ] ], [ [ 9.41089480440518, 54.572428862810447, 0.0 ], [ 9.411264654940545, 54.572523604371604, 0.0 ] ], [ [ 9.430587168917349, 54.523137004120748, 0.0 ], [ 9.430114526822873, 54.52311286070308, 0.0 ] ], [ [ 9.430613287502444, 54.522963987567096, 0.0 ], [ 9.431055809037577, 54.522986590674662, 0.0 ] ], [ [ 9.429947679725606, 54.527206262652626, 0.0 ], [ 9.429531449788758, 54.527183030845251, 0.0 ] ], [ [ 9.429947400778428, 54.527207953423776, 0.0 ], [ 9.430305800027034, 54.527227956251345, 0.0 ] ], [ [ 9.429289234898626, 54.531196871943962, 0.0 ], [ 9.428826972274958, 54.531171070892064, 0.0 ] ], [ [ 9.429289236374858, 54.531196862998087, 0.0 ], [ 9.429694585730795, 54.531219485971754, 0.0 ] ], [ [ 9.42862572087137, 54.535217432829434, 0.0 ], [ 9.428205533478138, 54.535193980193249, 0.0 ] ], [ [ 9.42862572087137, 54.535217432829434, 0.0 ], [ 9.428988066344786, 54.535237655841797, 0.0 ] ], [ [ 9.42801114059059, 54.538940773085919, 0.0 ], [ 9.42758420743632, 54.538916943967948, 0.0 ] ], [ [ 9.42801114059059, 54.538940773085919, 0.0 ], [ 9.428380380470196, 54.538961380836966, 0.0 ] ], [ [ 9.427395112751785, 54.542672189675301, 0.0 ], [ 9.426976295742193, 54.542648813716113, 0.0 ] ], [ [ 9.427359745536178, 54.542886397489099, 0.0 ], [ 9.427748438471957, 54.542908090770567, 0.0 ] ], [ [ 9.426720212142541, 54.546759464793162, 0.0 ], [ 9.426359566001524, 54.546739335776579, 0.0 ] ], [ [ 9.426720581467576, 54.546757228339821, 0.0 ], [ 9.42708121255032, 54.546777355420843, 0.0 ] ], [ [ 9.42605871642073, 54.550764788020402, 0.0 ], [ 9.425652805874394, 54.55074213249658, 0.0 ] ], [ [ 9.42605650150924, 54.55077819777361, 0.0 ], [ 9.42646412085586, 54.550800947276187, 0.0 ] ], [ [ 9.408970542052902, 54.576005559280475, 0.0 ], [ 9.408614884571122, 54.575971879103804, 0.0 ] ], [ [ 9.408966719201217, 54.57601918335137, 0.0 ], [ 9.409320896360214, 54.57605272224945, 0.0 ] ], [ [ 9.408022670445524, 54.579383360648819, 0.0 ], [ 9.407680513025614, 54.579350958866769, 0.0 ] ], [ [ 9.408023292757109, 54.579381143195434, 0.0 ], [ 9.408365557583075, 54.579413554128884, 0.0 ] ], [ [ 9.407031438663632, 54.582915058380237, 0.0 ], [ 9.406654862769564, 54.582879397212352, 0.0 ] ], [ [ 9.4071016220489, 54.582665019000352, 0.0 ], [ 9.407447166357016, 54.582697740437467, 0.0 ] ], [ [ 9.406290203455127, 54.585555642153288, 0.0 ], [ 9.405924614667569, 54.585521021599376, 0.0 ] ], [ [ 9.406290203455127, 54.585555642153288, 0.0 ], [ 9.406596095711654, 54.585584608666544, 0.0 ] ], [ [ 9.405467255040637, 54.588486935766937, 0.0 ], [ 9.40506223705856, 54.588448581107301, 0.0 ] ], [ [ 9.405411984061541, 54.588683790981456, 0.0 ], [ 9.40578436659815, 54.588719053848259, 0.0 ] ], [ [ 9.405736566671976, 54.591984608815878, 0.0 ], [ 9.405401796161025, 54.592049580438818, 0.0 ] ], [ [ 9.405578659702053, 54.591710238705971, 0.0 ], [ 9.405880270424406, 54.591651701747125, 0.0 ] ], [ [ 9.4073128601832, 54.594723268647392, 0.0 ], [ 9.406908595611203, 54.594801727977341, 0.0 ] ], [ [ 9.407312865089425, 54.594723277170793, 0.0 ], [ 9.407662024771064, 54.594655511222932, 0.0 ] ], [ [ 9.409434309501794, 54.598408472097397, 0.0 ], [ 9.409010532418993, 54.598490719207163, 0.0 ] ], [ [ 9.409540758583077, 54.598593367845503, 0.0 ], [ 9.409936423848896, 54.598516575029485, 0.0 ] ], [ [ 9.411886663912798, 54.602667371927318, 0.0 ], [ 9.41149440226113, 54.602743512576033, 0.0 ] ], [ [ 9.411762737017535, 54.602452189570066, 0.0 ], [ 9.412126602599798, 54.602381559443998, 0.0 ] ], [ [ 9.413753169683872, 54.605908001675687, 0.0 ], [ 9.413370364926086, 54.605982307161973, 0.0 ] ], [ [ 9.413753164774544, 54.605907993152677, 0.0 ], [ 9.41408016200011, 54.605844519185325, 0.0 ] ], [ [ 9.415490105466773, 54.608923198709221, 0.0 ], [ 9.415117612430103, 54.608995503139212, 0.0 ] ], [ [ 9.415490105466773, 54.608923198709221, 0.0 ], [ 9.415806390937451, 54.608861803600192, 0.0 ] ], [ [ 9.417443083308939, 54.612312862223831, 0.0 ], [ 9.417020196567897, 54.612394949664463, 0.0 ] ], [ [ 9.417443083308939, 54.612312862223831, 0.0 ], [ 9.417811255786848, 54.612241394013452, 0.0 ] ], [ [ 9.419664510720553, 54.616167723526942, 0.0 ], [ 9.41924395294253, 54.616249359859751, 0.0 ] ], [ [ 9.419664510720553, 54.616167723526942, 0.0 ], [ 9.420030305619724, 54.61609671600597, 0.0 ] ], [ [ 9.421775863247071, 54.619830839178661, 0.0 ], [ 9.421376831721064, 54.619908297682841, 0.0 ] ], [ [ 9.421907014920986, 54.620058359780181, 0.0 ], [ 9.422279860929853, 54.619985982810149, 0.0 ] ], [ [ 9.422835031592673, 54.624069713402093, 0.0 ], [ 9.422421359647632, 54.624060254905771, 0.0 ] ], [ [ 9.422851658560479, 54.623824859482596, 0.0 ], [ 9.423237657371645, 54.623833683966083, 0.0 ] ], [ [ 9.42257881898578, 54.627842504956952, 0.0 ], [ 9.422138131765404, 54.627832428631471, 0.0 ] ], [ [ 9.422578819595705, 54.627842495977092, 0.0 ], [ 9.42296169900062, 54.627851249219212, 0.0 ] ], [ [ 9.422347186011404, 54.631252663762815, 0.0 ], [ 9.42196511063386, 54.631243927666702, 0.0 ] ], [ [ 9.422347185401438, 54.63125267274269, 0.0 ], [ 9.422669482295328, 54.631260041072487, 0.0 ] ], [ [ 9.422113362289354, 54.634694525807205, 0.0 ], [ 9.421671811587292, 54.634684430139146, 0.0 ] ], [ [ 9.422099821353946, 54.634893833436571, 0.0 ], [ 9.422511451471028, 54.634903243538517, 0.0 ] ], [ [ 9.421827925321967, 54.638895551675105, 0.0 ], [ 9.421470641755887, 54.638887382743263, 0.0 ] ], [ [ 9.421827925321967, 54.638895551675105, 0.0 ], [ 9.422185193544198, 54.638903719198865, 0.0 ] ], [ [ 9.421570238370487, 54.642687273964548, 0.0 ], [ 9.42118178529009, 54.642678392377718, 0.0 ] ], [ [ 9.421587139500863, 54.642438604526006, 0.0 ], [ 9.421944314880283, 54.642446769881069, 0.0 ] ], [ [ 9.42131575293309, 54.646431282135424, 0.0 ], [ 9.420847952966625, 54.646420586676456, 0.0 ] ], [ [ 9.421315905536771, 54.646429037179594, 0.0 ], [ 9.421726444271162, 54.646438421963701, 0.0 ] ], [ [ 9.421041849447493, 54.650460330279572, 0.0 ], [ 9.420622427846251, 54.650450741024038, 0.0 ] ], [ [ 9.421041696813953, 54.650462575233561, 0.0 ], [ 9.421402813966981, 54.650470830304592, 0.0 ] ], [ [ 9.420767910154934, 54.65448909822917, 0.0 ], [ 9.420300745681482, 54.654478417352607, 0.0 ] ], [ [ 9.420767910765569, 54.654489089249367, 0.0 ], [ 9.421177771741414, 54.654498458495986, 0.0 ] ], [ [ 9.420512613180465, 54.658242942847835, 0.0 ], [ 9.420122664373459, 54.658234027461617, 0.0 ] ], [ [ 9.420495849914165, 54.658489402484136, 0.0 ], [ 9.420854575390816, 54.658497602896368, 0.0 ] ], [ [ 9.420225229753203, 54.662467719792232, 0.0 ], [ 9.419817875671953, 54.66245840656029, 0.0 ] ], [ [ 9.420225229753203, 54.662467719792232, 0.0 ], [ 9.420632584013747, 54.662477031654234, 0.0 ] ], [ [ 9.419934989848034, 54.666733671118386, 0.0 ], [ 9.419538453118951, 54.666724605329605, 0.0 ] ], [ [ 9.41995114606403, 54.666496227588034, 0.0 ], [ 9.420316712033062, 54.66650458416094, 0.0 ] ], [ [ 9.419748115178505, 54.669479859998646, 0.0 ], [ 9.419389246618076, 54.669471655739308, 0.0 ] ], [ [ 9.41972630346322, 54.669800384340306, 0.0 ], [ 9.420054451747387, 54.669807885351176, 0.0 ] ], [ [ 9.418914904820655, 54.672200706163196, 0.0 ], [ 9.418629511849492, 54.672134371908108, 0.0 ] ], [ [ 9.418925144126161, 54.672185909261543, 0.0 ], [ 9.419211646125161, 54.672252500390563, 0.0 ] ], [ [ 9.416861054692541, 54.675168505178846, 0.0 ], [ 9.416503521703845, 54.675085402322985, 0.0 ] ], [ [ 9.416861048919941, 54.675168513519715, 0.0 ], [ 9.417218583364448, 54.675251615316988, 0.0 ] ], [ [ 9.41414892882959, 54.679086791996525, 0.0 ], [ 9.413760390920451, 54.678996481332902, 0.0 ] ], [ [ 9.414287153315465, 54.678887114355035, 0.0 ], [ 9.414647392620546, 54.678970845836709, 0.0 ] ], [ [ 9.412069380239926, 54.682090627818901, 0.0 ], [ 9.411710946831525, 54.682007313500556, 0.0 ] ], [ [ 9.412069380239926, 54.682090627818901, 0.0 ], [ 9.412372307993204, 54.682161039299345, 0.0 ] ], [ [ 9.410131680320692, 54.684889131203811, 0.0 ], [ 9.409763624194806, 54.684803579349357, 0.0 ] ], [ [ 9.409957288959825, 54.685140974014693, 0.0 ], [ 9.410299910967874, 54.685220612642837, 0.0 ] ], [ [ 9.406287195481255, 54.687900968239006, 0.0 ], [ 9.406058797533085, 54.687728815116934, 0.0 ] ], [ [ 9.40632106710623, 54.687885885841233, 0.0 ], [ 9.40655117809265, 54.688059328125718, 0.0 ] ], [ [ 9.401046347158864, 54.690234367558887, 0.0 ], [ 9.400818534689931, 54.69006263933116, 0.0 ] ], [ [ 9.40104633485835, 54.69023437303489, 0.0 ], [ 9.401274139799646, 54.690406093700702, 0.0 ] ], [ [ 9.395948204594035, 54.692503763225261, 0.0 ], [ 9.39572737703706, 54.692337284351446, 0.0 ] ], [ [ 9.395948204594035, 54.692503763225261, 0.0 ], [ 9.396169024507643, 54.692670234563145, 0.0 ] ], [ [ 9.390704537650139, 54.694837442884456, 0.0 ], [ 9.390469030117151, 54.694659880085709, 0.0 ] ], [ [ 9.390704537650139, 54.694837442884456, 0.0 ], [ 9.390940028337113, 54.695014990964168, 0.0 ] ], [ [ 9.384975229207932, 54.697386690141862, 0.0 ], [ 9.38472708545072, 54.697199580517548, 0.0 ] ], [ [ 9.385291338628157, 54.697246052862127, 0.0 ], [ 9.385520676168806, 54.697418978900991, 0.0 ] ], [ [ 9.380160075488869, 54.699528727818674, 0.0 ], [ 9.379903717537857, 54.699335407914113, 0.0 ] ], [ [ 9.38015964477561, 54.699528919405367, 0.0 ], [ 9.380380458218932, 54.699695433228712, 0.0 ] ], [ [ 9.375082632338749, 54.701787001826332, 0.0 ], [ 9.374820208235356, 54.701589087706687, 0.0 ] ], [ [ 9.375082632338749, 54.701787001826332, 0.0 ], [ 9.375309608048189, 54.70195817957476, 0.0 ] ], [ [ 9.370165403245069, 54.703973570491769, 0.0 ], [ 9.36991655044506, 54.703785874534681, 0.0 ] ], [ [ 9.370165403245069, 54.703973570491769, 0.0 ], [ 9.370378411803451, 54.704134229321156, 0.0 ] ], [ [ 9.365116321712415, 54.706218310475649, 0.0 ], [ 9.364847207532319, 54.706015313767942, 0.0 ] ], [ [ 9.36511630940222, 54.706218315948007, 0.0 ], [ 9.365350157510427, 54.706394708807693, 0.0 ] ], [ [ 9.359837940832012, 54.708564513104903, 0.0 ], [ 9.359578599203092, 54.708368868783808, 0.0 ] ], [ [ 9.359837940832012, 54.708564513104903, 0.0 ], [ 9.360061771940584, 54.708733366731387, 0.0 ] ], [ [ 9.354729746356409, 54.710834590200548, 0.0 ], [ 9.354470886940383, 54.710639291588336, 0.0 ] ], [ [ 9.354437989812748, 54.710964232496877, 0.0 ], [ 9.354678386618559, 54.711145600630516, 0.0 ] ], [ [ 9.349506758650799, 54.71315519931813, 0.0 ], [ 9.349304509495758, 54.713002596272247, 0.0 ] ], [ [ 9.349503667744031, 54.713156572483122, 0.0 ], [ 9.349705927863386, 54.713309182320266, 0.0 ] ], [ [ 9.344298726764606, 54.715468674123343, 0.0 ], [ 9.344040964959792, 54.715274166173337, 0.0 ] ], [ [ 9.344593577718051, 54.715337710563531, 0.0 ], [ 9.344832860518686, 54.715518271044374, 0.0 ] ], [ [ 9.339490875029666, 54.717603950910515, 0.0 ], [ 9.339246151894459, 54.717419265670607, 0.0 ] ], [ [ 9.339168228306633, 54.717747230825111, 0.0 ], [ 9.339394282819303, 54.717917826489064, 0.0 ] ], [ [ 9.450989020057094, 54.413206329497115, 0.0 ], [ 9.450596240700763, 54.413074798394909, 0.0 ] ], [ [ 9.451123607678348, 54.413069600569415, 0.0 ], [ 9.451487177879645, 54.413191348299847, 0.0 ] ], [ [ 9.447615678566697, 54.416632999361411, 0.0 ], [ 9.447248481245742, 54.416510031722794, 0.0 ] ], [ [ 9.447615686239885, 54.416632991567703, 0.0 ], [ 9.447932786237491, 54.416739181038096, 0.0 ] ], [ [ 9.444385069248503, 54.419914056518543, 0.0 ], [ 9.444009312846493, 54.419788219033698, 0.0 ] ], [ [ 9.444385069248503, 54.419914056518543, 0.0 ], [ 9.444710886134203, 54.420023168127884, 0.0 ] ], [ [ 9.441050691246421, 54.423299854148006, 0.0 ], [ 9.440671425268176, 54.423172838713093, 0.0 ] ], [ [ 9.441050698922037, 54.423299846354709, 0.0 ], [ 9.441380089407495, 54.423410156976637, 0.0 ] ], [ [ 9.437607014828021, 54.42679596795606, 0.0 ], [ 9.437217703033726, 54.426665584572746, 0.0 ] ], [ [ 9.437607014828021, 54.42679596795606, 0.0 ], [ 9.437946622149614, 54.426909703240597, 0.0 ] ], [ [ 9.43448587802099, 54.429964027556487, 0.0 ], [ 9.434140467410559, 54.429848344221412, 0.0 ] ], [ [ 9.43448587802099, 54.429964027556487, 0.0 ], [ 9.434780338023362, 54.430062645449922, 0.0 ] ], [ [ 9.431383025358459, 54.433112961836997, 0.0 ], [ 9.430994876228439, 54.432982961546173, 0.0 ] ], [ [ 9.431383025358459, 54.433112961836997, 0.0 ], [ 9.431721411381982, 54.433226293596903, 0.0 ] ], [ [ 9.428350723851818, 54.436189757425367, 0.0 ], [ 9.428011025989486, 54.436075981981382, 0.0 ] ], [ [ 9.428350739212732, 54.436189741840437, 0.0 ], [ 9.428639200477608, 54.436286355296218, 0.0 ] ], [ [ 9.426160416654117, 54.438411873666482, 0.0 ], [ 9.425851519954483, 54.438308412598552, 0.0 ] ], [ [ 9.426160424335432, 54.438411865874166, 0.0 ], [ 9.426415889910849, 54.438497429865251, 0.0 ] ], [ [ 9.424446907656083, 54.4401500606117, 0.0 ], [ 9.424146945502679, 54.440049590921873, 0.0 ] ], [ [ 9.424191949980766, 54.440408676496979, 0.0 ], [ 9.424460953101679, 54.440498775855609, 0.0 ] ], [ [ 9.423305732404332, 54.443186493938967, 0.0 ], [ 9.42293874963053, 54.443195541411079, 0.0 ] ], [ [ 9.423307828275776, 54.443215370627719, 0.0 ], [ 9.423671529693033, 54.44320640294918, 0.0 ] ], [ [ 9.423540690873326, 54.446423428239264, 0.0 ], [ 9.423221379492052, 54.446431300514142, 0.0 ] ], [ [ 9.423540854476503, 54.446425681984273, 0.0 ], [ 9.423860227376686, 54.446417807345782, 0.0 ] ], [ [ 9.423811909731137, 54.450159368572287, 0.0 ], [ 9.42338062683473, 54.450170001365386, 0.0 ] ], [ [ 9.423796955067964, 54.449953397995252, 0.0 ], [ 9.424198358734769, 54.449943500456492, 0.0 ] ], [ [ 9.424088528552671, 54.453968869345751, 0.0 ], [ 9.423663184746674, 54.453979355874331, 0.0 ] ], [ [ 9.424088528552671, 54.453968869345751, 0.0 ], [ 9.424456054266818, 54.453959807068571, 0.0 ] ], [ [ 9.424380167730019, 54.457984445928773, 0.0 ], [ 9.423921894415676, 54.457995743932884, 0.0 ] ], [ [ 9.424380005338369, 54.457982210147435, 0.0 ], [ 9.424781148365742, 54.457972319169059, 0.0 ] ], [ [ 9.424669377483538, 54.461965836125955, 0.0 ], [ 9.424247526690614, 54.461976236325484, 0.0 ] ], [ [ 9.424669377483538, 54.461965836125955, 0.0 ], [ 9.425033291045722, 54.461956863108767, 0.0 ] ], [ [ 9.424954848491288, 54.465894967416837, 0.0 ], [ 9.424503223053138, 54.465906101697058, 0.0 ] ], [ [ 9.424954849143736, 54.46589497639588, 0.0 ], [ 9.425349194599304, 54.465885252899675, 0.0 ] ], [ [ 9.425238685161501, 54.469800799885057, 0.0 ], [ 9.42481871175705, 54.469811154075117, 0.0 ] ], [ [ 9.425238685161501, 54.469800799885057, 0.0 ], [ 9.42560066404463, 54.469791874339904, 0.0 ] ], [ [ 9.425522527356854, 54.47370581517518, 0.0 ], [ 9.425070415209303, 54.473716961556008, 0.0 ] ], [ [ 9.425522527356854, 54.47370581517518, 0.0 ], [ 9.425917333213915, 54.473696080236785, 0.0 ] ], [ [ 9.425788611943885, 54.477365928537488, 0.0 ], [ 9.425392490951003, 54.477375694458765, 0.0 ] ], [ [ 9.425788611943885, 54.477365928537488, 0.0 ], [ 9.426125864309039, 54.477357612930007, 0.0 ] ], [ [ 9.426032430654987, 54.480719199282746, 0.0 ], [ 9.425615259996516, 54.480729484723021, 0.0 ] ], [ [ 9.426032266765791, 54.480716945554505, 0.0 ], [ 9.426391288692356, 54.480708092628269, 0.0 ] ], [ [ 9.426267236650192, 54.483947834467585, 0.0 ], [ 9.425884499434998, 54.483957270857161, 0.0 ] ], [ [ 9.426285649165028, 54.4842009971115, 0.0 ], [ 9.426637330216009, 54.48419232533638, 0.0 ] ], [ [ 9.426675056876165, 54.487905626613539, 0.0 ], [ 9.426266833563504, 54.487923608329531, 0.0 ] ], [ [ 9.426645483532553, 54.487678069330471, 0.0 ], [ 9.427023781497626, 54.487661404547204, 0.0 ] ], [ [ 9.427175918667153, 54.491759185003986, 0.0 ], [ 9.426721244581698, 54.491779212752938, 0.0 ] ], [ [ 9.427175626289163, 54.491756935690908, 0.0 ], [ 9.427573173236471, 54.491739422894582, 0.0 ] ], [ [ 9.427700533063437, 54.495794746202975, 0.0 ], [ 9.427269831333618, 54.495813718314409, 0.0 ] ], [ [ 9.427700824338169, 54.495796986551639, 0.0 ], [ 9.428073900774498, 54.495780551540214, 0.0 ] ], [ [ 9.428225731988475, 54.499833928925121, 0.0 ], [ 9.427770845667387, 54.499853966278891, 0.0 ] ], [ [ 9.428225731988475, 54.499833928925121, 0.0 ], [ 9.42862351079639, 54.499816405690197, 0.0 ] ], [ [ 9.428749630194909, 54.503862318668297, 0.0 ], [ 9.428319829639909, 54.503881251172956, 0.0 ] ], [ [ 9.428749630194909, 54.503862318668297, 0.0 ], [ 9.429121794155634, 54.503845923779508, 0.0 ] ], [ [ 9.429241792804813, 54.507645896236603, 0.0 ], [ 9.428814817118944, 54.507664704136914, 0.0 ] ], [ [ 9.429268251213623, 54.507849283299215, 0.0 ], [ 9.429664890833518, 54.507831810306286, 0.0 ] ], [ [ 9.726072935635411, 54.288828713027506, 0.0 ], [ 9.726046757462996, 54.288853266843027, 0.0 ] ], [ [ 9.726106550333329, 54.288840979502901, 0.0 ], [ 9.726290780288059, 54.288668179908328, 0.0 ] ], [ [ 9.725749075107508, 54.288902875035774, 0.0 ], [ 9.725663443413016, 54.289032345243562, 0.0 ] ], [ [ 9.725843759225892, 54.28892430930452, 0.0 ], [ 9.725898756647506, 54.288841155611877, 0.0 ] ], [ [ 9.728503548483189, 54.289968282073943, 0.0 ], [ 9.728232559810255, 54.290136968468637, 0.0 ] ], [ [ 9.728546814318594, 54.289992070183651, 0.0 ], [ 9.728817211610775, 54.289823749826049, 0.0 ] ], [ [ 9.731480245542858, 54.29197599056392, 0.0 ], [ 9.731188400614895, 54.292088877117578, 0.0 ] ], [ [ 9.731468594769309, 54.291965682752824, 0.0 ], [ 9.731762129600224, 54.291852141218186, 0.0 ] ], [ [ 9.734100765627389, 54.294293941238394, 0.0 ], [ 9.733840749586745, 54.294394492456092, 0.0 ] ], [ [ 9.734094419576641, 54.294288325987004, 0.0 ], [ 9.734353767887901, 54.294188031948842, 0.0 ] ], [ [ 9.737161739555727, 54.296519967620327, 0.0 ], [ 9.736890051326897, 54.296664630259464, 0.0 ] ], [ [ 9.737170541266222, 54.296525623326986, 0.0 ], [ 9.737441295920814, 54.296381456144942, 0.0 ] ], [ [ 9.741572618831952, 54.299354202122558, 0.0 ], [ 9.741285460360617, 54.29950712016899, 0.0 ] ], [ [ 9.741572577453498, 54.299354175541026, 0.0 ], [ 9.741860017837592, 54.299201105552704, 0.0 ] ], [ [ 9.745241858624871, 54.301710963001838, 0.0 ], [ 9.745016615333972, 54.301830896746168, 0.0 ] ], [ [ 9.745262558659073, 54.301724260721919, 0.0 ], [ 9.745488846013222, 54.301603769895927, 0.0 ] ], [ [ 9.747463576842842, 54.303839523192408, 0.0 ], [ 9.747158436562405, 54.303915446898671, 0.0 ] ], [ [ 9.747452266400407, 54.303823976010989, 0.0 ], [ 9.747758762948962, 54.303747713792127, 0.0 ] ], [ [ 9.749582282647953, 54.306751639731232, 0.0 ], [ 9.749259674274098, 54.306831910812271, 0.0 ] ], [ [ 9.74957927412385, 54.306747504898873, 0.0 ], [ 9.749901061011187, 54.306667437051395, 0.0 ] ], [ [ 9.751531572587108, 54.309430497270476, 0.0 ], [ 9.751175571527241, 54.30951907807713, 0.0 ] ], [ [ 9.751575195919477, 54.309490443315376, 0.0 ], [ 9.75193607488904, 54.309400647295035, 0.0 ] ], [ [ 9.751677210464015, 54.31236544817466, 0.0 ], [ 9.751424582491493, 54.312261248392893, 0.0 ] ], [ [ 9.751730308084653, 54.312321436845629, 0.0 ], [ 9.751986793081826, 54.312427226369827, 0.0 ] ], [ [ 9.74895430158319, 54.314622253587466, 0.0 ], [ 9.748670806485727, 54.314505318924851, 0.0 ] ], [ [ 9.749254977591145, 54.314373063382035, 0.0 ], [ 9.749510891193355, 54.31447861991267, 0.0 ] ], [ [ 9.746292403268688, 54.316828192115551, 0.0 ], [ 9.745947392242204, 54.316685879450048, 0.0 ] ], [ [ 9.746292420992335, 54.316828177428803, 0.0 ], [ 9.746589955345819, 54.316950904981411, 0.0 ] ], [ [ 9.74369121258254, 54.318983545431948, 0.0 ], [ 9.743410291437351, 54.318867664458928, 0.0 ] ], [ [ 9.743390430317255, 54.319232749642438, 0.0 ], [ 9.743642627149642, 54.319336780918405, 0.0 ] ], [ [ 9.741770390234702, 54.322018809963382, 0.0 ], [ 9.741363685933711, 54.321978912188705, 0.0 ] ], [ [ 9.741764181915345, 54.322040436108182, 0.0 ], [ 9.742166838943108, 54.322079935416184, 0.0 ] ], [ [ 9.740776629971039, 54.325479846984074, 0.0 ], [ 9.740357169801985, 54.325438700444472, 0.0 ] ], [ [ 9.74084010103593, 54.325258773049789, 0.0 ], [ 9.741228505636228, 54.325296871850846, 0.0 ] ], [ [ 9.739855618604517, 54.328687836084171, 0.0 ], [ 9.739466851009629, 54.328649695478298, 0.0 ] ], [ [ 9.739780036015967, 54.328951017256834, 0.0 ], [ 9.740141829176126, 54.328986510304304, 0.0 ] ], [ [ 9.737821361274676, 54.331792961612265, 0.0 ], [ 9.737544800726706, 54.331669739571822, 0.0 ] ], [ [ 9.73784926532189, 54.331771570583001, 0.0 ], [ 9.738128040941842, 54.331895778122529, 0.0 ] ], [ [ 9.73485609941414, 54.334065949486394, 0.0 ], [ 9.734588300837558, 54.333946627605833, 0.0 ] ], [ [ 9.734858449096723, 54.334064148495713, 0.0 ], [ 9.735126175839984, 54.334183437075907, 0.0 ] ], [ [ 9.731592376141432, 54.336567356502762, 0.0 ], [ 9.731287490769086, 54.336431504773628, 0.0 ] ], [ [ 9.731592385466444, 54.336567349356244, 0.0 ], [ 9.731897138318717, 54.33670314036366, 0.0 ] ], [ [ 9.728030411964891, 54.339296873386843, 0.0 ], [ 9.727734874140602, 54.339165181579695, 0.0 ] ], [ [ 9.727988461170268, 54.339329017197294, 0.0 ], [ 9.72828814698862, 54.339462555805191, 0.0 ] ], [ [ 9.724317639195752, 54.340807663674219, 0.0 ], [ 9.724263356673907, 54.340628514991501, 0.0 ] ], [ [ 9.724382022605321, 54.34080100339952, 0.0 ], [ 9.724436919931433, 54.340982178549368, 0.0 ] ], [ [ 9.718817770145899, 54.341376593076419, 0.0 ], [ 9.718750832645783, 54.341155565072611, 0.0 ] ], [ [ 9.718821586921525, 54.341376198457546, 0.0 ], [ 9.718888568051842, 54.34159736800558, 0.0 ] ], [ [ 9.712512201161728, 54.342028475343703, 0.0 ], [ 9.712449592921091, 54.341821611418432, 0.0 ] ], [ [ 9.712523651901048, 54.342027292232828, 0.0 ], [ 9.712586250121189, 54.342234120711367, 0.0 ] ], [ [ 9.707466425398385, 54.342549915784218, 0.0 ], [ 9.707399308294839, 54.342327947706046, 0.0 ] ], [ [ 9.707462623473434, 54.342550308230493, 0.0 ], [ 9.707529543262369, 54.342771621359795, 0.0 ] ], [ [ 9.701461088033733, 54.343310704306937, 0.0 ], [ 9.701369915974576, 54.343107608117791, 0.0 ] ], [ [ 9.701454243826033, 54.343311753126613, 0.0 ], [ 9.701545276272048, 54.343514536292254, 0.0 ] ], [ [ 9.694546015010525, 54.344370156267843, 0.0 ], [ 9.694436504464747, 54.344126118082393, 0.0 ] ], [ [ 9.694887364781462, 54.344317868749087, 0.0 ], [ 9.694989302393269, 54.344545024161931, 0.0 ] ], [ [ 9.688828189390232, 54.345245839856553, 0.0 ], [ 9.688730074201631, 54.345027129305308, 0.0 ] ], [ [ 9.688828189390232, 54.345245839856553, 0.0 ], [ 9.688911337356013, 54.34543118476337, 0.0 ] ], [ [ 9.683519103529857, 54.346058652667452, 0.0 ], [ 9.683415759665767, 54.345828218578156, 0.0 ] ], [ [ 9.683519103529857, 54.346058652667452, 0.0 ], [ 9.683607687140874, 54.346256172488815, 0.0 ] ], [ [ 9.677624269283482, 54.346960828414844, 0.0 ], [ 9.677517479367351, 54.346722634296576, 0.0 ] ], [ [ 9.677624269283482, 54.346960828414844, 0.0 ], [ 9.677716400850514, 54.347166324874763, 0.0 ] ], [ [ 9.670970870257456, 54.347978701760923, 0.0 ], [ 9.670854507261559, 54.347719062164856, 0.0 ] ], [ [ 9.670970870257456, 54.347978701760923, 0.0 ], [ 9.671072798194738, 54.348206129736553, 0.0 ] ], [ [ 9.664339532111599, 54.348992790457743, 0.0 ], [ 9.664233319611427, 54.348755714768423, 0.0 ] ], [ [ 9.664339532111599, 54.348992790457743, 0.0 ], [ 9.664431092109272, 54.349197158171826, 0.0 ] ], [ [ 9.6582858974721, 54.349918172298807, 0.0 ], [ 9.658179869151754, 54.34968143031864, 0.0 ] ], [ [ 9.6582858974721, 54.349918172298807, 0.0 ], [ 9.658377277744693, 54.350122205562457, 0.0 ] ], [ [ 9.651929888478127, 54.35088940905181, 0.0 ], [ 9.651818577137805, 54.350640784420598, 0.0 ] ], [ [ 9.651929888478127, 54.35088940905181, 0.0 ], [ 9.652026692881586, 54.351105628482394, 0.0 ] ], [ [ 9.645705638013535, 54.351840138184031, 0.0 ], [ 9.645602058574578, 54.351608706301, 0.0 ] ], [ [ 9.645315741600999, 54.351899681272251, 0.0 ], [ 9.645412058704133, 54.352114888714468, 0.0 ] ], [ [ 9.639301434060094, 54.352817976013121, 0.0 ], [ 9.639194900404942, 54.352579860739198, 0.0 ] ], [ [ 9.639323747636368, 54.352814569693997, 0.0 ], [ 9.63942958240095, 54.353051119724704, 0.0 ] ], [ [ 9.632510689304425, 54.354654821677151, 0.0 ], [ 9.632263744161659, 54.354447408867408, 0.0 ] ], [ [ 9.632772208501379, 54.354548591441954, 0.0 ], [ 9.63300091078197, 54.354740678460992, 0.0 ] ], [ [ 9.627907544718562, 54.356524457166991, 0.0 ], [ 9.627695493458546, 54.356346335739964, 0.0 ] ], [ [ 9.627500819464753, 54.35668963797103, 0.0 ], [ 9.627696120001115, 54.356853688565316, 0.0 ] ], [ [ 9.62236355149374, 54.358050516516812, 0.0 ], [ 9.62226310475195, 54.357841761867242, 0.0 ] ], [ [ 9.622412066343589, 54.358042553459406, 0.0 ], [ 9.622512643395261, 54.358251576185467, 0.0 ] ], [ [ 9.616481622640359, 54.359459201010047, 0.0 ], [ 9.61629452875542, 54.35925624427037, 0.0 ] ], [ [ 9.616821489647469, 54.359352334095533, 0.0 ], [ 9.616993602985634, 54.359539036453029, 0.0 ] ], [ [ 9.61080366694042, 54.361244338949419, 0.0 ], [ 9.61058246477093, 54.361004346112786, 0.0 ] ], [ [ 9.610803680490912, 54.361244334689694, 0.0 ], [ 9.610997882766791, 54.361455031386825, 0.0 ] ], [ [ 9.604852648381389, 54.363114875808918, 0.0 ], [ 9.604655953481965, 54.362901438938898, 0.0 ] ], [ [ 9.604852661932888, 54.36311487154989, 0.0 ], [ 9.605021812430907, 54.363298417494896, 0.0 ] ], [ [ 9.599026503871725, 54.364945713484538, 0.0 ], [ 9.59881026513788, 54.364711033276109, 0.0 ] ], [ [ 9.599026517424663, 54.364945709226141, 0.0 ], [ 9.599215659978746, 54.365150979882507, 0.0 ] ], [ [ 9.592960324226524, 54.366851512086434, 0.0 ], [ 9.592755448230639, 54.36662912816638, 0.0 ] ], [ [ 9.592960337780664, 54.366851507828706, 0.0 ], [ 9.593137894397739, 54.367044235518264, 0.0 ] ], [ [ 9.587149558819522, 54.36867661282939, 0.0 ], [ 9.586944274849966, 54.36845375207411, 0.0 ] ], [ [ 9.586821615129406, 54.368779603353026, 0.0 ], [ 9.587013630887501, 54.368988059123637, 0.0 ] ], [ [ 9.580606198017367, 54.370306264540012, 0.0 ], [ 9.580494743546552, 54.370090916383326, 0.0 ] ], [ [ 9.581030024404036, 54.370231483068288, 0.0 ], [ 9.581132888485209, 54.370430227135977, 0.0 ] ], [ [ 9.575115396037306, 54.371274920632423, 0.0 ], [ 9.574991774878747, 54.371036003483702, 0.0 ] ], [ [ 9.574758901215011, 54.371337801521172, 0.0 ], [ 9.574874317907801, 54.371560863342978, 0.0 ] ], [ [ 9.568362315982029, 54.37215107863473, 0.0 ], [ 9.568314918357171, 54.371935103905564, 0.0 ] ], [ [ 9.568372347097249, 54.372150328207788, 0.0 ], [ 9.568419829402311, 54.372366686218548, 0.0 ] ], [ [ 9.561050862060961, 54.37269781855008, 0.0 ], [ 9.560995301931548, 54.372444445043492, 0.0 ] ], [ [ 9.561393119913301, 54.372672235161176, 0.0 ], [ 9.561444911867349, 54.37290841263853, 0.0 ] ], [ [ 9.555173724475244, 54.373136971586533, 0.0 ], [ 9.555125093777965, 54.372915054516433, 0.0 ] ], [ [ 9.554747052715513, 54.373168841986157, 0.0 ], [ 9.554791737666555, 54.373372760856952, 0.0 ] ], [ [ 9.548681600480464, 54.373798338459359, 0.0 ], [ 9.548596872214672, 54.373572875309961, 0.0 ] ], [ [ 9.548673285638488, 54.373799403526654, 0.0 ], [ 9.548757892737253, 54.37402454181305, 0.0 ] ], [ [ 9.542200550207809, 54.374628317511203, 0.0 ], [ 9.542122424190936, 54.374420336624524, 0.0 ] ], [ [ 9.542200550207809, 54.374628317511203, 0.0 ], [ 9.542278683616338, 54.374836315895386, 0.0 ] ], [ [ 9.536151182522401, 54.375402674241407, 0.0 ], [ 9.536073111747445, 54.375194759652601, 0.0 ] ], [ [ 9.536151182522401, 54.375402674241407, 0.0 ], [ 9.536229263982205, 54.375610615106808, 0.0 ] ], [ [ 9.529751004052855, 54.376221575722333, 0.0 ], [ 9.529666875418728, 54.375997433518378, 0.0 ] ], [ [ 9.530144840099025, 54.37617119543382, 0.0 ], [ 9.530222364900212, 54.376377735679426, 0.0 ] ], [ [ 9.524209294345381, 54.376930334508124, 0.0 ], [ 9.524119917699304, 54.376692124389145, 0.0 ] ], [ [ 9.524209294345381, 54.376930334508124, 0.0 ], [ 9.524286247241726, 54.377135430074802, 0.0 ] ], [ [ 9.518552955168424, 54.37765346436106, 0.0 ], [ 9.518467244858117, 54.377424942229403, 0.0 ] ], [ [ 9.518207921332642, 54.377697565489953, 0.0 ], [ 9.518286597500007, 54.377907335450843, 0.0 ] ], [ [ 9.512475125409642, 54.379396406397603, 0.0 ], [ 9.512213053184698, 54.379208413560498, 0.0 ] ], [ [ 9.51272915175405, 54.379275732779476, 0.0 ], [ 9.512970401772399, 54.379448786386654, 0.0 ] ], [ [ 9.50767297165994, 54.381677405481327, 0.0 ], [ 9.507403842274384, 54.381484334301533, 0.0 ] ], [ [ 9.507672959717317, 54.381677411153447, 0.0 ], [ 9.507905602807755, 54.381844305415001, 0.0 ] ], [ [ 9.502301360002971, 54.384228366532383, 0.0 ], [ 9.502005478931594, 54.384016083701717, 0.0 ] ], [ [ 9.502304334085466, 54.384226954305014, 0.0 ], [ 9.502564264974719, 54.384413441889834, 0.0 ] ], [ [ 9.497258884898722, 54.386622511787316, 0.0 ], [ 9.497006290205679, 54.386441269715696, 0.0 ] ], [ [ 9.497258884898722, 54.386622511787316, 0.0 ], [ 9.497474451103363, 54.386777183440131, 0.0 ] ], [ [ 9.49245324500405, 54.388903755337552, 0.0 ], [ 9.492173101548062, 54.388702729875583, 0.0 ] ], [ [ 9.492191095243919, 54.389028185676942, 0.0 ], [ 9.492452731020876, 54.389215928867017, 0.0 ] ], [ [ 9.486406836194778, 54.39176959006214, 0.0 ], [ 9.48613812051514, 54.391576221962062, 0.0 ] ], [ [ 9.486676157025816, 54.391642131458383, 0.0 ], [ 9.486932827792417, 54.391826828895127, 0.0 ] ], [ [ 9.481104667825543, 54.394282748286678, 0.0 ], [ 9.480795352204819, 54.394059571089613, 0.0 ] ], [ [ 9.480916719989873, 54.394371448230615, 0.0 ], [ 9.481202010087864, 54.394577288356452, 0.0 ] ], [ [ 9.429165665960062, 54.509484867894599, 0.0 ], [ 9.429321379458608, 54.509653938401392, 0.0 ], [ 9.429395761136359, 54.509733282361253, 0.0 ], [ 9.429470696837468, 54.509812408613271, 0.0 ], [ 9.429546202196915, 54.509891335075224, 0.0 ], [ 9.429622276933419, 54.509970034785468, 0.0 ], [ 9.429698936777092, 54.510048534648547, 0.0 ], [ 9.4297761506522, 54.510126816799598, 0.0 ], [ 9.429853934005163, 54.510204881182574, 0.0 ], [ 9.429932302471501, 54.510282745715067, 0.0 ], [ 9.430011224975274, 54.51036039253227, 0.0 ], [ 9.430090717057382, 54.510437830564932, 0.0 ], [ 9.430170763275063, 54.510515059866911, 0.0 ], [ 9.430251394425547, 54.510592071340298, 0.0 ], [ 9.430332579715524, 54.5106688740808, 0.0 ], [ 9.43041435003645, 54.510745467977202, 0.0 ], [ 9.430475743199866, 54.510802506460621, 0.0 ], [ 9.430496674500752, 54.510821853138431, 0.0 ], [ 9.430579553110318, 54.510898029563371, 0.0 ], [ 9.430622533348995, 54.510937231163766, 0.0 ], [ 9.430663016661857, 54.510973988153879, 0.0 ], [ 9.430747034362691, 54.511049738005816, 0.0 ], [ 9.43083163710379, 54.511125279007807, 0.0 ], [ 9.430916793997548, 54.511200611268833, 0.0 ], [ 9.431002504950939, 54.511275725800857, 0.0 ], [ 9.431088801044979, 54.511350640466176, 0.0 ], [ 9.431175651202217, 54.511425337400119, 0.0 ], [ 9.431263070964089, 54.511499825533207, 0.0 ], [ 9.431351060237271, 54.511574095877378, 0.0 ], [ 9.431439619213648, 54.511648166405038, 0.0 ], [ 9.431528747704876, 54.511722019141303, 0.0 ], [ 9.431618430362207, 54.511795663126883, 0.0 ], [ 9.431708697983154, 54.511869089263385, 0.0 ], [ 9.43179951986871, 54.51194231563359, 0.0 ], [ 9.431890926720934, 54.512015324152074, 0.0 ], [ 9.43198288765106, 54.512088114928048, 0.0 ], [ 9.432075418295682, 54.512160705878649, 0.0 ], [ 9.432168533911698, 54.512233078973644, 0.0 ], [ 9.432259615155788, 54.512305845723589, 0.0 ], [ 9.432259615155788, 54.512305845723589, 0.0 ] ], [ [ 9.429780811888374, 54.509365074962595, 0.0 ], [ 9.429956666689996, 54.509503202084751, 0.0 ], [ 9.430047735035325, 54.509577165855035, 0.0 ], [ 9.430138219092985, 54.509651347328777, 0.0 ], [ 9.430228103322133, 54.509725737575479, 0.0 ], [ 9.430317418609427, 54.509800336486443, 0.0 ], [ 9.430406149509123, 54.509875144117935, 0.0 ], [ 9.430494296019505, 54.509950160471206, 0.0 ], [ 9.43058184269368, 54.510025385602646, 0.0 ], [ 9.430668820513615, 54.510100828390222, 0.0 ], [ 9.430755213938555, 54.510176479903379, 0.0 ], [ 9.430841007427134, 54.510252331211667, 0.0 ], [ 9.430926232056013, 54.510328400179795, 0.0 ], [ 9.431010872284133, 54.510404677877233, 0.0 ], [ 9.431094928109072, 54.510481164305261, 0.0 ], [ 9.431178399624065, 54.510557868451855, 0.0 ], [ 9.431198020891429, 54.510575997430522, 0.0 ], [ 9.431261302082387, 54.51063477228945, 0.0 ], [ 9.431343604686992, 54.510711884916354, 0.0 ], [ 9.431345086722319, 54.5107132816226, 0.0 ], [ 9.431425338420251, 54.510789215210266, 0.0 ], [ 9.431506487645944, 54.510866745253871, 0.0 ], [ 9.431587052551402, 54.510944493021981, 0.0 ], [ 9.431667032945276, 54.511022440542128, 0.0 ], [ 9.431746429014769, 54.51110060578911, 0.0 ], [ 9.431825240663033, 54.511178979777263, 0.0 ], [ 9.431903483332972, 54.511257562452457, 0.0 ], [ 9.431981126037325, 54.511336344939473, 0.0 ], [ 9.432058199854348, 54.511415345102627, 0.0 ], [ 9.432134689336273, 54.511494562998223, 0.0 ], [ 9.432210578846224, 54.511573980709002, 0.0 ], [ 9.432285899366986, 54.511653607112393, 0.0 ], [ 9.432360635546257, 54.511733451251509, 0.0 ], [ 9.432434787286727, 54.51181350414064, 0.0 ], [ 9.432508354491359, 54.511893756794016, 0.0 ], [ 9.432581321997457, 54.511974236228511, 0.0 ], [ 9.432653720408151, 54.512054915374051, 0.0 ], [ 9.432727514832111, 54.512134663797504, 0.0 ], [ 9.432727514832111, 54.512134663797504, 0.0 ] ], [ [ 9.429165665960062, 54.509484867894599, 0.0 ], [ 9.429780811888374, 54.509365074962595, 0.0 ] ], [ [ 9.432259615155788, 54.512305845723589, 0.0 ], [ 9.432727514832111, 54.512134663797504, 0.0 ] ], [ [ 9.432259615155788, 54.512305845723589, 0.0 ], [ 9.43240680994511, 54.512461704607496, 0.0 ], [ 9.432480603917218, 54.512539925360571, 0.0 ], [ 9.432554982818473, 54.512617928281934, 0.0 ], [ 9.432629993082397, 54.512695722191339, 0.0 ], [ 9.432705603725736, 54.512773298211542, 0.0 ], [ 9.432781830100524, 54.512850647299167, 0.0 ], [ 9.432858656954132, 54.512927787482099, 0.0 ], [ 9.432936099639203, 54.513004709716959, 0.0 ], [ 9.433014142807282, 54.513081423044824, 0.0 ], [ 9.433092801715761, 54.513157909435492, 0.0 ], [ 9.433172076462137, 54.513234177874565, 0.0 ], [ 9.433208121929338, 54.513268595281843, 0.0 ], [ 9.433251967144026, 54.513310237347703, 0.0 ], [ 9.433332458222196, 54.51338607892226, 0.0 ], [ 9.433413549698745, 54.513461702597006, 0.0 ], [ 9.433431863620314, 54.513478676554804, 0.0 ], [ 9.433495257021709, 54.513537108315298, 0.0 ], [ 9.43357758019329, 54.513612296075983, 0.0 ], [ 9.433660519215206, 54.513687265877742, 0.0 ], [ 9.433744058643748, 54.513762017774802, 0.0 ], [ 9.433828214022046, 54.51383656069725, 0.0 ], [ 9.43391298516149, 54.51391087667016, 0.0 ], [ 9.433998356808939, 54.513984983721372, 0.0 ], [ 9.434084359667436, 54.514058863764994, 0.0 ], [ 9.434170963037893, 54.514132534884361, 0.0 ], [ 9.434248069274668, 54.514191869606371, 0.0 ], [ 9.434248069274668, 54.514191869606371, 0.0 ] ], [ [ 9.432727514832111, 54.512134663797504, 0.0 ], [ 9.432906931629008, 54.512280367999274, 0.0 ], [ 9.432997013383609, 54.512353425366491, 0.0 ], [ 9.433086480023729, 54.512426709550432, 0.0 ], [ 9.433175362438005, 54.512500220441744, 0.0 ], [ 9.433263629733768, 54.512573958152409, 0.0 ], [ 9.433351297355081, 54.512647922628418, 0.0 ], [ 9.433438349853999, 54.5127221139265, 0.0 ], [ 9.433524818120285, 54.512796531937084, 0.0 ], [ 9.433610671260848, 54.512871176772315, 0.0 ], [ 9.433695924719668, 54.512946048378048, 0.0 ], [ 9.433780578494488, 54.51302114675557, 0.0 ], [ 9.433859096375738, 54.513091494924964, 0.0 ], [ 9.433864617137692, 54.513096471961518, 0.0 ], [ 9.433948071539108, 54.513172023886334, 0.0 ], [ 9.434030910805205, 54.513247802642127, 0.0 ], [ 9.434081217642866, 54.513294211352665, 0.0 ], [ 9.434113150379781, 54.513323808174661, 0.0 ], [ 9.434194790261046, 54.513400040485159, 0.0 ], [ 9.434275815000797, 54.513476499630364, 0.0 ], [ 9.43435624004309, 54.513553185555942, 0.0 ], [ 9.434436065385784, 54.513630098263171, 0.0 ], [ 9.434515275676318, 54.513707246795505, 0.0 ], [ 9.434593886167793, 54.513784613124976, 0.0 ], [ 9.434671897049139, 54.513862215226432, 0.0 ], [ 9.434749292680872, 54.513940035182898, 0.0 ], [ 9.434826088698346, 54.514018090913687, 0.0 ], [ 9.43491352111527, 54.514111503314652, 0.0 ], [ 9.43491352111527, 54.514111503314652, 0.0 ] ], [ [ 9.434248069274668, 54.514191869606371, 0.0 ], [ 9.43491352111527, 54.514111503314652, 0.0 ] ], [ [ 9.434248069274668, 54.514191869606371, 0.0 ], [ 9.434179809645009, 54.514350378843872, 0.0 ], [ 9.434146627233778, 54.514437412923265, 0.0 ], [ 9.434114063197288, 54.51452450768025, 0.0 ], [ 9.434082117348591, 54.514611645141642, 0.0 ], [ 9.434050774340832, 54.51469883435027, 0.0 ], [ 9.434020065070142, 54.514786075195602, 0.0 ], [ 9.433989943201707, 54.514873367844551, 0.0 ], [ 9.433960454982708, 54.514960703144311, 0.0 ], [ 9.433931569715146, 54.515048099179928, 0.0 ], [ 9.433903287307217, 54.515135546964999, 0.0 ], [ 9.43387562311403, 54.515223037457652, 0.0 ], [ 9.433848577234823, 54.515310579645089, 0.0 ], [ 9.433822134322094, 54.515398182570038, 0.0 ], [ 9.433796309635776, 54.515485828203801, 0.0 ], [ 9.43377108782809, 54.515573525589012, 0.0 ], [ 9.433746468902934, 54.515661274726028, 0.0 ], [ 9.433722468215786, 54.515749066572937, 0.0 ], [ 9.433699070514146, 54.515836919159248, 0.0 ], [ 9.43367629105796, 54.515924814456142, 0.0 ], [ 9.433654114595162, 54.516012770493056, 0.0 ], [ 9.433652381657751, 54.516019786696738, 0.0 ], [ 9.433643598725062, 54.516055371419853, 0.0 ], [ 9.433632556385511, 54.516100769241255, 0.0 ], [ 9.433611601081443, 54.516188819743313, 0.0 ], [ 9.433591248686717, 54.51627692199952, 0.0 ], [ 9.433571514652122, 54.516365075954759, 0.0 ], [ 9.433552383439686, 54.516453272677943, 0.0 ], [ 9.433533855243255, 54.516541530142909, 0.0 ], [ 9.433515945323487, 54.51662983032098, 0.0 ], [ 9.433498653779214, 54.516718182199156, 0.0 ], [ 9.433481965167932, 54.516806585833116, 0.0 ], [ 9.43346587949291, 54.516895041223158, 0.0 ], [ 9.433450412205378, 54.516983548314023, 0.0 ], [ 9.43343554786205, 54.517072107161432, 0.0 ], [ 9.433421301914059, 54.517160717710119, 0.0 ], [ 9.433407658822858, 54.517249371028932, 0.0 ], [ 9.433394634230011, 54.517338085036251, 0.0 ], [ 9.433382212501826, 54.517426841814057, 0.0 ], [ 9.433370424632022, 54.517515650238558, 0.0 ], [ 9.433359224282603, 54.517604510476097, 0.0 ], [ 9.433348657799478, 54.51769342236063, 0.0 ], [ 9.433338694291962, 54.517782386003155, 0.0 ], [ 9.433329349211377, 54.517871401348366, 0.0 ], [ 9.433322737918752, 54.517953082355085, 0.0 ], [ 9.433322737918752, 54.517953082355085, 0.0 ] ], [ [ 9.43491352111527, 54.514111503314652, 0.0 ], [ 9.434894942774532, 54.514307975622437, 0.0 ], [ 9.434884720385018, 54.514398351365777, 0.0 ], [ 9.43487384863918, 54.514488675521157, 0.0 ], [ 9.434862373871288, 54.51457894792172, 0.0 ], [ 9.434850249738703, 54.514669168734002, 0.0 ], [ 9.434837507129552, 54.514759337846698, 0.0 ], [ 9.434824145944566, 54.51484944627272, 0.0 ], [ 9.434810150924422, 54.514939512041181, 0.0 ], [ 9.434795537320024, 54.515029517122613, 0.0 ], [ 9.434780289776596, 54.515119470559199, 0.0 ], [ 9.434764423736537, 54.515209372295132, 0.0 ], [ 9.434747939195542, 54.515299222330199, 0.0 ], [ 9.434730820703521, 54.515389020719695, 0.0 ], [ 9.434713083607104, 54.51547875842099, 0.0 ], [ 9.434694728093666, 54.515568453407475, 0.0 ], [ 9.434675738521021, 54.515658087760798, 0.0 ], [ 9.434656130427582, 54.515747670411905, 0.0 ], [ 9.434635903809243, 54.515837201360505, 0.0 ], [ 9.434615058661961, 54.515926680606292, 0.0 ], [ 9.434593594981987, 54.516016108148989, 0.0 ], [ 9.434580446217883, 54.516069602078993, 0.0 ], [ 9.434571571305577, 54.51610517821431, 0.0 ], [ 9.43457149722313, 54.516105475057024, 0.0 ], [ 9.434548796465529, 54.516194799192533, 0.0 ], [ 9.434525461620993, 54.516284062692698, 0.0 ], [ 9.43450149287613, 54.516373283530761, 0.0 ], [ 9.434476920930056, 54.516462443621663, 0.0 ], [ 9.43445171498035, 54.516551552062907, 0.0 ], [ 9.434425905916873, 54.516640608743067, 0.0 ], [ 9.434399462841863, 54.516729613772824, 0.0 ], [ 9.434372385751281, 54.516818567151802, 0.0 ], [ 9.434344705439621, 54.516907459781621, 0.0 ], [ 9.434316391200161, 54.516996309746666, 0.0 ], [ 9.434287458284665, 54.51708509901728, 0.0 ], [ 9.434257891337698, 54.517173836635408, 0.0 ], [ 9.434227705802378, 54.517262522545039, 0.0 ], [ 9.434196901674907, 54.517351156745733, 0.0 ], [ 9.434165478951323, 54.517439739237041, 0.0 ], [ 9.43413342218032, 54.517528270073946, 0.0 ], [ 9.434100731262594, 54.517616740269226, 0.0 ], [ 9.434067421737002, 54.517705158753621, 0.0 ], [ 9.434033493599541, 54.517793525526656, 0.0 ], [ 9.433998915951308, 54.517881840698806, 0.0 ], [ 9.433963735131057, 54.517970104103057, 0.0 ], [ 9.433925850184874, 54.518065593893247, 0.0 ], [ 9.433925850184874, 54.518065593893247, 0.0 ] ], [ [ 9.433322737918752, 54.517953082355085, 0.0 ], [ 9.433925850184874, 54.518065593893247, 0.0 ] ], [ [ 9.433322737918752, 54.517953082355085, 0.0 ], [ 9.433161096761369, 54.518099613375398, 0.0 ], [ 9.433078138760587, 54.518176768914962, 0.0 ], [ 9.432995769549441, 54.518254120003412, 0.0 ], [ 9.432914004387426, 54.518331648612921, 0.0 ], [ 9.432832827829587, 54.51840935480012, 0.0 ], [ 9.432752255515792, 54.518487256484377, 0.0 ], [ 9.432672271810389, 54.518565335748661, 0.0 ], [ 9.432592861363441, 54.518643601636235, 0.0 ], [ 9.432514070520334, 54.518722053982287, 0.0 ], [ 9.432435852844725, 54.5188006839671, 0.0 ], [ 9.432358223882273, 54.518879500523319, 0.0 ], [ 9.432281199082993, 54.518958503596771, 0.0 ], [ 9.432204747458604, 54.519037684312302, 0.0 ], [ 9.43212890000234, 54.519117051547326, 0.0 ], [ 9.432053641268597, 54.519196605358211, 0.0 ], [ 9.431978971164657, 54.519276336759219, 0.0 ], [ 9.43190488978817, 54.51935625473822, 0.0 ], [ 9.43186921166892, 54.519395053990571, 0.0 ], [ 9.431849219706182, 54.519416856383955, 0.0 ], [ 9.431831397141814, 54.519436359296272, 0.0 ], [ 9.431758508580844, 54.519516641392507, 0.0 ], [ 9.431686193306616, 54.519597110125126, 0.0 ], [ 9.43161446667499, 54.519677756453149, 0.0 ], [ 9.431543344231354, 54.519758589309319, 0.0 ], [ 9.431472810530046, 54.519839608749784, 0.0 ], [ 9.43140285003097, 54.519920805843952, 0.0 ], [ 9.431333493727751, 54.520002189469288, 0.0 ], [ 9.431264726174561, 54.52008375968196, 0.0 ], [ 9.431196547279201, 54.520165507496181, 0.0 ], [ 9.431128972587938, 54.520247441844596, 0.0 ], [ 9.431061971206146, 54.520329562838441, 0.0 ], [ 9.430995573938858, 54.520411861381646, 0.0 ], [ 9.430929765434771, 54.520494346517076, 0.0 ], [ 9.430864561145409, 54.520577018190586, 0.0 ], [ 9.430799930176539, 54.520659876513363, 0.0 ], [ 9.43073590333281, 54.520742912389295, 0.0 ], [ 9.43067248071204, 54.520826134806164, 0.0 ], [ 9.430603028966017, 54.520917808622173, 0.0 ], [ 9.430603028966017, 54.520917808622173, 0.0 ] ], [ [ 9.433925850184874, 54.518065593893247, 0.0 ], [ 9.433794544192773, 54.518239158017423, 0.0 ], [ 9.433730989477274, 54.518322085988551, 0.0 ], [ 9.433666830140757, 54.518404836351777, 0.0 ], [ 9.433602081627681, 54.518487409050707, 0.0 ], [ 9.433536743745066, 54.518569786110774, 0.0 ], [ 9.433470816680497, 54.518651985504711, 0.0 ], [ 9.433404300431738, 54.518734007231487, 0.0 ], [ 9.433337179452948, 54.518815842358805, 0.0 ], [ 9.433269484732037, 54.518897499761664, 0.0 ], [ 9.433201185275477, 54.51897897056304, 0.0 ], [ 9.433132296528797, 54.519060254706609, 0.0 ], [ 9.433062834032514, 54.519141361122799, 0.0 ], [ 9.432992766887956, 54.519222289921302, 0.0 ], [ 9.432922110445066, 54.519303032058993, 0.0 ], [ 9.432850880149932, 54.519383587479439, 0.0 ], [ 9.432779045198991, 54.519463965279158, 0.0 ], [ 9.432706621037138, 54.51954416540174, 0.0 ], [ 9.432670046723352, 54.519584352121292, 0.0 ], [ 9.432651919129881, 54.519604197758724, 0.0 ], [ 9.432633607567428, 54.519624178859353, 0.0 ], [ 9.432560020330248, 54.519704014582445, 0.0 ], [ 9.432485828331888, 54.519783663693723, 0.0 ], [ 9.432411047113275, 54.519863135123657, 0.0 ], [ 9.4323356765765, 54.519942419884316, 0.0 ], [ 9.43225973226253, 54.520021526906177, 0.0 ], [ 9.432183183177651, 54.520100447311876, 0.0 ], [ 9.432106044862339, 54.520179190031811, 0.0 ], [ 9.432028332763144, 54.520257755009673, 0.0 ], [ 9.431950015885464, 54.520336133367977, 0.0 ], [ 9.431871109675614, 54.520414325050368, 0.0 ], [ 9.431791614226029, 54.520492339042512, 0.0 ], [ 9.431711529439289, 54.5205701663564, 0.0 ], [ 9.431630839960162, 54.520647816032948, 0.0 ], [ 9.431549576587861, 54.520725278973742, 0.0 ], [ 9.431467708517904, 54.520802564274788, 0.0 ], [ 9.431385251007439, 54.520879653906078, 0.0 ], [ 9.431302204338126, 54.520956574826918, 0.0 ], [ 9.431225094465356, 54.521025143412601, 0.0 ], [ 9.431225094465356, 54.521025143412601, 0.0 ] ], [ [ 9.430603028966017, 54.520917808622173, 0.0 ], [ 9.431225094465356, 54.521025143412601, 0.0 ] ], [ [ 9.429473239375907, 54.509424971819236, 0.0 ], [ 9.432493565436298, 54.512220250493137, 0.0 ], [ 9.43458079552412, 54.514151686917742, 0.0 ], [ 9.433624293639284, 54.518009338501116, 0.0 ], [ 9.430914061309633, 54.52097147641831, 0.0 ] ], [ [ 9.478024920544907, 54.395511276387104, 0.0 ], [ 9.477920910455115, 54.395697951370785, 0.0 ], [ 9.477874294429258, 54.39578454943387, 0.0 ], [ 9.477828295312603, 54.395871234907709, 0.0 ], [ 9.477782897603026, 54.39595799886709, 0.0 ], [ 9.477738116705142, 54.396044841251651, 0.0 ], [ 9.47769395272725, 54.396131771049035, 0.0 ], [ 9.477650390271794, 54.39621878832083, 0.0 ], [ 9.47760742923748, 54.396305884080796, 0.0 ], [ 9.477565100535463, 54.396393067194552, 0.0 ], [ 9.477523357964953, 54.396480337845631, 0.0 ], [ 9.477482232123684, 54.396567677938847, 0.0 ], [ 9.477441723328674, 54.396655114435596, 0.0 ], [ 9.477401800571199, 54.396742629484571, 0.0 ], [ 9.477362494658307, 54.396830222964411, 0.0 ], [ 9.477323805698393, 54.396917903862665, 0.0 ], [ 9.477285702787016, 54.397005663314829, 0.0 ], [ 9.477248216835633, 54.397093510186508, 0.0 ], [ 9.477211347743665, 54.397181435491383, 0.0 ], [ 9.477175064815361, 54.397269448338761, 0.0 ], [ 9.477140311659863, 54.397355244235328, 0.0 ], [ 9.477139398753895, 54.397357539620366, 0.0 ], [ 9.477104318863324, 54.397445718445532, 0.0 ], [ 9.477069855846983, 54.397533975705976, 0.0 ], [ 9.477048460524673, 54.397589611124602, 0.0 ], [ 9.477036009813034, 54.397622320389161, 0.0 ], [ 9.477002749856341, 54.397710743630469, 0.0 ], [ 9.476970106785439, 54.397799245308555, 0.0 ], [ 9.476938049903428, 54.397887834532654, 0.0 ], [ 9.4769066100188, 54.397976511181433, 0.0 ], [ 9.476875786926312, 54.398065257281523, 0.0 ], [ 9.476845550138773, 54.398154099915899, 0.0 ], [ 9.476815930255118, 54.398243020989398, 0.0 ], [ 9.476786911877257, 54.398332020563331, 0.0 ], [ 9.476758495113321, 54.398421107625047, 0.0 ], [ 9.47673067986244, 54.398510273188016, 0.0 ], [ 9.476703481635111, 54.398599526178778, 0.0 ], [ 9.476676884928704, 54.398688857671594, 0.0 ], [ 9.476650889851008, 54.398778276653786, 0.0 ], [ 9.476625511704077, 54.398867774077978, 0.0 ], [ 9.476600735193932, 54.398957358992334, 0.0 ], [ 9.476576560219433, 54.399047022410237, 0.0 ], [ 9.476553002291524, 54.399136773258157, 0.0 ], [ 9.476528749185455, 54.399227686213607, 0.0 ], [ 9.476528749185455, 54.399227686213607, 0.0 ] ], [ [ 9.478559896790449, 54.395707057205598, 0.0 ], [ 9.478528996998795, 54.395872070773009, 0.0 ], [ 9.478507970751773, 54.395961794045434, 0.0 ], [ 9.47848631200887, 54.396051438934812, 0.0 ], [ 9.478464051673367, 54.396141014305677, 0.0 ], [ 9.478441174235385, 54.396230511231757, 0.0 ], [ 9.478417679691084, 54.396319929712789, 0.0 ], [ 9.478393568140891, 54.39640927873527, 0.0 ], [ 9.478368839372257, 54.396498540325048, 0.0 ], [ 9.478343493589831, 54.396587732455593, 0.0 ], [ 9.478317546192178, 54.396676855065479, 0.0 ], [ 9.478290981564005, 54.396765890241475, 0.0 ], [ 9.478263799910707, 54.396854855957116, 0.0 ], [ 9.478236016526145, 54.396943743164009, 0.0 ], [ 9.478207616108739, 54.397032560909679, 0.0 ], [ 9.478178598550167, 54.397121300206798, 0.0 ], [ 9.478148979248502, 54.397209960993877, 0.0 ], [ 9.478118742903039, 54.39729855231851, 0.0 ], [ 9.478087889404865, 54.397387065193207, 0.0 ], [ 9.478056434152512, 54.39747549955657, 0.0 ], [ 9.478041363422413, 54.397517269572042, 0.0 ], [ 9.478024377246527, 54.397563864395046, 0.0 ], [ 9.4779917031767, 54.397652150782278, 0.0 ], [ 9.47795841193952, 54.397740358717719, 0.0 ], [ 9.477952223967398, 54.397756587426329, 0.0 ], [ 9.477924519037341, 54.397828497126838, 0.0 ], [ 9.477890008960292, 54.397916557083157, 0.0 ], [ 9.477854897106228, 54.398004538525221, 0.0 ], [ 9.477819183576667, 54.398092450439435, 0.0 ], [ 9.477782852860708, 54.398180283899315, 0.0 ], [ 9.477745905059136, 54.398268047891236, 0.0 ], [ 9.477708355465866, 54.398355733366756, 0.0 ], [ 9.477670188675468, 54.398443340386308, 0.0 ], [ 9.477631420085858, 54.398530868888322, 0.0 ], [ 9.477592034396055, 54.39861832792014, 0.0 ], [ 9.47755203149765, 54.398705708494226, 0.0 ], [ 9.477511426893738, 54.398793019535951, 0.0 ], [ 9.477470220476496, 54.398880252057829, 0.0 ], [ 9.477428381436676, 54.398967406181086, 0.0 ], [ 9.477385940680717, 54.39905449077019, 0.0 ], [ 9.47734288259341, 54.399141487911514, 0.0 ], [ 9.477299222886758, 54.399228424504315, 0.0 ], [ 9.47725588342665, 54.399315099179908, 0.0 ], [ 9.47725588342665, 54.399315099179908, 0.0 ] ], [ [ 9.478024920544907, 54.395511276387104, 0.0 ], [ 9.478559896790449, 54.395707057205598, 0.0 ] ], [ [ 9.476528749185455, 54.399227686213607, 0.0 ], [ 9.47725588342665, 54.399315099179908, 0.0 ] ], [ [ 9.476528749185455, 54.399227686213607, 0.0 ], [ 9.476449472169003, 54.399402039305457, 0.0 ], [ 9.476410449471832, 54.399489208904328, 0.0 ], [ 9.476372074468852, 54.399576456817982, 0.0 ], [ 9.476334347059849, 54.399663774060109, 0.0 ], [ 9.476297267457225, 54.399751178605179, 0.0 ], [ 9.476260850859445, 54.399838652419056, 0.0 ], [ 9.476225066568581, 54.399926204610907, 0.0 ], [ 9.476189945290759, 54.400013826072765, 0.0 ], [ 9.476155456431892, 54.400101534900571, 0.0 ], [ 9.476121615190849, 54.400189313060302, 0.0 ], [ 9.476088437078399, 54.400277169478571, 0.0 ], [ 9.476055891292892, 54.400365104277526, 0.0 ], [ 9.476024008644503, 54.400453117336063, 0.0 ], [ 9.475997037937541, 54.400529014037879, 0.0 ], [ 9.47599275822644, 54.40054119978933, 0.0 ], [ 9.475976269004777, 54.400588448409984, 0.0 ], [ 9.475962155654233, 54.400629369550913, 0.0 ], [ 9.475932200723729, 54.40071760864739, 0.0 ], [ 9.475902893438665, 54.400805917079296, 0.0 ], [ 9.47587423401141, 54.40089431282091, 0.0 ], [ 9.475846222238212, 54.40098277789884, 0.0 ], [ 9.475818858226443, 54.401071321300414, 0.0 ], [ 9.475792141980941, 54.401159943026116, 0.0 ], [ 9.475766073505001, 54.401248643076329, 0.0 ], [ 9.475740652803362, 54.401337421451487, 0.0 ], [ 9.475715864371907, 54.401426269225745, 0.0 ], [ 9.475691739125878, 54.401515195264984, 0.0 ], [ 9.475668261666351, 54.401604199630334, 0.0 ], [ 9.475645431996773, 54.401693282322128, 0.0 ], [ 9.475623265421447, 54.401782434293075, 0.0 ], [ 9.4756017313447, 54.401871673638858, 0.0 ], [ 9.475578298141285, 54.401960542996079, 0.0 ], [ 9.475578298141285, 54.401960542996079, 0.0 ] ], [ [ 9.47725588342665, 54.399315099179908, 0.0 ], [ 9.477211006213572, 54.39949349582124, 0.0 ], [ 9.477187996094637, 54.399582570570814, 0.0 ], [ 9.477164338015152, 54.399671566990776, 0.0 ], [ 9.477140032076079, 54.399760494067735, 0.0 ], [ 9.477115078063942, 54.399849333827461, 0.0 ], [ 9.477089491482257, 54.399938095195573, 0.0 ], [ 9.477063241520797, 54.400026778293501, 0.0 ], [ 9.477036343579099, 54.400115383059898, 0.0 ], [ 9.477008813055575, 54.400203909433465, 0.0 ], [ 9.476980619140395, 54.400292357535605, 0.0 ], [ 9.476951792635337, 54.40038072724402, 0.0 ], [ 9.47692231823835, 54.400469027606093, 0.0 ], [ 9.476892195736051, 54.400557240647551, 0.0 ], [ 9.476865690750717, 54.400633315451245, 0.0 ], [ 9.476861440632344, 54.400645375293927, 0.0 ], [ 9.476844629942942, 54.40069271517811, 0.0 ], [ 9.476830022116534, 54.400733431666495, 0.0 ], [ 9.476797970991685, 54.400821409643058, 0.0 ], [ 9.47676527185004, 54.400909309283954, 0.0 ], [ 9.476731924687796, 54.400997130588664, 0.0 ], [ 9.47669792950099, 54.401084873556655, 0.0 ], [ 9.476663301688989, 54.401172538126573, 0.0 ], [ 9.476628025844862, 54.401260124358693, 0.0 ], [ 9.476592086560684, 54.401347632313346, 0.0 ], [ 9.476555514639687, 54.401435061868227, 0.0 ], [ 9.476518294570173, 54.401522404096703, 0.0 ], [ 9.476480426556675, 54.401609676972065, 0.0 ], [ 9.476441910491332, 54.401696871506736, 0.0 ], [ 9.476402746369715, 54.401783987700142, 0.0 ], [ 9.476362949592092, 54.401871025490856, 0.0 ], [ 9.476322489242991, 54.401957976012937, 0.0 ], [ 9.476283986881906, 54.402045080563397, 0.0 ], [ 9.476283986881906, 54.402045080563397, 0.0 ] ], [ [ 9.475578298141285, 54.401960542996079, 0.0 ], [ 9.476283986881906, 54.402045080563397, 0.0 ] ], [ [ 9.475578298141285, 54.401960542996079, 0.0 ], [ 9.475502384090227, 54.402132114012446, 0.0 ], [ 9.47546414211704, 54.402217923091627, 0.0 ], [ 9.475426532481086, 54.402303810551778, 0.0 ], [ 9.475389585890584, 54.402389767285165, 0.0 ], [ 9.475353287152947, 54.40247581132693, 0.0 ], [ 9.475317620764251, 54.402561933751386, 0.0 ], [ 9.475282602028203, 54.402648125511483, 0.0 ], [ 9.4752482311569, 54.402734404581651, 0.0 ], [ 9.47521450794591, 54.402820752988553, 0.0 ], [ 9.475181432607549, 54.402907188706571, 0.0 ], [ 9.475148989533064, 54.402993693823056, 0.0 ], [ 9.475117194339228, 54.403080286251694, 0.0 ], [ 9.475088225560226, 54.403160863996895, 0.0 ], [ 9.475086046820952, 54.403166948019127, 0.0 ], [ 9.475071860844317, 54.403207069447561, 0.0 ], [ 9.475055547190808, 54.403253697099679, 0.0 ], [ 9.47502569524455, 54.403340515520028, 0.0 ], [ 9.474996475789874, 54.403427421315087, 0.0 ], [ 9.47496790402686, 54.403514396450809, 0.0 ], [ 9.474939980063773, 54.403601449914632, 0.0 ], [ 9.474912704007998, 54.403688590693875, 0.0 ], [ 9.474886060251706, 54.403775800875728, 0.0 ], [ 9.474860079711354, 54.4038630893263, 0.0 ], [ 9.474834731581922, 54.403950456167237, 0.0 ], [ 9.474810031376038, 54.404037910325243, 0.0 ], [ 9.474785978889969, 54.404125433826849, 0.0 ], [ 9.474762574231244, 54.404213035659374, 0.0 ], [ 9.474739817404046, 54.404300715823133, 0.0 ], [ 9.474720749649823, 54.404381029822709, 0.0 ], [ 9.474720749649823, 54.404381029822709, 0.0 ] ], [ [ 9.476283986881906, 54.402045080563397, 0.0 ], [ 9.476237126174205, 54.402224410274272, 0.0 ], [ 9.476213904507105, 54.402314150689413, 0.0 ], [ 9.476190004028934, 54.402403812891372, 0.0 ], [ 9.476165440139095, 54.402493396818983, 0.0 ], [ 9.47614019742992, 54.402582902532565, 0.0 ], [ 9.476114275896428, 54.402672330031827, 0.0 ], [ 9.47608769083487, 54.402761670268539, 0.0 ], [ 9.476060442448828, 54.402850941216165, 0.0 ], [ 9.476032499718213, 54.402940125021942, 0.0 ], [ 9.476003908954658, 54.403029230490048, 0.0 ], [ 9.475974639346093, 54.403118257741546, 0.0 ], [ 9.475944690783932, 54.403207197788994, 0.0 ], [ 9.475916240741787, 54.403289867738934, 0.0 ], [ 9.475914078876688, 54.403296068545096, 0.0 ], [ 9.47590006207087, 54.40333609953079, 0.0 ], [ 9.475882788111601, 54.403384861083083, 0.0 ], [ 9.475850833784786, 54.403473566354833, 0.0 ], [ 9.475818200591592, 54.403562193407431, 0.0 ], [ 9.475784903932761, 54.403650742179671, 0.0 ], [ 9.475750928399318, 54.403739212731729, 0.0 ], [ 9.475716289391512, 54.403827605002292, 0.0 ], [ 9.475680971396894, 54.40391591006459, 0.0 ], [ 9.475644974619515, 54.40400414589196, 0.0 ], [ 9.475608314251355, 54.404092294449157, 0.0 ], [ 9.47557099039258, 54.404180364722578, 0.0 ], [ 9.475532972229907, 54.404268356832993, 0.0 ], [ 9.475494290568374, 54.404356270658376, 0.0 ], [ 9.475454929998978, 54.404444106258801, 0.0 ], [ 9.475411850227584, 54.404539380041953, 0.0 ], [ 9.475411850227584, 54.404539380041953, 0.0 ] ], [ [ 9.474720749649823, 54.404381029822709, 0.0 ], [ 9.475411850227584, 54.404539380041953, 0.0 ] ], [ [ 9.474720749649823, 54.404381029822709, 0.0 ], [ 9.474547341564053, 54.404523235578267, 0.0 ], [ 9.474458100330367, 54.404598118526273, 0.0 ], [ 9.474369446645394, 54.404673214793185, 0.0 ], [ 9.474281365002497, 54.40474851545379, 0.0 ], [ 9.474193870807827, 54.40482402044892, 0.0 ], [ 9.474106948762882, 54.40489973882719, 0.0 ], [ 9.474020598869028, 54.404975670589906, 0.0 ], [ 9.473934836429386, 54.405051806690786, 0.0 ], [ 9.473849646041142, 54.405128147191604, 0.0 ], [ 9.473765043111126, 54.405204692033045, 0.0 ], [ 9.47368099693495, 54.405281450324253, 0.0 ], [ 9.473597538324428, 54.405358421945387, 0.0 ], [ 9.473514667178447, 54.405435597910788, 0.0 ], [ 9.473464737905831, 54.405482438120472, 0.0 ], [ 9.473432368093498, 54.405512978282069, 0.0 ], [ 9.473428268463508, 54.405516840947826, 0.0 ], [ 9.473350641071709, 54.405590563060365, 0.0 ], [ 9.473269486218761, 54.405668361233758, 0.0 ], [ 9.47318891883825, 54.405746363756109, 0.0 ], [ 9.473108923630516, 54.405824579675858, 0.0 ], [ 9.473029500494286, 54.405903000007214, 0.0 ], [ 9.47295064943166, 54.40598162475127, 0.0 ], [ 9.472872385953551, 54.40606046283574, 0.0 ], [ 9.472794709958361, 54.40613950527478, 0.0 ], [ 9.47271759074151, 54.406218761177186, 0.0 ], [ 9.472641059011874, 54.406298221436359, 0.0 ], [ 9.47256511477236, 54.406377886053441, 0.0 ], [ 9.472489742722733, 54.40645776407672, 0.0 ], [ 9.47241494276188, 54.406537846520401, 0.0 ], [ 9.472340730400983, 54.406618142312098, 0.0 ], [ 9.472265015350461, 54.406697742925516, 0.0 ], [ 9.472265015350461, 54.406697742925516, 0.0 ] ], [ [ 9.475411850227584, 54.404539380041953, 0.0 ], [ 9.475257883456226, 54.404705362621137, 0.0 ], [ 9.475183543501288, 54.404784519311214, 0.0 ], [ 9.475108630785803, 54.404863462512992, 0.0 ], [ 9.475033176221325, 54.404942201091004, 0.0 ], [ 9.47495714909962, 54.40502074415248, 0.0 ], [ 9.474880580124671, 54.405099082588173, 0.0 ], [ 9.474803438484487, 54.405177216518254, 0.0 ], [ 9.47472573958181, 54.405255145881057, 0.0 ], [ 9.474647483414964, 54.405332870675558, 0.0 ], [ 9.474568670085695, 54.405410399887593, 0.0 ], [ 9.474489299487937, 54.40548772452911, 0.0 ], [ 9.474409356214673, 54.405564844659636, 0.0 ], [ 9.474328871074174, 54.405641760156932, 0.0 ], [ 9.474247828763176, 54.405718480067371, 0.0 ], [ 9.474240970638087, 54.405724932968447, 0.0 ], [ 9.474204393277704, 54.40575929151705, 0.0 ], [ 9.474166229175855, 54.405794995402921, 0.0 ], [ 9.474084072310708, 54.405871306162496, 0.0 ], [ 9.474001342760086, 54.405947412405446, 0.0 ], [ 9.473918071436417, 54.406023322996553, 0.0 ], [ 9.473834242725376, 54.406099020021351, 0.0 ], [ 9.473749841427123, 54.406174521513009, 0.0 ], [ 9.473664898246675, 54.406249818362461, 0.0 ], [ 9.473579382475426, 54.406324919676464, 0.0 ], [ 9.473493324714644, 54.406399807358994, 0.0 ], [ 9.473406694359172, 54.406474499503695, 0.0 ], [ 9.47331950670903, 54.406548987061974, 0.0 ], [ 9.473231777167921, 54.406623269972172, 0.0 ], [ 9.473143459621303, 54.406697357401349, 0.0 ], [ 9.473054600076756, 54.406771231193133, 0.0 ], [ 9.472965183334141, 54.406844909380574, 0.0 ], [ 9.472877359985459, 54.406919183407638, 0.0 ], [ 9.472877359985459, 54.406919183407638, 0.0 ] ], [ [ 9.472265015350461, 54.406697742925516, 0.0 ], [ 9.472877359985459, 54.406919183407638, 0.0 ] ], [ [ 9.472265015350461, 54.406697742925516, 0.0 ], [ 9.472088664723149, 54.406842877462196, 0.0 ], [ 9.472000020310871, 54.406915554314743, 0.0 ], [ 9.471911917159032, 54.406988435692682, 0.0 ], [ 9.471824370571598, 54.407061512550079, 0.0 ], [ 9.471737380756997, 54.40713480286194, 0.0 ], [ 9.471650947613449, 54.40720829764259, 0.0 ], [ 9.471565055737027, 54.40728199695333, 0.0 ], [ 9.471479705129262, 54.40735590079538, 0.0 ], [ 9.471394926603478, 54.407430009049477, 0.0 ], [ 9.471310689246797, 54.40750431285025, 0.0 ], [ 9.471226993266923, 54.407578830172639, 0.0 ], [ 9.471143853865646, 54.407653542983795, 0.0 ], [ 9.47106127114766, 54.407728460271706, 0.0 ], [ 9.470982660179793, 54.407800441115988, 0.0 ], [ 9.470979229811768, 54.407803591084701, 0.0 ], [ 9.470897745059771, 54.40787891738978, 0.0 ], [ 9.470816816996471, 54.407954448175047, 0.0 ], [ 9.470786225071958, 54.407983174216504, 0.0 ], [ 9.470736430217771, 54.40803018350168, 0.0 ], [ 9.470656584725528, 54.408106123370743, 0.0 ], [ 9.470577311230677, 54.40818225867622, 0.0 ], [ 9.47049856372268, 54.408258607573288, 0.0 ], [ 9.470420388319408, 54.408335160895881, 0.0 ], [ 9.470342754106957, 54.408411909778231, 0.0 ], [ 9.47026566129321, 54.408488872195264, 0.0 ], [ 9.470189140486861, 54.408566030054054, 0.0 ], [ 9.470113161083065, 54.408643401449574, 0.0 ], [ 9.470037738284493, 54.408720968349023, 0.0 ], [ 9.46996285678985, 54.408798739800311, 0.0 ], [ 9.469888532109971, 54.408876724731371, 0.0 ], [ 9.469834170902859, 54.408942256331933, 0.0 ], [ 9.469834170902859, 54.408942256331933, 0.0 ] ], [ [ 9.472877359985459, 54.406919183407638, 0.0 ], [ 9.472729938751849, 54.407079942330917, 0.0 ], [ 9.472656269476573, 54.407160604661826, 0.0 ], [ 9.472582027624354, 54.407241071467155, 0.0 ], [ 9.472507197580368, 54.407321324832388, 0.0 ], [ 9.472431810257433, 54.407401373622733, 0.0 ], [ 9.472355834841593, 54.40748121795778, 0.0 ], [ 9.472279286839596, 54.407560866763021, 0.0 ], [ 9.472202150637271, 54.407640302123838, 0.0 ], [ 9.472124457250114, 54.407719541892476, 0.0 ], [ 9.472046175761468, 54.407798577201362, 0.0 ], [ 9.471967336980468, 54.407877407928957, 0.0 ], [ 9.471887910093464, 54.407956034194576, 0.0 ], [ 9.471807910607223, 54.408034464923865, 0.0 ], [ 9.47172733831324, 54.40811268214177, 0.0 ], [ 9.471689928910413, 54.408148741766041, 0.0 ], [ 9.471646193416266, 54.408190703821042, 0.0 ], [ 9.471564475810551, 54.408268520973614, 0.0 ], [ 9.471504713716252, 54.40832496128867, 0.0 ], [ 9.471482185494166, 54.408346133598343, 0.0 ], [ 9.471399322464904, 54.408423541694042, 0.0 ], [ 9.471315871315069, 54.408500745319728, 0.0 ], [ 9.471231862957737, 54.408577753340765, 0.0 ], [ 9.471147266372453, 54.408654547902557, 0.0 ], [ 9.47106209716906, 54.408731146917461, 0.0 ], [ 9.470976370649755, 54.408807541337346, 0.0 ], [ 9.470890040593245, 54.408883731341284, 0.0 ], [ 9.470803153216355, 54.408959716747738, 0.0 ], [ 9.470715693111154, 54.409035497615562, 0.0 ], [ 9.470627644972184, 54.409111082990556, 0.0 ], [ 9.470539023997839, 54.409186454837581, 0.0 ], [ 9.470449830289777, 54.409261622142218, 0.0 ], [ 9.470339818762817, 54.409350036963993, 0.0 ], [ 9.470339818762817, 54.409350036963993, 0.0 ] ], [ [ 9.469834170902859, 54.408942256331933, 0.0 ], [ 9.470339818762817, 54.409350036963993, 0.0 ] ], [ [ 9.469834170902859, 54.408942256331933, 0.0 ], [ 9.469555537509914, 54.408966833764801, 0.0 ], [ 9.469403161299386, 54.408983001645055, 0.0 ], [ 9.469250943140658, 54.408999528211481, 0.0 ], [ 9.469098882926794, 54.409016404477718, 0.0 ], [ 9.468946965350526, 54.409033639491206, 0.0 ], [ 9.468795205711741, 54.409051224205669, 0.0 ], [ 9.468643604007008, 54.40906915862174, 0.0 ], [ 9.468492144825944, 54.409087442799787, 0.0 ], [ 9.468340828267406, 54.409106085727309, 0.0 ], [ 9.468189684935943, 54.409125069311422, 0.0 ], [ 9.468038684219936, 54.409144411646182, 0.0 ], [ 9.467887826012868, 54.409164103745184, 0.0 ], [ 9.467737125820076, 54.409184154536163, 0.0 ], [ 9.46769088279177, 54.409190382246358, 0.0 ], [ 9.467586583433416, 54.409204546045871, 0.0 ], [ 9.467436183647271, 54.409225296308421, 0.0 ], [ 9.46728592635551, 54.40924639633743, 0.0 ], [ 9.467135842368164, 54.409267846014167, 0.0 ], [ 9.466986946774522, 54.409289488626307, 0.0 ], [ 9.46698590086779, 54.409289645458507, 0.0 ], [ 9.466836101851545, 54.409311794670991, 0.0 ], [ 9.466686460824073, 54.409334302579509, 0.0 ], [ 9.466536977577743, 54.409357151210756, 0.0 ], [ 9.466387636906473, 54.409380358598767, 0.0 ], [ 9.466238438704648, 54.409403915757103, 0.0 ], [ 9.466089413781956, 54.409427822567338, 0.0 ], [ 9.465940531423639, 54.409452088135971, 0.0 ], [ 9.465791791524088, 54.409476703476628, 0.0 ], [ 9.465643209486533, 54.409501668530361, 0.0 ], [ 9.465494785307191, 54.409526983297816, 0.0 ], [ 9.465346503677827, 54.409552656825845, 0.0 ], [ 9.465198379900075, 54.409578680068719, 0.0 ], [ 9.465050413970005, 54.409605053026951, 0.0 ], [ 9.464902590579449, 54.409631784747475, 0.0 ], [ 9.464754925131363, 54.409658875171466, 0.0 ], [ 9.464607402012454, 54.409686306384927, 0.0 ], [ 9.464460052337278, 54.409714105230606, 0.0 ], [ 9.464312829679113, 54.409742253913109, 0.0 ], [ 9.464166912833516, 54.40977008283626, 0.0 ], [ 9.464166912833516, 54.40977008283626, 0.0 ] ], [ [ 9.470339818762817, 54.409350036963993, 0.0 ], [ 9.470014660221914, 54.409407546618233, 0.0 ], [ 9.469866540142153, 54.409432245453736, 0.0 ], [ 9.469718308130332, 54.409456603024246, 0.0 ], [ 9.469569933171078, 54.409480601475387, 0.0 ], [ 9.469421430880711, 54.409504258720602, 0.0 ], [ 9.469272816668726, 54.409527574699439, 0.0 ], [ 9.469124059520537, 54.409550531557471, 0.0 ], [ 9.46897519045784, 54.409573147148286, 0.0 ], [ 9.46882617867114, 54.409595421591135, 0.0 ], [ 9.468677054874565, 54.409617345778884, 0.0 ], [ 9.468527788258468, 54.409638919830762, 0.0 ], [ 9.468378409742318, 54.409660152613576, 0.0 ], [ 9.468228903820329, 54.409681035199753, 0.0 ], [ 9.468079270598817, 54.409701576575749, 0.0 ], [ 9.468017351595529, 54.409709968250262, 0.0 ], [ 9.467929509978653, 54.409721767754149, 0.0 ], [ 9.467779621963635, 54.4097416087345, 0.0 ], [ 9.467629606762038, 54.409761117490135, 0.0 ], [ 9.467479479477218, 54.409780267000116, 0.0 ], [ 9.467329209605952, 54.409799084344193, 0.0 ], [ 9.467329209605952, 54.409799084344193, 0.0 ], [ 9.467178812252309, 54.409817542501358, 0.0 ], [ 9.467028303030627, 54.409835659385351, 0.0 ], [ 9.466877651131224, 54.409853435114961, 0.0 ], [ 9.466726887269122, 54.409870860583602, 0.0 ], [ 9.466575996143257, 54.409887944837273, 0.0 ], [ 9.466424977655061, 54.409904678888644, 0.0 ], [ 9.46627383180846, 54.409921062737148, 0.0 ], [ 9.46612254330233, 54.40993710542881, 0.0 ], [ 9.465971142852013, 54.40995279785713, 0.0 ], [ 9.465819630562649, 54.409968149008627, 0.0 ], [ 9.465667975420674, 54.409983141027944, 0.0 ], [ 9.465516193142991, 54.409997800815873, 0.0 ], [ 9.465364283426528, 54.410012101411127, 0.0 ], [ 9.465212246479798, 54.410026060787096, 0.0 ], [ 9.465060097610689, 54.410039669896996, 0.0 ], [ 9.464907806009888, 54.410052928859123, 0.0 ], [ 9.464755387087552, 54.410065837613558, 0.0 ], [ 9.464602840847677, 54.410078396159847, 0.0 ], [ 9.464450182700807, 54.410090604438167, 0.0 ], [ 9.464298987909237, 54.410102788918223, 0.0 ], [ 9.464298987909237, 54.410102788918223, 0.0 ] ], [ [ 9.464166912833516, 54.40977008283626, 0.0 ], [ 9.464298987909237, 54.410102788918223, 0.0 ] ], [ [ 9.464166912833516, 54.40977008283626, 0.0 ], [ 9.463861377677697, 54.409798138812256, 0.0 ], [ 9.463708883162537, 54.409812484510908, 0.0 ], [ 9.463556546767578, 54.409827197889847, 0.0 ], [ 9.463404353081833, 54.409842279008792, 0.0 ], [ 9.463252302101324, 54.409857727868371, 0.0 ], [ 9.463100409229046, 54.409873544409947, 0.0 ], [ 9.462948643647504, 54.409889728752354, 0.0 ], [ 9.462797051573149, 54.409906280718772, 0.0 ], [ 9.462645586781568, 54.409923200487114, 0.0 ], [ 9.4624942800829, 54.409940487939778, 0.0 ], [ 9.462343131472776, 54.409958143077297, 0.0 ], [ 9.462192110033007, 54.409976157031402, 0.0 ], [ 9.462041246674303, 54.409994538671491, 0.0 ], [ 9.461890541392778, 54.410013287998218, 0.0 ], [ 9.461739963371175, 54.410032405130003, 0.0 ], [ 9.46158954341937, 54.410051889949564, 0.0 ], [ 9.461439266025488, 54.410071733529414, 0.0 ], [ 9.461326668458307, 54.410086858326807, 0.0 ], [ 9.461289146693446, 54.41009194479809, 0.0 ], [ 9.461210396545582, 54.41010270706159, 0.0 ], [ 9.461139170013139, 54.410112523815137, 0.0 ], [ 9.460989335980187, 54.410133470581037, 0.0 ], [ 9.460839659897211, 54.410154776050597, 0.0 ], [ 9.460690111047683, 54.410176449328929, 0.0 ], [ 9.460540720240896, 54.410198490298939, 0.0 ], [ 9.460391487473792, 54.410220898961242, 0.0 ], [ 9.460242397335689, 54.410243675375135, 0.0 ], [ 9.460093449721812, 54.410266810554234, 0.0 ], [ 9.459944644729203, 54.41029031348603, 0.0 ], [ 9.459795997761201, 54.410314184112309, 0.0 ], [ 9.459647493406948, 54.41033842249238, 0.0 ], [ 9.459499147070163, 54.410363028568099, 0.0 ], [ 9.4593509279327, 54.41038800245731, 0.0 ], [ 9.459202882211899, 54.410413343984644, 0.0 ], [ 9.459054963582791, 54.410439044339626, 0.0 ], [ 9.458907203056391, 54.410465121379389, 0.0 ], [ 9.458759585121873, 54.410491566176184, 0.0 ], [ 9.458612125182318, 54.410518378671959, 0.0 ], [ 9.458464807827255, 54.410545558925854, 0.0 ], [ 9.458317569777112, 54.410571579333421, 0.0 ], [ 9.458317569777112, 54.410571579333421, 0.0 ] ], [ [ 9.464298987909237, 54.410102788918223, 0.0 ], [ 9.464003565441708, 54.410156069716521, 0.0 ], [ 9.463855826747464, 54.410182350456431, 0.0 ], [ 9.463707960446744, 54.410208263025076, 0.0 ], [ 9.463559935729926, 54.410233807540372, 0.0 ], [ 9.463411768006937, 54.410258983942533, 0.0 ], [ 9.463263457180357, 54.410283783244132, 0.0 ], [ 9.463115003456775, 54.410308223418504, 0.0 ], [ 9.462966391230026, 54.41033228655035, 0.0 ], [ 9.462817651520632, 54.410355990494786, 0.0 ], [ 9.462668768722644, 54.41037931733652, 0.0 ], [ 9.462519727635307, 54.410402285107914, 0.0 ], [ 9.462370558874222, 54.410424875716522, 0.0 ], [ 9.462221231831233, 54.410447107253731, 0.0 ], [ 9.46207176181608, 54.410468970672987, 0.0 ], [ 9.461922164137993, 54.410490456927874, 0.0 ], [ 9.461772408189681, 54.410511584109699, 0.0 ], [ 9.461622509280573, 54.41053234317198, 0.0 ], [ 9.461509712957069, 54.41054771155482, 0.0 ], [ 9.461472467414248, 54.410552734114226, 0.0 ], [ 9.461389590985528, 54.410563835815672, 0.0 ], [ 9.461322282594518, 54.410572756935807, 0.0 ], [ 9.461171954926506, 54.410592420623225, 0.0 ], [ 9.461021484211743, 54.410611707202037, 0.0 ], [ 9.460870870656127, 54.410630634645564, 0.0 ], [ 9.460720098654466, 54.410649185038196, 0.0 ], [ 9.460569199226553, 54.410667376235658, 0.0 ], [ 9.460418156767807, 54.410685190322347, 0.0 ], [ 9.460266956076042, 54.410702645330339, 0.0 ], [ 9.460115627868976, 54.410719732154647, 0.0 ], [ 9.459964141235504, 54.410736441925295, 0.0 ], [ 9.459812511787831, 54.410752792556842, 0.0 ], [ 9.459660754836495, 54.410768775003099, 0.0 ], [ 9.459508839470351, 54.41078438039402, 0.0 ], [ 9.459356781301626, 54.410799626644206, 0.0 ], [ 9.459204580133473, 54.410814495779249, 0.0 ], [ 9.459052236070022, 54.41082899678554, 0.0 ], [ 9.458899733708213, 54.410843129721094, 0.0 ], [ 9.458747103866152, 54.41085689446821, 0.0 ], [ 9.458594315733905, 54.410870291143468, 0.0 ], [ 9.458442047878338, 54.410884755140295, 0.0 ], [ 9.458442047878338, 54.410884755140295, 0.0 ] ], [ [ 9.458317569777112, 54.410571579333421, 0.0 ], [ 9.458442047878338, 54.410884755140295, 0.0 ] ], [ [ 9.458317569777112, 54.410571579333421, 0.0 ], [ 9.458014784822929, 54.410598441699698, 0.0 ], [ 9.457863044084245, 54.41061174360312, 0.0 ], [ 9.457711446017358, 54.410625413254813, 0.0 ], [ 9.457559975311423, 54.410639459700739, 0.0 ], [ 9.457408662576787, 54.410653864850666, 0.0 ], [ 9.457257477095212, 54.410668637808882, 0.0 ], [ 9.457106449676889, 54.410683778459223, 0.0 ], [ 9.456955549504052, 54.410699286918856, 0.0 ], [ 9.456804791979348, 54.410715163130057, 0.0 ], [ 9.456654192506839, 54.410731407034994, 0.0 ], [ 9.456503720267877, 54.410748018750823, 0.0 ], [ 9.456353375158791, 54.410764989291117, 0.0 ], [ 9.456203188089695, 54.410782327526789, 0.0 ], [ 9.456053143650182, 54.410800033516644, 0.0 ], [ 9.455903226429074, 54.410818107319443, 0.0 ], [ 9.455753451829288, 54.410836548877519, 0.0 ], [ 9.455603819747774, 54.41085534920439, 0.0 ], [ 9.455454330280066, 54.410874517287567, 0.0 ], [ 9.455386602884166, 54.410883328829826, 0.0 ], [ 9.455304983422646, 54.410894053127556, 0.0 ], [ 9.455155779072177, 54.41091394773801, 0.0 ], [ 9.455123717154889, 54.410918274735792, 0.0 ], [ 9.455006717423682, 54.410934219093285, 0.0 ], [ 9.454857782867634, 54.410954849278141, 0.0 ], [ 9.454708990906482, 54.410975847221906, 0.0 ], [ 9.454560341536681, 54.410997212925132, 0.0 ], [ 9.454411850062225, 54.411018937343364, 0.0 ], [ 9.454263470456635, 54.411041038625136, 0.0 ], [ 9.454115248738841, 54.411063498622944, 0.0 ], [ 9.45396716959746, 54.411086326382339, 0.0 ], [ 9.453819217621707, 54.411109521961777, 0.0 ], [ 9.453671423622014, 54.411133085245893, 0.0 ], [ 9.45352375678026, 54.411157016351027, 0.0 ], [ 9.453376232400643, 54.411181306232898, 0.0 ], [ 9.453228866085507, 54.411205972807998, 0.0 ], [ 9.453081626917239, 54.411231007205679, 0.0 ], [ 9.452934530299574, 54.411256409368576, 0.0 ], [ 9.452787560821086, 54.411282179355027, 0.0 ], [ 9.45264074939206, 54.411308326036846, 0.0 ], [ 9.452464595244427, 54.41134233862568, 0.0 ], [ 9.452464595244427, 54.41134233862568, 0.0 ] ], [ [ 9.458442047878338, 54.410884755140295, 0.0 ], [ 9.458144927159301, 54.410938908787195, 0.0 ], [ 9.457996114190836, 54.410966157053778, 0.0 ], [ 9.457847158150361, 54.410993028211728, 0.0 ], [ 9.45769802822687, 54.411019522377408, 0.0 ], [ 9.457548755138557, 54.411045630446424, 0.0 ], [ 9.457399323482207, 54.411071352476597, 0.0 ], [ 9.457249717954623, 54.411096697512676, 0.0 ], [ 9.457099969273729, 54.411121656450369, 0.0 ], [ 9.456950062136288, 54.411146238334382, 0.0 ], [ 9.456800011853655, 54.411170434118873, 0.0 ], [ 9.456649787715101, 54.411194252906853, 0.0 ], [ 9.456499405131769, 54.411217694639433, 0.0 ], [ 9.456348879414703, 54.411240750270778, 0.0 ], [ 9.456198179753633, 54.411263419916821, 0.0 ], [ 9.456047337166652, 54.411285721434318, 0.0 ], [ 9.455896336050602, 54.411307636907154, 0.0 ], [ 9.455745176409419, 54.411329166334625, 0.0 ], [ 9.455674502489746, 54.411339103592724, 0.0 ], [ 9.455593858446713, 54.411350327690087, 0.0 ], [ 9.45544238196676, 54.41137110299902, 0.0 ], [ 9.455408319859732, 54.411375716227653, 0.0 ], [ 9.455290762380905, 54.411391492202682, 0.0 ], [ 9.455138968978524, 54.411411504403738, 0.0 ], [ 9.454987032577762, 54.411431139485323, 0.0 ], [ 9.454834922268422, 54.411450388576093, 0.0 ], [ 9.454682668969145, 54.41146926054622, 0.0 ], [ 9.454530257276211, 54.411487755453209, 0.0 ], [ 9.454377687094057, 54.411505864309518, 0.0 ], [ 9.454224973834371, 54.411523587056493, 0.0 ], [ 9.454072086785803, 54.411540932796534, 0.0 ], [ 9.453919041359546, 54.411557901471021, 0.0 ], [ 9.453765852868065, 54.41157448403446, 0.0 ], [ 9.453612490500461, 54.41159068060211, 0.0 ], [ 9.45345898517523, 54.411606500044471, 0.0 ], [ 9.453305305981662, 54.411621933489833, 0.0 ], [ 9.453151483739241, 54.411636980821747, 0.0 ], [ 9.452997503144125, 54.411651651084526, 0.0 ], [ 9.452871618312059, 54.411658567501121, 0.0 ], [ 9.452871618312059, 54.411658567501121, 0.0 ] ], [ [ 9.452464595244427, 54.41134233862568, 0.0 ], [ 9.452871618312059, 54.411658567501121, 0.0 ] ], [ [ 9.478292408032042, 54.39560916709469, 0.0 ], [ 9.476892315922766, 54.399271393244938, 0.0 ], [ 9.475931149853789, 54.402002812265636, 0.0 ], [ 9.475066299275523, 54.404460205428521, 0.0 ], [ 9.472571194547363, 54.406808463527156, 0.0 ], [ 9.470086993577103, 54.409146146918538, 0.0 ], [ 9.464232950102224, 54.409936435898146, 0.0 ], [ 9.458379808538755, 54.410728162761906, 0.0 ], [ 9.452668105994649, 54.411500453238439, 0.0 ] ], [ [ 9.47751222500451, 54.397649976845571, 0.0 ], [ 9.477048457229925, 54.397589611948867, 0.0 ] ], [ [ 9.477494253820629, 54.39769698359428, 0.0 ], [ 9.477952220685429, 54.397756591511708, 0.0 ] ], [ [ 9.47751222500451, 54.397649976845571, 0.0 ], [ 9.477048457229925, 54.397589611948867, 0.0 ] ], [ [ 9.477494253820629, 54.39769698359428, 0.0 ], [ 9.477952220685429, 54.397756591511708, 0.0 ] ], [ [ 9.47643147052966, 54.400581057856279, 0.0 ], [ 9.475997032234048, 54.40052901718164, 0.0 ] ], [ [ 9.476431386886784, 54.400581295551156, 0.0 ], [ 9.476865690475435, 54.400633318394121, 0.0 ] ], [ [ 9.475489722370906, 54.403257125187835, 0.0 ], [ 9.475071855712207, 54.403207069542958, 0.0 ] ], [ [ 9.475479652931071, 54.403285736519827, 0.0 ], [ 9.475900071064963, 54.403336096219292, 0.0 ] ], [ [ 9.47643147052966, 54.400581057856279, 0.0 ], [ 9.475997032234048, 54.40052901718164, 0.0 ] ], [ [ 9.476431386886784, 54.400581295551156, 0.0 ], [ 9.476865690475435, 54.400633318394121, 0.0 ] ], [ [ 9.475489722370906, 54.403257125187835, 0.0 ], [ 9.475071855712207, 54.403207069542958, 0.0 ] ], [ [ 9.475479652931071, 54.403285736519827, 0.0 ], [ 9.475900071064963, 54.403336096219292, 0.0 ] ], [ [ 9.47643147052966, 54.400581057856279, 0.0 ], [ 9.475997032234048, 54.40052901718164, 0.0 ] ], [ [ 9.476431386886784, 54.400581295551156, 0.0 ], [ 9.476865690475435, 54.400633318394121, 0.0 ] ], [ [ 9.475489722370906, 54.403257125187835, 0.0 ], [ 9.475071855712207, 54.403207069542958, 0.0 ] ], [ [ 9.475479652931071, 54.403285736519827, 0.0 ], [ 9.475900071064963, 54.403336096219292, 0.0 ] ], [ [ 9.47643147052966, 54.400581057856279, 0.0 ], [ 9.475997032234048, 54.40052901718164, 0.0 ] ], [ [ 9.476431386886784, 54.400581295551156, 0.0 ], [ 9.476865690475435, 54.400633318394121, 0.0 ] ], [ [ 9.475489722370906, 54.403257125187835, 0.0 ], [ 9.475071855712207, 54.403207069542958, 0.0 ] ], [ [ 9.475479652931071, 54.403285736519827, 0.0 ], [ 9.475900071064963, 54.403336096219292, 0.0 ] ], [ [ 9.47643147052966, 54.400581057856279, 0.0 ], [ 9.475997032234048, 54.40052901718164, 0.0 ] ], [ [ 9.476431386886784, 54.400581295551156, 0.0 ], [ 9.476865690475435, 54.400633318394121, 0.0 ] ], [ [ 9.475489722370906, 54.403257125187835, 0.0 ], [ 9.475071855712207, 54.403207069542958, 0.0 ] ], [ [ 9.475479652931071, 54.403285736519827, 0.0 ], [ 9.475900071064963, 54.403336096219292, 0.0 ] ], [ [ 9.47643147052966, 54.400581057856279, 0.0 ], [ 9.475997032234048, 54.40052901718164, 0.0 ] ], [ [ 9.476431386886784, 54.400581295551156, 0.0 ], [ 9.476865690475435, 54.400633318394121, 0.0 ] ], [ [ 9.475489722370906, 54.403257125187835, 0.0 ], [ 9.475071855712207, 54.403207069542958, 0.0 ] ], [ [ 9.475479652931071, 54.403285736519827, 0.0 ], [ 9.475900071064963, 54.403336096219292, 0.0 ] ], [ [ 9.47751222500451, 54.397649976845571, 0.0 ], [ 9.477048457229925, 54.397589611948867, 0.0 ] ], [ [ 9.477494253820629, 54.39769698359428, 0.0 ], [ 9.477952220685429, 54.397756591511708, 0.0 ] ], [ [ 9.47643147052966, 54.400581057856279, 0.0 ], [ 9.475997032234048, 54.40052901718164, 0.0 ] ], [ [ 9.476431386886784, 54.400581295551156, 0.0 ], [ 9.476865690475435, 54.400633318394121, 0.0 ] ], [ [ 9.475489722370906, 54.403257125187835, 0.0 ], [ 9.475071855712207, 54.403207069542958, 0.0 ] ], [ [ 9.475479652931071, 54.403285736519827, 0.0 ], [ 9.475900071064963, 54.403336096219292, 0.0 ] ], [ [ 9.473837110823936, 54.40561709253231, 0.0 ], [ 9.473464730656744, 54.405482437286089, 0.0 ] ], [ [ 9.473866427102822, 54.405589501551646, 0.0 ], [ 9.474240970080393, 54.405724936796958, 0.0 ] ], [ [ 9.471173919497588, 54.408123366427866, 0.0 ], [ 9.47078623084645, 54.407983172451289, 0.0 ] ], [ [ 9.471110985635557, 54.408182587853837, 0.0 ], [ 9.471504713901709, 54.408324963661293, 0.0 ] ], [ [ 9.467796054658306, 54.409455458371447, 0.0 ], [ 9.467690880115395, 54.409190379853257, 0.0 ] ], [ [ 9.467910251941953, 54.409440041147299, 0.0 ], [ 9.468017353178627, 54.409709970106967, 0.0 ] ], [ [ 9.461418250877589, 54.41031720572677, 0.0 ], [ 9.461326675287159, 54.41008685768746, 0.0 ] ], [ [ 9.461418085778579, 54.410317228059057, 0.0 ], [ 9.461509714610285, 54.410547707340434, 0.0 ] ], [ [ 9.455218068375348, 54.411155704842933, 0.0 ], [ 9.455123714489826, 54.410918278019416, 0.0 ] ], [ [ 9.455315645785387, 54.411142511438449, 0.0 ], [ 9.455408324262036, 54.411375718194051, 0.0 ] ], [ [ 9.47643147052966, 54.400581057856279, 0.0 ], [ 9.475997032234048, 54.40052901718164, 0.0 ] ], [ [ 9.476431386886784, 54.400581295551156, 0.0 ], [ 9.476865690475435, 54.400633318394121, 0.0 ] ], [ [ 9.475489722370906, 54.403257125187835, 0.0 ], [ 9.475071855712207, 54.403207069542958, 0.0 ] ], [ [ 9.475479652931071, 54.403285736519827, 0.0 ], [ 9.475900071064963, 54.403336096219292, 0.0 ] ], [ [ 9.47643147052966, 54.400581057856279, 0.0 ], [ 9.475997032234048, 54.40052901718164, 0.0 ] ], [ [ 9.476431386886784, 54.400581295551156, 0.0 ], [ 9.476865690475435, 54.400633318394121, 0.0 ] ], [ [ 9.475489722370906, 54.403257125187835, 0.0 ], [ 9.475071855712207, 54.403207069542958, 0.0 ] ], [ [ 9.475479652931071, 54.403285736519827, 0.0 ], [ 9.475900071064963, 54.403336096219292, 0.0 ] ], [ [ 9.47643147052966, 54.400581057856279, 0.0 ], [ 9.475997032234048, 54.40052901718164, 0.0 ] ], [ [ 9.476431386886784, 54.400581295551156, 0.0 ], [ 9.476865690475435, 54.400633318394121, 0.0 ] ], [ [ 9.475489722370906, 54.403257125187835, 0.0 ], [ 9.475071855712207, 54.403207069542958, 0.0 ] ], [ [ 9.475479652931071, 54.403285736519827, 0.0 ], [ 9.475900071064963, 54.403336096219292, 0.0 ] ], [ [ 9.47643147052966, 54.400581057856279, 0.0 ], [ 9.475997032234048, 54.40052901718164, 0.0 ] ], [ [ 9.476431386886784, 54.400581295551156, 0.0 ], [ 9.476865690475435, 54.400633318394121, 0.0 ] ], [ [ 9.475489722370906, 54.403257125187835, 0.0 ], [ 9.475071855712207, 54.403207069542958, 0.0 ] ], [ [ 9.475479652931071, 54.403285736519827, 0.0 ], [ 9.475900071064963, 54.403336096219292, 0.0 ] ], [ [ 9.47643147052966, 54.400581057856279, 0.0 ], [ 9.475997032234048, 54.40052901718164, 0.0 ] ], [ [ 9.476431386886784, 54.400581295551156, 0.0 ], [ 9.476865690475435, 54.400633318394121, 0.0 ] ], [ [ 9.475489722370906, 54.403257125187835, 0.0 ], [ 9.475071855712207, 54.403207069542958, 0.0 ] ], [ [ 9.475479652931071, 54.403285736519827, 0.0 ], [ 9.475900071064963, 54.403336096219292, 0.0 ] ], [ [ 9.47751222500451, 54.397649976845571, 0.0 ], [ 9.477048457229925, 54.397589611948867, 0.0 ] ], [ [ 9.477494253820629, 54.39769698359428, 0.0 ], [ 9.477952220685429, 54.397756591511708, 0.0 ] ], [ [ 9.47643147052966, 54.400581057856279, 0.0 ], [ 9.475997032234048, 54.40052901718164, 0.0 ] ], [ [ 9.476431386886784, 54.400581295551156, 0.0 ], [ 9.476865690475435, 54.400633318394121, 0.0 ] ], [ [ 9.475489722370906, 54.403257125187835, 0.0 ], [ 9.475071855712207, 54.403207069542958, 0.0 ] ], [ [ 9.475479652931071, 54.403285736519827, 0.0 ], [ 9.475900071064963, 54.403336096219292, 0.0 ] ], [ [ 9.473837110823936, 54.40561709253231, 0.0 ], [ 9.473464730656744, 54.405482437286089, 0.0 ] ], [ [ 9.473866427102822, 54.405589501551646, 0.0 ], [ 9.474240970080393, 54.405724936796958, 0.0 ] ], [ [ 9.471173919497588, 54.408123366427866, 0.0 ], [ 9.47078623084645, 54.407983172451289, 0.0 ] ], [ [ 9.471110985635557, 54.408182587853837, 0.0 ], [ 9.471504713901709, 54.408324963661293, 0.0 ] ], [ [ 9.467796054658306, 54.409455458371447, 0.0 ], [ 9.467690880115395, 54.409190379853257, 0.0 ] ], [ [ 9.467910251941953, 54.409440041147299, 0.0 ], [ 9.468017353178627, 54.409709970106967, 0.0 ] ], [ [ 9.461418250877589, 54.41031720572677, 0.0 ], [ 9.461326675287159, 54.41008685768746, 0.0 ] ], [ [ 9.461418085778579, 54.410317228059057, 0.0 ], [ 9.461509714610285, 54.410547707340434, 0.0 ] ], [ [ 9.455218068375348, 54.411155704842933, 0.0 ], [ 9.455123714489826, 54.410918278019416, 0.0 ] ], [ [ 9.455315645785387, 54.411142511438449, 0.0 ], [ 9.455408324262036, 54.411375718194051, 0.0 ] ], [ [ 9.430823968144951, 54.510675112380227, 0.0 ], [ 9.430475740361167, 54.510802503022006, 0.0 ] ], [ [ 9.430853184579547, 54.51070215206316, 0.0 ], [ 9.431198023796426, 54.510575999243585, 0.0 ] ], [ [ 9.433734019611489, 54.513368142167316, 0.0 ], [ 9.433431871372402, 54.51347867881028, 0.0 ] ], [ [ 9.433775136880442, 54.51340618994432, 0.0 ], [ 9.43408121951493, 54.513294212539328, 0.0 ] ], [ [ 9.434108139940705, 54.516058037274412, 0.0 ], [ 9.433652381318028, 54.516019786140028, 0.0 ] ], [ [ 9.434114959296101, 54.516030534198656, 0.0 ], [ 9.434580442148112, 54.516069599625432, 0.0 ] ], [ [ 9.432228947450845, 54.519534437817128, 0.0 ], [ 9.431849214939369, 54.519416854367783, 0.0 ] ], [ [ 9.432272585799465, 54.519486743506604, 0.0 ], [ 9.432651911060089, 54.519604198945004, 0.0 ] ], [ [ 9.336545604695031, 54.718719288354485, 0.0 ], [ 9.336874220021999, 54.718958412597928, 0.0 ] ], [ [ 9.313971199928298, 54.726654614373224, 0.0 ], [ 9.313809682156792, 54.726796701065481, 0.0 ], [ 9.313730930878217, 54.726873409801065, 0.0 ], [ 9.313653611197894, 54.726950555129235, 0.0 ], [ 9.313577707663933, 54.727028146079547, 0.0 ], [ 9.313503235670002, 54.727106164641171, 0.0 ], [ 9.313430195222015, 54.727184610816735, 0.0 ], [ 9.313395074060583, 54.727223048414523, 0.0 ], [ 9.313358570868496, 54.727263493635611, 0.0 ], [ 9.31328836261517, 54.727342813100265, 0.0 ], [ 9.313219585926072, 54.727422560186369, 0.0 ], [ 9.31315222528011, 54.727502734936458, 0.0 ], [ 9.313086280752946, 54.727583346339536, 0.0 ], [ 9.313050262111554, 54.727628310573671, 0.0 ], [ 9.313021752350961, 54.727664394397834, 0.0 ], [ 9.312958639941792, 54.727745861140363, 0.0 ], [ 9.312894186670981, 54.727844765710863, 0.0 ], [ 9.312894186670981, 54.727844765710863, 0.0 ] ], [ [ 9.31421720864811, 54.726696025490405, 0.0 ], [ 9.31410256203986, 54.726867341837085, 0.0 ], [ 9.314042753827129, 54.72694796481494, 0.0 ], [ 9.313981544808625, 54.727028186988093, 0.0 ], [ 9.313918934977259, 54.727108008354435, 0.0 ], [ 9.313918934977259, 54.727108008354435, 0.0 ], [ 9.313854908799708, 54.727187428952071, 0.0 ], [ 9.313789497323986, 54.727266448698273, 0.0 ], [ 9.313757124191262, 54.727304807384918, 0.0 ], [ 9.313722685086432, 54.727345076617731, 0.0 ], [ 9.31365447201085, 54.72742330372148, 0.0 ], [ 9.313584873688075, 54.727501138953606, 0.0 ], [ 9.313513874515486, 54.727578573365371, 0.0 ], [ 9.313441474487156, 54.727655606954265, 0.0 ], [ 9.313367689193973, 54.727732248664267, 0.0 ], [ 9.313292518630213, 54.72780849849287, 0.0 ], [ 9.313217657496226, 54.727868553254545, 0.0 ], [ 9.313217657496226, 54.727868553254545, 0.0 ] ], [ [ 9.313971199928298, 54.726654614373224, 0.0 ], [ 9.31421720864811, 54.726696025490405, 0.0 ] ], [ [ 9.312894186670981, 54.727844765710863, 0.0 ], [ 9.313217657496226, 54.727868553254545, 0.0 ] ], [ [ 9.313904112380238, 54.726643321147705, 0.0 ], [ 9.312945783431701, 54.72784855061731, 0.0 ] ], [ [ 9.336545604695031, 54.718719288354485, 0.0 ], [ 9.336291573355604, 54.718825077071806, 0.0 ], [ 9.336166394115359, 54.71887858172844, 0.0 ], [ 9.336041558007237, 54.71893231896, 0.0 ], [ 9.335917033982817, 54.718986288853664, 0.0 ], [ 9.335792853089298, 54.71904049132435, 0.0 ], [ 9.335669015251172, 54.719094917386442, 0.0 ], [ 9.335545489568903, 54.719149585100261, 0.0 ], [ 9.335422307014944, 54.719204485394123, 0.0 ], [ 9.33529943646616, 54.719259609368471, 0.0 ], [ 9.335176909044405, 54.71931496592488, 0.0 ], [ 9.335054724823504, 54.719370564051019, 0.0 ], [ 9.334932852605444, 54.719426385860572, 0.0 ], [ 9.33481130791384, 54.719482431311548, 0.0 ], [ 9.334690106420688, 54.719538718335237, 0.0 ], [ 9.334569232527054, 54.719595237988955, 0.0 ], [ 9.33444868615757, 54.719651981287051, 0.0 ], [ 9.334328467386211, 54.719708957217129, 0.0 ], [ 9.334208591736505, 54.719766165737298, 0.0 ], [ 9.334207416479851, 54.719766726164025, 0.0 ], [ 9.334089028159042, 54.719823606934227, 0.0 ], [ 9.334001553106395, 54.719865879618204, 0.0 ], [ 9.333969807701896, 54.719881280723207, 0.0 ], [ 9.333850914766421, 54.719939178161432, 0.0 ], [ 9.333732349499183, 54.719997317223104, 0.0 ], [ 9.333614111752414, 54.720055679935896, 0.0 ], [ 9.333496201599406, 54.72011427528745, 0.0 ], [ 9.333378634563346, 54.720173103235958, 0.0 ], [ 9.333261379595511, 54.720232163867799, 0.0 ], [ 9.333144467670101, 54.720291448111929, 0.0 ], [ 9.333027883409878, 54.720350973985163, 0.0 ], [ 9.332911626666299, 54.7204107235153, 0.0 ], [ 9.332795713037852, 54.720470705647159, 0.0 ], [ 9.332680127072409, 54.720530929411041, 0.0 ], [ 9.332564868622653, 54.720591376834584, 0.0 ], [ 9.33244993776186, 54.720652056905394, 0.0 ], [ 9.332335334488777, 54.720712969624358, 0.0 ], [ 9.332221074254896, 54.720774105963201, 0.0 ], [ 9.332107141681671, 54.7208354839387, 0.0 ], [ 9.331994928837549, 54.720898366876412, 0.0 ], [ 9.331994928837549, 54.720898366876412, 0.0 ] ], [ [ 9.336874220021999, 54.718958412597928, 0.0 ], [ 9.336652835423642, 54.719082866734844, 0.0 ], [ 9.336539989106518, 54.719144686243027, 0.0 ], [ 9.336426814577592, 54.719206281886379, 0.0 ], [ 9.336313296238776, 54.719267644720581, 0.0 ], [ 9.336199434090457, 54.719328774744589, 0.0 ], [ 9.336085243731656, 54.719389680900989, 0.0 ], [ 9.335970725088007, 54.719450354202266, 0.0 ], [ 9.335855862710579, 54.719510803677174, 0.0 ], [ 9.335740656525294, 54.719571020338108, 0.0 ], [ 9.335625137581021, 54.719631004098012, 0.0 ], [ 9.335509259379853, 54.719690764071743, 0.0 ], [ 9.335393068495181, 54.719750300129178, 0.0 ], [ 9.335276518205623, 54.719809594425186, 0.0 ], [ 9.335159655307802, 54.719868673789719, 0.0 ], [ 9.335042448530704, 54.71992751134789, 0.0 ], [ 9.334924898097512, 54.71998613405858, 0.0 ], [ 9.334807034835109, 54.720044514875056, 0.0 ], [ 9.334688812318721, 54.720102671898438, 0.0 ], [ 9.33468723520307, 54.720103449124217, 0.0 ], [ 9.334570277122515, 54.72016060499891, 0.0 ], [ 9.334479417252783, 54.720204738662488, 0.0 ], [ 9.33445138259958, 54.720218305317701, 0.0 ], [ 9.334332175323691, 54.720275772725074, 0.0 ], [ 9.334212624320809, 54.720333016292443, 0.0 ], [ 9.334092745115838, 54.720390035975981, 0.0 ], [ 9.333972522036806, 54.720446813844326, 0.0 ], [ 9.333851970831136, 54.720503376813468, 0.0 ], [ 9.333731075826455, 54.720559706951995, 0.0 ], [ 9.333609852548516, 54.720615804216131, 0.0 ], [ 9.333488285473019, 54.720671668647633, 0.0 ], [ 9.333366390199233, 54.720727309189371, 0.0 ], [ 9.333244166727756, 54.720782725840316, 0.0 ], [ 9.333121599387152, 54.720837900669032, 0.0 ], [ 9.332998688399638, 54.720892860634287, 0.0 ], [ 9.332875449068775, 54.720947578732478, 0.0 ], [ 9.33275188154299, 54.721002072935903, 0.0 ], [ 9.332627970224941, 54.721056334299568, 0.0 ], [ 9.332503715188576, 54.721110371809026, 0.0 ], [ 9.332377121158904, 54.721163202390201, 0.0 ], [ 9.332377121158904, 54.721163202390201, 0.0 ] ], [ [ 9.336545604695031, 54.718719288354485, 0.0 ], [ 9.336874220021999, 54.718958412597928, 0.0 ] ], [ [ 9.331994928837549, 54.720898366876412, 0.0 ], [ 9.332377121158904, 54.721163202390201, 0.0 ] ], [ [ 9.336709911874767, 54.718838850589414, 0.0 ], [ 9.332186024375133, 54.721030784786201, 0.0 ] ], [ [ 9.331994928837549, 54.720898366876412, 0.0 ], [ 9.331722113653434, 54.720967576161428, 0.0 ], [ 9.331582407523785, 54.721006089884931, 0.0 ], [ 9.331443076660324, 54.721044961892403, 0.0 ], [ 9.331304121133268, 54.721084201171728, 0.0 ], [ 9.331165540940413, 54.72112380772419, 0.0 ], [ 9.331027320480612, 54.721163772606928, 0.0 ], [ 9.330889475276333, 54.721204095778695, 0.0 ], [ 9.330752005398274, 54.72124478622743, 0.0 ], [ 9.330614895319052, 54.721285843996753, 0.0 ], [ 9.330478160487461, 54.721327260058921, 0.0 ], [ 9.330341800974583, 54.721369043401836, 0.0 ], [ 9.33020580117965, 54.721411185082431, 0.0 ], [ 9.330070176698237, 54.721453694046239, 0.0 ], [ 9.329934927381428, 54.721496552321298, 0.0 ], [ 9.329800037921471, 54.721539786910945, 0.0 ], [ 9.32966552362163, 54.721583370814308, 0.0 ], [ 9.329531384698738, 54.721627330992455, 0.0 ], [ 9.329397605406003, 54.721671640529031, 0.0 ], [ 9.329264201412489, 54.72171631735619, 0.0 ], [ 9.329131157117404, 54.72176135253082, 0.0 ], [ 9.329070527387776, 54.721782034219288, 0.0 ], [ 9.32901040934086, 54.721802642592436, 0.0 ], [ 9.328998488043888, 54.72180674601185, 0.0 ], [ 9.328866178737435, 54.721852506829329, 0.0 ], [ 9.328734244720657, 54.721898634942278, 0.0 ], [ 9.328602685845706, 54.721945112378691, 0.0 ], [ 9.328471486730855, 54.721991957155119, 0.0 ], [ 9.328340662899121, 54.722039169230612, 0.0 ], [ 9.32821021427532, 54.72208673961979, 0.0 ], [ 9.328080125332436, 54.722134668365925, 0.0 ], [ 9.327950411665592, 54.722182964414699, 0.0 ], [ 9.327821057675461, 54.722231618822754, 0.0 ], [ 9.327692078884983, 54.722280631549225, 0.0 ], [ 9.327563475364229, 54.722330011581903, 0.0 ], [ 9.327435247111726, 54.722379758922017, 0.0 ], [ 9.327307378526989, 54.722429864626051, 0.0 ], [ 9.327179885206126, 54.722480337639816, 0.0 ], [ 9.327052751549292, 54.722531169019831, 0.0 ], [ 9.326926008677512, 54.722582367669986, 0.0 ], [ 9.326799625538316, 54.72263393367529, 0.0 ], [ 9.326673617582147, 54.722685858008361, 0.0 ], [ 9.326547984879996, 54.722738149657012, 0.0 ], [ 9.326422711904247, 54.722790808664236, 0.0 ], [ 9.326318830456199, 54.722841199138045, 0.0 ], [ 9.326318830456199, 54.722841199138045, 0.0 ] ], [ [ 9.332377121158904, 54.721163202390201, 0.0 ], [ 9.332118969510873, 54.721277117679904, 0.0 ], [ 9.331993044310281, 54.721330224614064, 0.0 ], [ 9.331866727717227, 54.721382973016524, 0.0 ], [ 9.331740035111547, 54.721435344870272, 0.0 ], [ 9.331612966641833, 54.721487358147421, 0.0 ], [ 9.33148553776202, 54.721539003817611, 0.0 ], [ 9.331357717497143, 54.721590290951347, 0.0 ], [ 9.331229521227653, 54.721641201531682, 0.0 ], [ 9.331100949102002, 54.721691753530649, 0.0 ], [ 9.330972001122756, 54.721741946947084, 0.0 ], [ 9.330842677144979, 54.721791763806515, 0.0 ], [ 9.330712977317649, 54.721841222081018, 0.0 ], [ 9.330582901642353, 54.721890321769408, 0.0 ], [ 9.330452465573513, 54.721939053841446, 0.0 ], [ 9.330321638063122, 54.721987418380735, 0.0 ], [ 9.330190434711092, 54.722035424330251, 0.0 ], [ 9.330058871045296, 54.722083071646487, 0.0 ], [ 9.329926915871273, 54.72213034243962, 0.0 ], [ 9.329794600460508, 54.722177263583703, 0.0 ], [ 9.329661893546188, 54.722223808202202, 0.0 ], [ 9.329533734255451, 54.722268309278157, 0.0 ], [ 9.329528826399505, 54.722270003169193, 0.0 ], [ 9.329477038196762, 54.722287848123202, 0.0 ], [ 9.329395383279103, 54.722315821565914, 0.0 ], [ 9.32926156440603, 54.72236129035096, 0.0 ], [ 9.329127369563412, 54.722406382563207, 0.0 ], [ 9.328992798899742, 54.722451116174703, 0.0 ], [ 9.328857852417498, 54.722495491184141, 0.0 ], [ 9.328722530045951, 54.722539498603723, 0.0 ], [ 9.328586847385809, 54.722583147376604, 0.0 ], [ 9.328450773315931, 54.722626428599241, 0.0 ], [ 9.328314323364074, 54.72266934222823, 0.0 ], [ 9.328177513130971, 54.722711897206828, 0.0 ], [ 9.328040311495524, 54.722754084631326, 0.0 ], [ 9.327902733985839, 54.722795904458359, 0.0 ], [ 9.327764796202205, 54.722837365631229, 0.0 ], [ 9.327626467023808, 54.722878459246132, 0.0 ], [ 9.327487761978515, 54.722919185259727, 0.0 ], [ 9.327348696667501, 54.722959552615379, 0.0 ], [ 9.327209239896817, 54.722999543422517, 0.0 ], [ 9.327069407340105, 54.723039175611099, 0.0 ], [ 9.326929198926825, 54.723078440193241, 0.0 ], [ 9.326788614660206, 54.723117337167594, 0.0 ], [ 9.326647639089774, 54.723155875561396, 0.0 ], [ 9.326484652079074, 54.723196917555143, 0.0 ], [ 9.326484652079074, 54.723196917555143, 0.0 ] ], [ [ 9.331994928837549, 54.720898366876412, 0.0 ], [ 9.332377121158904, 54.721163202390201, 0.0 ] ], [ [ 9.326318830456199, 54.722841199138045, 0.0 ], [ 9.326484652079074, 54.723196917555143, 0.0 ] ], [ [ 9.326318830456199, 54.722841199138045, 0.0 ], [ 9.326027464949835, 54.722818941806935, 0.0 ], [ 9.325871687758671, 54.722810365340699, 0.0 ], [ 9.325715898642262, 54.722802229060392, 0.0 ], [ 9.325560112976834, 54.722794514950948, 0.0 ], [ 9.325404315376584, 54.722787241027369, 0.0 ], [ 9.325248536742603, 54.722780389232966, 0.0 ], [ 9.325092746163978, 54.722773977624456, 0.0 ], [ 9.324936959016279, 54.722767988186831, 0.0 ], [ 9.324781175367185, 54.722762429906801, 0.0 ], [ 9.324625395211674, 54.722757302784359, 0.0 ], [ 9.324469602947122, 54.722752597874525, 0.0 ], [ 9.324313829763639, 54.722748333067301, 0.0 ], [ 9.324158044461377, 54.722744490472671, 0.0 ], [ 9.324002262561136, 54.722741070049054, 0.0 ], [ 9.323846468675969, 54.72273808981123, 0.0 ], [ 9.323690693708155, 54.722735531702945, 0.0 ], [ 9.323534906673855, 54.722733404793814, 0.0 ], [ 9.32337912302188, 54.722731700055746, 0.0 ], [ 9.323223327293453, 54.722730426516819, 0.0 ], [ 9.323067550463156, 54.722729575107508, 0.0 ], [ 9.322911761617753, 54.722729163883969, 0.0 ], [ 9.322834101293328, 54.722729110348801, 0.0 ], [ 9.322826338430344, 54.722729113072248, 0.0 ], [ 9.322755976063698, 54.722729165844889, 0.0 ], [ 9.322600194010324, 54.722729607950221, 0.0 ], [ 9.322444415310027, 54.722730472226615, 0.0 ], [ 9.322288624503479, 54.722731767702136, 0.0 ], [ 9.32213285256541, 54.722733485307472, 0.0 ], [ 9.321977068511526, 54.722735634111913, 0.0 ], [ 9.321821287790922, 54.722738205087531, 0.0 ], [ 9.321665495015862, 54.722741216248828, 0.0 ], [ 9.321509721018533, 54.722744640553444, 0.0 ], [ 9.32135393495677, 54.722748505043711, 0.0 ], [ 9.321198152208652, 54.722752791705219, 0.0 ], [ 9.321042357314971, 54.72275750956571, 0.0 ], [ 9.320886581321627, 54.722762658542912, 0.0 ], [ 9.320730793172856, 54.722768238719091, 0.0 ], [ 9.320575008318158, 54.722774241066546, 0.0 ], [ 9.320419226894613, 54.722780683558476, 0.0 ], [ 9.320263448754943, 54.722787548221696, 0.0 ], [ 9.320107658440474, 54.722794844083879, 0.0 ], [ 9.31995188699644, 54.7228025710629, 0.0 ], [ 9.319796103367395, 54.722810729240926, 0.0 ], [ 9.319640307619022, 54.722819327604441, 0.0 ], [ 9.319484530655586, 54.722828348098339, 0.0 ], [ 9.319311457170324, 54.7228412244148, 0.0 ], [ 9.319311457170324, 54.7228412244148, 0.0 ] ], [ [ 9.326484652079074, 54.723196917555143, 0.0 ], [ 9.326152251523522, 54.723219408659844, 0.0 ], [ 9.32599614565191, 54.723228087919132, 0.0 ], [ 9.325840020794733, 54.723236344648214, 0.0 ], [ 9.325683907863795, 54.723244160790237, 0.0 ], [ 9.325527791410757, 54.723251545373557, 0.0 ], [ 9.325371671368554, 54.723258489411627, 0.0 ], [ 9.32521554788598, 54.723265010877611, 0.0 ], [ 9.325059420896336, 54.723271100784849, 0.0 ], [ 9.324903305858115, 54.723276750105107, 0.0 ], [ 9.324747187394571, 54.723281976853244, 0.0 ], [ 9.324591065438769, 54.723286772042655, 0.0 ], [ 9.324434939923909, 54.723291126686703, 0.0 ], [ 9.324278826523999, 54.723295058717028, 0.0 ], [ 9.324122694121066, 54.723298559230123, 0.0 ], [ 9.323966573843299, 54.723301637129531, 0.0 ], [ 9.323810450025981, 54.723304274483517, 0.0 ], [ 9.323654322746423, 54.723306480278701, 0.0 ], [ 9.323498192080992, 54.72330826350165, 0.0 ], [ 9.32334207348878, 54.723309615124322, 0.0 ], [ 9.323185935923027, 54.723310535229587, 0.0 ], [ 9.323029810440389, 54.723311023734546, 0.0 ], [ 9.322951901738008, 54.723311114724979, 0.0 ], [ 9.322944138763674, 54.723311117456099, 0.0 ], [ 9.322873681591858, 54.723311089667241, 0.0 ], [ 9.322717564764355, 54.723310715013078, 0.0 ], [ 9.322561429055146, 54.723309917828054, 0.0 ], [ 9.322405305448941, 54.723308689042717, 0.0 ], [ 9.322249178495964, 54.723307037685103, 0.0 ], [ 9.322093048058923, 54.723304945781933, 0.0 ], [ 9.321936914285224, 54.723302431306472, 0.0 ], [ 9.321780777108668, 54.723299485272015, 0.0 ], [ 9.321624652059869, 54.723296107637331, 0.0 ], [ 9.321468523617762, 54.723292298443695, 0.0 ], [ 9.321312391787842, 54.723288057691072, 0.0 ], [ 9.321156256574742, 54.723283385379396, 0.0 ], [ 9.321000117983726, 54.723278281508726, 0.0 ], [ 9.320843991544995, 54.723272746037885, 0.0 ], [ 9.320687846283676, 54.72326678803573, 0.0 ], [ 9.320531713113905, 54.723260389446757, 0.0 ], [ 9.320375576585665, 54.723253559298712, 0.0 ], [ 9.320219452230013, 54.72324629755051, 0.0 ], [ 9.32006330900046, 54.723238604284283, 0.0 ], [ 9.319907177882502, 54.723230470431254, 0.0 ], [ 9.319751043497307, 54.723221914005755, 0.0 ], [ 9.319594905707657, 54.723212917034481, 0.0 ], [ 9.319456126400171, 54.723200027710909, 0.0 ], [ 9.319456126400171, 54.723200027710909, 0.0 ] ], [ [ 9.319311457170324, 54.7228412244148, 0.0 ], [ 9.319456126400171, 54.723200027710909, 0.0 ] ], [ [ 9.319311457170324, 54.7228412244148, 0.0 ], [ 9.319006747817014, 54.722910354323389, 0.0 ], [ 9.318864414161137, 54.722944852159664, 0.0 ], [ 9.318722440598403, 54.722979762273788, 0.0 ], [ 9.318580827125134, 54.723015084667054, 0.0 ], [ 9.318439573738141, 54.723050819340706, 0.0 ], [ 9.318298680504611, 54.723086975282634, 0.0 ], [ 9.318158131754389, 54.72312353456163, 0.0 ], [ 9.318017943150634, 54.723160515111395, 0.0 ], [ 9.31787811461983, 54.723197907946521, 0.0 ], [ 9.317738646158782, 54.723235713068235, 0.0 ], [ 9.317599537764254, 54.723273930477802, 0.0 ], [ 9.317460789432575, 54.72331256017646, 0.0 ], [ 9.317322385705845, 54.723351611192712, 0.0 ], [ 9.317184341965238, 54.723391065513887, 0.0 ], [ 9.317118210621516, 54.72341015596821, 0.0 ], [ 9.317062691223132, 54.723426261938009, 0.0 ], [ 9.317046658278468, 54.723430932127783, 0.0 ], [ 9.316909319186694, 54.723471220062876, 0.0 ], [ 9.316772355597807, 54.723511911265867, 0.0 ], [ 9.316635736527772, 54.723553014805844, 0.0 ], [ 9.316499477568682, 54.723594539630049, 0.0 ], [ 9.316363563052008, 54.723636467806955, 0.0 ], [ 9.316228024166502, 54.723678817229882, 0.0 ], [ 9.316092829717208, 54.723721570007925, 0.0 ], [ 9.315957995367153, 54.723764744074927, 0.0 ], [ 9.315823520973336, 54.723808321458861, 0.0 ], [ 9.315689391146972, 54.723852320174643, 0.0 ], [ 9.315555636866835, 54.723896731155868, 0.0 ], [ 9.315422227078257, 54.723941554484625, 0.0 ], [ 9.31528917730429, 54.723986790121678, 0.0 ], [ 9.315156487611819, 54.724032447054782, 0.0 ], [ 9.315001963267033, 54.724091533019703, 0.0 ], [ 9.315001963267033, 54.724091533019703, 0.0 ] ], [ [ 9.319456126400171, 54.723200027710909, 0.0 ], [ 9.319211014036251, 54.723290254684009, 0.0 ], [ 9.319078249736824, 54.723335448805393, 0.0 ], [ 9.318945109274807, 54.723380230378247, 0.0 ], [ 9.318811608108161, 54.723424590373789, 0.0 ], [ 9.318677730643476, 54.723468519845099, 0.0 ], [ 9.318543492550949, 54.723512036723307, 0.0 ], [ 9.318408878236578, 54.723555132061435, 0.0 ], [ 9.318273903158982, 54.723597796830809, 0.0 ], [ 9.318138551936519, 54.723640049044263, 0.0 ], [ 9.318002840027395, 54.72368187967318, 0.0 ], [ 9.31786675190914, 54.723723288757043, 0.0 ], [ 9.317730303110185, 54.723764276253917, 0.0 ], [ 9.317593478178448, 54.723804851189882, 0.0 ], [ 9.317525830799122, 54.723824709719914, 0.0 ], [ 9.317466919340472, 54.723841912172389, 0.0 ], [ 9.317456292502353, 54.723844995549754, 0.0 ], [ 9.317318746225348, 54.723884727305546, 0.0 ], [ 9.317180823754912, 54.723924037510059, 0.0 ], [ 9.317042540549298, 54.72396291713477, 0.0 ], [ 9.316903896823169, 54.724001393138316, 0.0 ], [ 9.31676487684242, 54.724039438600208, 0.0 ], [ 9.316625480681147, 54.724077062505785, 0.0 ], [ 9.316485723938605, 54.724114273799771, 0.0 ], [ 9.316345606477503, 54.724151054507679, 0.0 ], [ 9.316205112915808, 54.724187422642089, 0.0 ], [ 9.316064258712686, 54.72422336917451, 0.0 ], [ 9.315923028345541, 54.724258894144221, 0.0 ], [ 9.315781437343741, 54.724293997509413, 0.0 ], [ 9.315639470184713, 54.724328679309274, 0.0 ], [ 9.315518980367985, 54.724349977541159, 0.0 ], [ 9.315518980367985, 54.724349977541159, 0.0 ] ], [ [ 9.315001963267033, 54.724091533019703, 0.0 ], [ 9.315518980367985, 54.724349977541159, 0.0 ] ], [ [ 9.315001963267033, 54.724091533019703, 0.0 ], [ 9.314865672926548, 54.724273483954647, 0.0 ], [ 9.314808239503277, 54.72435732744038, 0.0 ], [ 9.314751583264533, 54.724441312666116, 0.0 ], [ 9.314695704214317, 54.724525439632913, 0.0 ], [ 9.314640602496388, 54.724609726315094, 0.0 ], [ 9.314586277906265, 54.72469414575383, 0.0 ], [ 9.314532730656738, 54.72477872491001, 0.0 ], [ 9.314479976069558, 54.724863436784482, 0.0 ], [ 9.314427983305713, 54.724948308418774, 0.0 ], [ 9.314376767686392, 54.725033312813636, 0.0 ], [ 9.314326329425292, 54.725118476929957, 0.0 ], [ 9.314276668317376, 54.725203773808786, 0.0 ], [ 9.314227784576426, 54.725289230410972, 0.0 ], [ 9.314203553802104, 54.7253321603595, 0.0 ], [ 9.314193966501229, 54.725349260170532, 0.0 ], [ 9.314179677997386, 54.725374819777556, 0.0 ], [ 9.31413234879412, 54.725460568869337, 0.0 ], [ 9.314085796761672, 54.7255464507273, 0.0 ], [ 9.314040022113588, 54.725632492312236, 0.0 ], [ 9.313995009118955, 54.725718666705397, 0.0 ], [ 9.31395078897437, 54.725804991800381, 0.0 ], [ 9.313907346157995, 54.725891467638235, 0.0 ], [ 9.313864665077917, 54.725978085273439, 0.0 ], [ 9.313822776861583, 54.726064853612918, 0.0 ], [ 9.313781650390538, 54.726151763751346, 0.0 ], [ 9.313741316792441, 54.72623882459564, 0.0 ], [ 9.313701744948757, 54.726326027240404, 0.0 ], [ 9.313662965987289, 54.726413380592533, 0.0 ], [ 9.313624964315888, 54.726500875706414, 0.0 ], [ 9.313591016922368, 54.726590615995065, 0.0 ], [ 9.313591016922368, 54.726590615995065, 0.0 ] ], [ [ 9.315518980367985, 54.724349977541159, 0.0 ], [ 9.315464047753268, 54.724507668413821, 0.0 ], [ 9.315425838570025, 54.724593708804733, 0.0 ], [ 9.315386836201879, 54.724679598472449, 0.0 ], [ 9.315347087292608, 54.724765346281508, 0.0 ], [ 9.315306560785533, 54.724850952312131, 0.0 ], [ 9.315265256675923, 54.724936416563452, 0.0 ], [ 9.315223190485659, 54.725021738994329, 0.0 ], [ 9.315180362140758, 54.725106910617342, 0.0 ], [ 9.315136756179902, 54.725191940458707, 0.0 ], [ 9.315092388125574, 54.725276828477206, 0.0 ], [ 9.315047257973285, 54.725361574672029, 0.0 ], [ 9.315001350122342, 54.725446170096106, 0.0 ], [ 9.314955338664452, 54.725529444710254, 0.0 ], [ 9.314954680234653, 54.725530632681405, 0.0 ], [ 9.314944588224206, 54.725548686465878, 0.0 ], [ 9.314907232639753, 54.72561494449419, 0.0 ], [ 9.31485903845588, 54.725699114439458, 0.0 ], [ 9.31481005109962, 54.725783142637411, 0.0 ], [ 9.314760317146209, 54.725867028966043, 0.0 ], [ 9.314709805468476, 54.725950764518494, 0.0 ], [ 9.314658531658585, 54.726034358240128, 0.0 ], [ 9.314606480255415, 54.726117819156912, 0.0 ], [ 9.314553666642075, 54.726201129254271, 0.0 ], [ 9.314500090883804, 54.7262842975179, 0.0 ], [ 9.314445737380373, 54.726367315000431, 0.0 ], [ 9.314390621793693, 54.726450199633788, 0.0 ], [ 9.314334728453138, 54.726532933484037, 0.0 ], [ 9.314278072951598, 54.726615525496378, 0.0 ], [ 9.31421720864811, 54.726696025490405, 0.0 ], [ 9.31421720864811, 54.726696025490405, 0.0 ] ], [ [ 9.313591016922368, 54.726590615995065, 0.0 ], [ 9.31421720864811, 54.726696025490405, 0.0 ] ], [ [ 9.332186024375133, 54.721030784786201, 0.0 ], [ 9.326401740903181, 54.723019058378057, 0.0 ], [ 9.319383791464386, 54.723020626087525, 0.0 ], [ 9.315260470995442, 54.724220755558463, 0.0 ], [ 9.313904112380238, 54.726643321147705, 0.0 ] ], [ [ 9.313591016922368, 54.726590615995065, 0.0 ], [ 9.313504832165014, 54.726649774634481, 0.0 ], [ 9.31341711813679, 54.726722048917992, 0.0 ], [ 9.313330742729468, 54.726794786986709, 0.0 ], [ 9.313245706016428, 54.72686799783007, 0.0 ], [ 9.313162023529118, 54.726941681410693, 0.0 ], [ 9.313079664217753, 54.727015837811734, 0.0 ], [ 9.31299864361382, 54.727090466995669, 0.0 ], [ 9.31292056475943, 54.727164037065812, 0.0 ], [ 9.31291896165266, 54.727165559978516, 0.0 ], [ 9.312840618408313, 54.727241125749572, 0.0 ], [ 9.312763598289154, 54.727317155364837, 0.0 ], [ 9.312687916895927, 54.727393657773376, 0.0 ], [ 9.312613558568286, 54.727470615044481, 0.0 ], [ 9.312540523519013, 54.727548054140478, 0.0 ], [ 9.312468827141783, 54.727625957050371, 0.0 ], [ 9.312398453914589, 54.72770432381656, 0.0 ], [ 9.312324042339373, 54.727802741526915, 0.0 ], [ 9.312324042339373, 54.727802741526915, 0.0 ] ], [ [ 9.313837024869409, 54.726632027885039, 0.0 ], [ 9.313731061480281, 54.726822040888251, 0.0 ], [ 9.313670738655928, 54.726908488464964, 0.0 ], [ 9.313606523729243, 54.726993643003873, 0.0 ], [ 9.313538432347778, 54.727077522431969, 0.0 ], [ 9.31346651100624, 54.72716011763557, 0.0 ], [ 9.313390775354085, 54.727241446540972, 0.0 ], [ 9.313352076141715, 54.727281034710423, 0.0 ], [ 9.313311240902445, 54.727321509100932, 0.0 ], [ 9.313227923302, 54.727400323241163, 0.0 ], [ 9.313140806872825, 54.727477871020795, 0.0 ], [ 9.313049922725066, 54.727554161338041, 0.0 ], [ 9.312955239791091, 54.727629194264814, 0.0 ], [ 9.312934693838724, 54.727644920349903, 0.0 ], [ 9.312856758058748, 54.727702969792233, 0.0 ], [ 9.312754446322959, 54.727775470018038, 0.0 ], [ 9.312647512501568, 54.72782653059253, 0.0 ], [ 9.312647512501568, 54.72782653059253, 0.0 ] ], [ [ 9.313591016922368, 54.726590615995065, 0.0 ], [ 9.313837024869409, 54.726632027885039, 0.0 ] ], [ [ 9.312324042339373, 54.727802741526915, 0.0 ], [ 9.312647512501568, 54.72782653059253, 0.0 ] ], [ [ 9.313904112380238, 54.726643321147705, 0.0 ], [ 9.312376415917928, 54.727806596566239, 0.0 ] ], [ [ 9.334244117520251, 54.720033638573561, 0.0 ], [ 9.334001555311136, 54.719865883112021, 0.0 ] ], [ [ 9.334236998478383, 54.720037087894383, 0.0 ], [ 9.33447941321541, 54.720204739507984, 0.0 ] ], [ [ 9.334244117520251, 54.720033638573561, 0.0 ], [ 9.334001555311136, 54.719865883112021, 0.0 ] ], [ [ 9.334236998478383, 54.720037087894383, 0.0 ], [ 9.33447941321541, 54.720204739507984, 0.0 ] ], [ [ 9.334244117520251, 54.720033638573561, 0.0 ], [ 9.334001555311136, 54.719865883112021, 0.0 ] ], [ [ 9.334236998478383, 54.720037087894383, 0.0 ], [ 9.33447941321541, 54.720204739507984, 0.0 ] ], [ [ 9.329252940137467, 54.7220390538698, 0.0 ], [ 9.329010411131966, 54.721802646585139, 0.0 ] ], [ [ 9.3292299130446, 54.722046969121905, 0.0 ], [ 9.329477034648686, 54.722287849868486, 0.0 ] ], [ [ 9.322826526225933, 54.723019907786586, 0.0 ], [ 9.322826332822972, 54.722729115598767, 0.0 ] ], [ [ 9.32294394720466, 54.723019881563737, 0.0 ], [ 9.322944141753368, 54.723311114085291, 0.0 ] ], [ [ 9.317249895882378, 54.723641741933683, 0.0 ], [ 9.317062694672776, 54.723426256896879, 0.0 ] ], [ [ 9.317284323691831, 54.723631721433925, 0.0 ], [ 9.317466923470795, 54.723841907120892, 0.0 ] ], [ [ 9.314587349353818, 54.725423042952571, 0.0 ], [ 9.314193968729358, 54.725349258733615, 0.0 ] ], [ [ 9.314557639648244, 54.725476106828566, 0.0 ], [ 9.314944596982606, 54.725548684766729, 0.0 ] ], [ [ 9.313131015563107, 54.727232012001096, 0.0 ], [ 9.312938392469599, 54.727147409084118, 0.0 ] ], [ [ 9.313134163205481, 54.727229615207065, 0.0 ], [ 9.313321918786043, 54.727310798152203, 0.0 ] ], [ [ 9.313424955001416, 54.72724593685016, 0.0 ], [ 9.313722685086432, 54.727345076617731, 0.0 ] ], [ [ 9.313420485268102, 54.727251422340686, 0.0 ], [ 9.31338076563768, 54.727238706300632, 0.0 ] ] ] } }
]
}
