{
"type": "FeatureCollection",
"name": "entities",
"crs": { "type": "name", "properties": { "name": "urn:ogc:def:crs:OGC:1.3:CRS84" } },
"features": [
{ "type": "Feature", "properties": { "Layer": "WBK_SPERRUNG", "SubClasses": "AcDbEntity:AcDbCircle", "EntityHandle": "400FF" }, "geometry": { "type": "LineString", "coordinates": [ [ 9.304807448075566, 54.733526063053347 ], [ 9.304807146848022, 54.733521624243544 ], [ 9.304806311279401, 54.733517208405964 ], [ 9.304804945440678, 54.733512837054093 ], [ 9.304803055986243, 54.733508531484702 ], [ 9.304800652121489, 54.733504312674086 ], [ 9.30479774555794, 54.733500201175794 ], [ 9.304794350456204, 54.733496217020623 ], [ 9.304790483356987, 54.733492379618959 ], [ 9.304786163100491, 54.733488707666147 ], [ 9.304781410734636, 54.733485219051545 ], [ 9.304776249412511, 54.733481930771312 ], [ 9.304770704279575, 54.733478858845515 ], [ 9.30476480235115, 54.733476018240268 ], [ 9.304758572380806, 54.733473422794624 ], [ 9.304752044720278, 54.733471085153312 ], [ 9.304745251171591, 54.73346901670503 ], [ 9.304738224832132, 54.733467227527022 ], [ 9.304730999933401, 54.733465726335915 ], [ 9.304723611674245, 54.733464520445359 ], [ 9.304716096049367, 54.733463615730294 ], [ 9.304708489673978, 54.733463016598385 ], [ 9.304700829605405, 54.733462725968522 ], [ 9.304693153162557, 54.733462745256631 ], [ 9.304685497744115, 54.733463074368736 ], [ 9.304677900646338, 54.73346371170144 ], [ 9.304670398881351, 54.733464654149735 ], [ 9.304663028996842, 54.733465897122123 ], [ 9.304655826897999, 54.733467434563018 ], [ 9.30464882767259, 54.73346925898219 ], [ 9.304642065420024, 54.733471361491269 ], [ 9.304635573085216, 54.733473731847091 ], [ 9.304629382298096, 54.733476358501584 ], [ 9.304623523219499, 54.733479228657984 ], [ 9.304618024394246, 54.733482328333245 ], [ 9.30461291261205, 54.733485642426082 ], [ 9.304608212777028, 54.733489154790625 ], [ 9.304603947786338, 54.733492848315073 ], [ 9.304600138418662, 54.733496705004939 ], [ 9.304596803232942, 54.733500706070899 ], [ 9.304593958477975, 54.733504832020188 ], [ 9.304591618013255, 54.733509062751615 ], [ 9.304589793241426, 54.733513377653537 ], [ 9.304588493052755, 54.733517755704199 ], [ 9.304587723781795, 54.733522175574194 ], [ 9.304587489176527, 54.733526615730376 ], [ 9.304587790380099, 54.733531054540727 ], [ 9.304588625925255, 54.733535470379856 ], [ 9.304589991741473, 54.733539841734171 ], [ 9.304591881174797, 54.733544147306873 ], [ 9.304594285020251, 54.733548366121653 ], [ 9.304597191566687, 54.733552477624791 ], [ 9.304600586653823, 54.733556461785462 ], [ 9.304604453741243, 54.733560299193165 ], [ 9.304608773988972, 54.733563971152407 ], [ 9.304613526349264, 54.733567459773731 ], [ 9.304618687669135, 54.733570748060863 ], [ 9.304624232803171, 54.733573819993552 ], [ 9.30463013473603, 54.733576660605593 ], [ 9.304636364714053, 54.733579256057773 ], [ 9.304642892385358, 54.733581593705253 ], [ 9.304649685947707, 54.733583662159212 ], [ 9.30465671230345, 54.733585451342307 ], [ 9.304663937220768, 54.733586952537784 ], [ 9.304671325500456, 54.733588158431921 ], [ 9.304678841147407, 54.733589063149722 ], [ 9.304686447545981, 54.733589662283443 ], [ 9.304694107638404, 54.733589952914173 ], [ 9.304701784105298, 54.733589933625971 ], [ 9.304709439547516, 54.733589604512829 ], [ 9.304717036668336, 54.733588967178136 ], [ 9.304724538455181, 54.733588024726934 ], [ 9.304731908359946, 54.733586781750809 ], [ 9.30473911047704, 54.733585244305395 ], [ 9.304746109718346, 54.73358341988105 ], [ 9.304752871984144, 54.733581317366188 ], [ 9.304759364329255, 54.733578947004091 ], [ 9.304765555123561, 54.733576320343012 ], [ 9.304771414206073, 54.73357345017979 ], [ 9.304776913031906, 54.733570350497637 ], [ 9.304782024811328, 54.733567036397936 ], [ 9.304786724640282, 54.733563524026692 ], [ 9.30479098962172, 54.733559830495871 ], [ 9.304794798977149, 54.733555973800073 ], [ 9.304798134147857, 54.733551972728726 ], [ 9.304800978885346, 54.733547846774712 ], [ 9.304803319330459, 54.73354361603927 ], [ 9.304805144080932, 54.733539301134186 ], [ 9.304806444246916, 54.733534923081251 ], [ 9.304807213494303, 54.733530503209906 ], [ 9.304807448075566, 54.733526063053347 ] ] } },
{ "type": "Feature", "properties": { "Layer": "WBK_SPERRUNG", "SubClasses": "AcDbEntity:AcDbCircle", "EntityHandle": "40100" }, "geometry": { "type": "LineString", "coordinates": [ [ 9.307388324643229, 54.733592704810917 ], [ 9.307388023133077, 54.733588266007949 ], [ 9.307387187282471, 54.733583850188552 ], [ 9.307385821163766, 54.733579478866162 ], [ 9.307383931432712, 54.733575173337385 ], [ 9.307381527296052, 54.733570954578312 ], [ 9.307378620466631, 54.73356684314227 ], [ 9.307375225106359, 54.733562859059731 ], [ 9.307371357757196, 54.733559021740717 ], [ 9.307367037260562, 54.73355534988022 ], [ 9.307362284665551, 54.73355186136709 ], [ 9.307357123126366, 54.733548573197012 ], [ 9.30735157778952, 54.733545501389536 ], [ 9.307345675671334, 54.733542660910153 ], [ 9.307339445526297, 54.73354006559736 ], [ 9.307332917707001, 54.7335377280952 ], [ 9.307326124016241, 54.733535659791727 ], [ 9.307319097552096, 54.733533870763431 ], [ 9.307311872546677, 54.733532369726248 ], [ 9.307304484199344, 54.733531163993057 ], [ 9.307296968505238, 54.733530259438041 ], [ 9.307289362079901, 54.733529660468086 ], [ 9.307281701980903, 54.7335293700013 ], [ 9.307274025527306, 54.733529389452791 ], [ 9.307266370117839, 54.733529718727809 ], [ 9.307258773048718, 54.733530356222147 ], [ 9.307251271331934, 54.733531298830037 ], [ 9.307243901514932, 54.733532541959185 ], [ 9.307236699502576, 54.733534079553237 ], [ 9.307229700382212, 54.733535904121212 ], [ 9.307222938252732, 54.733538006774026 ], [ 9.30721644605846, 54.733540377267822 ], [ 9.307210255428636, 54.73354300405385 ], [ 9.307204396523334, 54.733545874334702 ], [ 9.307198897886522, 54.733548974126705 ], [ 9.307193786307003, 54.733552288328035 ], [ 9.307189086687897, 54.733555800792303 ], [ 9.307184821925324, 54.733559494407181 ], [ 9.307181012796843, 54.733563351177771 ], [ 9.307177677860235, 54.733567352314353 ], [ 9.307174833363083, 54.733571478323817 ], [ 9.307172493163625, 54.733575709104677 ], [ 9.307170668663215, 54.73358002404504 ], [ 9.307169368750793, 54.733584402122958 ], [ 9.307168599759569, 54.73358882200894 ], [ 9.307168365436162, 54.733593262169698 ], [ 9.307168666922344, 54.733597700973228 ], [ 9.307169502749485, 54.733602116794152 ], [ 9.307170868845684, 54.733606488119008 ], [ 9.307172758555629, 54.733610793651088 ], [ 9.307175162672991, 54.733615012414312 ], [ 9.307178069485298, 54.733619123855213 ], [ 9.307181464830972, 54.733623107943245 ], [ 9.307185332168341, 54.733626945268291 ], [ 9.307189652656209, 54.733630617135255 ], [ 9.307194405245662, 54.733634105655092 ], [ 9.307199566782597, 54.733637393832055 ], [ 9.307205112120542, 54.733640465646424 ], [ 9.307211014243164, 54.733643306132613 ], [ 9.307217244395879, 54.733645901451929 ], [ 9.307223772225955, 54.733648238960257 ], [ 9.30723056593038, 54.733650307269428 ], [ 9.307237592410811, 54.733652096302798 ], [ 9.307244817434821, 54.733653597344357 ], [ 9.307252205802685, 54.73365480308113 ], [ 9.307259721518866, 54.733655707638874 ], [ 9.30726732796739, 54.733656306610641 ], [ 9.307274988090237, 54.733656597078294 ], [ 9.307282664567881, 54.733656577626711 ], [ 9.307290320001123, 54.733656248350648 ], [ 9.307297917093285, 54.733655610854299 ], [ 9.30730541883193, 54.733654668243524 ], [ 9.307312788669185, 54.733653425110646 ], [ 9.307319990699792, 54.733651887512075 ], [ 9.307326989836051, 54.733650062938914 ], [ 9.307333751978758, 54.733647960280315 ], [ 9.307340244183335, 54.733645589780259 ], [ 9.307346434820339, 54.733642962987652 ], [ 9.307352293729558, 54.733640092699979 ], [ 9.307357792366947, 54.733636992901054 ], [ 9.307362903943691, 54.733633678692854 ], [ 9.30736760355672, 54.733630166221907 ], [ 9.307371868310044, 54.733626472600669 ], [ 9.307375677426274, 54.733622615824132 ], [ 9.307379012347869, 54.733618614682157 ], [ 9.30738185682754, 54.733614488667968 ], [ 9.307384197007391, 54.733610257883107 ], [ 9.307386021486444, 54.73360594293959 ], [ 9.307387321376179, 54.733601564859384 ], [ 9.307388090343828, 54.733597144972066 ], [ 9.307388324643229, 54.733592704810917 ] ] } },
{ "type": "Feature", "properties": { "Layer": "WBK_SPERRUNG", "SubClasses": "AcDbEntity:AcDbCircle", "EntityHandle": "40110" }, "geometry": { "type": "LineString", "coordinates": [ [ 9.254660484025255, 54.776385432152438 ], [ 9.25465981938828, 54.776375467529611 ], [ 9.254657953910685, 54.776365553980618 ], [ 9.254654896681753, 54.776355739803208 ], [ 9.254650662596831, 54.776346072810981 ], [ 9.254645272284726, 54.776336600100429 ], [ 9.254638752007216, 54.776327367821494 ], [ 9.254631133531069, 54.776318420952734 ], [ 9.254622453973269, 54.776309803082192 ], [ 9.254612755620194, 54.776301556195044 ], [ 9.254602085721563, 54.776293720469049 ], [ 9.254590496260258, 54.776286334078833 ], [ 9.254578043699054, 54.776279433009918 ], [ 9.25456478870554, 54.776273050883333 ], [ 9.25455079585655, 54.776267218791915 ], [ 9.254536133323555, 54.776261965148777 ], [ 9.254520872540546, 54.77625731554896 ], [ 9.254505087856021, 54.776253292644569 ], [ 9.254488856170779, 54.776249916034644 ], [ 9.254472256563274, 54.776247202169522 ], [ 9.254455369904369, 54.776245164270762 ], [ 9.254438278463356, 54.776243812266664 ], [ 9.254421065507161, 54.776243152743994 ], [ 9.254403814894699, 54.776243188915885 ], [ 9.254386610668337, 54.776243920606092 ], [ 9.254369536644454, 54.776245344249922 ], [ 9.254352676005134, 54.776247452911605 ], [ 9.254336110892902, 54.776250236318077 ], [ 9.254319922010581, 54.776253680908972 ], [ 9.254304188228101, 54.776257769902777 ], [ 9.254288986198279, 54.776262483378495 ], [ 9.25427438998339, 54.776267798372771 ], [ 9.254260470694346, 54.776273688991722 ], [ 9.254247296144255, 54.776280126537074 ], [ 9.254234930518054, 54.776287079646004 ], [ 9.254223434059808, 54.776294514443947 ], [ 9.254212862779211, 54.776302394709539 ], [ 9.254203268178697, 54.776310682051168 ], [ 9.254194697002536, 54.77631933609397 ], [ 9.254187191009089, 54.776328314676569 ], [ 9.25418078676735, 54.776337574056356 ], [ 9.254175515478789, 54.776347069122792 ], [ 9.25417140282531, 54.776356753616994 ], [ 9.254168468844137, 54.776366580357198 ], [ 9.254166727830167, 54.776376501468583 ], [ 9.254166188266316, 54.776386468616558 ], [ 9.254166852782165, 54.776396433242191 ], [ 9.254168718141146, 54.776406346798808 ], [ 9.254171775256284, 54.776416160988511 ], [ 9.254176009234449, 54.776425827997443 ], [ 9.254181399448903, 54.776435300728807 ], [ 9.254187919639781, 54.776444533032247 ], [ 9.254195538041996, 54.776453479928726 ], [ 9.254204217539998, 54.776462097829672 ], [ 9.254213915848583, 54.776470344749292 ], [ 9.254224585718891, 54.776478180509223 ], [ 9.25423617516859, 54.776485566934156 ], [ 9.254248627735135, 54.776492468037937 ], [ 9.254261882750832, 54.776498850198806 ], [ 9.254275875638415, 54.776504682323271 ], [ 9.254290538225662, 54.776509935997581 ], [ 9.254305799077525, 54.776514585626131 ], [ 9.254321583844167, 54.776518608556174 ], [ 9.25433781562319, 54.776521985188239 ], [ 9.254354415334316, 54.776524699071508 ], [ 9.254371302104662, 54.776526736984138 ], [ 9.254388393662772, 54.776528088997466 ], [ 9.254405606739434, 54.776528748524605 ], [ 9.254422857473394, 54.776528712352345 ], [ 9.254440061819919, 54.776527980656901 ], [ 9.254457135960289, 54.776526557003095 ], [ 9.254473996710157, 54.776524448326867 ], [ 9.254490561924838, 54.776521664901601 ], [ 9.254506750899525, 54.77651822028799 ], [ 9.254522484762488, 54.776514131268023 ], [ 9.254537686859335, 54.776509417763165 ], [ 9.254552283126495, 54.776504102737363 ], [ 9.254566202452038, 54.77649821208513 ], [ 9.254579377022141, 54.776491774505367 ], [ 9.254591742651481, 54.776484821361549 ], [ 9.25460323909593, 54.776477386528946 ], [ 9.254613810346067, 54.776469506229617 ], [ 9.254623404900045, 54.776461218855793 ], [ 9.254631976014503, 54.776452564782964 ], [ 9.25463948193228, 54.776443586173123 ], [ 9.254645886085854, 54.776434326769369 ], [ 9.254651157275477, 54.776424831682746 ], [ 9.254655269821159, 54.7764151471725 ], [ 9.254658203687784, 54.776405320420722 ], [ 9.254659944582681, 54.776395399302466 ], [ 9.254660484025255, 54.776385432152438 ] ] } },
{ "type": "Feature", "properties": { "Layer": "WBK_SPERRUNG", "SubClasses": "AcDbEntity:AcDbCircle", "EntityHandle": "40111" }, "geometry": { "type": "LineString", "coordinates": [ [ 9.255443708820748, 54.776066330999882 ], [ 9.255443057773247, 54.776056572867859 ], [ 9.255441230779171, 54.776046864758904 ], [ 9.255438236740284, 54.776037253969875 ], [ 9.255434090244036, 54.776027787323507 ], [ 9.255428811492488, 54.776018510940212 ], [ 9.25542242620387, 54.776009470013449 ], [ 9.255414965487271, 54.776000708589578 ], [ 9.25540646569107, 54.775992269353118 ], [ 9.255396968225838, 54.775984193418999 ], [ 9.255386519362585, 54.775976520132147 ], [ 9.255375170007316, 54.775969286875792 ], [ 9.255362975453036, 54.77596252888938 ], [ 9.255349995110343, 54.77595627909691 ], [ 9.255336292218011, 54.775950567946488 ], [ 9.255321933534885, 54.775945423262051 ], [ 9.255306989014645, 54.775940870107767 ], [ 9.255291531465007, 54.775936930665928 ], [ 9.25527563619303, 54.775933624128946 ], [ 9.255259380638218, 54.775930966605749 ], [ 9.255242843995282, 54.77592897104342 ], [ 9.255226106828299, 54.775927647164032 ], [ 9.255209250678249, 54.775927001417323 ], [ 9.255192357665754, 54.775927036949284 ], [ 9.255175510091027, 54.775927753586807 ], [ 9.255158790032915, 54.775929147838539 ], [ 9.255142278949046, 54.775931212911892 ], [ 9.255126057278988, 54.775933938746149 ], [ 9.255110204052368, 54.775937312061451 ], [ 9.255094796503869, 54.775941316423499 ], [ 9.255079909696954, 54.775945932323616 ], [ 9.255065616158182, 54.775951137273822 ], [ 9.25505198552387, 54.775956905916345 ], [ 9.255039084200845, 54.775963210147154 ], [ 9.255026975042913, 54.775970019252924 ], [ 9.255015717044655, 54.775977300060617 ], [ 9.255005365054, 54.775985017099096 ], [ 9.254995969505023, 54.775993132772001 ], [ 9.254987576172219, 54.776001607540778 ], [ 9.254980225947492, 54.776010400117414 ], [ 9.254973954640926, 54.776019467665591 ], [ 9.254968792806316, 54.776028766009247 ], [ 9.254964765592295, 54.776038249847943 ], [ 9.254961892619795, 54.776047872977507 ], [ 9.254960187886452, 54.776057588515066 ], [ 9.254959659698388, 54.776067349127558 ], [ 9.254960310629734, 54.776077107262282 ], [ 9.254962137510063, 54.776086815378555 ], [ 9.254965131439826, 54.776096426179372 ], [ 9.254969277833696, 54.77610589284177 ], [ 9.254974556491607, 54.77611516924501 ], [ 9.25498094169715, 54.776124210195263 ], [ 9.254988402342851, 54.77613297164573 ], [ 9.254996902081714, 54.776141410911336 ], [ 9.255006399504282, 54.776149486876598 ], [ 9.255016848340377, 54.776157160195986 ], [ 9.255028197684519, 54.776164393485665 ], [ 9.255040392243927, 54.776171151505487 ], [ 9.255053372607893, 54.776177401330834 ], [ 9.255067075537237, 54.77618311251296 ], [ 9.255081434272393, 54.776188257227297 ], [ 9.255096378858665, 54.776192810409114 ], [ 9.255111836487051, 54.776196749875552 ], [ 9.255127731848965, 54.776200056433765 ], [ 9.255143987503146, 54.776202713974371 ], [ 9.255160524252954, 54.77620470954998 ], [ 9.255177261532227, 54.776206033438228 ], [ 9.255194117797803, 54.776206679189244 ], [ 9.255211010926809, 54.776206643656913 ], [ 9.255227858616768, 54.776205927014374 ], [ 9.255244578786588, 54.776204532753063 ], [ 9.255261089976466, 54.776202467665776 ], [ 9.255277311744772, 54.776199741813471 ], [ 9.255293165059964, 54.776196368476391 ], [ 9.255308572685637, 54.776192364089241 ], [ 9.255323459556827, 54.776187748161185 ], [ 9.255337753145723, 54.776182543180759 ], [ 9.255351383815031, 54.776176774506304 ], [ 9.255364285157246, 54.776170470242498 ], [ 9.255376394318183, 54.776163661103283 ], [ 9.255387652303209, 54.776156380262364 ], [ 9.255398004264647, 54.776148663191513 ], [ 9.255407399768995, 54.776140547487749 ], [ 9.255415793042628, 54.776132072690181 ], [ 9.255423143194788, 54.776123280087411 ], [ 9.255429414416804, 54.776114212516269 ], [ 9.25543457615653, 54.776104914153244 ], [ 9.255438603267178, 54.776095430299158 ], [ 9.25544147612983, 54.776085807158509 ], [ 9.255443180748987, 54.776076091614343 ], [ 9.255443708820748, 54.776066330999882 ] ] } },
{ "type": "Feature", "properties": { "Layer": "WBK_SPERRUNG", "SubClasses": "AcDbEntity:AcDbCircle", "EntityHandle": "4013F" }, "geometry": { "type": "LineString", "coordinates": [ [ 9.241777451724898, 54.796196972334265 ], [ 9.241775940666415, 54.79617422075615 ], [ 9.241771686441821, 54.796151585500851 ], [ 9.241764709781789, 54.796129176844801 ], [ 9.241755044680238, 54.796107103960225 ], [ 9.241742738228639, 54.796085474383375 ], [ 9.241727850386509, 54.796064393490603 ], [ 9.241710453689215, 54.796043963984928 ], [ 9.241690632894537, 54.796024285395809 ], [ 9.241668484569672, 54.796005453594219 ], [ 9.241644116620732, 54.795987560325543 ], [ 9.241617647766988, 54.795970692762694 ], [ 9.241589206962486, 54.795954933081447 ], [ 9.241558932767761, 54.795940358060022 ], [ 9.241526972674807, 54.795927038705187 ], [ 9.241493482388515, 54.795915039906212 ], [ 9.24145862506813, 54.79590442011888 ], [ 9.241422570532389, 54.795895231080607 ], [ 9.241385494432249, 54.795887517558512 ], [ 9.241347577395164, 54.79588131713124 ], [ 9.241309004145188, 54.795876660005966 ], [ 9.241269962603074, 54.795873568871201 ], [ 9.24123064297083, 54.795872058786287 ], [ 9.241191236805168, 54.795872137108049 ], [ 9.241151936084334, 54.79587380345491 ], [ 9.241112932272918, 54.795877049708814 ], [ 9.241074415389132, 54.795881860054692 ], [ 9.24103657307915, 54.795888211057616 ], [ 9.240999589703, 54.795896071776788 ], [ 9.240963645436452, 54.795905403916493 ], [ 9.240928915393297, 54.795916162012468 ], [ 9.240895568772258, 54.795928293653439 ], [ 9.24086376803273, 54.795941739736485 ], [ 9.240833668103324, 54.795956434754935 ], [ 9.240805415627108, 54.795972307117388 ], [ 9.240779148247185, 54.795989279496652 ], [ 9.240754993936111, 54.796007269206335 ], [ 9.240733070372423, 54.796026188603633 ], [ 9.240713484367285, 54.79604594551639 ], [ 9.240696331344097, 54.796066443692041 ], [ 9.240681694873539, 54.796087583266569 ], [ 9.240669646266383, 54.796109261251033 ], [ 9.240660244226, 54.796131372033223 ], [ 9.240653534562284, 54.796153807892232 ], [ 9.24064954996841, 54.796176459523274 ], [ 9.240648309861449, 54.796199216570116 ], [ 9.240649820287697, 54.796221968162804 ], [ 9.24065407389312, 54.796244603457765 ], [ 9.240661049959101, 54.796267012177836 ], [ 9.240670714503278, 54.796289085149496 ], [ 9.240683020445033, 54.79631071483481 ], [ 9.240697907834772, 54.796331795855359 ], [ 9.240715304145933, 54.796352225505572 ], [ 9.240735124628252, 54.79637190425322 ], [ 9.240757272720609, 54.796390736224254 ], [ 9.240781640521423, 54.796408629669941 ], [ 9.240808109314299, 54.796425497413935 ], [ 9.240836550146383, 54.796441257277003 ], [ 9.240866824456598, 54.796455832477292 ], [ 9.240898784750703, 54.796469152004626 ], [ 9.240932275319892, 54.796481150966315 ], [ 9.240967132999417, 54.796491770903458 ], [ 9.241003187963543, 54.796500960075697 ], [ 9.241040264552984, 54.796508673713326 ], [ 9.241078182130757, 54.796514874235434 ], [ 9.241116755962286, 54.796519531433006 ], [ 9.241155798115498, 54.796522622616123 ], [ 9.241195118376492, 54.7965241327245 ], [ 9.241234525176317, 54.796524054400862 ], [ 9.241273826524381, 54.796522388026801 ], [ 9.241312830943889, 54.796519141720943 ], [ 9.241351348404793, 54.796514331299313 ], [ 9.241389191249688, 54.796507980198385 ], [ 9.241426175108129, 54.796500119360793 ], [ 9.241462119794962, 54.796490787084601 ], [ 9.241496850188215, 54.796480028836726 ], [ 9.241530197082353, 54.796467897031363 ], [ 9.241561998012664, 54.796454450774668 ], [ 9.241592098046823, 54.796439755576699 ], [ 9.241620350539721, 54.796423883032311 ], [ 9.241646617847936, 54.796406910472264 ], [ 9.241670772000299, 54.796388920586494 ], [ 9.241692695321374, 54.796370001021167 ], [ 9.241712281004711, 54.796350243951771 ], [ 9.241729433633175, 54.796329745633876 ], [ 9.241744069643767, 54.796308605934293 ], [ 9.241756117734672, 54.796286927844399 ], [ 9.241765519212565, 54.79626481697845 ], [ 9.241772228278498, 54.796242381058953 ], [ 9.241776212250935, 54.796219729391929 ], [ 9.241777451724898, 54.796196972334265 ] ] } },
{ "type": "Feature", "properties": { "Layer": "WBK_SPERRUNG", "SubClasses": "AcDbEntity:AcDbCircle", "EntityHandle": "40203" }, "geometry": { "type": "LineString", "coordinates": [ [ 9.420776829388588, 54.656423568182952 ], [ 9.420775437537012, 54.656403847398764 ], [ 9.420771676376665, 54.656384230944759 ], [ 9.420765564234905, 54.656364814390123 ], [ 9.420757130892694, 54.656345692330014 ], [ 9.420746417439439, 54.656326957924684 ], [ 9.420733476072774, 54.656308702445664 ], [ 9.420718369844177, 54.656291014831133 ], [ 9.420701172351755, 54.656273981252589 ], [ 9.420681967381643, 54.656257684695014 ], [ 9.42066084849977, 54.656242204552697 ], [ 9.420637918595983, 54.656227616242347 ], [ 9.420613289382784, 54.656213990835781 ], [ 9.420587080851048, 54.656201394713584 ], [ 9.420559420685457, 54.656189889241858 ], [ 9.420530443642445, 54.656179530473153 ], [ 9.420500290893695, 54.656170368873468 ], [ 9.4204691093384, 54.656162449076383 ], [ 9.420437050887614, 54.656155809665613 ], [ 9.420404271724218, 54.656150482987094 ], [ 9.420370931542047, 54.656146494991347 ], [ 9.420337192767947, 54.656143865107111 ], [ 9.420303219770513, 54.656142606146638 ], [ 9.420269178059344, 54.656142724243367 ], [ 9.420235233478795, 54.656144218821936 ], [ 9.420201551400041, 54.65614708260108 ], [ 9.420168295915486, 54.656151301629045 ], [ 9.420135629039384, 54.656156855351554 ], [ 9.420103709918568, 54.656163716711987 ], [ 9.420072694057186, 54.656171852283116 ], [ 9.420042732559125, 54.656181222430043 ], [ 9.42001397139191, 54.656191781503146 ], [ 9.41998655067559, 54.656203478060618 ], [ 9.419960604000124, 54.656216255118942 ], [ 9.419936257774559, 54.65623005043053 ], [ 9.419913630611187, 54.65624479678705 ], [ 9.41989283274769, 54.656260422346683 ], [ 9.41987396551005, 54.656276850984248 ], [ 9.419857120818888, 54.656294002661959 ], [ 9.419842380741619, 54.656311793819484 ], [ 9.419829817092578, 54.656330137780792 ], [ 9.419819491083116, 54.656348945176653 ], [ 9.419811453023334, 54.656368124379902 ], [ 9.419805742076914, 54.656387581951826 ], [ 9.419802386070272, 54.656407223097411 ], [ 9.419801401356917, 54.656426952127177 ], [ 9.419802792737718, 54.656446672923309 ], [ 9.419806553437439, 54.656466289407987 ], [ 9.419812665137693, 54.656485706011438 ], [ 9.419821098066105, 54.656504828137592 ], [ 9.419831811141323, 54.656523562624855 ], [ 9.419844752173075, 54.656541818200125 ], [ 9.4198598581164, 54.656559505923347 ], [ 9.419877055378743, 54.656576539620922 ], [ 9.419896260178446, 54.656592836305535 ], [ 9.419917378952901, 54.656608316580424 ], [ 9.419940308814345, 54.65662290502631 ], [ 9.419964938051107, 54.656636530568733 ], [ 9.419991146671849, 54.656649126824448 ], [ 9.420018806990159, 54.656660632424774 ], [ 9.420047784246627, 54.656670991314662 ], [ 9.420077937265418, 54.656680153025746 ], [ 9.420109119142086, 54.656688072922272 ], [ 9.420141177959316, 54.656694712418606 ], [ 9.4201739575271, 54.656700039167106 ], [ 9.420207298143724, 54.656704027215945 ], [ 9.420241037373897, 54.656706657135324 ], [ 9.420275010840138, 54.656707916112289 ], [ 9.420309053023729, 54.656707798013109 ], [ 9.420342998071114, 54.656706303413181 ], [ 9.420376680602036, 54.656703439594182 ], [ 9.42040993651529, 54.656699220508649 ], [ 9.420442603788276, 54.656693666711973 ], [ 9.420474523266435, 54.656686805262233 ], [ 9.420505539438667, 54.656678669588381 ], [ 9.420535501195035, 54.656669299327312 ], [ 9.420564262562982, 54.656658740130879 ], [ 9.420591683418555, 54.656647043443293 ], [ 9.420617630169085, 54.656634266250585 ], [ 9.420641976404063, 54.656620470802963 ], [ 9.420664603511012, 54.656605724311433 ], [ 9.420685401253353, 54.65659009862042 ], [ 9.420704268307459, 54.65657366985765 ], [ 9.420721112756279, 54.656556518063354 ], [ 9.420735852537121, 54.656538726800171 ], [ 9.420748415841411, 54.65652038274613 ], [ 9.420758741464518, 54.656501575272294 ], [ 9.420766779103856, 54.656482396007355 ], [ 9.420772489603923, 54.656462938391229 ], [ 9.420775845146997, 54.656443297219745 ], [ 9.420776829388588, 54.656423568182952 ] ] } },
{ "type": "Feature", "properties": { "Layer": "WBK_SPERRUNG", "SubClasses": "AcDbEntity:AcDbCircle", "EntityHandle": "40204" }, "geometry": { "type": "LineString", "coordinates": [ [ 9.423071668125427, 54.651529443800449 ], [ 9.423070530903013, 54.651513341577015 ], [ 9.423067459351248, 54.651497324576631 ], [ 9.423062468436656, 54.651481470832373 ], [ 9.423055582476627, 54.651465857581847 ], [ 9.42304683502087, 54.651450560890908 ], [ 9.423036268687952, 54.651435655283116 ], [ 9.423023934957612, 54.651421213376615 ], [ 9.423009893919936, 54.651407305530384 ], [ 9.422994213982559, 54.651393999501508 ], [ 9.422976971537391, 54.651381360114968 ], [ 9.422958250588419, 54.651369448947946 ], [ 9.422938142342423, 54.651358324029822 ], [ 9.422916744764647, 54.65134803955938 ], [ 9.422894162101501, 54.651338645640898 ], [ 9.422870504372712, 54.651330188039971 ], [ 9.422845886835315, 54.651322707960581 ], [ 9.422820429422165, 54.651316241844398 ], [ 9.422794256157657, 54.651310821193192 ], [ 9.422767494553526, 54.651306472415456 ], [ 9.422740274987646, 54.651303216697592 ], [ 9.422712730068895, 54.651301069900917 ], [ 9.42268499399113, 54.651300042484209 ], [ 9.422657201879455, 54.651300139452879 ], [ 9.42262948913195, 54.651301360334536 ], [ 9.422601990760059, 54.651303699181234 ], [ 9.422574840730892, 54.65130714459854 ], [ 9.422548171314576, 54.651311679801047 ], [ 9.422522112439896, 54.651317282694038 ], [ 9.422496791061333, 54.65132392598121 ], [ 9.422472330540588, 54.651331577297654 ], [ 9.422448850045601, 54.651340199367461 ], [ 9.422426463970009, 54.651349750185389 ], [ 9.422405281375847, 54.651360183221435 ], [ 9.422385405462212, 54.651371447647541 ], [ 9.42236693306252, 54.651383488585267 ], [ 9.422349954172716, 54.651396247372965 ], [ 9.422334551512836, 54.65140966185178 ], [ 9.422320800123982, 54.651423666668322 ], [ 9.422308767002715, 54.651438193593101 ], [ 9.422298510774636, 54.651453171852907 ], [ 9.422290081408736, 54.651468528475625 ], [ 9.422283519973913, 54.651484188645696 ], [ 9.42227885843886, 54.651500076068658 ], [ 9.422276119516287, 54.651516113342801 ], [ 9.422275316552195, 54.651532222336257 ], [ 9.422276453460844, 54.651548324567656 ], [ 9.422279524705614, 54.651564341588497 ], [ 9.422284515325954, 54.65158019536532 ], [ 9.422291401010206, 54.65159580865987 ], [ 9.422300148214021, 54.651611105405429 ], [ 9.422310714323741, 54.651626011077397 ], [ 9.422323047863973, 54.651640453056359 ], [ 9.422337088748327, 54.651654360981915 ], [ 9.422352768572154, 54.651667667095481 ], [ 9.42237001094575, 54.651680306570391 ], [ 9.422388731866532, 54.651692217827751 ], [ 9.422408840128258, 54.651703342836441 ], [ 9.422430237765381, 54.651713627395885 ], [ 9.422452820530337, 54.65172302140008 ], [ 9.422476478401418, 54.651731479081789 ], [ 9.422501096118816, 54.651738959235416 ], [ 9.422526553746177, 54.651745425417872 ], [ 9.422552727254933, 54.651750846126106 ], [ 9.422579489128598, 54.651755194950503 ], [ 9.42260670898405, 54.651758450703738 ], [ 9.422634254206773, 54.651760597523825 ], [ 9.422661990596998, 54.651761624951519 ], [ 9.422689783023534, 54.651761527981193 ], [ 9.422717496082178, 54.651760307085297 ], [ 9.422744994755424, 54.651757968212031 ], [ 9.422772145070304, 54.65175452275632 ], [ 9.422798814751124, 54.651749987504395 ], [ 9.422824873863954, 54.651744384551854 ], [ 9.422850195449675, 54.6517377411962 ], [ 9.422874656142556, 54.651730089803685 ], [ 9.422898136771304, 54.651721467651647 ], [ 9.422920522939682, 54.651711916746997 ], [ 9.422941705583847, 54.651701483621366 ], [ 9.422961581503726, 54.65169021910458 ], [ 9.422980053865787, 54.651678178076871 ], [ 9.422997032674816, 54.651665419201592 ], [ 9.423012435212348, 54.651652004639331 ], [ 9.423026186439662, 54.651637999745084 ], [ 9.42303821936334, 54.651623472749868 ], [ 9.423048475361631, 54.651608494428267 ], [ 9.423056904470013, 54.651593137753586 ], [ 9.423063465624601, 54.651577477542396 ], [ 9.423068126862155, 54.651561590089983 ], [ 9.423070865475761, 54.651545552798595 ], [ 9.423071668125427, 54.651529443800449 ] ] } },
{ "type": "Feature", "properties": { "Layer": "WBK_SPERRUNG", "SubClasses": "AcDbEntity:AcDbCircle", "EntityHandle": "4022E" }, "geometry": { "type": "LineString", "coordinates": [ [ 9.19520819308628, 54.856469345398423 ], [ 9.195207150739501, 54.856453399069188 ], [ 9.195204182807396, 54.856437533531853 ], [ 9.195199303751661, 54.856421826081586 ], [ 9.195192537344704, 54.856406353243266 ], [ 9.195183916553782, 54.856391190398725 ], [ 9.195173483380364, 54.856376411419376 ], [ 9.195161288655447, 54.856362088306511 ], [ 9.195147391791901, 54.856348290840359 ], [ 9.195131860494971, 54.856335086240222 ], [ 9.195114770432419, 54.85632253883697 ], [ 9.195096204865843, 54.856310709759668 ], [ 9.195076254245047, 54.856299656637731 ], [ 9.195055015767348, 54.856289433320185 ], [ 9.195032592904067, 54.856280089613406 ], [ 9.195009094896415, 54.856271671038357 ], [ 9.194984636223316, 54.856264218608892 ], [ 9.194959336043672, 54.856257768631956 ], [ 9.194933317615879, 54.856252352530738 ], [ 9.194906707697344, 54.856247996691494 ], [ 9.194879635926972, 54.856244722335099 ], [ 9.194852234193617, 54.856242545413629 ], [ 9.194824635993571, 54.856241476532652 ], [ 9.194796975780232, 54.856241520899566 ], [ 9.194769388309092, 54.856242678298216 ], [ 9.194742007981288, 54.85624494308999 ], [ 9.194714968188832, 54.856248304241205 ], [ 9.194688400664797, 54.85625274537697 ], [ 9.194662434841563, 54.856258244860854 ], [ 9.194637197220274, 54.856264775900343 ], [ 9.19461281075457, 54.856272306677369 ], [ 9.194589394251599, 54.856280800503285 ], [ 9.194567061793222, 54.856290215997625 ], [ 9.194545922180241, 54.856300507289653 ], [ 9.194526078402344, 54.856311624241876 ], [ 9.194507627136362, 54.856323512694267 ], [ 9.19449065827526, 54.856336114728165 ], [ 9.194475254490191, 54.856349368948329 ], [ 9.194461490827718, 54.856363210782142 ], [ 9.194449434344174, 54.856377572794145 ], [ 9.194439143778952, 54.85639238501458 ], [ 9.194430669268304, 54.856407575280222 ], [ 9.194424052101049, 54.856423069586036 ], [ 9.19441932451738, 54.856438792445616 ], [ 9.194416509551761, 54.856454667258966 ], [ 9.194415620920656, 54.856470616685733 ], [ 9.194416662955664, 54.856486563021967 ], [ 9.194419630582368, 54.856502428578658 ], [ 9.194424509345021, 54.856518136060266 ], [ 9.194431275476914, 54.856533608941312 ], [ 9.194439896016144, 54.856548771839122 ], [ 9.194450328966145, 54.856563550881233 ], [ 9.194462523500265, 54.85657787406516 ], [ 9.19447642020935, 54.856591671609273 ], [ 9.194491951391157, 54.856604876292757 ], [ 9.194509041380172, 54.856617423783121 ], [ 9.194527606916219, 54.85662925294961 ], [ 9.194547557550099, 54.856640306161069 ], [ 9.194568796084232, 54.856650529566679 ], [ 9.194591219046202, 54.856659873358439 ], [ 9.194614717192875, 54.856668292013708 ], [ 9.194639176042626, 54.85667574451702 ], [ 9.194664476433109, 54.85668219456003 ], [ 9.194690495101826, 54.856687610718275 ], [ 9.194717105286681, 54.856691966604345 ], [ 9.194744177343589, 54.856695240996508 ], [ 9.194771579378111, 54.856697417941952 ], [ 9.194799177888102, 54.856698486834645 ], [ 9.194826838414125, 54.856698442466985 ], [ 9.194854426194601, 54.85669728505512 ], [ 9.194881806822378, 54.85669502023795 ], [ 9.194908846899603, 54.856691659049588 ], [ 9.194935414687659, 54.856687217865741 ], [ 9.194961380749026, 54.856681718323699 ], [ 9.194986618577929, 54.856675187217114 ], [ 9.195011005216683, 54.85666765636541 ], [ 9.195034421854777, 54.856659162458627 ], [ 9.195056754407714, 54.856649746878865 ], [ 9.195077894072854, 54.856639455498488 ], [ 9.195097737859493, 54.856628338456687 ], [ 9.195116189090632, 54.856616449915265 ], [ 9.195133157873983, 54.856603847794631 ], [ 9.195148561539906, 54.856590593491674 ], [ 9.195162325044159, 54.856576751580654 ], [ 9.195174381333484, 54.856562389498499 ], [ 9.195184671672273, 54.856547577216368 ], [ 9.195193145928679, 54.856532386898671 ], [ 9.195199762818833, 54.856516892551461 ], [ 9.195204490107932, 54.856501169661954 ], [ 9.195207304767248, 54.856485294830698 ], [ 9.19520819308628, 54.856469345398423 ] ] } },
{ "type": "Feature", "properties": { "Layer": "WBK_SPERRUNG", "SubClasses": "AcDbEntity:AcDbCircle", "EntityHandle": "4022F" }, "geometry": { "type": "LineString", "coordinates": [ [ 9.193341178749961, 54.856943602389137 ], [ 9.193340137126988, 54.856927656044547 ], [ 9.193337169892299, 54.856911790462291 ], [ 9.193332291504188, 54.856896082937737 ], [ 9.193325525731813, 54.856880609996125 ], [ 9.193316905539342, 54.856865447019771 ], [ 9.193306472925322, 54.856850667880771 ], [ 9.193294278718033, 54.856836344581176 ], [ 9.193280382327817, 54.856822546902094 ], [ 9.193264851457617, 54.856809342063912 ], [ 9.193247761773113, 54.856796794398626 ], [ 9.193229196534066, 54.856784965036603 ], [ 9.193209246188676, 54.856773911608627 ], [ 9.193188007932926, 54.856763687965255 ], [ 9.193165585237054, 54.856754343914382 ], [ 9.193142087341458, 54.856745924978675 ], [ 9.19311762872451, 54.856738472173781 ], [ 9.193092328544841, 54.856732021808419 ], [ 9.193066310060852, 54.856726605307713 ], [ 9.193039700030216, 54.85672224905985 ], [ 9.19301262809239, 54.856718974287688 ], [ 9.19298522613704, 54.856716796945342 ], [ 9.192957627661542, 54.856715727640427 ], [ 9.192929967120637, 54.856715771582394 ], [ 9.192902379271411, 54.856716928557169 ], [ 9.192874998516842, 54.856719192928196 ], [ 9.192847958251019, 54.856722553663865 ], [ 9.192821390209327, 54.856726994391273 ], [ 9.192795423826666, 54.856732493476002 ], [ 9.192770185606904, 54.856739024127513 ], [ 9.192745798506596, 54.856746554529558 ], [ 9.192722381335981, 54.856755047995378 ], [ 9.192700048180177, 54.856764463146206 ], [ 9.192678907843376, 54.85677475411304 ], [ 9.192659063318802, 54.856785870759929 ], [ 9.192640611286915, 54.856797758928366 ], [ 9.192623641644415, 54.85681036070104 ], [ 9.192608237066263, 54.856823614683975 ], [ 9.192594472602883, 54.856837456305762 ], [ 9.19258241531451, 54.856851818131922 ], [ 9.19257212394446, 54.856866630193636 ], [ 9.192563648632902, 54.856881820328454 ], [ 9.192557030672562, 54.856897314531942 ], [ 9.192552302307497, 54.856913037318215 ], [ 9.192549486575974, 54.856928912087646 ], [ 9.192548597198188, 54.856944861500097 ], [ 9.192549638509378, 54.85696080785165 ], [ 9.192552605438655, 54.856976673453268 ], [ 9.192557483533667, 54.856992381009171 ], [ 9.192564249030958, 54.857007853993501 ], [ 9.192572868971721, 54.857023017023117 ], [ 9.1925833013623, 54.857037796224873 ], [ 9.19259549537877, 54.857052119595551 ], [ 9.192609391614504, 54.857065917352564 ], [ 9.192624922369557, 54.857079122274101 ], [ 9.192642011980501, 54.857091670026485 ], [ 9.192660577189002, 54.857103499477688 ], [ 9.19268052754745, 54.857114552995178 ], [ 9.192701765859615, 54.857124776726664 ], [ 9.192724188654161, 54.857134120862511 ], [ 9.192747686688765, 54.857142539878424 ], [ 9.192772145482351, 54.857149992757186 ], [ 9.19279744587285, 54.857156443188615 ], [ 9.19282346459776, 54.857161859746363 ], [ 9.192850074894713, 54.857166216041072 ], [ 9.192877147119072, 54.857169490848989 ], [ 9.192904549375593, 54.857171668215329 ], [ 9.19293214816104, 54.857172737531975 ], [ 9.19295980901464, 54.857172693589263 ], [ 9.192987397173216, 54.857171536601285 ], [ 9.193014778227772, 54.857169272204843 ], [ 9.193041818778378, 54.85716591143207 ], [ 9.193068387084109, 54.857161470656557 ], [ 9.193094353704925, 54.857155971513656 ], [ 9.193119592132323, 54.857149440795084 ], [ 9.193143979405704, 54.857141910318347 ], [ 9.193167396711463, 54.857133416771674 ], [ 9.193189729961853, 54.857124001535404 ], [ 9.193210870350832, 54.857113710480228 ], [ 9.193230714884171, 54.857102593743761 ], [ 9.193249166881234, 54.857090705486307 ], [ 9.193266136446001, 54.857078103626904 ], [ 9.193281540905025, 54.857064849561155 ], [ 9.193295305210196, 54.857051007862154 ], [ 9.193307362304363, 54.857036645965835 ], [ 9.193317653447986, 54.857021833842424 ], [ 9.193326128505305, 54.857006643655559 ], [ 9.193332746188544, 54.856991149410639 ], [ 9.193337474259041, 54.856975426594424 ], [ 9.193340289684256, 54.856959551807094 ], [ 9.193341178749961, 54.856943602389137 ] ] } },
{ "type": "Feature", "properties": { "Layer": "WBK_SPERRUNG", "SubClasses": "AcDbEntity:AcDbCircle", "EntityHandle": "40230" }, "geometry": { "type": "LineString", "coordinates": [ [ 9.19608458995517, 54.853719275564906 ], [ 9.196083547336228, 54.853703329236154 ], [ 9.196080579264724, 54.853687463713115 ], [ 9.196075700203027, 54.853671756290908 ], [ 9.196068933923579, 54.853656283494267 ], [ 9.196060313393016, 54.853641120704815 ], [ 9.196049880611534, 54.853626341793721 ], [ 9.196037686408225, 54.853612018761901 ], [ 9.196023790193411, 54.853598221389234 ], [ 9.196008259669185, 54.853585016894527 ], [ 9.195991170499537, 54.853572469608181 ], [ 9.195972605941719, 54.85356064065865 ], [ 9.195952656440616, 54.853549587674735 ], [ 9.195931419188096, 54.853539364504826 ], [ 9.195908997649504, 54.853530020954516 ], [ 9.195885501059603, 54.853521602544056 ], [ 9.195861043890407, 54.853514150286486 ], [ 9.19583574529349, 54.853507700487931 ], [ 9.195809728519542, 54.853502284570652 ], [ 9.195783120317909, 54.853497928920071 ], [ 9.195756050319133, 54.853494654756133 ], [ 9.195728650403439, 54.853492478029949 ], [ 9.19570105405826, 54.853491409346155 ], [ 9.19567339572796, 54.853491453911182 ], [ 9.19564581015886, 54.85349261150791 ], [ 9.195618431742826, 54.853494876496761 ], [ 9.195591393862555, 54.853498237843105 ], [ 9.195564828241812, 54.853502679171079 ], [ 9.195538864303701, 54.853508178843327 ], [ 9.19551362854018, 54.853514710066442 ], [ 9.195489243895842, 54.853522241021416 ], [ 9.195465829168958, 54.853530735018758 ], [ 9.19544349843274, 54.853540150677162 ], [ 9.195422360479597, 54.853550442125091 ], [ 9.195402518291134, 54.85356155922431 ], [ 9.195384068536436, 54.853573447814078 ], [ 9.195367101101104, 54.853586049975007 ], [ 9.195351698649349, 54.853599304311295 ], [ 9.195337936221234, 54.853613146249742 ], [ 9.195325880867077, 54.853627508354393 ], [ 9.195315591320776, 54.853642320655013 ], [ 9.195307117713609, 54.853657510988015 ], [ 9.195300501330003, 54.853673005348014 ], [ 9.195295774406326, 54.853688728248329 ], [ 9.195292959973829, 54.853704603088801 ], [ 9.195292071746376, 54.853720552528927 ], [ 9.195293114053602, 54.853736498864684 ], [ 9.195296081819761, 54.853752364407072 ], [ 9.195300960588424, 54.853768071860621 ], [ 9.195307726592862, 54.853783544699979 ], [ 9.195316346871781, 54.853798707542708 ], [ 9.195326779429889, 54.853813486516557 ], [ 9.195338973442443, 54.853827809619418 ], [ 9.195352869502827, 54.853841607070059 ], [ 9.195368399911962, 54.853854811648098 ], [ 9.195385489008093, 54.853867359021557 ], [ 9.1954040535354, 54.853879188060262 ], [ 9.195424003049594, 54.853890241133676 ], [ 9.195445240358548, 54.853900464391678 ], [ 9.195467661995822, 54.853909808026934 ], [ 9.19549115872473, 54.853918226517585 ], [ 9.195515616070555, 54.853925678849002 ], [ 9.195540914878281, 54.853932128713645 ], [ 9.195566931893119, 54.853937544687916 ], [ 9.195593540361033, 54.85394190038533 ], [ 9.195620610646298, 54.853945174585022 ], [ 9.195648010863113, 54.853947351335187 ], [ 9.195675607518183, 54.853948420030704 ], [ 9.195703266161114, 54.853948375464924 ], [ 9.1957308520395, 54.853947217854966 ], [ 9.195758230755452, 54.85394495284072 ], [ 9.195785268920437, 54.853941591457236 ], [ 9.19581183480515, 54.853937150081173 ], [ 9.19583779898135, 54.853931650350766 ], [ 9.19586303495244, 54.853925119060584 ], [ 9.195887419769793, 54.853917588030932 ], [ 9.195910834631766, 54.85390909395273 ], [ 9.19593316546252, 54.85389967820889 ], [ 9.195954303467802, 54.853889386672606 ], [ 9.195974145664996, 54.853878269483843 ], [ 9.195992595384849, 54.853866380805073 ], [ 9.196009562742434, 54.853853778557394 ], [ 9.196024965075054, 54.853840524138313 ], [ 9.196038727344966, 54.853826682122666 ], [ 9.19605078250493, 54.853812319947885 ], [ 9.196061071824831, 54.853797507585575 ], [ 9.196069545177791, 54.853782317200533 ], [ 9.196076161284338, 54.853766822799145 ], [ 9.196080887913494, 54.853751099868887 ], [ 9.196083702039738, 54.853735225010539 ], [ 9.19608458995517, 54.853719275564906 ] ] } },
{ "type": "Feature", "properties": { "Layer": "WBK_SPERRUNG", "SubClasses": "AcDbEntity:AcDbCircle", "EntityHandle": "40231" }, "geometry": { "type": "LineString", "coordinates": [ [ 9.194285720437076, 54.85386695602584 ], [ 9.194284678523706, 54.853851009681456 ], [ 9.194281711147077, 54.853835144114313 ], [ 9.194276832766175, 54.853819436619666 ], [ 9.194270067150121, 54.853803963722669 ], [ 9.194261447262321, 54.853788800805397 ], [ 9.194251015099843, 54.853774021739639 ], [ 9.194238821488755, 54.853759698527092 ], [ 9.194224925836505, 54.853745900948482 ], [ 9.194209395842433, 54.853732696223659 ], [ 9.194192307167956, 54.85372014868409 ], [ 9.194173743067909, 54.853708319459521 ], [ 9.194153793984951, 54.853697266180056 ], [ 9.194132557108905, 54.853687042695562 ], [ 9.194110135903291, 54.853677698813108 ], [ 9.194086639601249, 54.853669280054604 ], [ 9.194062182673383, 54.853661827434784 ], [ 9.194036884270098, 54.853655377261511 ], [ 9.194010867641138, 54.853649960958904 ], [ 9.193984259535148, 54.853645604914242 ], [ 9.193957189582196, 54.853642330349381 ], [ 9.193929789662286, 54.853640153217412 ], [ 9.193902193262877, 54.853639084124943 ], [ 9.193874534828591, 54.853639128280385 ], [ 9.193846949106257, 54.853640285468629 ], [ 9.193819570488492, 54.853642550052051 ], [ 9.193792532358971, 54.85364591099804 ], [ 9.193765966442674, 54.853650351932657 ], [ 9.193740002164144, 54.853655851220473 ], [ 9.193714766017001, 54.853662382069935 ], [ 9.193690380947702, 54.853669912663889 ], [ 9.193666965756593, 54.853678406314572 ], [ 9.193644634519144, 54.853687821642403 ], [ 9.193623496030206, 54.853698112777408 ], [ 9.193603653273998, 54.853709229582904 ], [ 9.193585202922364, 54.853721117899568 ], [ 9.193568234863822, 54.853733719809377 ], [ 9.193552831765611, 54.853746973917715 ], [ 9.193539068670948, 54.853760815652514 ], [ 9.193527012633396, 54.85377517757879 ], [ 9.193516722390182, 54.853789989727197 ], [ 9.193508248075984, 54.853805179934866 ], [ 9.193501630978664, 54.853820674197031 ], [ 9.19349690333808, 54.853836397027521 ], [ 9.193494088188963, 54.853852271826476 ], [ 9.193493199248678, 54.853868221253627 ], [ 9.193494240850326, 54.853884167604981 ], [ 9.193497207921602, 54.853900033191501 ], [ 9.193502086009463, 54.853915740717461 ], [ 9.193508851350492, 54.853931213657177 ], [ 9.193517470986636, 54.853946376627711 ], [ 9.193527902925727, 54.853961155756224 ], [ 9.193540096346039, 54.853975479039811 ], [ 9.193553991843844, 54.853989276696389 ], [ 9.193569521722802, 54.854002481504551 ], [ 9.193586610323743, 54.854015029131212 ], [ 9.193605174393257, 54.854026858444961 ], [ 9.193625123489287, 54.854037911813919 ], [ 9.193646360421745, 54.85404813538652 ], [ 9.193668781726023, 54.854057479353919 ], [ 9.19369227816706, 54.85406589819263 ], [ 9.193716735271538, 54.854073350886303 ], [ 9.19374203388562, 54.854079801125657 ], [ 9.193768050755457, 54.854085217485263 ], [ 9.193794659127724, 54.854089573576765 ], [ 9.193821729367158, 54.854092848177388 ], [ 9.193849129588184, 54.854095025333322 ], [ 9.193876726297486, 54.854096094437523 ], [ 9.193904385044405, 54.854096050281335 ], [ 9.193931971076028, 54.854094893079889 ], [ 9.193959349993722, 54.854092628471051 ], [ 9.19398638840797, 54.854089267487957 ], [ 9.194012954588251, 54.85408482650525 ], [ 9.194038919104882, 54.854079327159283 ], [ 9.194064155459612, 54.85407279624274 ], [ 9.194088540701943, 54.854065265574114 ], [ 9.194111956028161, 54.854056771842572 ], [ 9.194134287360166, 54.854047356429348 ], [ 9.194155425901263, 54.854037065205979 ], [ 9.194175268666223, 54.85402594831092 ], [ 9.19419371898303, 54.854014059905246 ], [ 9.194210686963844, 54.854001457908694 ], [ 9.194226089942939, 54.85398820371757 ], [ 9.194239852879415, 54.853974361905557 ], [ 9.194251908722787, 54.853959999909158 ], [ 9.194262198739612, 54.853945187699068 ], [ 9.194270672799613, 54.85392999743933 ], [ 9.19427728961988, 54.853914503135755 ], [ 9.194282016965948, 54.853898780275337 ], [ 9.194284831808812, 54.853882905458484 ], [ 9.194285720437076, 54.85386695602584 ] ] } },
{ "type": "Feature", "properties": { "Layer": "WBK_SPERRUNG", "SubClasses": "AcDbEntity:AcDbCircle", "EntityHandle": "40236" }, "geometry": { "type": "LineString", "coordinates": [ [ 9.227789758337224, 54.818691034172758 ], [ 9.227788704165038, 54.818675088035278 ], [ 9.22778572627143, 54.818659223205032 ], [ 9.227780839166615, 54.818643516973751 ], [ 9.227774066662215, 54.818628045860351 ], [ 9.227765441755187, 54.818612885238267 ], [ 9.227755006467044, 54.818598108968111 ], [ 9.227742811639084, 54.81858378903793 ], [ 9.22772891668467, 54.818569995212485 ], [ 9.227713389299744, 54.818556794693315 ], [ 9.227696305133003, 54.818544251791415 ], [ 9.227677747417321, 54.818532427613953 ], [ 9.227657806564244, 54.818521379766416 ], [ 9.227636579723502, 54.818511162072205 ], [ 9.227614170309719, 54.818501824310239 ], [ 9.227590687498587, 54.818493411972533 ], [ 9.227566245694984, 54.818485966042573 ], [ 9.227540963975633, 54.818479522795641 ], [ 9.227514965508993, 54.818474113622109 ], [ 9.227488376955227, 54.818469764874514 ], [ 9.227461327849154, 54.818466497739166 ], [ 9.227433949969214, 54.818464328132983 ], [ 9.227406376695491, 54.818463266625869 ], [ 9.227378742359949, 54.818463318389313 ], [ 9.227351181592015, 54.818464483171113 ], [ 9.227323828662731, 54.81846675529669 ], [ 9.227296816830636, 54.818470123696656 ], [ 9.227270277692586, 54.818474571960763 ], [ 9.227244340542679, 54.818480078417906 ], [ 9.227219131742364, 54.818486616241557 ], [ 9.227194774104879, 54.818494153580609 ], [ 9.227171386296925, 54.818502653714454 ], [ 9.227149082260569, 54.818512075231858 ], [ 9.227127970658151, 54.818522372232778 ], [ 9.227108154342897, 54.8185334945519 ], [ 9.227089729857841, 54.818545388003045 ], [ 9.227072786965481, 54.8185579946432 ], [ 9.227057408210454, 54.818571253054678 ], [ 9.227043668517377, 54.818585098644441 ], [ 9.227031634825806, 54.818599463958734 ], [ 9.227021365764097, 54.818614279011683 ], [ 9.227012911363731, 54.818629471626309 ], [ 9.227006312815552, 54.818644967786113 ], [ 9.227001602269041, 54.818660691995625 ], [ 9.226998802675652, 54.818676567648311 ], [ 9.226997927676953, 54.818692517399725 ], [ 9.226998981538122, 54.818708463544311 ], [ 9.22700195912712, 54.818724328393998 ], [ 9.227006845939659, 54.818740034656713 ], [ 9.22701361816981, 54.818755505812874 ], [ 9.227022242825948, 54.818770666488248 ], [ 9.227032677891446, 54.818785442821188 ], [ 9.227044872529342, 54.818799762822401 ], [ 9.22705876732997, 54.818813556725765 ], [ 9.227074294600378, 54.818826757328196 ], [ 9.227091378694105, 54.818839300317102 ], [ 9.227109936379692, 54.818851124583652 ], [ 9.227129877246185, 54.818862172520554 ], [ 9.227151104143585, 54.818872390302715 ], [ 9.227173513656171, 54.818881728149513 ], [ 9.227196996606326, 54.818890140567248 ], [ 9.227221438586465, 54.818897586570877 ], [ 9.227246720516431, 54.818904029883726 ], [ 9.227272719223665, 54.818909439114087 ], [ 9.227299308043323, 54.818913787908357 ], [ 9.227326357435407, 54.818917055079289 ], [ 9.227353735615914, 54.818919224709305 ], [ 9.227381309198904, 54.818920286228 ], [ 9.227408943846399, 54.818920234463697 ], [ 9.227436504922897, 54.818919069668567 ], [ 9.227463858151353, 54.818916797517488 ], [ 9.227490870267404, 54.818913429080332 ], [ 9.227517409668662, 54.818908980768072 ], [ 9.227543347055915, 54.818903474252785 ], [ 9.227568556063087, 54.818896936362044 ], [ 9.22759291387292, 54.818889398948343 ], [ 9.227616301815353, 54.818880898733703 ], [ 9.227638605945703, 54.818871477130955 ], [ 9.227659717599803, 54.818861180041772 ], [ 9.227679533923416, 54.818850057633213 ], [ 9.22769795837335, 54.818838164093172 ], [ 9.22771490118779, 54.818825557366431 ], [ 9.227730279823614, 54.818812298872331 ], [ 9.227744019358525, 54.818798453205538 ], [ 9.227756052856046, 54.818784087821278 ], [ 9.2277663216916, 54.818769272706803 ], [ 9.227774775838105, 54.818754080040286 ], [ 9.227781374109659, 54.81873858383927 ], [ 9.227786084362167, 54.818722859599973 ], [ 9.227788883649893, 54.81870698392953 ], [ 9.227789758337224, 54.818691034172758 ] ] } },
{ "type": "Feature", "properties": { "Layer": "WBK_SPERRUNG", "SubClasses": "AcDbEntity:AcDbCircle", "EntityHandle": "40237" }, "geometry": { "type": "LineString", "coordinates": [ [ 9.229681356819778, 54.819102255310142 ], [ 9.229680301891312, 54.819086309190908 ], [ 9.22967732322577, 54.819070444408879 ], [ 9.229672435337127, 54.819054738255545 ], [ 9.229665662040821, 54.819039267249472 ], [ 9.22965703633767, 54.819024106763585 ], [ 9.229646600253067, 54.819009330657785 ], [ 9.229634404632186, 54.818995010919359 ], [ 9.229620508892257, 54.818981217312093 ], [ 9.229604980733049, 54.818968017036511 ], [ 9.229587895807027, 54.818955474402401 ], [ 9.229569337350766, 54.8189436505156 ], [ 9.229549395779419, 54.818932602980226 ], [ 9.229528168246217, 54.818922385618123 ], [ 9.229505758169159, 54.818913048206603 ], [ 9.229482274727165, 54.81890463623597 ], [ 9.229457832328187, 54.818897190687935 ], [ 9.229432550051849, 54.818890747835901 ], [ 9.229406551069324, 54.818885339068345 ], [ 9.229379962043286, 54.818880990735799 ], [ 9.229352912510855, 54.818877724022563 ], [ 9.229325534252549, 54.818875554843459 ], [ 9.229297960650298, 54.818874493766387 ], [ 9.229270326037664, 54.818874545960689 ], [ 9.229242765045424, 54.818875711172076 ], [ 9.229215411945711, 54.81887798372388 ], [ 9.229188399997895, 54.818881352544615 ], [ 9.229161860799401, 54.818885801222024 ], [ 9.229135923644613, 54.818891308082925 ], [ 9.229110714895009, 54.818897846298903 ], [ 9.229086357363578, 54.81890538401688 ], [ 9.229062969716509, 54.818913884514423 ], [ 9.229040665895079, 54.81892330637853 ], [ 9.229019554560583, 54.818933603707443 ], [ 9.228999738564946, 54.818944726334287 ], [ 9.228981314449641, 54.818956620071376 ], [ 9.228964371975364, 54.818969226974261 ], [ 9.228948993684716, 54.818982485624034 ], [ 9.228935254500053, 54.818996331426462 ], [ 9.228923221358455, 54.819010696926767 ], [ 9.228912952885596, 54.819025512138182 ], [ 9.22890449911009, 54.819040704882923 ], [ 9.228897901219739, 54.819056201143844 ], [ 9.228893191360815, 54.81907192542505 ], [ 9.228890392481425, 54.819087801119608 ], [ 9.228889518219656, 54.819103750882867 ], [ 9.228890572837098, 54.819119697009242 ], [ 9.228893551198029, 54.819135561810725 ], [ 9.228898438794397, 54.81915126799548 ], [ 9.228905211816455, 54.819166739044327 ], [ 9.22891383726872, 54.819181899583526 ], [ 9.228924273130691, 54.819196675752096 ], [ 9.228936468561518, 54.819210995561569 ], [ 9.228950364147675, 54.819224789246739 ], [ 9.228965892192383, 54.819237989605611 ], [ 9.22898297704541, 54.819250532326741 ], [ 9.229001535471596, 54.819262356302616 ], [ 9.229021477056378, 54.819273403927369 ], [ 9.229042704646259, 54.819283621377416 ], [ 9.229065114822145, 54.819292958873767 ], [ 9.229088598403184, 54.819301370924421 ], [ 9.229113040978721, 54.819308816546126 ], [ 9.229138323465696, 54.819315259464069 ], [ 9.229164322688836, 54.819320668288455 ], [ 9.229190911980782, 54.819325016667669 ], [ 9.229217961799238, 54.819328283416489 ], [ 9.229245340358121, 54.819330452619397 ], [ 9.229272914269654, 54.81933151370805 ], [ 9.229300549194248, 54.819331461512888 ], [ 9.229328110495059, 54.819330296288172 ], [ 9.229355463893944, 54.81932802371086 ], [ 9.229382476125712, 54.819324654852934 ], [ 9.229409015587414, 54.819320206127372 ], [ 9.229434952979538, 54.819314699208284 ], [ 9.22946016193599, 54.819308160925232 ], [ 9.229484519639753, 54.819300623132598 ], [ 9.229507907421286, 54.819292122554273 ], [ 9.229530211336693, 54.819282700604809 ], [ 9.229551322722848, 54.819272403187618 ], [ 9.229571138726827, 54.819261280471338 ], [ 9.229589562806989, 54.819249386645367 ], [ 9.229606505203321, 54.819236779655867 ], [ 9.229621883374744, 54.819223520923487 ], [ 9.229635622401219, 54.819209675044021 ], [ 9.229647655348746, 54.819195309473756 ], [ 9.229657923595431, 54.819180494200829 ], [ 9.229666377117056, 54.819165301404212 ], [ 9.229672974730766, 54.819149805102043 ], [ 9.229677684295671, 54.819134080791081 ], [ 9.229680482869389, 54.81911820507878 ], [ 9.229681356819778, 54.819102255310142 ] ] } },
{ "type": "Feature", "properties": { "Layer": "WBK_SPERRUNG", "SubClasses": "AcDbEntity:AcDbCircle", "EntityHandle": "4023C" }, "geometry": { "type": "LineString", "coordinates": [ [ 9.234336225718339, 54.811728823957495 ], [ 9.234335169157108, 54.811712877860799 ], [ 9.234332189218657, 54.811697013174864 ], [ 9.234327300423169, 54.811681307190675 ], [ 9.234320526590496, 54.811665836425966 ], [ 9.234311900724068, 54.811650676252462 ], [ 9.23430146485007, 54.811635900528621 ], [ 9.234289269812651, 54.811621581239791 ], [ 9.234275375026195, 54.811607788147604 ], [ 9.234259848185829, 54.811594588450085 ], [ 9.234242764937589, 54.81158204645417 ], [ 9.234224208509877, 54.811570223262606 ], [ 9.234204269307961, 54.811559176476123 ], [ 9.234183044473532, 54.811548959912933 ], [ 9.234160637411437, 54.811539623346427 ], [ 9.234137157285907, 54.811531212262814 ], [ 9.234112718488738, 54.811523767639471 ], [ 9.234087440082007, 54.811517325745299 ], [ 9.234061445218034, 54.811511917964111 ], [ 9.234034860539429, 54.811507570641638 ], [ 9.234007815562133, 54.811504304957246 ], [ 9.233980442044473, 54.811502136820778 ], [ 9.233952873345281, 54.811501076795011 ], [ 9.233925243774236, 54.811501130044178 ], [ 9.233897687937551, 54.811502296308873 ], [ 9.233870340082246, 54.811504569907271 ], [ 9.23384333344214, 54.811507939762819 ], [ 9.2338167995888, 54.811512389458166 ], [ 9.233790867790571, 54.811517897315206 ], [ 9.233765664382837, 54.811524436500676 ], [ 9.233741312152558, 54.81153197515674 ], [ 9.233717929740099, 54.811540476556452 ], [ 9.233695631061241, 54.811549899282369 ], [ 9.233674524752221, 54.811560197428562 ], [ 9.233654713640476, 54.811571320824143 ], [ 9.233636294243695, 54.8115832152777 ], [ 9.233619356299583, 54.811595822841291 ], [ 9.233603982328667, 54.811609082092787 ], [ 9.233590247232261, 54.811622928435028 ], [ 9.233578217927523, 54.811637294410602 ], [ 9.23356795302144, 54.811652110030408 ], [ 9.233559502525246, 54.81166730311471 ], [ 9.233552907610763, 54.811682799644714 ], [ 9.233548200409768, 54.81169852412313 ], [ 9.233545403857416, 54.811714399942161 ], [ 9.233544531580458, 54.811730349756509 ], [ 9.233545587830811, 54.811746295860324 ], [ 9.233548567464798, 54.811762160565735 ], [ 9.233553455968163, 54.811777866581373 ], [ 9.233560229526738, 54.811793337388856 ], [ 9.233568855142428, 54.811808497615644 ], [ 9.23357929079393, 54.81182327340229 ], [ 9.233591485641423, 54.811837592762139 ], [ 9.233605380274218, 54.811851385932222 ], [ 9.233620907000187, 54.811864585713018 ], [ 9.233637990175513, 54.811877127795931 ], [ 9.233656546573217, 54.81188895107654 ], [ 9.233676485788612, 54.811899997952352 ], [ 9.233697710679749, 54.811910214603493 ], [ 9.233720117840674, 54.811919551254782 ], [ 9.233743598105233, 54.811927962418387 ], [ 9.233768037078923, 54.811935407115378 ], [ 9.233793315696232, 54.811941849075417 ], [ 9.233819310800742, 54.811947256913406 ], [ 9.233845895745162, 54.81195160428252 ], [ 9.233872941008375, 54.811954870002474 ], [ 9.23390031482649, 54.811957038162731 ], [ 9.233927883834829, 54.811958098200058 ], [ 9.233955513717692, 54.811958044949996 ], [ 9.233983069862798, 54.811956878671964 ], [ 9.234010418017125, 54.811954605048051 ], [ 9.234037424941036, 54.811951235155313 ], [ 9.234063959057435, 54.811946785411806 ], [ 9.234089891092859, 54.811941277496587 ], [ 9.23411509470731, 54.811934738244048 ], [ 9.234139447109797, 54.81192719951332 ], [ 9.23416282965661, 54.811918698032834 ], [ 9.234185128429354, 54.811909275221581 ], [ 9.234206234789962, 54.811898976987152 ], [ 9.234226045909988, 54.811887853502149 ], [ 9.234244465271592, 54.811875958959739 ], [ 9.234261403137747, 54.811863351309576 ], [ 9.234276776989443, 54.811850091975501 ], [ 9.234290511927691, 54.811836245556236 ], [ 9.234302541038403, 54.811821879510745 ], [ 9.234312805718378, 54.811807063829434 ], [ 9.234321255960777, 54.811791870693291 ], [ 9.234327850598723, 54.811776374122111 ], [ 9.234332557505814, 54.811760649613923 ], [ 9.234335353752622, 54.811744773777185 ], [ 9.234336225718339, 54.811728823957495 ] ] } },
{ "type": "Feature", "properties": { "Layer": "WBK_SPERRUNG", "SubClasses": "AcDbEntity:AcDbCircle", "EntityHandle": "4023D" }, "geometry": { "type": "LineString", "coordinates": [ [ 9.249705485070708, 54.786283158697977 ], [ 9.249703969948184, 54.786260407185445 ], [ 9.249699712353841, 54.786237772174424 ], [ 9.24969273303476, 54.786215363940144 ], [ 9.249683065997814, 54.786193291652758 ], [ 9.249670758343902, 54.786171662845646 ], [ 9.24965587003839, 54.786150582891338 ], [ 9.249638473618905, 54.786130154488369 ], [ 9.249618653841868, 54.786110477160783 ], [ 9.249596507269517, 54.786091646773386 ], [ 9.249572141799421, 54.786073755064713 ], [ 9.249545676138776, 54.786056889200061 ], [ 9.249517239226066, 54.786041131346913 ], [ 9.24948696960287, 54.786026558274614 ], [ 9.249455014738905, 54.786013240980424 ], [ 9.249421530313587, 54.786001244343581 ], [ 9.249386679457606, 54.785990626809308 ], [ 9.249350631958212, 54.785981440104095 ], [ 9.249313563432072, 54.785973728983649 ], [ 9.249275654469749, 54.785967531014926 ], [ 9.24923708975596, 54.785962876393135 ], [ 9.249198057169867, 54.785959787794589 ], [ 9.249158746869851, 54.785958280266271 ], [ 9.24911935036716, 54.785958361152552 ], [ 9.24908005959297, 54.785960030059357 ], [ 9.249041065963409, 54.785963278856165 ], [ 9.249002559447089, 54.785968091715517 ], [ 9.248964727639679, 54.785974445190199 ], [ 9.24892775485004, 54.785982308327469 ], [ 9.248891821202374, 54.785991642819745 ], [ 9.248857101758738, 54.786002403191326 ], [ 9.248823765666215, 54.786014537019867 ], [ 9.248791975332908, 54.786027985191787 ], [ 9.248761885636739, 54.7860426821902 ], [ 9.248733643170917, 54.786058556414126 ], [ 9.248707385529777, 54.786075530527228 ], [ 9.248683240638432, 54.786093521834701 ], [ 9.248661326129524, 54.786112442685969 ], [ 9.248641748770106, 54.786132200901775 ], [ 9.248624603941456, 54.786152700223212 ], [ 9.248609975174332, 54.786173840780712 ], [ 9.248597933741971, 54.786195519580467 ], [ 9.248588538312788, 54.786217631006352 ], [ 9.248581834664471, 54.786240067334319 ], [ 9.24857785546088, 54.78626271925728 ], [ 9.248576620092825, 54.786285476417589 ], [ 9.248578134583513, 54.786308227944737 ], [ 9.248582391559102, 54.78633086299547 ], [ 9.248589370284558, 54.786353271293805 ], [ 9.248599036764556, 54.786375343668304 ], [ 9.248611343909044, 54.786396972583908 ], [ 9.248626231762566, 54.786418052665965 ], [ 9.248643627796298, 54.786438481213487 ], [ 9.248663447261322, 54.786458158699567 ], [ 9.248685593601474, 54.786476989256343 ], [ 9.248709958923708, 54.786494881141998 ], [ 9.248736424523702, 54.786511747187753 ], [ 9.248764861464153, 54.786527505222622 ], [ 9.248795131202945, 54.786542078473708 ], [ 9.248827086268108, 54.786555395940319 ], [ 9.248860570976312, 54.786567392739798 ], [ 9.248895422191358, 54.786578010423788 ], [ 9.248931470119013, 54.786587197262882 ], [ 9.248968539134268, 54.78659490849877 ], [ 9.24900644863704, 54.786601106562237 ], [ 9.249045013932101, 54.78660576125624 ], [ 9.249084047128965, 54.786608849903054 ], [ 9.24912335805737, 54.786610357454776 ], [ 9.249162755193833, 54.786610276566556 ], [ 9.249202046594844, 54.786608607632495 ], [ 9.249241040832073, 54.786605358783689 ], [ 9.249279547925086, 54.786600545848572 ], [ 9.249317380266984, 54.786594192275842 ], [ 9.249354353538502, 54.786586329020167 ], [ 9.249390287606063, 54.78657699439141 ], [ 9.249425007399438, 54.786566233867937 ], [ 9.249458343764729, 54.786554099875055 ], [ 9.249490134288529, 54.786540651529528 ], [ 9.249520224089212, 54.786525954351646 ], [ 9.249548466571527, 54.786510079945884 ], [ 9.249574724140823, 54.786493105652056 ], [ 9.249598868873383, 54.786475114168546 ], [ 9.24962078313966, 54.786456193149348 ], [ 9.249640360177317, 54.786436434776981 ], [ 9.249657504611344, 54.786415935313393 ], [ 9.24967213291866, 54.786394794630944 ], [ 9.24968417383498, 54.786373115725844 ], [ 9.249693568701934, 54.786351004216264 ], [ 9.249700271752776, 54.786328567827908 ], [ 9.249704250335276, 54.786305915869029 ], [ 9.249705485070708, 54.786283158697977 ] ] } },
{ "type": "Feature", "properties": { "Layer": "WBK_SPERRUNG", "SubClasses": "AcDbEntity:AcDbCircle", "EntityHandle": "4023F" }, "geometry": { "type": "LineString", "coordinates": [ [ 9.408444514969672, 54.688408449661004 ], [ 9.408443572440454, 54.688395048933437 ], [ 9.408441018626428, 54.688381718938437 ], [ 9.408436865971069, 54.688368524618284 ], [ 9.408431134707186, 54.688355530254235 ], [ 9.408423852758322, 54.68834279915329 ], [ 9.408415055602672, 54.688330393339825 ], [ 9.408404786100229, 54.688318373253402 ], [ 9.408393094283939, 54.688306797454288 ], [ 9.408380037115931, 54.688295722338211 ], [ 9.408365678209991, 54.688285201861611 ], [ 9.408350087521631, 54.688275287278735 ], [ 9.408333341007257, 54.688266026891974 ], [ 9.408315520254131, 54.688257465816562 ], [ 9.408296712082866, 54.688249645760727 ], [ 9.40827700812447, 54.688242604822562 ], [ 9.408256504373924, 54.688236377304406 ], [ 9.408235300722534, 54.68823099354573 ], [ 9.40821350047127, 54.688226479775345 ], [ 9.408191209827526, 54.68822285798354 ], [ 9.40816853738772, 54.688220145815151 ], [ 9.408145593608229, 54.688218356483375 ], [ 9.408122490267301, 54.688217498705548 ], [ 9.408099339920508, 54.688217576660612 ], [ 9.408076255352421, 54.688218589968791 ], [ 9.408053349027158, 54.688220533693439 ], [ 9.408030732540503, 54.688223398365025 ], [ 9.408008516076261, 54.688227170027382 ], [ 9.407986807869477, 54.688231830305575 ], [ 9.40796571367914, 54.688237356495513 ], [ 9.407945336272975, 54.68824372167451 ], [ 9.407925774926786, 54.688250894832422 ], [ 9.407907124940808, 54.688258841022751 ], [ 9.407889477175424, 54.688267521532907 ], [ 9.40787291760852, 54.6882768940728 ], [ 9.407857526916612, 54.688286912980772 ], [ 9.407843380081792, 54.688297529446174 ], [ 9.407830546026423, 54.68830869174711 ], [ 9.407819087277355, 54.688320345502405 ], [ 9.407809059661275, 54.688332433936502 ], [ 9.407800512032724, 54.688344898156124 ], [ 9.407793486036052, 54.688357677437189 ], [ 9.407788015902513, 54.688370709520541 ], [ 9.407784128283463, 54.688383930915442 ], [ 9.407781842120501, 54.688397277208679 ], [ 9.407781168553148, 54.688410683378578 ], [ 9.407782110864547, 54.688424084111638 ], [ 9.407784664465442, 54.688437414120791 ], [ 9.407788816916497, 54.688450608463476 ], [ 9.407794547988887, 54.688463602858022 ], [ 9.407801829762793, 54.688476333996817 ], [ 9.407810626763425, 54.688488739854755 ], [ 9.407820896133808, 54.68850075999142 ], [ 9.407832587843568, 54.688512335845544 ], [ 9.407845644932646, 54.688523411020334 ], [ 9.407860003788793, 54.688533931558204 ], [ 9.407875594457471, 54.688543846203743 ], [ 9.407892340982649, 54.688553106653309 ], [ 9.407910161776861, 54.688561667790459 ], [ 9.407928970018693, 54.688569487905767 ], [ 9.407948674075763, 54.688576528899951 ], [ 9.407969177951168, 54.688582756469629 ], [ 9.407990381751175, 54.688588140274305 ], [ 9.408012182171918, 54.688592654084282 ], [ 9.408034473002703, 54.688596275908459 ], [ 9.408057145643477, 54.688598988101411 ], [ 9.40808008963395, 54.688600777449473 ], [ 9.408103193191764, 54.688601635234974 ], [ 9.408126343757125, 54.688601557278794 ], [ 9.408149428541213, 54.688600543960767 ], [ 9.408172335075704, 54.688598600217738 ], [ 9.408194951760739, 54.688595735519563 ], [ 9.408217168408655, 54.688591963822951 ], [ 9.408238876780832, 54.688587303503489 ], [ 9.408259971115058, 54.68858177726608 ], [ 9.408280348640808, 54.688575412034346 ], [ 9.408299910079954, 54.688568238819443 ], [ 9.40831856013045, 54.688560292568944 ], [ 9.408336207930658, 54.688551611996665 ], [ 9.408352767502009, 54.688542239393904 ], [ 9.40836815816791, 54.688532220423504 ], [ 9.408382304946768, 54.688521603897357 ], [ 9.40839513891731, 54.688510441538519 ], [ 9.40840659755434, 54.68849878772933 ], [ 9.408416625033347, 54.688486699246354 ], [ 9.408425172502461, 54.688474234983829 ], [ 9.408432198320437, 54.688461455666712 ], [ 9.408437668259497, 54.688448423554796 ], [ 9.40844155567207, 54.688435202139452 ], [ 9.408443841620576, 54.6884218558342 ], [ 9.408444514969672, 54.688408449661004 ] ] } },
{ "type": "Feature", "properties": { "Layer": "WBK_SPERRUNG", "SubClasses": "AcDbEntity:AcDbCircle", "EntityHandle": "40240" }, "geometry": { "type": "LineString", "coordinates": [ [ 9.421384897716218, 54.664017711343192 ], [ 9.421384223392524, 54.664008160977467 ], [ 9.421382401445845, 54.66399866114287 ], [ 9.421379440753315, 54.663989258121617 ], [ 9.421375355739885, 54.663979997724162 ], [ 9.421370166308035, 54.663970925066153 ], [ 9.421363897740807, 54.663962084348498 ], [ 9.421356580578605, 54.663953518642124 ], [ 9.421348250470391, 54.663945269678123 ], [ 9.421338948000011, 54.663937377644402 ], [ 9.421328718488457, 54.663929880989954 ], [ 9.421317611773064, 54.663922816237502 ], [ 9.421305681964709, 54.663916217805529 ], [ 9.421292987184177, 54.66391011784075 ], [ 9.421279589279008, 54.663904546061339 ], [ 9.421265553522188, 54.663899529612223 ], [ 9.42125094829415, 54.663895092932826 ], [ 9.421235844749635, 54.663891257638006 ], [ 9.421220316471041, 54.663888042412793 ], [ 9.421204439109955, 54.663885462921279 ], [ 9.421188290018595, 54.663883531730349 ], [ 9.421171947872958, 54.663882258248499 ], [ 9.421155492289563, 54.663881648679947 ], [ 9.421139003437549, 54.663881705994406 ], [ 9.421122561648142, 54.663882429912682 ], [ 9.421106247023285, 54.663883816907912 ], [ 9.42109013904542, 54.663885860222891 ], [ 9.421074316190257, 54.663888549902872 ], [ 9.42105885554448, 54.663891872844161 ], [ 9.421043832430188, 54.663895812857852 ], [ 9.421029320037952, 54.663900350748783 ], [ 9.421015389070247, 54.663905464408977 ], [ 9.421002107397001, 54.663911128925427 ], [ 9.420989539724957, 54.663917316701408 ], [ 9.420977747282416, 54.663923997590921 ], [ 9.420966787520959, 54.663931139045559 ], [ 9.420956713835542, 54.663938706273115 ], [ 9.42094757530435, 54.663946662407056 ], [ 9.420939416449704, 54.663954968686106 ], [ 9.420932277021143, 54.663963584643099 ], [ 9.420926191801746, 54.663972468302134 ], [ 9.420921190438683, 54.66398157638308 ], [ 9.420917297298756, 54.663990864512428 ], [ 9.42091453134967, 54.664000287439428 ], [ 9.420912906067613, 54.664009799256654 ], [ 9.42091242937159, 54.664019353623466 ], [ 9.420913103584827, 54.664028903991991 ], [ 9.420914925423425, 54.6640384038338 ], [ 9.420917886012361, 54.664047806866506 ], [ 9.420921970928701, 54.664057067279437 ], [ 9.420927160271852, 54.664066139956688 ], [ 9.420933428760497, 54.664074980696917 ], [ 9.420940745855768, 54.664083546428785 ], [ 9.420949075910002, 54.664091795420703 ], [ 9.4209583783404, 54.664099687484224 ], [ 9.420968607826751, 54.664107184169772 ], [ 9.420979714532212, 54.664114248954043 ], [ 9.420991644346101, 54.66412084741787 ], [ 9.421004339147521, 54.664126947413976 ], [ 9.421017737088526, 54.664132519223557 ], [ 9.421031772895432, 54.664137535701101 ], [ 9.421046378186835, 54.664141972406625 ], [ 9.42106148180676, 54.664145807724765 ], [ 9.421077010171334, 54.664149022970051 ], [ 9.421092887627308, 54.664151602477993 ], [ 9.42110903682061, 54.664153533681372 ], [ 9.421125379073258, 54.664154807171464 ], [ 9.421141834766654, 54.664155416743888 ], [ 9.421158323729514, 54.664155359428847 ], [ 9.421174765628457, 54.664154635505575 ], [ 9.421191080359408, 54.66415324850098 ], [ 9.42120718843786, 54.664151205172502 ], [ 9.421223011386145, 54.664148515475112 ], [ 9.421238472115766, 54.664145192512883 ], [ 9.421253495302992, 54.664141252475083 ], [ 9.421268007755833, 54.664136714557394 ], [ 9.421281938770635, 54.664131600868245 ], [ 9.42129522047655, 54.664125936321263 ], [ 9.421307788166205, 54.66411974851377 ], [ 9.42131958061095, 54.664113067592346 ], [ 9.421330540359167, 54.664105926106032 ], [ 9.421340614016152, 54.664098358847646 ], [ 9.421349752504277, 54.664090402684337 ], [ 9.421357911302056, 54.664082096377946 ], [ 9.421365050661064, 54.664073480396176 ], [ 9.421371135799568, 54.664064596715384 ], [ 9.421376137071976, 54.664055488616135 ], [ 9.421380030113248, 54.66404620047232 ], [ 9.421382795957603, 54.664036777534953 ], [ 9.42138442113089, 54.664027265711667 ], [ 9.421384897716218, 54.664017711343192 ] ] } },
{ "type": "Feature", "properties": { "Layer": "WBK_SPERRUNG", "SubClasses": "AcDbEntity:AcDbCircle", "EntityHandle": "8A2BB" }, "geometry": { "type": "LineString", "coordinates": [ [ 9.416227162755243, 54.611189110142504 ], [ 9.416226438618116, 54.611178821413965 ], [ 9.416224479741601, 54.611168587067667 ], [ 9.416221295670052, 54.611158456964262 ], [ 9.416216901916826, 54.611148480456485 ], [ 9.416211319888665, 54.611138706148779 ], [ 9.4162045767814, 54.611129181660395 ], [ 9.41619670544743, 54.611119953393498 ], [ 9.416187744235671, 54.61111106630706 ], [ 9.416177736804704, 54.61110256369787 ], [ 9.41616673191006, 54.611094486989508 ], [ 9.416154783166693, 54.61108687553061 ], [ 9.416141948787768, 54.611079766403179 ], [ 9.416128291301037, 54.611073194241904 ], [ 9.416113877244227, 54.611067191065423 ], [ 9.416098776840878, 54.611061786120359 ], [ 9.416083063658206, 54.611057005738843 ], [ 9.416066814248728, 54.611052873210156 ], [ 9.416050107777295, 54.611049408667363 ], [ 9.416033025635434, 54.611046628989236 ], [ 9.416015651044818, 54.61104454771791 ], [ 9.415998068651849, 54.61104317499305 ], [ 9.415980364115272, 54.611042517502369 ], [ 9.415962623688886, 54.611042578449045 ], [ 9.415944933801324, 54.611043357536133 ], [ 9.415927380635019, 54.611044850968085 ], [ 9.415910049706335, 54.611047051469129 ], [ 9.41589302544897, 54.611049948318723 ], [ 9.415876390802604, 54.61105352740389 ], [ 9.415860226808855, 54.61105777128784 ], [ 9.415844612216462, 54.611062659295008 ], [ 9.415829623097636, 54.611068167611748 ], [ 9.415815332477457, 54.611074269402344 ], [ 9.415801809978122, 54.611080934939721 ], [ 9.415789121479733, 54.611088131750321 ], [ 9.415777328799361, 54.611095824772292 ], [ 9.415766489389874, 54.611103976526252 ], [ 9.415756656060022, 54.611112547297971 ], [ 9.415747876717164, 54.611121495331709 ], [ 9.415740194133857, 54.611130777033814 ], [ 9.415733645739458, 54.611140347184978 ], [ 9.415728263437773, 54.611150159160537 ], [ 9.415724073451596, 54.611160165157727 ], [ 9.415721096194954, 54.611170316428421 ], [ 9.415719346173626, 54.611180563516754 ], [ 9.415718831914456, 54.611190856499988 ], [ 9.415719555923797, 54.611201145231767 ], [ 9.415721514675282, 54.6112113795864 ], [ 9.415724698626985, 54.611221509703064 ], [ 9.415729092267883, 54.611231486228775 ], [ 9.415734674193422, 54.611241260558742 ], [ 9.415741417209768, 54.611250785073274 ], [ 9.415749288466289, 54.611260013369701 ], [ 9.41575824961558, 54.611268900488461 ], [ 9.415768257000277, 54.611277403132185 ], [ 9.415779261865744, 54.611285479876578 ], [ 9.415791210597598, 54.61129309137231 ], [ 9.415804044982899, 54.611300200536647 ], [ 9.41581770249377, 54.61130677273421 ], [ 9.415832116592014, 54.611312775945621 ], [ 9.415847217053285, 54.611318180923611 ], [ 9.415862930309238, 54.611322961335425 ], [ 9.415879179805932, 54.611327093891134 ], [ 9.415895886376818, 54.611330558457169 ], [ 9.415912968628431, 54.611333338154317 ], [ 9.415930343336964, 54.611335419440074 ], [ 9.415947925853722, 54.61133679217447 ], [ 9.415965630517542, 54.611337449669655 ], [ 9.415983371072159, 54.61133738872234 ], [ 9.416001061086437, 54.611336609629426 ], [ 9.41601861437548, 54.611335116186645 ], [ 9.416035945420532, 54.611332915669998 ], [ 9.416052969785635, 54.611330018800246 ], [ 9.416069604529008, 54.611326439690814 ], [ 9.416085768607147, 54.611322195778961 ], [ 9.41610138326967, 54.611317307740769 ], [ 9.416116372442996, 54.611311799390521 ], [ 9.41613066310099, 54.611305697564589 ], [ 9.416144185620722, 54.61129903199069 ], [ 9.416156874121684, 54.611291835143128 ], [ 9.41616866678676, 54.611284142084457 ], [ 9.416179506163381, 54.6112759902948 ], [ 9.416189339443433, 54.611267419489067 ], [ 9.41619811872053, 54.611258471423625 ], [ 9.416205801223393, 54.611249189692806 ], [ 9.41621234952423, 54.611239619516461 ], [ 9.416217731721058, 54.611229807519706 ], [ 9.416221921593122, 54.611219801505754 ], [ 9.416224898728618, 54.611209650223039 ], [ 9.416226648624123, 54.611199403127664 ], [ 9.416227162755243, 54.611189110142504 ] ] } },
{ "type": "Feature", "properties": { "Layer": "WBK_SPERRUNG", "SubClasses": "AcDbEntity:AcDbCircle", "EntityHandle": "8A2BC" }, "geometry": { "type": "LineString", "coordinates": [ [ 9.417339364301814, 54.60989999197502 ], [ 9.417338621545763, 54.609889442437158 ], [ 9.417336612791871, 54.609878948671657 ], [ 9.417333347827546, 54.60986856180304 ], [ 9.417328842560284, 54.609858332434989 ], [ 9.417323118940155, 54.609848310403827 ], [ 9.417316204852851, 54.609838544535691 ], [ 9.417308133983804, 54.609829082408709 ], [ 9.417298945654071, 54.609819970121194 ], [ 9.417288684628755, 54.609811252067061 ], [ 9.41727740089889, 54.609802970719507 ], [ 9.417265149437897, 54.609795166424135 ], [ 9.417251989933751, 54.609787877202464 ], [ 9.417237986498188, 54.60978113856649 ], [ 9.417223207354349, 54.609774983345943 ], [ 9.417207724504422, 54.609769441528172 ], [ 9.417191613378852, 54.609764540112074 ], [ 9.417174952468857, 54.609760302976639 ], [ 9.41715782294405, 54.609756750764561 ], [ 9.417140308256991, 54.609753900781676 ], [ 9.417122493736633, 54.60975176691268 ], [ 9.417104466172622, 54.609750359553423 ], [ 9.417086313392492, 54.609749685560395 ], [ 9.417068123833785, 54.609749748217155 ], [ 9.417049986113216, 54.609750547218447 ], [ 9.417031988594971, 54.60975207867169 ], [ 9.417014218960203, 54.609754335115838 ], [ 9.416996763779897, 54.609757305557878 ], [ 9.416979708093109, 54.609760975526264 ], [ 9.416963134992685, 54.609765327141453 ], [ 9.416947125220464, 54.609770339203038 ], [ 9.4169317567739, 54.609775987292991 ], [ 9.416917104526108, 54.609782243894642 ], [ 9.416903239861075, 54.609789078526745 ], [ 9.416890230325896, 54.609796457891889 ], [ 9.416878139301701, 54.609804346038906 ], [ 9.416867025694867, 54.609812704537759 ], [ 9.416856943650014, 54.609821492666974 ], [ 9.416847942286235, 54.609830667611938 ], [ 9.416840065457775, 54.60984018467348 ], [ 9.416833351540369, 54.60984999748564 ], [ 9.416827833244263, 54.609860058241594 ], [ 9.416823537454844, 54.609870317926507 ], [ 9.416820485101644, 54.609880726556362 ], [ 9.416818691056349, 54.609891233421443 ], [ 9.416818164060334, 54.609901787333406 ], [ 9.416818906682053, 54.609912336874693 ], [ 9.416820915304504, 54.609922830648948 ], [ 9.416824180142841, 54.609933217531498 ], [ 9.416828685292021, 54.609943446918408 ], [ 9.41683440880427, 54.609953468972989 ], [ 9.416841322796, 54.609963234868616 ], [ 9.416849393583634, 54.609972697026627 ], [ 9.4168585818477, 54.609981809348135 ], [ 9.416868842824378, 54.609990527438583 ], [ 9.416880126523576, 54.609998808824002 ], [ 9.416892377972475, 54.610006613158085 ], [ 9.416905537483325, 54.610013902418579 ], [ 9.416919540944273, 54.610020641092696 ], [ 9.416934320131674, 54.61002679634997 ], [ 9.416949803042495, 54.610032338202366 ], [ 9.416965914245109, 54.610037239650289 ], [ 9.416982575246793, 54.610041476814132 ], [ 9.416999704876154, 54.610045029050653 ], [ 9.417017219678595, 54.610047879053546 ], [ 9.417035034322916, 54.610050012937712 ], [ 9.417053062017059, 54.610051420306995 ], [ 9.417071214930958, 54.610052094304748 ], [ 9.41708940462447, 54.610052031647292 ], [ 9.417107542478247, 54.610051232639911 ], [ 9.417125540125522, 54.610049701175292 ], [ 9.417143309882622, 54.610047444714695 ], [ 9.417160765176185, 54.610044474251467 ], [ 9.417177820964948, 54.610040804257572 ], [ 9.417194394154082, 54.610036452613045 ], [ 9.417210404000024, 54.610031440518853 ], [ 9.417225772503878, 54.610025792393671 ], [ 9.417240424791418, 54.610019535754859 ], [ 9.417254289477887, 54.610012701084365 ], [ 9.417267299015768, 54.610005321680362 ], [ 9.417279390023875, 54.60999743349479 ], [ 9.417290503596154, 54.609989074958385 ], [ 9.41730058558865, 54.609980286793402 ], [ 9.417309586883292, 54.609971111815128 ], [ 9.41731746362718, 54.609961594723401 ], [ 9.417324177446226, 54.609951781884746 ], [ 9.417329695632096, 54.609941721106516 ], [ 9.41733399130155, 54.609931461403981 ], [ 9.417337043527391, 54.609921052761493 ], [ 9.417338837440411, 54.609910545889008 ], [ 9.417339364301814, 54.60989999197502 ] ] } },
{ "type": "Feature", "properties": { "Layer": "WBK_SPERRUNG", "SubClasses": "AcDbEntity:AcDbCircle", "EntityHandle": "8A456" }, "geometry": { "type": "LineString", "coordinates": [ [ 9.21386026018469, 54.833159119782714 ], [ 9.213859753902909, 54.833151424165877 ], [ 9.213858318890622, 54.833143767681442 ], [ 9.21385596213959, 54.833136187631034 ], [ 9.213852695132159, 54.833128720943826 ], [ 9.213848533785329, 54.833121403996685 ], [ 9.213843498373187, 54.833114272436973 ], [ 9.21383761342814, 54.8331073610088 ], [ 9.213830907621368, 54.833100703383849 ], [ 9.21382341362315, 54.833094331997252 ], [ 9.213815167943686, 54.833088277889622 ], [ 9.213806210755223, 54.833082570555845 ], [ 9.213796585696334, 54.833077237801305 ], [ 9.213786339659318, 54.833072305606471 ], [ 9.213775522561736, 54.833067798000386 ], [ 9.213764187103241, 54.833063736943508 ], [ 9.213752388508802, 54.833060142220731 ], [ 9.213740184259688, 54.833057031345085 ], [ 9.213727633813418, 54.83305441947234 ], [ 9.213714798314095, 54.833052319327145 ], [ 9.213701740294528, 54.833050741141129 ], [ 9.213688523371591, 54.833049692603012 ], [ 9.213675211936293, 54.833049178821121 ], [ 9.213661870840081, 54.833049202298518 ], [ 9.213648565078904, 54.833049762920844 ], [ 9.213635359476569, 54.833050857956799 ], [ 9.213622318368936, 54.833052482071551 ], [ 9.213609505290485, 54.833054627352617 ], [ 9.213596982664798, 54.833057283348488 ], [ 9.213584811500448, 54.833060437119521 ], [ 9.213573051093771, 54.833064073300996 ], [ 9.213561758739992, 54.833068174177882 ], [ 9.213550989454093, 54.833072719771295 ], [ 9.213540795702794, 54.833077687935692 ], [ 9.213531227148941, 54.833083054466826 ], [ 9.213522330409548, 54.833088793219666 ], [ 9.213514148828695, 54.833094876235712 ], [ 9.213506722266356, 54.833101273879265 ], [ 9.213500086904199, 54.83310795498182 ], [ 9.213494275069307, 54.833114886993819 ], [ 9.213489315076686, 54.833122036143315 ], [ 9.213485231091308, 54.833129367600506 ], [ 9.213482043010371, 54.833136845647338 ], [ 9.213479766366353, 54.833144433851572 ], [ 9.213478412251336, 54.833152095244323 ], [ 9.21347798726295, 54.833159792500062 ], [ 9.213478493472229, 54.833167488118541 ], [ 9.213479928413497, 54.83317514460748 ], [ 9.213482285096386, 54.833182724665207 ], [ 9.213485552039872, 54.833190191362384 ], [ 9.213489713328196, 54.833197508321923 ], [ 9.213494748688412, 54.833204639896259 ], [ 9.213500633589126, 54.833211551340973 ], [ 9.213507339360017, 54.833218208984086 ], [ 9.213514833331507, 54.833224580390088 ], [ 9.213523078993918, 54.833230634517975 ], [ 9.213532036175328, 54.833236341872507 ], [ 9.213541661237308, 54.83324167464788 ], [ 9.213551907287497, 54.833246606863206 ], [ 9.213562724408076, 54.833251114489066 ], [ 9.213574059898949, 54.833255175564602 ], [ 9.213585858534511, 54.833258770304546 ], [ 9.213598062832693, 54.833261881195547 ], [ 9.213610613335025, 54.833264493081565 ], [ 9.213623448896312, 54.833266593237646 ], [ 9.213636506982537, 54.833268171431953 ], [ 9.213649723975529, 54.833269219975641 ], [ 9.213663035482917, 54.83326973376024 ], [ 9.213676376651847, 54.83326971028265 ], [ 9.213689682484958, 54.833269149657248 ], [ 9.213702888157043, 54.833268054615338 ], [ 9.213715929330881, 54.833266430491953 ], [ 9.213728742470709, 54.833264285199668 ], [ 9.213741265151745, 54.833261629190254 ], [ 9.213753436364344, 54.833258475403596 ], [ 9.213765196811226, 54.833254839204741 ], [ 9.213776489196386, 54.833250738309026 ], [ 9.213787258504228, 54.833246192695732 ], [ 9.21379745226761, 54.833241224510765 ], [ 9.213807020823449, 54.83323585795879 ], [ 9.21381591755469, 54.833230119185238 ], [ 9.213824099117412, 54.833224036149026 ], [ 9.213831525651996, 54.833217638486204 ], [ 9.213838160977314, 54.833210957365694 ], [ 9.213843972767, 54.83320402533738 ], [ 9.213848932706926, 54.833196876173524 ], [ 9.213853016633147, 54.833189544704254 ], [ 9.213856204649618, 54.833182066647801 ], [ 9.213858481225113, 54.833174478436611 ], [ 9.213859835268886, 54.833166817039711 ], [ 9.21386026018469, 54.833159119782714 ] ] } },
{ "type": "Feature", "properties": { "Layer": "WBK_SPERRUNG", "SubClasses": "AcDbEntity:AcDbCircle", "EntityHandle": "8A457" }, "geometry": { "type": "LineString", "coordinates": [ [ 9.215039606051224, 54.833155305032484 ], [ 9.215038994864592, 54.833146018953379 ], [ 9.215037263006533, 54.833136780105171 ], [ 9.215034418915229, 54.833127633498506 ], [ 9.215030476447536, 54.833118623694666 ], [ 9.215025454811441, 54.833109794588452 ], [ 9.215019378472469, 54.833101189194181 ], [ 9.215012277034484, 54.833092849436362 ], [ 9.215004185095454, 54.833084815945242 ], [ 9.214995142078868, 54.833077127859028 ], [ 9.214985192041681, 54.833069822633078 ], [ 9.214974383459653, 54.833062935857505 ], [ 9.214962768991185, 54.83305650108376 ], [ 9.214950405220767, 54.833050549661202 ], [ 9.214937352383306, 54.833045110584344 ], [ 9.21492367407067, 54.833040210351626 ], [ 9.214909436921877, 54.833035872836248 ], [ 9.214894710298452, 54.833032119170021 ], [ 9.2148795659465, 54.833028967640217 ], [ 9.214864077647185, 54.833026433600672 ], [ 9.214848320857287, 54.833024529396823 ], [ 9.214832372341595, 54.833023264305709 ], [ 9.21481630979893, 54.833022644490626 ], [ 9.21480021148362, 54.833022672971254 ], [ 9.214784155824264, 54.83302334960883 ], [ 9.214768221041657, 54.833024671106863 ], [ 9.214752484767722, 54.833026631027224 ], [ 9.214737023667292, 54.833029219821476 ], [ 9.214721913064649, 54.833032424877381 ], [ 9.214707226576541, 54.833036230580369 ], [ 9.214693035753546, 54.833040618389624 ], [ 9.214679409731506, 54.833045566928362 ], [ 9.21466641489469, 54.83305105208796 ], [ 9.214654114552406, 54.833057047145523 ], [ 9.214642568630563, 54.833063522893951 ], [ 9.2146318333797, 54.833070447784252 ], [ 9.214621961100978, 54.833077788079301 ], [ 9.21461299989133, 54.833085508018094 ], [ 9.214604993409168, 54.833093569990112 ], [ 9.214597980661658, 54.833101934718393 ], [ 9.214591995814683, 54.833110561451029 ], [ 9.214587068026374, 54.833119408159561 ], [ 9.21458322130505, 54.833128431743873 ], [ 9.214580474392234, 54.833137588242053 ], [ 9.214578840671338, 54.833146833044651 ], [ 9.214578328102444, 54.833156121111955 ], [ 9.214578939183507, 54.833165407193455 ], [ 9.214580670938169, 54.833174646048263 ], [ 9.214583514930251, 54.833183792665572 ], [ 9.214587457304834, 54.833192802483886 ], [ 9.214592478855744, 54.83320163160819 ], [ 9.214598555119114, 54.833210237023742 ], [ 9.214605656492546, 54.833218576805656 ], [ 9.214613748379337, 54.833226610323187 ], [ 9.21462279135701, 54.833234298437667 ], [ 9.214632741369369, 54.833241603693132 ], [ 9.214643549941135, 54.833248490498924 ], [ 9.214655164414108, 54.833254925303002 ], [ 9.214667528203712, 54.833260876755411 ], [ 9.214680581074662, 54.833266315861039 ], [ 9.214694259434443, 54.833271216120927 ], [ 9.214708496643116, 54.833275553661302 ], [ 9.214723223337995, 54.833279307349912 ], [ 9.214738367771579, 54.833282458898999 ], [ 9.214753856161117, 54.833284992954404 ], [ 9.214769613048075, 54.833286897170332 ], [ 9.214785561665771, 54.833288162269568 ], [ 9.214801624313402, 54.83328878208858 ], [ 9.214817722734598, 54.833288753607683 ], [ 9.214833778498692, 54.833288076965616 ], [ 9.214849713382856, 54.833286755458928 ], [ 9.214865449753193, 54.833284795525984 ], [ 9.214880910942984, 54.833282206715403 ], [ 9.214896021626219, 54.833279001639767 ], [ 9.214910708184574, 54.833275195914027 ], [ 9.214924899066105, 54.833270808079455 ], [ 9.214938525133835, 54.833265859513325 ], [ 9.2149515200026, 54.833260374324766 ], [ 9.21496382036247, 54.833254379237246 ], [ 9.214975366287202, 54.833247903458471 ], [ 9.214986101526188, 54.833240978538022 ], [ 9.21499597377851, 54.833233638213592 ], [ 9.215004934947741, 54.83322591824674 ], [ 9.215012941376258, 54.833217856248581 ], [ 9.215019954057942, 54.833209491496554 ], [ 9.215025938828189, 54.833200864743034 ], [ 9.215030866530359, 54.833192018016888 ], [ 9.215034713157815, 54.833182994418564 ], [ 9.215037459970853, 54.833173837910259 ], [ 9.215039093588011, 54.833164593101628 ], [ 9.215039606051224, 54.833155305032484 ] ] } },
{ "type": "Feature", "properties": { "Layer": "WBK_SPERRUNG", "SubClasses": "AcDbEntity:AcDbCircle", "EntityHandle": "8A479" }, "geometry": { "type": "LineString", "coordinates": [ [ 9.222311861529308, 54.824415647935119 ], [ 9.222311412747883, 54.824408846421917 ], [ 9.222310143321037, 54.824402079551703 ], [ 9.222308059433695, 54.82439538029201 ], [ 9.222305171238736, 54.824388781280867 ], [ 9.222301492807516, 54.824382314667993 ], [ 9.222297042061317, 54.824376011957952 ], [ 9.222291840684026, 54.824369903856862 ], [ 9.222285914016478, 54.824364020122673 ], [ 9.222279290933008, 54.824358389420247 ], [ 9.222272003700764, 54.824353039181695 ], [ 9.222264087822509, 54.824347995472706 ], [ 9.222255581863644, 54.824343282865627 ], [ 9.222246527264327, 54.82433892431969 ], [ 9.222236968137583, 54.824334941069132 ], [ 9.222226951054381, 54.824331352519891 ], [ 9.222216524816764, 54.824328176154886 ], [ 9.222205740220076, 54.824325427448947 ], [ 9.222194649805511, 54.824323119793419 ], [ 9.222183307604132, 54.824321264430885 ], [ 9.222171768873654, 54.82431987040043 ], [ 9.222160089829227, 54.824318944493577 ], [ 9.222148327369588, 54.824318491221185 ], [ 9.222136538799845, 54.824318512791592 ], [ 9.22212478155231, 54.824319009099717 ], [ 9.222113112906703, 54.824319977727555 ], [ 9.222101589711095, 54.824321413956127 ], [ 9.222090268104958, 54.824323310788294 ], [ 9.222079203245672, 54.824325658982957 ], [ 9.222068449039801, 54.824328447100022 ], [ 9.222058057880481, 54.824331661556172 ], [ 9.222048080392169, 54.824335286690975 ], [ 9.222038565184004, 54.824339304843249 ], [ 9.222029558613002, 54.824343696437083 ], [ 9.2220211045582, 54.824348440077173 ], [ 9.222013244206892, 54.824353512653126 ], [ 9.222006015853967, 54.82435888945195 ], [ 9.221999454715338, 54.824364544278573 ], [ 9.22199359275637, 54.82437044958332 ], [ 9.221988458536146, 54.824376576596258 ], [ 9.221984077068335, 54.824382895467302 ], [ 9.221980469699298, 54.824389375411599 ], [ 9.221977654004119, 54.824395984859621 ], [ 9.221975643700949, 54.824402691610828 ], [ 9.221974448584168, 54.824409462990644 ], [ 9.221974074476675, 54.824416266009614 ], [ 9.221974523201498, 54.824423067524116 ], [ 9.221975792572904, 54.824429834397854 ], [ 9.221977876407051, 54.824436533663281 ], [ 9.221980764552095, 54.824443132682184 ], [ 9.221984442937648, 54.824449599304764 ], [ 9.221988893643319, 54.824455902026216 ], [ 9.221994094986012, 54.82446201014023 ], [ 9.222000021625563, 54.824467893888595 ], [ 9.222006644688182, 54.824473524606177 ], [ 9.222013931907126, 54.824478874860567 ], [ 9.222021847779894, 54.824483918585756 ], [ 9.222030353741191, 54.824488631209086 ], [ 9.22203940835081, 54.824492989771045 ], [ 9.222048967495525, 54.824496973037022 ], [ 9.222058984604017, 54.82450056160085 ], [ 9.222069410873754, 54.824503737979263 ], [ 9.222080195508765, 54.824506486697182 ], [ 9.22209128596711, 54.824508794363062 ], [ 9.222102628216872, 54.824510649734094 ], [ 9.222114166999399, 54.824512043771037 ], [ 9.222125846098523, 54.824512969682232 ], [ 9.222137608614444, 54.824513422956699 ], [ 9.22214939724096, 54.824513401386135 ], [ 9.222161154544652, 54.824512905075608 ], [ 9.22217282324471, 54.824511936443145 ], [ 9.222184346491998, 54.824510500207808 ], [ 9.222195668146044, 54.82450860336688 ], [ 9.222206733048532, 54.824506255161637 ], [ 9.222217487292058, 54.824503467032365 ], [ 9.222227878482752, 54.824500252562643 ], [ 9.222237855995548, 54.824496627413126 ], [ 9.222247371220828, 54.824492609245333 ], [ 9.222256377801248, 54.824488217635434 ], [ 9.222264831857581, 54.824483473979065 ], [ 9.222272692202507, 54.824478401386955 ], [ 9.222279920541261, 54.824473024572356 ], [ 9.222286481658207, 54.824467369730712 ], [ 9.222292343588398, 54.824461464411939 ], [ 9.222297477773315, 54.824455337386247 ], [ 9.222301859199977, 54.824449018504019 ], [ 9.222305466522819, 54.824442538550272 ], [ 9.222308282167658, 54.824435929094754 ], [ 9.222310292417326, 54.824429222338125 ], [ 9.222311487478482, 54.824422450955076 ], [ 9.222311861529308, 54.824415647935119 ] ] } },
{ "type": "Feature", "properties": { "Layer": "WBK_SPERRUNG", "SubClasses": "AcDbEntity:AcDbCircle", "EntityHandle": "8A47A" }, "geometry": { "type": "LineString", "coordinates": [ [ 9.223745020550567, 54.824288711916381 ], [ 9.223744647590104, 54.824283062526739 ], [ 9.223743592997771, 54.824277441919939 ], [ 9.223741861911712, 54.824271877478971 ], [ 9.223739462765876, 54.82426639631322 ], [ 9.223736407248904, 54.824261025126319 ], [ 9.223732710247205, 54.824255790086106 ], [ 9.223728389772401, 54.824250716697108 ], [ 9.223723466873585, 54.824245829676308 ], [ 9.223717965534764, 54.824241152832727 ], [ 9.223711912558018, 54.824236708951368 ], [ 9.223705337432902, 54.824232519682305 ], [ 9.223698272192797, 54.824228605435174 ], [ 9.223690751258827, 54.824224985279685 ], [ 9.223682811272177, 54.824221676852822 ], [ 9.223674490915574, 54.824218696272787 ], [ 9.223665830724826, 54.824216058060621 ], [ 9.223656872891357, 54.824213775069367 ], [ 9.223647661056635, 54.82421185842145 ], [ 9.223638240099572, 54.824210317454551 ], [ 9.223628655917882, 54.824209159676052 ], [ 9.22361895520447, 54.824208390726497 ], [ 9.223609185219965, 54.824208014352124 ], [ 9.223599393562464, 54.824208032386565 ], [ 9.223589627935652, 54.824208444741963 ], [ 9.223579935916401, 54.824209249409392 ], [ 9.223570364722978, 54.824210442468598 ], [ 9.223560960985015, 54.824212018107147 ], [ 9.223551770516337, 54.824213968648756 ], [ 9.223542838091769, 54.824216284590598 ], [ 9.223534207228992, 54.824218954649737 ], [ 9.223525919976549, 54.824221965817962 ], [ 9.223518016708972, 54.82422530342523 ], [ 9.223510535930103, 54.824228951211154 ], [ 9.223503514085497, 54.824232891404151 ], [ 9.223496985384866, 54.824237104808084 ], [ 9.223490981635418, 54.824241570895751 ], [ 9.223485532086888, 54.824246267908912 ], [ 9.223480663289036, 54.82425117296426 ], [ 9.223476398962301, 54.824256262164923 ], [ 9.223472759882233, 54.824261510716887 ], [ 9.223469763778269, 54.824266893049831 ], [ 9.22346742524736, 54.824272382941544 ], [ 9.223465755682851, 54.824277953645939 ], [ 9.223464763218955, 54.824283578023078 ], [ 9.223464452691141, 54.824289228671624 ], [ 9.223464825612551, 54.82429487806214 ], [ 9.223465880166639, 54.824300498671384 ], [ 9.223467611215998, 54.824306063116289 ], [ 9.2234700103274, 54.824311544287433 ], [ 9.223473065812865, 54.82431691548102 ], [ 9.223476762786605, 54.82432215052912 ], [ 9.223481083237543, 54.824327223927021 ], [ 9.223486006117044, 54.824332110957592 ], [ 9.223491507441482, 54.824336787811653 ], [ 9.223497560409054, 54.824341231703904 ], [ 9.223504135530387, 54.824345420984159 ], [ 9.223511200772172, 54.824349335242516 ], [ 9.223518721713249, 54.824352955409033 ], [ 9.223526661712299, 54.824356263846553 ], [ 9.223534982086356, 54.824359244436636 ], [ 9.223543642299262, 54.824361882658053 ], [ 9.223552600159172, 54.824364165657578 ], [ 9.2235618120241, 54.824366082312636 ], [ 9.223571233014544, 54.82436762328539 ], [ 9.223580817232143, 54.824368781068358 ], [ 9.223590517983292, 54.824369550020911 ], [ 9.223600288006626, 54.824369926396734 ], [ 9.223610079703295, 54.824369908362193 ], [ 9.22361984536885, 54.824369496005126 ], [ 9.223629537425666, 54.824368691334492 ], [ 9.223639108654744, 54.824367498270625 ], [ 9.223648512425758, 54.824365922626029 ], [ 9.223657702924239, 54.824363972077123 ], [ 9.223666635374785, 54.824361656126861 ], [ 9.223675266259205, 54.82435898605835 ], [ 9.223683553528538, 54.824355974879992 ], [ 9.22369145680792, 54.824352637261995 ], [ 9.223698937593284, 54.824348989464994 ], [ 9.223705959438945, 54.824345049260785 ], [ 9.223712488135172, 54.824340835845675 ], [ 9.223718491874841, 54.824336369747144 ], [ 9.223723941408409, 54.824331672723602 ], [ 9.223728810186406, 54.82432676765859 ], [ 9.223733074488781, 54.824321678449131 ], [ 9.223736713540458, 54.824316429889443 ], [ 9.223739709612552, 54.824311047550005 ], [ 9.223742048108729, 54.824305557653091 ], [ 9.223743717636328, 54.824299986944958 ], [ 9.223744710061847, 54.824294362565588 ], [ 9.223745020550567, 54.824288711916381 ] ] } },
{ "type": "Feature", "properties": { "Layer": "WBK_SPERRUNG", "SubClasses": "AcDbEntity:AcDbCircle", "EntityHandle": "8A483" }, "geometry": { "type": "LineString", "coordinates": [ [ 9.235974066142825, 54.812167376996499 ], [ 9.235972945000478, 54.812150466743383 ], [ 9.235969784166418, 54.812133642851002 ], [ 9.235964599042413, 54.812116987283481 ], [ 9.235957414892262, 54.812100581184836 ], [ 9.235948266718671, 54.812084504483593 ], [ 9.23593719909268, 54.812068835503368 ], [ 9.235924265936474, 54.812053650581326 ], [ 9.235909530260649, 54.812039023696322 ], [ 9.235893063857199, 54.812025026108444 ], [ 9.235874946949723, 54.812011726011796 ], [ 9.235855267802572, 54.811999188202456 ], [ 9.235834122290816, 54.811987473762599 ], [ 9.235811613433155, 54.811976639763103 ], [ 9.235787850890016, 54.811966738985362 ], [ 9.235762950429308, 54.811957819664308 ], [ 9.235737033362431, 54.811949925253295 ], [ 9.235710225953282, 54.811943094212516 ], [ 9.235682658803137, 54.811937359821563 ], [ 9.235654466214406, 54.811932750017355 ], [ 9.235625785536365, 54.81192928725801 ], [ 9.235596756496051, 54.811926988413433 ], [ 9.235567520517559, 54.811925864683197 ], [ 9.23553822003311, 54.811925921541885 ], [ 9.235508997789152, 54.8119271587125 ], [ 9.235479996150994, 54.811929570167813 ], [ 9.235451356409252, 54.811933144159617 ], [ 9.235423218091531, 54.811937863276121 ], [ 9.235395718282737, 54.811943704526627 ], [ 9.235368990957223, 54.811950639453656 ], [ 9.235343166326137, 54.811958634271491 ], [ 9.235318370203075, 54.811967650030773 ], [ 9.235294723391151, 54.811977642808323 ], [ 9.235272341094488, 54.811988563920998 ], [ 9.235251332356961, 54.812000360162976 ], [ 9.235231799530959, 54.812012974064892 ], [ 9.235213837778735, 54.812026344173823 ], [ 9.235197534608783, 54.812040405352626 ], [ 9.235182969449488, 54.812055089097335 ], [ 9.235170213262132, 54.812070323870849 ], [ 9.235159328195177, 54.812086035451472 ], [ 9.235150367281426, 54.812102147294461 ], [ 9.235143374179636, 54.812118580904979 ], [ 9.235138382961759, 54.812135256220444 ], [ 9.235135417946926, 54.812152092000623 ], [ 9.235134493582896, 54.812169006223471 ], [ 9.235135614375629, 54.812185916484616 ], [ 9.235138774867288, 54.812202740398902 ], [ 9.235143959662773, 54.812219396001773 ], [ 9.235151143504678, 54.812235802148528 ], [ 9.235160291396296, 54.81225187890972 ], [ 9.23517135877208, 54.812267547960559 ], [ 9.235184291714706, 54.812282732962473 ], [ 9.235199027217742, 54.812297359935094 ], [ 9.235215493492557, 54.812311357616629 ], [ 9.235233610318053, 54.812324657811111 ], [ 9.235253289431478, 54.812337195720595 ], [ 9.235274434958413, 54.812348910260937 ], [ 9.235296943879867, 54.812359744359327 ], [ 9.23532070653417, 54.812369645232408 ], [ 9.235345607151251, 54.812378564643431 ], [ 9.235371524416662, 54.812386459137251 ], [ 9.235398332062646, 54.812393290252103 ], [ 9.235425899483316, 54.812399024706934 ], [ 9.235454092370999, 54.812403634563587 ], [ 9.235482773370594, 54.812407097362922 ], [ 9.23551180274881, 54.812409396234237 ], [ 9.235541039074974, 54.812410519977469 ], [ 9.235570339910099, 54.812410463117757 ], [ 9.235599562500909, 54.812409225932143 ], [ 9.235628564475345, 54.812406814448146 ], [ 9.235657204536249, 54.812403240414504 ], [ 9.235685343149798, 54.812398521243843 ], [ 9.235712843225334, 54.812392679927889 ], [ 9.235739570783307, 54.812385744925422 ], [ 9.235765395608048, 54.81237775002365 ], [ 9.235790191882192, 54.812368734173496 ], [ 9.235813838799679, 54.812358741299988 ], [ 9.235836221154338, 54.812347820088071 ], [ 9.235857229901162, 54.812336023745523 ], [ 9.23587676268758, 54.812323409743684 ], [ 9.235894724352111, 54.812310039537408 ], [ 9.235911027387969, 54.812295978265723 ], [ 9.23592559236938, 54.812281294434413 ], [ 9.235938348338516, 54.812266059582257 ], [ 9.235949233151175, 54.812250347932483 ], [ 9.23595819377949, 54.812234236031195 ], [ 9.235965186570272, 54.812217802374363 ], [ 9.235970177457613, 54.812201127025453 ], [ 9.235973142128822, 54.812184291225343 ], [ 9.235974066142825, 54.812167376996499 ] ] } },
{ "type": "Feature", "properties": { "Layer": "WBK_SPERRUNG", "SubClasses": "AcDbEntity:AcDbCircle", "EntityHandle": "8D706" }, "geometry": { "type": "LineString", "coordinates": [ [ 9.40507827086244, 54.688933364214563 ], [ 9.405077561693952, 54.688923269615749 ], [ 9.405075638746846, 54.688913228265093 ], [ 9.405072511390406, 54.688903289083008 ], [ 9.405068194861647, 54.6888935004921 ], [ 9.405062710191055, 54.688883910181261 ], [ 9.405056084100117, 54.688874564873373 ], [ 9.405048348871123, 54.688865510097642 ], [ 9.405039542189881, 54.688856789967829 ], [ 9.405029706962095, 54.688848446967299 ], [ 9.405018891104339, 54.68884052174208 ], [ 9.405007147310583, 54.68883305290278 ], [ 9.404994532795493, 54.688826076836612 ], [ 9.404981109015678, 54.688819627530009 ], [ 9.404966941370272, 54.68881373640307 ], [ 9.404952098882326, 54.688808432156534 ], [ 9.40493665386254, 54.688803740631919 ], [ 9.404920681556986, 54.688799684685662 ], [ 9.404904259780512, 54.688796284077739 ], [ 9.404887468537659, 54.688793555375376 ], [ 9.404870389632903, 54.688791511872424 ], [ 9.404853106272119, 54.688790163524537 ], [ 9.40483570265723, 54.68878951690062 ], [ 9.404818263575999, 54.688789575150963 ], [ 9.404800873988975, 54.688790337991783 ], [ 9.404783618615578, 54.688791801706607 ], [ 9.404766581521391, 54.688793959164471 ], [ 9.404749845708603, 54.688796799854551 ], [ 9.404733492711648, 54.68880030993742 ], [ 9.404717602200003, 54.688804472312512 ], [ 9.404702251590043, 54.68880926670132 ], [ 9.404687515667904, 54.688814669746307 ], [ 9.404673466225134, 54.688820655124594 ], [ 9.404660171708937, 54.688827193676268 ], [ 9.404647696888711, 54.688834253546446 ], [ 9.404636102540515, 54.688841800340398 ], [ 9.404625445150954, 54.688849797291148 ], [ 9.404615776641984, 54.688858205438621 ], [ 9.404607144117964, 54.688866983819395 ], [ 9.404599589636151, 54.688876089666309 ], [ 9.404593150001785, 54.688885478616797 ], [ 9.404587856588776, 54.688895104929017 ], [ 9.40458373518684, 54.688904921704705 ], [ 9.404580805875842, 54.688914881117597 ], [ 9.40457908292794, 54.688924934646565 ], [ 9.404578574738053, 54.688935033311843 ], [ 9.404579283782937, 54.688945127913769 ], [ 9.404581206609096, 54.688955169272447 ], [ 9.404584333849598, 54.688965108467315 ], [ 9.404588650269687, 54.688974897075518 ], [ 9.404594134840989, 54.688984487407843 ], [ 9.404600760843952, 54.688993832740962 ], [ 9.404608495997994, 54.689002887545179 ], [ 9.404617302618771, 54.689011607706206 ], [ 9.404627137801754, 54.689019950740061 ], [ 9.404637953631244, 54.689027876000061 ], [ 9.404649697413815, 54.689035344874895 ], [ 9.404662311935022, 54.689042320976711 ], [ 9.404675735738136, 54.689048770318351 ], [ 9.40468990342357, 54.689054661479034 ], [ 9.404704745967496, 54.689059965757373 ], [ 9.404720191058122, 54.689064657311214 ], [ 9.404736163448, 54.689068713283568 ], [ 9.404752585320638, 54.68907211391398 ], [ 9.404769376669622, 54.68907484263471 ], [ 9.404786455688413, 54.689076886151604 ], [ 9.404803739168916, 54.689078234508749 ], [ 9.404821142906876, 54.689078881137 ], [ 9.404838582112136, 54.689078822886046 ], [ 9.404855971821735, 54.689078060039641 ], [ 9.404873227313864, 54.689076596314379 ], [ 9.404890264520631, 54.689074438841452 ], [ 9.404907000437653, 54.689071598131939 ], [ 9.404923353528469, 54.689068088025643 ], [ 9.404939244121778, 54.689063925623621 ], [ 9.404954594799609, 54.689059131204878 ], [ 9.404969330774509, 54.689053728127568 ], [ 9.404983380253906, 54.68904774271514 ], [ 9.404996674789878, 54.689041204128209 ], [ 9.405009149612642, 54.689034144222354 ], [ 9.405020743946094, 54.689026597392989 ], [ 9.405031401303914, 54.689018600407771 ], [ 9.40504106976476, 54.689010192227443 ], [ 9.405049702225213, 54.689001413816065 ], [ 9.405057256629256, 54.688992307941419 ], [ 9.40506369617316, 54.688982918966595 ], [ 9.405068989484773, 54.688973292633882 ], [ 9.405073110776357, 54.688963475842016 ], [ 9.405076039970195, 54.688953516417477 ], [ 9.405077762796406, 54.688943462881703 ], [ 9.40507827086244, 54.688933364214563 ] ] } },
{ "type": "Feature", "properties": { "Layer": "WBK_SPERRUNG", "SubClasses": "AcDbEntity:AcDbCircle", "EntityHandle": "8D707" }, "geometry": { "type": "LineString", "coordinates": [ [ 9.398137140903033, 54.692030743129365 ], [ 9.398136478544993, 54.69202129262937 ], [ 9.398134679763926, 54.692011891914845 ], [ 9.398131753324087, 54.69200258678508 ], [ 9.398127713483541, 54.691993422573638 ], [ 9.398122579924676, 54.691984443927566 ], [ 9.398116377658312, 54.691975694589729 ], [ 9.398109136901832, 54.691967217185905 ], [ 9.398100892931947, 54.69195905301693 ], [ 9.398091685912842, 54.691951241857659 ], [ 9.398081560700474, 54.691943821763033 ], [ 9.398070566624042, 54.691936828882817 ], [ 9.398058757245652, 54.691930297285346 ], [ 9.398046190099366, 54.691924258791701 ], [ 9.398032926410915, 54.691918742820611 ], [ 9.398019030799395, 54.69191377624508 ], [ 9.398004570962474, 54.69190938326161 ], [ 9.397989617346569, 54.691905585272131 ], [ 9.397974242803654, 54.691902400779924 ], [ 9.397958522236342, 54.691899845299389 ], [ 9.397942532232982, 54.69189793128043 ], [ 9.397926350694528, 54.691896668047875 ], [ 9.397910056455048, 54.691896061756012 ], [ 9.397893728897648, 54.691896115358588 ], [ 9.397877447567755, 54.691896828594487 ], [ 9.397861291785587, 54.691898197988913 ], [ 9.39784534025973, 54.691900216870366 ], [ 9.397829670703699, 54.69190287540318 ], [ 9.397814359457323, 54.691906160635376 ], [ 9.397799481114861, 54.691910056561774 ], [ 9.397785108161575, 54.691914544201971 ], [ 9.397771310620616, 54.691919601692845 ], [ 9.397758155711879, 54.691925204395019 ], [ 9.397745707524519, 54.691931325012888 ], [ 9.397734026704736, 54.691937933727658 ], [ 9.397723170160285, 54.691944998342564 ], [ 9.397713190783255, 54.691952484439724 ], [ 9.397704137192374, 54.691960355547877 ], [ 9.397696053496128, 54.691968573319947 ], [ 9.397688979077888, 54.691977097719999 ], [ 9.397682948403997, 54.691985887218181 ], [ 9.397677990855874, 54.691994898993066 ], [ 9.397674130586845, 54.692004089140383 ], [ 9.397671386404458, 54.692013412886723 ], [ 9.397669771678839, 54.692022824807822 ], [ 9.397669294277552, 54.692032279049776 ], [ 9.397669956527237, 54.692041729552479 ], [ 9.397671755202273, 54.692051130274038 ], [ 9.397674681540469, 54.692060435414994 ], [ 9.39767872128574, 54.692069599641592 ], [ 9.397683854757549, 54.6920785783065 ], [ 9.397690056946772, 54.692087327666442 ], [ 9.397697297637528, 54.692095805095235 ], [ 9.397705541554387, 54.692103969291551 ], [ 9.39771474853419, 54.69211178048004 ], [ 9.397724873721751, 54.692119200605127 ], [ 9.39773586778835, 54.692126193516536 ], [ 9.397747677172077, 54.692132725145228 ], [ 9.397760244338762, 54.692138763669583 ], [ 9.397773508062281, 54.692144279670259 ], [ 9.397787403722848, 54.692149246273665 ], [ 9.397801863621847, 54.692153639282772 ], [ 9.397816817311652, 54.692157437295137 ], [ 9.397832191938846, 54.692160621807041 ], [ 9.397847912599181, 54.692163177303698 ], [ 9.397863902702497, 54.692165091334886 ], [ 9.397880084345891, 54.692166354575548 ], [ 9.397896378693257, 54.692166960871241 ], [ 9.397912706359383, 54.692166907268117 ], [ 9.39792898779673, 54.692166194027344 ], [ 9.397945143682989, 54.692164824623795 ], [ 9.397961095307545, 54.692162805729119 ], [ 9.397976764954967, 54.69216014717928 ], [ 9.397992076283639, 54.692156861926563 ], [ 9.39800695469771, 54.692152965976582 ], [ 9.398021327710515, 54.692148478310145 ], [ 9.398035125297751, 54.692143420790913 ], [ 9.398048280238621, 54.692137818058839 ], [ 9.39806072844334, 54.692131697410069 ], [ 9.39807240926538, 54.692125088664028 ], [ 9.398083265796931, 54.692118024018072 ], [ 9.398093245146159, 54.692110537890684 ], [ 9.39810229869488, 54.692102666753733 ], [ 9.398110382335426, 54.692094448954833 ], [ 9.398117456685513, 54.692085924530481 ], [ 9.398123487280122, 54.692077135010955 ], [ 9.398128444739376, 54.692068123218107 ], [ 9.398132304911679, 54.692058933056579 ], [ 9.398135048991371, 54.692049609300042 ], [ 9.398136663610316, 54.692040197372968 ], [ 9.398137140903033, 54.692030743129365 ] ] } },
{ "type": "Feature", "properties": { "Layer": "WBK_SPERRUNG", "SubClasses": "AcDbEntity:AcDbCircle", "EntityHandle": "8D708" }, "geometry": { "type": "LineString", "coordinates": [ [ 9.398395834365841, 54.69098012092897 ], [ 9.398395070749496, 54.690969226366043 ], [ 9.398392997095879, 54.690958389198691 ], [ 9.398389623508651, 54.690947662224431 ], [ 9.398384966424578, 54.690937097703895 ], [ 9.398379048533425, 54.690926747106239 ], [ 9.39837189866741, 54.690916660858328 ], [ 9.398363551660706, 54.69090688809915 ], [ 9.398354048179732, 54.690897476440341 ], [ 9.398343434525001, 54.690888471734297 ], [ 9.398331762405558, 54.690879917850779 ], [ 9.398319088687034, 54.690871856463147 ], [ 9.398305475114606, 54.690864326845343 ], [ 9.398290988012182, 54.690857365680642 ], [ 9.398275697959265, 54.690851006882802 ], [ 9.398259679447122, 54.690845281430995 ], [ 9.398243010515856, 54.690840217218756 ], [ 9.398225772374223, 54.690835838918183 ], [ 9.398208049003998, 54.690832167859668 ], [ 9.398189926750845, 54.690829221928063 ], [ 9.398171493903655, 54.690827015475527 ], [ 9.398152840264441, 54.690825559251508 ], [ 9.398134056710838, 54.690824860350524 ], [ 9.398115234753384, 54.690824922177519 ], [ 9.398096466089713, 54.690825744431265 ], [ 9.398077842157821, 54.6908273231059 ], [ 9.39805945369063, 54.690829650510338 ], [ 9.398041390273944, 54.690832715305852 ], [ 9.398023739910023, 54.690836502561204 ], [ 9.398006588588872, 54.690840993825496 ], [ 9.397990019869312, 54.690846167217956 ], [ 9.397974114471895, 54.69085199753458 ], [ 9.397958949885675, 54.690858456370947 ], [ 9.39794459999068, 54.690865512260515 ], [ 9.397931134697984, 54.690873130828031 ], [ 9.397918619609118, 54.690881274956887 ], [ 9.397907115696469, 54.69088990497 ], [ 9.397896679006205, 54.690898978823135 ], [ 9.397887360385248, 54.690908452309635 ], [ 9.397879205233512, 54.690918279275913 ], [ 9.397872253282745, 54.690928411846201 ], [ 9.397866538402919, 54.690938800655843 ], [ 9.397862088437218, 54.690949395091764 ], [ 9.397858925066361, 54.690960143539108 ], [ 9.39785706370297, 54.690970993632583 ], [ 9.397856513416457, 54.690981892511715 ], [ 9.397857276888812, 54.690992787078251 ], [ 9.397859350401529, 54.691003624254932 ], [ 9.397862723853686, 54.691014351244085 ], [ 9.397867380811151, 54.691024915784745 ], [ 9.397873298586619, 54.691035266407425 ], [ 9.397880448350126, 54.691045352684718 ], [ 9.397888795269491, 54.691055125477085 ], [ 9.397898298679999, 54.691064537172245 ], [ 9.397908912282505, 54.691073541917085 ], [ 9.397920584368986, 54.691082095841118 ], [ 9.397933258074447, 54.69109015727016 ], [ 9.397946871653966, 54.691097686929467 ], [ 9.397961358783501, 54.691104648134996 ], [ 9.397976648883015, 54.691111006972129 ], [ 9.397992667460338, 54.691116732460998 ], [ 9.398009336474098, 54.6911217967073 ], [ 9.398026574713935, 54.691126175038292 ], [ 9.39804429819616, 54.691129846122969 ], [ 9.398062420572929, 54.69113279207599 ], [ 9.398080853552946, 54.691134998544804 ], [ 9.398099507331613, 54.691136454779588 ], [ 9.398118291028579, 54.691137153685652 ], [ 9.398137113130517, 54.691137091857946 ], [ 9.398155881936981, 54.691136269597706 ], [ 9.398174506007193, 54.69113469091095 ], [ 9.398192894605543, 54.691132363488954 ], [ 9.398210958143673, 54.691129298670816 ], [ 9.398228608616957, 54.691125511388186 ], [ 9.398245760033262, 54.691121020092531 ], [ 9.398262328831919, 54.69111584666522 ], [ 9.39827823429083, 54.691110016310915 ], [ 9.398293398919748, 54.691103557434808 ], [ 9.398307748837814, 54.691096501504177 ], [ 9.398321214133501, 54.691088882895102 ], [ 9.398333729205223, 54.691080738724985 ], [ 9.39834523308093, 54.691072108671705 ], [ 9.398355669715167, 54.691063034780306 ], [ 9.398364988262109, 54.691053561258158 ], [ 9.398373143323274, 54.691043734259573 ], [ 9.398380095168681, 54.691033601660919 ], [ 9.398385809930412, 54.691023212827425 ], [ 9.398390259767581, 54.691012618372604 ], [ 9.398393423001966, 54.691001869911723 ], [ 9.398395284223602, 54.690991019810284 ], [ 9.398395834365841, 54.69098012092897 ] ] } }
]
}
