{
"type": "FeatureCollection",
"name": "wbk_geruest",
"crs": { "type": "name", "properties": { "name": "urn:ogc:def:crs:OGC:1.3:CRS84" } },
"features": [
{ "type": "Feature", "properties": { "layer": "WBK_GERUEST" }, "geometry": { "type": "Polygon", "coordinates": [ [ [ 9.304231486258987, 54.734739240464542 ], [ 9.304138507399671, 54.734918550087286 ], [ 9.304079138358082, 54.734948690613123 ], [ 9.30417501018737, 54.734734071178096 ], [ 9.304189958212088, 54.734726835212591 ], [ 9.304202956548293, 54.734720543260757 ], [ 9.304217908403379, 54.734713306079094 ], [ 9.304232860320386, 54.734706068766165 ], [ 9.304247812162721, 54.734698831302481 ], [ 9.30425195819234, 54.734696824422933 ], [ 9.304231486258987, 54.734739240464542 ] ], [ [ 9.304656069831234, 54.734234056608287 ], [ 9.304650354410688, 54.734236823355744 ], [ 9.304635406647307, 54.734244059378248 ], [ 9.304620458879565, 54.734251295398906 ], [ 9.304611214137999, 54.73425577064927 ], [ 9.304582242963258, 54.734137052592395 ], [ 9.304644601577763, 54.734109836502753 ], [ 9.304656069831234, 54.734234056608287 ] ], [ [ 9.304667945800995, 54.734361874306273 ], [ 9.30459361328124, 54.734397857867002 ], [ 9.304611215201833, 54.734255774981541 ], [ 9.30461869100416, 54.734252155833779 ], [ 9.30463364267327, 54.734244917566421 ], [ 9.304648594267723, 54.734237679277506 ], [ 9.30465607013265, 54.734234060137197 ], [ 9.304667945800995, 54.734361874306273 ] ], [ [ 9.304658991973803, 54.73449978095784 ], [ 9.304651515235665, 54.734503400100301 ], [ 9.304636562237842, 54.734510638382723 ], [ 9.304621609372118, 54.734517876662949 ], [ 9.304606656775952, 54.734525114940624 ], [ 9.304591704448457, 54.734532353225731 ], [ 9.30457860563944, 54.734538694290457 ], [ 9.304585238184076, 54.734476452264651 ], [ 9.304593082026207, 54.734439808281465 ], [ 9.304593613243696, 54.734397861953511 ], [ 9.304667945490433, 54.734361878642005 ], [ 9.304658991973803, 54.73449978095784 ] ], [ [ 9.304574065923607, 54.734694200256037 ], [ 9.304516077539898, 54.734724442847003 ], [ 9.304578605127981, 54.734538699392267 ], [ 9.304593552665686, 54.73453146337782 ], [ 9.304608499923154, 54.73452422736225 ], [ 9.304623446900367, 54.734516991335568 ], [ 9.304638393733924, 54.734509755317326 ], [ 9.304653340288228, 54.734502519297934 ], [ 9.304658990688187, 54.73449978369527 ], [ 9.304574065923607, 54.734694200256037 ] ], [ [ 9.304253041213506, 54.734694580403058 ], [ 9.30425195934194, 54.734696821994042 ], [ 9.304249750327791, 54.734697891322071 ], [ 9.304234802255166, 54.734705127295108 ], [ 9.30421985424557, 54.734712363276081 ], [ 9.30420490623148, 54.734719599245267 ], [ 9.304189958212088, 54.734726835212591 ], [ 9.304188004482116, 54.734727780431115 ], [ 9.304175010794571, 54.734734069734955 ], [ 9.304245071757444, 54.734566584987199 ], [ 9.304307149162055, 54.734536534541292 ], [ 9.304253041213506, 54.734694580403058 ] ], [ [ 9.304307941006288, 54.73453422146553 ], [ 9.304307150642202, 54.734536530311985 ], [ 9.304245073513066, 54.734566580707494 ], [ 9.304269200123683, 54.734421341384568 ], [ 9.304276674070309, 54.734417723386208 ], [ 9.304291621961593, 54.734410487407956 ], [ 9.304306569846505, 54.734403251417937 ], [ 9.304321517726175, 54.734396015435998 ], [ 9.30433152374494, 54.734391171731133 ], [ 9.304331487433855, 54.734393842541792 ], [ 9.304307941006288, 54.73453422146553 ] ], [ [ 9.304331523887345, 54.734391163299414 ], [ 9.304319647361517, 54.734396912076413 ], [ 9.304304694068707, 54.734404150328714 ], [ 9.304289740976186, 54.73441138856866 ], [ 9.304274788084976, 54.734418626806288 ], [ 9.304269200257153, 54.734421331759812 ], [ 9.30427147880879, 54.734273839951356 ], [ 9.30432751624809, 54.734249037247146 ], [ 9.304332789560357, 54.734298180646917 ], [ 9.304331523887345, 54.734391163299414 ] ] ] } },
{ "type": "Feature", "properties": { "layer": "WBK_GERUEST" }, "geometry": { "type": "Polygon", "coordinates": [ [ [ 9.335972125036042, 54.718962411922419, 0.0 ], [ 9.33670235124127, 54.719055030900783, 0.0 ], [ 9.336652835451911, 54.719082866731441, 0.0 ], [ 9.335917033977502, 54.718986288853728, 0.0 ], [ 9.335972125036042, 54.718962411922419, 0.0 ] ], [ [ 9.33615664966166, 54.718882776363685, 0.0 ], [ 9.33622898380762, 54.718851829422562, 0.0 ], [ 9.336938730710633, 54.718934027096338, 0.0 ], [ 9.336851212284243, 54.718971346737277, 0.0 ], [ 9.33615664966166, 54.718882776363685, 0.0 ] ] ] } },
{ "type": "Feature", "properties": { "layer": "WBK_GERUEST" }, "geometry": { "type": "LineString", "coordinates": [ [ 9.335972125036042, 54.718962411922419 ], [ 9.33670235124127, 54.719055030900783 ], [ 9.336652835451911, 54.719082866731441 ], [ 9.335917033977502, 54.718986288853728 ], [ 9.335972125036042, 54.718962411922419 ] ] } },
{ "type": "Feature", "properties": { "layer": "WBK_GERUEST" }, "geometry": { "type": "LineString", "coordinates": [ [ 9.33615664966166, 54.718882776363685 ], [ 9.33622898380762, 54.718851829422562 ], [ 9.336938730710633, 54.718934027096338 ], [ 9.336851212284243, 54.718971346737277 ], [ 9.33615664966166, 54.718882776363685 ] ] } },
{ "type": "Feature", "properties": { "layer": "WBK_GERUEST" }, "geometry": { "type": "Polygon", "coordinates": [ [ [ 9.339737068082382, 54.717764038656128, 0.0 ], [ 9.339555876086257, 54.717282962312645, 0.0 ], [ 9.339477064040228, 54.717317446263976, 0.0 ], [ 9.339652405560795, 54.717802317451564, 0.0 ], [ 9.339737068082382, 54.717764038656128, 0.0 ] ] ] } },
{ "type": "Feature", "properties": { "layer": "WBK_GERUEST" }, "geometry": { "type": "LineString", "coordinates": [ [ 9.339737068082382, 54.717764038656128 ], [ 9.339555876086257, 54.717282962312645 ], [ 9.339477064040228, 54.717317446263976 ], [ 9.339652405560795, 54.717802317451564 ], [ 9.339737068082382, 54.717764038656128 ] ] } },
{ "type": "Feature", "properties": { "layer": "WBK_GERUEST" }, "geometry": { "type": "Polygon", "coordinates": [ [ [ 9.34980267189999, 54.712784607312038, 0.0 ], [ 9.349853411144879, 54.712762797538105, 0.0 ], [ 9.350190954771575, 54.713090542260971, 0.0 ], [ 9.350104858812985, 54.713129776920788, 0.0 ], [ 9.34980267189999, 54.712784607312038, 0.0 ] ], [ [ 9.34985171785895, 54.713244100393204, 0.0 ], [ 9.34954602874193, 54.712896088354597, 0.0 ], [ 9.349484847266082, 54.712922969337299, 0.0 ], [ 9.349813692419714, 54.713261131847482, 0.0 ], [ 9.34985171785895, 54.713244100393204, 0.0 ] ] ] } },
{ "type": "Feature", "properties": { "layer": "WBK_GERUEST" }, "geometry": { "type": "LineString", "coordinates": [ [ 9.34985171785895, 54.713244100393204 ], [ 9.34954602874193, 54.712896088354597 ], [ 9.349484847266082, 54.712922969337299 ], [ 9.349813692419714, 54.713261131847482 ], [ 9.34985171785895, 54.713244100393204 ] ] } },
{ "type": "Feature", "properties": { "layer": "WBK_GERUEST" }, "geometry": { "type": "LineString", "coordinates": [ [ 9.34980267189999, 54.712784607312038 ], [ 9.349853411144879, 54.712762797538105 ], [ 9.350190954771575, 54.713090542260971 ], [ 9.350104858812985, 54.713129776920788 ], [ 9.34980267189999, 54.712784607312038 ] ] } },
{ "type": "Feature", "properties": { "layer": "WBK_GERUEST" }, "geometry": { "type": "Polygon", "coordinates": [ [ [ 9.354126814300463, 54.711386884275186, 0.0 ], [ 9.354141805243856, 54.710786921712348, 0.0 ], [ 9.354021880701152, 54.710841388055123, 0.0 ], [ 9.354049846008152, 54.711420017381272, 0.0 ], [ 9.354126814300463, 54.711386884275186, 0.0 ] ] ] } },
{ "type": "Feature", "properties": { "layer": "WBK_GERUEST" }, "geometry": { "type": "LineString", "coordinates": [ [ 9.354126814300463, 54.711386884275186 ], [ 9.354141805243856, 54.710786921712348 ], [ 9.354021880701152, 54.710841388055123 ], [ 9.354049846008152, 54.711420017381272 ], [ 9.354126814300463, 54.711386884275186 ] ] } },
{ "type": "Feature", "properties": { "layer": "WBK_GERUEST" }, "geometry": { "type": "MultiLineString", "coordinates": [ [ [ 9.377758634057459, 54.700352003827639, 0.0 ], [ 9.378161863877525, 54.700617286197058, 0.0 ] ], [ [ 9.378161863877525, 54.700617286197058, 0.0 ], [ 9.378194972371169, 54.700604336987972, 0.0 ] ], [ [ 9.378194972371169, 54.700604336987972, 0.0 ], [ 9.377786673535281, 54.7003378637827, 0.0 ] ], [ [ 9.377786673535281, 54.7003378637827, 0.0 ], [ 9.377763790087359, 54.700349388208586, 0.0 ] ] ] } },
{ "type": "Feature", "properties": { "layer": "WBK_GERUEST" }, "geometry": { "type": "LineString", "coordinates": [ [ 9.377758634057459, 54.700352003827639 ], [ 9.378161863877525, 54.700617286197058 ], [ 9.378194972371169, 54.700604336987972 ], [ 9.377786673535281, 54.7003378637827 ], [ 9.377763790087359, 54.700349388208586 ] ] } },
{ "type": "Feature", "properties": { "layer": "WBK_GERUEST" }, "geometry": { "type": "Polygon", "coordinates": [ [ [ 9.389735998449577, 54.694993007652336, 0.0 ], [ 9.39000779647162, 54.695419067430166, 0.0 ], [ 9.389945049663904, 54.695445461787465, 0.0 ], [ 9.389675486917318, 54.69502108421802, 0.0 ], [ 9.389735998449577, 54.694993007652336, 0.0 ] ] ] } },
{ "type": "Feature", "properties": { "layer": "WBK_GERUEST" }, "geometry": { "type": "LineString", "coordinates": [ [ 9.389735998449577, 54.694993007652336 ], [ 9.39000779647162, 54.695419067430166 ], [ 9.389945049663904, 54.695445461787465 ], [ 9.389675486917318, 54.69502108421802 ], [ 9.389735998449577, 54.694993007652336 ] ] } },
{ "type": "Feature", "properties": { "layer": "WBK_GERUEST" }, "geometry": { "type": "Polygon", "coordinates": [ [ [ 9.394868219363611, 54.692729401870643, 0.0 ], [ 9.395982957614915, 54.692752555380416, 0.0 ], [ 9.395858366897629, 54.692807216611861, 0.0 ], [ 9.394774135231085, 54.692773587950526, 0.0 ], [ 9.394868219363611, 54.692729401870643, 0.0 ] ], [ [ 9.395112119995275, 54.69261609037278, 0.0 ], [ 9.395198527642602, 54.692576364561532, 0.0 ], [ 9.396293026200873, 54.692614836880345, 0.0 ], [ 9.396233217645223, 54.692641743253503, 0.0 ], [ 9.395112119995275, 54.69261609037278, 0.0 ] ] ] } },
{ "type": "Feature", "properties": { "layer": "WBK_GERUEST" }, "geometry": { "type": "LineString", "coordinates": [ [ 9.394868219363611, 54.692729401870643 ], [ 9.395982957614915, 54.692752555380416 ], [ 9.395858366897629, 54.692807216611861 ], [ 9.394774135231085, 54.692773587950526 ], [ 9.394868219363611, 54.692729401870643 ] ] } },
{ "type": "Feature", "properties": { "layer": "WBK_GERUEST" }, "geometry": { "type": "LineString", "coordinates": [ [ 9.395112119995275, 54.69261609037278 ], [ 9.395198527642602, 54.692576364561532 ], [ 9.396293026200873, 54.692614836880345 ], [ 9.396233217645223, 54.692641743253503 ], [ 9.395112119995275, 54.69261609037278 ] ] } },
{ "type": "Feature", "properties": { "layer": "WBK_GERUEST" }, "geometry": { "type": "Polygon", "coordinates": [ [ [ 9.398142350451918, 54.691334442773751, 0.0 ], [ 9.398054284147562, 54.691812523926224, 0.0 ], [ 9.397950517825258, 54.691863007989994, 0.0 ], [ 9.398027330264334, 54.691376625983537, 0.0 ], [ 9.398142350451918, 54.691334442773751, 0.0 ] ] ] } },
{ "type": "Feature", "properties": { "layer": "WBK_GERUEST" }, "geometry": { "type": "LineString", "coordinates": [ [ 9.398142350451918, 54.691334442773751 ], [ 9.398054284147562, 54.691812523926224 ], [ 9.397950517825258, 54.691863007989994 ], [ 9.398027330264334, 54.691376625983537 ], [ 9.398142350451918, 54.691334442773751 ] ] } },
{ "type": "Feature", "properties": { "layer": "WBK_GERUEST" }, "geometry": { "type": "Polygon", "coordinates": [ [ [ 9.403694288582976, 54.688857427730397, 0.0 ], [ 9.404434765926483, 54.688946736860181, 0.0 ], [ 9.40435365346986, 54.688978665352806, 0.0 ], [ 9.403640390720968, 54.688885005601158, 0.0 ], [ 9.403694288582976, 54.688857427730397, 0.0 ] ] ] } },
{ "type": "Feature", "properties": { "layer": "WBK_GERUEST" }, "geometry": { "type": "LineString", "coordinates": [ [ 9.403694288582976, 54.688857427730397 ], [ 9.404434765926483, 54.688946736860181 ], [ 9.40435365346986, 54.688978665352806 ], [ 9.403640390720968, 54.688885005601158 ], [ 9.403694288582976, 54.688857427730397 ] ] } },
{ "type": "Feature", "properties": { "layer": "WBK_GERUEST" }, "geometry": { "type": "Polygon", "coordinates": [ [ [ 9.416388027274627, 54.675253951893581, 0.0 ], [ 9.416416715302185, 54.675211435245764, 0.0 ], [ 9.416997698587378, 54.675564191316596, 0.0 ], [ 9.416953704190444, 54.675624984434791, 0.0 ], [ 9.416388027274627, 54.675253951893581, 0.0 ] ], [ [ 9.41624686502983, 54.675464897459108, 0.0 ], [ 9.41679908217354, 54.675837019231182, 0.0 ], [ 9.41676812423589, 54.675878977561716, 0.0 ], [ 9.416207042242716, 54.675525335352653, 0.0 ], [ 9.41624686502983, 54.675464897459108, 0.0 ] ] ] } },
{ "type": "Feature", "properties": { "layer": "WBK_GERUEST" }, "geometry": { "type": "LineString", "coordinates": [ [ 9.416388027274627, 54.675253951893581 ], [ 9.416416715302185, 54.675211435245764 ], [ 9.416997698587378, 54.675564191316596 ], [ 9.416953704190444, 54.675624984434791 ], [ 9.416388027274627, 54.675253951893581 ] ] } },
{ "type": "Feature", "properties": { "layer": "WBK_GERUEST" }, "geometry": { "type": "LineString", "coordinates": [ [ 9.41624686502983, 54.675464897459108 ], [ 9.41679908217354, 54.675837019231182 ], [ 9.41676812423589, 54.675878977561716 ], [ 9.416207042242716, 54.675525335352653 ], [ 9.41624686502983, 54.675464897459108 ] ] } },
{ "type": "Feature", "properties": { "layer": "WBK_GERUEST" }, "geometry": { "type": "Polygon", "coordinates": [ [ [ 9.41979768238388, 54.664225946139901, 0.0 ], [ 9.42044006015381, 54.664104747599509, 0.0 ], [ 9.420447532598102, 54.664040988972999, 0.0 ], [ 9.419794878052846, 54.664160529403567, 0.0 ], [ 9.41979768238388, 54.664225946139901, 0.0 ] ], [ [ 9.419808947099728, 54.664441514282345, 0.0 ], [ 9.419811995158518, 54.664492060759201, 0.0 ], [ 9.420387355179932, 54.664375373490742, 0.0 ], [ 9.420397385200383, 54.6643224221773, 0.0 ], [ 9.419808947099728, 54.664441514282345, 0.0 ] ] ] } },
{ "type": "Feature", "properties": { "layer": "WBK_GERUEST" }, "geometry": { "type": "LineString", "coordinates": [ [ 9.41979768238388, 54.664225946139901 ], [ 9.42044006015381, 54.664104747599509 ], [ 9.420447532598102, 54.664040988972999 ], [ 9.419794878052846, 54.664160529403567 ], [ 9.41979768238388, 54.664225946139901 ] ] } },
{ "type": "Feature", "properties": { "layer": "WBK_GERUEST" }, "geometry": { "type": "LineString", "coordinates": [ [ 9.419808947099728, 54.664441514282345 ], [ 9.419811995158518, 54.664492060759201 ], [ 9.420387355179932, 54.664375373490742 ], [ 9.420397385200383, 54.6643224221773 ], [ 9.419808947099728, 54.664441514282345 ] ] } },
{ "type": "Feature", "properties": { "layer": "WBK_GERUEST" }, "geometry": { "type": "Polygon", "coordinates": [ [ [ 9.420267214577846, 54.65583572619397, 0.0 ], [ 9.421189050684626, 54.654316239247876, 0.0 ], [ 9.421193895124816, 54.654225732813792, 0.0 ], [ 9.420264923226547, 54.655654431507521, 0.0 ], [ 9.420266374287621, 54.655790394465903, 0.0 ], [ 9.420267214577846, 54.65583572619397, 0.0 ] ] ] } },
{ "type": "Feature", "properties": { "layer": "WBK_GERUEST" }, "geometry": { "type": "LineString", "coordinates": [ [ 9.420267214577846, 54.65583572619397 ], [ 9.421189050684626, 54.654316239247876 ], [ 9.421193895124816, 54.654225732813792 ], [ 9.420264923226547, 54.655654431507521 ], [ 9.420266374287621, 54.655790394465903 ], [ 9.420267214577846, 54.65583572619397 ] ] } },
{ "type": "Feature", "properties": { "layer": "WBK_GERUEST" }, "geometry": { "type": "MultiLineString", "coordinates": [ [ [ 9.420593550243566, 54.651047930884502, 0.0 ], [ 9.420595086627225, 54.650995335154327, 0.0 ] ], [ [ 9.420595086627225, 54.650995335154327, 0.0 ], [ 9.421346623013505, 54.651103098551985, 0.0 ] ], [ [ 9.421346623013505, 54.651103098551985, 0.0 ], [ 9.421341526939068, 54.651148275727365, 0.0 ] ], [ [ 9.421341526939068, 54.651148275727365, 0.0 ], [ 9.420593550243566, 54.651047930884502, 0.0 ] ], [ [ 9.420600551135792, 54.650849553937498, 0.0 ], [ 9.421360826338988, 54.650967548309318, 0.0 ] ], [ [ 9.421360826338988, 54.650967548309318, 0.0 ], [ 9.421365379863506, 54.650922359538484, 0.0 ] ], [ [ 9.421365379863506, 54.650922359538484, 0.0 ], [ 9.420602003213999, 54.650814322863376, 0.0 ] ], [ [ 9.420602003213999, 54.650814322863376, 0.0 ], [ 9.420602327609146, 54.650845705428722, 0.0 ] ] ] } },
{ "type": "Feature", "properties": { "layer": "WBK_GERUEST" }, "geometry": { "type": "LineString", "coordinates": [ [ 9.420593550243566, 54.651047930884502 ], [ 9.420595086627225, 54.650995335154327 ], [ 9.421346623013505, 54.651103098551985 ], [ 9.421341526939068, 54.651148275727365 ], [ 9.420593550243566, 54.651047930884502 ] ] } },
{ "type": "Feature", "properties": { "layer": "WBK_GERUEST" }, "geometry": { "type": "LineString", "coordinates": [ [ 9.420600551135792, 54.650849553937498 ], [ 9.421360826338988, 54.650967548309318 ], [ 9.421365379863506, 54.650922359538484 ], [ 9.420602003213999, 54.650814322863376 ], [ 9.420602327609146, 54.650845705428722 ] ] } },
{ "type": "Feature", "properties": { "layer": "WBK_GERUEST" }, "geometry": { "type": "Polygon", "coordinates": [ [ [ 9.420651935136821, 54.65008319242655, 0.0 ], [ 9.421428557871641, 54.649969104631552, 0.0 ], [ 9.421430025445442, 54.649927395442099, 0.0 ], [ 9.42065586642358, 54.650041781866506, 0.0 ], [ 9.420651935136821, 54.65008319242655, 0.0 ] ] ] } },
{ "type": "Feature", "properties": { "layer": "WBK_GERUEST" }, "geometry": { "type": "LineString", "coordinates": [ [ 9.420651935136821, 54.65008319242655 ], [ 9.421428557871641, 54.649969104631552 ], [ 9.421430025445442, 54.649927395442099 ], [ 9.42065586642358, 54.650041781866506 ], [ 9.420651935136821, 54.65008319242655 ] ] } },
{ "type": "Feature", "properties": { "layer": "WBK_GERUEST" }, "geometry": { "type": "MultiLineString", "coordinates": [ [ [ 9.420868886912574, 54.646148301699, 0.0 ], [ 9.421746770406171, 54.646076207535302, 0.0 ] ], [ [ 9.421746770406171, 54.646076207535302, 0.0 ], [ 9.421748743894115, 54.646032146405936, 0.0 ] ], [ [ 9.421748743894115, 54.646032146405936, 0.0 ], [ 9.420872757081071, 54.646102967000843, 0.0 ] ], [ [ 9.420872757081071, 54.646102967000843, 0.0 ], [ 9.420868628451668, 54.646148322920986, 0.0 ] ] ] } },
{ "type": "Feature", "properties": { "layer": "WBK_GERUEST" }, "geometry": { "type": "LineString", "coordinates": [ [ 9.420868886912574, 54.646148301699 ], [ 9.421746770406171, 54.646076207535302 ], [ 9.421748743894115, 54.646032146405936 ], [ 9.420872757081071, 54.646102967000843 ], [ 9.420868628451668, 54.646148322920986 ] ] } },
{ "type": "Feature", "properties": { "layer": "WBK_GERUEST" }, "geometry": { "type": "MultiLineString", "coordinates": [ [ [ 9.421454710652251, 54.639158874669597, 0.0 ], [ 9.421456905216262, 54.639114826256673, 0.0 ] ], [ [ 9.421456905216262, 54.639114826256673, 0.0 ], [ 9.422153263446157, 54.639073645446231, 0.0 ] ], [ [ 9.422153263446157, 54.639073645446231, 0.0 ], [ 9.422172585610607, 54.639074165808417, 0.0 ] ], [ [ 9.422172585610607, 54.639074165808417, 0.0 ], [ 9.422168644243534, 54.639123403965307, 0.0 ] ], [ [ 9.422168644243534, 54.639123403965307, 0.0 ], [ 9.421454710652251, 54.639158874669597, 0.0 ] ], [ [ 9.421450383882171, 54.639251167840918, 0.0 ], [ 9.42216107922488, 54.639211876999198, 0.0 ] ], [ [ 9.42216107922488, 54.639211876999198, 0.0 ], [ 9.422156039723699, 54.639267297416659, 0.0 ] ], [ [ 9.422156039723699, 54.639267297416659, 0.0 ], [ 9.421448390863524, 54.639296617404661, 0.0 ] ], [ [ 9.421448390863524, 54.639296617404661, 0.0 ], [ 9.421450389210507, 54.639251046758915, 0.0 ] ] ] } },
{ "type": "Feature", "properties": { "layer": "WBK_GERUEST" }, "geometry": { "type": "LineString", "coordinates": [ [ 9.421454710652251, 54.639158874669597 ], [ 9.421456905216262, 54.639114826256673 ], [ 9.422153263446157, 54.639073645446231 ], [ 9.422172585610607, 54.639074165808417 ], [ 9.422168644243534, 54.639123403965307 ], [ 9.421454710652251, 54.639158874669597 ] ] } },
{ "type": "Feature", "properties": { "layer": "WBK_GERUEST" }, "geometry": { "type": "LineString", "coordinates": [ [ 9.421450383882171, 54.639251167840918 ], [ 9.42216107922488, 54.639211876999198 ], [ 9.422156039723699, 54.639267297416659 ], [ 9.421448390863524, 54.639296617404661 ], [ 9.421450389210507, 54.639251046758915 ] ] } },
{ "type": "Feature", "properties": { "layer": "WBK_GERUEST" }, "geometry": { "type": "Polygon", "coordinates": [ [ [ 9.422064727207609, 54.630267433869328, 0.0 ], [ 9.422427579981486, 54.630313495647982, 0.0 ], [ 9.422702538405499, 54.630332720895908, 0.0 ], [ 9.422702678216378, 54.630303098460807, 0.0 ], [ 9.422413759570331, 54.630272620376118, 0.0 ], [ 9.422069020408681, 54.630236252808061, 0.0 ], [ 9.422064727207609, 54.630267433869328, 0.0 ] ] ] } },
{ "type": "Feature", "properties": { "layer": "WBK_GERUEST" }, "geometry": { "type": "LineString", "coordinates": [ [ 9.422064727207609, 54.630267433869328 ], [ 9.422427579981486, 54.630313495647982 ], [ 9.422702538405499, 54.630332720895908 ], [ 9.422702678216378, 54.630303098460807 ], [ 9.422413759570331, 54.630272620376118 ], [ 9.422069020408681, 54.630236252808061 ], [ 9.422064727207609, 54.630267433869328 ] ] } },
{ "type": "Feature", "properties": { "layer": "WBK_GERUEST" }, "geometry": { "type": "Polygon", "coordinates": [ [ [ 9.420091496811731, 54.61759782299989, 0.0 ], [ 9.420466269216481, 54.616894707875041, 0.0 ], [ 9.420441759176354, 54.616847457584264, 0.0 ], [ 9.420055840643546, 54.617545397893608, 0.0 ], [ 9.420091496811731, 54.61759782299989, 0.0 ] ] ] } },
{ "type": "Feature", "properties": { "layer": "WBK_GERUEST" }, "geometry": { "type": "LineString", "coordinates": [ [ 9.420091496811731, 54.61759782299989 ], [ 9.420466269216481, 54.616894707875041 ], [ 9.420441759176354, 54.616847457584264 ], [ 9.420055840643546, 54.617545397893608 ], [ 9.420091496811731, 54.61759782299989 ] ] } },
{ "type": "Feature", "properties": { "layer": "WBK_GERUEST" }, "geometry": { "type": "Polygon", "coordinates": [ [ [ 9.418684196794278, 54.615207594081554, 0.0 ], [ 9.418665213691476, 54.615169535389484, 0.0 ], [ 9.419567241250078, 54.615332140481058, 0.0 ], [ 9.419593923076727, 54.615374369980685, 0.0 ], [ 9.418684196794278, 54.615207594081554, 0.0 ] ] ] } },
{ "type": "Feature", "properties": { "layer": "WBK_GERUEST" }, "geometry": { "type": "LineString", "coordinates": [ [ 9.418684196794278, 54.615207594081554 ], [ 9.418665213691476, 54.615169535389484 ], [ 9.419567241250078, 54.615332140481058 ], [ 9.419593923076727, 54.615374369980685 ], [ 9.418684196794278, 54.615207594081554 ] ] } },
{ "type": "Feature", "properties": { "layer": "WBK_GERUEST" }, "geometry": { "type": "LineString", "coordinates": [ [ 9.416248815599436, 54.61090932125073 ], [ 9.41666436864643, 54.610464556978357 ], [ 9.416694809036594, 54.610506638403173 ], [ 9.416266140527439, 54.610946738023642 ], [ 9.416248428269482, 54.610909322583673 ] ] } },
{ "type": "Feature", "properties": { "layer": "WBK_GERUEST" }, "geometry": { "type": "Polygon", "coordinates": [ [ [ 9.408394451661646, 54.597332569680532, 0.0 ], [ 9.408633781289817, 54.597017759261099, 0.0 ], [ 9.408799600499439, 54.59673911682696, 0.0 ], [ 9.4088306027526, 54.596797782699767, 0.0 ], [ 9.408671374479702, 54.597083061202916, 0.0 ], [ 9.408416209459535, 54.597376922743798, 0.0 ], [ 9.408394451661646, 54.597332569680532, 0.0 ] ] ] } },
{ "type": "Feature", "properties": { "layer": "WBK_GERUEST" }, "geometry": { "type": "LineString", "coordinates": [ [ 9.408394451661646, 54.597332569680532 ], [ 9.408633781289817, 54.597017759261099 ], [ 9.408799600499439, 54.59673911682696 ], [ 9.4088306027526, 54.596797782699767 ], [ 9.408671374479702, 54.597083061202916 ], [ 9.408416209459535, 54.597376922743798 ], [ 9.408394451661646, 54.597332569680532 ] ] } },
{ "type": "Feature", "properties": { "layer": "WBK_GERUEST" }, "geometry": { "type": "Polygon", "coordinates": [ [ [ 9.408255775662997, 54.597042660598277, 0.0 ], [ 9.408598406916513, 54.596478597199606, 0.0 ], [ 9.408570181095168, 54.596440430000101, 0.0 ], [ 9.408219346736796, 54.596964355209735, 0.0 ], [ 9.408255775662997, 54.597042660598277, 0.0 ] ] ] } },
{ "type": "Feature", "properties": { "layer": "WBK_GERUEST" }, "geometry": { "type": "LineString", "coordinates": [ [ 9.408255775662997, 54.597042660598277 ], [ 9.408598406916513, 54.596478597199606 ], [ 9.408570181095168, 54.596440430000101 ], [ 9.408219346736796, 54.596964355209735 ], [ 9.408255775662997, 54.597042660598277 ] ] } },
{ "type": "Feature", "properties": { "layer": "WBK_GERUEST" }, "geometry": { "type": "MultiLineString", "coordinates": [ [ [ 9.405567204942551, 54.58691744607053, 0.0 ], [ 9.405550325531875, 54.586980759195022, 0.0 ] ], [ [ 9.405550325645271, 54.586980759198049, 0.0 ], [ 9.406136231221913, 54.587168787697294, 0.0 ] ], [ [ 9.406136231124828, 54.587168787695525, 0.0 ], [ 9.406146712652875, 54.587109441002212, 0.0 ] ], [ [ 9.406146712730934, 54.587109440999384, 0.0 ], [ 9.405567205036926, 54.586917446068952, 0.0 ] ] ] } },
{ "type": "Feature", "properties": { "layer": "WBK_GERUEST" }, "geometry": { "type": "LineString", "coordinates": [ [ 9.405567204942551, 54.58691744607053 ], [ 9.405550325645271, 54.586980759198049 ], [ 9.406136231124828, 54.587168787695525 ], [ 9.406146712730934, 54.587109440999384 ], [ 9.405567204942551, 54.58691744607053 ] ] } },
{ "type": "Feature", "properties": { "layer": "WBK_GERUEST" }, "geometry": { "type": "Polygon", "coordinates": [ [ [ 9.407873378211139, 54.578715596388342, 0.0 ], [ 9.408274098661625, 54.579728583394377, 0.0 ], [ 9.40824875458601, 54.579809746596155, 0.0 ], [ 9.407838669636504, 54.578823246598198, 0.0 ], [ 9.407873378211139, 54.578715596388342, 0.0 ] ], [ [ 9.408420996254444, 54.579166517885668, 0.0 ], [ 9.408018853877527, 54.578267747500867, 0.0 ], [ 9.408043277511313, 54.578198065877551, 0.0 ], [ 9.408464443211097, 54.57905023588976, 0.0 ], [ 9.408420996254444, 54.579166517885668, 0.0 ] ] ] } },
{ "type": "Feature", "properties": { "layer": "WBK_GERUEST" }, "geometry": { "type": "LineString", "coordinates": [ [ 9.407873378211139, 54.578715596388342 ], [ 9.408274098714674, 54.579728583391883 ], [ 9.408248754541241, 54.579809746594755 ], [ 9.407838669656135, 54.578823246600734 ], [ 9.407873378211139, 54.578715596388342 ] ] } },
{ "type": "Feature", "properties": { "layer": "WBK_GERUEST" }, "geometry": { "type": "LineString", "coordinates": [ [ 9.408420996254444, 54.579166517885668 ], [ 9.408018853894424, 54.578267747500782 ], [ 9.408043277501037, 54.578198065876819 ], [ 9.408464443146892, 54.579050235892048 ], [ 9.408420996254529, 54.579166517895615 ] ] } },
{ "type": "Feature", "properties": { "layer": "WBK_GERUEST" }, "geometry": { "type": "Polygon", "coordinates": [ [ [ 9.409942426967616, 54.573106287131914, 0.0 ], [ 9.409972063657571, 54.573062813069988, 0.0 ], [ 9.410821540986175, 54.573089435727219, 0.0 ], [ 9.410781182064305, 54.573139265916801, 0.0 ], [ 9.409942426967616, 54.573106287131914, 0.0 ] ] ] } },
{ "type": "Feature", "properties": { "layer": "WBK_GERUEST" }, "geometry": { "type": "LineString", "coordinates": [ [ 9.409942426967616, 54.573106287131914 ], [ 9.409972063657571, 54.573062813069988 ], [ 9.410821540986175, 54.573089435727219 ], [ 9.410781182064305, 54.573139265916801 ], [ 9.409942426967616, 54.573106287131914 ] ] } },
{ "type": "Feature", "properties": { "layer": "WBK_GERUEST" }, "geometry": { "type": "Polygon", "coordinates": [ [ [ 9.415056937987716, 54.566385520172062, 0.0 ], [ 9.415081701026862, 54.566347249632898, 0.0 ], [ 9.415763867583559, 54.566496283094253, 0.0 ], [ 9.415729681033259, 54.566535312142541, 0.0 ], [ 9.415056937987716, 54.566385520172062, 0.0 ] ] ] } },
{ "type": "Feature", "properties": { "layer": "WBK_GERUEST" }, "geometry": { "type": "LineString", "coordinates": [ [ 9.415056937987716, 54.566385520172062 ], [ 9.415081701043468, 54.566347249636436 ], [ 9.415763867557258, 54.566496283094352 ], [ 9.415729681061302, 54.566535312138605 ], [ 9.415056937987716, 54.566385520172062 ] ] } },
{ "type": "Feature", "properties": { "layer": "WBK_GERUEST" }, "geometry": { "type": "Polygon", "coordinates": [ [ [ 9.421184677342431, 54.55831121023418, 0.0 ], [ 9.42206513020221, 54.558272385031451, 0.0 ], [ 9.422078298751112, 54.558255892876254, 0.0 ], [ 9.4212002274061, 54.558288303372635, 0.0 ], [ 9.421184677342431, 54.55831121023418, 0.0 ] ], [ [ 9.421352779498347, 54.558074349205882, 0.0 ], [ 9.422229375178402, 54.558064554599653, 0.0 ], [ 9.422245342619775, 54.558044156543431, 0.0 ], [ 9.42137216842384, 54.558047203564335, 0.0 ], [ 9.421352779498347, 54.558074349205882, 0.0 ] ] ] } },
{ "type": "Feature", "properties": { "layer": "WBK_GERUEST" }, "geometry": { "type": "LineString", "coordinates": [ [ 9.421184677342431, 54.55831121023418 ], [ 9.42206513020221, 54.558272385031451 ], [ 9.422078298751112, 54.558255892876254 ], [ 9.4212002274061, 54.558288303372635 ], [ 9.421184677342431, 54.55831121023418 ] ] } },
{ "type": "Feature", "properties": { "layer": "WBK_GERUEST" }, "geometry": { "type": "LineString", "coordinates": [ [ 9.421352779498347, 54.558074349205882 ], [ 9.422229375178402, 54.558064554599653 ], [ 9.422245342619775, 54.558044156543431 ], [ 9.42137216842384, 54.558047203564335 ], [ 9.421352779498347, 54.558074349205882 ] ] } },
{ "type": "Feature", "properties": { "layer": "WBK_GERUEST" }, "geometry": { "type": "Polygon", "coordinates": [ [ [ 9.425053561329339, 54.553321837346402, 0.0 ], [ 9.425543290614012, 54.553358941802713, 0.0 ], [ 9.425542664442444, 54.553381776712357, 0.0 ], [ 9.425034127747553, 54.553345131533611, 0.0 ], [ 9.425053561329339, 54.553321837346402, 0.0 ] ] ] } },
{ "type": "Feature", "properties": { "layer": "WBK_GERUEST" }, "geometry": { "type": "LineString", "coordinates": [ [ 9.425053561329339, 54.553321837346402 ], [ 9.425543290614012, 54.553358941802713 ], [ 9.425542664442444, 54.553381776712357 ], [ 9.425034127747553, 54.553345131533611 ], [ 9.425053561329339, 54.553321837346402 ] ] } },
{ "type": "Feature", "properties": { "layer": "WBK_GERUEST" }, "geometry": { "type": "Polygon", "coordinates": [ [ [ 9.426803538760453, 54.544122374200981, 0.0 ], [ 9.427136991591961, 54.544235505245148, 0.0 ], [ 9.42744405931489, 54.544313631322332, 0.0 ], [ 9.427461343976853, 54.544275125535499, 0.0 ], [ 9.426806988058324, 54.544074677660852, 0.0 ], [ 9.426803538760453, 54.544122374200981, 0.0 ] ] ] } },
{ "type": "Feature", "properties": { "layer": "WBK_GERUEST" }, "geometry": { "type": "LineString", "coordinates": [ [ 9.426803538760453, 54.544122374200981 ], [ 9.427136991591961, 54.544235505245148 ], [ 9.42744405931489, 54.544313631322332 ], [ 9.427461343976853, 54.544275125535499 ], [ 9.426806988058324, 54.544074677660852 ], [ 9.426803538760453, 54.544122374200981 ] ] } },
{ "type": "Feature", "properties": { "layer": "WBK_GERUEST" }, "geometry": { "type": "Polygon", "coordinates": [ [ [ 9.428133028057953, 54.535681122034418, 0.0 ], [ 9.428138346836578, 54.535641783748595, 0.0 ], [ 9.428920894638443, 54.535615491800357, 0.0 ], [ 9.428912692297848, 54.535658334483472, 0.0 ], [ 9.428133028057953, 54.535681122034418, 0.0 ] ] ] } },
{ "type": "Feature", "properties": { "layer": "WBK_GERUEST" }, "geometry": { "type": "LineString", "coordinates": [ [ 9.428133028057953, 54.535681122034418 ], [ 9.428138346836578, 54.535641783748595 ], [ 9.428920894638443, 54.535615491800357 ], [ 9.428912692297848, 54.535658334483472 ], [ 9.428133028057953, 54.535681122034418 ] ] } },
{ "type": "Feature", "properties": { "layer": "WBK_GERUEST" }, "geometry": { "type": "Polygon", "coordinates": [ [ [ 9.428764580509826, 54.531582429910692, 0.0 ], [ 9.42875718117025, 54.53163678783541, 0.0 ], [ 9.429634545245932, 54.53156021460363, 0.0 ], [ 9.429644419139995, 54.531506941480522, 0.0 ], [ 9.428764580509826, 54.531582429910692, 0.0 ] ] ] } },
{ "type": "Feature", "properties": { "layer": "WBK_GERUEST" }, "geometry": { "type": "LineString", "coordinates": [ [ 9.428764580509826, 54.531582429910692 ], [ 9.428757181137968, 54.531636787830855 ], [ 9.429634545304648, 54.531560214606607 ], [ 9.429644419085212, 54.531506941479577 ], [ 9.428764580509826, 54.531582429910692 ] ] } },
{ "type": "Feature", "properties": { "layer": "WBK_GERUEST" }, "geometry": { "type": "Polygon", "coordinates": [ [ [ 9.429939177265528, 54.525142287653047, 0.0 ], [ 9.430586957629147, 54.525118392684014, 0.0 ], [ 9.430601861019776, 54.525066828013138, 0.0 ], [ 9.42994072183885, 54.52507915355546, 0.0 ], [ 9.429939177265528, 54.525142287653047, 0.0 ] ] ] } },
{ "type": "Feature", "properties": { "layer": "WBK_GERUEST" }, "geometry": { "type": "LineString", "coordinates": [ [ 9.429939177265528, 54.525142287653047 ], [ 9.430586957629147, 54.525118392684014 ], [ 9.430601861019776, 54.525066828013138 ], [ 9.42994072183885, 54.52507915355546 ], [ 9.429939177265528, 54.525142287653047 ] ] } },
{ "type": "Feature", "properties": { "layer": "WBK_GERUEST" }, "geometry": { "type": "Polygon", "coordinates": [ [ [ 9.433573207977602, 54.516357511691275, 0.0 ], [ 9.433557447070584, 54.516429928877798, 0.0 ], [ 9.434461629404174, 54.516516502468811, 0.0 ], [ 9.434485697268885, 54.516445363420416, 0.0 ], [ 9.433573207977602, 54.516357511691275, 0.0 ] ], [ [ 9.433616497250499, 54.516168246945334, 0.0 ], [ 9.43363255643229, 54.516100769243799, 0.0 ], [ 9.434548796466617, 54.516194799190416, 0.0 ], [ 9.434534648603956, 54.516258310421151, 0.0 ], [ 9.433616497250499, 54.516168246945334, 0.0 ] ] ] } },
{ "type": "Feature", "properties": { "layer": "WBK_GERUEST" }, "geometry": { "type": "LineString", "coordinates": [ [ 9.433573207977602, 54.516357511691275 ], [ 9.433557447070584, 54.516429928877798 ], [ 9.434461629404174, 54.516516502468811 ], [ 9.434485697268885, 54.516445363420416 ], [ 9.433573207977602, 54.516357511691275 ] ] } },
{ "type": "Feature", "properties": { "layer": "WBK_GERUEST" }, "geometry": { "type": "LineString", "coordinates": [ [ 9.433616497250499, 54.516168246945334 ], [ 9.43363255643229, 54.516100769243799 ], [ 9.434548796466617, 54.516194799190416 ], [ 9.434534648603956, 54.516258310421151 ], [ 9.433616497250499, 54.516168246945334 ] ] } },
{ "type": "Feature", "properties": { "layer": "WBK_GERUEST" }, "geometry": { "type": "Polygon", "coordinates": [ [ [ 9.428454533175792, 54.504731412074918, 0.0 ], [ 9.428444907534779, 54.50468871431692, 0.0 ], [ 9.429211080404638, 54.504734012098922, 0.0 ], [ 9.429214249294519, 54.504778464871691, 0.0 ], [ 9.428454533175792, 54.504731412074918, 0.0 ] ] ] } },
{ "type": "Feature", "properties": { "layer": "WBK_GERUEST" }, "geometry": { "type": "LineString", "coordinates": [ [ 9.428454533175792, 54.504731412074918 ], [ 9.428444907534779, 54.50468871431692 ], [ 9.429211080404638, 54.504734012098922 ], [ 9.429214249294519, 54.504778464871691 ], [ 9.428454533175792, 54.504731412074918 ] ] } },
{ "type": "Feature", "properties": { "layer": "WBK_GERUEST" }, "geometry": { "type": "Polygon", "coordinates": [ [ [ 9.427211409149818, 54.495294648833145, 0.0 ], [ 9.428044317929116, 54.495565082450703, 0.0 ], [ 9.428039250275331, 54.495530616678138, 0.0 ], [ 9.427208617090825, 54.495265138080164, 0.0 ], [ 9.427211409149818, 54.495294648833145, 0.0 ] ] ] } },
{ "type": "Feature", "properties": { "layer": "WBK_GERUEST" }, "geometry": { "type": "LineString", "coordinates": [ [ 9.427211409149818, 54.495294648833145 ], [ 9.428044317929116, 54.495565082450703 ], [ 9.428039250275331, 54.495530616678138 ], [ 9.427208617090825, 54.495265138080164 ], [ 9.427211409149818, 54.495294648833145 ] ] } },
{ "type": "Feature", "properties": { "layer": "WBK_GERUEST" }, "geometry": { "type": "Polygon", "coordinates": [ [ [ 9.426469730942904, 54.489119128707145, 0.0 ], [ 9.427089744934063, 54.488260523953905, 0.0 ], [ 9.427086043297598, 54.488220200986497, 0.0 ], [ 9.426460554346434, 54.489074750879041, 0.0 ], [ 9.426469730942904, 54.489119128707145, 0.0 ] ] ] } },
{ "type": "Feature", "properties": { "layer": "WBK_GERUEST" }, "geometry": { "type": "LineString", "coordinates": [ [ 9.426469730942904, 54.489119128707145 ], [ 9.427089744934063, 54.488260523953905 ], [ 9.427086043297598, 54.488220200986497 ], [ 9.426460554346434, 54.489074750879041 ], [ 9.426469730942904, 54.489119128707145 ] ] } },
{ "type": "Feature", "properties": { "layer": "WBK_GERUEST" }, "geometry": { "type": "Polygon", "coordinates": [ [ [ 9.425847377992001, 54.482690799776073, 0.0 ], [ 9.426404530380379, 54.48264916771037, 0.0 ], [ 9.426405023901445, 54.482627538002831, 0.0 ], [ 9.425847932972337, 54.4826647400468, 0.0 ], [ 9.425847377992001, 54.482690799776073, 0.0 ] ] ] } },
{ "type": "Feature", "properties": { "layer": "WBK_GERUEST" }, "geometry": { "type": "LineString", "coordinates": [ [ 9.425847377992001, 54.482690799776073 ], [ 9.426404530380379, 54.48264916771037 ], [ 9.426405023901445, 54.482627538002831 ], [ 9.425847932972337, 54.4826647400468 ], [ 9.425847377992001, 54.482690799776073 ] ] } },
{ "type": "Feature", "properties": { "layer": "WBK_GERUEST" }, "geometry": { "type": "Polygon", "coordinates": [ [ [ 9.424779266211731, 54.468688976965133, 0.0 ], [ 9.424779356247747, 54.468657635644512, 0.0 ], [ 9.42547956677676, 54.468688157739287, 0.0 ], [ 9.425484357290291, 54.468721053256616, 0.0 ], [ 9.424779266211731, 54.468688976965133, 0.0 ] ], [ [ 9.424779418947285, 54.468803062879275, 0.0 ], [ 9.424779544548116, 54.468823617861254, 0.0 ], [ 9.425503511671225, 54.46885808803129, 0.0 ], [ 9.425500283564972, 54.468834429275077, 0.0 ], [ 9.424779418947285, 54.468803062879275, 0.0 ] ] ] } },
{ "type": "Feature", "properties": { "layer": "WBK_GERUEST" }, "geometry": { "type": "LineString", "coordinates": [ [ 9.424779418947285, 54.468803062879275 ], [ 9.424779544548116, 54.468823617861254 ], [ 9.425503511671225, 54.46885808803129 ], [ 9.425500283564972, 54.468834429275077 ], [ 9.424779418947285, 54.468803062879275 ] ] } },
{ "type": "Feature", "properties": { "layer": "WBK_GERUEST" }, "geometry": { "type": "LineString", "coordinates": [ [ 9.424779266211731, 54.468688976965133 ], [ 9.424779356247747, 54.468657635644512 ], [ 9.42547956677676, 54.468688157739287 ], [ 9.425484357290291, 54.468721053256616 ], [ 9.424779266211731, 54.468688976965133 ] ] } },
{ "type": "Feature", "properties": { "layer": "WBK_GERUEST" }, "geometry": { "type": "Polygon", "coordinates": [ [ [ 9.42393884219033, 54.456851080855508, 0.0 ], [ 9.423927673222327, 54.45682271532521, 0.0 ], [ 9.424639565430967, 54.456722518215606, 0.0 ], [ 9.424643234574521, 54.456746800928876, 0.0 ], [ 9.424294791076582, 54.456808228822354, 0.0 ], [ 9.42393884219033, 54.456851080855508, 0.0 ] ] ] } },
{ "type": "Feature", "properties": { "layer": "WBK_GERUEST" }, "geometry": { "type": "LineString", "coordinates": [ [ 9.42393884219033, 54.456851080855508 ], [ 9.423927673222327, 54.45682271532521 ], [ 9.424639565430967, 54.456722518215606 ], [ 9.424643234574521, 54.456746800928876 ], [ 9.424294791076582, 54.456808228822354 ], [ 9.42393884219033, 54.456851080855508 ] ] } },
{ "type": "Feature", "properties": { "layer": "WBK_GERUEST" }, "geometry": { "type": "Polygon", "coordinates": [ [ [ 9.423723820608599, 54.445227769087303, 0.0 ], [ 9.423728350876484, 54.445257083752367, 0.0 ], [ 9.423184179852875, 54.445350522266921, 0.0 ], [ 9.423184284392043, 54.445315194176672, 0.0 ], [ 9.423723820608599, 54.445227769087303, 0.0 ] ], [ [ 9.423186615766907, 54.445154948284788, 0.0 ], [ 9.423186888129603, 54.445124646742585, 0.0 ], [ 9.423686342220313, 54.44504427550342, 0.0 ], [ 9.423699661784331, 54.445072389891052, 0.0 ], [ 9.423186615766907, 54.445154948284788, 0.0 ] ] ] } },
{ "type": "Feature", "properties": { "layer": "WBK_GERUEST" }, "geometry": { "type": "LineString", "coordinates": [ [ 9.423186615766907, 54.445154948284788 ], [ 9.423186888129603, 54.445124646742585 ], [ 9.423686342220313, 54.44504427550342 ], [ 9.423699661784331, 54.445072389891052 ], [ 9.423186615766907, 54.445154948284788 ] ] } },
{ "type": "Feature", "properties": { "layer": "WBK_GERUEST" }, "geometry": { "type": "LineString", "coordinates": [ [ 9.423723820608599, 54.445227769087303 ], [ 9.423728350876484, 54.445257083752367 ], [ 9.423184179852875, 54.445350522266921 ], [ 9.423184284392043, 54.445315194176672 ], [ 9.423723820608599, 54.445227769087303 ] ] } },
{ "type": "Feature", "properties": { "layer": "WBK_GERUEST" }, "geometry": { "type": "LineString", "coordinates": [ [ 9.498075050286623, 54.483803819575748 ], [ 9.498253659041469, 54.483998535470505 ], [ 9.498180392157302, 54.48418451930101 ], [ 9.497738368852932, 54.483722140260127 ], [ 9.497486733495272, 54.483732951465718 ], [ 9.497181958031902, 54.483514322037443 ], [ 9.496851120046575, 54.483222502778901 ], [ 9.496248907719581, 54.482697254445959 ], [ 9.496507743699015, 54.482588689909932 ], [ 9.496015523601857, 54.482136281775105 ], [ 9.495890067042428, 54.482171002338383 ], [ 9.495770928326735, 54.482034673353049 ], [ 9.495686244375895, 54.481971499146859 ], [ 9.495384624210875, 54.482011828385872 ], [ 9.494792792475593, 54.481647779145845 ], [ 9.495000566376346, 54.481480792478195 ], [ 9.494619799972075, 54.481244695722538 ], [ 9.494036236668768, 54.480909643091152 ], [ 9.493744195542556, 54.480720484033796 ], [ 9.493647666057917, 54.480725204163541 ], [ 9.49355835913947, 54.480712589777802 ], [ 9.493439175902667, 54.480687118918283 ], [ 9.493327370375376, 54.480657290457671 ], [ 9.493155608967326, 54.480584445746295 ], [ 9.492721714955989, 54.48033745620814 ], [ 9.492628016371116, 54.480268618728772 ], [ 9.492590426483348, 54.480231998965792 ], [ 9.492549019449022, 54.480186742752899 ], [ 9.492592890926373, 54.480128160270645 ], [ 9.492644427468175, 54.480089014669517 ], [ 9.491925861903184, 54.479646340135019 ], [ 9.49174070429731, 54.479694679761202 ], [ 9.491606927613413, 54.479690897894926 ], [ 9.491061788744949, 54.479459495041233 ], [ 9.49027710190402, 54.479077643626603 ], [ 9.488910229354389, 54.478468853879974 ], [ 9.487729174481169, 54.477863630299716 ], [ 9.485755942454421, 54.476859252267936 ], [ 9.484926444934658, 54.476447274667201 ], [ 9.482371165572584, 54.475207257026298 ], [ 9.480548677758861, 54.474362287861162 ], [ 9.478926882985398, 54.473520825575179 ], [ 9.478083291166026, 54.473160783418656 ], [ 9.476896618529656, 54.472680957065919 ], [ 9.477279537614585, 54.472393921473909 ], [ 9.476958381703504, 54.472243778656313 ], [ 9.47728474808153, 54.472203552913854 ], [ 9.47768564201607, 54.472184662899188 ], [ 9.47804242460322, 54.472204880714848 ], [ 9.478347667196863, 54.472264237043071 ], [ 9.478631179306348, 54.472371262593654 ], [ 9.479438879928349, 54.472839594113204 ], [ 9.480059892289106, 54.473222144108831 ], [ 9.479846363339965, 54.473383059080149 ], [ 9.480212710967168, 54.473584926639631 ], [ 9.480623375392351, 54.473764986242124 ], [ 9.480836957166613, 54.473608394353455 ], [ 9.482001920209646, 54.474131528824877 ], [ 9.483846459333085, 54.474954760911558 ], [ 9.484316687551916, 54.475143224933881 ], [ 9.484667351710954, 54.475271601124554 ], [ 9.484636468430953, 54.475799515972774 ], [ 9.485742444387103, 54.476348819733502 ], [ 9.486706333202704, 54.476816491485856 ], [ 9.488559279377077, 54.477700208899627 ], [ 9.489545635382029, 54.478176428142504 ], [ 9.489792087176083, 54.478283584950155 ], [ 9.490300316118748, 54.478536772062334 ], [ 9.490838010678349, 54.478768206796566 ], [ 9.491458786260955, 54.479111784471385 ], [ 9.492080148666846, 54.479502946682153 ], [ 9.492073607517796, 54.479576519482478 ], [ 9.493660178655437, 54.480530474217836 ], [ 9.493713151064458, 54.480560930230652 ], [ 9.494782509097059, 54.481183462525188 ], [ 9.495062102016743, 54.480957353741012 ], [ 9.495466636613017, 54.48116126447627 ], [ 9.495880356076754, 54.481369679204825 ], [ 9.496167794948379, 54.481544405927977 ], [ 9.496540154738017, 54.481801851893081 ], [ 9.496870802634456, 54.482079013747224 ], [ 9.497116944551909, 54.482307658927496 ], [ 9.496698141331031, 54.482372905477916 ], [ 9.497215544810022, 54.48282520807485 ], [ 9.497445800364941, 54.483127211558262 ], [ 9.497816010267973, 54.483493154514662 ], [ 9.497879007932408, 54.483555425323878 ], [ 9.497854128429022, 54.483579958772737 ], [ 9.498075050286623, 54.483803819575748 ] ] } },
{ "type": "Feature", "properties": { "layer": "WBK_GERUEST" }, "geometry": { "type": "LineString", "coordinates": [ [ 9.446093512653288, 54.457708759716695 ], [ 9.446224313719892, 54.45772349538116 ], [ 9.44627690120441, 54.457753743514509 ], [ 9.446264418091166, 54.457807066983776 ], [ 9.446251770655699, 54.457845170240461 ], [ 9.446200094592863, 54.457898640336609 ], [ 9.446135026675659, 54.457921716489935 ], [ 9.445301847184748, 54.458191204060334 ], [ 9.445054544403082, 54.458275846513267 ], [ 9.444859082825367, 54.458322238257686 ], [ 9.444493626418042, 54.458354040238788 ], [ 9.443919557348496, 54.458424669302779 ], [ 9.443541119719649, 54.458464127440621 ], [ 9.443344912970316, 54.458442020462428 ], [ 9.443266033705498, 54.4583966458692 ], [ 9.44317392804842, 54.458336098084352 ], [ 9.443068428659693, 54.458245155076845 ], [ 9.44300212132968, 54.458154067274911 ], [ 9.443498297767214, 54.458129397411284 ], [ 9.444150910021504, 54.458073701318185 ], [ 9.444646589197474, 54.458003361651961 ], [ 9.444959290338307, 54.457926089425563 ], [ 9.445167647818081, 54.457864426462343 ], [ 9.445519372678149, 54.457771786281839 ], [ 9.445740876061713, 54.457717684215169 ], [ 9.446001154419653, 54.457625382000643 ], [ 9.446092268566572, 54.457594598380801 ], [ 9.446093512653288, 54.457708759716695 ] ] } },
{ "type": "Feature", "properties": { "layer": "WBK_GERUEST" }, "geometry": { "type": "LineString", "coordinates": [ [ 9.438460931457385, 54.458724888827788 ], [ 9.438211341047067, 54.458717080952383 ], [ 9.43799558025005, 54.458717871059129 ], [ 9.437687313461822, 54.458715406661263 ], [ 9.437390852589106, 54.458703019030132 ], [ 9.43710761477697, 54.458695975159131 ], [ 9.436769118632418, 54.458685715374912 ], [ 9.436432950677213, 54.458667368486779 ], [ 9.436096887083773, 54.45865880649928 ], [ 9.435811115142767, 54.458640274049735 ], [ 9.435474949467109, 54.458621923595011 ], [ 9.435138781024772, 54.458603573120463 ], [ 9.43488670796749, 54.458594702334118 ], [ 9.434584137438746, 54.458576228397419 ], [ 9.43426477074015, 54.458557813203868 ], [ 9.434128452422415, 54.458548788652827 ], [ 9.433968097364914, 54.458542187035597 ], [ 9.433743724224097, 54.458530341976626 ], [ 9.43357564140276, 54.458521164887038 ], [ 9.433373962973539, 54.45851210906514 ], [ 9.433264994625519, 54.458512409388732 ], [ 9.433182309239326, 54.45851540854936 ], [ 9.433344093590566, 54.458134207396128 ], [ 9.433359179004452, 54.457797305921673 ], [ 9.433377438574002, 54.457798814947573 ], [ 9.433837820654704, 54.457862940934234 ], [ 9.433989631280582, 54.457904719868488 ], [ 9.434924832293717, 54.458165886915928 ], [ 9.436039237232356, 54.458197107179686 ], [ 9.436760253944387, 54.458243864361201 ], [ 9.437359613801643, 54.458238148289944 ], [ 9.438618954437635, 54.458233542017609 ], [ 9.439544615028236, 54.458166653756571 ], [ 9.439653596795223, 54.458166253360361 ], [ 9.439636761440868, 54.458289776971846 ], [ 9.440003800003323, 54.458251178772215 ], [ 9.441010571527389, 54.458214876418623 ], [ 9.441980160996975, 54.458189570067411 ], [ 9.442656621361037, 54.458171465693596 ], [ 9.442814682590024, 54.458176916533567 ], [ 9.442869238579787, 54.458191806015215 ], [ 9.442898351568513, 54.458222950578488 ], [ 9.44300757763407, 54.458337896688207 ], [ 9.443089291778747, 54.458420363099144 ], [ 9.443289218142308, 54.458510709589305 ], [ 9.443046760853932, 54.458511606720876 ], [ 9.442804305122854, 54.458512503380128 ], [ 9.441835180285835, 54.45858127964452 ], [ 9.440921649828981, 54.458617244784172 ], [ 9.439486021551502, 54.458665987270372 ], [ 9.43894550245575, 54.45870056831032 ], [ 9.438460931457385, 54.458724888827788 ] ] } },
{ "type": "Feature", "properties": { "layer": "WBK_GERUEST" }, "geometry": { "type": "LineString", "coordinates": [ [ 9.415234483447543, 54.461600950225609 ], [ 9.414763736579957, 54.461638394146988 ], [ 9.414395042126158, 54.461639681760744 ], [ 9.411959242205269, 54.46181522064893 ], [ 9.411957439576584, 54.461636229915882 ], [ 9.413328960067483, 54.461547933147813 ], [ 9.413411373513897, 54.461595378575225 ], [ 9.41433238336435, 54.461520569732947 ], [ 9.41445479683672, 54.461472410283527 ], [ 9.415273266536298, 54.461386021067973 ], [ 9.416418971743184, 54.461250747102952 ], [ 9.417032111656983, 54.46111735154421 ], [ 9.417848486637048, 54.460828119211151 ], [ 9.418542203563399, 54.460563175799528 ], [ 9.419521558794134, 54.460189832406371 ], [ 9.420645007447078, 54.459887574110112 ], [ 9.42264755583729, 54.459427082546704 ], [ 9.424179852915312, 54.459051751679972 ], [ 9.424894230941383, 54.458810564627626 ], [ 9.425669919396292, 54.45855722302386 ], [ 9.426894395111912, 54.458290704032216 ], [ 9.426896060388096, 54.458290339556271 ], [ 9.426956427490913, 54.458449723317301 ], [ 9.426959249403055, 54.458457177248171 ], [ 9.426591456521923, 54.458542015562578 ], [ 9.425835632570614, 54.458735628544069 ], [ 9.425529279591524, 54.458820245987219 ], [ 9.425121262991007, 54.458976822031026 ], [ 9.42475383416401, 54.459097452337652 ], [ 9.423773682811351, 54.459387309206967 ], [ 9.422691356713521, 54.459701385079079 ], [ 9.42179199969029, 54.459883545433755 ], [ 9.420463736699945, 54.460186532374252 ], [ 9.419503892307871, 54.460464351396354 ], [ 9.418810062840304, 54.460717368389375 ], [ 9.417932492214105, 54.461030686496784 ], [ 9.417197677732531, 54.461283836044707 ], [ 9.416911895270259, 54.46138029371086 ], [ 9.416421039463872, 54.461453600702683 ], [ 9.415745951712681, 54.461539495954241 ], [ 9.415234483447543, 54.461600950225609 ] ] } },
{ "type": "Feature", "properties": { "layer": "WBK_GERUEST" }, "geometry": { "type": "LineString", "coordinates": [ [ 9.454894607279286, 54.462036902440083 ], [ 9.454892095338522, 54.462038669813289 ], [ 9.454599348431183, 54.462231887342014 ], [ 9.454579172619125, 54.462097386471136 ], [ 9.454560895836842, 54.462052571164989 ], [ 9.454530784625225, 54.46200952596098 ], [ 9.454485838921208, 54.461964810138191 ], [ 9.454339684553544, 54.461879043958142 ], [ 9.45412235832816, 54.461788365973625 ], [ 9.454068848321471, 54.461773030052463 ], [ 9.454018186969773, 54.46174732560231 ], [ 9.453997024022378, 54.461709425976444 ], [ 9.453996660644799, 54.461676626586367 ], [ 9.454011150883435, 54.461647224245105 ], [ 9.454011874299141, 54.461580096669152 ], [ 9.454894607279286, 54.462036902440083 ] ] } },
{ "type": "Feature", "properties": { "layer": "WBK_GERUEST" }, "geometry": { "type": "LineString", "coordinates": [ [ 9.45065974228018, 54.459518364676143 ], [ 9.450725650227271, 54.45957139506536 ], [ 9.452514336696884, 54.46064544465041 ], [ 9.453737620597149, 54.461386716352138 ], [ 9.453745087724799, 54.461392200177904 ], [ 9.45374849992675, 54.461477304674439 ], [ 9.453775550932361, 54.46151173022151 ], [ 9.45382634409264, 54.461549518532053 ], [ 9.453856377813457, 54.461585658394931 ], [ 9.453839727088129, 54.461687574360596 ], [ 9.453825427892356, 54.461734239565665 ], [ 9.453840663889636, 54.461772161499105 ], [ 9.453924148836233, 54.461818459142691 ], [ 9.454070034260484, 54.461880058308907 ], [ 9.45424570407781, 54.461955355975135 ], [ 9.454359128583315, 54.46202916207627 ], [ 9.454398110724178, 54.462070447489097 ], [ 9.454440246266534, 54.462128983718237 ], [ 9.45444458803566, 54.462253263700809 ], [ 9.454430326045067, 54.462303380838456 ], [ 9.454406983939108, 54.462336269429549 ], [ 9.454365059465163, 54.46238651941519 ], [ 9.454259235238924, 54.46245636384085 ], [ 9.45393024962145, 54.462261279188603 ], [ 9.453669304552797, 54.462115069485833 ], [ 9.453622698859423, 54.46208895599554 ], [ 9.453417504558075, 54.461973982660673 ], [ 9.45306155620821, 54.4617346879661 ], [ 9.452618552316363, 54.46143686380892 ], [ 9.452561874656745, 54.461398760922165 ], [ 9.45141649807772, 54.460611518308788 ], [ 9.450745258682465, 54.460164984459183 ], [ 9.449903699374476, 54.459673419239287 ], [ 9.448154326339667, 54.458599184232966 ], [ 9.447273315647024, 54.458077302803659 ], [ 9.447611635530981, 54.457954265477859 ], [ 9.447716894873373, 54.458022373327793 ], [ 9.447808672245682, 54.458052475474865 ], [ 9.447913180419556, 54.458052086011818 ], [ 9.448004292578656, 54.458021301853996 ], [ 9.45065974228018, 54.459518364676143 ] ] } },
{ "type": "Feature", "properties": { "layer": "WBK_GERUEST" }, "geometry": { "type": "LineString", "coordinates": [ [ 9.460156339039425, 54.46455033225579 ], [ 9.460377305284943, 54.464647072595973 ], [ 9.460629752783936, 54.464749792094644 ], [ 9.460798093949881, 54.464822335630728 ], [ 9.460987448564392, 54.464900899257344 ], [ 9.461208350000467, 54.464991538685815 ], [ 9.461355548960414, 54.465045866863136 ], [ 9.461513287649938, 54.465106252420199 ], [ 9.461681702076687, 54.465184894993001 ], [ 9.461891999944619, 54.465263376232194 ], [ 9.462060417311026, 54.465342018256621 ], [ 9.462249706424902, 54.465414480517403 ], [ 9.462428525448979, 54.465486982578796 ], [ 9.462565258597877, 54.465541349364244 ], [ 9.462701992039134, 54.46559571599402 ], [ 9.462734595552773, 54.465614457980209 ], [ 9.462745700906989, 54.465634676267705 ], [ 9.462729344893004, 54.465656498862131 ], [ 9.462675553405957, 54.465671213092335 ], [ 9.462596856865888, 54.465686021827004 ], [ 9.462464533892762, 54.465730052102273 ], [ 9.46231680653336, 54.465792370044802 ], [ 9.462043339577319, 54.465683635762453 ], [ 9.461727719190614, 54.465550667071682 ], [ 9.46155943900618, 54.465484222448644 ], [ 9.461306984601171, 54.465381505822613 ], [ 9.461170255285406, 54.465327137591849 ], [ 9.461086013775432, 54.465284767199947 ], [ 9.460886188088892, 54.465206244590988 ], [ 9.460654747032073, 54.465109545143591 ], [ 9.460444385338461, 54.465024962357795 ], [ 9.460276110955361, 54.464958515927961 ], [ 9.460030349498991, 54.464836827800418 ], [ 9.459964715855678, 54.464802230696648 ], [ 9.459899123044318, 54.4647675569989 ], [ 9.459835182450316, 54.464733684034783 ], [ 9.45979711857343, 54.464713480956547 ], [ 9.459791473137273, 54.464692008554849 ], [ 9.459791060939015, 54.464655414961364 ], [ 9.459811383003293, 54.464600445279274 ], [ 9.459873792375035, 54.464563612455045 ], [ 9.459988684838544, 54.464538775350782 ], [ 9.460110336118342, 54.464532621141878 ], [ 9.460156339039425, 54.46455033225579 ] ] } },
{ "type": "Feature", "properties": { "layer": "WBK_GERUEST" }, "geometry": { "type": "LineString", "coordinates": [ [ 9.514322583368145, 54.46755030812696 ], [ 9.514367323475211, 54.467691054953939 ], [ 9.51428840192782, 54.467810072393377 ], [ 9.514066455254008, 54.467780651200066 ], [ 9.512760988752035, 54.467615389249929 ], [ 9.510868046828161, 54.467372886414296 ], [ 9.510824054583532, 54.46750213948453 ], [ 9.511150405514604, 54.467542513420874 ], [ 9.511068126487123, 54.467736460779527 ], [ 9.510715662089572, 54.467692402624998 ], [ 9.510778391911384, 54.467498537309019 ], [ 9.510815818610542, 54.467365515795684 ], [ 9.501310935946208, 54.466179373653063 ], [ 9.49857851567098, 54.465879289844807 ], [ 9.495576212625647, 54.465496870204781 ], [ 9.486987119015192, 54.464370321187602 ], [ 9.486762756835995, 54.46413587468772 ], [ 9.496264795061421, 54.465319422632803 ], [ 9.501169656729816, 54.465882223787524 ], [ 9.501271259844174, 54.465895115806873 ], [ 9.514322583368145, 54.46755030812696 ] ] } },
{ "type": "Feature", "properties": { "layer": "WBK_GERUEST" }, "geometry": { "type": "LineString", "coordinates": [ [ 9.508326953753182, 54.468436749131506 ], [ 9.50801848055586, 54.468817558496717 ], [ 9.507076346313166, 54.468624463395365 ], [ 9.507322638606109, 54.468280409546153 ], [ 9.508326953753182, 54.468436749131506 ] ] } },
{ "type": "Feature", "properties": { "layer": "WBK_GERUEST" }, "geometry": { "type": "LineString", "coordinates": [ [ 9.470307110815337, 54.468652510262075 ], [ 9.470612446765001, 54.468797700433832 ], [ 9.470907099942318, 54.468924634363304 ], [ 9.471243850364397, 54.469069699538977 ], [ 9.47149648644427, 54.469184597597177 ], [ 9.471812230550766, 54.469323645357179 ], [ 9.47209656465064, 54.469462814197136 ], [ 9.472538954442149, 54.469686752683714 ], [ 9.473086552978412, 54.469952970437859 ], [ 9.473612722755082, 54.470176576744045 ], [ 9.474307926507075, 54.470527597778961 ], [ 9.474644992534081, 54.470697049006986 ], [ 9.47482420368169, 54.470800026722372 ], [ 9.474985089206632, 54.470892495560065 ], [ 9.475435066183056, 54.471102565843523 ], [ 9.475550744712384, 54.471144802462426 ], [ 9.475676966417225, 54.471193096196579 ], [ 9.475814236821389, 54.471236356525104 ], [ 9.475972970124266, 54.471310849970664 ], [ 9.476087185607028, 54.471350049665077 ], [ 9.476245104268244, 54.471422613704441 ], [ 9.476508446148832, 54.471555749920142 ], [ 9.476635023518829, 54.471634534952557 ], [ 9.47624978204191, 54.471825119432452 ], [ 9.475996982387878, 54.471698040743647 ], [ 9.475818615988587, 54.471668249947065 ], [ 9.4755878221359, 54.471632565719737 ], [ 9.475451199166136, 54.471590411598328 ], [ 9.47530332742013, 54.471481214529248 ], [ 9.475092415538791, 54.471353968194876 ], [ 9.474808278066371, 54.471233108144162 ], [ 9.474577346236149, 54.471185225045787 ], [ 9.474242056972313, 54.471168245996495 ], [ 9.474063410271144, 54.471114057844332 ], [ 9.473726711320802, 54.470975104463058 ], [ 9.473463523140229, 54.470854159074122 ], [ 9.473347777106216, 54.470805821981884 ], [ 9.472979521555507, 54.470654790027368 ], [ 9.472651945071302, 54.470399909238381 ], [ 9.47215676707056, 54.47013958243199 ], [ 9.471188293077168, 54.469698128204897 ], [ 9.470303677372149, 54.469262437501129 ], [ 9.469209044799154, 54.468772664267476 ], [ 9.468819670204972, 54.468603400085698 ], [ 9.468778001091559, 54.468621858981841 ], [ 9.468590034294937, 54.468535520102073 ], [ 9.468395863162979, 54.468457057165658 ], [ 9.468201756323449, 54.468379022354881 ], [ 9.468007982015164, 54.468301137824731 ], [ 9.467710793316368, 54.46818108099697 ], [ 9.467414522581914, 54.468060601093093 ], [ 9.467118687195754, 54.46793957773636 ], [ 9.466822798202601, 54.467817890609659 ], [ 9.466421668381628, 54.467673415924338 ], [ 9.466211079648165, 54.467570543321017 ], [ 9.465979620326655, 54.467473850530361 ], [ 9.465632505866537, 54.467334908524883 ], [ 9.465358893625396, 54.467213980311286 ], [ 9.465001246162192, 54.467068978340947 ], [ 9.464790871578867, 54.466984399572084 ], [ 9.464370200422328, 54.466821340277598 ], [ 9.463991481176404, 54.466664217074204 ], [ 9.463591755363195, 54.466501074589786 ], [ 9.463881932581296, 54.466237698924587 ], [ 9.462801382717933, 54.465786782288603 ], [ 9.462794357211379, 54.465783822756777 ], [ 9.463016926968821, 54.465761777600711 ], [ 9.463059830001276, 54.465759019367255 ], [ 9.46319579564261, 54.465746299500189 ], [ 9.463384179712774, 54.465739478881588 ], [ 9.463520284748528, 54.465738956501831 ], [ 9.463656527878435, 54.465750631816285 ], [ 9.46376129414449, 54.465756328240722 ], [ 9.46389767543419, 54.465780201150544 ], [ 9.464055344001871, 54.465834488527285 ], [ 9.464223620396215, 54.465900932390888 ], [ 9.464381429597267, 54.465967416294873 ], [ 9.464539306892043, 54.466039999362415 ], [ 9.46468678456535, 54.466118720991162 ], [ 9.464844664484174, 54.466191303650021 ], [ 9.465002474306228, 54.466257786731667 ], [ 9.46514988590871, 54.466330408408957 ], [ 9.465360462532352, 54.466433282911972 ], [ 9.465602522587286, 54.466542135299051 ], [ 9.465855190513739, 54.466663143770404 ], [ 9.466076243262304, 54.466765976610994 ], [ 9.466360324161434, 54.466886863672563 ], [ 9.46661293006389, 54.467001772054736 ], [ 9.466833844479158, 54.467092405658903 ], [ 9.467075912249218, 54.467201254173361 ], [ 9.467307371109396, 54.467297945777553 ], [ 9.467517821990089, 54.467388618615217 ], [ 9.467812593178051, 54.467527757115342 ], [ 9.468117839183737, 54.46766685518606 ], [ 9.468412544681488, 54.467799893733201 ], [ 9.468812448047306, 54.467975217101412 ], [ 9.469075748401533, 54.468108375943444 ], [ 9.469349450551446, 54.468235395058031 ], [ 9.46974929216006, 54.468404615919461 ], [ 9.470033401350699, 54.468525493352324 ], [ 9.470307110815337, 54.468652510262075 ] ] } },
{ "type": "Feature", "properties": { "layer": "WBK_GERUEST" }, "geometry": { "type": "LineString", "coordinates": [ [ 9.569981917709972, 54.489101352656689 ], [ 9.56998288375911, 54.489170528423649 ], [ 9.569934340864293, 54.489239936876338 ], [ 9.569875492788974, 54.489280569988225 ], [ 9.569667063872503, 54.489246961063543 ], [ 9.569379019970807, 54.489184901312868 ], [ 9.568577273272991, 54.489021690560357 ], [ 9.568234765322877, 54.488955505826524 ], [ 9.567706266004896, 54.488912790957059 ], [ 9.567364954829111, 54.488932470481373 ], [ 9.567046994515438, 54.488956559146963 ], [ 9.566781641559272, 54.488978024819971 ], [ 9.566738432295836, 54.488718800453753 ], [ 9.566974613549009, 54.488669796413475 ], [ 9.567296166616245, 54.488634200852687 ], [ 9.567803287195932, 54.488609095882062 ], [ 9.568430132538408, 54.488601327209878 ], [ 9.568836513038324, 54.48862824280129 ], [ 9.569283142720044, 54.488701088175397 ], [ 9.569869370362852, 54.488842453792756 ], [ 9.569881254758029, 54.488845844340879 ], [ 9.570028446247818, 54.488887825014828 ], [ 9.569981917709972, 54.489101352656689 ] ] } },
{ "type": "Feature", "properties": { "layer": "WBK_GERUEST" }, "geometry": { "type": "LineString", "coordinates": [ [ 9.506667421473663, 54.488680621020897 ], [ 9.507214575584296, 54.488967274086193 ], [ 9.507501334174993, 54.489220620342451 ], [ 9.507101341435815, 54.48936677978157 ], [ 9.506901978895334, 54.489491455156703 ], [ 9.506749462556952, 54.489581534168998 ], [ 9.506501894676141, 54.489630732351507 ], [ 9.50618274523695, 54.48962519310831 ], [ 9.506028442657504, 54.48957080182111 ], [ 9.505932970602997, 54.48949552477832 ], [ 9.505872273540398, 54.489365062432888 ], [ 9.505882816642337, 54.489261820641957 ], [ 9.505917419509002, 54.489192877577899 ], [ 9.506093147332308, 54.489068302847784 ], [ 9.506378078733432, 54.48893703117681 ], [ 9.505612557610219, 54.488541703678493 ], [ 9.505484795376979, 54.488609905943498 ], [ 9.504829604949123, 54.488186094946435 ], [ 9.50453342286483, 54.488125414899947 ], [ 9.504331688865864, 54.48805746009441 ], [ 9.50395092544858, 54.487845774200835 ], [ 9.503630809429405, 54.487693861765479 ], [ 9.503047508709683, 54.487423218991047 ], [ 9.502324770869631, 54.487060291892504 ], [ 9.50150123897423, 54.486673159379919 ], [ 9.501077230498861, 54.486468268468549 ], [ 9.500713660707506, 54.486281576342776 ], [ 9.499990240233036, 54.485756996488426 ], [ 9.499907107675977, 54.48572294194733 ], [ 9.499263580359386, 54.485278410660626 ], [ 9.499369926054511, 54.485277971045875 ], [ 9.498667750430021, 54.484868078562727 ], [ 9.49863984242042, 54.484517316960876 ], [ 9.498636992551374, 54.484283410840405 ], [ 9.498742473335135, 54.484337129706958 ], [ 9.499041411300531, 54.484501897257054 ], [ 9.5006614881723, 54.485568455396653 ], [ 9.501960154391067, 54.48643680958029 ], [ 9.502507420712645, 54.486737247406239 ], [ 9.503767748940993, 54.487364944082763 ], [ 9.503939290735552, 54.487522822597967 ], [ 9.504255787455961, 54.487651862451507 ], [ 9.504659845528943, 54.487835930265703 ], [ 9.505188491117647, 54.488078511063428 ], [ 9.505382531382546, 54.487984261850116 ], [ 9.506380838957472, 54.488441028789858 ], [ 9.506333997116201, 54.488475625561193 ], [ 9.506667421473663, 54.488680621020897 ] ] } },
{ "type": "Feature", "properties": { "layer": "WBK_GERUEST" }, "geometry": { "type": "LineString", "coordinates": [ [ 9.5526765647022, 54.490475558944155 ], [ 9.553937500398915, 54.490563298693203 ], [ 9.553769281109476, 54.490628056440521 ], [ 9.553625826822909, 54.490648402315514 ], [ 9.553346772227632, 54.490644759423269 ], [ 9.553067651256562, 54.490636193869804 ], [ 9.552602271712145, 54.49060879325188 ], [ 9.552306173543526, 54.490595381288145 ], [ 9.552035109725258, 54.490557245324766 ], [ 9.551560746537081, 54.490490505025747 ], [ 9.552194543261113, 54.49046792037938 ], [ 9.5526765647022, 54.490475558944155 ] ] } },
{ "type": "Feature", "properties": { "layer": "WBK_GERUEST" }, "geometry": { "type": "LineString", "coordinates": [ [ 9.560454686591648, 54.490483353810696 ], [ 9.560427508099639, 54.49066796123337 ], [ 9.560130118842968, 54.490646278277538 ], [ 9.559852453538952, 54.49061873876181 ], [ 9.55932675667076, 54.490557754406652 ], [ 9.55872207701869, 54.490514428156807 ], [ 9.557979002303814, 54.490489031444504 ], [ 9.557365287128764, 54.490509155089079 ], [ 9.556711961913289, 54.490529459053683 ], [ 9.556207094274116, 54.490543311635179 ], [ 9.55572955729785, 54.49054737958577 ], [ 9.555579295518537, 54.490266314141309 ], [ 9.556084426267139, 54.490261386398551 ], [ 9.556698216860518, 54.490247034229014 ], [ 9.557876597432678, 54.490241606335765 ], [ 9.558698807186529, 54.490260872384262 ], [ 9.55934324978182, 54.490315545292496 ], [ 9.560126880678757, 54.490409925852909 ], [ 9.560454686591648, 54.490483353810696 ] ] } },
{ "type": "Feature", "properties": { "layer": "WBK_GERUEST" }, "geometry": { "type": "LineString", "coordinates": [ [ 9.543008631225234, 54.491280532211441 ], [ 9.542628786910516, 54.491316679888278 ], [ 9.542156174519503, 54.491368002500508 ], [ 9.54191414448681, 54.491427215242851 ], [ 9.541685784185587, 54.491432989175408 ], [ 9.541510019003276, 54.491443229951678 ], [ 9.54150915364311, 54.491443280573137 ], [ 9.541227846956971, 54.491470568251643 ], [ 9.541252225425646, 54.491396657599282 ], [ 9.541496397148059, 54.491326683349008 ], [ 9.541968944761587, 54.491270442204147 ], [ 9.542517746988622, 54.491228616528133 ], [ 9.543235244290717, 54.491161430000055 ], [ 9.543538636201919, 54.491096104919066 ], [ 9.543536675057029, 54.490948509950279 ], [ 9.544571107476314, 54.490816842657154 ], [ 9.545396584787296, 54.490724461318877 ], [ 9.545983102466078, 54.490658486020266 ], [ 9.546867592475833, 54.4905056690652 ], [ 9.547291287966146, 54.490465754013222 ], [ 9.547704444831943, 54.490451215819242 ], [ 9.548769287108646, 54.490385096611782 ], [ 9.548729524628715, 54.490572312615612 ], [ 9.548689366098781, 54.490729998309376 ], [ 9.547969945087635, 54.490782468907774 ], [ 9.547432122642597, 54.490829235964377 ], [ 9.546677391685146, 54.49092447728723 ], [ 9.546009588288891, 54.491012986810254 ], [ 9.545070193351421, 54.491128049812296 ], [ 9.5438316658211, 54.491244452486988 ], [ 9.543472791167281, 54.491229243392496 ], [ 9.543008631225234, 54.491280532211441 ] ] } },
{ "type": "Feature", "properties": { "layer": "WBK_GERUEST" }, "geometry": { "type": "LineString", "coordinates": [ [ 9.538819446314484, 54.491595349174247 ], [ 9.538547313159189, 54.491596568040791 ], [ 9.53769456789432, 54.491657992752025 ], [ 9.537653764607256, 54.491550542281153 ], [ 9.53940139420069, 54.491404955654595 ], [ 9.540500588118016, 54.491401840110349 ], [ 9.541051383493471, 54.491399373607052 ], [ 9.541082589492261, 54.491549197654251 ], [ 9.540810751272572, 54.491572019323065 ], [ 9.539259991189791, 54.491577792355358 ], [ 9.538819446314484, 54.491595349174247 ] ] } },
{ "type": "Feature", "properties": { "layer": "WBK_GERUEST" }, "geometry": { "type": "LineString", "coordinates": [ [ 9.534830375790918, 54.491868089425552 ], [ 9.534812968099086, 54.491892243299503 ], [ 9.534417262864583, 54.491904320811919 ], [ 9.533861862942828, 54.491903348799624 ], [ 9.53348343120919, 54.491880951863912 ], [ 9.533234800565143, 54.491844220509599 ], [ 9.533086559616226, 54.491803603576699 ], [ 9.532908424482249, 54.491735604796531 ], [ 9.53304910055107, 54.491640842832602 ], [ 9.533104001676163, 54.49163903858819 ], [ 9.533188448891806, 54.491635976011658 ], [ 9.533189729063766, 54.491636472745775 ], [ 9.533202832826138, 54.491641555614059 ], [ 9.533209795107943, 54.491642001207353 ], [ 9.533290980161754, 54.491693563908377 ], [ 9.533368732443646, 54.491741252035503 ], [ 9.533584111314127, 54.491792526654052 ], [ 9.533792594388681, 54.49177713885333 ], [ 9.534417246898872, 54.49167023928073 ], [ 9.535788839603338, 54.491516441445029 ], [ 9.535896037634346, 54.491581313071308 ], [ 9.536008275419061, 54.491732520613972 ], [ 9.536028356646923, 54.491759572969649 ], [ 9.535954687742558, 54.491766246620216 ], [ 9.534830375790918, 54.491868089425552 ] ] } },
{ "type": "Feature", "properties": { "layer": "WBK_GERUEST" }, "geometry": { "type": "LineString", "coordinates": [ [ 9.528272569266708, 54.493078116982169 ], [ 9.528153274422589, 54.493093346189617 ], [ 9.528048227836916, 54.493099828652824 ], [ 9.527902455071585, 54.493106534817649 ], [ 9.527808852540922, 54.493119074779628 ], [ 9.527673573767013, 54.493131797622048 ], [ 9.52754679853982, 54.493146672466331 ], [ 9.527423513604081, 54.493152656138541 ], [ 9.527299562738886, 54.493157041974413 ], [ 9.527136641860986, 54.49316039704005 ], [ 9.526973079911654, 54.493161318239963 ], [ 9.526568965504717, 54.493112384308255 ], [ 9.526253287364272, 54.493075858039404 ], [ 9.525933082780201, 54.493084843119583 ], [ 9.525703888794617, 54.493085846107675 ], [ 9.525371909178546, 54.493107130538021 ], [ 9.524881576258164, 54.493144021887538 ], [ 9.524454598490205, 54.493158007268526 ], [ 9.523902293694595, 54.493148276393526 ], [ 9.523496152116252, 54.493162168015097 ], [ 9.523183538460939, 54.493157458622335 ], [ 9.522935655811619, 54.493146770320593 ], [ 9.522623318509426, 54.493147487462799 ], [ 9.522464858703316, 54.493172700842713 ], [ 9.522533271899214, 54.493127774352097 ], [ 9.522598297421137, 54.493081252871868 ], [ 9.522900550616827, 54.493025260338641 ], [ 9.522904212458183, 54.492967344259704 ], [ 9.524670728104963, 54.49295086574346 ], [ 9.524993605326339, 54.492943395729483 ], [ 9.525399434339811, 54.492905233995465 ], [ 9.52574275487226, 54.49286734385678 ], [ 9.526159233657365, 54.492847328769727 ], [ 9.526586989044333, 54.492893972624984 ], [ 9.527118534131361, 54.492909837410004 ], [ 9.52760817379769, 54.492907689135144 ], [ 9.527868384325219, 54.492888352352644 ], [ 9.528086846744911, 54.492863133835975 ], [ 9.528274131875591, 54.492844117638768 ], [ 9.528513270386522, 54.492806676955048 ], [ 9.528856038759486, 54.49272632828346 ], [ 9.529136064927878, 54.492628060601476 ], [ 9.529364628820442, 54.4925785371762 ], [ 9.529904858074017, 54.492460927176957 ], [ 9.530299080433576, 54.49233182928981 ], [ 9.530568838761971, 54.492245733417803 ], [ 9.530900786382194, 54.492135103509774 ], [ 9.531056579046822, 54.492098026725429 ], [ 9.531222867381265, 54.492066969076774 ], [ 9.531534371161985, 54.491986751151046 ], [ 9.531700343555572, 54.49193143498497 ], [ 9.53193939492127, 54.491887924193044 ], [ 9.53206393270009, 54.491850985526384 ], [ 9.532219880909384, 54.491826036638827 ], [ 9.532459009907242, 54.491788589060505 ], [ 9.532718393694285, 54.491776784854373 ], [ 9.532779611958871, 54.491783138476336 ], [ 9.532835010836765, 54.491807830125566 ], [ 9.532933429433465, 54.491846580335846 ], [ 9.533031709136678, 54.491874643464634 ], [ 9.533001623887809, 54.491913963261972 ], [ 9.532908188418663, 54.491925846772418 ], [ 9.532680305827563, 54.491981680267408 ], [ 9.532545193202374, 54.492006537014149 ], [ 9.53235822945013, 54.492049818560311 ], [ 9.532202438145902, 54.492086896124341 ], [ 9.532056989586783, 54.492117863338891 ], [ 9.531724883072004, 54.4922163679569 ], [ 9.531496405817673, 54.492271960062048 ], [ 9.531361448944695, 54.492308944871624 ], [ 9.531101714331403, 54.492364674614961 ], [ 9.530800624188281, 54.492444846551912 ], [ 9.530645708915481, 54.492493517177422 ], [ 9.530486296546689, 54.492534956437147 ], [ 9.530242329352751, 54.492608775591158 ], [ 9.530058033906379, 54.492659054600075 ], [ 9.529853899845737, 54.492721057914366 ], [ 9.529674566132867, 54.492768403616395 ], [ 9.529455434645566, 54.492830472905275 ], [ 9.529261031518814, 54.492872065691607 ], [ 9.529066776818768, 54.492925295086479 ], [ 9.528919459522422, 54.492968092996598 ], [ 9.528715306620944, 54.49300772883057 ], [ 9.528509151497726, 54.493043223681191 ], [ 9.528391196407529, 54.493061403171694 ], [ 9.528272569266708, 54.493078116982169 ] ] } },
{ "type": "Feature", "properties": { "layer": "WBK_GERUEST" }, "geometry": { "type": "LineString", "coordinates": [ [ 9.519759639581737, 54.492877700037305 ], [ 9.521188199507982, 54.492931385742182 ], [ 9.520735450197169, 54.493259168430754 ], [ 9.519684665808175, 54.493270343908712 ], [ 9.519595648476175, 54.493456914328199 ], [ 9.515095238385564, 54.493482849729091 ], [ 9.514931559314515, 54.493184322328226 ], [ 9.515639418762508, 54.493154703449136 ], [ 9.515681590999753, 54.492875245340677 ], [ 9.519759639581737, 54.492877700037305 ] ] } },
{ "type": "Feature", "properties": { "layer": "WBK_GERUEST" }, "geometry": { "type": "LineString", "coordinates": [ [ 9.566623606022059, 54.489007589205762 ], [ 9.565426424035309, 54.489082370750296 ], [ 9.564052114006348, 54.489238677638284 ], [ 9.56319293572176, 54.489409867113118 ], [ 9.562650820576998, 54.489593988806682 ], [ 9.56205027758722, 54.489850443302203 ], [ 9.561628758878298, 54.490163714979175 ], [ 9.561354938473364, 54.490415765278357 ], [ 9.561208539148792, 54.49057210109212 ], [ 9.561141120809957, 54.490710775717524 ], [ 9.561183740621518, 54.490929650111681 ], [ 9.561050485183278, 54.491322292071921 ], [ 9.561062168693658, 54.491451951709919 ], [ 9.561534567014359, 54.49195708539591 ], [ 9.562099274805663, 54.492692390702963 ], [ 9.562484559321389, 54.493342051735603 ], [ 9.562210838699093, 54.493602750873194 ], [ 9.561972208815257, 54.493534679993935 ], [ 9.561829998742988, 54.493275912795916 ], [ 9.561213830837678, 54.492399601733325 ], [ 9.560861135266482, 54.491957327004918 ], [ 9.560580061866263, 54.491681907840942 ], [ 9.560488564032443, 54.491509379024002 ], [ 9.560446425373268, 54.491325093207131 ], [ 9.560540984452446, 54.49099892864767 ], [ 9.560655544898236, 54.490687084910512 ], [ 9.561066622240441, 54.490333509718795 ], [ 9.561261502583235, 54.49010200323886 ], [ 9.561643057450262, 54.489762976043998 ], [ 9.561898454278507, 54.4896118980759 ], [ 9.562292241784494, 54.4894428822073 ], [ 9.562755655228623, 54.489296600225074 ], [ 9.563219304897814, 54.489167611328533 ], [ 9.563633996737188, 54.489079204547195 ], [ 9.564424088284566, 54.488925629806573 ], [ 9.565393123966407, 54.488823098641987 ], [ 9.566204444865836, 54.488773184230517 ], [ 9.566580479001511, 54.488754129723858 ], [ 9.566623606022059, 54.489007589205762 ] ] } },
{ "type": "Feature", "properties": { "layer": "WBK_GERUEST" }, "geometry": { "type": "LineString", "coordinates": [ [ 9.563297615164359, 54.493698382572234 ], [ 9.563703626951579, 54.493758792028416 ], [ 9.564324731587062, 54.493893848463351 ], [ 9.564961067292604, 54.494024381787206 ], [ 9.565612203597569, 54.494119240392422 ], [ 9.566216734310053, 54.494160911699822 ], [ 9.566951469988384, 54.49421977096894 ], [ 9.566962823477249, 54.494486722604094 ], [ 9.566981760600974, 54.494749188135287 ], [ 9.56641544280501, 54.494707339696447 ], [ 9.564831284383429, 54.494590144600323 ], [ 9.564708232778267, 54.494537318493741 ], [ 9.564355046253345, 54.494427715711794 ], [ 9.564040265913794, 54.494331281348074 ], [ 9.56369478765424, 54.4942260902302 ], [ 9.563318673006513, 54.494116590500155 ], [ 9.562988549557764, 54.494015776263147 ], [ 9.563010194683336, 54.493922223281842 ], [ 9.563039729400813, 54.493846434576533 ], [ 9.563038871094211, 54.493784138071618 ], [ 9.563083817914887, 54.49371717759287 ], [ 9.563098676167556, 54.493685957634362 ], [ 9.563297615164359, 54.493698382572234 ] ] } },
{ "type": "Feature", "properties": { "layer": "WBK_GERUEST" }, "geometry": { "type": "LineString", "coordinates": [ [ 9.567420101114669, 54.498750897408769 ], [ 9.56757668913923, 54.498829514769 ], [ 9.567490987497884, 54.498915509156582 ], [ 9.568022235637802, 54.499142561304218 ], [ 9.568318174336246, 54.499287887268267 ], [ 9.568299350518661, 54.499712845031823 ], [ 9.567739795832772, 54.499501824651965 ], [ 9.567511773244346, 54.499448426050485 ], [ 9.567384393997324, 54.499421790251574 ], [ 9.567250112258272, 54.499379623529677 ], [ 9.567142894861062, 54.499360673086514 ], [ 9.566914438102343, 54.499276150766249 ], [ 9.566793255910898, 54.499214469177318 ], [ 9.56653019139042, 54.499044514871642 ], [ 9.566327015486445, 54.498854825518464 ], [ 9.566116670214175, 54.498630155102788 ], [ 9.566027613300742, 54.498474946559739 ], [ 9.566026208364795, 54.498373797223501 ], [ 9.566647724653452, 54.498363105413389 ], [ 9.567420101114669, 54.498750897408769 ] ] } },
{ "type": "Feature", "properties": { "layer": "WBK_GERUEST" }, "geometry": { "type": "LineString", "coordinates": [ [ 9.568021282761832, 54.498403537515415 ], [ 9.568654248876969, 54.498544586909766 ], [ 9.569166314053442, 54.498887834139786 ], [ 9.569402484823424, 54.498965935806048 ], [ 9.569467457038419, 54.499188864653881 ], [ 9.569532735153674, 54.499433396451103 ], [ 9.569530711185637, 54.50017512676731 ], [ 9.569381442117937, 54.500118220281877 ], [ 9.56936615795939, 54.499911410472791 ], [ 9.56933568597282, 54.499499134859967 ], [ 9.569294251787003, 54.499189680008357 ], [ 9.56916812107653, 54.499017446852662 ], [ 9.568826717142471, 54.498829476847263 ], [ 9.568249709002625, 54.49867656533543 ], [ 9.567873987112268, 54.498577175059367 ], [ 9.567628161654616, 54.498504630343163 ], [ 9.567465255217844, 54.498456556210385 ], [ 9.566720090781942, 54.498279119019351 ], [ 9.566680418459818, 54.498310429719645 ], [ 9.566079005288914, 54.498324917189692 ], [ 9.56609581315575, 54.498091401071505 ], [ 9.566066751910581, 54.497924241480042 ], [ 9.56599818157831, 54.49780006243779 ], [ 9.565693994449509, 54.497556376163288 ], [ 9.567101376746614, 54.496312312676146 ], [ 9.56722598902625, 54.49637653922472 ], [ 9.567434596333023, 54.49625314075643 ], [ 9.567892466924395, 54.496544241497133 ], [ 9.568027662483454, 54.496652543965524 ], [ 9.568115449439871, 54.496716327998534 ], [ 9.567865661556786, 54.497499513184408 ], [ 9.568134902196466, 54.498112966921504 ], [ 9.568021282761832, 54.498403537515415 ] ] } },
{ "type": "Feature", "properties": { "layer": "WBK_GERUEST" }, "geometry": { "type": "LineString", "coordinates": [ [ 9.501526455098745, 54.722340822843783 ], [ 9.501283357234508, 54.722522054636364 ], [ 9.501159929170026, 54.722585974049899 ], [ 9.50080502004166, 54.722630559044227 ], [ 9.500520655123106, 54.722651608779337 ], [ 9.500293342638463, 54.722634851697528 ], [ 9.500116392144525, 54.722602533091703 ], [ 9.500078431552216, 54.722585272335422 ], [ 9.499926191700055, 54.722421672650356 ], [ 9.499738603008364, 54.722211580290981 ], [ 9.499548707851257, 54.721979929532694 ], [ 9.499497814306636, 54.721832271953154 ], [ 9.499281871786399, 54.721761265326386 ], [ 9.499059966974336, 54.72154128848009 ], [ 9.498932162884673, 54.721372898407182 ], [ 9.498877291768855, 54.72125190304817 ], [ 9.498740264978005, 54.721169870650094 ], [ 9.498666215180657, 54.720991907228004 ], [ 9.498561736842298, 54.720843781419305 ], [ 9.498498539965757, 54.720713312020024 ], [ 9.498332254678195, 54.720547614859576 ], [ 9.498208490892036, 54.720500587817803 ], [ 9.498115303987639, 54.720435606757974 ], [ 9.497920652608856, 54.720164474720427 ], [ 9.497865872113344, 54.720116938190394 ], [ 9.497775749745584, 54.719866618573782 ], [ 9.497776971239356, 54.719634790610222 ], [ 9.497714361696843, 54.719551856293585 ], [ 9.497640612265043, 54.719397659487747 ], [ 9.497567446152789, 54.719290999951518 ], [ 9.497401534468906, 54.719155009698028 ], [ 9.497348242747764, 54.718994786560906 ], [ 9.497277486931376, 54.718851961819063 ], [ 9.497202993950404, 54.718715272440264 ], [ 9.497152813960192, 54.718581995310167 ], [ 9.497150896574212, 54.718425687096236 ], [ 9.497198230728525, 54.718327135861919 ], [ 9.497288020676438, 54.718270070816097 ], [ 9.497399542082404, 54.718156707105791 ], [ 9.497551390666027, 54.717983754568557 ], [ 9.497646915034013, 54.717907786960907 ], [ 9.497650383758094, 54.717686230690823 ], [ 9.497978991977773, 54.717670553333221 ], [ 9.498154691446643, 54.717648752154908 ], [ 9.498342094089095, 54.717591775539987 ], [ 9.498425709007099, 54.717567117495278 ], [ 9.498505484583424, 54.717555974394251 ], [ 9.498699473634373, 54.717541123112845 ], [ 9.498899838000966, 54.717455269528905 ], [ 9.499392882758693, 54.717482944011614 ], [ 9.499659824195222, 54.717487782642415 ], [ 9.499803522997031, 54.717487188911178 ], [ 9.500121344632124, 54.717456161991166 ], [ 9.500336157933255, 54.717395850013091 ], [ 9.500589785138885, 54.717310249908181 ], [ 9.50085654580745, 54.717144118284985 ], [ 9.501091223883199, 54.717030241842593 ], [ 9.501254419830454, 54.716946373208465 ], [ 9.501366736862943, 54.716898369535109 ], [ 9.501468935231724, 54.716862291908534 ], [ 9.501693788344943, 54.716784109546822 ], [ 9.501802371656559, 54.716741433981944 ], [ 9.501867809333175, 54.716635781712249 ], [ 9.501968170692589, 54.716410552526206 ], [ 9.502047910777042, 54.716214279091915 ], [ 9.501862547567425, 54.716210768553104 ], [ 9.501395405673987, 54.716216218758618 ], [ 9.500770470390632, 54.716218809321475 ], [ 9.500692444816805, 54.716217903342731 ], [ 9.500736185878345, 54.715899295457604 ], [ 9.500769530059561, 54.715651512172833 ], [ 9.500777426359468, 54.715574084428106 ], [ 9.500797422845693, 54.715402023215354 ], [ 9.500841591535325, 54.715099721092329 ], [ 9.500261903106125, 54.714913378377553 ], [ 9.499887849894771, 54.714785959856691 ], [ 9.499885991404893, 54.714787817018482 ], [ 9.499687270785076, 54.714718559875685 ], [ 9.499819303697029, 54.714605111012133 ], [ 9.499951189458459, 54.714479777458074 ], [ 9.500265102498382, 54.714133827785588 ], [ 9.500599464202274, 54.713781850621913 ], [ 9.500831776619574, 54.71347783336789 ], [ 9.500870578535919, 54.713422148300388 ], [ 9.500427779457837, 54.713176448887417 ], [ 9.500138956203116, 54.713058799117498 ], [ 9.499881506484833, 54.712988556261351 ], [ 9.499685780242611, 54.712929942513526 ], [ 9.499500465014449, 54.712883169786068 ], [ 9.499212590054018, 54.712842761641724 ], [ 9.498976105282107, 54.712808083263454 ], [ 9.498791297635631, 54.712802902296247 ], [ 9.498677278674901, 54.712779777587677 ], [ 9.498514921648876, 54.71275848193212 ], [ 9.498442353760385, 54.712746800143101 ], [ 9.498197263998788, 54.712716737186824 ], [ 9.498050483008562, 54.712716886973205 ], [ 9.497663668270897, 54.712688862374513 ], [ 9.497238254890766, 54.712535950464734 ], [ 9.496970478161506, 54.712459801692468 ], [ 9.496774328636834, 54.712365532186453 ], [ 9.496537066486368, 54.712265492367735 ], [ 9.496267942557056, 54.71207645331328 ], [ 9.496102451233298, 54.711970176426284 ], [ 9.495886174678738, 54.711873514731224 ], [ 9.495566641648002, 54.711769524850325 ], [ 9.495406086124165, 54.711683212782198 ], [ 9.495174676705538, 54.711610400006414 ], [ 9.494927099272832, 54.711522057909932 ], [ 9.494447006802833, 54.711300261208137 ], [ 9.494189672780914, 54.71116968937028 ], [ 9.49408930928246, 54.710893635895545 ], [ 9.49370060557164, 54.710493109491324 ], [ 9.49349883984106, 54.710093425357265 ], [ 9.492884143776946, 54.709838291127369 ], [ 9.49251841002272, 54.709681955518967 ], [ 9.492339244216858, 54.70986946218359 ], [ 9.489366005561825, 54.710092196747816 ], [ 9.486136490589109, 54.71028384084282 ], [ 9.485765241952114, 54.709344710969958 ], [ 9.485491025067954, 54.709308562478029 ], [ 9.484297253433471, 54.708928319896415 ], [ 9.483558680744229, 54.708731239729353 ], [ 9.482729780893575, 54.708557468550325 ], [ 9.482644986494691, 54.708824653391538 ], [ 9.482676335298249, 54.709302062253229 ], [ 9.482794923148733, 54.709703486982754 ], [ 9.483056918111449, 54.710349891223188 ], [ 9.482321365743275, 54.710362364868367 ], [ 9.481500640650765, 54.710383476565539 ], [ 9.480813098497512, 54.710386225882765 ], [ 9.480167015508938, 54.710424461519743 ], [ 9.479782071363623, 54.710427176872543 ], [ 9.479541471186584, 54.709920373169737 ], [ 9.479297093931839, 54.709423104619944 ], [ 9.479113827879297, 54.709051385134337 ], [ 9.478957018767407, 54.708756023002962 ], [ 9.478790826967451, 54.708386701467113 ], [ 9.478779420242043, 54.708362277049176 ], [ 9.47873914947038, 54.708276045248567 ], [ 9.478048668236999, 54.70826843318185 ], [ 9.476680014788414, 54.708287612629704 ], [ 9.476066624896504, 54.708303823722673 ], [ 9.476040476515847, 54.707977766185081 ], [ 9.475773682219215, 54.707978820817523 ], [ 9.475359698851438, 54.707351978700899 ], [ 9.474634131313588, 54.707396179313378 ], [ 9.474669401486162, 54.707768303268885 ], [ 9.474692122692293, 54.708082946810045 ], [ 9.474705116996777, 54.708381063805973 ], [ 9.47471284502031, 54.708648222725238 ], [ 9.474927762064242, 54.708611748042308 ], [ 9.475002134344274, 54.708594610463287 ], [ 9.475333523747317, 54.708508386905642 ], [ 9.475587157227853, 54.708442931851437 ], [ 9.475801173436301, 54.708680622205641 ], [ 9.476697468533503, 54.709821747078642 ], [ 9.476979987261382, 54.710131635056264 ], [ 9.477316886283965, 54.710568066322075 ], [ 9.477438403223607, 54.71075997506022 ], [ 9.477533375232969, 54.711007194780869 ], [ 9.477599580523545, 54.711082572775339 ], [ 9.477963966705053, 54.711173612237694 ], [ 9.47814396268598, 54.711209593457049 ], [ 9.478366497841353, 54.711269870505625 ], [ 9.478546925655396, 54.711342547385712 ], [ 9.479228612819551, 54.711823014994749 ], [ 9.479921239788105, 54.712334014194155 ], [ 9.480054992789301, 54.712459716645498 ], [ 9.48028395290123, 54.712720365089588 ], [ 9.480555954021701, 54.713147287544189 ], [ 9.480792616123701, 54.713669994359442 ], [ 9.479761783494713, 54.714047222617481 ], [ 9.479645943767357, 54.714078267350736 ], [ 9.479466938710368, 54.714127914154687 ], [ 9.479172092694043, 54.714208605861181 ], [ 9.479045760104512, 54.714245808899911 ], [ 9.478877317703285, 54.714295412148338 ], [ 9.47880651894482, 54.714467573363706 ], [ 9.47878554996705, 54.714577133560311 ], [ 9.478681349292991, 54.714699877538393 ], [ 9.4785459971894, 54.715128181652588 ], [ 9.478279504522268, 54.715158955642373 ], [ 9.478177081381697, 54.715177190897883 ], [ 9.478023134807538, 54.715177803949274 ], [ 9.477842131297155, 54.715204768815248 ], [ 9.477425485342106, 54.715209160876945 ], [ 9.477124504471378, 54.715268787633235 ], [ 9.47719945448817, 54.715354119378773 ], [ 9.477423914978351, 54.715730996560211 ], [ 9.475230573053739, 54.71604167450117 ], [ 9.474977694551967, 54.716042675392352 ], [ 9.47462849383732, 54.715915946157082 ], [ 9.474484650345923, 54.715779254028476 ], [ 9.474324362956979, 54.715587721677174 ], [ 9.473796097355352, 54.715013312377998 ], [ 9.473635602752349, 54.71480347904054 ], [ 9.473460264072546, 54.714676061066108 ], [ 9.473253529335523, 54.714567067311982 ], [ 9.472984217264413, 54.714513224713862 ], [ 9.472874915143251, 54.714492393917048 ], [ 9.472868381941009, 54.714437780092091 ], [ 9.472639933588496, 54.713904230974968 ], [ 9.472405122738552, 54.713517313689671 ], [ 9.472632824874454, 54.713525202864354 ], [ 9.472769435384867, 54.713529057104999 ], [ 9.472907980465319, 54.713539482041824 ], [ 9.473161663226822, 54.71357619485768 ], [ 9.473326566281115, 54.713445682024279 ], [ 9.473520458645011, 54.713319246208655 ], [ 9.4736711331715, 54.71320973515175 ], [ 9.473625520398452, 54.713021395692543 ], [ 9.473737391025674, 54.712890701413301 ], [ 9.473898316393665, 54.712738300496021 ], [ 9.473924909877493, 54.712634809544994 ], [ 9.473901198683002, 54.712463141410929 ], [ 9.473884821390939, 54.712299823054117 ], [ 9.473732342324256, 54.712254337504099 ], [ 9.473580498865868, 54.712263309771316 ], [ 9.473457499836918, 54.712263790638239 ], [ 9.473392089306865, 54.712238910005929 ], [ 9.473585584828733, 54.712078960823924 ], [ 9.473649675756104, 54.711990734903907 ], [ 9.473515152401765, 54.711943542344201 ], [ 9.47332732153907, 54.711877175044108 ], [ 9.473149004050011, 54.711793313293605 ], [ 9.472897082655599, 54.711659406721672 ], [ 9.472526168927052, 54.711459525683054 ], [ 9.472235747858873, 54.711303621562884 ], [ 9.472053769644683, 54.711203667068574 ], [ 9.471962876046501, 54.711161741597998 ], [ 9.472138739820878, 54.710993392355228 ], [ 9.472318604598197, 54.710780028134124 ], [ 9.47235644288606, 54.71063130128686 ], [ 9.472386757480928, 54.710412506968353 ], [ 9.472418453810592, 54.709718584040502 ], [ 9.472401322050393, 54.7094575125981 ], [ 9.472394707660632, 54.709356707320978 ], [ 9.4723777513817, 54.709242111556904 ], [ 9.47232335775545, 54.70876897712818 ], [ 9.472236900445889, 54.707925231524506 ], [ 9.472178345488642, 54.707473653834946 ], [ 9.472200012777488, 54.707341097212343 ], [ 9.472139794312735, 54.70718429954843 ], [ 9.471862798572479, 54.707034637470585 ], [ 9.470916556363237, 54.706523602576162 ], [ 9.469789415949403, 54.706070462816399 ], [ 9.468979788920828, 54.70574418621343 ], [ 9.468139200971185, 54.705472929299987 ], [ 9.467061926332658, 54.705230033652569 ], [ 9.465904621547201, 54.704895928248206 ], [ 9.465286511306404, 54.704733601825289 ], [ 9.465185106986274, 54.704709335837727 ], [ 9.465149436673391, 54.704700800493171 ], [ 9.465255736075212, 54.704387390426085 ], [ 9.465424373615111, 54.703926324207799 ], [ 9.465528184860718, 54.703590203649028 ], [ 9.465560046391452, 54.703479773347041 ], [ 9.465533991429611, 54.703374361090134 ], [ 9.46533458032853, 54.703317574514784 ], [ 9.46512672318061, 54.703246432936439 ], [ 9.46488568626396, 54.703170622063695 ], [ 9.464577303402541, 54.702999148382823 ], [ 9.46395773786252, 54.702687676994266 ], [ 9.463989419803426, 54.702591096590979 ], [ 9.464108134082, 54.702289909667918 ], [ 9.464246188155744, 54.701900198546994 ], [ 9.464513266413945, 54.701221053831738 ], [ 9.464681042152272, 54.700760468008902 ], [ 9.464477208480137, 54.700743565559506 ], [ 9.46425009345362, 54.700703517312064 ], [ 9.463916274548945, 54.700663177357889 ], [ 9.463447180183373, 54.700600122244076 ], [ 9.463089177487081, 54.70054793527742 ], [ 9.463087875531194, 54.700551198004632 ], [ 9.463088808525407, 54.700632352394521 ], [ 9.462977587505423, 54.70069158431393 ], [ 9.462810225183947, 54.700779509281546 ], [ 9.462643467045147, 54.700901888341392 ], [ 9.462531582596171, 54.701049191258583 ], [ 9.462366557105879, 54.701195121571907 ], [ 9.462157101608774, 54.701260853215146 ], [ 9.461848993295519, 54.701278268871256 ], [ 9.461525939880408, 54.701214581874126 ], [ 9.461075280976139, 54.701021531862779 ], [ 9.460659881157147, 54.700860829191107 ], [ 9.460372944587469, 54.700878137216669 ], [ 9.460135925249016, 54.700984550464618 ], [ 9.459979487214179, 54.701159166102116 ], [ 9.459749771963294, 54.70151092809602 ], [ 9.459375098901607, 54.701855848766577 ], [ 9.459227873404529, 54.702049267668023 ], [ 9.459280705547767, 54.702180841216496 ], [ 9.459450629747877, 54.702334392855988 ], [ 9.459571213908594, 54.702559261851079 ], [ 9.459652289201713, 54.702812454589449 ], [ 9.459625002371256, 54.702877485749902 ], [ 9.459430378617448, 54.703016197313218 ], [ 9.459054034271096, 54.703196182319545 ], [ 9.458928924260972, 54.703285933169973 ], [ 9.458929185209554, 54.703308892784463 ], [ 9.458755995765875, 54.703450343895746 ], [ 9.459726055749433, 54.703616439319376 ], [ 9.45942565238386, 54.70478086565511 ], [ 9.458940631895068, 54.705282336101533 ], [ 9.458410406211618, 54.705559215407554 ], [ 9.457302185553187, 54.705716026777694 ], [ 9.456030295205244, 54.705609034957106 ], [ 9.453195627877784, 54.705226035102605 ], [ 9.453243188015982, 54.704743809544944 ], [ 9.45322962472506, 54.704168692389061 ], [ 9.453235013578292, 54.704013852423053 ], [ 9.45292917930677, 54.703992883507986 ], [ 9.452737506731332, 54.703932774282983 ], [ 9.452555382903217, 54.70387262815747 ], [ 9.452363897801138, 54.703829107432362 ], [ 9.452220469661443, 54.703813056908274 ], [ 9.452077289423142, 54.703819124721164 ], [ 9.451887229606255, 54.703902791125358 ], [ 9.451649235398829, 54.703970047105294 ], [ 9.451530483461607, 54.703964056231257 ], [ 9.451462673767205, 54.704010472879254 ], [ 9.451281207553075, 54.704077100399118 ], [ 9.45117367628953, 54.704143266200319 ], [ 9.451043023025703, 54.704163724445934 ], [ 9.450916209885001, 54.704177412805535 ], [ 9.450782576495858, 54.704183443538504 ], [ 9.450576934424237, 54.704238012407188 ], [ 9.450440335383567, 54.704322979322882 ], [ 9.450184100962964, 54.704467722284555 ], [ 9.449880669377091, 54.704662415701158 ], [ 9.449538869869492, 54.704840657381688 ], [ 9.449464374899604, 54.705012374881555 ], [ 9.449093372997837, 54.705140950713606 ], [ 9.448769929744063, 54.70525275759173 ], [ 9.448493742151062, 54.705320146179176 ], [ 9.448227346332564, 54.70540961821095 ], [ 9.447970316559788, 54.705482464321207 ], [ 9.447713284285486, 54.705555309893143 ], [ 9.447494387814697, 54.705622483482315 ], [ 9.447180608316938, 54.705745310538781 ], [ 9.44690490157496, 54.705856934332459 ], [ 9.446676210148969, 54.705902021372559 ], [ 9.446561862625449, 54.705924564284608 ], [ 9.446228312046301, 54.705986628663595 ], [ 9.445713567818304, 54.706071479451417 ], [ 9.445322356751122, 54.706100571281219 ], [ 9.44514098323317, 54.706106768616245 ], [ 9.444997866818786, 54.7061183556416 ], [ 9.444682442396857, 54.706091864328542 ], [ 9.444357770776604, 54.706093056959354 ], [ 9.444176941453557, 54.706149022903013 ], [ 9.444005479057378, 54.706188363541244 ], [ 9.443795698789273, 54.706216784222121 ], [ 9.443556909388136, 54.706212129428785 ], [ 9.443232236689701, 54.706213319057085 ], [ 9.443051225849466, 54.7062526932895 ], [ 9.442927326543789, 54.70627526771073 ], [ 9.442794059224983, 54.706314466939205 ], [ 9.44261280641379, 54.706331721101378 ], [ 9.442421820814166, 54.706332418973361 ], [ 9.442211257265273, 54.706288947419985 ], [ 9.442086877324456, 54.70626728034096 ], [ 9.44198147474513, 54.706234484601481 ], [ 9.441818477265626, 54.706174247192862 ], [ 9.441511220394, 54.706020523843328 ], [ 9.441175137997309, 54.70585031314436 ], [ 9.440906322350731, 54.705718568513056 ], [ 9.44062843993864, 54.705631098692862 ], [ 9.440408271830799, 54.705582128436525 ], [ 9.440159398457412, 54.705527732490332 ], [ 9.439824882886549, 54.705501298841902 ], [ 9.43944310039368, 54.705519277300041 ], [ 9.439090562928429, 54.705592449284921 ], [ 9.43887141285577, 54.705637486099143 ], [ 9.438585539515996, 54.705693824320882 ], [ 9.438404345834247, 54.705716601606447 ], [ 9.438223151948149, 54.705739378631385 ], [ 9.438202203160641, 54.705568020738198 ], [ 9.43826005812168, 54.705515878899895 ], [ 9.438379267710836, 54.705462823851157 ], [ 9.438274598271201, 54.705197238714518 ], [ 9.438178988721763, 54.705186525443857 ], [ 9.438148969244752, 54.705059440953917 ], [ 9.43855951454263, 54.705052421657946 ], [ 9.438922373822873, 54.705051105233686 ], [ 9.43938072134778, 54.70504944041182 ], [ 9.439321095540551, 54.704833980597805 ], [ 9.439269476267301, 54.704758945872129 ], [ 9.440312067651302, 54.70476941364322 ], [ 9.440714063185528, 54.704748934209242 ], [ 9.441346246726846, 54.704760888672496 ], [ 9.441895935479023, 54.704735111106707 ], [ 9.442724700702199, 54.704708310214293 ], [ 9.442773636459986, 54.704523112968708 ], [ 9.442795983435216, 54.704438541096955 ], [ 9.443299589353453, 54.703148383966187 ], [ 9.443664227111139, 54.70223451041003 ], [ 9.443726730727317, 54.70207785834873 ], [ 9.443845264334394, 54.701780770430794 ], [ 9.443960559624479, 54.701442834472687 ], [ 9.444053209187068, 54.701208454659358 ], [ 9.444432927588261, 54.700247856898237 ], [ 9.444517777405437, 54.700033184788886 ], [ 9.444530566331451, 54.70000082816901 ], [ 9.444538226454538, 54.699975810212294 ], [ 9.44458387289629, 54.69990985230605 ], [ 9.444345234962285, 54.699853684819423 ], [ 9.443322234912374, 54.699621026115523 ], [ 9.44232666425113, 54.699386874624857 ], [ 9.442734723455935, 54.699158645047746 ], [ 9.443161935660012, 54.698935874515918 ], [ 9.443655366825247, 54.698657558134883 ], [ 9.444101358762722, 54.69840706458011 ], [ 9.444519129741828, 54.698195384009118 ], [ 9.44491761938502, 54.697967183017845 ], [ 9.445363474793677, 54.697705626002765 ], [ 9.445505661869728, 54.697619372493044 ], [ 9.445618004730555, 54.697538797823775 ], [ 9.445705668412414, 54.697502037833765 ], [ 9.44585583364576, 54.697428611196656 ], [ 9.446261402502358, 54.697696747384825 ], [ 9.446536326849534, 54.697528124724364 ], [ 9.446545117119532, 54.697185587383466 ], [ 9.446531569795736, 54.697098189463716 ], [ 9.446439007795171, 54.697016358193196 ], [ 9.445682460535343, 54.696540193935277 ], [ 9.444981485638555, 54.696863417137251 ], [ 9.444639478139143, 54.696653341247675 ], [ 9.444335455563795, 54.696464986539432 ], [ 9.444132803940791, 54.696341845660335 ], [ 9.443994899133267, 54.696386076238468 ], [ 9.443581224344163, 54.69651317970628 ], [ 9.443351402194782, 54.696602591726375 ], [ 9.443143266146436, 54.696738991006512 ], [ 9.443043821381984, 54.696848665177704 ], [ 9.442994059888909, 54.696899858636485 ], [ 9.442869373615649, 54.69700233843988 ], [ 9.442732425987163, 54.697134011932711 ], [ 9.442594756668624, 54.697200102441165 ], [ 9.442366709307118, 54.697311411644499 ], [ 9.442269608812984, 54.697402008212258 ], [ 9.44212594426261, 54.697456009348151 ], [ 9.441883930680392, 54.697486973679844 ], [ 9.441647724815457, 54.697521258575264 ], [ 9.441544266106579, 54.697558401249552 ], [ 9.441406809250367, 54.697652485602717 ], [ 9.441309687712891, 54.697741409910272 ], [ 9.441178293467656, 54.697862210587729 ], [ 9.441109892400661, 54.697939331860439 ], [ 9.440716793774952, 54.697873919612555 ], [ 9.440454620403591, 54.697644258216918 ], [ 9.440285572243475, 54.69748778753204 ], [ 9.440215674207035, 54.697427880711082 ], [ 9.440123389761405, 54.69743155929801 ], [ 9.439960733924838, 54.697331882743285 ], [ 9.439844640359249, 54.697268801325038 ], [ 9.439900298625128, 54.697081432747638 ], [ 9.439916203284305, 54.696952697950486 ], [ 9.439885199186051, 54.696780027689051 ], [ 9.439921827574134, 54.696677871822232 ], [ 9.439970480037697, 54.696524659952743 ], [ 9.440057191641976, 54.696400459634425 ], [ 9.440168825094601, 54.696254306260116 ], [ 9.440431343461789, 54.696100316560425 ], [ 9.440557638584872, 54.69598277946907 ], [ 9.440694507086572, 54.695835221679062 ], [ 9.440797158143344, 54.695724553672669 ], [ 9.440905687492219, 54.695623889960366 ], [ 9.441025609524255, 54.695509816654294 ], [ 9.441103027673254, 54.69539828139694 ], [ 9.441228269109065, 54.695346812778801 ], [ 9.44145447266626, 54.695324124972288 ], [ 9.441554953845683, 54.695309183652071 ], [ 9.441600014867994, 54.69527376103995 ], [ 9.441576017701577, 54.695190291091897 ], [ 9.441487797619002, 54.69503853833519 ], [ 9.441305150965865, 54.694694946713014 ], [ 9.441199313490024, 54.694514848572972 ], [ 9.440963698866735, 54.694076192789922 ], [ 9.440845847341528, 54.693852686420506 ], [ 9.441487802774843, 54.693779063397642 ], [ 9.441922845374448, 54.69367496554792 ], [ 9.442279045441012, 54.69365957982999 ], [ 9.442218518497173, 54.693279496934373 ], [ 9.442168994213455, 54.69297385722799 ], [ 9.442113205561711, 54.692623119834984 ], [ 9.44207549787812, 54.692342504967812 ], [ 9.442022379940068, 54.69205727853911 ], [ 9.441632741321142, 54.692087846652846 ], [ 9.441092389532553, 54.692140823270968 ], [ 9.440514219107612, 54.692186648506933 ], [ 9.440137236948818, 54.692224453232093 ], [ 9.43976025567313, 54.692262257684661 ], [ 9.439295375971108, 54.692314953041937 ], [ 9.439378075248317, 54.692594619135264 ], [ 9.439400287653104, 54.692761648100912 ], [ 9.438873097317133, 54.692812031832055 ], [ 9.438493451022449, 54.692855085843426 ], [ 9.438056540407118, 54.69291700894496 ], [ 9.437617049956604, 54.692991471106836 ], [ 9.436737749478, 54.693111241010442 ], [ 9.435883760579978, 54.693245490152762 ], [ 9.435331205330932, 54.693334925935496 ], [ 9.434778330959407, 54.69339521044764 ], [ 9.434313670181998, 54.693469752793398 ], [ 9.433773601731611, 54.693551855476322 ], [ 9.433610220016062, 54.693567017424385 ], [ 9.43356084717891, 54.693654645692888 ], [ 9.433347617537814, 54.693713711505232 ], [ 9.433133835586952, 54.693721764807833 ], [ 9.432870127745895, 54.693766434499423 ], [ 9.432606262626685, 54.693796530109253 ], [ 9.432317471917246, 54.693848576582091 ], [ 9.432289766643491, 54.693720220428837 ], [ 9.432289501762316, 54.693718511169401 ], [ 9.432226504260537, 54.693579260370925 ], [ 9.432136638520564, 54.69341196656859 ], [ 9.432033722058456, 54.693200993535356 ], [ 9.431942680205903, 54.692924389885398 ], [ 9.432030659423848, 54.692916787622693 ], [ 9.43214243515347, 54.692892023458803 ], [ 9.432319521437162, 54.692872029037375 ], [ 9.432467818463737, 54.692815986506879 ], [ 9.432604415371387, 54.692761077485713 ], [ 9.432744162727893, 54.692586292541591 ], [ 9.432830725022832, 54.692447518429624 ], [ 9.432803597829238, 54.692265424956325 ], [ 9.432876871148641, 54.692061109244065 ], [ 9.433055367974365, 54.691940358384727 ], [ 9.433201888600832, 54.691870467081671 ], [ 9.433314628644343, 54.691826337016487 ], [ 9.433415026468815, 54.691804114349885 ], [ 9.433616059772234, 54.691781530333898 ], [ 9.433804354363902, 54.691744416675952 ], [ 9.434030465834011, 54.691714454658339 ], [ 9.434108441065527, 54.691914286356855 ], [ 9.434435986795869, 54.692629309734343 ], [ 9.436827637364628, 54.692320202803586 ], [ 9.438045116358724, 54.692170560780397 ], [ 9.437654186905625, 54.691195340265885 ], [ 9.439041930872641, 54.690996830883492 ], [ 9.438949731843401, 54.69061821361948 ], [ 9.438422212971338, 54.690692992497908 ], [ 9.437957506588178, 54.690760256198288 ], [ 9.437917820939061, 54.690566644864276 ], [ 9.437188915431832, 54.690646422547736 ], [ 9.437187462434819, 54.690405701969731 ], [ 9.436435267501853, 54.690403407268015 ], [ 9.436496301156399, 54.690704249309263 ], [ 9.436536581196327, 54.690902840397655 ], [ 9.436236246102121, 54.690955923749939 ], [ 9.43594716583619, 54.690978823774813 ], [ 9.43568324290608, 54.691001633491737 ], [ 9.435406424588988, 54.690995338197908 ], [ 9.435357340208579, 54.69066271543258 ], [ 9.435284689645956, 54.69033743247401 ], [ 9.434851280635883, 54.690150737661362 ], [ 9.434622353071891, 54.690129474345348 ], [ 9.434330778823384, 54.690189401906984 ], [ 9.434191424931251, 54.69022670577796 ], [ 9.434027300577652, 54.690322984041515 ], [ 9.433939641621267, 54.690441068867379 ], [ 9.43390433038013, 54.690612838894836 ], [ 9.433976275084088, 54.690873016901051 ], [ 9.43388301895904, 54.690876908126704 ], [ 9.432482166057056, 54.691023606540618 ], [ 9.432521582903879, 54.691778163825198 ], [ 9.432132252849199, 54.691837857372015 ], [ 9.431894520548701, 54.691862103898465 ], [ 9.431880165194368, 54.691709861353416 ], [ 9.431890908986459, 54.691710044116441 ], [ 9.43188955932651, 54.691584821001598 ], [ 9.431882774414737, 54.6914503419166 ], [ 9.431880976296762, 54.691283378075411 ], [ 9.431896456325248, 54.691110168709194 ], [ 9.43191617325917, 54.690958589164602 ], [ 9.431943945664575, 54.69081161810572 ], [ 9.431968947951214, 54.690655380648501 ], [ 9.431990614418542, 54.690560996630701 ], [ 9.432026108419363, 54.690387715816023 ], [ 9.432067239065384, 54.690242242801368 ], [ 9.432181803545832, 54.689853782295714 ], [ 9.432263834043262, 54.689731673837727 ], [ 9.432293770712043, 54.689654316459531 ], [ 9.432353964368419, 54.68952931122984 ], [ 9.432343130693319, 54.68947586886685 ], [ 9.433112111959613, 54.689449346551697 ], [ 9.434116799102654, 54.68940414534346 ], [ 9.434722066527197, 54.689413863317313 ], [ 9.434957712526804, 54.689389251128951 ], [ 9.435383715256785, 54.688947995368565 ], [ 9.435593811281777, 54.688830023518605 ], [ 9.435760752067155, 54.688720837650983 ], [ 9.435923175551386, 54.688565755512265 ], [ 9.436288831329106, 54.688208082556798 ], [ 9.432953415611111, 54.687982926467782 ], [ 9.433012408789235, 54.687815557308703 ], [ 9.433061698524487, 54.687631167465589 ], [ 9.433059194689688, 54.687399424847086 ], [ 9.433006181545929, 54.687239171266846 ], [ 9.432932722625342, 54.687084933813068 ], [ 9.432961179774257, 54.686870906885162 ], [ 9.433000661911816, 54.686728148901963 ], [ 9.433043652983345, 54.68664657199416 ], [ 9.433043306378888, 54.6866144845823 ], [ 9.433091574268291, 54.686525175310031 ], [ 9.433132657956232, 54.686339623999721 ], [ 9.433197934899534, 54.686114766344808 ], [ 9.433187985418463, 54.686026271932619 ], [ 9.433186136085974, 54.68585394834335 ], [ 9.433224034281697, 54.685562632482068 ], [ 9.433252186037837, 54.685318892212919 ], [ 9.433362317282132, 54.685068914563516 ], [ 9.433410532638488, 54.684783503820199 ], [ 9.43350995893049, 54.684491967533361 ], [ 9.433528109341712, 54.684272031549199 ], [ 9.433606577363925, 54.683938973389324 ], [ 9.433686576640891, 54.683748527440699 ], [ 9.433797086224807, 54.683534201735704 ], [ 9.433867083826621, 54.68336756186752 ], [ 9.4339114660654, 54.68322093683561 ], [ 9.433886061188824, 54.683224874278856 ], [ 9.434036118932342, 54.682873730068103 ], [ 9.434098783657301, 54.682858942997271 ], [ 9.434087011197064, 54.682837892035899 ], [ 9.434239876279406, 54.682748205354308 ], [ 9.434362008792002, 54.682638845863075 ], [ 9.434419550469492, 54.682533557239381 ], [ 9.434451910723219, 54.682438439575691 ], [ 9.43453254476491, 54.682307417579452 ], [ 9.434592796823727, 54.682188353890751 ], [ 9.434683430648114, 54.682033526410102 ], [ 9.434793677719171, 54.681795434779097 ], [ 9.434945453291164, 54.68160473459708 ], [ 9.435005704611193, 54.681485669783122 ], [ 9.435076016503967, 54.681348742355169 ], [ 9.435146071872492, 54.681188045406294 ], [ 9.435317438306758, 54.680966455494477 ], [ 9.435372142071218, 54.680845722691494 ], [ 9.435398376747731, 54.680805449635926 ], [ 9.435419110632997, 54.680749742474703 ], [ 9.435455646631416, 54.680675434873613 ], [ 9.435512949343268, 54.680548511445629 ], [ 9.435567807564059, 54.680354593045642 ], [ 9.435566397414508, 54.680223863661219 ], [ 9.435757519141225, 54.679878515986147 ], [ 9.43582769832399, 54.679729703341643 ], [ 9.435999458698609, 54.679491389927037 ], [ 9.436079506565601, 54.679306885992112 ], [ 9.436210568631456, 54.679098429593566 ], [ 9.436270364567672, 54.678937768887018 ], [ 9.436330734163214, 54.678830588125955 ], [ 9.436390592958142, 54.678675869279772 ], [ 9.436561961193137, 54.678401900820162 ], [ 9.436726410579373, 54.678331215998057 ], [ 9.436847038078914, 54.678142248691977 ], [ 9.436946564023231, 54.677974993429089 ], [ 9.437030458102887, 54.677841791146577 ], [ 9.437140584089265, 54.677668315341826 ], [ 9.437261176011898, 54.677476259818995 ], [ 9.437355773920048, 54.677346113727957 ], [ 9.437387172884662, 54.677290369448869 ], [ 9.437423705321747, 54.67721606300249 ], [ 9.437459903553981, 54.677110852626839 ], [ 9.437561599103681, 54.676897233548836 ], [ 9.437610543886484, 54.676746148251823 ], [ 9.437670591486881, 54.676609258969464 ], [ 9.437781780367914, 54.676460301310478 ], [ 9.437944874722847, 54.676336452179697 ], [ 9.438070996531239, 54.676162923001897 ], [ 9.438181421111068, 54.67601726592131 ], [ 9.438220884859005, 54.67596767342944 ], [ 9.438369047795174, 54.675768879189761 ], [ 9.438490419539106, 54.675613941817886 ], [ 9.438694799141944, 54.675406562309135 ], [ 9.438763156666695, 54.675316687982388 ], [ 9.438879376592384, 54.675214278582509 ], [ 9.438978670649691, 54.675095779142652 ], [ 9.439094660301908, 54.67497345354591 ], [ 9.439246649653354, 54.674813487590946 ], [ 9.439326461705225, 54.674712392528406 ], [ 9.439462345350707, 54.674559517908563 ], [ 9.439622244179615, 54.674383113520562 ], [ 9.440739877331948, 54.674489252638345 ], [ 9.440748194647199, 54.674137568426836 ], [ 9.440811096609592, 54.67392972520588 ], [ 9.440895921168352, 54.673586108495613 ], [ 9.442980132656331, 54.673601057628879 ], [ 9.443030953098027, 54.67382467941151 ], [ 9.44324421963171, 54.674663704596711 ], [ 9.44329582568969, 54.675286663695239 ], [ 9.443325024217303, 54.675639112956766 ], [ 9.443318781751067, 54.675814699889841 ], [ 9.443289778293995, 54.676100239810687 ], [ 9.44330402034716, 54.676229893236261 ], [ 9.443323319561584, 54.676350149390252 ], [ 9.443493938512898, 54.676347011713062 ], [ 9.44353893427596, 54.676350321205121 ], [ 9.443611393081975, 54.676340096401226 ], [ 9.444018272316633, 54.676331862738806 ], [ 9.444937581130205, 54.676321425477532 ], [ 9.444947621750542, 54.67640607506943 ], [ 9.444967235696984, 54.676566397113938 ], [ 9.444969279111126, 54.676752654396239 ], [ 9.44496131555899, 54.676840641387521 ], [ 9.445344368029723, 54.676761628959426 ], [ 9.446359424000628, 54.676509554890281 ], [ 9.446867118659087, 54.676399036274042 ], [ 9.446996503230725, 54.676360950118124 ], [ 9.447000780593759, 54.676361111364812 ], [ 9.447511698484789, 54.676267323463946 ], [ 9.448293748753363, 54.676103561309588 ], [ 9.449834208848268, 54.675798052128634 ], [ 9.449965643538768, 54.675773139001457 ], [ 9.449462601088701, 54.673814961219826 ], [ 9.449585439142913, 54.673796680398432 ], [ 9.450947453122053, 54.673643055954038 ], [ 9.450840828346802, 54.673275030235175 ], [ 9.451126724372692, 54.673167003589818 ], [ 9.451279130743766, 54.673041646593148 ], [ 9.451372594767561, 54.672929979696221 ], [ 9.451694142589094, 54.672558771224125 ], [ 9.451936571022113, 54.67223103949032 ], [ 9.452194147415465, 54.672342981354262 ], [ 9.452317709962996, 54.672390057906341 ], [ 9.452409208017441, 54.672450220519636 ], [ 9.452602794794764, 54.672596503350299 ], [ 9.45296643356957, 54.672622954190501 ], [ 9.453172046426957, 54.672618211526718 ], [ 9.453452891235999, 54.672597293333915 ], [ 9.453435925094285, 54.672445294378171 ], [ 9.453938575990117, 54.67246717919754 ], [ 9.454307875749217, 54.672483619398612 ], [ 9.45454389065107, 54.672500559906609 ], [ 9.454790555581702, 54.672553113815063 ], [ 9.455253265620417, 54.672670219605045 ], [ 9.455685351953814, 54.67279932324179 ], [ 9.455922638282425, 54.672929160038045 ], [ 9.456252200693305, 54.673058647728979 ], [ 9.456488953555757, 54.673140947246644 ], [ 9.456663788783018, 54.673187826021305 ], [ 9.456930633846264, 54.673210587758987 ], [ 9.457187157992109, 54.673227444817478 ], [ 9.457453669273978, 54.673220495845193 ], [ 9.457668913608112, 54.673213739222398 ], [ 9.457955930239992, 54.673206710735798 ], [ 9.458130297185805, 54.673211993141436 ], [ 9.458262580131994, 54.67295849944594 ], [ 9.458373213131051, 54.672767926928856 ], [ 9.458464212447671, 54.672654678559354 ], [ 9.458596020534236, 54.672523448144368 ], [ 9.458757982125107, 54.672338622955671 ], [ 9.458848845232147, 54.672213489582091 ], [ 9.45892871610266, 54.672023033112261 ], [ 9.45894869346604, 54.671909032674549 ], [ 9.458786486868286, 54.671916615101473 ], [ 9.4585278557077, 54.671935418806115 ], [ 9.45728795680481, 54.671999534995535 ], [ 9.456427335110618, 54.672056265106242 ], [ 9.455566710926252, 54.67211299001341 ], [ 9.455464251067847, 54.672119317714227 ], [ 9.45536330763885, 54.67134719843223 ], [ 9.455208439025684, 54.670337589847321 ], [ 9.45513720086816, 54.669927839448349 ], [ 9.455069489522597, 54.669375459284019 ], [ 9.45497202538029, 54.668912326033414 ], [ 9.454930866967148, 54.668606896001336 ], [ 9.456109087090493, 54.668537093957141 ], [ 9.457655619349792, 54.668400524686533 ], [ 9.458485670794863, 54.668367671018743 ], [ 9.45849747712805, 54.668504296132127 ], [ 9.458712965890726, 54.66852130623495 ], [ 9.458846103924349, 54.668508917311492 ], [ 9.458952863099338, 54.668510691923345 ], [ 9.458953420138242, 54.668559915787476 ], [ 9.458931025105421, 54.668725260669817 ], [ 9.458930697795299, 54.668954825243077 ], [ 9.458894197647805, 54.669110181584635 ], [ 9.459325353857821, 54.669184521041878 ], [ 9.459582392403423, 54.669248910166225 ], [ 9.460261177823801, 54.669436484097744 ], [ 9.461268776379699, 54.669688165568019 ], [ 9.461927207997638, 54.669887692067917 ], [ 9.462307823353155, 54.669999142028132 ], [ 9.462576634745107, 54.670097634716505 ], [ 9.4628530857287, 54.670163440857237 ], [ 9.463120523401157, 54.670239667951684 ], [ 9.463470184448793, 54.670333405289384 ], [ 9.463778634055954, 54.670409473907604 ], [ 9.464015250995766, 54.670479874050294 ], [ 9.464323702782103, 54.670555940379963 ], [ 9.464978416997013, 54.670428637387495 ], [ 9.465520690402681, 54.670331478604098 ], [ 9.465893166478574, 54.670245164885579 ], [ 9.46623696969246, 54.670209881375357 ], [ 9.466420822487267, 54.670149751470539 ], [ 9.466186129920473, 54.670003412533738 ], [ 9.466028240137788, 54.669889799122856 ], [ 9.465915192387145, 54.669771221091182 ], [ 9.465805867182127, 54.669595421333156 ], [ 9.465659940816506, 54.669347199902461 ], [ 9.465550499201207, 54.669161034816078 ], [ 9.465432056090407, 54.668969720568185 ], [ 9.465313554856003, 54.668773222755043 ], [ 9.465255076032653, 54.668627055596872 ], [ 9.465119757040007, 54.66844930698101 ], [ 9.465243823784652, 54.668394340573023 ], [ 9.465795048901089, 54.668245915994063 ], [ 9.466127633470363, 54.668161033817995 ], [ 9.466678852245346, 54.668012604329803 ], [ 9.467086274227132, 54.667903045798241 ], [ 9.467351350801156, 54.667849838189689 ], [ 9.467361776343454, 54.667826234163257 ], [ 9.467086596919682, 54.667522228980367 ], [ 9.468477375192915, 54.667398774138881 ], [ 9.468403515030388, 54.666887335940118 ], [ 9.469760773469215, 54.666803357949895 ], [ 9.470540919846188, 54.66673144564858 ], [ 9.471049657474587, 54.666680265294303 ], [ 9.471259712061938, 54.667220696644073 ], [ 9.471556269090634, 54.667898563266156 ], [ 9.471799598812446, 54.668379818826239 ], [ 9.471939670811347, 54.66874339607547 ], [ 9.472059868989476, 54.668981142621774 ], [ 9.472066563084615, 54.668981043726497 ], [ 9.472130478717061, 54.669042306510974 ], [ 9.47226606055116, 54.669384343878491 ], [ 9.47243305601364, 54.669683813147088 ], [ 9.472570392006775, 54.669957973888046 ], [ 9.472643804158059, 54.670118358593172 ], [ 9.472726339448368, 54.670294256833799 ], [ 9.472818061572516, 54.670490851126203 ], [ 9.472874835110682, 54.670594203009436 ], [ 9.472896936369377, 54.670730789233055 ], [ 9.47282788010828, 54.670962808903703 ], [ 9.472759030231284, 54.671212653330265 ], [ 9.472710268187969, 54.671426767161172 ], [ 9.472642250290697, 54.671747916040268 ], [ 9.472573606799106, 54.672015586917453 ], [ 9.472515353003763, 54.672295102416804 ], [ 9.472407222369501, 54.672693657630269 ], [ 9.472291057936403, 54.673282398742018 ], [ 9.472222061462563, 54.673520358996235 ], [ 9.472172113013908, 54.673633457648386 ], [ 9.471598013101127, 54.673641633101994 ], [ 9.470778114897252, 54.673674529699746 ], [ 9.470234910047056, 54.673694463778524 ], [ 9.469291834889351, 54.673715943494273 ], [ 9.468727777363259, 54.673706240824806 ], [ 9.46828703289386, 54.673719827245968 ], [ 9.467262136252566, 54.673759434110799 ], [ 9.466452347098752, 54.673780378092012 ], [ 9.466011601028823, 54.673793957144461 ], [ 9.465458001697645, 54.673802025487923 ], [ 9.464935230318819, 54.673815917761551 ], [ 9.464993001340643, 54.674351295716512 ], [ 9.465052782167058, 54.674884908944996 ], [ 9.465117392666304, 54.675449600115137 ], [ 9.465158338836991, 54.675900358619401 ], [ 9.465187831861597, 54.676206394173967 ], [ 9.465175077415255, 54.676213119579884 ], [ 9.465189323655155, 54.676388004477566 ], [ 9.465212159902107, 54.676600681461828 ], [ 9.465308086363383, 54.676821289799491 ], [ 9.46535764659793, 54.677013832162679 ], [ 9.465403714915984, 54.677112095223677 ], [ 9.465732253700541, 54.677146488348235 ], [ 9.466697094507836, 54.677225971129907 ], [ 9.466912910554509, 54.677266736800988 ], [ 9.468399193772806, 54.677385099685559 ], [ 9.468868932813521, 54.677435294154151 ], [ 9.469367283857421, 54.677490103896048 ], [ 9.469851304946229, 54.677540239188772 ], [ 9.470076228535417, 54.677565778653289 ], [ 9.470187977255048, 54.677598740154899 ], [ 9.470340406940515, 54.677479301260867 ], [ 9.470552703239488, 54.677217015846153 ], [ 9.470682688780229, 54.677161925719588 ], [ 9.470869900857519, 54.677113593925448 ], [ 9.471314656240246, 54.677009855309315 ], [ 9.472367818866507, 54.676747330500284 ], [ 9.473011427401728, 54.676588405369287 ], [ 9.473012134684488, 54.67658921142889 ], [ 9.473071094641254, 54.676575009964971 ], [ 9.473804381395892, 54.676425915935127 ], [ 9.474274595147106, 54.676299289379536 ], [ 9.474847132689911, 54.676154433193091 ], [ 9.475235517825524, 54.676045951203513 ], [ 9.475450218010115, 54.675991628746161 ], [ 9.475951180297995, 54.675864875780569 ], [ 9.476237373852467, 54.675786502181261 ], [ 9.476615356009617, 54.675666171437818 ], [ 9.476771976547612, 54.675600713090269 ], [ 9.477079038156154, 54.67552149232251 ], [ 9.477325132553791, 54.675461422377921 ], [ 9.477609810349383, 54.675387016529676 ], [ 9.477770431489075, 54.675358569986784 ], [ 9.478026277449102, 54.675315965794773 ], [ 9.478319007799897, 54.675790195342003 ], [ 9.478621998477912, 54.676264383605705 ], [ 9.478736341801609, 54.676394662713946 ], [ 9.478819993648882, 54.676531006165163 ], [ 9.479177962762838, 54.676452342628679 ], [ 9.479638467284719, 54.67637327186349 ], [ 9.480104400390537, 54.676247137480374 ], [ 9.48076386933252, 54.676128686917608 ], [ 9.481130238230296, 54.676063399951111 ], [ 9.481531165197756, 54.675988519252478 ], [ 9.481938211380211, 54.675913611989508 ], [ 9.482361515143083, 54.675833910541769 ], [ 9.482978182009125, 54.675720338358225 ], [ 9.483258994483187, 54.675664843187839 ], [ 9.483495206021773, 54.67561513871717 ], [ 9.483568191623045, 54.675715865843173 ], [ 9.484340119109346, 54.676728154442507 ], [ 9.484341990970689, 54.676885280024379 ], [ 9.484715854170842, 54.677422733290534 ], [ 9.484911562178015, 54.677683347321128 ], [ 9.485006461845639, 54.677778421066108 ], [ 9.485150693146471, 54.677899563203653 ], [ 9.485329105737783, 54.678044138193073 ], [ 9.485469678201458, 54.678156913389778 ], [ 9.485743584519309, 54.678386372902423 ], [ 9.486088292593889, 54.678602331364225 ], [ 9.486239253070051, 54.67868818940574 ], [ 9.486450217164924, 54.678774163888811 ], [ 9.486638898240098, 54.678807112952789 ], [ 9.486848653792936, 54.678896172324087 ], [ 9.487301752310849, 54.67906272788796 ], [ 9.487388432313939, 54.67910753924621 ], [ 9.487275338481464, 54.679114475846198 ], [ 9.486853840829394, 54.679027039930304 ], [ 9.4864293412355, 54.678933279724035 ], [ 9.485990053974945, 54.678828478533319 ], [ 9.485507321211594, 54.678765053275761 ], [ 9.484763535389419, 54.678738326419158 ], [ 9.484270977771519, 54.678710588568165 ], [ 9.484035411577615, 54.678663787465013 ], [ 9.483888784011897, 54.678611381206402 ], [ 9.483539771609673, 54.678479150634857 ], [ 9.483035073814582, 54.678263918626136 ], [ 9.482684772485085, 54.678155740691651 ], [ 9.482489335030163, 54.678075943710212 ], [ 9.481881509733849, 54.677840674367303 ], [ 9.481371456246837, 54.677634724995514 ], [ 9.481001040096926, 54.677529237360226 ], [ 9.48050771452416, 54.677436118112141 ], [ 9.479572751767897, 54.677285319118958 ], [ 9.479377710085512, 54.67725426432068 ], [ 9.479376736879384, 54.677172386385806 ], [ 9.479342745410884, 54.676954169826743 ], [ 9.479332356230607, 54.676740408995208 ], [ 9.478862241631431, 54.676815050099833 ], [ 9.478329435616786, 54.676899033639074 ], [ 9.477896586492379, 54.676974410762256 ], [ 9.477930339948127, 54.677005233919182 ], [ 9.47802485923682, 54.677032154988169 ], [ 9.478083683102739, 54.677043259730148 ], [ 9.478080812326457, 54.677047736675782 ], [ 9.47804914071153, 54.677247122809199 ], [ 9.47826475834059, 54.677270041680046 ], [ 9.478398201689076, 54.677281400579872 ], [ 9.478476318500178, 54.677815900909302 ], [ 9.478568989443534, 54.678712826260814 ], [ 9.478587768471709, 54.679431774213796 ], [ 9.47858924838259, 54.679556557343396 ], [ 9.479285862484746, 54.679494381843234 ], [ 9.479345463857724, 54.680195339737445 ], [ 9.479591579389004, 54.680194365982523 ], [ 9.480124904761409, 54.680198197057301 ], [ 9.480458906965024, 54.680177253603155 ], [ 9.480552382640679, 54.680036541770477 ], [ 9.480734025375455, 54.680035821556757 ], [ 9.481408797389243, 54.680043160856862 ], [ 9.482040559330569, 54.680070714780676 ], [ 9.482079211852449, 54.679827943303906 ], [ 9.482055675369937, 54.679163454016759 ], [ 9.482327196712061, 54.67912576254848 ], [ 9.482910838345845, 54.679052125579972 ], [ 9.483156513808234, 54.679015489741786 ], [ 9.483658331137704, 54.678960002164757 ], [ 9.483945023568934, 54.678923201767795 ], [ 9.48411884588311, 54.678880909909687 ], [ 9.484436727665416, 54.678879635702252 ], [ 9.484764791126285, 54.678872378641081 ], [ 9.485141400622785, 54.678892492711519 ], [ 9.485460758771518, 54.678895618002599 ], [ 9.485719218587588, 54.678933912716552 ], [ 9.486068647853807, 54.678997873264315 ], [ 9.486387317149433, 54.679061956392488 ], [ 9.486880808705896, 54.679166930910469 ], [ 9.487281729643167, 54.679248506487035 ], [ 9.487486958474104, 54.679259563761924 ], [ 9.487722663471118, 54.679246728365833 ], [ 9.487890448662943, 54.679330051468916 ], [ 9.488005503470914, 54.679376606540472 ], [ 9.488248502749622, 54.679482295514781 ], [ 9.489191998755556, 54.67991166107663 ], [ 9.489778539013454, 54.680246803234013 ], [ 9.489801700879754, 54.680260038067829 ], [ 9.489825222007362, 54.680278633054463 ], [ 9.490415834801746, 54.680745549091561 ], [ 9.490596454839658, 54.680888336952542 ], [ 9.490658168210201, 54.680968856980186 ], [ 9.491132592163245, 54.681587850821266 ], [ 9.489999793516658, 54.681617512317317 ], [ 9.490045289529265, 54.681802775408912 ], [ 9.487969132684578, 54.681824668857971 ], [ 9.487323074732888, 54.681827277198018 ], [ 9.486718108945459, 54.681835659974126 ], [ 9.486718190843961, 54.682329156452653 ], [ 9.486769016773534, 54.68314304063933 ], [ 9.486814158620115, 54.683849697521488 ], [ 9.486373108375554, 54.683845533234219 ], [ 9.485449914178725, 54.683831424266913 ], [ 9.484793502573032, 54.683828121108689 ], [ 9.484280592700523, 54.68381829655317 ], [ 9.48316269007648, 54.683816835794055 ], [ 9.482970738955697, 54.683820694916328 ], [ 9.483042399464075, 54.68404906709398 ], [ 9.483097088526343, 54.68433407785659 ], [ 9.48319877494076, 54.685118053006448 ], [ 9.483268204512234, 54.685777368754025 ], [ 9.483291941165112, 54.686445420543251 ], [ 9.483368336210686, 54.687286253170868 ], [ 9.483634923855211, 54.687279242005282 ], [ 9.483860486311583, 54.687272395104131 ], [ 9.484065537787647, 54.687265629782686 ], [ 9.484206177259214, 54.687613259565879 ], [ 9.484301662218543, 54.687931490231179 ], [ 9.484393968333364, 54.688137774421463 ], [ 9.48348069468765, 54.68826519956032 ], [ 9.48297246639344, 54.688349840085117 ], [ 9.482443937027668, 54.688440459262317 ], [ 9.482254387327824, 54.688479097812241 ], [ 9.482224575609047, 54.688833703898602 ], [ 9.482208654371485, 54.689205483463837 ], [ 9.482190968704625, 54.689429763186077 ], [ 9.482195321214412, 54.689542937929026 ], [ 9.482832796824772, 54.68967110975219 ], [ 9.483243987148883, 54.68974670844068 ], [ 9.483532099206061, 54.689822799078023 ], [ 9.483799556977415, 54.689887087242177 ], [ 9.483989769369824, 54.689947681719573 ], [ 9.484328204813174, 54.690141031965148 ], [ 9.48451112271858, 54.690205095893269 ], [ 9.484676371757242, 54.690299502719043 ], [ 9.484748476172951, 54.690363553255359 ], [ 9.484756809888369, 54.690364061802178 ], [ 9.48479735447239, 54.690451835604577 ], [ 9.48512050678691, 54.69115501169513 ], [ 9.485375417656632, 54.691727144445018 ], [ 9.485624405252242, 54.692249865153684 ], [ 9.485769638011709, 54.692572164624295 ], [ 9.485835466645636, 54.692723300441692 ], [ 9.485795321393578, 54.693154489334489 ], [ 9.485779693254258, 54.693338210461462 ], [ 9.484961774080647, 54.693479181910391 ], [ 9.484357217649793, 54.693616379226505 ], [ 9.484070651573367, 54.693671006249431 ], [ 9.484061774938246, 54.693598812987986 ], [ 9.484058047521374, 54.693599132553111 ], [ 9.48400136371977, 54.693458287909252 ], [ 9.48380295179668, 54.693051965391881 ], [ 9.483542017432878, 54.69252788860797 ], [ 9.483217854293523, 54.691827057219527 ], [ 9.483051001155919, 54.691503211620841 ], [ 9.482904946263487, 54.691214683206695 ], [ 9.482891352251304, 54.691179634507911 ], [ 9.48284626651254, 54.691183982438901 ], [ 9.481411200520039, 54.691339819139287 ], [ 9.480378303173534, 54.691644134535188 ], [ 9.479615121983841, 54.691851848471188 ], [ 9.479341639785726, 54.691924698193453 ], [ 9.479348750046082, 54.691960482898125 ], [ 9.479381274372383, 54.692125560625612 ], [ 9.479392303589034, 54.692196320378109 ], [ 9.479454543696251, 54.692290477009038 ], [ 9.479568349607476, 54.692437532186119 ], [ 9.479764067384618, 54.692619663101077 ], [ 9.479877381378621, 54.69272541696882 ], [ 9.480012406864864, 54.692943190145165 ], [ 9.480137809764905, 54.693208203283561 ], [ 9.48023258363436, 54.693467437851325 ], [ 9.480279841777314, 54.69365633869085 ], [ 9.480338455654701, 54.693855605811592 ], [ 9.480350361483628, 54.693904268546106 ], [ 9.480397142300236, 54.694060978299909 ], [ 9.48011184741652, 54.694082093969037 ], [ 9.479798044729908, 54.694098052009082 ], [ 9.479791466348738, 54.694407058015116 ], [ 9.479453138493531, 54.694426226288371 ], [ 9.479135399808024, 54.694451255188689 ], [ 9.47895091417983, 54.693644017505633 ], [ 9.478641152024425, 54.692440222929378 ], [ 9.478598085907292, 54.692269266105569 ], [ 9.47856472170181, 54.692183702346071 ], [ 9.477836532948038, 54.69219846684215 ], [ 9.47678050404782, 54.692250172025361 ], [ 9.475262854944733, 54.692303684281946 ], [ 9.474996282066803, 54.692316616348158 ], [ 9.4750909869512, 54.692518269731444 ], [ 9.475269788132451, 54.692891908970836 ], [ 9.475354097473781, 54.693081719537517 ], [ 9.474965117996385, 54.693154552548485 ], [ 9.474536361303425, 54.693334495224256 ], [ 9.474083521418393, 54.69321149110035 ], [ 9.473864504217008, 54.693122164719078 ], [ 9.473834352022401, 54.692985302396167 ], [ 9.473758755544027, 54.692667250294249 ], [ 9.473682104497907, 54.692303353725123 ], [ 9.473590052234172, 54.691906164195089 ], [ 9.473590915527218, 54.691751557142297 ], [ 9.473427120015925, 54.691737455520581 ], [ 9.472887525883127, 54.691684476018175 ], [ 9.471298847851548, 54.691387677000513 ], [ 9.47121059389848, 54.691395697092538 ], [ 9.471224020915336, 54.691538540350564 ], [ 9.471312079433281, 54.692051582224629 ], [ 9.471453129764814, 54.692885282768977 ], [ 9.471567925314512, 54.693578856252337 ], [ 9.471629974715183, 54.694213965756646 ], [ 9.471532066891193, 54.694191726091091 ], [ 9.471309646454214, 54.694121290755248 ], [ 9.471062272014473, 54.694022430332986 ], [ 9.470798763216917, 54.693947399810092 ], [ 9.470601740248775, 54.693943414289066 ], [ 9.470357821733018, 54.693945027927171 ], [ 9.470328364188548, 54.693725814131625 ], [ 9.470293211576548, 54.693526301069511 ], [ 9.47025689463444, 54.693226966806009 ], [ 9.470188786463034, 54.692836108373577 ], [ 9.470194686490991, 54.692818401909861 ], [ 9.470159645283204, 54.692628395603045 ], [ 9.470131813383126, 54.692352796918328 ], [ 9.470096829452361, 54.692167543527603 ], [ 9.470045256783351, 54.691771484731255 ], [ 9.470000073985048, 54.691415143002772 ], [ 9.469955358007649, 54.691223845880479 ], [ 9.469440938204233, 54.691110265130682 ], [ 9.46848773962857, 54.690930323643244 ], [ 9.46882750869189, 54.690157723800624 ], [ 9.468890081514131, 54.690148403838393 ], [ 9.468887708160898, 54.690147880098657 ], [ 9.468604141296128, 54.690129300996212 ], [ 9.468364363919715, 54.690132082707464 ], [ 9.468035019700885, 54.690038286319805 ], [ 9.467561590001864, 54.689903451360706 ], [ 9.467078043214363, 54.689780538781527 ], [ 9.466790078363152, 54.689716288322103 ], [ 9.466645445666723, 54.689627717201631 ], [ 9.466336829357715, 54.689551661854132 ], [ 9.466080257445668, 54.689540767237879 ], [ 9.466051061909686, 54.689677545407868 ], [ 9.465974550538657, 54.690159141214927 ], [ 9.465945558676518, 54.690313744100024 ], [ 9.465946860963779, 54.690426637182433 ], [ 9.465925242683854, 54.690545411422008 ], [ 9.465960675452168, 54.690678784635004 ], [ 9.465975274085816, 54.690769044225071 ], [ 9.466017681929527, 54.69096489006354 ], [ 9.466020943325379, 54.690999682928691 ], [ 9.466025242021754, 54.690999809281145 ], [ 9.466025399193633, 54.691000529414467 ], [ 9.466152326888071, 54.691003540350394 ], [ 9.466262962874248, 54.69104704599399 ], [ 9.466365352095975, 54.691110163987155 ], [ 9.466425956668425, 54.691178416207542 ], [ 9.466594911389178, 54.691180444281294 ], [ 9.466720443417818, 54.690590652704842 ], [ 9.46757166832265, 54.690758280006186 ], [ 9.468043307717599, 54.690852652868941 ], [ 9.468085155665767, 54.691785089043101 ], [ 9.468259477906434, 54.692710890068696 ], [ 9.46627902626112, 54.692781716691158 ], [ 9.466376468373229, 54.693349861364254 ], [ 9.465576711585205, 54.69335294528576 ], [ 9.465428587449317, 54.693339829456768 ], [ 9.464995212463764, 54.693365720446259 ], [ 9.464432801943028, 54.69339979316365 ], [ 9.463793247041721, 54.693145733862586 ], [ 9.46354327932605, 54.693028772910758 ], [ 9.463587763779968, 54.69312746129912 ], [ 9.463558626803433, 54.693270181585405 ], [ 9.463519777117947, 54.693460475288468 ], [ 9.463500077875874, 54.693531854617362 ], [ 9.463694777178056, 54.693513278270906 ], [ 9.463858975582667, 54.69351858793177 ], [ 9.464053810308064, 54.693511893880242 ], [ 9.464207749326176, 54.693517242385632 ], [ 9.464412911326237, 54.693516450313517 ], [ 9.464659104891515, 54.693515499544773 ], [ 9.464935935984863, 54.693502546367299 ], [ 9.465253799874484, 54.693489433096936 ], [ 9.465376691507222, 54.693471132631728 ], [ 9.465541440784033, 54.693523974137925 ], [ 9.465706809785379, 54.693630293236083 ], [ 9.465862127509723, 54.693754476308271 ], [ 9.465986190743591, 54.693837185358241 ], [ 9.466099652491399, 54.69389022526331 ], [ 9.466140961655318, 54.693913833926757 ], [ 9.46634716266057, 54.694002168525536 ], [ 9.466594263179468, 54.694078460003226 ], [ 9.466779400714419, 54.694119338789562 ], [ 9.466985124492716, 54.694166079138043 ], [ 9.467283040667915, 54.694200579121485 ], [ 9.467498473417017, 54.694199745787635 ], [ 9.467703716543893, 54.694204893575936 ], [ 9.467980496866478, 54.694185995995134 ], [ 9.468236757830276, 54.69416717712793 ], [ 9.468400553124889, 54.694136832928969 ], [ 9.468626383717361, 54.694147840760792 ], [ 9.468852212850216, 54.694158848177715 ], [ 9.469150130461655, 54.694193343579187 ], [ 9.469416995325615, 54.694204190940873 ], [ 9.469591601877914, 54.694221338580583 ], [ 9.469837465293709, 54.694190673256458 ], [ 9.470144465433568, 54.694124117217591 ], [ 9.470431294185047, 54.694087348585292 ], [ 9.470646588585732, 54.694074626798368 ], [ 9.470759642464857, 54.694092011976949 ], [ 9.470934803212899, 54.69415669089156 ], [ 9.471089099283553, 54.694191740895029 ], [ 9.471325882908724, 54.694262120729789 ], [ 9.471531891522819, 54.694332620849167 ], [ 9.471737830280038, 54.694397178732011 ], [ 9.471892338139524, 54.694450052432209 ], [ 9.472129333309473, 54.694538256303076 ], [ 9.472365982508339, 54.694596750355096 ], [ 9.472581974767115, 54.694643441160714 ], [ 9.472772273934366, 54.694666485799793 ], [ 9.472746598549701, 54.694888286787531 ], [ 9.472839383788862, 54.694893709394421 ], [ 9.472839061899645, 54.694895378622611 ], [ 9.473086649714469, 54.69491859177591 ], [ 9.473385260174039, 54.694948640832664 ], [ 9.473821201305038, 54.694992783449877 ], [ 9.473824751790747, 54.694991098891485 ], [ 9.473991627933039, 54.694994435099368 ], [ 9.474237982802558, 54.695005352147021 ], [ 9.474711631800398, 54.69499089123849 ], [ 9.474811015123178, 54.694712651512525 ], [ 9.47506780303773, 54.694709952125493 ], [ 9.475252602785137, 54.694721108582776 ], [ 9.475457395009228, 54.694744950374009 ], [ 9.475705206368573, 54.694829741900385 ], [ 9.475969696706244, 54.694933526810715 ], [ 9.476299477749802, 54.69510117864175 ], [ 9.476675143913999, 54.695291871149784 ], [ 9.476819613991578, 54.695362604521279 ], [ 9.476914393759243, 54.695432458600507 ], [ 9.476910563637169, 54.695477977992155 ], [ 9.476880813105895, 54.695546351635649 ], [ 9.476808251662716, 54.695685679235076 ], [ 9.47670133869681, 54.695873174359733 ], [ 9.476694656656701, 54.696047634760248 ], [ 9.47676549501004, 54.696133308484541 ], [ 9.476870343103263, 54.696188353853266 ], [ 9.477037543906832, 54.696242679918008 ], [ 9.477210709261787, 54.696341504287879 ], [ 9.477355106442944, 54.696406296051329 ], [ 9.477519741940766, 54.696447240168702 ], [ 9.477663369934092, 54.696446671916384 ], [ 9.477868624077189, 54.696451802471024 ], [ 9.478032982117599, 54.696468978401484 ], [ 9.478207877116027, 54.696509880190568 ], [ 9.478403151293694, 54.696538817816908 ], [ 9.478660470644959, 54.696609103122114 ], [ 9.478876402978196, 54.696649841733006 ], [ 9.479082287260178, 54.696708446139027 ], [ 9.479339468704085, 54.696766846252856 ], [ 9.479493775713834, 54.696801887331716 ], [ 9.479658204477222, 54.696825002035695 ], [ 9.479843080581606, 54.696842094252844 ], [ 9.480079183166996, 54.696853040073329 ], [ 9.480448517655772, 54.69685157082975 ], [ 9.480766414961748, 54.696838422181493 ], [ 9.480910044268592, 54.696837850089274 ], [ 9.481094911665586, 54.696854939527988 ], [ 9.481403500119944, 54.696925013528478 ], [ 9.481712228976534, 54.697006971379885 ], [ 9.482052227297139, 54.697130396279107 ], [ 9.48250584285041, 54.69731873028249 ], [ 9.483924526287742, 54.697568556452431 ], [ 9.483876548912548, 54.697848025367506 ], [ 9.483737018238299, 54.698193224477464 ], [ 9.483628371850465, 54.698429149579681 ], [ 9.483572713190208, 54.698611717111454 ], [ 9.483528975830474, 54.698716089547638 ], [ 9.483479540732962, 54.698881886874304 ], [ 9.483576176530574, 54.69890382720434 ], [ 9.483838511988003, 54.698965284226396 ], [ 9.483983191996833, 54.69905383465273 ], [ 9.484159002970326, 54.699171969371207 ], [ 9.484252391051124, 54.699260725421695 ], [ 9.484326441867053, 54.699321324581007 ], [ 9.484494370624667, 54.699395076131047 ], [ 9.484688706776772, 54.699528262731747 ], [ 9.484740857662205, 54.699591315533539 ], [ 9.484818443612731, 54.699631937624424 ], [ 9.48498637598744, 54.699705688488834 ], [ 9.485167024784992, 54.699768223734267 ], [ 9.485353832709208, 54.699808406076343 ], [ 9.485424573419577, 54.699813703412651 ], [ 9.485561777090833, 54.699802127335047 ], [ 9.485664224589371, 54.699789830445162 ], [ 9.485725708466394, 54.699783640816449 ], [ 9.485930675866664, 54.699764988529786 ], [ 9.486312221685248, 54.699738712417059 ], [ 9.486853344849873, 54.699707788208691 ], [ 9.486995067249616, 54.699710788892773 ], [ 9.487325684647214, 54.699741531403554 ], [ 9.487608141323387, 54.699730465716115 ], [ 9.487775209479709, 54.699731650512142 ], [ 9.488334128329727, 54.699725666686305 ], [ 9.488518013501745, 54.699718560520736 ], [ 9.488764415813622, 54.699709037745222 ], [ 9.489089941335186, 54.699710619096635 ], [ 9.489274674269263, 54.699715812349247 ], [ 9.48942834421041, 54.699697362275622 ], [ 9.489638644438774, 54.69974270310712 ], [ 9.490102084403267, 54.69981152489904 ], [ 9.490604098853785, 54.699882048048018 ], [ 9.491028948147143, 54.699947301146729 ], [ 9.491440859551357, 54.700005163191804 ], [ 9.491704864442175, 54.700052463635231 ], [ 9.491840056542202, 54.700074239027003 ], [ 9.491840326873861, 54.700096565905596 ], [ 9.492084923021906, 54.700132780804253 ], [ 9.492535702779458, 54.70021652885373 ], [ 9.492870543042404, 54.700276561574071 ], [ 9.493231105421559, 54.700338348003179 ], [ 9.493424305657005, 54.700374770398504 ], [ 9.493507501825068, 54.700386392976256 ], [ 9.493563203347197, 54.700414011929752 ], [ 9.493673977031637, 54.700537602237688 ], [ 9.493918061921349, 54.700823020725352 ], [ 9.494226817871953, 54.701190156086447 ], [ 9.494237201989252, 54.701205303386168 ], [ 9.494327717500386, 54.701223237598143 ], [ 9.494487008746185, 54.701259128079151 ], [ 9.49455983393648, 54.701289267571113 ], [ 9.494651244382679, 54.701345368875359 ], [ 9.494761297297305, 54.701409049013428 ], [ 9.494785099455594, 54.701432955801742 ], [ 9.495101458859258, 54.701492588758761 ], [ 9.497169645004091, 54.701919930948854 ], [ 9.497883117572435, 54.701990694395825 ], [ 9.498818611211796, 54.70209919929912 ], [ 9.499480029904353, 54.702156073582415 ], [ 9.500186105638413, 54.702157156908584 ], [ 9.50050973414417, 54.702123408592826 ], [ 9.500869849895448, 54.702037335014744 ], [ 9.501427479227518, 54.701883466896462 ], [ 9.502193904103354, 54.701643547257156 ], [ 9.502476966376333, 54.701499407581281 ], [ 9.502640759635559, 54.70131306099109 ], [ 9.502960054158779, 54.700639614937536 ], [ 9.503240209686096, 54.700448377008129 ], [ 9.503434744872045, 54.70039103002803 ], [ 9.504239387834938, 54.700331140456612 ], [ 9.505158705796759, 54.700311531008076 ], [ 9.505993830092333, 54.700280545658494 ], [ 9.506410602780456, 54.700201820840284 ], [ 9.507285866087834, 54.699993310008438 ], [ 9.507819749767931, 54.699750784851702 ], [ 9.508359381568271, 54.699525301155894 ], [ 9.508592331976702, 54.699462791476869 ], [ 9.5090694441132, 54.699384897767217 ], [ 9.509628595019651, 54.699353831113172 ], [ 9.510096470618503, 54.699386729712657 ], [ 9.510410431334957, 54.699450295178671 ], [ 9.510426821681634, 54.699453613261646 ], [ 9.510349725273771, 54.699531287688515 ], [ 9.510330189386965, 54.699527463391838 ], [ 9.5100728150676, 54.699477075085682 ], [ 9.509762191595582, 54.699450918919744 ], [ 9.509042117035454, 54.699465003392511 ], [ 9.50882297240739, 54.699498741838681 ], [ 9.508466567881435, 54.699600740315589 ], [ 9.507980418103942, 54.699805834429846 ], [ 9.507481540956681, 54.700027824984524 ], [ 9.507207336897761, 54.700137996657872 ], [ 9.506873555176577, 54.700199986575015 ], [ 9.506094909361705, 54.700386993913838 ], [ 9.505387358404223, 54.70040408770992 ], [ 9.504362724406967, 54.70043663381967 ], [ 9.504144101248214, 54.700448724710796 ], [ 9.504068900021121, 54.701242596612879 ], [ 9.50370890429615, 54.701307330837835 ], [ 9.503832105934151, 54.702054630143209 ], [ 9.503944862035924, 54.702724993521706 ], [ 9.503688781889549, 54.702748054264994 ], [ 9.503110427239532, 54.702816443682835 ], [ 9.502684053454518, 54.702889698714252 ], [ 9.501936012565393, 54.703057762236817 ], [ 9.501254427486995, 54.703225546088397 ], [ 9.50121462660069, 54.702307442747774 ], [ 9.501208987071246, 54.702021193444857 ], [ 9.500804061721794, 54.702122190072267 ], [ 9.500270038693628, 54.702241246752322 ], [ 9.499905148584263, 54.702232928065726 ], [ 9.49911486049897, 54.702195155128543 ], [ 9.498184065546132, 54.702101814763296 ], [ 9.497499673292731, 54.7020198258083 ], [ 9.497102804308957, 54.702003726063779 ], [ 9.496042811260764, 54.70176791239691 ], [ 9.495151298185805, 54.701577189972788 ], [ 9.494835870041483, 54.701514701787204 ], [ 9.494943935650973, 54.701700750242097 ], [ 9.495225104340955, 54.702101489985616 ], [ 9.495546008699781, 54.702598818625027 ], [ 9.495755604870279, 54.702925425766942 ], [ 9.495794972754149, 54.702992246732322 ], [ 9.495944411062876, 54.703127456697779 ], [ 9.496035454176464, 54.703216392124574 ], [ 9.496417277417066, 54.703438093002305 ], [ 9.496902605685506, 54.703715191130513 ], [ 9.49751742060444, 54.704069905602836 ], [ 9.498022208051287, 54.704359949415604 ], [ 9.498393032576494, 54.704550893863136 ], [ 9.49850676976677, 54.704621731483812 ], [ 9.49867267969196, 54.704763659895896 ], [ 9.498798057342047, 54.704947350003032 ], [ 9.498882970815993, 54.705178744687757 ], [ 9.498966726607003, 54.70531506890881 ], [ 9.499071076074825, 54.70545725036876 ], [ 9.499196093956302, 54.705611230832822 ], [ 9.499356770200583, 54.705766715031217 ], [ 9.499402162707215, 54.70580002027328 ], [ 9.499488412726839, 54.706020033378799 ], [ 9.499502920836553, 54.706156856677239 ], [ 9.499479103174744, 54.706206090797934 ], [ 9.499498452702374, 54.706332504375233 ], [ 9.49946727235624, 54.706468167148955 ], [ 9.499431165121839, 54.706537271659172 ], [ 9.49963239086469, 54.706538819655314 ], [ 9.499536741066684, 54.706774615336897 ], [ 9.499558429553279, 54.70707914953708 ], [ 9.499464448537108, 54.707207970761921 ], [ 9.499334521972184, 54.707344820705018 ], [ 9.499249024462054, 54.707382369948981 ], [ 9.499175884563137, 54.707423514185614 ], [ 9.498914028736035, 54.707678056999583 ], [ 9.498682552346294, 54.707964718244938 ], [ 9.498528635976959, 54.708097801712846 ], [ 9.498409625299709, 54.708436994303071 ], [ 9.498418506933929, 54.708766482215303 ], [ 9.49842836373295, 54.70913214914647 ], [ 9.49840291035725, 54.709325932346239 ], [ 9.498397935871495, 54.709443658711471 ], [ 9.498443625285026, 54.709542093822229 ], [ 9.498459709088657, 54.709582645715493 ], [ 9.498549507995458, 54.709809055116843 ], [ 9.498457583589174, 54.709845086275074 ], [ 9.498211652184198, 54.709875809705686 ], [ 9.498016887600025, 54.70989443708536 ], [ 9.497720078044647, 54.709961021522382 ], [ 9.497566218168116, 54.709967595818078 ], [ 9.497484481757168, 54.709997642250862 ], [ 9.497466414115896, 54.710199749997699 ], [ 9.497397759030537, 54.710461485941813 ], [ 9.497359818366347, 54.710717154490546 ], [ 9.497327831329944, 54.711014016962636 ], [ 9.497304124038854, 54.711074098233446 ], [ 9.497138779417199, 54.711267973678936 ], [ 9.497039292835579, 54.71139325847254 ], [ 9.49716038211767, 54.71140981953954 ], [ 9.497478860371631, 54.711446872458886 ], [ 9.49794824975101, 54.711500158252647 ], [ 9.498313959650984, 54.71153324750648 ], [ 9.49826445662265, 54.711682004527432 ], [ 9.49849966115149, 54.711702619678626 ], [ 9.498803808665805, 54.711698738880457 ], [ 9.499111453699099, 54.711609410773654 ], [ 9.499319667257192, 54.711557293162457 ], [ 9.499672719026044, 54.711484271872962 ], [ 9.499859838589364, 54.711447129842256 ], [ 9.500056110888693, 54.711447792650418 ], [ 9.500169739183663, 54.711457838159951 ], [ 9.500425054958727, 54.711544844384072 ], [ 9.500660346733259, 54.711664790740194 ], [ 9.500799749707967, 54.711662634549874 ], [ 9.500890122769558, 54.711666893606392 ], [ 9.50146642339751, 54.711668787706728 ], [ 9.501474010185303, 54.71228674021372 ], [ 9.501476840072105, 54.712390563988016 ], [ 9.501791009144695, 54.712415222424248 ], [ 9.502484797642104, 54.712683089085829 ], [ 9.502538255308831, 54.712864660518406 ], [ 9.502479675386212, 54.713108531093177 ], [ 9.502429968256193, 54.71323946515632 ], [ 9.502389797805492, 54.71331093828563 ], [ 9.50260978996295, 54.713331454890422 ], [ 9.502720852767785, 54.713348821295639 ], [ 9.502863148827617, 54.713401710745927 ], [ 9.502937352854051, 54.713426360171212 ], [ 9.503045316024014, 54.713442329999701 ], [ 9.503217391786041, 54.713430536203887 ], [ 9.503835691552672, 54.713495600410091 ], [ 9.504670818347883, 54.713550096460409 ], [ 9.505557663975411, 54.713529461533618 ], [ 9.50601070935409, 54.713501319968493 ], [ 9.50668959802009, 54.713503016814109 ], [ 9.506859165586128, 54.71349777168605 ], [ 9.506844256339731, 54.713859866701824 ], [ 9.506683527123025, 54.714353306797818 ], [ 9.506589075363665, 54.714691376333818 ], [ 9.506538321961582, 54.714960746971194 ], [ 9.506567226426606, 54.714963296100827 ], [ 9.50646792973715, 54.715231110957596 ], [ 9.506186998233577, 54.715749258976999 ], [ 9.506126823584699, 54.715862412758462 ], [ 9.505745468248847, 54.716559246816438 ], [ 9.505544632183247, 54.716916619404437 ], [ 9.505194915604362, 54.716858659802071 ], [ 9.504649445109875, 54.716742093557663 ], [ 9.50350748865595, 54.71653293520658 ], [ 9.503437041777048, 54.71664613121311 ], [ 9.503335435067264, 54.71672974599371 ], [ 9.50304080271162, 54.716974604484115 ], [ 9.502888242103127, 54.717088142037724 ], [ 9.502653495238887, 54.717196079222013 ], [ 9.502480109371383, 54.717285934145444 ], [ 9.502092797328158, 54.71750740797215 ], [ 9.501725419992679, 54.717681260052679 ], [ 9.501532604769521, 54.717860328717229 ], [ 9.501400125866752, 54.717938128431364 ], [ 9.501284087675932, 54.717976047160498 ], [ 9.501165506839749, 54.717956796323698 ], [ 9.500828250122421, 54.717917816695092 ], [ 9.500671582973288, 54.71795897721249 ], [ 9.500549663629942, 54.717972860749867 ], [ 9.499666711380785, 54.71804632969242 ], [ 9.499136713817249, 54.718098315553753 ], [ 9.498949601283107, 54.718162198621066 ], [ 9.498786614724708, 54.718263890529784 ], [ 9.498633747026279, 54.71835365631631 ], [ 9.498635354347444, 54.718484381020779 ], [ 9.498626407043442, 54.718591379760944 ], [ 9.498659247924042, 54.718757628668371 ], [ 9.498669822980602, 54.718903325444266 ], [ 9.498825819322919, 54.718947094550572 ], [ 9.499110096223006, 54.719071059653103 ], [ 9.499239035026816, 54.719159308861684 ], [ 9.499353775833443, 54.719307391829723 ], [ 9.499449527127382, 54.719580341248736 ], [ 9.499524747676988, 54.719853375245805 ], [ 9.499546985719043, 54.720023704512684 ], [ 9.499684141367883, 54.720292445171722 ], [ 9.499840824975822, 54.720511661049407 ], [ 9.499915318170022, 54.720725274716912 ], [ 9.500105073076456, 54.721128563281503 ], [ 9.500159183962564, 54.721354145178616 ], [ 9.500130735476082, 54.721544416958452 ], [ 9.50012281647898, 54.721734603076243 ], [ 9.500144740598774, 54.721847415647453 ], [ 9.501979292660925, 54.721945501572236 ], [ 9.501955406927193, 54.722033662996203 ], [ 9.501913405736763, 54.722125843817665 ], [ 9.501864478297744, 54.722208852548661 ], [ 9.501851099032034, 54.722228623390087 ], [ 9.501817805052553, 54.722299904158781 ], [ 9.501647452995101, 54.722298081713078 ], [ 9.501526455098745, 54.722340822843783 ] ] } },
{ "type": "Feature", "properties": { "layer": "WBK_GERUEST" }, "geometry": { "type": "LineString", "coordinates": [ [ 9.462169997554673, 54.701163413917499 ], [ 9.462392812918873, 54.701040820575642 ], [ 9.462503563474925, 54.700868840518126 ], [ 9.462623476823342, 54.700758102490227 ], [ 9.462924629313983, 54.700601557431696 ], [ 9.462919531313215, 54.700535614901241 ], [ 9.462806211789806, 54.700430545456591 ], [ 9.462551365184222, 54.700204283673152 ], [ 9.462450850061236, 54.699993658818762 ], [ 9.46246979912244, 54.699917020789684 ], [ 9.462469223487435, 54.699917022988025 ], [ 9.462129442713106, 54.699950274824126 ], [ 9.461973586242934, 54.699988144444482 ], [ 9.461762935959751, 54.700058170326862 ], [ 9.46152452289718, 54.700112329257195 ], [ 9.461203430673613, 54.700172129146466 ], [ 9.460873145472407, 54.700231964074284 ], [ 9.460537632501421, 54.700324588699623 ], [ 9.460409247391992, 54.700344066189722 ], [ 9.460450559689896, 54.700260204269945 ], [ 9.460559964803563, 54.700179919897195 ], [ 9.460687208456989, 54.700051647624967 ], [ 9.460987962772341, 54.699821545747099 ], [ 9.461224789109906, 54.699628960662288 ], [ 9.461342895957857, 54.699506046325773 ], [ 9.461424290599622, 54.699388597396194 ], [ 9.461551772549152, 54.699281620437979 ], [ 9.461660806705693, 54.699169389828633 ], [ 9.461733312172695, 54.699078597361286 ], [ 9.461860609221073, 54.698955647451299 ], [ 9.462051828142293, 54.698795181270846 ], [ 9.462225086359176, 54.698672054707167 ], [ 9.462361388925812, 54.698533096578664 ], [ 9.462322905465333, 54.698384161628454 ], [ 9.462128634672977, 54.698278420097274 ], [ 9.462053319407401, 54.698124302669832 ], [ 9.462015266013458, 54.698012636450891 ], [ 9.461948655726223, 54.697815890542586 ], [ 9.461872915238066, 54.697624503252527 ], [ 9.461798369831159, 54.697536145255633 ], [ 9.461696379779044, 54.69741993991309 ], [ 9.4615066027031, 54.697306845139032 ], [ 9.461228440538701, 54.697210402449791 ], [ 9.461013887867148, 54.697152926830015 ], [ 9.46088765537147, 54.697116973540261 ], [ 9.460874486853426, 54.697110953911192 ], [ 9.460870594455335, 54.697130015564056 ], [ 9.460587447657606, 54.697323925679015 ], [ 9.460002356092204, 54.697454715380921 ], [ 9.459621464026176, 54.697419443008485 ], [ 9.459416527631463, 54.697521230739433 ], [ 9.45927521003922, 54.697641137985912 ], [ 9.459247482484127, 54.697990166672156 ], [ 9.458932719169349, 54.698193375587543 ], [ 9.458924782231634, 54.698194312442368 ], [ 9.45884629819756, 54.698273430336926 ], [ 9.458760851063937, 54.698337931322115 ], [ 9.458650618897114, 54.698388265700324 ], [ 9.458570920746901, 54.6984170919457 ], [ 9.458411767078561, 54.698496134871895 ], [ 9.458289424815895, 54.698564341175391 ], [ 9.458179516233686, 54.698643195613407 ], [ 9.458167488856532, 54.698668198633811 ], [ 9.458149467170815, 54.698707484732729 ], [ 9.458180813879491, 54.698757279360066 ], [ 9.458287183573114, 54.698908397727905 ], [ 9.458493364581864, 54.699175007098205 ], [ 9.458649571938293, 54.699377631772094 ], [ 9.458619157731963, 54.699409835562143 ], [ 9.458375340660533, 54.699622897982358 ], [ 9.458149926829392, 54.699830543067577 ], [ 9.457918437328376, 54.700045340890831 ], [ 9.457595495806689, 54.70033892149273 ], [ 9.457163014648749, 54.700745224900793 ], [ 9.456937708795969, 54.700963561666072 ], [ 9.456499837986023, 54.701297547465003 ], [ 9.456263698828622, 54.701554013824456 ], [ 9.456192027564617, 54.70166128357932 ], [ 9.45638380184975, 54.701638546707549 ], [ 9.456392345739836, 54.701732165105348 ], [ 9.45638247662912, 54.701947901182734 ], [ 9.456444709970073, 54.702112387359549 ], [ 9.456446097067399, 54.702234842906876 ], [ 9.456447484106048, 54.702357298451957 ], [ 9.456462085697488, 54.702453866869888 ], [ 9.456495865147826, 54.702570090111557 ], [ 9.456515097374554, 54.702644558481566 ], [ 9.456534148621056, 54.702703054230689 ], [ 9.456525919729517, 54.702788275578236 ], [ 9.456529151996456, 54.702981810447831 ], [ 9.456823831123245, 54.703015787619009 ], [ 9.456979319942249, 54.703042123907238 ], [ 9.457173057812993, 54.703099955751568 ], [ 9.457394620299421, 54.703178979326736 ], [ 9.457644068034602, 54.703284518090577 ], [ 9.457866891698952, 54.703402840204333 ], [ 9.458077943301776, 54.703437273370469 ], [ 9.458216096678452, 54.703458044257317 ], [ 9.458353886522659, 54.703446870670156 ], [ 9.458518591740864, 54.703377025646397 ], [ 9.458596626219096, 54.703340865289228 ], [ 9.458593137496802, 54.703335908750063 ], [ 9.458765197328619, 54.703234020651834 ], [ 9.458997053138818, 54.703115241287172 ], [ 9.459206061375047, 54.703008938330591 ], [ 9.459498598270942, 54.702853620851521 ], [ 9.459497764184222, 54.702780582151981 ], [ 9.459379605137501, 54.702454721783475 ], [ 9.459204458573863, 54.702274928354015 ], [ 9.459098894777279, 54.702124947330233 ], [ 9.459105680631533, 54.701959502580436 ], [ 9.459415288313931, 54.701693379547315 ], [ 9.45959533357126, 54.701506028714611 ], [ 9.459857327253301, 54.70113169968247 ], [ 9.460051010526524, 54.700911832992318 ], [ 9.460330026852546, 54.700776867978945 ], [ 9.460722347648746, 54.700795641473768 ], [ 9.461073980404842, 54.700907915502597 ], [ 9.46146849095822, 54.701093065220981 ], [ 9.461834049443071, 54.701197167918515 ], [ 9.462169997554673, 54.701163413917499 ] ] } },
{ "type": "Feature", "properties": { "layer": "WBK_GERUEST" }, "geometry": { "type": "LineString", "coordinates": [ [ 9.457631764273353, 54.697016699829881 ], [ 9.457659571251956, 54.696748744697786 ], [ 9.457639436287826, 54.696754672170513 ], [ 9.45699015814059, 54.696775229222709 ], [ 9.456985011413799, 54.696963074840198 ], [ 9.45707665133024, 54.697008383318959 ], [ 9.457149449166103, 54.697049997348749 ], [ 9.457144607009106, 54.697135791980578 ], [ 9.457046630262155, 54.697277521237176 ], [ 9.457271618053987, 54.697276764424444 ], [ 9.457631764273353, 54.697016699829881 ] ] } },
{ "type": "Feature", "properties": { "layer": "WBK_GERUEST" }, "geometry": { "type": "LineString", "coordinates": [ [ 9.451263777570212, 54.700995980074332 ], [ 9.451707144252056, 54.700613039339636 ], [ 9.451075016641434, 54.700443977855628 ], [ 9.449878935204675, 54.700103907596812 ], [ 9.449092801442841, 54.699937075805508 ], [ 9.448710256688161, 54.700185496800735 ], [ 9.448262421347804, 54.700508032324201 ], [ 9.447997859383527, 54.700705101714483 ], [ 9.448687210275825, 54.700880809839028 ], [ 9.449520329608935, 54.701067862919039 ], [ 9.4499831913646, 54.701173099533563 ], [ 9.450425634203215, 54.701284343482023 ], [ 9.450816450377999, 54.701366068264093 ], [ 9.451263777570212, 54.700995980074332 ] ] } },
{ "type": "Feature", "properties": { "layer": "WBK_GERUEST" }, "geometry": { "type": "LineString", "coordinates": [ [ 9.456275644862137, 54.696326984366578 ], [ 9.456563518222289, 54.696478711656802 ], [ 9.45666231698341, 54.696394668375177 ], [ 9.456841133289249, 54.696238604994669 ], [ 9.456548153016296, 54.696120587701948 ], [ 9.456275644862137, 54.696326984366578 ] ] } },
{ "type": "Feature", "properties": { "layer": "WBK_GERUEST" }, "geometry": { "type": "LineString", "coordinates": [ [ 9.458645432421031, 54.693905043948959 ], [ 9.458918787720927, 54.693789870078625 ], [ 9.458563492669459, 54.693001267147658 ], [ 9.458751699978114, 54.69295682666732 ], [ 9.459078122150872, 54.692897283395105 ], [ 9.458990819847722, 54.692673489899448 ], [ 9.458957933169916, 54.692604603199477 ], [ 9.457836244523198, 54.692815427092036 ], [ 9.457967401961191, 54.693087954193764 ], [ 9.458010768189618, 54.693226130989807 ], [ 9.458066192730213, 54.69337463664332 ], [ 9.458177395984391, 54.693345237645914 ], [ 9.458363782463689, 54.693290498469402 ], [ 9.458645432421031, 54.693905043948959 ] ] } },
{ "type": "Feature", "properties": { "layer": "WBK_GERUEST" }, "geometry": { "type": "LineString", "coordinates": [ [ 9.461402544003288, 54.692633339864102 ], [ 9.461579083275929, 54.692669099062392 ], [ 9.461894920963552, 54.692784481838238 ], [ 9.462130607383173, 54.692492088623503 ], [ 9.461966399868912, 54.692434421641572 ], [ 9.461789694065688, 54.692384089571092 ], [ 9.461486606722064, 54.692283231987815 ], [ 9.461309903814264, 54.692232899217856 ], [ 9.46107013326279, 54.692168233188063 ], [ 9.460893598189456, 54.69213247323448 ], [ 9.460657233600342, 54.692076650023601 ], [ 9.460420929456342, 54.69205868167316 ], [ 9.460342385250664, 54.692050809397571 ], [ 9.460241207281246, 54.692045928594766 ], [ 9.459961931015894, 54.692070453704233 ], [ 9.45953404563571, 54.692057514143222 ], [ 9.459257369244787, 54.692065857615766 ], [ 9.45909382920301, 54.692066481383534 ], [ 9.458898156604373, 54.692066303749883 ], [ 9.458733554985319, 54.692093677878482 ], [ 9.458702268003986, 54.692242816401055 ], [ 9.458677708077509, 54.6924033922324 ], [ 9.458784301731756, 54.692504895422026 ], [ 9.459110804085652, 54.692452639233728 ], [ 9.459547938438542, 54.692358041108214 ], [ 9.459776137506362, 54.692326215832267 ], [ 9.460241970633353, 54.692240421242332 ], [ 9.460398752800257, 54.692277953976344 ], [ 9.460515028264643, 54.692320606729972 ], [ 9.4607048137172, 54.692369701921244 ], [ 9.460852802071706, 54.692419163485752 ], [ 9.460967402426245, 54.692463420056242 ], [ 9.461069964876415, 54.692496414122026 ], [ 9.461232127133121, 54.692538825852019 ], [ 9.461402544003288, 54.692633339864102 ] ] } },
{ "type": "Feature", "properties": { "layer": "WBK_GERUEST" }, "geometry": { "type": "LineString", "coordinates": [ [ 9.444972958091421, 54.690615468716722 ], [ 9.444739170749461, 54.690658624521078 ], [ 9.444252784690622, 54.690693896194347 ], [ 9.444301561476161, 54.691259445444032 ], [ 9.444481188861223, 54.691271123395012 ], [ 9.444809308680284, 54.69122938302322 ], [ 9.445004359038011, 54.691260390075541 ], [ 9.445243348361412, 54.691241733607448 ], [ 9.445678984866838, 54.691189175142661 ], [ 9.445654333954941, 54.690605912492543 ], [ 9.444972958091421, 54.690615468716722 ] ] } },
{ "type": "Feature", "properties": { "layer": "WBK_GERUEST" }, "geometry": { "type": "LineString", "coordinates": [ [ 9.454879126519975, 54.690758446858474 ], [ 9.455198844600806, 54.690890880646222 ], [ 9.455447565920766, 54.691076578258567 ], [ 9.455646942632997, 54.691119603377146 ], [ 9.455881466898401, 54.691104889764667 ], [ 9.455942763906288, 54.690897281578593 ], [ 9.455945422897386, 54.690664729939073 ], [ 9.456007661311522, 54.690606196579338 ], [ 9.456033639578237, 54.690491401526728 ], [ 9.456016778006985, 54.69030009780267 ], [ 9.455975962944979, 54.689963962290861 ], [ 9.455134259597671, 54.690103093827169 ], [ 9.454956181880181, 54.690536953617929 ], [ 9.454879126519975, 54.690758446858474 ] ] } },
{ "type": "Feature", "properties": { "layer": "WBK_GERUEST" }, "geometry": { "type": "LineString", "coordinates": [ [ 9.443959352558135, 54.68995714587944 ], [ 9.444187737961313, 54.689928742715516 ], [ 9.444401174265476, 54.689891525711822 ], [ 9.444614771240543, 54.689868883596873 ], [ 9.444714674841704, 54.689802931169304 ], [ 9.444828874861313, 54.689658447085975 ], [ 9.444945363425349, 54.689521292295971 ], [ 9.445093071047244, 54.689297014988554 ], [ 9.445280400763215, 54.689051964147126 ], [ 9.445419007412461, 54.68881021430785 ], [ 9.444893975411356, 54.687730849877774 ], [ 9.44482424250582, 54.687476938364576 ], [ 9.444954600631757, 54.687161984967084 ], [ 9.443369616214342, 54.687055754307067 ], [ 9.443014284127022, 54.687199208101305 ], [ 9.442481780125913, 54.687459618841217 ], [ 9.443075907262061, 54.690089605570677 ], [ 9.443959352558135, 54.68995714587944 ] ] } },
{ "type": "Feature", "properties": { "layer": "WBK_GERUEST" }, "geometry": { "type": "LineString", "coordinates": [ [ 9.462074147126437, 54.683867987552119 ], [ 9.462211960499292, 54.683997790736861 ], [ 9.462281504908958, 54.684063293299552 ], [ 9.462315168448907, 54.684114276080521 ], [ 9.462344127117404, 54.684158132207202 ], [ 9.462380230673327, 54.684187706886846 ], [ 9.462452752641891, 54.684247112945485 ], [ 9.462591155646727, 54.68427095945016 ], [ 9.462711312531377, 54.68409025773957 ], [ 9.462787640406065, 54.68396336725484 ], [ 9.462815703046008, 54.683825932645249 ], [ 9.462877071130951, 54.683686224620679 ], [ 9.462724155279712, 54.683685036017017 ], [ 9.462388345303378, 54.683686172483029 ], [ 9.462125057019483, 54.683687063567071 ], [ 9.461869756545463, 54.683687926312054 ], [ 9.462074147126437, 54.683867987552119 ] ] } },
{ "type": "Feature", "properties": { "layer": "WBK_GERUEST" }, "geometry": { "type": "LineString", "coordinates": [ [ 9.447498626509065, 54.683186077675131 ], [ 9.447659923110349, 54.683230046597998 ], [ 9.447789862506841, 54.683257737356953 ], [ 9.447960416605849, 54.683294668130173 ], [ 9.448074725378509, 54.683374057943595 ], [ 9.448179320690308, 54.68343169031553 ], [ 9.448237730394542, 54.683313182006508 ], [ 9.448390844285951, 54.683141427761306 ], [ 9.44850716745019, 54.682960706775106 ], [ 9.4485679605472, 54.682876437710298 ], [ 9.448579474718585, 54.682860475622839 ], [ 9.448226921055253, 54.682829934426486 ], [ 9.447987476769148, 54.68281101261131 ], [ 9.447804196047707, 54.682798237249351 ], [ 9.447584695137049, 54.682763493097163 ], [ 9.447559963682439, 54.682847453121262 ], [ 9.447440502376352, 54.682844210936835 ], [ 9.447160383422059, 54.682833613194937 ], [ 9.447148385648212, 54.682937770037114 ], [ 9.44713720167335, 54.683003403247426 ], [ 9.447138585257376, 54.683003688415454 ], [ 9.447539355570068, 54.683086292793647 ], [ 9.447498626509065, 54.683186077675131 ] ] } },
{ "type": "Feature", "properties": { "layer": "WBK_GERUEST" }, "geometry": { "type": "LineString", "coordinates": [ [ 9.477505694321298, 54.68277103767339 ], [ 9.477811863593796, 54.682804205699128 ], [ 9.477836747307775, 54.682978630060894 ], [ 9.478336601464887, 54.682966532548264 ], [ 9.478379993112053, 54.682449964962601 ], [ 9.477828790394781, 54.682419865005627 ], [ 9.477811878489568, 54.682559789935887 ], [ 9.477582885385118, 54.682560692509639 ], [ 9.477512349255869, 54.682562113855816 ], [ 9.477505694321298, 54.68277103767339 ] ] } },
{ "type": "Feature", "properties": { "layer": "WBK_GERUEST" }, "geometry": { "type": "LineString", "coordinates": [ [ 9.469246422492176, 54.679040501834997 ], [ 9.469180679674755, 54.679096989653239 ], [ 9.46906123033358, 54.679275845769183 ], [ 9.469840435117403, 54.679399582328557 ], [ 9.470286502204434, 54.679440103386035 ], [ 9.470521826061916, 54.679472052460994 ], [ 9.470740617664887, 54.679475897628279 ], [ 9.47084555317881, 54.679442627969891 ], [ 9.470937520641497, 54.679317339340486 ], [ 9.47095661846693, 54.679240329732146 ], [ 9.470963954054071, 54.679174577069581 ], [ 9.4705095686553, 54.679115311749946 ], [ 9.469722375695135, 54.679001000029722 ], [ 9.469430020092862, 54.678941102820303 ], [ 9.469348734484864, 54.678917945002034 ], [ 9.469246422492176, 54.679040501834997 ] ] } },
{ "type": "Feature", "properties": { "layer": "WBK_GERUEST" }, "geometry": { "type": "LineString", "coordinates": [ [ 9.45382961137352, 54.678507679813542 ], [ 9.454109474774551, 54.678513178246192 ], [ 9.454220371385736, 54.678366990692652 ], [ 9.454291895084207, 54.67825163934576 ], [ 9.454304616941831, 54.678205558781265 ], [ 9.454317038678619, 54.678132626392248 ], [ 9.454415979133991, 54.677928155681471 ], [ 9.454247347590607, 54.677905371293313 ], [ 9.454404240731147, 54.677682314731264 ], [ 9.454482784876804, 54.677514645574455 ], [ 9.454633861583485, 54.677260573283554 ], [ 9.454768628985706, 54.676997173412367 ], [ 9.454887613940892, 54.676771389049705 ], [ 9.454943634739196, 54.676710149209839 ], [ 9.454481419525164, 54.676669635964231 ], [ 9.454197682379498, 54.676651923529946 ], [ 9.454076067634222, 54.676642991107556 ], [ 9.453938196547496, 54.676629424735182 ], [ 9.45373546847477, 54.676611406541468 ], [ 9.453742463611441, 54.676513110060057 ], [ 9.453815373512802, 54.676512522229864 ], [ 9.453741154862868, 54.676395437427828 ], [ 9.453667828823493, 54.676358155864513 ], [ 9.453585877930784, 54.676273961556959 ], [ 9.453536276297335, 54.676184952125759 ], [ 9.453519339429915, 54.676119292374096 ], [ 9.453518658651893, 54.676058265582178 ], [ 9.453485521302952, 54.675992666514155 ], [ 9.453368939918052, 54.675971253238487 ], [ 9.453161077918107, 54.675956325951041 ], [ 9.453154235768054, 54.676069019781977 ], [ 9.453122881012641, 54.676163028081902 ], [ 9.453084003671744, 54.676308704315737 ], [ 9.453085942444659, 54.676482394609302 ], [ 9.453167527208649, 54.676612403284416 ], [ 9.453244666013825, 54.676751852250717 ], [ 9.453244253429569, 54.676751842112651 ], [ 9.453285761131655, 54.676965181941185 ], [ 9.45334377852517, 54.677082327681013 ], [ 9.453401491720342, 54.677140464560836 ], [ 9.453401428186609, 54.677166613158576 ], [ 9.453493214541997, 54.677405689187722 ], [ 9.453501020535747, 54.677482340891743 ], [ 9.4536148893553, 54.677757967502316 ], [ 9.453627334038513, 54.677879898638423 ], [ 9.453673190597147, 54.677977763370599 ], [ 9.45363514992207, 54.678127513971859 ], [ 9.453835023076664, 54.678241846946563 ], [ 9.453892368627129, 54.678324350317403 ], [ 9.45382961137352, 54.678507679813542 ] ] } },
{ "type": "Feature", "properties": { "layer": "WBK_GERUEST" }, "geometry": { "type": "LineString", "coordinates": [ [ 9.449231809683965, 54.678398342671429 ], [ 9.450003840170053, 54.678321776349208 ], [ 9.450527221207244, 54.678286720124021 ], [ 9.450493184923186, 54.67815736588296 ], [ 9.450419137368703, 54.677915438392432 ], [ 9.450324376629052, 54.677644050571836 ], [ 9.450277244907547, 54.677481541873036 ], [ 9.449933974555785, 54.677495658660121 ], [ 9.449413752042963, 54.677536104459811 ], [ 9.448851482634403, 54.677496867669404 ], [ 9.448734708029114, 54.677507995011986 ], [ 9.448744475422776, 54.677655809887078 ], [ 9.448756958973144, 54.677862522190502 ], [ 9.448770096226037, 54.678128306698568 ], [ 9.448802235792373, 54.678432207985807 ], [ 9.449231809683965, 54.678398342671429 ] ] } },
{ "type": "Feature", "properties": { "layer": "WBK_GERUEST" }, "geometry": { "type": "LineString", "coordinates": [ [ 9.404681014776621, 54.660015289159837 ], [ 9.404694097103999, 54.660093682466055 ], [ 9.404745256859808, 54.660231424866339 ], [ 9.404801777227915, 54.660348890960158 ], [ 9.404987446016086, 54.660465920424144 ], [ 9.405117192749174, 54.660584270960108 ], [ 9.405223097814678, 54.660661217512313 ], [ 9.405316342687332, 54.660760732107505 ], [ 9.405379777342958, 54.660787151526741 ], [ 9.404932165368319, 54.661080948189159 ], [ 9.404348604981228, 54.661429654663081 ], [ 9.403433903822703, 54.661895052489527 ], [ 9.403151538555772, 54.6620598188535 ], [ 9.402889992547152, 54.662215329720119 ], [ 9.402744129140805, 54.662317890545289 ], [ 9.402600115482025, 54.662419150920698 ], [ 9.402168014553775, 54.662220151195569 ], [ 9.401920825576777, 54.661956971412522 ], [ 9.401654934215831, 54.661508069983945 ], [ 9.401522392632909, 54.661349759258073 ], [ 9.401428371973152, 54.661171784841564 ], [ 9.401308774218213, 54.661053441659263 ], [ 9.401170923045099, 54.660905208120106 ], [ 9.401019942814523, 54.660742703542745 ], [ 9.400886206762218, 54.660612750744782 ], [ 9.400753861989713, 54.660491435914146 ], [ 9.400426223913483, 54.660118702704978 ], [ 9.40024014576934, 54.659958882643963 ], [ 9.400057559484519, 54.659826437516195 ], [ 9.399948010943879, 54.659743799891849 ], [ 9.399704921785471, 54.659546199404012 ], [ 9.399663472454515, 54.659505405309361 ], [ 9.399660434134566, 54.659502414601725 ], [ 9.399705025230965, 54.65947453185774 ], [ 9.399743148256759, 54.659450692125034 ], [ 9.399837791440024, 54.659399677903934 ], [ 9.399886715766526, 54.659373307653752 ], [ 9.400045802028155, 54.659290773428552 ], [ 9.40012464637468, 54.659265408673924 ], [ 9.400196196984236, 54.659242390215866 ], [ 9.400306365491291, 54.659188541905102 ], [ 9.400366254720074, 54.659159613469647 ], [ 9.400410419549532, 54.659138279760548 ], [ 9.40049633995752, 54.659120166271371 ], [ 9.400551462323735, 54.659103209735193 ], [ 9.40058504850195, 54.659092878623319 ], [ 9.400811919146873, 54.659024379452603 ], [ 9.400928458126272, 54.658988852713748 ], [ 9.400977469225561, 54.658973911331017 ], [ 9.401047096419346, 54.658959204456792 ], [ 9.401207805062844, 54.658925260160586 ], [ 9.4013283641093, 54.658888914484358 ], [ 9.401370097012238, 54.658876333664089 ], [ 9.401452325882683, 54.658857936070127 ], [ 9.401548049807591, 54.658836519866597 ], [ 9.401552306971091, 54.658832950521635 ], [ 9.40157850154208, 54.658810989402689 ], [ 9.401590745452033, 54.658800723439533 ], [ 9.401663906949553, 54.658736301335786 ], [ 9.40176173862784, 54.658678928438995 ], [ 9.40183811989858, 54.658609399053638 ], [ 9.401865489837245, 54.6585785566825 ], [ 9.401911106116867, 54.658527151805892 ], [ 9.401959527495634, 54.658448551228531 ], [ 9.402002151907219, 54.658405624644146 ], [ 9.402004389516433, 54.658402253409328 ], [ 9.402056686866768, 54.65832343859477 ], [ 9.402068049727706, 54.658295569202515 ], [ 9.402104721621352, 54.658205620254122 ], [ 9.402201668454333, 54.658059115705974 ], [ 9.402243904392146, 54.657976971325851 ], [ 9.402371949726897, 54.657866016245492 ], [ 9.402475643518775, 54.657780099617966 ], [ 9.402516142489411, 54.657708287815623 ], [ 9.402523992440901, 54.657694368806503 ], [ 9.402554807125888, 54.657521469988872 ], [ 9.402552729636934, 54.657491047132694 ], [ 9.402558094020442, 54.657469690708098 ], [ 9.402582311863252, 54.657373290856142 ], [ 9.402568773917762, 54.657301452984221 ], [ 9.402562840186741, 54.657269960924836 ], [ 9.402494316322279, 54.65718105640584 ], [ 9.402483662508921, 54.657162873522388 ], [ 9.402456784478961, 54.65711700551401 ], [ 9.402345144925595, 54.657021114954951 ], [ 9.402239725327011, 54.656932333845958 ], [ 9.402060128413906, 54.656804581923971 ], [ 9.401892759953434, 54.656669657983009 ], [ 9.401565438233794, 54.656401633414973 ], [ 9.401460234553605, 54.65633424252578 ], [ 9.401310090331569, 54.656200976237088 ], [ 9.401230403378316, 54.656184086201925 ], [ 9.401045114654616, 54.656144814559866 ], [ 9.400916016974582, 54.656148811032878 ], [ 9.400808417265518, 54.656168906368627 ], [ 9.400799394085741, 54.65617059165244 ], [ 9.400768682075869, 54.656192209884594 ], [ 9.400707787696319, 54.656235074323085 ], [ 9.400701113862311, 54.656231837762995 ], [ 9.400631248328857, 54.65619795826079 ], [ 9.40062746364778, 54.656196123068405 ], [ 9.400503533248964, 54.656100270592923 ], [ 9.400396855108653, 54.655951158252066 ], [ 9.400495040294016, 54.655926580287897 ], [ 9.400559114183277, 54.65593635451544 ], [ 9.401169834313585, 54.655734596793877 ], [ 9.401185905503542, 54.655617556037633 ], [ 9.401191121938487, 54.655522681611089 ], [ 9.401165048412038, 54.655447794496766 ], [ 9.401054516907156, 54.655366363544417 ], [ 9.400821264810617, 54.65529650978177 ], [ 9.400803864630703, 54.655294168802584 ], [ 9.400588391282591, 54.655265179534872 ], [ 9.400457390284133, 54.655253473552555 ], [ 9.400311286684042, 54.655240418124706 ], [ 9.400155995036615, 54.655215250650265 ], [ 9.399867753521422, 54.655184103881162 ], [ 9.399490604878601, 54.655121145914194 ], [ 9.399224511760981, 54.655089923612771 ], [ 9.39911370944289, 54.655083870623123 ], [ 9.399042667266285, 54.65499101369565 ], [ 9.398942888889865, 54.654848728951144 ], [ 9.398668548196731, 54.65486060790105 ], [ 9.398524970634742, 54.654871506566899 ], [ 9.398525005567198, 54.654875072470993 ], [ 9.397528990339302, 54.654973539053515 ], [ 9.397747219792192, 54.653921115505888 ], [ 9.397735700374382, 54.653917609819068 ], [ 9.397742719573287, 54.65389725918876 ], [ 9.397749138234476, 54.653815330223004 ], [ 9.397758830159038, 54.65375192425418 ], [ 9.397750929963443, 54.65368199947158 ], [ 9.397759971027748, 54.653657456978742 ], [ 9.397792142811197, 54.653627761728714 ], [ 9.397869887385568, 54.653591866631345 ], [ 9.398091359501988, 54.653591133759946 ], [ 9.398501333330737, 54.653615461850961 ], [ 9.398570580710221, 54.65350587350482 ], [ 9.398612792977028, 54.653289900493185 ], [ 9.398624113184653, 54.653190031761042 ], [ 9.398683751406322, 54.653000868671313 ], [ 9.398774130541039, 54.652811604246281 ], [ 9.398865173079972, 54.652690079322355 ], [ 9.398986851463583, 54.652557757067555 ], [ 9.399096827174249, 54.652486084816616 ], [ 9.399188321145665, 54.652410909222553 ], [ 9.399356720361443, 54.652295910256449 ], [ 9.399565382873153, 54.652255998836303 ], [ 9.399718779593409, 54.652223401654375 ], [ 9.399825341862512, 54.652117364951756 ], [ 9.399966751522285, 54.65192133185684 ], [ 9.399905140685833, 54.651657525122374 ], [ 9.400053923377964, 54.651353907304902 ], [ 9.399914614135854, 54.650564858349725 ], [ 9.399839768033017, 54.650501281294758 ], [ 9.399765530967223, 54.650455179998936 ], [ 9.399640982123847, 54.650295159130337 ], [ 9.399281409636789, 54.649950177963923 ], [ 9.399013688997885, 54.649655501050745 ], [ 9.398821306961995, 54.649474312262171 ], [ 9.398931970541209, 54.649473945675169 ], [ 9.398925223956333, 54.649413359953151 ], [ 9.398924310534808, 54.649320667986018 ], [ 9.3988728745123, 54.649092665248098 ], [ 9.398883657964165, 54.648939325854741 ], [ 9.398900168066241, 54.64874318520733 ], [ 9.398977311163272, 54.648461279014683 ], [ 9.399031057530392, 54.648300667677979 ], [ 9.399115508092052, 54.64813638992355 ], [ 9.399157768911115, 54.648057816018451 ], [ 9.399175719036455, 54.648007843295979 ], [ 9.399083185850083, 54.647976062411274 ], [ 9.399173713211502, 54.647804634306603 ], [ 9.399240387259708, 54.647708153320472 ], [ 9.399325400179686, 54.6476009164098 ], [ 9.399386454047601, 54.647557932537801 ], [ 9.399453656792723, 54.647514927431118 ], [ 9.399569827919786, 54.647450369851597 ], [ 9.399753624117013, 54.647385588776032 ], [ 9.399888309981094, 54.647328099957946 ], [ 9.400096554843891, 54.647248976167383 ], [ 9.400310804629868, 54.647155571654004 ], [ 9.400402490289375, 54.64710179054341 ], [ 9.400500146192497, 54.647030163090854 ], [ 9.400579252630804, 54.646947901590082 ], [ 9.400646382990189, 54.646897766699432 ], [ 9.400723484516234, 54.646879337075966 ], [ 9.400793429434023, 54.646847366196916 ], [ 9.400904015684663, 54.646839868708561 ], [ 9.401026756178348, 54.646818071244951 ], [ 9.401031948807576, 54.646721793889647 ], [ 9.40095711699176, 54.646615086363681 ], [ 9.400808268387227, 54.646483668130941 ], [ 9.400696446709745, 54.646366387583271 ], [ 9.400497890340882, 54.646181655803701 ], [ 9.400343117478771, 54.646028517161618 ], [ 9.400176395218162, 54.645954200154826 ], [ 9.399972858442279, 54.645887134866499 ], [ 9.399849052964138, 54.64584510946468 ], [ 9.39962705095626, 54.64573140930208 ], [ 9.399509720587901, 54.645678319000268 ], [ 9.39928091735497, 54.645586726994935 ], [ 9.399076891420737, 54.645469749182368 ], [ 9.39883559751908, 54.645313675704195 ], [ 9.398593951701802, 54.645121951672536 ], [ 9.398408127061783, 54.644979955090712 ], [ 9.398313715738073, 54.644843694783376 ], [ 9.398256195300943, 54.644801846745828 ], [ 9.398191859448541, 54.64473969801314 ], [ 9.398196063479187, 54.644670480144114 ], [ 9.398127637153749, 54.644588705644516 ], [ 9.398071609890426, 54.644517585695446 ], [ 9.398021238579073, 54.644396534463958 ], [ 9.398038592665962, 54.644285955806779 ], [ 9.398055418888555, 54.644121901117607 ], [ 9.398200985760491, 54.643921770650941 ], [ 9.398254624701588, 54.643750464504379 ], [ 9.398345287333086, 54.643593296958031 ], [ 9.398375144898591, 54.643504068722102 ], [ 9.398325441561473, 54.643450753683268 ], [ 9.398238925239124, 54.643404690940557 ], [ 9.398054407560956, 54.643394600938528 ], [ 9.397925424308442, 54.64340572057489 ], [ 9.397802869656539, 54.643445339946261 ], [ 9.397509084571157, 54.643531521588379 ], [ 9.39727997364465, 54.643619094356701 ], [ 9.396490203848291, 54.643885681213675 ], [ 9.396346903701211, 54.643886150707516 ], [ 9.396176113750618, 54.64366182048974 ], [ 9.395368426005316, 54.643820903723871 ], [ 9.393903331275833, 54.644088252269604 ], [ 9.393745268953467, 54.644036165203296 ], [ 9.39352417937249, 54.644058276130671 ], [ 9.393303227352131, 54.644094645792023 ], [ 9.393008612574592, 54.644141950612926 ], [ 9.392585219294146, 54.644221759636793 ], [ 9.392223121373226, 54.644283541971475 ], [ 9.391861229905343, 54.644366715109932 ], [ 9.391542264906073, 54.644439051977251 ], [ 9.391483714440357, 54.644444950840615 ], [ 9.391105775911621, 54.644036710472719 ], [ 9.390980580883339, 54.643883016717986 ], [ 9.390415613117442, 54.643307264863232 ], [ 9.390217015652819, 54.643111814696098 ], [ 9.390030677984242, 54.642912758664934 ], [ 9.389819686691093, 54.642706651516171 ], [ 9.389639501167206, 54.642507575949296 ], [ 9.389360349573472, 54.64224464189985 ], [ 9.389174089756132, 54.642052714526073 ], [ 9.388994148868118, 54.64187859307512 ], [ 9.388857508460493, 54.641732852296961 ], [ 9.388721033078594, 54.641604933771951 ], [ 9.388578274230371, 54.641462774759056 ], [ 9.388423152072439, 54.641313523216418 ], [ 9.388205872826992, 54.641093163037638 ], [ 9.388050580335513, 54.640926085029406 ], [ 9.387932585273251, 54.640801673254074 ], [ 9.387771148540551, 54.640634614593573 ], [ 9.387584849554626, 54.640439112564088 ], [ 9.387417199823938, 54.640264943076858 ], [ 9.387218668411522, 54.640076613489136 ], [ 9.387038439247936, 54.63987396452896 ], [ 9.386908109795652, 54.639746028764016 ], [ 9.386759100389671, 54.639593194901835 ], [ 9.386628740420811, 54.639461692894194 ], [ 9.38649216573463, 54.639323080364171 ], [ 9.386590241610206, 54.639294242414444 ], [ 9.387029077909295, 54.639226758280458 ], [ 9.38759385602655, 54.639150071828269 ], [ 9.388299701965694, 54.639044410850758 ], [ 9.389005683678032, 54.63895300760494 ], [ 9.389711662127882, 54.638861599363359 ], [ 9.390159764192139, 54.638799541693032 ], [ 9.390614011012309, 54.638737463428185 ], [ 9.391350577467627, 54.638631683642942 ], [ 9.391970531501483, 54.638544105566041 ], [ 9.392308097288351, 54.638493094281472 ], [ 9.392940306622403, 54.638401904569641 ], [ 9.393437501834033, 54.638332544135793 ], [ 9.394014563531233, 54.638259354671348 ], [ 9.394425775652749, 54.638197401323993 ], [ 9.39495977475246, 54.638120782594626 ], [ 9.395493912035594, 54.638058422465122 ], [ 9.395911163392642, 54.637985746237767 ], [ 9.396199830186292, 54.637963407817729 ], [ 9.396635552274512, 54.637894233736084 ], [ 9.396844281333333, 54.637868589775124 ], [ 9.39701961103721, 54.637880606187515 ], [ 9.397091155580158, 54.637971179280321 ], [ 9.397110897789936, 54.638103038610865 ], [ 9.397142826484655, 54.638224161647258 ], [ 9.397180865133514, 54.638341699491463 ], [ 9.397420994329215, 54.638337040268134 ], [ 9.397686407423476, 54.638310482510533 ], [ 9.398029241642044, 54.638277247410286 ], [ 9.398361069777526, 54.638250468755977 ], [ 9.398703840041916, 54.638210810766026 ], [ 9.398903088939617, 54.638210153998422 ], [ 9.399025044250743, 54.638229015412108 ], [ 9.39933517730115, 54.63824725573884 ], [ 9.399629531902272, 54.638274322264223 ], [ 9.399495113221606, 54.638020397343411 ], [ 9.399326574417231, 54.637744452694704 ], [ 9.399069246845608, 54.637367936396359 ], [ 9.398888865358886, 54.637095562951075 ], [ 9.398690833995749, 54.637011008477153 ], [ 9.398404871470436, 54.637082308534112 ], [ 9.398337741293295, 54.637232577743703 ], [ 9.398233255319026, 54.637232922604305 ], [ 9.397569566282428, 54.637245805228645 ], [ 9.39745141357823, 54.637107138126431 ], [ 9.397242405875607, 54.637104260327156 ], [ 9.396658584218986, 54.637113309672806 ], [ 9.396410099024127, 54.636846711565397 ], [ 9.396012247043595, 54.636391632124408 ], [ 9.395546059111084, 54.635861899888553 ], [ 9.39596293958564, 54.635753567046173 ], [ 9.396336936592212, 54.635659635576346 ], [ 9.396956385736249, 54.635525674230259 ], [ 9.397336629935358, 54.635442415456865 ], [ 9.397393367842264, 54.635431575953916 ], [ 9.39778140546523, 54.635357440707345 ], [ 9.398573369107343, 54.635169341398075 ], [ 9.399497436039994, 54.634961609087959 ], [ 9.399705064117462, 54.634933306353403 ], [ 9.399883929840142, 54.635132547729782 ], [ 9.399960069112302, 54.635299724169428 ], [ 9.39995231569711, 54.63545637648253 ], [ 9.400263989034054, 54.635903620204516 ], [ 9.400572715434667, 54.636053822148973 ], [ 9.401123123751715, 54.636165414076778 ], [ 9.401184799329359, 54.636158360608555 ], [ 9.401627442493783, 54.636107737780627 ], [ 9.401672294281287, 54.636165382281845 ], [ 9.401715291598414, 54.636246248945639 ], [ 9.401761359001281, 54.636309930405766 ], [ 9.401827008823242, 54.636392987427222 ], [ 9.401864159126093, 54.636450734709271 ], [ 9.401864586146433, 54.636493520247932 ], [ 9.401828411621686, 54.636533696210577 ], [ 9.401751426822305, 54.63655314084599 ], [ 9.401647882275656, 54.636557017416038 ], [ 9.401583560495933, 54.636559097521719 ], [ 9.401542264124764, 54.636585817136151 ], [ 9.401564825457863, 54.636636910453532 ], [ 9.401598537578097, 54.63670075970014 ], [ 9.401644052582604, 54.636743276033798 ], [ 9.401654492667157, 54.636783722269243 ], [ 9.401650708812493, 54.636840679846493 ], [ 9.401673933219422, 54.636911520695811 ], [ 9.401690427419071, 54.636952523797504 ], [ 9.401718763721695, 54.637028456755999 ], [ 9.401727655863189, 54.637137159635529 ], [ 9.401791153571903, 54.637142698644524 ], [ 9.402104434782469, 54.637123828609006 ], [ 9.402595812946343, 54.637090101151919 ], [ 9.403308321262623, 54.63704136795748 ], [ 9.404033267377052, 54.637006848671525 ], [ 9.404414197816482, 54.636991308254316 ], [ 9.404887000570104, 54.636943368576382 ], [ 9.405181810138073, 54.636920983664226 ], [ 9.405826922098363, 54.636893853924974 ], [ 9.406324488329673, 54.636863652994727 ], [ 9.406446128021345, 54.636995590119106 ], [ 9.406663328871677, 54.637240432775165 ], [ 9.406663723783353, 54.637240877192895 ], [ 9.406665691155105, 54.637243800342119 ], [ 9.406838439575116, 54.637500571293067 ], [ 9.407031809638955, 54.63778159403779 ], [ 9.407187479506385, 54.63798073729825 ], [ 9.407280932924301, 54.638105214870855 ], [ 9.407436532292568, 54.638297225971549 ], [ 9.407592204463029, 54.638496367778941 ], [ 9.407747698084686, 54.638677682548121 ], [ 9.407884717211862, 54.638855494261463 ], [ 9.408102468393132, 54.639115037807414 ], [ 9.408233055074771, 54.639264346186152 ], [ 9.408401277872287, 54.639488401386643 ], [ 9.408481125825219, 54.639581580997366 ], [ 9.408550557846484, 54.639662604021929 ], [ 9.408608507518736, 54.639748111620591 ], [ 9.408656634174038, 54.639819125850238 ], [ 9.408734875506065, 54.640003843853471 ], [ 9.408642748399028, 54.640011287990305 ], [ 9.408059355836782, 54.640066754531226 ], [ 9.407248535883756, 54.640122989351163 ], [ 9.406413378805823, 54.640204260872231 ], [ 9.40646737794351, 54.640332859073567 ], [ 9.406537249022472, 54.640557251681024 ], [ 9.406594756743184, 54.640774554635534 ], [ 9.406661846664427, 54.641073409884449 ], [ 9.406738619589078, 54.64137265401758 ], [ 9.4073036581325, 54.641324384137633 ], [ 9.40785032704308, 54.641283305587812 ], [ 9.40856266871279, 54.641213137050777 ], [ 9.409084784503339, 54.641175701858188 ], [ 9.40918221354408, 54.641343370213924 ], [ 9.409207843892755, 54.641446682139488 ], [ 9.409245588468259, 54.641532125636438 ], [ 9.409258603306183, 54.641603391369273 ], [ 9.409259539988815, 54.641696091420236 ], [ 9.409266839973441, 54.641810154414244 ], [ 9.409268245773896, 54.64194919234258 ], [ 9.409271939499284, 54.641982289619534 ], [ 9.409281765695058, 54.642070362759448 ], [ 9.409276808195045, 54.642188031435687 ], [ 9.409290111620173, 54.642287811809361 ], [ 9.409298133402288, 54.642473174903813 ], [ 9.40927810596906, 54.642665341634164 ], [ 9.409286668619805, 54.642904180697805 ], [ 9.409282071195962, 54.643057500313532 ], [ 9.409301342434823, 54.643139433956769 ], [ 9.409296241542579, 54.643242842596855 ], [ 9.409270466711682, 54.643343513632033 ], [ 9.4092641568009, 54.643368155652617 ], [ 9.409270306854815, 54.64349064777727 ], [ 9.409271852963325, 54.643521432779131 ], [ 9.409274053752412, 54.643738902563669 ], [ 9.409269988821769, 54.643784162060605 ], [ 9.409260579592734, 54.643888927008476 ], [ 9.409251953526711, 54.643984977343102 ], [ 9.409231273748388, 54.644112973057595 ], [ 9.409228127187365, 54.644113044807682 ], [ 9.409046895127615, 54.644117167009313 ], [ 9.408776274969375, 54.644103828230449 ], [ 9.407441872080113, 54.644062019119971 ], [ 9.406224160865342, 54.644009104622299 ], [ 9.405486145104332, 54.64397594948715 ], [ 9.404865067806416, 54.643956656436657 ], [ 9.404391416733406, 54.643926166812669 ], [ 9.403487358923707, 54.643886428553273 ], [ 9.402497207029779, 54.64384339496565 ], [ 9.401500697529437, 54.643778964764252 ], [ 9.401385078888847, 54.643853868200083 ], [ 9.401097603570776, 54.644044123645052 ], [ 9.400939121125619, 54.644180125456991 ], [ 9.400939650968555, 54.644233601470923 ], [ 9.400952759052149, 54.644315556821574 ], [ 9.400934881505799, 54.644372658960606 ], [ 9.400917289468259, 54.644458282051751 ], [ 9.40097346210862, 54.644543660714668 ], [ 9.401158800103804, 54.644635741446081 ], [ 9.401288281643103, 54.644674529356976 ], [ 9.401411015133403, 54.644731101347247 ], [ 9.401553172749731, 54.644757928429556 ], [ 9.401682556432172, 54.644775267095859 ], [ 9.401780983526848, 54.644765589385216 ], [ 9.401891882374734, 54.644790176956732 ], [ 9.402236307016672, 54.644806859007929 ], [ 9.402531590346316, 54.644827268690662 ], [ 9.402753968952732, 54.644863913534721 ], [ 9.402758673333411, 54.645336296259522 ], [ 9.403067968440579, 54.645599120639638 ], [ 9.404655813953763, 54.647167529996828 ], [ 9.404678289165126, 54.647197760638946 ], [ 9.404678492713304, 54.647197967553289 ], [ 9.40472026343912, 54.6473012811499 ], [ 9.404727232593594, 54.647383256597458 ], [ 9.404721655506538, 54.647440318130322 ], [ 9.404856868093779, 54.647436297090493 ], [ 9.405336493264139, 54.647445375099963 ], [ 9.406203814828025, 54.647492358624397 ], [ 9.406806609510452, 54.647522405314987 ], [ 9.407323263903447, 54.647545610560641 ], [ 9.408104487281271, 54.647589306952995 ], [ 9.408694988154849, 54.647619386617258 ], [ 9.408935342798246, 54.64765296944524 ], [ 9.408892709534767, 54.648021376392641 ], [ 9.408740811323481, 54.648033914127112 ], [ 9.408708609442227, 54.648266444359813 ], [ 9.408669740100597, 54.648523039884772 ], [ 9.408665055734247, 54.648743453516538 ], [ 9.408633662282721, 54.649056125709571 ], [ 9.408629869215114, 54.649364696488632 ], [ 9.40861160702563, 54.6496092005248 ], [ 9.408584734914772, 54.649685428698632 ], [ 9.408587851823979, 54.649993976121948 ], [ 9.408718581493412, 54.650439287335743 ], [ 9.408766238822011, 54.65055037580543 ], [ 9.408945665834191, 54.650525723191421 ], [ 9.409306703305608, 54.650612491068955 ], [ 9.409472062587522, 54.650699036756919 ], [ 9.409580241134652, 54.650751238912171 ], [ 9.4097878794122, 54.650771288620284 ], [ 9.409913382416855, 54.65076330911873 ], [ 9.410119663410102, 54.650748766688608 ], [ 9.410319304678955, 54.650776185809832 ], [ 9.410504158390177, 54.650787533981337 ], [ 9.410618024419502, 54.650782719788104 ], [ 9.410707959803235, 54.650770415213223 ], [ 9.410775783070868, 54.650753756856645 ], [ 9.41085470601827, 54.650714063174824 ], [ 9.410899334712601, 54.650685327756769 ], [ 9.410914632760852, 54.650669025608941 ], [ 9.411216681600472, 54.650748164954877 ], [ 9.411426260233879, 54.650800927627657 ], [ 9.411396242720825, 54.650872336646685 ], [ 9.411317619151813, 54.651000957319567 ], [ 9.411250965284255, 54.651097449354701 ], [ 9.411202285354223, 54.651147531002799 ], [ 9.411147856616626, 54.65123685029441 ], [ 9.411107806217613, 54.651287560416385 ], [ 9.411026445547998, 54.651390573791907 ], [ 9.410936209274832, 54.65158697547357 ], [ 9.410827200570161, 54.651751352911248 ], [ 9.410712621802402, 54.65197279469448 ], [ 9.410555471994488, 54.652240731879409 ], [ 9.410465472409081, 54.652397707530213 ], [ 9.410434632742806, 54.652451499253893 ], [ 9.410355928043849, 54.652572989289084 ], [ 9.410303694169544, 54.652647789515157 ], [ 9.410271076174183, 54.652694500120788 ], [ 9.410251628994137, 54.652728271594327 ], [ 9.410174396036641, 54.652862400250655 ], [ 9.4100655246011, 54.65304103787534 ], [ 9.409962656951034, 54.653205394578301 ], [ 9.409872121143422, 54.6533732736332 ], [ 9.409787553452949, 54.653523305906326 ], [ 9.409684538290064, 54.65367340146414 ], [ 9.409581846908125, 54.653855583722212 ], [ 9.409557619071448, 54.653891866034463 ], [ 9.409424356524804, 54.654091432597262 ], [ 9.409339712380621, 54.654234333655943 ], [ 9.409255427949418, 54.654412888225799 ], [ 9.409128244513445, 54.654605849159061 ], [ 9.409037198831927, 54.654723814886189 ], [ 9.408964885088647, 54.654870239996718 ], [ 9.408892321567649, 54.654991708273435 ], [ 9.408795591434314, 54.655156043168581 ], [ 9.408711014536614, 54.655306075559054 ], [ 9.408596014224184, 54.655488298488351 ], [ 9.408438222355322, 54.655695625168384 ], [ 9.408359827632051, 54.655849200651339 ], [ 9.408275176143611, 54.655992102726778 ], [ 9.408226808715858, 54.65607426993364 ], [ 9.408095850738984, 54.656267281978138 ], [ 9.407681474463404, 54.656910794571147 ], [ 9.406720989300185, 54.656763925630294 ], [ 9.405801196075409, 54.658257353218183 ], [ 9.405344688589693, 54.658023131490438 ], [ 9.405144532525272, 54.658093249187004 ], [ 9.404970839699706, 54.65824233247185 ], [ 9.404849981543272, 54.658456660974679 ], [ 9.405199407725126, 54.659105773603763 ], [ 9.405227953723843, 54.659140924780417 ], [ 9.405211839337063, 54.659169501468654 ], [ 9.405199824880787, 54.659198065332212 ], [ 9.405133267661745, 54.659241991621968 ], [ 9.405029256274085, 54.659295823705818 ], [ 9.404967441669196, 54.659329579697754 ], [ 9.404955545368853, 54.659370026567714 ], [ 9.405012547850131, 54.659470582034892 ], [ 9.405093489315341, 54.659570137999765 ], [ 9.405155590967185, 54.659630539800268 ], [ 9.40519913665398, 54.659680307445718 ], [ 9.405215423349862, 54.659701990502043 ], [ 9.405133539875752, 54.659698878370001 ], [ 9.404813611770134, 54.659685696560203 ], [ 9.404681014776621, 54.660015289159837 ] ] } },
{ "type": "Feature", "properties": { "layer": "WBK_GERUEST" }, "geometry": { "type": "LineString", "coordinates": [ [ 9.409783003279589, 54.664643590639479 ], [ 9.409919175520127, 54.664728693156142 ], [ 9.410073837617457, 54.664817297099646 ], [ 9.41025313698392, 54.664909382446901 ], [ 9.410382980996943, 54.664976678531609 ], [ 9.410463441235676, 54.665026318184701 ], [ 9.410574763538566, 54.665086547550828 ], [ 9.410606309369172, 54.665164876645051 ], [ 9.410625337406884, 54.665221856615069 ], [ 9.410592604623538, 54.665264451565783 ], [ 9.410490868991754, 54.665312767975514 ], [ 9.410214273019109, 54.665345820539834 ], [ 9.409837658384838, 54.665347108999399 ], [ 9.409686877821674, 54.665330164165255 ], [ 9.409420233893757, 54.665265198555367 ], [ 9.409143387526491, 54.665200834828063 ], [ 9.408945386988149, 54.665142033011293 ], [ 9.408514279135867, 54.665028280060625 ], [ 9.408168882961489, 54.664933193594933 ], [ 9.407829677341823, 54.664841649491166 ], [ 9.407690088924404, 54.664803392409219 ], [ 9.407028989061997, 54.664629169967242 ], [ 9.406761029489783, 54.664399080722411 ], [ 9.406585203338764, 54.664186450370416 ], [ 9.406429104603346, 54.663902678581458 ], [ 9.406335557280167, 54.66375077569306 ], [ 9.406299617508111, 54.663735108106764 ], [ 9.406136695536695, 54.663664082147179 ], [ 9.406157302061855, 54.663594022794484 ], [ 9.406092397583501, 54.663495430197329 ], [ 9.406133772059416, 54.663253034311509 ], [ 9.406130446409414, 54.663038306389232 ], [ 9.406156528799368, 54.662998727598648 ], [ 9.406086808607384, 54.662774068124129 ], [ 9.405957371631512, 54.662481164468851 ], [ 9.405769782068299, 54.662276460173729 ], [ 9.405463834510421, 54.662042821511356 ], [ 9.40513293199996, 54.661843488737375 ], [ 9.405022566475127, 54.661770526586494 ], [ 9.404603727051052, 54.662055504740252 ], [ 9.404599483239346, 54.662196309978754 ], [ 9.404388873305788, 54.662173307262336 ], [ 9.404265552202389, 54.662141635019459 ], [ 9.404093598777022, 54.662167172272639 ], [ 9.403964553079378, 54.662178302912082 ], [ 9.403731063643713, 54.66220048172061 ], [ 9.403589682997124, 54.6622080888921 ], [ 9.403411494742679, 54.662198099964492 ], [ 9.403349688229328, 54.662194634806774 ], [ 9.403312013579537, 54.662169002017947 ], [ 9.403634039330498, 54.661971431033209 ], [ 9.404526779212363, 54.66152536949005 ], [ 9.405253555698025, 54.661099125132345 ], [ 9.405568380179233, 54.66087297573047 ], [ 9.405699132050943, 54.660909181713272 ], [ 9.40598288305037, 54.660993789372782 ], [ 9.406093902919061, 54.661025501147044 ], [ 9.406192227219886, 54.661076216063449 ], [ 9.406286192546956, 54.661188855610106 ], [ 9.406342862811893, 54.661320580939453 ], [ 9.406424774640227, 54.661516397155019 ], [ 9.406544195673218, 54.661772696976037 ], [ 9.406638732717751, 54.662000558466531 ], [ 9.406726190954398, 54.662135744370175 ], [ 9.406782113574106, 54.662192600061275 ], [ 9.40686260115603, 54.662245807141147 ], [ 9.407066480280621, 54.662395991481404 ], [ 9.40723374969008, 54.662516645389253 ], [ 9.407345453132955, 54.662616094506987 ], [ 9.407457587326142, 54.662758327042184 ], [ 9.407532573154196, 54.662817550080057 ], [ 9.407638951738681, 54.662999020789428 ], [ 9.407733067285539, 54.663184097835867 ], [ 9.40775230483586, 54.663262470045808 ], [ 9.407815239902426, 54.663404868889465 ], [ 9.407939212788728, 54.663500710997589 ], [ 9.408038297308693, 54.663568115060151 ], [ 9.408118896590413, 54.663632017170585 ], [ 9.408360407969445, 54.663795199622051 ], [ 9.40861436453447, 54.663972600931466 ], [ 9.408812538437523, 54.664107407861657 ], [ 9.408806071177091, 54.664109182154974 ], [ 9.40876660127457, 54.664120012607775 ], [ 9.408548038282087, 54.664162922647172 ], [ 9.408592346692469, 54.664287557481202 ], [ 9.408672731728915, 54.664330067451701 ], [ 9.408993665668811, 54.664439498315893 ], [ 9.409289782542544, 54.66452762067113 ], [ 9.409555258017216, 54.664626543124569 ], [ 9.409616580911235, 54.664608506439144 ], [ 9.409661667340057, 54.664582063474093 ], [ 9.409677725696197, 54.664572644744126 ], [ 9.409783003279589, 54.664643590639479 ] ] } },
{ "type": "Feature", "properties": { "layer": "WBK_GERUEST" }, "geometry": { "type": "LineString", "coordinates": [ [ 9.411646330603263, 54.667646340518495 ], [ 9.411475263694896, 54.667761018394067 ], [ 9.411298043614021, 54.667875717838506 ], [ 9.411175640348711, 54.667936748727151 ], [ 9.411065175835015, 54.667962085106169 ], [ 9.410965391047577, 54.667826945178383 ], [ 9.410914522972135, 54.667663114607237 ], [ 9.410892076076765, 54.667596922121149 ], [ 9.410889270794414, 54.667599025605419 ], [ 9.410851355856591, 54.667499325760275 ], [ 9.41081930353401, 54.667371084188332 ], [ 9.410829964136624, 54.667371048003609 ], [ 9.41080613497528, 54.667285561689148 ], [ 9.41078699765594, 54.667217885884497 ], [ 9.410742103032682, 54.667036207588879 ], [ 9.410710627563381, 54.66696500943538 ], [ 9.410691164919649, 54.666865246915343 ], [ 9.410653467252081, 54.666786938735143 ], [ 9.410614904095375, 54.666623066254914 ], [ 9.410540050992452, 54.666519928288373 ], [ 9.410471023154388, 54.666384681800878 ], [ 9.410414983242747, 54.666317132883378 ], [ 9.410339877873497, 54.666189038049765 ], [ 9.410283836803581, 54.666121489074179 ], [ 9.410184526575428, 54.666032696043175 ], [ 9.410115754086519, 54.665922406076703 ], [ 9.410028781176351, 54.665837135316146 ], [ 9.409886469697723, 54.665656623336815 ], [ 9.409816571420503, 54.665569569102722 ], [ 9.409774935190415, 54.665492460251912 ], [ 9.410315132129419, 54.665461054141169 ], [ 9.410492103499523, 54.665434763131934 ], [ 9.410702043739043, 54.665382676246942 ], [ 9.410788989839933, 54.665376073264746 ], [ 9.410836186175978, 54.665392269270747 ], [ 9.410934847784878, 54.665416888331158 ], [ 9.411083289401837, 54.665498381874187 ], [ 9.411256660079253, 54.665611877455419 ], [ 9.411471546026116, 54.665745505269378 ], [ 9.41173368828658, 54.665948945073268 ], [ 9.41195695442245, 54.666130008869239 ], [ 9.412235687120313, 54.666321577792743 ], [ 9.412458305140678, 54.666438468122074 ], [ 9.41273005816195, 54.666548056693166 ], [ 9.412989258365387, 54.666632731681332 ], [ 9.413279066737644, 54.666703038444432 ], [ 9.413531464625583, 54.666723559849707 ], [ 9.413648219621845, 54.666712461063746 ], [ 9.413770760835327, 54.666796140967904 ], [ 9.413634067734023, 54.666866169692625 ], [ 9.412980399855929, 54.66721125753795 ], [ 9.412361641165853, 54.667579016424845 ], [ 9.412309681746567, 54.667551360930013 ], [ 9.412130620660998, 54.667484235419359 ], [ 9.411952282465908, 54.667488414830693 ], [ 9.411814369899082, 54.667542208066536 ], [ 9.411646330603263, 54.667646340518495 ] ] } },
{ "type": "Feature", "properties": { "layer": "WBK_GERUEST" }, "geometry": { "type": "LineString", "coordinates": [ [ 9.422754504518347, 54.673957784259876 ], [ 9.422567226998966, 54.674061180231142 ], [ 9.422564560595047, 54.673804347864532 ], [ 9.422276240313028, 54.67377967837723 ], [ 9.42231207674577, 54.674029972978119 ], [ 9.421735698462452, 54.674006314017561 ], [ 9.421498395469362, 54.673997591948101 ], [ 9.421092270470099, 54.673988320876028 ], [ 9.420778199817192, 54.673957334219324 ], [ 9.420385509218196, 54.673937398719552 ], [ 9.420076572087959, 54.673927703105832 ], [ 9.419799523586098, 54.673907279863606 ], [ 9.419583845983491, 54.67387238013702 ], [ 9.419250918536033, 54.673802236877584 ], [ 9.41902868780687, 54.673728140852411 ], [ 9.418738348278904, 54.673611498712468 ], [ 9.418570859945847, 54.673476600189872 ], [ 9.418513992521641, 54.673330620089949 ], [ 9.418390007595143, 54.673238354022388 ], [ 9.418264928462039, 54.67317819917244 ], [ 9.41826023857676, 54.67318176071813 ], [ 9.418056245700177, 54.673086207422479 ], [ 9.41797919223359, 54.673065269781048 ], [ 9.417976093208114, 54.673068659570006 ], [ 9.417891139238765, 54.67304019294366 ], [ 9.417883561655016, 54.673044025072947 ], [ 9.417877713694402, 54.673035693712841 ], [ 9.417797074790892, 54.673008672502853 ], [ 9.417654783405801, 54.672930730207838 ], [ 9.417500700912402, 54.672902743565629 ], [ 9.417346581966322, 54.672871191736952 ], [ 9.417198908890709, 54.672868139292859 ], [ 9.417026554269489, 54.67285804236613 ], [ 9.416737065666577, 54.67282339365093 ], [ 9.416564347568514, 54.672777644414658 ], [ 9.416212359896683, 54.672646948836416 ], [ 9.415996181249467, 54.672562130201342 ], [ 9.415792524938999, 54.672498660645523 ], [ 9.415533067479139, 54.672392600087228 ], [ 9.415347430966341, 54.672286282985162 ], [ 9.415217376431077, 54.672201166522825 ], [ 9.41509977201803, 54.67213026676729 ], [ 9.414938960866527, 54.67204525637127 ], [ 9.414722242718186, 54.67190695886476 ], [ 9.414437569311817, 54.671740373660718 ], [ 9.414227187235669, 54.671619880032026 ], [ 9.41407242211633, 54.671524151559474 ], [ 9.413960934966227, 54.671449665558868 ], [ 9.414021795721888, 54.671385280009886 ], [ 9.414131432393434, 54.671277943520806 ], [ 9.41415571145439, 54.671245771763395 ], [ 9.414198225851578, 54.671192146025405 ], [ 9.414099725711598, 54.671117657040149 ], [ 9.413898618301364, 54.671012951678563 ], [ 9.413825288724309, 54.670955234961973 ], [ 9.413669968222397, 54.670881991358364 ], [ 9.413600676885906, 54.670853230943621 ], [ 9.413593192861418, 54.670782422506747 ], [ 9.413500718144826, 54.670659374094498 ], [ 9.413466461323836, 54.670613529308234 ], [ 9.413458742642085, 54.670564444840949 ], [ 9.413260211225627, 54.670293365523392 ], [ 9.413044591483356, 54.670262020898214 ], [ 9.412914331077891, 54.670155511077802 ], [ 9.412826911962448, 54.670027462542556 ], [ 9.412800426162491, 54.669842158072733 ], [ 9.412836029814837, 54.669713686323909 ], [ 9.412868474357113, 54.669616013631007 ], [ 9.413110407728016, 54.669579251247832 ], [ 9.413141523218645, 54.669509411912607 ], [ 9.413283602975554, 54.669471695851691 ], [ 9.413447288184873, 54.669427459510729 ], [ 9.413561627898501, 54.669382708542592 ], [ 9.413687233196031, 54.669336395675778 ], [ 9.413872662067439, 54.669273711561871 ], [ 9.413710983750024, 54.668893161221909 ], [ 9.413604233552507, 54.668741086246293 ], [ 9.413451688032165, 54.668612035745923 ], [ 9.413272107182388, 54.668410666131379 ], [ 9.413185236491895, 54.668273764723693 ], [ 9.413164308196803, 54.668155692261841 ], [ 9.413228081208029, 54.66796110534542 ], [ 9.413364410623613, 54.667789134256672 ], [ 9.41372849079913, 54.667383897437929 ], [ 9.413746778898703, 54.667242822863649 ], [ 9.413673486108014, 54.667147797585685 ], [ 9.413587392003041, 54.667087117312846 ], [ 9.413809494860715, 54.666979807369593 ], [ 9.413809848139334, 54.666979637214702 ], [ 9.413936236888643, 54.666909140262078 ], [ 9.413958334047154, 54.666924230125446 ], [ 9.414189520723552, 54.667082098014063 ], [ 9.41420971519778, 54.667233380430588 ], [ 9.414208218897517, 54.667341588147046 ], [ 9.414406317156375, 54.667465689928193 ], [ 9.414566930342597, 54.66753287526987 ], [ 9.414696557444472, 54.667560805638885 ], [ 9.414857247078556, 54.667631142948956 ], [ 9.414925570946622, 54.667717029565296 ], [ 9.414945007935783, 54.667813226388176 ], [ 9.414964843708079, 54.667948639878709 ], [ 9.414984608419754, 54.668076922493938 ], [ 9.415010849778874, 54.668237270696551 ], [ 9.415017329465256, 54.668269336298522 ], [ 9.414746905755075, 54.668291664699574 ], [ 9.41420587757049, 54.668318493819605 ], [ 9.414456228062829, 54.668790335584127 ], [ 9.414496416439132, 54.669062637458026 ], [ 9.414976125667851, 54.669053846465573 ], [ 9.41500797259096, 54.669160695141443 ], [ 9.415077814711209, 54.669374370494317 ], [ 9.415225368818032, 54.66936672878699 ], [ 9.415373030621955, 54.669369782769898 ], [ 9.415514361070334, 54.6693550318315 ], [ 9.415790942131588, 54.669332680591573 ], [ 9.416030505673325, 54.6692997615189 ], [ 9.416333512789786, 54.669455581930485 ], [ 9.416549969283389, 54.669568919910837 ], [ 9.416686095928805, 54.669646883850376 ], [ 9.416852980468084, 54.669724739914052 ], [ 9.417013749779763, 54.669806182819507 ], [ 9.417303438237495, 54.669862219950417 ], [ 9.417549923277685, 54.669904144970602 ], [ 9.417845727412002, 54.669956594591163 ], [ 9.418055819874752, 54.670048560278353 ], [ 9.41817942926334, 54.670105174198994 ], [ 9.418332696153886, 54.670054724921229 ], [ 9.418969406869147, 54.669760145724275 ], [ 9.419612363429623, 54.669476236825709 ], [ 9.420022750921207, 54.669307228855537 ], [ 9.420224885640382, 54.669224517982379 ], [ 9.420384259066854, 54.669170479782466 ], [ 9.420488382760928, 54.669127330445299 ], [ 9.421043951750756, 54.669036643388935 ], [ 9.421508255430446, 54.669009658215039 ], [ 9.422485400534343, 54.668924215253561 ], [ 9.423216726246372, 54.668861025607136 ], [ 9.423671445895465, 54.668816634605768 ], [ 9.423985029842182, 54.668804830461475 ], [ 9.424071141289478, 54.668804526104957 ], [ 9.424206535867816, 54.66881117740833 ], [ 9.424638175982599, 54.668913044125944 ], [ 9.424996380467519, 54.66905082370112 ], [ 9.425255353256452, 54.669110515694747 ], [ 9.425624595863217, 54.66912703266371 ], [ 9.425827314035686, 54.669101354883779 ], [ 9.425974899401744, 54.66909726597526 ], [ 9.426134711486412, 54.669086001833051 ], [ 9.42628841012327, 54.669078325015406 ], [ 9.426411353283639, 54.669070756342499 ], [ 9.426539203072457, 54.669058813403673 ], [ 9.426620966178787, 54.669034753931378 ], [ 9.426671788489589, 54.668992976997146 ], [ 9.426823793129854, 54.668982613890215 ], [ 9.426946687709686, 54.668970291655889 ], [ 9.427105469948279, 54.668979152498011 ], [ 9.426948621780102, 54.669154494408644 ], [ 9.426715142652609, 54.669375189207393 ], [ 9.426603809381445, 54.669512257528417 ], [ 9.42641139631608, 54.669738747344198 ], [ 9.426239483588194, 54.669965163750128 ], [ 9.426057441406616, 54.670203501675559 ], [ 9.425865022117101, 54.670429990598784 ], [ 9.425753992691646, 54.670596767826702 ], [ 9.425561754787374, 54.670841082078901 ], [ 9.425440408537337, 54.671001953115073 ], [ 9.425288989726489, 54.671228295179674 ], [ 9.425076550480595, 54.671502391271432 ], [ 9.424934759179148, 54.671669275730629 ], [ 9.424762890625802, 54.671901631944216 ], [ 9.424662910348406, 54.672145617322975 ], [ 9.424643584473797, 54.672258588733165 ], [ 9.424634573113993, 54.672377465208314 ], [ 9.424635441943263, 54.672460653208077 ], [ 9.424697825011149, 54.672543624503341 ], [ 9.424799842670017, 54.672613300718083 ], [ 9.424709281885608, 54.672777626217545 ], [ 9.424478872975854, 54.673099322351071 ], [ 9.424285071160162, 54.673392365210752 ], [ 9.424211364392566, 54.673403321572643 ], [ 9.424075841387982, 54.673385974466584 ], [ 9.423928314682957, 54.673397191040642 ], [ 9.423799389166998, 54.673422603665742 ], [ 9.423536836908319, 54.673544080344215 ], [ 9.423393814166479, 54.67364090068348 ], [ 9.423162091371369, 54.673731612517955 ], [ 9.422754504518347, 54.673957784259876 ] ] } },
{ "type": "Feature", "properties": { "layer": "WBK_GERUEST" }, "geometry": { "type": "LineString", "coordinates": [ [ 9.430523651493749, 54.690816044928191 ], [ 9.430450524472789, 54.691034933681479 ], [ 9.430303249304703, 54.691377975681448 ], [ 9.430167378595701, 54.69161166305323 ], [ 9.429931496783091, 54.691904007023744 ], [ 9.429832032801773, 54.6920136749522 ], [ 9.429852606826566, 54.692042487596417 ], [ 9.429618104941701, 54.692007147652454 ], [ 9.429792732653521, 54.691868062296166 ], [ 9.429938374005818, 54.691738763912419 ], [ 9.429979002638326, 54.691641483867272 ], [ 9.430090966389479, 54.691524483919558 ], [ 9.43020167781874, 54.691290886026906 ], [ 9.430361298480967, 54.690925936942122 ], [ 9.430383564297742, 54.690656216714913 ], [ 9.430304495352456, 54.690321267586739 ], [ 9.429486157115027, 54.690314209428536 ], [ 9.429159992697844, 54.690315367779242 ], [ 9.428848070869948, 54.690270043998737 ], [ 9.428654976010829, 54.690265866775263 ], [ 9.428654271885813, 54.69026471354745 ], [ 9.428426210936728, 54.689891058303822 ], [ 9.428056157212321, 54.690047625734209 ], [ 9.427934640987454, 54.689855987297044 ], [ 9.427869884413237, 54.689681314053082 ], [ 9.427563545683681, 54.689716021635235 ], [ 9.427425753512898, 54.689549617857956 ], [ 9.426939880363532, 54.689004301455299 ], [ 9.425889880665364, 54.689200038757924 ], [ 9.425626198745514, 54.689244692658001 ], [ 9.425522485632708, 54.688953553691071 ], [ 9.425124699989524, 54.688211617743796 ], [ 9.424995377019526, 54.687876842446485 ], [ 9.425585688588367, 54.687794601193005 ], [ 9.425542021248557, 54.687606214005335 ], [ 9.425296119036666, 54.687640367339277 ], [ 9.424885555549034, 54.687690310272103 ], [ 9.424673488977003, 54.687306278383836 ], [ 9.424444262631839, 54.686811046639527 ], [ 9.4242889872048, 54.686494678606067 ], [ 9.424161367084739, 54.68632022451736 ], [ 9.424050161878709, 54.686028260257778 ], [ 9.42404494184378, 54.686014554651123 ], [ 9.424293003513135, 54.685847399993122 ], [ 9.424859680884778, 54.685489152983152 ], [ 9.424858038385514, 54.685487982354715 ], [ 9.424929418583753, 54.685437132888012 ], [ 9.425051729449422, 54.685365394246169 ], [ 9.425110567355182, 54.685323972810203 ], [ 9.42495507265917, 54.685253443993602 ], [ 9.424828530984009, 54.685181013304167 ], [ 9.424715722333836, 54.685217848295977 ], [ 9.424565336983871, 54.685269390828729 ], [ 9.424377449071239, 54.685342927081294 ], [ 9.42412659962384, 54.685409397037482 ], [ 9.423701712318868, 54.685596383448107 ], [ 9.423675896846158, 54.685607744258888 ], [ 9.423511011919063, 54.685477146536215 ], [ 9.423459550390348, 54.685368013461982 ], [ 9.423281474280925, 54.68517915992058 ], [ 9.423166285505356, 54.684990087232578 ], [ 9.422974942881627, 54.684735692283169 ], [ 9.422896565650857, 54.684459039144059 ], [ 9.422857300855558, 54.684313424884991 ], [ 9.422902007033123, 54.683781274524662 ], [ 9.422926240652709, 54.68377882452608 ], [ 9.424579601769882, 54.683611632531068 ], [ 9.424532526277725, 54.683566792992401 ], [ 9.424504153785973, 54.683454380914888 ], [ 9.424549875331895, 54.683370960488254 ], [ 9.424634382588842, 54.683282902470346 ], [ 9.424743046330212, 54.683275769417335 ], [ 9.424845084585645, 54.683176863660513 ], [ 9.424993847626322, 54.682972286605988 ], [ 9.425155800782433, 54.682825962909483 ], [ 9.425330253504802, 54.68267230758898 ], [ 9.425480323200315, 54.682591614339117 ], [ 9.425643353997355, 54.682547313657508 ], [ 9.425732272365932, 54.682531600129195 ], [ 9.425844761496627, 54.682501491078085 ], [ 9.42600833470379, 54.682453373957458 ], [ 9.42621286573713, 54.682399170267331 ], [ 9.42646911568089, 54.682344819993595 ], [ 9.426673136004696, 54.682284636546427 ], [ 9.426959513972481, 54.682212314875635 ], [ 9.427235995765303, 54.682111708804648 ], [ 9.427348796532742, 54.682074870551908 ], [ 9.42758673977972, 54.681979287681777 ], [ 9.427641338177342, 54.681924367246218 ], [ 9.427509425294337, 54.681804658396096 ], [ 9.427444919634899, 54.681651846281774 ], [ 9.427354874880029, 54.681462686867697 ], [ 9.42729915823821, 54.681361352115985 ], [ 9.427294535704652, 54.681353477925299 ], [ 9.427454477841467, 54.681367594312292 ], [ 9.427718964191646, 54.68140309398359 ], [ 9.427726459367006, 54.681277295684659 ], [ 9.427627351380602, 54.681200588436518 ], [ 9.42754519721065, 54.681086965023468 ], [ 9.427462332567522, 54.680906336745963 ], [ 9.427271296708502, 54.680697780572274 ], [ 9.427179321642509, 54.680326437047739 ], [ 9.426764241035782, 54.680320620713793 ], [ 9.42698680403066, 54.680044941565093 ], [ 9.427086826106038, 54.679912341833365 ], [ 9.427350566401165, 54.679636922912827 ], [ 9.427522092326939, 54.679455390945982 ], [ 9.427544471162502, 54.679384952478145 ], [ 9.426982632348167, 54.679289785099769 ], [ 9.427094075324131, 54.679167098952789 ], [ 9.427391796640858, 54.678891307494048 ], [ 9.427598010069836, 54.678709652027955 ], [ 9.427899240303253, 54.678492478415293 ], [ 9.428782636071835, 54.677812323378156 ], [ 9.427308877570757, 54.677413791883346 ], [ 9.427437036520555, 54.677161245639837 ], [ 9.427967206884738, 54.676906734969251 ], [ 9.427555773755266, 54.676727004489209 ], [ 9.42737023567693, 54.67667151747041 ], [ 9.427261976110257, 54.676426918055114 ], [ 9.426999115754381, 54.676136929127168 ], [ 9.426517506026935, 54.675982961875526 ], [ 9.426013876151208, 54.675830964657017 ], [ 9.42552059656702, 54.675648421966052 ], [ 9.426040900115721, 54.675474334231815 ], [ 9.425792766954046, 54.675279119906762 ], [ 9.425347341758531, 54.674846914221746 ], [ 9.425462485451531, 54.674790022297984 ], [ 9.425469819121609, 54.674792999953524 ], [ 9.42550723826494, 54.674767909956223 ], [ 9.425541156182909, 54.674751151440915 ], [ 9.425538540704554, 54.674746920605848 ], [ 9.42561236710578, 54.674697419027154 ], [ 9.425614631978867, 54.674689942936645 ], [ 9.425704645750226, 54.674697091847889 ], [ 9.425775731902224, 54.674631475483451 ], [ 9.425817203036226, 54.674540972410256 ], [ 9.425859313713532, 54.674488283140761 ], [ 9.425901037141058, 54.674398508000699 ], [ 9.425905139697155, 54.674281050692265 ], [ 9.425887619762369, 54.674135854942335 ], [ 9.42583325787521, 54.674037148730889 ], [ 9.425741115575857, 54.673895307830541 ], [ 9.425675959521673, 54.673784278003623 ], [ 9.425573639728997, 54.673688831793413 ], [ 9.425466342063501, 54.67362740052905 ], [ 9.425305622378248, 54.673556886868489 ], [ 9.425166427899299, 54.673504839194415 ], [ 9.425000668890108, 54.673462158251091 ], [ 9.424905772199937, 54.673437102438236 ], [ 9.424909641198081, 54.673432642137421 ], [ 9.424944048200924, 54.6733853238322 ], [ 9.424946053970547, 54.673382565894173 ], [ 9.425001736387824, 54.673309872017718 ], [ 9.425003197381534, 54.673307965260186 ], [ 9.42537728572278, 54.672808619407554 ], [ 9.425480059988717, 54.672832024120012 ], [ 9.425767008233164, 54.672819121862702 ], [ 9.425940803082199, 54.672770966935317 ], [ 9.426093533341414, 54.672669407418915 ], [ 9.426111424307086, 54.672592854945421 ], [ 9.426153864390498, 54.672556290520191 ], [ 9.42622175263581, 54.672434843072566 ], [ 9.426226825911524, 54.672410100381988 ], [ 9.426274651727615, 54.672341940510684 ], [ 9.426345173584933, 54.672222844567528 ], [ 9.426446513416069, 54.672109582182031 ], [ 9.426496590255317, 54.671996501233998 ], [ 9.426536353548212, 54.671877514436197 ], [ 9.426647007547791, 54.671675084934627 ], [ 9.426817989602219, 54.671359537190888 ], [ 9.427049669575982, 54.670966524322729 ], [ 9.42714031525275, 54.6708117021617 ], [ 9.427210955308166, 54.670704490483907 ], [ 9.427563462695497, 54.670103066526025 ], [ 9.427905893863358, 54.669519502666105 ], [ 9.428288400777138, 54.668831964587397 ], [ 9.428725103181579, 54.668154710205179 ], [ 9.429012368199874, 54.667680209644814 ], [ 9.429601315952208, 54.667851626967597 ], [ 9.429769206828018, 54.667906859580789 ], [ 9.429939993900433, 54.667965415835624 ], [ 9.430163639138721, 54.668059705677926 ], [ 9.43140883565723, 54.668247196280568 ], [ 9.431736283352413, 54.668284989817451 ], [ 9.432456299881649, 54.668387953959041 ], [ 9.43270499913586, 54.668413504723361 ], [ 9.434745543403164, 54.668704606808994 ], [ 9.435895837505173, 54.668896585461631 ], [ 9.438175504688173, 54.669238988877098 ], [ 9.438129597648876, 54.66931970940982 ], [ 9.437921793215565, 54.669796535121655 ], [ 9.437505666965897, 54.670822052999057 ], [ 9.437217134529371, 54.670686417768081 ], [ 9.435921491402066, 54.670626905055947 ], [ 9.435637659198749, 54.670632662988126 ], [ 9.435369160567904, 54.670528631099565 ], [ 9.435211229772067, 54.670458666905873 ], [ 9.435133850323995, 54.67039878298695 ], [ 9.43479480459377, 54.670474712339399 ], [ 9.433843268528911, 54.670554670830512 ], [ 9.433519443322306, 54.67061755504875 ], [ 9.433167605326448, 54.670706899993768 ], [ 9.432501859148809, 54.670768724569058 ], [ 9.432051277666549, 54.670817886206976 ], [ 9.4319147543344, 54.670816238117418 ], [ 9.431621577902025, 54.670902624638266 ], [ 9.431688638617294, 54.67105321309765 ], [ 9.4316752257342, 54.671382124939662 ], [ 9.43169060354446, 54.671601362803436 ], [ 9.431692692415149, 54.67179796323714 ], [ 9.431715121547235, 54.672147790102784 ], [ 9.431632763659396, 54.672297259580226 ], [ 9.431623173321354, 54.67262245241556 ], [ 9.431682433463136, 54.673287680616049 ], [ 9.431672520613171, 54.673582627268807 ], [ 9.431661803150975, 54.673801958996606 ], [ 9.431641978318462, 54.674391852219109 ], [ 9.432085830055325, 54.674412941852495 ], [ 9.432412015656386, 54.674411768133901 ], [ 9.432868673853617, 54.674410123464469 ], [ 9.433599732681067, 54.6744452962023 ], [ 9.434082728298437, 54.674466237393062 ], [ 9.434892568749115, 54.674546519048519 ], [ 9.435336512657528, 54.674575177817509 ], [ 9.436106890802687, 54.674625350463089 ], [ 9.436550997277067, 54.674669127394552 ], [ 9.437007991272713, 54.674697733875924 ], [ 9.437399585588661, 54.674711449068113 ], [ 9.437817599271325, 54.674755316522969 ], [ 9.438013478272257, 54.674769734733793 ], [ 9.43830077174008, 54.674791385052103 ], [ 9.438365683232311, 54.674760903618655 ], [ 9.438653424688352, 54.674567509662324 ], [ 9.438918336591943, 54.674412054307851 ], [ 9.438950745445602, 54.674416640547136 ], [ 9.438705615980615, 54.674695930613439 ], [ 9.438413236221955, 54.675093157737699 ], [ 9.438139814149382, 54.675430994632151 ], [ 9.437937568238633, 54.675693183912792 ], [ 9.437636999942626, 54.676075173510739 ], [ 9.437382934128991, 54.676438623256864 ], [ 9.437159316374794, 54.676741829219921 ], [ 9.437058186551816, 54.676872922613704 ], [ 9.436937636024492, 54.677012058320855 ], [ 9.436886303081218, 54.677099347520105 ], [ 9.436823517171554, 54.677195603825623 ], [ 9.436759826128489, 54.67727058234933 ], [ 9.436728584361095, 54.677364131169028 ], [ 9.436634368752262, 54.677510271209549 ], [ 9.436533881174977, 54.677700789639687 ], [ 9.436483702457771, 54.677801991636727 ], [ 9.436483192240081, 54.677813835531268 ], [ 9.436323102034399, 54.67812346200057 ], [ 9.436213898755872, 54.678456631241801 ], [ 9.435912222509122, 54.678453937102866 ], [ 9.435592407776291, 54.678465779107391 ], [ 9.435303280433054, 54.678470379714184 ], [ 9.435014675683989, 54.678508465701391 ], [ 9.43472781425101, 54.678533261169804 ], [ 9.434338144306711, 54.6785487046266 ], [ 9.433668581736093, 54.678649166688302 ], [ 9.433482064748675, 54.679042040808397 ], [ 9.433398033348942, 54.679238444268471 ], [ 9.433313467529223, 54.679384932655061 ], [ 9.433284310006224, 54.679534786890322 ], [ 9.433212812414778, 54.679752537791444 ], [ 9.433170759023243, 54.679847174 ], [ 9.433055350081094, 54.679986642325112 ], [ 9.432884185774144, 54.680090656125074 ], [ 9.432765099905511, 54.68017787750567 ], [ 9.432701365664023, 54.680255325386483 ], [ 9.432678307281288, 54.680307318010435 ], [ 9.432691399229411, 54.680305889934907 ], [ 9.43258419674078, 54.680406894122378 ], [ 9.432483052523104, 54.68053799082606 ], [ 9.43229968216804, 54.680651555549687 ], [ 9.432065547272133, 54.680812841037991 ], [ 9.431817097882604, 54.681023027304192 ], [ 9.431635377192453, 54.681114422496066 ], [ 9.431492724163004, 54.681198115675791 ], [ 9.431064598199285, 54.681434069844045 ], [ 9.430873492582982, 54.681466273550839 ], [ 9.430759130608257, 54.681488817981233 ], [ 9.430654262176235, 54.68150579440146 ], [ 9.430549095891539, 54.681495101970278 ], [ 9.430421146881525, 54.681646388763717 ], [ 9.430314674567212, 54.681715262807245 ], [ 9.430216515824581, 54.681790478928178 ], [ 9.430167343493684, 54.681819326400706 ], [ 9.430236454484159, 54.681855715955137 ], [ 9.430349802441928, 54.681915841727864 ], [ 9.430452188683626, 54.681979832997165 ], [ 9.430418826890289, 54.682006127785357 ], [ 9.430388408561436, 54.682033858090243 ], [ 9.430149968726493, 54.682177326898035 ], [ 9.429997192545448, 54.682275921315721 ], [ 9.42964887317623, 54.682501786695674 ], [ 9.4293920464603, 54.682652449449463 ], [ 9.429153334308767, 54.682770958783273 ], [ 9.428902468773801, 54.682903772928455 ], [ 9.428645448741245, 54.683036607444635 ], [ 9.428076462451214, 54.683343472777246 ], [ 9.427709212695772, 54.68352661187722 ], [ 9.427464417226705, 54.683652269564284 ], [ 9.427348342130665, 54.683731120669329 ], [ 9.42731791782402, 54.683763316709474 ], [ 9.42732103998075, 54.683766106016783 ], [ 9.427348930460463, 54.683771142685892 ], [ 9.427308981602385, 54.683872304607746 ], [ 9.427270294418179, 54.684092309412392 ], [ 9.427191154217788, 54.68436593801745 ], [ 9.427091754602642, 54.684663408404759 ], [ 9.427053948974827, 54.684966602672468 ], [ 9.427036339140423, 54.685240014082595 ], [ 9.427038293418825, 54.685424219849089 ], [ 9.427060506733264, 54.685584585595898 ], [ 9.427133996954389, 54.685744769533095 ], [ 9.427176405862596, 54.685875351501345 ], [ 9.427259775074818, 54.685999846751884 ], [ 9.427446197289157, 54.685993034486309 ], [ 9.427963683360781, 54.686048248906985 ], [ 9.429138501523662, 54.686177401196993 ], [ 9.429799390374251, 54.686230699246245 ], [ 9.430243059771346, 54.686287949873588 ], [ 9.430742014619305, 54.686336088082882 ], [ 9.431185552498093, 54.686380857421447 ], [ 9.431629129269684, 54.686429189195486 ], [ 9.43199263580818, 54.686470675766664 ], [ 9.432183619511193, 54.686491385694389 ], [ 9.432337645107618, 54.686508662202066 ], [ 9.432464045446176, 54.686522144053789 ], [ 9.432448851853167, 54.686556000772107 ], [ 9.43232511250616, 54.686711878392579 ], [ 9.432224408218605, 54.686880488975547 ], [ 9.432185741081867, 54.686992793460632 ], [ 9.432164051501264, 54.687095140946717 ], [ 9.432082621374875, 54.687232260788953 ], [ 9.432148689107795, 54.687256847715489 ], [ 9.432152162324078, 54.687583439150345 ], [ 9.43221672890663, 54.687764655137414 ], [ 9.43225799197595, 54.68789646881384 ], [ 9.432203400077132, 54.68811769836929 ], [ 9.431872529359273, 54.689426439016437 ], [ 9.431842267268703, 54.68944126839677 ], [ 9.431804923310056, 54.689477839870705 ], [ 9.431630865523545, 54.689667940309604 ], [ 9.431533922340593, 54.690010804466525 ], [ 9.431474635256812, 54.690346245960278 ], [ 9.43142659263124, 54.690557758455036 ], [ 9.43140347332875, 54.690747318796703 ], [ 9.431342302600536, 54.690907864794355 ], [ 9.43131785050101, 54.690973540971548 ], [ 9.431053535417059, 54.690959908220144 ], [ 9.431088451847254, 54.690697429402924 ], [ 9.431074307471416, 54.690551727546165 ], [ 9.431084663758734, 54.69030251903397 ], [ 9.43046786365414, 54.690306111018295 ], [ 9.430523651493749, 54.690816044928191 ] ] } },
{ "type": "Feature", "properties": { "layer": "WBK_GERUEST" }, "geometry": { "type": "LineString", "coordinates": [ [ 9.428882119969781, 54.693548462329005 ], [ 9.428808569256582, 54.693577246336133 ], [ 9.428712830736497, 54.693622491058584 ], [ 9.428627407159819, 54.693696504885942 ], [ 9.428546225546455, 54.693776156383713 ], [ 9.428474257192311, 54.69383396764011 ], [ 9.428427893784381, 54.693895415119457 ], [ 9.428381385126126, 54.693943244353356 ], [ 9.428355928285725, 54.693978108288697 ], [ 9.428212128771831, 54.694054493267465 ], [ 9.42820759587527, 54.693980947089024 ], [ 9.428239658012918, 54.693907122314769 ], [ 9.428296524286683, 54.693849854417969 ], [ 9.428341175402776, 54.69380214052071 ], [ 9.428402144938474, 54.693744858046927 ], [ 9.428507892018915, 54.693651749904035 ], [ 9.428629881607595, 54.693541939543337 ], [ 9.428731597888435, 54.69345597926106 ], [ 9.428824703716865, 54.693332005175989 ], [ 9.42900244957417, 54.693060307463043 ], [ 9.429202681429123, 54.692783934754615 ], [ 9.429387518684075, 54.692511367438364 ], [ 9.42960776123261, 54.692171283258077 ], [ 9.429611697093737, 54.692142374630961 ], [ 9.429893679456265, 54.692186672218504 ], [ 9.429935508756177, 54.692186523694673 ], [ 9.429936633679398, 54.692186534972208 ], [ 9.429954477634409, 54.692231791624181 ], [ 9.429943325686502, 54.692256392417036 ], [ 9.429912035428835, 54.692315506970239 ], [ 9.429915116450308, 54.692314472428706 ], [ 9.429738787702421, 54.692641521288714 ], [ 9.429594743748911, 54.692984312689951 ], [ 9.429449857409514, 54.693248667486394 ], [ 9.429328711021727, 54.693430933428345 ], [ 9.429306698530159, 54.693520314223704 ], [ 9.42923284214995, 54.693520576069218 ], [ 9.429085093183385, 54.693517535552175 ], [ 9.429017353593839, 54.693514210493376 ], [ 9.428882119969781, 54.693548462329005 ] ] } },
{ "type": "Feature", "properties": { "layer": "WBK_GERUEST" }, "geometry": { "type": "LineString", "coordinates": [ [ 9.433070790499031, 54.700534735341812 ], [ 9.433164579102664, 54.700622480330928 ], [ 9.43325521486674, 54.70067967213545 ], [ 9.433317673945384, 54.700699592746609 ], [ 9.433465242599333, 54.700746659134147 ], [ 9.433662844180908, 54.700802994983555 ], [ 9.433835784548402, 54.700855853764487 ], [ 9.434014842752267, 54.700905125279391 ], [ 9.434138306171397, 54.700936769472221 ], [ 9.434254112028434, 54.700964074278382 ], [ 9.434369934147373, 54.700980402329279 ], [ 9.4344444020492, 54.700992094029175 ], [ 9.434502429113584, 54.701011021612722 ], [ 9.43458923170204, 54.701017885245044 ], [ 9.434622894369875, 54.701054765224775 ], [ 9.434627959240109, 54.701068971493349 ], [ 9.434655606488851, 54.701146510837809 ], [ 9.434699651423225, 54.701163454785615 ], [ 9.434752060399896, 54.701201559743829 ], [ 9.434789365830984, 54.701234715010159 ], [ 9.434830955323896, 54.701284498604856 ], [ 9.434864360385314, 54.701336690396452 ], [ 9.434914492728893, 54.701417354564484 ], [ 9.434982321904375, 54.701502673250275 ], [ 9.434995978914712, 54.701527438781575 ], [ 9.435092591792243, 54.701692085474356 ], [ 9.434976184752124, 54.701717559985909 ], [ 9.434924958374856, 54.701733454861611 ], [ 9.434834553867468, 54.701760623349962 ], [ 9.434809439550349, 54.70176958537597 ], [ 9.434812995661794, 54.701728803613683 ], [ 9.434825753574913, 54.701627264439843 ], [ 9.434792374223402, 54.701529220568965 ], [ 9.434747282456204, 54.701410748409636 ], [ 9.434599816980304, 54.701267971101977 ], [ 9.434421184505304, 54.701176749947166 ], [ 9.434281169029346, 54.701136833664712 ], [ 9.434061179617448, 54.701086186893065 ], [ 9.433844993515805, 54.701019222989885 ], [ 9.43370309994401, 54.700991209611573 ], [ 9.433592103142743, 54.700973781612525 ], [ 9.43347467992549, 54.700931419050008 ], [ 9.433390481786835, 54.700912209904274 ], [ 9.433252416199714, 54.700871606947068 ], [ 9.433040664794294, 54.700832624383516 ], [ 9.43290081008459, 54.700807403971247 ], [ 9.432716701333089, 54.70079703960279 ], [ 9.432475019646413, 54.700742786436471 ], [ 9.432226874813168, 54.700677532562111 ], [ 9.432054904667218, 54.700615680238883 ], [ 9.431946378399413, 54.700553601377578 ], [ 9.431923411742707, 54.700484783555787 ], [ 9.431688470838763, 54.700492603262902 ], [ 9.431683410829834, 54.70049277137673 ], [ 9.431692050863376, 54.700414950112972 ], [ 9.431724428069543, 54.70012330555145 ], [ 9.431723306367727, 54.699867258837102 ], [ 9.431728627790353, 54.699771702089286 ], [ 9.431740056492645, 54.699654075148473 ], [ 9.431757828149484, 54.699536426482844 ], [ 9.43181433628437, 54.699481106621946 ], [ 9.43184432516493, 54.699319319306447 ], [ 9.43182962803718, 54.699131969996628 ], [ 9.431884993235123, 54.698970092181035 ], [ 9.431883930614939, 54.69887088343949 ], [ 9.431952830492913, 54.69880998247833 ], [ 9.431991460658258, 54.698743720965993 ], [ 9.432024938208048, 54.698645720846585 ], [ 9.432039976608168, 54.698517316482501 ], [ 9.432017157189266, 54.698390027647662 ], [ 9.432053384565576, 54.698236797784055 ], [ 9.432072858479668, 54.698139277191977 ], [ 9.432083410236242, 54.697975235136575 ], [ 9.432061745224294, 54.697868354094112 ], [ 9.431935503579506, 54.697576450238103 ], [ 9.431783915586418, 54.697281821021498 ], [ 9.431696508437772, 54.6971019302906 ], [ 9.43160062712033, 54.696962037078272 ], [ 9.431456089080298, 54.696876986218207 ], [ 9.431341737499991, 54.696815422729571 ], [ 9.431208964188942, 54.696792300560176 ], [ 9.431122689557498, 54.696783101434249 ], [ 9.431009302470807, 54.696778145321481 ], [ 9.430721100222414, 54.696852466108531 ], [ 9.43048150297826, 54.696896102939391 ], [ 9.430310327716885, 54.696892290724065 ], [ 9.430183248392021, 54.696867492711483 ], [ 9.430119066953221, 54.696844660360263 ], [ 9.430076763240283, 54.696829611088837 ], [ 9.429934458566679, 54.696731814274891 ], [ 9.429810357045969, 54.696653885586954 ], [ 9.429485209940115, 54.696456108247034 ], [ 9.429294984146768, 54.696318924855319 ], [ 9.428889866833016, 54.696039892261545 ], [ 9.428715755716212, 54.695874129175358 ], [ 9.428475790951895, 54.695689583533593 ], [ 9.428400617909832, 54.695566252836379 ], [ 9.428240229128134, 54.69514848047065 ], [ 9.428183718454148, 54.695026068578777 ], [ 9.428137391272346, 54.694740011619203 ], [ 9.427991055862268, 54.694658456177621 ], [ 9.428097459606688, 54.694436682570831 ], [ 9.428159990414631, 54.69426009192933 ], [ 9.428192199540856, 54.694219466025523 ], [ 9.42823381957513, 54.694186910301639 ], [ 9.428265641519952, 54.694161080858109 ], [ 9.428300593360072, 54.694135752592778 ], [ 9.42849433323433, 54.694160957453605 ], [ 9.428569294187527, 54.694207488689536 ], [ 9.428662110807021, 54.694253510030038 ], [ 9.428915371054615, 54.694338180945714 ], [ 9.429119088260613, 54.694394504321544 ], [ 9.42918101683221, 54.694429938518319 ], [ 9.429286106138882, 54.694472350773935 ], [ 9.429427705520199, 54.694475412861749 ], [ 9.429486732282857, 54.694475537816892 ], [ 9.429907780322319, 54.694473706595723 ], [ 9.429956082409293, 54.694534312529548 ], [ 9.430012393494783, 54.694619682142815 ], [ 9.430068473620626, 54.694683660156194 ], [ 9.430106167059023, 54.694754833658592 ], [ 9.430137820904976, 54.694836725710296 ], [ 9.430169589637671, 54.69492931263111 ], [ 9.43020124368066, 54.69501120465371 ], [ 9.430232973430529, 54.695100226598889 ], [ 9.430270782420921, 54.695182096731521 ], [ 9.430302244950617, 54.695246162109434 ], [ 9.430327362525485, 54.695292422732649 ], [ 9.430377328645781, 54.695359987422741 ], [ 9.430383769738246, 54.695386705029684 ], [ 9.430421388979008, 54.695450748491275 ], [ 9.430452699266702, 54.695500553073749 ], [ 9.430484200177919, 54.695568183370675 ], [ 9.430527971254621, 54.695632203126721 ], [ 9.430565891576935, 54.695724765366883 ], [ 9.430609891344513, 54.695810175783862 ], [ 9.430635310383909, 54.695884956952895 ], [ 9.430691810585182, 54.695988149269674 ], [ 9.43072955993167, 54.696064668668178 ], [ 9.430785718857825, 54.696135775364489 ], [ 9.430849730079162, 54.696217383126736 ], [ 9.430887194806344, 54.69626716389385 ], [ 9.431064565056264, 54.696309480936215 ], [ 9.431150966388284, 54.6963305647987 ], [ 9.431280338288914, 54.696340799375548 ], [ 9.43136828590854, 54.696358146219048 ], [ 9.431477989709222, 54.696404268796428 ], [ 9.43163402614365, 54.696457025596537 ], [ 9.431782589456047, 54.696534931695055 ], [ 9.43193134445678, 54.696630663326196 ], [ 9.432018053338371, 54.696680268071894 ], [ 9.432092373653576, 54.696722785870293 ], [ 9.432210086726734, 54.696793671329793 ], [ 9.43227217497345, 54.696843363773134 ], [ 9.432346678355882, 54.696909886538641 ], [ 9.432362687873137, 54.696924180539988 ], [ 9.43245906609048, 54.697010235422972 ], [ 9.432484895661274, 54.697023651363423 ], [ 9.432543808416849, 54.697054248886033 ], [ 9.43261257772218, 54.69709219658376 ], [ 9.432858806856981, 54.697261717030337 ], [ 9.433041404974333, 54.697451212328687 ], [ 9.433124855654242, 54.697579263699524 ], [ 9.433233438718114, 54.697754763041985 ], [ 9.433458100807751, 54.698039181292515 ], [ 9.433632909508495, 54.698266733381217 ], [ 9.434110617131404, 54.698263954968191 ], [ 9.434298921347178, 54.698260687021325 ], [ 9.434299411778102, 54.698261561482617 ], [ 9.434424452956382, 54.698484849603702 ], [ 9.43451803517255, 54.698668643471322 ], [ 9.434511901323953, 54.698669937133282 ], [ 9.434452092325229, 54.698682552746021 ], [ 9.434435324076624, 54.698690874554174 ], [ 9.433734943441255, 54.69883277640934 ], [ 9.433706421194836, 54.698918134475704 ], [ 9.433682012836684, 54.698991184628255 ], [ 9.433673454073066, 54.699064316414109 ], [ 9.433293247760709, 54.699047608462735 ], [ 9.43331412410603, 54.699411103632897 ], [ 9.433339247057109, 54.699535551302368 ], [ 9.433311750527645, 54.699566782958861 ], [ 9.433270670312085, 54.699594226723995 ], [ 9.433186606685672, 54.699633185472202 ], [ 9.433023102876456, 54.699789117566276 ], [ 9.432979482729795, 54.699862764708314 ], [ 9.432969441871652, 54.699882583434686 ], [ 9.432919902856124, 54.699980357227318 ], [ 9.432896222171358, 54.700027096398543 ], [ 9.43290400069089, 54.700251713744656 ], [ 9.432941880119424, 54.700339522178972 ], [ 9.43295599950417, 54.700361524615602 ], [ 9.433070790499031, 54.700534735341812 ] ] } },
{ "type": "Feature", "properties": { "layer": "WBK_GERUEST" }, "geometry": { "type": "LineString", "coordinates": [ [ 9.43711072128799, 54.704815422913157 ], [ 9.437293879192044, 54.704890326048094 ], [ 9.437347059420272, 54.704921417323398 ], [ 9.437407809458289, 54.704956933341521 ], [ 9.43748375272127, 54.705000367595815 ], [ 9.437606161874823, 54.705015149984455 ], [ 9.437776278778973, 54.705512529560423 ], [ 9.437279348814625, 54.705567858867781 ], [ 9.436941045367698, 54.7054192794889 ], [ 9.436582163675192, 54.705266018404082 ], [ 9.436375570851853, 54.705069882087152 ], [ 9.436167377369594, 54.704926379228759 ], [ 9.435944464677007, 54.704737253198537 ], [ 9.43634893297544, 54.704770680841762 ], [ 9.436547711676846, 54.704789226017105 ], [ 9.436854889046595, 54.70476694429825 ], [ 9.436760846121366, 54.704699461341683 ], [ 9.436643947025052, 54.70460294592398 ], [ 9.436620019961788, 54.704582735326156 ], [ 9.436491635968618, 54.704484053991195 ], [ 9.436420285475025, 54.704414794033696 ], [ 9.43634662773343, 54.704363309418497 ], [ 9.436296769805018, 54.704308800292822 ], [ 9.436267211140033, 54.704232817569448 ], [ 9.436253998892324, 54.704149643065122 ], [ 9.436243638625648, 54.704085505974739 ], [ 9.436231833164495, 54.704066539458992 ], [ 9.436149386370996, 54.703966930171774 ], [ 9.436041665870986, 54.703876962206891 ], [ 9.435927048588219, 54.703778387066386 ], [ 9.435922479512659, 54.703774736868276 ], [ 9.43587000187871, 54.703732810541815 ], [ 9.435709544600828, 54.703590210792115 ], [ 9.435651509835987, 54.703486032481905 ], [ 9.435580895795995, 54.703410197265882 ], [ 9.435498015073485, 54.703339161991209 ], [ 9.435453949428323, 54.703295212844992 ], [ 9.435255880916404, 54.703196097749739 ], [ 9.435196619316791, 54.703153664394989 ], [ 9.435173788890843, 54.703095169050549 ], [ 9.435155846092977, 54.703053846237403 ], [ 9.435035389683792, 54.702943302740366 ], [ 9.43497412300634, 54.702895147340875 ], [ 9.434946075542836, 54.702876190507546 ], [ 9.434905183521479, 54.702839688868814 ], [ 9.434870013240673, 54.702788259232086 ], [ 9.434868795651507, 54.702781943134369 ], [ 9.434838053318609, 54.702716792599013 ], [ 9.434842047929706, 54.702617094856059 ], [ 9.434880770952677, 54.702513529372382 ], [ 9.434908597693916, 54.702337575032068 ], [ 9.4349083310242, 54.702330500610145 ], [ 9.434904301217792, 54.702223855167972 ], [ 9.434869963092183, 54.70215082885727 ], [ 9.434830744291929, 54.70205645285526 ], [ 9.434817626315279, 54.701981599688288 ], [ 9.434809419355911, 54.701861486217339 ], [ 9.434946152744349, 54.701815475712792 ], [ 9.434967117815871, 54.701982732568524 ], [ 9.434962912407494, 54.701990550083821 ], [ 9.434988764951578, 54.702065861665879 ], [ 9.434995666994308, 54.702085970191106 ], [ 9.435015652891556, 54.702174087563577 ], [ 9.435026295405853, 54.702330576567995 ], [ 9.435028085788037, 54.702396893319076 ], [ 9.435005899942132, 54.702446037803277 ], [ 9.434988216684721, 54.702571036055183 ], [ 9.434987163213796, 54.702578595112804 ], [ 9.434976440902602, 54.702655592784929 ], [ 9.435003385771553, 54.702771561571431 ], [ 9.43500971072563, 54.702798779889463 ], [ 9.43504918785788, 54.702824014327092 ], [ 9.43511832173594, 54.702868205168926 ], [ 9.435216533965955, 54.702931666285423 ], [ 9.435265753970885, 54.703007307201624 ], [ 9.435339099907541, 54.703111419881502 ], [ 9.435496155390334, 54.703213059381973 ], [ 9.435532737184745, 54.703238415501829 ], [ 9.43557101541084, 54.703264946392387 ], [ 9.43570084254366, 54.703354933218428 ], [ 9.435717041519936, 54.703371207684839 ], [ 9.435752707065907, 54.703407036759067 ], [ 9.435815359792668, 54.703507827432809 ], [ 9.43590911445817, 54.703638216752218 ], [ 9.436011427309698, 54.703717044401564 ], [ 9.436147088042453, 54.703821565783869 ], [ 9.436330426281977, 54.704001945125718 ], [ 9.436372532995554, 54.704099282185091 ], [ 9.436398982115183, 54.704268009907466 ], [ 9.436512555974703, 54.704361671639198 ], [ 9.436551808560074, 54.704403329015236 ], [ 9.436698335754864, 54.704515740633553 ], [ 9.436794811130175, 54.704597328763647 ], [ 9.436895039187748, 54.704672259283853 ], [ 9.436975934495868, 54.704727329280921 ], [ 9.437030729095291, 54.704770756561949 ], [ 9.43711072128799, 54.704815422913157 ] ] } },
{ "type": "Feature", "properties": { "layer": "WBK_GERUEST" }, "geometry": { "type": "LineString", "coordinates": [ [ 9.451055596838659, 54.715256270720957 ], [ 9.451073200990084, 54.715314201912093 ], [ 9.450883252566475, 54.715333260376184 ], [ 9.450735356979674, 54.715333813534606 ], [ 9.450439429924707, 54.715322686920217 ], [ 9.450174786639096, 54.715274747220839 ], [ 9.449666920259212, 54.715203236241656 ], [ 9.449095471950969, 54.71511360952811 ], [ 9.448778026197735, 54.715065854466104 ], [ 9.448524365588284, 54.715054559375297 ], [ 9.44827117941948, 54.71508607362987 ], [ 9.447786066622973, 54.715161254886965 ], [ 9.447374626267774, 54.71521169983766 ], [ 9.446992715392806, 54.71524151380045 ], [ 9.446699029467116, 54.715256997868536 ], [ 9.446529809301683, 54.715239271574006 ], [ 9.446473369943345, 54.714836517473103 ], [ 9.446425926822538, 54.714491318901452 ], [ 9.44637121088557, 54.714146147107208 ], [ 9.446293262483342, 54.713900716277287 ], [ 9.445882774888965, 54.714036775974108 ], [ 9.445123563250021, 54.714161879005403 ], [ 9.444343352135094, 54.714299286324135 ], [ 9.443963941899826, 54.714380182714585 ], [ 9.443194018386452, 54.71449308176468 ], [ 9.442564821369581, 54.714623354622724 ], [ 9.442547262641787, 54.714626681014273 ], [ 9.442511225738265, 54.714565376668162 ], [ 9.44238920158211, 54.714457682566469 ], [ 9.442287368427886, 54.714372082513442 ], [ 9.442141473920946, 54.714275712502186 ], [ 9.442047281754336, 54.71419778969814 ], [ 9.441991591389611, 54.714108543959803 ], [ 9.441822895838316, 54.71390632766677 ], [ 9.441789091485781, 54.71386144115543 ], [ 9.441776863388856, 54.713836673012459 ], [ 9.441603722070878, 54.713630387199359 ], [ 9.441419865992415, 54.713471934153048 ], [ 9.44111345649123, 54.713121860785023 ], [ 9.440725481351759, 54.712814442179798 ], [ 9.440476023181384, 54.712710272525889 ], [ 9.440398597682252, 54.712616539760951 ], [ 9.440941303058827, 54.712459729437526 ], [ 9.441293534569175, 54.71235337834689 ], [ 9.441617051839867, 54.712241600407197 ], [ 9.441857981483112, 54.712439812273338 ], [ 9.442002082793644, 54.712516711039108 ], [ 9.442146065781214, 54.712582549918238 ], [ 9.442328129950907, 54.712637190319469 ], [ 9.44249037064162, 54.712625539326211 ], [ 9.442813886833649, 54.71251375819957 ], [ 9.443089467350323, 54.712385560026888 ], [ 9.443336756338402, 54.712290645213265 ], [ 9.443682508865376, 54.712466351227313 ], [ 9.444307654641479, 54.712862245234106 ], [ 9.444509852995095, 54.713010822843358 ], [ 9.44514635803019, 54.712698802913295 ], [ 9.445668124342594, 54.712376137220481 ], [ 9.445915105038067, 54.712253566568776 ], [ 9.446218353570551, 54.712036774633056 ], [ 9.446636084728707, 54.711808499651085 ], [ 9.446863713863422, 54.711663876314098 ], [ 9.447243599785228, 54.711468919287768 ], [ 9.447623056854487, 54.711235249867144 ], [ 9.448049954005628, 54.710973752941605 ], [ 9.448315653918623, 54.710817924048783 ], [ 9.448534088267168, 54.7107065120085 ], [ 9.448317704254613, 54.710454549231095 ], [ 9.44777805673198, 54.70974900891629 ], [ 9.447303749456472, 54.709101494856597 ], [ 9.446589548911271, 54.708205148070576 ], [ 9.4461811007801, 54.707661440308939 ], [ 9.447185866190145, 54.707532876959668 ], [ 9.447915439027256, 54.707434862368984 ], [ 9.448106184051316, 54.707412035537025 ], [ 9.44835422629267, 54.707388996294519 ], [ 9.448669052061168, 54.707360179517849 ], [ 9.449098227488657, 54.707308815823204 ], [ 9.449604162841409, 54.707290347933558 ], [ 9.449967041586067, 54.707289001107071 ], [ 9.450196175606399, 54.70728261633289 ], [ 9.450769062680552, 54.707269409918887 ], [ 9.451294075148803, 54.707245320844997 ], [ 9.451714220004135, 54.707238213170392 ], [ 9.452201217037194, 54.707230853543471 ], [ 9.452545145106663, 54.707240620930953 ], [ 9.452802791049825, 54.707253522858004 ], [ 9.452765791094674, 54.707625273253875 ], [ 9.453064113328065, 54.707630135670712 ], [ 9.453146606775112, 54.707707845743229 ], [ 9.4533544230316, 54.707903611977819 ], [ 9.45386304296877, 54.708318813272363 ], [ 9.454071248038121, 54.708555006104646 ], [ 9.45442357295175, 54.709032101221645 ], [ 9.454548939833042, 54.709230279452051 ], [ 9.453725126389084, 54.709761292007919 ], [ 9.453599145558481, 54.709842494840579 ], [ 9.453769800602135, 54.709919518367727 ], [ 9.453915244906495, 54.710103526078456 ], [ 9.454011377724811, 54.710281922842107 ], [ 9.454078813232881, 54.710356262018188 ], [ 9.454178060929872, 54.710529236861177 ], [ 9.454186910336036, 54.710546510604587 ], [ 9.454358236284934, 54.710880912262958 ], [ 9.454017755996757, 54.712095877542282 ], [ 9.453718599809893, 54.712150867740846 ], [ 9.453069311248088, 54.712307026938561 ], [ 9.452431148437528, 54.712461923374754 ], [ 9.450684352269036, 54.713066765878501 ], [ 9.450211661221143, 54.713311903667119 ], [ 9.450137694524031, 54.713351932021965 ], [ 9.449758808771493, 54.713666512309537 ], [ 9.450330976189518, 54.714433630942317 ], [ 9.451055596838659, 54.715256270720957 ] ] } },
{ "type": "Feature", "properties": { "layer": "WBK_GERUEST" }, "geometry": { "type": "LineString", "coordinates": [ [ 9.437229816696613, 54.724205273223802 ], [ 9.437074499292613, 54.724284935126455 ], [ 9.436886214450141, 54.72436406508178 ], [ 9.436732655166628, 54.72443062367244 ], [ 9.436559433239097, 54.724539960228313 ], [ 9.436681296983851, 54.724644346268235 ], [ 9.4369455647566, 54.724891868878878 ], [ 9.437149477417734, 54.725126752160399 ], [ 9.437116726473977, 54.725213495490507 ], [ 9.435896023225334, 54.7254361193962 ], [ 9.435658058251413, 54.725092337946862 ], [ 9.435429796433182, 54.724742871998878 ], [ 9.435221789329956, 54.724461129634967 ], [ 9.435103085419248, 54.724314662425073 ], [ 9.434963649120288, 54.72405527250713 ], [ 9.434815242198553, 54.723869363245001 ], [ 9.43457765869335, 54.72355947844926 ], [ 9.434420583046007, 54.72347529590224 ], [ 9.434262540686357, 54.723300719676587 ], [ 9.434164028695347, 54.723216325924895 ], [ 9.434016231067977, 54.723086911124952 ], [ 9.433810295702221, 54.722997253709202 ], [ 9.43350346649267, 54.722912576330735 ], [ 9.433321129062136, 54.722891663929971 ], [ 9.433164661625261, 54.722863976112734 ], [ 9.432929868849646, 54.722813969740734 ], [ 9.432704839064669, 54.722763928028115 ], [ 9.432509028576643, 54.722708130636661 ], [ 9.432391543536344, 54.722674652594598 ], [ 9.432234836874079, 54.722624365197127 ], [ 9.432060155141842, 54.722551938805317 ], [ 9.43206161492189, 54.722549351678559 ], [ 9.432109043635824, 54.722465268662908 ], [ 9.431637123614829, 54.722248656203256 ], [ 9.431400926178158, 54.722117697417083 ], [ 9.431186380395856, 54.722015491814602 ], [ 9.430964415957847, 54.72188448151924 ], [ 9.430756987522416, 54.721782250737704 ], [ 9.430542618328488, 54.721696518961906 ], [ 9.430220436254867, 54.721508201150598 ], [ 9.429927195369034, 54.721365086073305 ], [ 9.429605364541844, 54.72120971657845 ], [ 9.429354731996092, 54.721058211637903 ], [ 9.429465447642212, 54.720989625983002 ], [ 9.430107582150303, 54.720729995428336 ], [ 9.430359800124323, 54.72060065223706 ], [ 9.430822745485969, 54.720415509277181 ], [ 9.431338125789621, 54.720193478195988 ], [ 9.431477001505751, 54.719906044070669 ], [ 9.43163936496113, 54.719798985705388 ], [ 9.432387275105677, 54.719662224284136 ], [ 9.432687926279188, 54.7197479043367 ], [ 9.432748353114574, 54.71902206722239 ], [ 9.433102232443389, 54.718346441140852 ], [ 9.434102402040807, 54.718232420169258 ], [ 9.435123026411837, 54.718122268956208 ], [ 9.435289741361448, 54.717786464560582 ], [ 9.435327918500763, 54.717533937685275 ], [ 9.435285493533803, 54.717388176818631 ], [ 9.435099063267405, 54.717152230736133 ], [ 9.434705126580472, 54.716619285639915 ], [ 9.43463503991534, 54.716434187659544 ], [ 9.434688439528752, 54.716331462223408 ], [ 9.434899081353214, 54.71628338392204 ], [ 9.435232241578923, 54.716226979084063 ], [ 9.435552030394955, 54.716194282903231 ], [ 9.43549698064793, 54.715725106929092 ], [ 9.435527375680993, 54.715731825852401 ], [ 9.435761019218655, 54.715847198171069 ], [ 9.435920587466281, 54.715950603748411 ], [ 9.436101936801595, 54.716115093489741 ], [ 9.436230207008997, 54.716255309200925 ], [ 9.436326786729476, 54.716395638050152 ], [ 9.436485115122464, 54.716382835542369 ], [ 9.436430789478662, 54.716242355471884 ], [ 9.436439797452682, 54.716169421577291 ], [ 9.436545880867154, 54.716137963591507 ], [ 9.436651060159464, 54.716094770135996 ], [ 9.436735310351208, 54.716070002333097 ], [ 9.436904134812725, 54.71605104586822 ], [ 9.437326556871033, 54.716037291101259 ], [ 9.437484687464924, 54.716006140428028 ], [ 9.437748650454257, 54.71599295555157 ], [ 9.437960124199181, 54.716010542211457 ], [ 9.438132124804069, 54.716061712325626 ], [ 9.438245939653873, 54.716064557395171 ], [ 9.43844763893544, 54.71615557339058 ], [ 9.438691333842486, 54.716221972008825 ], [ 9.438839623476742, 54.716258133557041 ], [ 9.43912484794547, 54.716257101566192 ], [ 9.439431003333951, 54.716237644499301 ], [ 9.439683744612974, 54.716163333337072 ], [ 9.439852370765704, 54.716126025008165 ], [ 9.440052291489689, 54.716051904886882 ], [ 9.440210086896638, 54.715990170467407 ], [ 9.440341702496491, 54.715952106266862 ], [ 9.44051323653809, 54.71586948276024 ], [ 9.440623537082796, 54.715819168490007 ], [ 9.440696813032334, 54.715761857767717 ], [ 9.440720595839, 54.71568333567221 ], [ 9.440755566522521, 54.715633449945507 ], [ 9.44075483763676, 54.715566173326287 ], [ 9.440679634752895, 54.715450237822886 ], [ 9.440509095259731, 54.715310183206299 ], [ 9.440423594392016, 54.715218749055694 ], [ 9.440380347330569, 54.715127162995046 ], [ 9.440524997200173, 54.715095629572971 ], [ 9.440647055275422, 54.715069732052768 ], [ 9.440818690847568, 54.715032587558738 ], [ 9.440959302599323, 54.715003070589809 ], [ 9.441097476132056, 54.715014468750084 ], [ 9.441213542978849, 54.71500181486379 ], [ 9.441329541749937, 54.714983044648775 ], [ 9.441574304466533, 54.715000838018021 ], [ 9.441772637987111, 54.715060523567658 ], [ 9.441938165990701, 54.715133045809402 ], [ 9.442029124908542, 54.715200686042714 ], [ 9.44217668253974, 54.715169567819792 ], [ 9.442316844092284, 54.715112592441336 ], [ 9.442410078102846, 54.715260461522028 ], [ 9.442507079811705, 54.715437477326937 ], [ 9.442752705192104, 54.715681230018575 ], [ 9.442955879149693, 54.71590678719086 ], [ 9.443156552069066, 54.716037830222405 ], [ 9.443144385692234, 54.716060228663139 ], [ 9.443068564280072, 54.716066818429056 ], [ 9.442968441390294, 54.716090226970003 ], [ 9.442854854928861, 54.716108928817278 ], [ 9.442533027724924, 54.716106129330733 ], [ 9.442557241827728, 54.716232932681493 ], [ 9.442668184162059, 54.716356776056699 ], [ 9.44277043308219, 54.716433424225571 ], [ 9.442729598817738, 54.7164703019209 ], [ 9.442496792524732, 54.716434453919355 ], [ 9.442316806104381, 54.716398413502198 ], [ 9.442242726783233, 54.716386451084574 ], [ 9.442192831071811, 54.716655745799571 ], [ 9.442183421019552, 54.716680431122953 ], [ 9.442299002122281, 54.716704288014462 ], [ 9.442743357778799, 54.716763828205202 ], [ 9.443007857896742, 54.716799559805281 ], [ 9.443036201351596, 54.716900873793513 ], [ 9.443043346655481, 54.717148052011623 ], [ 9.443074044006174, 54.717296745106466 ], [ 9.443315755282558, 54.71732303872578 ], [ 9.443547874555065, 54.71733994875423 ], [ 9.443574890927508, 54.717451915992896 ], [ 9.443587122225196, 54.717604775486905 ], [ 9.443756417762156, 54.717628620285154 ], [ 9.443897403154152, 54.717632636639706 ], [ 9.443948578374156, 54.717811400885942 ], [ 9.443525203101281, 54.717739557146558 ], [ 9.443295066641699, 54.717729145414182 ], [ 9.443306508599548, 54.717940590464231 ], [ 9.443326967690474, 54.718141427675803 ], [ 9.443680343457725, 54.71816225220207 ], [ 9.443964100407216, 54.718176139617668 ], [ 9.443995777138612, 54.718263822451263 ], [ 9.444019711378195, 54.718520613370899 ], [ 9.444023184177677, 54.718838640291004 ], [ 9.444036086736665, 54.719052658219667 ], [ 9.444038892092877, 54.719309525675087 ], [ 9.444040292078473, 54.719496664725646 ], [ 9.443806623700121, 54.719548371482198 ], [ 9.44370902558388, 54.71956176628624 ], [ 9.443541660135759, 54.719589557344364 ], [ 9.443448367812408, 54.719615271532739 ], [ 9.443344340084376, 54.719639841388528 ], [ 9.443154789965714, 54.719640535045457 ], [ 9.44305630347729, 54.719648257367872 ], [ 9.442852718193304, 54.719638484575988 ], [ 9.442056956550571, 54.719637184689383 ], [ 9.441759080152412, 54.719623909563829 ], [ 9.441372574298404, 54.719608117765958 ], [ 9.44087320973876, 54.719543203598619 ], [ 9.440523132261619, 54.719378967258251 ], [ 9.44005963299089, 54.719166080089295 ], [ 9.439640828700544, 54.718857465348755 ], [ 9.439385457716851, 54.718600337038268 ], [ 9.43929506947484, 54.718451607934426 ], [ 9.439739598210609, 54.718401682393356 ], [ 9.439695953254398, 54.718273399722882 ], [ 9.439668776384506, 54.7182098777036 ], [ 9.439674963630679, 54.718163386875815 ], [ 9.439673585734354, 54.718035604115578 ], [ 9.439665685028629, 54.717923334785596 ], [ 9.439678246733084, 54.717847777978854 ], [ 9.439697142435053, 54.717739283801663 ], [ 9.439709265095221, 54.717623068430719 ], [ 9.43973530942014, 54.717557144222162 ], [ 9.439781209219042, 54.717471785716405 ], [ 9.439800438531748, 54.717394268922135 ], [ 9.439799518620031, 54.717309080406793 ], [ 9.4397850127183, 54.717204579023566 ], [ 9.439877899109826, 54.717134539613561 ], [ 9.440084444961554, 54.717060215655593 ], [ 9.440331121652582, 54.7169857454628 ], [ 9.44073698167222, 54.716844531631438 ], [ 9.440626907467976, 54.716435143746622 ], [ 9.440804707137723, 54.716269359562936 ], [ 9.440634889369958, 54.716196581773616 ], [ 9.440466421456939, 54.716155880145031 ], [ 9.44028562113064, 54.716136686441963 ], [ 9.440126898486863, 54.716112797491014 ], [ 9.439926977591867, 54.716186916840073 ], [ 9.439733155370112, 54.716227243775926 ], [ 9.439410600521988, 54.716304996877476 ], [ 9.439178392018993, 54.71632418668311 ], [ 9.438946118737496, 54.716337259824805 ], [ 9.438713382530333, 54.716307519879159 ], [ 9.438480384050996, 54.716253315488139 ], [ 9.438257884923946, 54.716192956215352 ], [ 9.438095141914427, 54.716180644340774 ], [ 9.437909210829389, 54.716188098224279 ], [ 9.437666044937782, 54.716170626895924 ], [ 9.437496694581712, 54.716140655549928 ], [ 9.437327606467043, 54.716135148853688 ], [ 9.437137326125303, 54.716123601948048 ], [ 9.436958526158968, 54.716197641949556 ], [ 9.436780446350706, 54.716338958350093 ], [ 9.436718437691772, 54.716467624878412 ], [ 9.436667516839481, 54.716645182162267 ], [ 9.436584313323928, 54.716767808574183 ], [ 9.436448093396612, 54.71687227661598 ], [ 9.436322893335211, 54.717019519102941 ], [ 9.436292771439387, 54.717166419894951 ], [ 9.436336335572959, 54.717288590306431 ], [ 9.436443271094129, 54.717449002417396 ], [ 9.436592430025982, 54.717526205674162 ], [ 9.436752727714381, 54.717696884961022 ], [ 9.436924051365612, 54.717910339438362 ], [ 9.437031792181651, 54.718105672852012 ], [ 9.43713932536547, 54.718112546184258 ], [ 9.437292540281053, 54.718053906539588 ], [ 9.437325942322987, 54.718049913498589 ], [ 9.437539812636114, 54.718033652239406 ], [ 9.437646685125936, 54.718019712133639 ], [ 9.437833675144136, 54.717991929253124 ], [ 9.438241263802475, 54.717951731703629 ], [ 9.438404648022072, 54.718051779785974 ], [ 9.438542644717419, 54.718112442980534 ], [ 9.4386910733161, 54.718160835331616 ], [ 9.438860566790074, 54.71820303562086 ], [ 9.438956174278454, 54.71825161901598 ], [ 9.43898905305095, 54.718361593385964 ], [ 9.439064256550322, 54.718477529881184 ], [ 9.439223039276522, 54.718695547859717 ], [ 9.439478132014067, 54.718926871759713 ], [ 9.439672219370848, 54.719105007675218 ], [ 9.440260944962144, 54.719402935005718 ], [ 9.440829653485045, 54.719673527805924 ], [ 9.441135866014768, 54.719703601835121 ], [ 9.441626568146026, 54.719736217177996 ], [ 9.44226913771845, 54.719768923151697 ], [ 9.442450739640512, 54.719761950247928 ], [ 9.442524751232417, 54.719807433759861 ], [ 9.442924679247861, 54.719833487927467 ], [ 9.442998834816828, 54.719851564305912 ], [ 9.443104816521497, 54.719881756221355 ], [ 9.443262783154626, 54.719923044420639 ], [ 9.443485100438913, 54.719992901491885 ], [ 9.443601603430986, 54.720053436330851 ], [ 9.443733680459918, 54.720121141239822 ], [ 9.443843396855868, 54.720185943404282 ], [ 9.443880668910877, 54.720300923993072 ], [ 9.443881137110155, 54.720343734778105 ], [ 9.443871684023925, 54.720446659067733 ], [ 9.443872972152773, 54.720564443308717 ], [ 9.443858242182118, 54.720700739866274 ], [ 9.443801656118731, 54.720881741235765 ], [ 9.443754091810751, 54.720994911760485 ], [ 9.443713742161318, 54.721223432711881 ], [ 9.443668516822619, 54.721357761369909 ], [ 9.443662226187806, 54.721520681080925 ], [ 9.443605083944336, 54.721650835836883 ], [ 9.443567338821, 54.72176962124351 ], [ 9.443414936473141, 54.722114818916381 ], [ 9.443253512930992, 54.722527849802816 ], [ 9.443146681943082, 54.722731912487546 ], [ 9.4431299125179, 54.722827752149811 ], [ 9.442838455153177, 54.722760224078968 ], [ 9.442267251490591, 54.722661375172507 ], [ 9.441783368282394, 54.722573852093838 ], [ 9.441438490863238, 54.722568413357301 ], [ 9.441330573659869, 54.722517959876235 ], [ 9.441095839009382, 54.72247362002097 ], [ 9.440949252912775, 54.722457207226704 ], [ 9.440773753196616, 54.722474798793968 ], [ 9.440549945396809, 54.722537766096494 ], [ 9.440287156983915, 54.72260652561382 ], [ 9.440228718550744, 54.722618038988109 ], [ 9.440092566916949, 54.722663735823353 ], [ 9.440043864203821, 54.722779596941663 ], [ 9.440036632435445, 54.722929671314446 ], [ 9.44009847300002, 54.723065333266973 ], [ 9.440113279454101, 54.723193402344506 ], [ 9.440080798594643, 54.723290583759095 ], [ 9.439967746365868, 54.723380294108665 ], [ 9.439774377549908, 54.72348582795609 ], [ 9.43955586648446, 54.723575329424911 ], [ 9.439585761245295, 54.723631719489184 ], [ 9.439586435930289, 54.723693865617683 ], [ 9.439665870086666, 54.723817873575427 ], [ 9.439706138291568, 54.723930725378949 ], [ 9.439883178919917, 54.724054377034292 ], [ 9.440016322342615, 54.724146914556613 ], [ 9.44019109292741, 54.724181218638968 ], [ 9.440285417200601, 54.724219699920127 ], [ 9.440366497415514, 54.724273759463465 ], [ 9.440442485170724, 54.724323531860307 ], [ 9.44048251073753, 54.724413784151366 ], [ 9.44049386945473, 54.724560640129567 ], [ 9.440475516977649, 54.724668055700597 ], [ 9.440681291430028, 54.724740753197025 ], [ 9.440955640632213, 54.724835799060671 ], [ 9.44116154128236, 54.724919795354204 ], [ 9.441026305525689, 54.725050237666004 ], [ 9.440702893402792, 54.725342920326128 ], [ 9.440606883586655, 54.725294336195397 ], [ 9.440442374480259, 54.725210568615267 ], [ 9.440226527121988, 54.725109657169568 ], [ 9.439942540550984, 54.72502594472305 ], [ 9.439697843404808, 54.724964687339742 ], [ 9.439541547261117, 54.724953957221686 ], [ 9.439346146631811, 54.724937719602856 ], [ 9.439024038094029, 54.724938891974602 ], [ 9.438682652847069, 54.72496273252812 ], [ 9.438701624078433, 54.724911815338523 ], [ 9.438700523164565, 54.724810120520473 ], [ 9.438698197650243, 54.724595433981655 ], [ 9.4384331906725, 54.724460799884369 ], [ 9.438060327078224, 54.724281357730987 ], [ 9.437805329165345, 54.724169286184541 ], [ 9.437550271671975, 54.724051564282334 ], [ 9.437229816696613, 54.724205273223802 ] ] } },
{ "type": "Feature", "properties": { "layer": "WBK_GERUEST" }, "geometry": { "type": "LineString", "coordinates": [ [ 9.304516077539898, 54.734724442847003 ], [ 9.304578605127981, 54.734538699392267 ], [ 9.30459361328124, 54.734397857867002 ], [ 9.304611215201833, 54.734255774981541 ], [ 9.304582242963258, 54.734137052592395 ], [ 9.304644601577763, 54.734109836502753 ], [ 9.30465607013265, 54.734234060137197 ], [ 9.304667945800995, 54.734361874306273 ], [ 9.304658991973803, 54.73449978095784 ], [ 9.304574065923607, 54.734694200256037 ], [ 9.304516077539898, 54.734724442847003 ] ] } },
{ "type": "Feature", "properties": { "layer": "WBK_GERUEST" }, "geometry": { "type": "LineString", "coordinates": [ [ 9.304153913034737, 54.734910728939447 ], [ 9.304253041213506, 54.734694580403058 ], [ 9.304307941006288, 54.73453422146553 ], [ 9.304331487433855, 54.734393842541792 ], [ 9.304333494449999, 54.734246391223756 ], [ 9.30427147880879, 54.734273839951356 ], [ 9.304269200123683, 54.734421341384568 ], [ 9.304245073513066, 54.734566580707494 ], [ 9.30417501018737, 54.734734071178096 ], [ 9.304079138358082, 54.734948690613123 ], [ 9.304153913034737, 54.734910728939447 ] ] } },
{ "type": "Feature", "properties": { "layer": "WBK_GERUEST" }, "geometry": { "type": "Polygon", "coordinates": [ [ [ 9.28986422118766, 54.741266652441205, 0.0 ], [ 9.289901006812945, 54.741246094607042, 0.0 ], [ 9.290871101322217, 54.74129089362215, 0.0 ], [ 9.290808565631396, 54.741317896308303, 0.0 ], [ 9.28986422118766, 54.741266652441205, 0.0 ] ] ] } },
{ "type": "Feature", "properties": { "layer": "WBK_GERUEST" }, "geometry": { "type": "LineString", "coordinates": [ [ 9.28986422118766, 54.741266652441205 ], [ 9.289901006823618, 54.741246094605046 ], [ 9.290871101329131, 54.741290893623741 ], [ 9.290808565612371, 54.741317896302803 ], [ 9.289864221187733, 54.741266652451159 ] ] } },
{ "type": "Feature", "properties": { "layer": "WBK_GERUEST" }, "geometry": { "type": "MultiLineString", "coordinates": [ [ [ 9.26450628874702, 54.754029683875714, 0.0 ], [ 9.264564437476833, 54.754004264853648, 0.0 ] ], [ [ 9.264564437428644, 54.754004264865458, 0.0 ], [ 9.263861450700057, 54.753863717179136, 0.0 ] ], [ [ 9.263861450681063, 54.753863717175854, 0.0 ], [ 9.263821317768553, 54.753885319871138, 0.0 ] ], [ [ 9.263821317805187, 54.753885319864231, 0.0 ], [ 9.264506288716486, 54.754029683877349, 0.0 ] ], [ [ 9.264151684352827, 54.754183460401713, 0.0 ], [ 9.26351760665249, 54.754050905354795, 0.0 ] ], [ [ 9.263517606658006, 54.754050905352038, 0.0 ], [ 9.263473646238852, 54.754065324872187, 0.0 ] ], [ [ 9.263473646279712, 54.754065324868222, 0.0 ], [ 9.264127041699862, 54.754193929291368, 0.0 ] ], [ [ 9.26412704167214, 54.754193929290501, 0.0 ], [ 9.264151684572964, 54.754183460436238, 0.0 ] ] ] } },
{ "type": "Feature", "properties": { "layer": "WBK_GERUEST" }, "geometry": { "type": "LineString", "coordinates": [ [ 9.26450628874702, 54.754029683875714 ], [ 9.264564437428644, 54.754004264865458 ], [ 9.263861450681063, 54.753863717175854 ], [ 9.263821317805187, 54.753885319864231 ], [ 9.26450628874702, 54.754029683875714 ] ] } },
{ "type": "Feature", "properties": { "layer": "WBK_GERUEST" }, "geometry": { "type": "LineString", "coordinates": [ [ 9.264151684352827, 54.754183460401713 ], [ 9.263517606658006, 54.754050905352038 ], [ 9.263473646279712, 54.754065324868222 ], [ 9.26412704167214, 54.754193929290501 ], [ 9.26415168455984, 54.754183460441027 ] ] } },
{ "type": "Feature", "properties": { "layer": "WBK_GERUEST" }, "geometry": { "type": "Polygon", "coordinates": [ [ [ 9.260978700329012, 54.759647217496401, 0.0 ], [ 9.261364316455035, 54.760391113237546, 0.0 ], [ 9.261333450622429, 54.760455623638371, 0.0 ], [ 9.260940125012127, 54.759753178407664, 0.0 ], [ 9.260978700329012, 54.759647217496401, 0.0 ] ] ] } },
{ "type": "Feature", "properties": { "layer": "WBK_GERUEST" }, "geometry": { "type": "LineString", "coordinates": [ [ 9.260978700329012, 54.759647217496401 ], [ 9.261364316462325, 54.760391113228721 ], [ 9.261333450585784, 54.760455623644589 ], [ 9.260940125034685, 54.759753178399315 ], [ 9.260978700329012, 54.759647217496401 ] ] } },
{ "type": "Feature", "properties": { "layer": "WBK_GERUEST" }, "geometry": { "type": "Polygon", "coordinates": [ [ [ 9.255957763751214, 54.772420326689861, 0.0 ], [ 9.256618521947168, 54.772332487115889, 0.0 ], [ 9.256607556821377, 54.77237151729534, 0.0 ], [ 9.255938898540974, 54.772463401149004, 0.0 ], [ 9.255957763751214, 54.772420326689861, 0.0 ] ], [ [ 9.256667975267611, 54.772152164843689, 0.0 ], [ 9.256053364338122, 54.772238246755293, 0.0 ], [ 9.25607183647902, 54.772202454112858, 0.0 ], [ 9.256690075804627, 54.772113843514305, 0.0 ], [ 9.256667975267611, 54.772152164843689, 0.0 ] ] ] } },
{ "type": "Feature", "properties": { "layer": "WBK_GERUEST" }, "geometry": { "type": "LineString", "coordinates": [ [ 9.256667975267611, 54.772152164843689 ], [ 9.256053364410858, 54.772238246752913 ], [ 9.256071836443379, 54.772202454113867 ], [ 9.25669007581674, 54.772113843514752 ], [ 9.25666797519937, 54.772152164853779 ] ] } },
{ "type": "Feature", "properties": { "layer": "WBK_GERUEST" }, "geometry": { "type": "LineString", "coordinates": [ [ 9.255957763751214, 54.772420326689861 ], [ 9.256618521880936, 54.772332487104144 ], [ 9.256607556885911, 54.77237151730148 ], [ 9.255938898527083, 54.772463401144435 ], [ 9.255957763751214, 54.772420326689861 ] ] } },
{ "type": "Feature", "properties": { "layer": "WBK_GERUEST" }, "geometry": { "type": "Polygon", "coordinates": [ [ [ 9.251978887218325, 54.782285852177594, 0.0 ], [ 9.252734179322987, 54.782339437718761, 0.0 ], [ 9.252716469886659, 54.782380197013168, 0.0 ], [ 9.251964608955472, 54.782326238963279, 0.0 ], [ 9.251978887218325, 54.782285852177594, 0.0 ] ] ] } },
{ "type": "Feature", "properties": { "layer": "WBK_GERUEST" }, "geometry": { "type": "LineString", "coordinates": [ [ 9.251978887218325, 54.782285852177594 ], [ 9.252734179334663, 54.782339437723735 ], [ 9.25271646986327, 54.782380197018895 ], [ 9.251964608946491, 54.782326238957253 ], [ 9.251978887218325, 54.782285852177594 ] ] } },
{ "type": "Feature", "properties": { "layer": "WBK_GERUEST" }, "geometry": { "type": "LineString", "coordinates": [ [ 9.250873194718665, 54.786949755342128 ], [ 9.250893052503679, 54.786907510828151 ], [ 9.250221716677471, 54.786725593250559 ], [ 9.250228795131887, 54.786765669027453 ], [ 9.250873194718665, 54.786949755342128 ] ] } },
{ "type": "Feature", "properties": { "layer": "WBK_GERUEST" }, "geometry": { "type": "MultiLineString", "coordinates": [ [ [ 9.250243152396154, 54.786721123755996, 0.0 ], [ 9.25089305255138, 54.786907510837317, 0.0 ] ], [ [ 9.250893052503679, 54.786907510828151, 0.0 ], [ 9.250869231099799, 54.786943494209922, 0.0 ] ], [ [ 9.250869231201873, 54.786943494213808, 0.0 ], [ 9.250228795190063, 54.786765669023147, 0.0 ] ], [ [ 9.250228795131887, 54.786765669027453, 0.0 ], [ 9.250243152392356, 54.786721123754994, 0.0 ] ] ] } },
{ "type": "Feature", "properties": { "layer": "WBK_GERUEST" }, "geometry": { "type": "LineString", "coordinates": [ [ 9.250243152396154, 54.786721123755996 ], [ 9.250893052503679, 54.786907510828151 ], [ 9.250869231201873, 54.786943494213808 ], [ 9.250228795131887, 54.786765669027453 ], [ 9.250243152396154, 54.786721123755996 ] ] } },
{ "type": "Feature", "properties": { "layer": "WBK_GERUEST" }, "geometry": { "type": "Polygon", "coordinates": [ [ [ 9.253407962750599, 54.778899404245998, 0.0 ], [ 9.254038326873168, 54.778837006163378, 0.0 ], [ 9.254026491469155, 54.778866762979668, 0.0 ], [ 9.253406559144945, 54.778920912857217, 0.0 ], [ 9.253407962750599, 54.778899404245998, 0.0 ] ] ] } },
{ "type": "Feature", "properties": { "layer": "WBK_GERUEST" }, "geometry": { "type": "LineString", "coordinates": [ [ 9.253407962750599, 54.778899404245998 ], [ 9.254038326874847, 54.778837006165233 ], [ 9.254026491493413, 54.778866762983242 ], [ 9.253399591554125, 54.778921284182843 ], [ 9.253407962750599, 54.778899404245998 ] ] } },
{ "type": "Feature", "properties": { "layer": "WBK_GERUEST" }, "geometry": { "type": "MultiLineString", "coordinates": [ [ [ 9.417778035035143, 54.562886099689173, 0.0 ], [ 9.418291554256708, 54.563060725502645, 0.0 ] ], [ [ 9.41829155427728, 54.563060725511974, 0.0 ], [ 9.418316577987756, 54.563035874915165, 0.0 ] ], [ [ 9.418316578012666, 54.563035874906319, 0.0 ], [ 9.417798041033441, 54.562854900086961, 0.0 ] ], [ [ 9.417798040976363, 54.562854900093434, 0.0 ], [ 9.417778035023545, 54.562886099696115, 0.0 ] ] ] } },
{ "type": "Feature", "properties": { "layer": "WBK_GERUEST" }, "geometry": { "type": "LineString", "coordinates": [ [ 9.417778035035143, 54.562886099689173 ], [ 9.41829155427728, 54.563060725511974 ], [ 9.418316578012666, 54.563035874906319 ], [ 9.417798040976363, 54.562854900093434 ], [ 9.417778035035143, 54.562886099689173 ] ] } },
{ "type": "Feature", "properties": { "layer": "WBK_GERUEST" }, "geometry": { "type": "Polygon", "coordinates": [ [ [ 9.259461131483063, 54.763199433293416, 0.0 ], [ 9.260312825250709, 54.763313248650029, 0.0 ], [ 9.26028742188724, 54.76337681350001, 0.0 ], [ 9.259437477124694, 54.763264100143395, 0.0 ], [ 9.259461131483063, 54.763199433293416, 0.0 ] ] ] } },
{ "type": "Feature", "properties": { "layer": "WBK_GERUEST" }, "geometry": { "type": "LineString", "coordinates": [ [ 9.259461131483063, 54.763199433293416 ], [ 9.26031282526397, 54.763313248661632 ], [ 9.260287421865689, 54.763376813500287 ], [ 9.259437477162447, 54.763264100134407 ], [ 9.259461131483063, 54.763199433293416 ] ] } },
{ "type": "Feature", "properties": { "layer": "WBK_GERUEST" }, "geometry": { "type": "Polygon", "coordinates": [ [ [ 9.208375600565574, 54.839594649114467, 0.0 ], [ 9.207940752027046, 54.839304046339663, 0.0 ], [ 9.207968669600017, 54.839279484071511, 0.0 ], [ 9.208391089630599, 54.839576442833447, 0.0 ], [ 9.208375600565574, 54.839594649114467, 0.0 ] ] ] } },
{ "type": "Feature", "properties": { "layer": "WBK_GERUEST" }, "geometry": { "type": "LineString", "coordinates": [ [ 9.208375600565574, 54.839594649114467 ], [ 9.207940752029558, 54.839304046337489 ], [ 9.207968669580115, 54.839279484080116 ], [ 9.208391089655814, 54.839576442830129 ], [ 9.208375600565574, 54.839594649114467 ] ] } },
{ "type": "Feature", "properties": { "layer": "WBK_GERUEST" }, "geometry": { "type": "LineString", "coordinates": [ [ 9.433550520320187, 54.513587581707988 ], [ 9.433814801657149, 54.513051809072337 ], [ 9.433864617107572, 54.51309647196954 ], [ 9.433610636627257, 54.513642487234584 ], [ 9.433550520320187, 54.513587581707988 ] ] } },
{ "type": "Feature", "properties": { "layer": "WBK_GERUEST" }, "geometry": { "type": "Polygon", "coordinates": [ [ [ 9.320323402527762, 54.723189505947452, 0.0 ], [ 9.319802033674314, 54.722787569836655, 0.0 ], [ 9.319723194151873, 54.722822040951314, 0.0 ], [ 9.320255803442631, 54.723274882831923, 0.0 ], [ 9.320323402527762, 54.723189505947452, 0.0 ] ] ] } },
{ "type": "Feature", "properties": { "layer": "WBK_GERUEST" }, "geometry": { "type": "LineString", "coordinates": [ [ 9.320323402527762, 54.723189505947452 ], [ 9.319802033674314, 54.722787569836655 ], [ 9.319723194151873, 54.722822040951314 ], [ 9.320255803442631, 54.723274882831923 ], [ 9.320323402527762, 54.723189505947452 ] ] } },
{ "type": "Feature", "properties": { "layer": "WBK_GERUEST" }, "geometry": { "type": "LineString", "coordinates": [ [ 9.238184258513197, 54.808252107108963 ], [ 9.238929412442953, 54.808386652038209 ], [ 9.23897076586967, 54.808347994430903 ], [ 9.238223351629131, 54.808208501522607 ], [ 9.238184258513412, 54.808252107109006 ] ] } },
{ "type": "Feature", "properties": { "layer": "WBK_GERUEST" }, "geometry": { "type": "Polygon", "coordinates": [ [ [ 9.238184258513197, 54.808252107108963, 0.0 ], [ 9.238929412442953, 54.808386652038209, 0.0 ], [ 9.23897076586967, 54.808347994430903, 0.0 ], [ 9.238223351629131, 54.808208501522607, 0.0 ], [ 9.238184258513197, 54.808252107108963, 0.0 ] ] ] } }
]
}
