{
"type": "FeatureCollection",
"name": "buffer_800m",
"crs": { "type": "name", "properties": { "name": "urn:ogc:def:crs:EPSG::25832" } },
"features": [
{ "type": "Feature", "properties": { }, "geometry": { "type": "Polygon", "coordinates": [ [ [ 519482.065182349761017, 6064060.508457825519145 ], [ 519471.902500804688316, 6064076.906796731986105 ], [ 519451.7327862457023, 6064113.61344638466835 ], [ 519433.511791189550422, 6064151.325392148457468 ], [ 519417.289458117214963, 6064189.939268201589584 ], [ 519403.110251316044014, 6064229.349236593581736 ], [ 519391.013035006239079, 6064269.447277340106666 ], [ 519381.030966816935688, 6064310.123484498821199 ], [ 519373.191406903148163, 6064351.26636741310358 ], [ 519367.515842953638639, 6064392.763156300410628 ], [ 519364.019831294717733, 6064434.500111347995698 ], [ 519362.712954251386691, 6064476.362834461964667 ], [ 519363.598793882702012, 6064518.236582828685641 ], [ 519366.674922163889278, 6064560.006583414971828 ], [ 519371.932907641108613, 6064601.558347552083433 ], [ 519379.358338541584089, 6064642.777984742075205 ], [ 519388.930862275476102, 6064683.55251482501626 ], [ 519400.624241220473778, 6064723.77017764840275 ], [ 519414.406424637825694, 6064763.320739394053817 ], [ 519430.239636520680506, 6064802.095794721506536 ], [ 519448.080479135795031, 6064839.989063898101449 ], [ 519467.880051973741502, 6064876.896684108301997 ], [ 519489.584085781651083, 6064912.717494130134583 ], [ 519513.133091311377939, 6064947.353311613202095 ], [ 519538.462522375630215, 6064980.709202188998461 ], [ 519565.502952764625661, 6065012.693739680573344 ], [ 519594.180266538111027, 6065043.219256692565978 ], [ 519624.41586117236875, 6065072.20208490639925 ], [ 519656.126863004232291, 6065099.562784403562546 ], [ 519689.226354381826241, 6065125.226361407898366 ], [ 519702.449938623991329, 6065134.935817626304924 ], [ 519736.546180497447494, 6065158.634192330762744 ], [ 519771.826117333723232, 6065180.531514777801931 ], [ 519808.194704614928924, 6065200.568793353624642 ], [ 519845.553964987688232, 6065218.692047419026494 ], [ 519883.803252214973327, 6065234.852452740073204 ], [ 519922.839522318157833, 6065249.006473015993834 ], [ 519962.557611178548541, 6065261.115977168083191 ], [ 520002.850517850602046, 6065271.148342065513134 ], [ 520043.609692823607475, 6065279.076540414243937 ], [ 520084.725330455170479, 6065284.879213564097881 ], [ 520095.539606853446458, 6065285.836548262275755 ], [ 520101.370449040899985, 6065286.706227309070528 ], [ 520142.651731839228887, 6065290.690319320186973 ], [ 520184.084013723186217, 6065292.529698704369366 ], [ 520225.555944315448869, 6065292.2194220777601 ], [ 520266.95606668147957, 6065289.760323318652809 ], [ 520308.173116873484105, 6065285.159011320210993 ], [ 520349.09632295492338, 6065278.427852233871818 ], [ 520389.615702703478746, 6065269.584936231374741 ], [ 520429.622359190718271, 6065258.6540288887918 ], [ 520469.008773446083069, 6065245.664507314562798 ], [ 520507.669093416654505, 6065230.651281198486686 ], [ 520545.49941844760906, 6065213.654698992148042 ], [ 520582.398078517813701, 6065194.720439470373094 ], [ 520618.265907481079921, 6065173.899388966150582 ], [ 520653.006509577506222, 6065151.24750461615622 ], [ 520686.526518500002567, 6065126.825663971714675 ], [ 520718.735848318552598, 6065100.699501389637589 ], [ 520749.547935588750988, 6065072.939231637865305 ], [ 520778.87997199309757, 6065043.619461191818118 ], [ 520806.653126891062129, 6065012.818987727165222 ], [ 520832.792759178148117, 6064980.620588348247111 ], [ 520857.22861788602313, 6064947.110797124914825 ], [ 520879.895030983898323, 6064912.37967252638191 ], [ 520900.731081873993389, 6064876.520555388182402 ], [ 520919.680773106345441, 6064839.629818056710064 ], [ 520925.129335736273788, 6064827.516177566722035 ], [ 520965.211438709520735, 6064820.172645030543208 ], [ 521005.492580784950405, 6064810.615324581041932 ], [ 521420.364672614727169, 6064700.76767985522747 ], [ 521460.717432292818557, 6064688.940057838335633 ], [ 521500.392966370389331, 6064675.008444440551102 ], [ 521539.281656439241488, 6064659.011330921202898 ], [ 521577.276058040093631, 6064640.992915252223611 ], [ 521614.271197517868131, 6064621.002980004064739 ], [ 521650.164862050500233, 6064599.09675480145961 ], [ 521684.857882049749605, 6064575.334763732738793 ], [ 521718.25440515432274, 6064549.782658129930496 ], [ 521750.262161057267804, 6064522.511035180650651 ], [ 521780.792716437194031, 6064493.595242879353464 ], [ 521809.761719288188033, 6064463.115171848796308 ], [ 521821.488702980976086, 6064449.400151970796287 ], [ 521857.711287281941622, 6064434.807828339748085 ], [ 521895.785393642494455, 6064417.094021088443696 ], [ 521932.877545712457504, 6064397.406746079213917 ], [ 521968.885542062926106, 6064375.800248415209353 ], [ 522003.710168480640277, 6064352.334061308763921 ], [ 522037.255471337062772, 6064327.072842043824494 ], [ 522355.501902102900203, 6064074.060251934453845 ], [ 522387.811501443793532, 6064046.95323876477778 ], [ 522418.647663891897537, 6064018.181178392842412 ], [ 522447.924688988423441, 6063987.824034686200321 ], [ 522475.561209459207021, 6063955.966176804155111 ], [ 522484.147375752683729, 6063944.944928422570229 ], [ 522515.962342871061992, 6063920.694413117133081 ], [ 522553.959064764901996, 6063903.735267118550837 ], [ 522591.289573520945851, 6063884.669100254774094 ], [ 522627.570170661550947, 6063863.673770441673696 ], [ 522662.701249757257756, 6063840.806919227354228 ], [ 522696.586360318469815, 6063816.131326325237751 ], [ 522729.132472595432773, 6063789.714737246744335 ], [ 522892.645500412036199, 6063649.733782954514027 ], [ 522899.398135737632401, 6063646.384451376274228 ], [ 522936.044727373402566, 6063625.739912295714021 ], [ 522971.555617223319132, 6063603.197810033336282 ], [ 523005.832641553890426, 6063578.82045834325254 ], [ 523326.171775669616181, 6063338.072947534732521 ], [ 523359.249390997458249, 6063311.819524529390037 ], [ 523390.895551681111101, 6063283.857204002328217 ], [ 523421.022075157263316, 6063254.263903433457017 ], [ 523447.692504893115256, 6063225.14468461368233 ], [ 523638.067571338266134, 6063098.218169685453176 ], [ 523672.484196197648998, 6063073.93942634947598 ], [ 523705.575337818823755, 6063047.882991617545485 ], [ 523737.249273687077221, 6063020.12108910176903 ], [ 523767.418209519411903, 6062990.730669651180506 ], [ 523795.998522614361718, 6062959.793198065832257 ], [ 523822.910993638332002, 6062927.394427285529673 ], [ 523823.018759562983178, 6062927.249839312396944 ], [ 523841.884624140278902, 6062912.886338269338012 ], [ 523878.542849144956563, 6062896.683501641266048 ], [ 523915.975273698510136, 6062877.73359084688127 ], [ 523952.362739748496097, 6062856.84728333260864 ], [ 523987.605165529588703, 6062834.082025764510036 ], [ 524021.605618647707161, 6062809.500432755798101 ], [ 524347.592133618309163, 6062560.54681961517781 ], [ 524380.14712314249482, 6062534.309993796050549 ], [ 524411.286867936025374, 6062506.408118122257292 ], [ 524440.926307919202372, 6062476.917408238165081 ], [ 524468.984481184743345, 6062445.918419787660241 ], [ 524487.513795144041069, 6062423.162269446998835 ], [ 524489.853147585759871, 6062421.37902186717838 ], [ 524521.949199603870511, 6062407.254185666330159 ], [ 524559.367222017841414, 6062388.389971151016653 ], [ 524595.746137808426283, 6062367.592339637689292 ], [ 524630.986134201521054, 6062344.918353554792702 ], [ 524664.990523274871521, 6062320.430223483592272 ], [ 524993.324684396269731, 6062070.667231367900968 ], [ 525025.939731777762063, 6062044.483324700966477 ], [ 525057.141742567066103, 6062016.630626326426864 ], [ 525086.845431026420556, 6061987.185267168097198 ], [ 525114.969606844475493, 6061956.227731436491013 ], [ 525135.145797878154553, 6061931.540825044736266 ], [ 525150.619931680615991, 6061919.816152560524642 ], [ 525185.803596549900249, 6061904.142554886639118 ], [ 525222.901611618581228, 6061885.244957421906292 ], [ 525258.966245463117957, 6061864.44293594174087 ], [ 525293.899820296210237, 6061841.792830835096538 ], [ 525327.60772170079872, 6061817.355987854301929 ], [ 525359.998654885450378, 6061791.198591970838606 ], [ 525544.406404789653607, 6061634.178770285099745 ], [ 525571.295706898672506, 6061620.591917302459478 ], [ 525607.678770643658936, 6061599.746352451853454 ], [ 525642.919620606349781, 6061577.023073741234839 ], [ 525676.921439990168437, 6061552.484508583322167 ], [ 526015.884274270152673, 6061294.085259628482163 ], [ 526048.47957067633979, 6061267.861689103767276 ], [ 526079.659454875858501, 6061239.970044832676649 ], [ 526109.338663088390604, 6061210.486598650924861 ], [ 526137.43603524682112, 6061179.491975300014019 ], [ 526153.000268073868938, 6061160.405990174040198 ], [ 526176.692071265308186, 6061142.379991227760911 ], [ 526201.781180033576675, 6061131.366343013942242 ], [ 526239.192539012059569, 6061112.550300057977438 ], [ 526275.568039383855648, 6061091.802379057742655 ], [ 526310.808009251253679, 6061069.179431043565273 ], [ 526344.815888164448552, 6061044.74344477429986 ], [ 526686.410230455803685, 6060785.47345179412514 ], [ 526719.262741034151986, 6060759.147770882584155 ], [ 526750.684885338880122, 6060731.130316071212292 ], [ 526780.589647158514708, 6060701.498675089329481 ], [ 526808.894212314509787, 6060670.334905771538615 ], [ 526835.520197994774207, 6060637.725308819673955 ], [ 526860.393869817256927, 6060603.76018881611526 ], [ 526883.44634601927828, 6060568.533604143187404 ], [ 526904.613788209389895, 6060532.143106510862708 ], [ 526913.934835981810465, 6060513.982945137657225 ], [ 527044.400360695552081, 6060365.471715041436255 ], [ 527071.832582214847207, 6060332.503193583339453 ], [ 527097.458540916326456, 6060298.111909436061978 ], [ 527121.204584183869883, 6060262.396707997657359 ], [ 527143.002462542732246, 6060225.460239789448678 ], [ 527162.789525819011033, 6060187.408665426075459 ], [ 527180.508903204579838, 6060148.351350493729115 ], [ 527196.109666712000035, 6060108.400551220402122 ], [ 527209.546977548510768, 6060067.671091831289232 ], [ 527220.782214989303611, 6060026.280034532770514 ], [ 527227.436201214441098, 6059995.280127703212202 ], [ 527298.259792599827051, 6059851.146161321550608 ], [ 527315.912666085292585, 6059812.682227198965847 ], [ 527331.506742056459188, 6059773.338575040921569 ], [ 527344.998379074269906, 6059733.225311635062099 ], [ 527356.349819566472434, 6059692.454697594046593 ], [ 527365.529295495012775, 6059651.14083318784833 ], [ 527371.069001622148789, 6059618.021166329272091 ], [ 527391.444811074412428, 6059589.303016727790236 ], [ 527413.68796599120833, 6059554.227886192500591 ], [ 527434.080771543551236, 6059518.045622520148754 ], [ 527452.568262023618445, 6059480.85374950338155 ], [ 527469.100607210770249, 6059442.75251218304038 ], [ 527483.633246681536548, 6059403.844606652855873 ], [ 527564.414462633081712, 6059169.157512260600924 ], [ 527582.406085187569261, 6059140.748123712837696 ], [ 527603.014447690569796, 6059104.073612538166344 ], [ 527621.666450447868556, 6059066.3664889652282 ], [ 527638.310517047299072, 6059027.731020519509912 ], [ 527771.106664993567392, 6058695.710826401598752 ], [ 527785.455157166579738, 6058656.96304857544601 ], [ 527797.783898692927323, 6058617.526116057299078 ], [ 527808.060001315316185, 6058577.50523114670068 ], [ 527816.256052414071746, 6058537.007153903134167 ], [ 527822.350188132491894, 6058496.139917344786227 ], [ 527826.326151701738127, 6058455.012539263814688 ], [ 527827.047659631003626, 6058438.889485009014606 ], [ 527853.418607567669824, 6058344.600737457163632 ], [ 527863.61371012579184, 6058304.101185644976795 ], [ 527871.681409079115838, 6058263.124777227640152 ], [ 527877.599718009121716, 6058221.783182766288519 ], [ 527881.352508101612329, 6058180.189068041741848 ], [ 527882.929552101762965, 6058138.455787013284862 ], [ 527882.326552185579203, 6058096.697072900831699 ], [ 527879.545151672675274, 6058055.026728237979114 ], [ 527874.592930548125878, 6058013.558314726687968 ], [ 527869.328692474286072, 6057983.086372279562056 ], [ 527874.388285453198478, 6057965.81307387072593 ], [ 527884.226468863664195, 6057924.03808131814003 ], [ 527891.810186502640136, 6057881.79560172278434 ], [ 527897.117612195783295, 6057839.207210252061486 ], [ 527900.133471006993204, 6057796.395477617159486 ], [ 527900.849083201261237, 6057753.483617313206196 ], [ 527898.362051507574506, 6057508.514447232708335 ], [ 527906.76414872915484, 6057471.893620911985636 ], [ 527913.992306322907098, 6057430.543136612512171 ], [ 527919.041523759136908, 6057388.870433108881116 ], [ 527921.897899052593857, 6057346.990247649140656 ], [ 527940.437285973224789, 6056904.349220299161971 ], [ 527941.102279542479664, 6056863.305770845152438 ], [ 527939.661108609288931, 6056822.282241184264421 ], [ 527936.117567522451282, 6056781.386639023199677 ], [ 527932.33615920948796, 6056754.109100296162069 ], [ 527958.42290739249438, 6056511.435398322530091 ], [ 527961.820989723666571, 6056469.448024705983698 ], [ 527963.004248109064065, 6056427.339992142282426 ], [ 527961.969401804963127, 6056385.228050844743848 ], [ 527958.719320062664337, 6056343.228961861692369 ], [ 527953.263014173135161, 6056301.45917334407568 ], [ 527945.615612481953576, 6056260.034497677348554 ], [ 527944.041138514876366, 6056253.464676607400179 ], [ 527945.973029741784558, 6056213.933132871054113 ], [ 527955.051649523433298, 6056183.005966419354081 ], [ 527964.759707460412756, 6056142.08909125905484 ], [ 527972.304259953438304, 6056100.718609156087041 ], [ 527977.664460023981519, 6056059.008834318257868 ], [ 527980.825496458914131, 6056017.075018484145403 ], [ 528002.805408497806638, 6055568.435651558451355 ], [ 528003.757951306179166, 6055526.233545487746596 ], [ 528002.483103988924995, 6055484.039945748634636 ], [ 527998.984416049905121, 6055441.972330207936466 ], [ 527993.27162873884663, 6055400.14782595820725 ], [ 527985.360647929250263, 6055358.682883208617568 ], [ 527985.253607497899793, 6055358.247915863990784 ], [ 527987.271237845532596, 6055319.13664214964956 ], [ 527998.314419600064866, 6055279.364157409407198 ], [ 528007.292392146075144, 6055239.069546779617667 ], [ 528014.179766318527982, 6055198.365447306074202 ], [ 528018.958201689412817, 6055157.360250168479979 ], [ 528021.614973736344837, 6055116.163148337975144 ], [ 528022.143007725593634, 6055074.883845812641084 ], [ 528019.483573934994638, 6054870.53575393743813 ], [ 528023.202427441487089, 6054854.804703055880964 ], [ 528030.678308976115659, 6054813.700959803536534 ], [ 528035.99818483996205, 6054772.262988871894777 ], [ 528039.147546680062078, 6054730.603799800388515 ], [ 528061.12639821448829, 6054285.512509389780462 ], [ 528062.095350066898391, 6054243.33046630397439 ], [ 528060.838985302252695, 6054201.156005144119263 ], [ 528057.360798702691682, 6054159.106441001407802 ], [ 528051.670465407310985, 6054117.298741548322141 ], [ 528043.955769612686709, 6054076.752941505052149 ], [ 528044.393088015611283, 6054068.084853928536177 ], [ 528050.873665407416411, 6054045.998424166813493 ], [ 528060.521796970046125, 6054005.381752143613994 ], [ 528068.037990330252796, 6053964.317079659551382 ], [ 528073.401777948252857, 6053922.916230981238186 ], [ 528076.598553555668332, 6053881.291945827193558 ], [ 528095.789379234076478, 6053502.016352460719645 ], [ 528096.809941416722722, 6053460.007191278040409 ], [ 528095.623243952053599, 6053418.002394891344011 ], [ 528092.232561033219099, 6053376.117857890203595 ], [ 528086.647247825399972, 6053334.469143062829971 ], [ 528079.04007259872742, 6053294.008117601275444 ], [ 528081.055754087283276, 6053251.580195009708405 ], [ 528085.979046971071512, 6053236.026101271621883 ], [ 528096.509130352642387, 6053195.498051687143743 ], [ 528104.904192262096331, 6053154.474541421048343 ], [ 528111.141232781694271, 6053113.067962419241667 ], [ 528115.203164316248149, 6053071.391756122000515 ], [ 528117.078858408145607, 6053029.560102667659521 ], [ 528116.763176225591451, 6052987.687608069740236 ], [ 528114.256982641993091, 6052945.888990236446261 ], [ 528109.567143865744583, 6052904.278764674440026 ], [ 528050.352700170944445, 6052479.19259424507618 ], [ 528043.37681984633673, 6052437.289174010977149 ], [ 528034.186481330660172, 6052395.81511933170259 ], [ 528022.80759792518802, 6052354.887371458113194 ], [ 528009.272253806004301, 6052314.621331260539591 ], [ 527993.618613557657227, 6052275.130533844232559 ], [ 527975.890814564423636, 6052236.526328420266509 ], [ 527956.138842558371834, 6052198.917564342729747 ], [ 527934.418390679173172, 6052162.410284195095301 ], [ 527929.453753170091659, 6052154.992465820163488 ], [ 527914.057214719825424, 6052108.299845405854285 ], [ 527910.967602728866041, 6052070.255522728897631 ], [ 527905.39814336260315, 6052028.749256542883813 ], [ 527897.66429638187401, 6051987.591309300623834 ], [ 527887.787254811264575, 6051946.894465932622552 ], [ 527875.794084661756642, 6051906.770247807726264 ], [ 527734.966377169941552, 6051476.956374621018767 ], [ 527720.886444134637713, 6051437.505685145966709 ], [ 527704.760883370181546, 6051398.846045929938555 ], [ 527686.633904144866392, 6051361.083444874733686 ], [ 527666.555202745366842, 6051324.321410594508052 ], [ 527647.213347183773294, 6051292.934291462413967 ], [ 527646.903729529585689, 6051291.975958947092295 ], [ 527644.624934330000542, 6051263.661395469680429 ], [ 527639.089732159278356, 6051222.173417286016047 ], [ 527631.392218674649484, 6051181.031722097657621 ], [ 527621.553464505705051, 6051140.348928275518119 ], [ 527609.600401563337073, 6051100.236398024484515 ], [ 527499.736165145179257, 6050763.956345981918275 ], [ 527485.681295583141036, 6050724.471465663053095 ], [ 527469.577823164174333, 6050685.776849651709199 ], [ 527451.469946765224449, 6050647.978702281601727 ], [ 527431.407366710482165, 6050611.180767370387912 ], [ 527415.628809752874076, 6050585.534779231995344 ], [ 527412.303574778721668, 6050575.421274695545435 ], [ 527409.932701839483343, 6050544.50099163595587 ], [ 527404.477194624603726, 6050502.57205827627331 ], [ 527396.814013304538094, 6050460.989926734007895 ], [ 527386.964564473833889, 6050419.870753962546587 ], [ 527374.956361921271309, 6050379.329403676092625 ], [ 527234.950955720385537, 6049948.77977120410651 ], [ 527220.58303275029175, 6049908.320648582652211 ], [ 527204.065214401693083, 6049868.690615895204246 ], [ 527185.445076580974273, 6049830.003818647004664 ], [ 527165.723000558908097, 6049794.095451856032014 ], [ 527105.159353171591647, 6049562.665972354821861 ], [ 527093.432903456618078, 6049522.231781528331339 ], [ 527079.595564919058233, 6049482.470475301146507 ], [ 527063.685659060603939, 6049443.492169715464115 ], [ 527045.747247207444161, 6049405.404812352731824 ], [ 527025.830008485238068, 6049368.313883375376463 ], [ 527018.321864581666887, 6049355.941161280497909 ], [ 527013.224046015064232, 6049084.664052518084645 ], [ 527013.100603312836029, 6049081.889445275068283 ], [ 527047.485956060583703, 6048939.972903379239142 ], [ 527056.364878564025275, 6048898.568039622157812 ], [ 527063.040458313771524, 6048856.751360623165965 ], [ 527067.493991190451197, 6048814.640031358227134 ], [ 527069.712998965522274, 6048772.352042376995087 ], [ 527069.691264263587072, 6048730.005879208445549 ], [ 527069.404153940151446, 6048724.639644047245383 ], [ 527082.853159404941835, 6048688.370621602982283 ], [ 527095.605993742938153, 6048647.345692553557456 ], [ 527106.138124515186064, 6048605.695316703058779 ], [ 527114.419178380048834, 6048563.539608500897884 ], [ 527176.002560926950537, 6048198.469196360558271 ], [ 527181.91900023072958, 6048156.713464200496674 ], [ 527185.626788075664081, 6048114.703968470916152 ], [ 527187.115620603552088, 6048072.557452601380646 ], [ 527186.381360382889397, 6048030.391040800139308 ], [ 527184.93471549579408, 6048009.797925946302712 ], [ 527185.194074035738595, 6048008.252172391861677 ], [ 527197.843786991783418, 6047977.664978226646781 ], [ 527212.011973263463005, 6047937.466214927844703 ], [ 527339.365215679397807, 6047542.906637359410524 ], [ 527351.225628855871037, 6047502.563416420482099 ], [ 527360.949824092560448, 6047461.652722177095711 ], [ 527367.548572955653071, 6047425.552450228482485 ], [ 527383.807198258233257, 6047389.338308276608586 ], [ 527403.583818975486793, 6047363.881140817888081 ], [ 527427.613181370426901, 6047329.344067076221108 ], [ 527449.79354950634297, 6047293.591430962085724 ], [ 527470.063573188032024, 6047256.722123134881258 ], [ 527488.367186172166839, 6047218.838122930377722 ], [ 527671.351227196166292, 6046813.207681496627629 ], [ 527687.594284672057256, 6046774.525557461194694 ], [ 527701.78711315523833, 6046735.045090699568391 ], [ 527713.8906791821355, 6046694.874861355870962 ], [ 527723.871695229667239, 6046654.125346576794982 ], [ 527731.702711263671517, 6046612.908616673201323 ], [ 527731.792253492632881, 6046612.250901839695871 ], [ 527749.350219605606981, 6046573.509343136101961 ], [ 527774.279641742934473, 6046540.722469845786691 ], [ 527797.594415833009407, 6046506.522098505869508 ], [ 527819.109076410299167, 6046471.161619565449655 ], [ 527838.766029935679398, 6046434.735691042616963 ], [ 527856.512655847589485, 6046397.341823103837669 ], [ 527872.3014474241063, 6046359.08011703658849 ], [ 527960.653634574846365, 6046128.207301427610219 ], [ 527981.881150483619422, 6046097.185483562760055 ], [ 528003.754577182931826, 6046061.313787895254791 ], [ 528023.714570253505372, 6046024.343204694800079 ], [ 528041.706076749018393, 6045986.375704913400114 ], [ 528210.258623600355349, 6045605.116864879615605 ], [ 528226.403087914688513, 6045565.807381199672818 ], [ 528240.437409570673481, 6045525.696072932332754 ], [ 528252.321988114854321, 6045484.896121609024704 ], [ 528262.023288994911127, 6045443.522651891224086 ], [ 528269.513938182848506, 6045401.692406733520329 ], [ 528274.772799416678026, 6045359.523417965508997 ], [ 528276.943912249756977, 6045328.971098748967052 ], [ 528339.988500040723011, 6045120.153521566651762 ], [ 528350.910997744183987, 6045080.27973560243845 ], [ 528359.758985326508991, 6045039.894925598986447 ], [ 528366.50883285747841, 6044999.1069454876706 ], [ 528371.142513817176223, 6044958.024725927971303 ], [ 528373.647653238265775, 6044916.757983389310539 ], [ 528374.017560755484737, 6044875.416927142068744 ], [ 528372.251248472952284, 6044834.111964920535684 ], [ 528368.353433603188023, 6044792.953408064320683 ], [ 528364.713478040415794, 6044768.217640321701765 ], [ 528370.511721035814844, 6044713.230606095865369 ], [ 528379.751379245193675, 6044686.908902762457728 ], [ 528391.457536651403643, 6044647.049816540442407 ], [ 528401.078800267889164, 6044606.636796830222011 ], [ 528408.589226043550298, 6044565.778818656690419 ], [ 528413.968561870511621, 6044524.586056892760098 ], [ 528458.839339361991733, 6044094.224094367586076 ], [ 528462.078997467993759, 6044052.693667122162879 ], [ 528463.152476526447572, 6044011.050907672382891 ], [ 528462.056865946622565, 6043969.408724620938301 ], [ 528458.795136325643398, 6043927.88002500589937 ], [ 528453.477517904830165, 6043887.350156725384295 ], [ 528457.183004397666082, 6043850.838998957537115 ], [ 528469.01986006484367, 6043817.048341342248023 ], [ 528480.782096654642373, 6043776.835874755866826 ], [ 528490.4229270942742, 6043736.062757791951299 ], [ 528497.915908503928222, 6043694.840822999365628 ], [ 528503.240489126299508, 6043653.283133942633867 ], [ 528545.305998672847636, 6043239.208610496483743 ], [ 528548.446177457459271, 6043197.457703510299325 ], [ 528549.397726878873073, 6043155.599687423557043 ], [ 528548.158040585229173, 6043113.749213891103864 ], [ 528544.730514152906835, 6043072.020913907326758 ], [ 528539.872475776821375, 6043036.064852428622544 ], [ 528543.772510047652759, 6042996.691842109896243 ], [ 528544.9712211136939, 6042993.750238878652453 ], [ 528558.75032994011417, 6042954.103087185882032 ], [ 528570.431035677553155, 6042913.787809797562659 ], [ 528579.981184254633263, 6042872.915384625084698 ], [ 528587.374486492713913, 6042831.598323265090585 ], [ 528592.590590473613702, 6042789.95036129001528 ], [ 528636.376896147034131, 6042346.212393648922443 ], [ 528639.383849662262946, 6042304.729352429509163 ], [ 528640.230771077331156, 6042263.146096155047417 ], [ 528638.915371210430749, 6042221.575022060424089 ], [ 528635.441205514594913, 6042180.12849444989115 ], [ 528630.213331892271526, 6042141.818037238903344 ], [ 528635.74184393545147, 6042082.702654960565269 ], [ 528635.789510740083642, 6042082.587470623664558 ], [ 528649.569896801491268, 6042043.734158270992339 ], [ 528661.330504112062044, 6042004.222551919519901 ], [ 528671.040103133884259, 6041964.157572104595602 ], [ 528709.509854343836196, 6041785.417963622137904 ], [ 528713.080237403744832, 6041778.815755186602473 ], [ 528731.31555985508021, 6041740.331808423623443 ], [ 528747.477189855067991, 6041700.932025948539376 ], [ 528761.519330870942213, 6041660.728053271770477 ], [ 528886.303858046070673, 6041270.378930808976293 ], [ 528898.010914267622866, 6041230.154716699384153 ], [ 528907.59623806423042, 6041189.372807306237519 ], [ 528915.033544043311849, 6041148.145036982372403 ], [ 528920.30243722256273, 6041106.584462746977806 ], [ 528923.388468958553858, 6041064.805054251104593 ], [ 528924.283176568336785, 6041022.921381246298552 ], [ 528922.984106536605395, 6040981.04829940199852 ], [ 528919.494821243104525, 6040939.30063534528017 ], [ 528913.82488919456955, 6040897.792871774174273 ], [ 528905.989858784829266, 6040856.638833520933986 ], [ 528896.386379162897356, 6040817.48108733817935 ], [ 528897.342800731421448, 6040730.940195840783417 ], [ 528896.719973924919032, 6040689.323891332373023 ], [ 528893.933584274491295, 6040647.796301144175231 ], [ 528888.991173773654737, 6040606.469829089008272 ], [ 528881.90612017409876, 6040565.456334606744349 ], [ 528872.697600775398314, 6040524.866829995065928 ], [ 528861.390540517517366, 6040484.811179926618934 ], [ 528848.015544515801594, 6040445.397804073989391 ], [ 528832.608815220999531, 6040406.733383651822805 ], [ 528815.212054429925047, 6040368.922572656534612 ], [ 528795.872350409161299, 6040332.067714598029852 ], [ 528774.642050440772437, 6040296.268565482459962 ], [ 528751.578619132051244, 6040261.622023802250624 ], [ 528726.7444828748703, 6040228.221868256106973 ], [ 528700.206860874430276, 6040196.158503917977214 ], [ 528672.03758320515044, 6040165.518717532977462 ], [ 528669.093930658069439, 6040162.633632840588689 ], [ 528571.107462887302972, 6039862.478506717830896 ], [ 528567.767990070977248, 6039853.080364615656435 ], [ 528565.072857786202803, 6039814.463228162378073 ], [ 528570.93141550431028, 6039779.864489742554724 ], [ 528575.749959004111588, 6039738.309214581735432 ], [ 528578.389643170521595, 6039696.55886940099299 ], [ 528578.843249872676097, 6039654.727619166485965 ], [ 528577.109538737800904, 6039612.929850076325238 ], [ 528546.743046239134856, 6039164.431416243314743 ], [ 528542.814928611856885, 6039122.683288014493883 ], [ 528536.704703341238201, 6039081.198333322070539 ], [ 528528.429157663253136, 6039040.090527951717377 ], [ 528518.011027816100977, 6038999.472811507061124 ], [ 528505.4789365750039, 6038959.456777123734355 ], [ 528505.001341151306406, 6038958.1720732441172 ], [ 528502.30811786162667, 6038918.461713102646172 ], [ 528508.365749373333529, 6038882.981090759858489 ], [ 528513.257467539049685, 6038841.175001497380435 ], [ 528515.943585122819059, 6038799.169492592103779 ], [ 528516.416666288045235, 6038757.080845663323998 ], [ 528514.675401429412887, 6038715.025572476908565 ], [ 528484.182038764236495, 6038265.232751085422933 ], [ 528480.221566124819219, 6038223.247218615375459 ], [ 528474.054102411842905, 6038181.528725453652442 ], [ 528465.696786142652854, 6038140.193201445043087 ], [ 528455.172841127263382, 6038099.355512214824557 ], [ 528442.915972837246954, 6038060.414154735393822 ], [ 528439.794171208748594, 6038013.148068659007549 ], [ 528444.772312524961308, 6037985.195525701157749 ], [ 528449.909099443699233, 6037944.16740058362484 ], [ 528452.919172092340887, 6037902.92866765987128 ], [ 528453.794489374035038, 6037861.589491927996278 ], [ 528452.532712969230488, 6037820.260306709446013 ], [ 528430.724840588169172, 6037433.773083521053195 ], [ 528427.267865869565867, 6037391.999468503519893 ], [ 528421.627637506579049, 6037350.464261631481349 ], [ 528413.81963956146501, 6037309.281489092856646 ], [ 528403.865307252737693, 6037268.564209540374577 ], [ 528400.489001146983355, 6037257.339067501947284 ], [ 528406.604632440721616, 6037226.57805211097002 ], [ 528412.590721152722836, 6037185.342683949507773 ], [ 528416.421695258351974, 6037143.851570649072528 ], [ 528418.087162110023201, 6037102.217269098386168 ], [ 528417.582603637361899, 6037060.552724624052644 ], [ 528403.346608396852389, 6036687.620546655729413 ], [ 528400.658488926361315, 6036645.874269217252731 ], [ 528395.791839646641165, 6036604.325582223013043 ], [ 528388.759967632009648, 6036563.088093911297619 ], [ 528379.582100411993451, 6036522.274561602622271 ], [ 528371.660065897158347, 6036494.033999309875071 ], [ 528371.364836248452775, 6036486.788381224498153 ], [ 528379.340177856618538, 6036446.886441142298281 ], [ 528385.394444333738647, 6036405.377286679111421 ], [ 528389.264585296856239, 6036363.607847424224019 ], [ 528390.939959890092723, 6036321.692967407405376 ], [ 528390.415961712482385, 6036279.74789054878056 ], [ 528373.583972748252563, 6035845.171074202284217 ], [ 528370.87391025677789, 6035803.441077917814255 ], [ 528365.986969232559204, 6035761.909706207923591 ], [ 528358.936502761323936, 6035720.690439460799098 ], [ 528349.741775548784062, 6035679.895905266515911 ], [ 528340.551862603751943, 6035647.195266343653202 ], [ 528339.466120687895454, 6035619.102445571683347 ], [ 528339.535153687815182, 6035618.83195530064404 ], [ 528347.763072849134915, 6035577.702727909199893 ], [ 528353.82401087321341, 6035536.19878797698766 ], [ 528357.701306695700623, 6035494.43422672431916 ], [ 528359.384301921352744, 6035452.523851795122027 ], [ 528358.868370122509077, 6035410.582871668972075 ], [ 528342.017129942076281, 6034973.318966559134424 ], [ 528339.314683623495512, 6034931.58331691659987 ], [ 528334.434785534976982, 6034890.045933010056615 ], [ 528327.390772801358253, 6034848.820339603349566 ], [ 528318.201897234306671, 6034808.019209313206375 ], [ 528308.759001812781207, 6034774.397114619612694 ], [ 528307.404046892886981, 6034739.612978520803154 ], [ 528308.097691608709283, 6034736.874583002179861 ], [ 528316.218239108799025, 6034695.962654126808047 ], [ 528322.195425543235615, 6034654.683089469559491 ], [ 528326.013002965133637, 6034613.148100379854441 ], [ 528327.660593951237388, 6034571.470592537894845 ], [ 528327.13371981063392, 6034529.763859032653272 ], [ 528309.838735078810714, 6034083.133228124119341 ], [ 528307.129010657547042, 6034041.402955081313848 ], [ 528302.242379575152881, 6033999.871290881186724 ], [ 528295.192194232833572, 6033958.651718087494373 ], [ 528285.997718802304007, 6033917.856866498477757 ], [ 528276.825713947182521, 6033885.219044989906251 ], [ 528275.319207154680043, 6033844.214877173304558 ], [ 528277.086408635484986, 6033836.981694283895195 ], [ 528284.778989038662985, 6033796.597771317698061 ], [ 528290.38686585938558, 6033755.871996371075511 ], [ 528293.895230473368429, 6033714.911913299933076 ], [ 528295.294818402267992, 6033673.825684693641961 ], [ 528294.581933778361417, 6033632.721806252375245 ], [ 528277.677873891429044, 6033240.197100308723748 ], [ 528274.828912588185631, 6033198.915504476055503 ], [ 528269.849197102012113, 6033157.836444498039782 ], [ 528262.752050402690656, 6033117.069825264625251 ], [ 528253.556460537598468, 6033076.72471574600786 ], [ 528251.850279157864861, 6033070.696661888621747 ], [ 528253.725425575161353, 6033061.823088233359158 ], [ 528288.033026534249075, 6032875.079906932078302 ], [ 528294.863684168667533, 6032866.322994614951313 ], [ 528318.798268360085785, 6032832.094690628349781 ], [ 528340.913846509181894, 6032796.663880344480276 ], [ 528485.544272830360569, 6032550.896741214208305 ], [ 528505.888678983785212, 6032514.152101353742182 ], [ 528524.276583507773466, 6032476.390369568020105 ], [ 528540.657302918145433, 6032437.715630372986197 ], [ 528554.98568623396568, 6032398.234484850428998 ], [ 528563.986807956011035, 6032368.67929754499346 ], [ 528590.731760801747441, 6032340.525807970203459 ], [ 528618.015582119463943, 6032308.605964520014822 ], [ 528643.586943986359984, 6032275.298476414754987 ], [ 528667.375393971800804, 6032240.695110119879246 ], [ 528689.315391799551435, 6032204.891202415339649 ], [ 528891.329128814977594, 6031854.927486045286059 ], [ 528911.261825348599814, 6031818.214844135567546 ], [ 528929.250922320527025, 6031780.511755970306695 ], [ 528945.247367666335776, 6031741.921029062010348 ], [ 528959.207542817108333, 6031702.547891304828227 ], [ 528967.197908923961222, 6031675.625123551115394 ], [ 528970.430211373488419, 6031670.025857298634946 ], [ 528997.374464580789208, 6031641.817275202833116 ], [ 529024.692939481814392, 6031610.039962807670236 ], [ 529050.309938414022326, 6031576.87573479488492 ], [ 529074.155170867801644, 6031542.415590522810817 ], [ 529096.163207885459997, 6031506.754085217602551 ], [ 529321.683718894259073, 6031118.951352473348379 ], [ 529341.773900466039777, 6031082.225817949511111 ], [ 529359.915505713084713, 6031044.499667327851057 ], [ 529376.058861211524345, 6031005.876198361627758 ], [ 529390.159764933399856, 6030966.461165748536587 ], [ 529401.005671563441865, 6030930.278787989169359 ], [ 529414.938597001717426, 6030906.383292213082314 ], [ 529441.461100041982718, 6030878.619948555715382 ], [ 529468.780450497521088, 6030846.846056566573679 ], [ 529494.39858676714357, 6030813.685263217426836 ], [ 529518.245222006808035, 6030779.228549659252167 ], [ 529540.254929726710543, 6030743.570452576503158 ], [ 529751.919823636999354, 6030379.658939603716135 ], [ 529772.013819088344462, 6030342.93311548512429 ], [ 529790.15911950787995, 6030305.206428867764771 ], [ 529806.306036405614577, 6030266.582189262844622 ], [ 529820.41035359876696, 6030227.166164007969201 ], [ 529830.773739181109704, 6030192.601812581531703 ], [ 529852.429561235825531, 6030155.248635681346059 ], [ 529897.051097188028507, 6030115.103856589645147 ], [ 529977.275652745156549, 6030091.483217133209109 ], [ 530000.10548271832522, 6030090.726099699735641 ], [ 530041.701145912171341, 6030087.167608118616045 ], [ 530083.054537115502171, 6030081.444051981903613 ], [ 530124.053041865117848, 6030073.571017803624272 ], [ 530546.542725336737931, 6029980.947669982910156 ], [ 530586.924081750679761, 6029970.987942800857127 ], [ 530626.733240362023935, 6029958.942985264584422 ], [ 530665.86260136240162, 6029944.845353581011295 ], [ 530704.206402361742221, 6029928.73315210826695 ], [ 530741.661004253430292, 6029910.649930368177593 ], [ 530778.12517133844085, 6029890.644565332680941 ], [ 530813.500344955129549, 6029868.771129321306944 ], [ 530847.690909872180782, 6029845.088743841275573 ], [ 530880.604452726314776, 6029819.661419793963432 ], [ 530912.152011805446818, 6029792.557884461246431 ], [ 530922.944390249904245, 6029782.263887143693864 ], [ 530961.893340210430324, 6029762.28216265514493 ], [ 530999.023840699461289, 6029741.97522687073797 ], [ 531035.02850613638293, 6029719.733154702931643 ], [ 531069.806577143957838, 6029695.618190790526569 ], [ 531103.26072698016651, 6029669.697821073234081 ], [ 531135.29733390850015, 6029642.044583938084543 ], [ 531165.826743198558688, 6029612.735867215320468 ], [ 531194.76351802633144, 6029581.853691610507667 ], [ 531222.026678569265641, 6029549.484481167048216 ], [ 531247.539928629645146, 6029515.718821409158409 ], [ 531271.231869149487466, 6029480.65120583679527 ], [ 531293.036198021960445, 6029444.379771484993398 ], [ 531312.89189563842956, 6029407.006024286150932 ], [ 531330.743395651923493, 6029368.634555004537106 ], [ 531346.54074048041366, 6029329.372746540233493 ], [ 531349.296831037150696, 6029321.316663114354014 ], [ 531358.769978047464974, 6029311.786335955373943 ], [ 531386.564523734268732, 6029280.746985260397196 ], [ 531412.705350848496892, 6029248.302644932642579 ], [ 531437.121553292614408, 6029214.541319133713841 ], [ 531459.746902954764664, 6029179.554584302008152 ], [ 531480.520029349252582, 6029143.437340756878257 ], [ 531499.384586082887836, 6029106.2875552829355 ], [ 531516.289403692469932, 6029068.205995400436223 ], [ 531624.738274228409864, 6028805.671695963479578 ], [ 531639.827268989873119, 6028766.223972903564572 ], [ 531652.81336513813585, 6028726.03489572647959 ], [ 531663.660367975826375, 6028685.216478964313865 ], [ 531672.338044861564413, 6028643.882491237483919 ], [ 531678.822209474630654, 6028602.148138159886003 ], [ 531683.094789226190187, 6028560.129741239361465 ], [ 531684.535309484810568, 6028530.473198282532394 ], [ 531713.426394789945334, 6028437.698356720618904 ], [ 531724.747877359041013, 6028397.712552243843675 ], [ 531733.977638739510439, 6028357.192778897471726 ], [ 531741.090772412600927, 6028316.24837932176888 ], [ 531746.068083581281826, 6028274.98984201438725 ], [ 531748.896140967146493, 6028233.52850317209959 ], [ 531749.078682512859814, 6028222.227357991971076 ], [ 531892.683932452462614, 6027982.744574896991253 ], [ 531930.973423668765463, 6027952.376981280744076 ], [ 531935.472213717992418, 6027950.523431024514139 ], [ 531972.780214502476156, 6027932.848816375248134 ], [ 532009.126770052243955, 6027913.273147160187364 ], [ 532044.415091822505929, 6027891.848552131094038 ], [ 532078.551209277240559, 6027868.632083607837558 ], [ 532111.444220126373693, 6027843.685565558262169 ], [ 532471.733662106795236, 6027555.496515585109591 ], [ 532504.272661037626676, 6027528.017420565709472 ], [ 532535.303157480782829, 6027498.845595031045377 ], [ 532564.737204846343957, 6027468.063717729412019 ], [ 532590.156873228377663, 6027438.476299128495157 ], [ 532761.43522647570353, 6027318.130909798666835 ], [ 532795.285452614421956, 6027292.988597822375596 ], [ 532827.763930442626588, 6027266.097667396999896 ], [ 532858.780432025785558, 6027237.53282378334552 ], [ 532888.248790921876207, 6027207.373422509990633 ], [ 532916.087141559110023, 6027175.703248924575746 ], [ 532941.305793028441258, 6027143.76571306400001 ], [ 532953.759772362885997, 6027133.67218916490674 ], [ 532957.287372525199316, 6027132.213963680900633 ], [ 532994.972346479538828, 6027114.280818613246083 ], [ 533031.670824146596715, 6027094.406798111274838 ], [ 533067.282930908491835, 6027072.64598916657269 ], [ 533101.711748697445728, 6027049.057613648474216 ], [ 533134.863579757511616, 6027023.705867134034634 ], [ 533484.686444610357285, 6026741.430319723673165 ], [ 533516.519072716706432, 6026714.341135286726058 ], [ 533546.893364402465522, 6026685.626286686398089 ], [ 533575.726400693063624, 6026655.36416277103126 ], [ 533602.939470096607693, 6026623.637376308441162 ], [ 533622.864211703883484, 6026597.789570212364197 ], [ 533639.79414993012324, 6026584.24086878914386 ], [ 533662.166151457000524, 6026574.077386087737978 ], [ 533978.760885024210438, 6026420.453444997780025 ], [ 534167.667028053314425, 6026393.325663164258003 ], [ 534209.289099543588236, 6026386.222834042273462 ], [ 534250.478443019324914, 6026376.933862048201263 ], [ 534291.120317389722914, 6026365.484623456373811 ], [ 534331.101506647653878, 6026351.907012392766774 ], [ 534370.310635255766101, 6026336.238851987756789 ], [ 534407.191687863902189, 6026319.192493104375899 ], [ 534410.422581254621036, 6026319.394780276343226 ], [ 534451.000479070586152, 6026319.87351324595511 ], [ 534491.550447393907234, 6026318.293941976502538 ], [ 534531.968146405764855, 6026314.660130890086293 ], [ 534572.149576631374657, 6026308.981430208310485 ], [ 534611.991346543771215, 6026301.272451892495155 ], [ 534651.390938601223752, 6026291.553032047115266 ], [ 534850.856739853741601, 6026236.944695563986897 ], [ 534871.831232223077677, 6026236.421730534173548 ], [ 534913.589066366082989, 6026233.187918834388256 ], [ 534955.120429939823225, 6026227.773115963675082 ], [ 534996.311489743529819, 6026220.192163340747356 ], [ 535389.926449024467729, 6026137.041997622698545 ], [ 535430.664782281033695, 6026127.315546504221857 ], [ 535470.838238387485035, 6026115.4703334486112 ], [ 535510.336703429464251, 6026101.538825732655823 ], [ 535549.051913616945967, 6026085.559209091588855 ], [ 535574.811182605219074, 6026073.312215820886195 ], [ 535611.675904361880384, 6026065.435312295332551 ], [ 535617.240155635750853, 6026065.779800538904965 ], [ 535658.717748556286097, 6026066.193622862920165 ], [ 535700.161037049954757, 6026064.457016333006322 ], [ 535741.458605888765305, 6026060.574649604968727 ], [ 535782.499431594391353, 6026054.556959948502481 ], [ 536176.046721759368666, 6025986.387056030333042 ], [ 536215.578277082531713, 6025978.508806806989014 ], [ 536254.662822851794772, 6025968.649346421472728 ], [ 536293.201132524525747, 6025956.833705741912127 ], [ 536327.111180893611163, 6025944.536692090332508 ], [ 536360.842956907115877, 6025940.333797849714756 ], [ 536402.164087348384783, 6025945.040192144922912 ], [ 536443.897249184548855, 6025947.594909304752946 ], [ 536485.706887597916648, 6025947.965735881589353 ], [ 536527.478798034251668, 6025946.151658949442208 ], [ 536569.098878994234838, 6025942.157633724622428 ], [ 537022.816978789516725, 6025886.617112334817648 ], [ 537064.889795776223764, 6025880.327402184717357 ], [ 537106.568789664655924, 6025871.810134346596897 ], [ 537147.736107734264806, 6025861.089392491616309 ], [ 537188.275344094377942, 6025848.195490897633135 ], [ 537228.071868835482746, 6025833.164888730272651 ], [ 537232.80102479935158, 6025831.085197165608406 ], [ 537461.805691799265333, 6025796.970739781856537 ], [ 537502.225856202887371, 6025789.885302936658263 ], [ 537542.229510827222839, 6025780.736493046395481 ], [ 537581.711396486847661, 6025769.548382818698883 ], [ 537620.567626895499416, 6025756.35041084792465 ], [ 537658.695962015539408, 6025741.177304155193269 ], [ 537695.996077075717039, 6025724.068986815400422 ], [ 537732.369826550246216, 6025705.070474903099239 ], [ 537755.584050028468482, 6025691.386409907601774 ], [ 537781.948914959677495, 6025683.760746037587523 ], [ 537809.114126207306981, 6025682.545930938795209 ], [ 537851.835123633733019, 6025678.330428892746568 ], [ 537894.268489453243092, 6025671.829387142322958 ], [ 537936.292038507643156, 6025663.061525174416602 ], [ 537977.784765689400956, 6025652.052089693024755 ], [ 538018.627194371190853, 6025638.832781920209527 ], [ 538058.701720433775336, 6025623.441666318103671 ], [ 538439.732774245087057, 6025465.24440436437726 ], [ 538477.733570601441897, 6025448.295520540326834 ], [ 538514.801728520775214, 6025429.393751969560981 ], [ 538550.836971385171637, 6025408.590231635607779 ], [ 538585.741816814173944, 6025385.941237128339708 ], [ 538619.42184037331026, 6025361.508038409054279 ], [ 538651.78593101084698, 6025335.356732058338821 ], [ 538675.77397005003877, 6025313.81853736191988 ], [ 538714.652261847630143, 6025293.32685065548867 ], [ 538749.734178807586432, 6025284.442908530123532 ], [ 538789.696622850839049, 6025272.067067500203848 ], [ 538828.957469556014985, 6025257.619081789627671 ], [ 538867.409355329931714, 6025241.138461184687912 ], [ 538904.947128781815991, 6025222.670273959636688 ], [ 539301.243027383228764, 6025014.654651063494384 ], [ 539337.846957582514733, 6024994.200175874866545 ], [ 539373.328872910700738, 6024971.855893700383604 ], [ 539407.591296049999073, 6024947.683189633302391 ], [ 539440.540099918958731, 6024921.748471881262958 ], [ 539472.084766263142228, 6024894.122989324852824 ], [ 539472.567882193950936, 6024893.65295063983649 ], [ 539492.893177837016992, 6024883.019162649288774 ], [ 539524.25845535332337, 6024875.136968426406384 ], [ 539564.189695298438892, 6024862.853309910744429 ], [ 539603.425222528749146, 6024848.50180848967284 ], [ 539641.85803488350939, 6024832.121603222563863 ], [ 539679.383319346234202, 6024813.757365801371634 ], [ 540068.663712410256267, 6024610.483717709779739 ], [ 540105.360280200140551, 6024590.078516296111047 ], [ 540140.935700224712491, 6024567.776054047048092 ], [ 540175.291972744977102, 6024543.637767637148499 ], [ 540208.334456411888823, 6024517.730150891467929 ], [ 540239.972128975088708, 6024490.124571616761386 ], [ 540241.804889402468689, 6024488.347635499201715 ], [ 540274.438135062577203, 6024471.376803908497095 ], [ 540310.846872835187241, 6024461.960277702659369 ], [ 540350.380683730938472, 6024449.518444076180458 ], [ 540389.217086718184873, 6024435.045875853858888 ], [ 540427.251847231993452, 6024418.581416537053883 ], [ 540601.961084077483974, 6024337.517048909328878 ], [ 540618.338741594110616, 6024334.491327714174986 ], [ 540659.62262627016753, 6024324.573530085384846 ], [ 540700.322184893419035, 6024312.47940871771425 ], [ 540740.322776864748448, 6024298.243029764853418 ], [ 540779.511730401660316, 6024281.904493586160243 ], [ 541115.515780298854224, 6024131.231644949875772 ], [ 541154.02446356555447, 6024112.712709167040884 ], [ 541191.489421317819506, 6024092.164069063961506 ], [ 541227.803768977406435, 6024069.644348295405507 ], [ 541262.863904566154815, 6024045.217793852090836 ], [ 541296.56980427459348, 6024018.954092774540186 ], [ 541328.825307821389288, 6023990.928173335269094 ], [ 541359.538392791524529, 6023961.219991278834641 ], [ 541385.997443415340967, 6023932.738831800408661 ], [ 541403.658007035846822, 6023920.54916572663933 ], [ 541421.325521392282099, 6023914.279456230811775 ], [ 541460.342954997555353, 6023898.066194391809404 ], [ 541498.449966128217056, 6023879.815559133887291 ], [ 541726.362853354541585, 6023763.164423053152859 ], [ 541754.166185404057615, 6023756.847252280451357 ], [ 542144.234366557444446, 6023657.410411628894508 ], [ 542183.878922031261027, 6023646.209512136876583 ], [ 542222.894306843867525, 6023632.982619981281459 ], [ 542261.177060063229874, 6023617.764810214750469 ], [ 542291.674727702513337, 6023603.78310517501086 ], [ 542524.766959222382866, 6023560.144368933513761 ], [ 542565.947768969577737, 6023551.306646628305316 ], [ 542606.606378038180992, 6023540.313833721913397 ], [ 542646.630088106263429, 6023527.196400308050215 ], [ 542685.907960677053779, 6023511.990705543197691 ], [ 542724.331124580698088, 6023494.738896866329014 ], [ 542761.793077745474875, 6023475.488793176598847 ], [ 542763.813898207969032, 6023474.312007052823901 ], [ 542786.131805998273194, 6023468.732998681254685 ], [ 542821.156860710703768, 6023468.35131108481437 ], [ 542862.954928805585951, 6023465.70382574480027 ], [ 542904.557163201388903, 6023460.872493798844516 ], [ 542945.849542075302452, 6023453.870556780137122 ], [ 542986.718892844859511, 6023444.717205329798162 ], [ 543381.163123621139675, 6023345.464402656070888 ], [ 543421.499891326879151, 6023334.183966565877199 ], [ 543461.190985009539872, 6023320.807862888090312 ], [ 543500.127607470261864, 6023305.372756840661168 ], [ 543538.203029589843936, 6023287.920957570895553 ], [ 543570.453715840354562, 6023271.043244291096926 ], [ 543605.829137583030388, 6023262.030363840050995 ], [ 543608.058608775842004, 6023262.11762398481369 ], [ 543650.013153281412087, 6023261.558150758035481 ], [ 543691.880660931463353, 6023258.799778386950493 ], [ 543733.545963579206727, 6023253.85009453445673 ], [ 543774.894449298735708, 6023246.722714673727751 ], [ 543815.812377656577155, 6023237.437244633212686 ], [ 544249.065362109569833, 6023127.097162524238229 ], [ 544289.296586691751145, 6023115.723835629411042 ], [ 544328.878707234282047, 6023102.264276594854891 ], [ 544367.703621008084156, 6023086.755244823172688 ], [ 544405.665293291327544, 6023069.239097029902041 ], [ 544433.446608831989579, 6023054.613970859907568 ], [ 544433.780705048935488, 6023054.530286082066596 ], [ 544466.708562058978714, 6023054.11516856495291 ], [ 544508.555370459565893, 6023051.389963804744184 ], [ 544550.201881562010385, 6023046.475675728172064 ], [ 544591.533659726497717, 6023039.385807741433382 ], [ 544632.437134131090716, 6023030.13984127342701 ], [ 544978.257323841797188, 6022942.382375384680927 ], [ 545018.520154917729087, 6022931.036729568615556 ], [ 545058.134900243370794, 6022917.602028305642307 ], [ 545096.993249437771738, 6022902.115003312937915 ], [ 545134.988960177171975, 6022884.617997550405562 ], [ 545158.336487396387383, 6022872.348676824010909 ], [ 545168.429094542865641, 6022869.767860935069621 ], [ 545172.490105183795094, 6022869.894854535348713 ], [ 545213.556853200658225, 6022869.069786695763469 ], [ 545254.527123288949952, 6022866.137978634797037 ], [ 545295.292910229065455, 6022861.107159142382443 ], [ 545335.746747856610455, 6022853.990590388886631 ], [ 545375.781992363510653, 6022844.807032968848944 ], [ 545415.293103430652991, 6022833.580696440301836 ], [ 545653.988056613598019, 6022759.086705700494349 ], [ 545683.179555979324505, 6022756.963473103009164 ], [ 545724.066683942452073, 6022751.862440685741603 ], [ 545764.636937503237277, 6022744.662976067513227 ], [ 546155.038742427248508, 6022664.962013973854482 ], [ 546195.99656814627815, 6022655.472900095395744 ], [ 546236.399321584147401, 6022643.845162375830114 ], [ 546276.135416221339256, 6022630.110914933495224 ], [ 546289.559275422012433, 6022624.665930714458227 ], [ 546290.076571911806241, 6022624.702009766362607 ], [ 546332.642396451672539, 6022625.400659087114036 ], [ 546375.185117596760392, 6022623.834004306234419 ], [ 546417.584263831144199, 6022620.006481842137873 ], [ 546459.719770211377181, 6022613.928930385038257 ], [ 546501.472318363143131, 6022605.618560208939016 ], [ 546713.6311666109832, 6022557.488816677592695 ], [ 546746.344923065858893, 6022557.870258420705795 ], [ 546788.090138186584227, 6022556.175684312358499 ], [ 546829.689957305323333, 6022552.304041746072471 ], [ 546871.030921168625355, 6022546.265890230424702 ], [ 547232.803763851523399, 6022483.73782823421061 ], [ 547273.649703766452149, 6022475.577662045136094 ], [ 547314.015552875236608, 6022465.30257832352072 ], [ 547353.791883200756274, 6022452.94043184351176 ], [ 547392.870864895288832, 6022438.524735207669437 ], [ 547431.146558556705713, 6022422.094567999243736 ], [ 547468.515202420647256, 6022403.694470837712288 ], [ 547504.875493648345582, 6022383.374324637465179 ], [ 547540.128862948855385, 6022361.189215380698442 ], [ 547574.179741791565903, 6022337.199284789152443 ], [ 547606.935821483144537, 6022311.469567282125354 ], [ 547638.308303407393396, 6022284.069813675247133 ], [ 547641.462849753908813, 6022281.011086223646998 ], [ 547741.898717328440398, 6022223.131884274072945 ], [ 547777.507998782442883, 6022201.354152739048004 ], [ 547811.932923218002543, 6022177.748748822137713 ], [ 547845.079774667741731, 6022152.379934197291732 ], [ 547876.858316498692147, 6022125.316771123558283 ], [ 547907.182037067250349, 6022096.632934431545436 ], [ 547935.968385231448337, 6022066.406510960310698 ], [ 547963.138995082932524, 6022034.719786977395415 ], [ 547988.619899284210987, 6022001.65902416780591 ], [ 548012.341730432817712, 6021967.314224801957607 ], [ 548034.239909901283681, 6021931.778886722400784 ], [ 548052.766803891514428, 6021897.872962174937129 ], [ 548178.378790411283262, 6021756.3769675148651 ], [ 548205.545595055096783, 6021724.099201206117868 ], [ 548230.973017338081263, 6021690.434150063432753 ], [ 548254.59034163330216, 6021655.475439195521176 ], [ 548276.33188633620739, 6021619.320291480049491 ], [ 548296.137186530511826, 6021582.06925717741251 ], [ 548304.630979583947919, 6021563.834648728370667 ], [ 548309.447014877572656, 6021559.988668876700103 ], [ 548340.516651400132105, 6021532.4178854720667 ], [ 548370.1133168914821, 6021503.271568328142166 ], [ 548398.157217334955931, 6021472.628297302871943 ], [ 548424.572745042387396, 6021440.570688109844923 ], [ 548622.066703329328448, 6021187.798304325900972 ], [ 548646.637904402450658, 6021154.619225203059614 ], [ 548669.46463363955263, 6021120.216672304086387 ], [ 548690.486093644867651, 6021084.682274421676993 ], [ 548709.646295230719261, 6021048.110674937255681 ], [ 548726.894206541008316, 6021010.599279748275876 ], [ 548742.18388897087425, 6020972.247997828759253 ], [ 548755.474619521177374, 6020933.158975136466324 ], [ 548766.730999261140823, 6020893.436322546564043 ], [ 548772.059531918494031, 6020870.103545106947422 ], [ 548840.974020316731185, 6020730.522312583401799 ], [ 548858.222828137921169, 6020693.199495597742498 ], [ 548873.531288966769353, 6020655.039764649234712 ], [ 548886.858966603409499, 6020616.143915927037597 ], [ 548898.170656944508664, 6020576.614690022543073 ], [ 548907.436480972333811, 6020536.556500545702875 ], [ 548914.631963678169996, 6020496.075158329680562 ], [ 548919.738098711124621, 6020455.277591931633651 ], [ 548922.741398582118563, 6020414.271565192379057 ], [ 548923.633930290467106, 6020373.165392588824034 ], [ 548922.413336277590133, 6020332.067653122358024 ], [ 548921.220607791561633, 6020317.391486880369484 ], [ 548924.034520852612332, 6020301.379036346450448 ], [ 548928.469345452496782, 6020292.090108836069703 ], [ 548944.507309470907785, 6020253.413442344404757 ], [ 548958.499758661375381, 6020213.950647380203009 ], [ 548970.408364626695402, 6020173.80982122104615 ], [ 548980.200507075060159, 6020133.100918422453105 ], [ 548987.849363173590973, 6020091.935449627228081 ], [ 548993.333981022471562, 6020050.426176111213863 ], [ 549010.038301524007693, 6019892.22182537894696 ], [ 549019.770184372435324, 6019865.78856725525111 ], [ 549095.432195507921278, 6019642.491097757592797 ], [ 549169.118007653974928, 6019555.591318424791098 ], [ 549195.766218633856624, 6019522.414344309829175 ], [ 549220.612590016564354, 6019487.867324338294566 ], [ 549243.586820595432073, 6019452.048007075674832 ], [ 549264.623906265478581, 6019415.057740973308682 ], [ 549283.664323948323727, 6019377.001187604852021 ], [ 549292.29834321863018, 6019357.174223598092794 ], [ 549292.986218339181505, 6019356.577049682848155 ], [ 549322.544147419161163, 6019328.131872853264213 ], [ 549350.605101265013218, 6019298.208936406299472 ], [ 549377.095297138788737, 6019266.886918928474188 ], [ 549401.945082412450574, 6019234.248177711851895 ], [ 549565.423837357549928, 6019007.704257586970925 ], [ 549589.35431181860622, 6018972.615453665144742 ], [ 549611.388842303771526, 6018936.306071477010846 ], [ 549631.465322706615552, 6018898.878451952710748 ], [ 549649.527165843057446, 6018860.438087865710258 ], [ 549665.523462947458029, 6018821.093326492235065 ], [ 549679.409127162303776, 6018780.955064224079251 ], [ 549691.145020619849674, 6018740.136434 ], [ 549700.698064755182713, 6018698.75248643103987 ], [ 549708.041333540691994, 6018656.919865521602333 ], [ 549713.154129379196092, 6018614.756479897536337 ], [ 549716.022041442105547, 6018572.381170471198857 ], [ 549716.636986287194304, 6018529.91337547916919 ], [ 549714.997230642940849, 6018487.472793838009238 ], [ 549711.107396292965859, 6018445.179047759622335 ], [ 549704.978447050321847, 6018403.15134558826685 ], [ 549704.57015059038531, 6018401.115278019569814 ], [ 549712.258364305598661, 6018251.615201561711729 ], [ 549713.313551448634826, 6018209.566176854074001 ], [ 549712.157197818509303, 6018167.519812623970211 ], [ 549708.792500071576796, 6018125.592343014664948 ], [ 549703.228759672376327, 6018083.89967349730432 ], [ 549695.481357180397026, 6018042.557060452178121 ], [ 549685.571709731826559, 6018001.678792555816472 ], [ 549673.527211833163165, 6017961.377874835394323 ], [ 549659.38115963130258, 6017921.765716275200248 ], [ 549643.172658868483268, 6017882.951821832917631 ], [ 549624.946516777621582, 6017845.043489724397659 ], [ 549604.753118215594441, 6017808.145514803938568 ], [ 549582.648286378127523, 6017772.359898864291608 ], [ 549571.593603697605431, 6017756.404744199477136 ], [ 549571.555873307283036, 6017756.171880716457963 ], [ 549562.844938599737361, 6017715.761161779053509 ], [ 549552.058161283144727, 6017675.854370081797242 ], [ 549539.224343849229626, 6017636.55806340277195 ], [ 549524.377754728193395, 6017597.977169427089393 ], [ 549388.931509180809371, 6017271.433844670653343 ], [ 549372.087709203595296, 6017233.620871589519083 ], [ 549353.310534465359524, 6017196.729785406030715 ], [ 549332.650258930516429, 6017160.859358229674399 ], [ 549310.162198373465799, 6017126.105629461817443 ], [ 549285.906562275951728, 6017092.561648653820157 ], [ 549263.871356656309217, 6017065.190314420498908 ], [ 549222.402090960531496, 6016982.140674823895097 ], [ 549202.628319993033074, 6016945.015453240834177 ], [ 549180.930564842303284, 6016908.980865450575948 ], [ 549157.368809091043659, 6016874.136529300361872 ], [ 549132.008189363987185, 6016840.578772180713713 ], [ 549104.918815256678499, 6016808.400364725850523 ], [ 549076.175575517117977, 6016777.690264349803329 ], [ 549045.857931015547365, 6016748.533369321376085 ], [ 549014.049695074209012, 6016721.010284063406289 ], [ 548980.838801764999516, 6016695.197096320800483 ], [ 548974.695607777801342, 6016690.920579281635582 ], [ 548965.557002465589903, 6016673.946046687662601 ], [ 548943.777403749758378, 6016638.124365450814366 ], [ 548920.151161138084717, 6016603.492812974378467 ], [ 548894.743156123673543, 6016570.146493116393685 ], [ 548867.623163207666948, 6016538.176980278454721 ], [ 548583.893763474421576, 6016220.95033548399806 ], [ 548554.872001320705749, 6016190.179555274546146 ], [ 548524.264452312956564, 6016160.985693985596299 ], [ 548502.20084781141486, 6016142.064149245619774 ], [ 548485.457339578657411, 6016110.710020535625517 ], [ 548463.646641293074936, 6016074.589799193665385 ], [ 548296.545360480900854, 6015813.664717542007565 ], [ 548272.861502890475094, 6015778.746004563756287 ], [ 548247.369572967407294, 6015745.124536194838583 ], [ 548220.140479766065255, 6015712.893834839574993 ], [ 548191.249964482150972, 6015682.143554302863777 ], [ 548160.77838976867497, 6015652.959230412729084 ], [ 548145.015833618002944, 6015639.381334451958537 ], [ 548084.284937263815664, 6015554.501229290850461 ], [ 548059.294511727057397, 6015521.419798564165831 ], [ 548032.623790717218071, 6015489.677475582808256 ], [ 548004.344406057964079, 6015459.359513402916491 ], [ 547974.532310097827576, 6015430.547339553944767 ], [ 547943.267571718082763, 6015403.31833734177053 ], [ 547910.63416128535755, 6015377.745638012886047 ], [ 547876.719725125585683, 6015353.897924341261387 ], [ 547852.86023553321138, 6015338.905240309424698 ], [ 547850.685536304139532, 6015336.511082710698247 ], [ 547820.940761745441705, 6015307.024748577736318 ], [ 547789.69355587346945, 6015279.135545660741627 ], [ 547757.029565107775852, 6015252.9199163261801 ], [ 547723.038319176412188, 6015228.449715792201459 ], [ 547687.81298572185915, 6015205.792015177197754 ], [ 547651.450114934588782, 6015185.008917663246393 ], [ 547614.049374916008674, 6015166.157388277351856 ], [ 547575.713278494542465, 6015149.289097749628127 ], [ 547536.546902245958336, 6015134.450280893594027 ], [ 547496.65759848523885, 6015121.681609872728586 ], [ 547456.154701021034271, 6015111.018082728609443 ], [ 547415.149225480272435, 6015102.488927447237074 ], [ 547373.753565020859241, 6015096.117521850392222 ], [ 547332.081182271009311, 6015091.92132951784879 ], [ 547290.24629833502695, 6015089.911851921118796 ], [ 547248.363579722004943, 6015090.094596899114549 ], [ 547206.547824052395299, 6015092.469063559547067 ], [ 547164.91364540590439, 6015097.02874365542084 ], [ 547123.575160172185861, 6015103.761139419861138 ], [ 547082.645674265921116, 6015112.647797823883593 ], [ 547042.23737256298773, 6015123.664361154660583 ], [ 547002.461011409643106, 6015136.780633779242635 ], [ 546963.425615046871826, 6015151.960664903745055 ], [ 546925.238176782964729, 6015169.162847119383514 ], [ 546888.003365731798112, 6015188.34003044012934 ], [ 546851.823239922174253, 6015209.439651539549232 ], [ 546823.135280712274835, 6015228.248297843150795 ], [ 546808.309505062061362, 6015237.548003950156271 ], [ 546774.995086279697716, 6015260.885524025186896 ], [ 546742.909924724139273, 6015285.88617901597172 ], [ 546732.331498351879418, 6015294.569939043372869 ], [ 546700.597701219609007, 6015322.044693380594254 ], [ 546670.348653034307063, 6015351.146086650900543 ], [ 546641.667628291877918, 6015381.794003807939589 ], [ 546614.633584778173827, 6015413.904072285629809 ], [ 546589.320946201332845, 6015447.38789426907897 ], [ 546565.799397306516767, 6015482.153290051966906 ], [ 546544.133692036033608, 6015518.104551803320646 ], [ 546524.383475264185108, 6015555.142707046121359 ], [ 546506.603118597296998, 6015593.165791128762066 ], [ 546490.841570690623485, 6015632.069127925671637 ], [ 546477.14222249481827, 6015671.745618009008467 ], [ 546465.542787801707163, 6015712.086033490486443 ], [ 546456.075199420214631, 6015752.979318716563284 ], [ 546448.765521266264841, 6015794.31289600674063 ], [ 546443.633876609732397, 6015835.972975573502481 ], [ 546440.694392675883137, 6015877.844868778251112 ], [ 546439.955161753925495, 6015919.813303869217634 ], [ 546441.418218918843195, 6015961.762743317522109 ], [ 546445.079536429024301, 6016003.577701890841126 ], [ 546450.929034814587794, 6016045.143064573407173 ], [ 546458.950610626023263, 6016086.344403482042253 ], [ 546469.12218076561112, 6016127.068292874842882 ], [ 546481.415743282181211, 6016167.202621410600841 ], [ 546495.797454459010623, 6016206.636900787241757 ], [ 546512.227721984381787, 6016245.262569912709296 ], [ 546530.661313947872259, 6016282.973293768242002 ], [ 546551.047483361675404, 6016319.665256143547595 ], [ 546573.330107865855098, 6016355.237445442937315 ], [ 546597.447844230453484, 6016389.591932762414217 ], [ 546623.334297231514938, 6016422.634141487069428 ], [ 546650.918202434200794, 6016454.273107653483748 ], [ 546680.123622381943278, 6016484.421730375848711 ], [ 546710.870155648211949, 6016512.997011625207961 ], [ 546743.073158179759048, 6016539.920284722931683 ], [ 546776.643976318184286, 6016565.117430907674134 ], [ 546905.486999219981954, 6016656.638736106455326 ], [ 546953.805599878192879, 6016724.170884507708251 ], [ 546979.275249899015762, 6016757.853047855198383 ], [ 547006.486704991664737, 6016790.144345624372363 ], [ 547031.74742482311558, 6016817.095985131338239 ], [ 547036.346387037774548, 6016828.83576297853142 ], [ 547053.618965466157533, 6016866.933174483478069 ], [ 547072.859273185255006, 6016904.075674234889448 ], [ 547094.014707352151163, 6016940.161714944988489 ], [ 547117.027429184294306, 6016975.092637675814331 ], [ 547141.834522089688107, 6017008.77294157166034 ], [ 547337.705121422884986, 6017260.638583801686764 ], [ 547363.919876820407808, 6017292.607407634146512 ], [ 547391.751172311021946, 6017323.179258887656033 ], [ 547421.124680110486224, 6017352.272490701638162 ], [ 547451.961953718215227, 6017379.809405093081295 ], [ 547484.180637419922277, 6017405.716460470110178 ], [ 547517.6946862321347, 6017429.924468029290438 ], [ 547519.852316718897782, 6017431.319244831800461 ], [ 547542.259371075429954, 6017456.371688039042056 ], [ 547560.333996855886653, 6017489.533670167438686 ], [ 547582.389967624330893, 6017525.375853847712278 ], [ 547606.300279958522879, 6017560.008568751625717 ], [ 547631.998764759628102, 6017593.335972737520933 ], [ 547659.414304363192059, 6017625.265835965052247 ], [ 547872.896904407069087, 6017861.058150831609964 ], [ 547914.973357400507666, 6017945.323791855014861 ], [ 547934.859161502099596, 6017982.646585413254797 ], [ 547956.689463333110325, 6018018.866387258283794 ], [ 547976.034995282767341, 6018047.431840487755835 ], [ 547977.76836270862259, 6018058.435866507701576 ], [ 547986.266229999950156, 6018098.751086846925318 ], [ 547996.828428289736621, 6018138.575334570370615 ], [ 548009.426942490274087, 6018177.80298017244786 ], [ 548024.028356405906379, 6018216.329976566135883 ], [ 548064.827458439627662, 6018316.146409357897937 ], [ 547893.273125376435928, 6018549.883133266121149 ], [ 547869.263144064461812, 6018584.468274845741689 ], [ 547847.105929154786281, 6018620.268680544570088 ], [ 547826.862849596887827, 6018657.185193796642125 ], [ 547818.603747460758314, 6018674.329227925278246 ], [ 547758.367595477378927, 6018745.367439526133239 ], [ 547731.770902366843075, 6018778.476666500791907 ], [ 547706.968705853563733, 6018812.95065732486546 ], [ 547684.030901821213774, 6018848.692259715870023 ], [ 547663.022132047801279, 6018885.600749089382589 ], [ 547644.001602036645636, 6018923.572112422436476 ], [ 547627.022914167260751, 6018962.499341369606555 ], [ 547612.133916637045331, 6019002.272733829915524 ], [ 547599.376568618346937, 6019042.780203101225197 ], [ 547588.786822011927143, 6019083.907593755982816 ], [ 547580.394520130357705, 6019125.539003345184028 ], [ 547579.746673062210903, 6019129.950021906755865 ], [ 547569.566589240101166, 6019159.993988788686693 ], [ 547566.185865230392665, 6019164.890810132957995 ], [ 547544.160821041790769, 6019200.67657476477325 ], [ 547524.045181664056145, 6019237.569454486481845 ], [ 547505.894444999634288, 6019275.467663947492838 ], [ 547489.758687896304764, 6019314.266644146293402 ], [ 547475.682427988387644, 6019353.859350909478962 ], [ 547463.704500874620862, 6019394.136550214141607 ], [ 547453.857952973106876, 6019434.987119563855231 ], [ 547446.169950348441489, 6019476.29835456609726 ], [ 547440.661703761434183, 6019517.956279878504574 ], [ 547421.879818990477361, 6019695.836959636770189 ], [ 547409.772347294143401, 6019728.641670742072165 ], [ 547397.55315811780747, 6019767.830383421853185 ], [ 547387.360240780049935, 6019807.594289438799024 ], [ 547379.220432337024249, 6019847.828693921677768 ], [ 547316.676317721023224, 6020203.733272269368172 ], [ 547255.051375087699853, 6020328.550065469928086 ], [ 547231.938215036643669, 6020348.954050714150071 ], [ 547202.319246952887625, 6020377.966564164496958 ], [ 547174.243158970028162, 6020408.474636713974178 ], [ 547147.785362109541893, 6020440.396325145848095 ], [ 546931.488602608442307, 6020715.574266047216952 ], [ 546906.409758701920509, 6020749.264193389564753 ], [ 546883.133567261509597, 6020784.223863411694765 ], [ 546861.724181821104139, 6020820.356920728459954 ], [ 546850.089106339612044, 6020842.575874548405409 ], [ 546768.551695624948479, 6020934.423932610079646 ], [ 546760.840952769736759, 6020933.928736822679639 ], [ 546719.071960826171562, 6020933.431136465631425 ], [ 546677.333935063215904, 6020935.1144366459921 ], [ 546635.740670053288341, 6020938.974048013798892 ], [ 546594.405565693276003, 6020944.999447721987963 ], [ 546553.44131803070195, 6020953.174208118580282 ], [ 546334.207436501048505, 6021002.908973264507949 ], [ 546317.070178665802814, 6021002.515706929378211 ], [ 546274.722566813929006, 6021003.787388121709228 ], [ 546232.501661358051933, 6021007.299160478636622 ], [ 546190.5258746141335, 6021013.041174920275807 ], [ 545861.78177206532564, 6021066.914365866221488 ], [ 545820.840021323296241, 6021074.723969691433012 ], [ 545780.360578386578709, 6021084.655312262475491 ], [ 545740.453320709639229, 6021096.681435929611325 ], [ 545701.22657260694541, 6021110.769696965813637 ], [ 545662.786811216385104, 6021126.881854175589979 ], [ 545642.720624910551123, 6021136.550535344518721 ], [ 545630.837850945652463, 6021138.976416847668588 ], [ 545612.290719140437432, 6021138.183722341433167 ], [ 545569.808955705491826, 6021138.625457108952105 ], [ 545527.410544808837585, 6021141.321770810522139 ], [ 545485.2150562859606, 6021146.265059439465404 ], [ 545443.341487701283768, 6021153.441382183693349 ], [ 545401.907928757136688, 6021162.830500745214522 ], [ 545361.031228262698278, 6021174.405936410650611 ], [ 545119.128007513354532, 6021249.901191112585366 ], [ 545111.996422134921886, 6021250.040212197229266 ], [ 545071.062366970581934, 6021252.942904385738075 ], [ 545030.33101406507194, 6021257.940842423588037 ], [ 544989.909539222484455, 6021265.020875310525298 ], [ 544949.90430286899209, 6021274.164373462088406 ], [ 544577.616064991801977, 6021369.363501467742026 ], [ 544537.420597030664794, 6021380.768222809769213 ], [ 544497.875388424261473, 6021394.255987255834043 ], [ 544459.088307584286667, 6021409.790003909729421 ], [ 544421.165154959307984, 6021427.32790026254952 ], [ 544413.74482582078781, 6021431.2420763541013 ], [ 544400.746841664775275, 6021431.37181048002094 ], [ 544358.97493253624998, 6021433.977703527547419 ], [ 544317.396472635562532, 6021438.764638153836131 ], [ 544276.125262407120317, 6021445.719512494280934 ], [ 544235.274261351209134, 6021454.823291026055813 ], [ 543851.017548586707562, 6021551.072322820313275 ], [ 543810.641183813335374, 6021562.317700100131333 ], [ 543770.909191571874544, 6021575.66229207534343 ], [ 543731.930630553164519, 6021591.069469733163714 ], [ 543693.812491385615431, 6021608.496942552737892 ], [ 543660.399665435426868, 6021625.943851547315717 ], [ 543624.142946975538507, 6021635.177646663039923 ], [ 543621.786893015378155, 6021635.085612845607102 ], [ 543579.829893795424141, 6021635.648463554680347 ], [ 543537.960120520903729, 6021638.410468334332108 ], [ 543496.292761294054799, 6021643.364028623327613 ], [ 543454.942447355366312, 6021650.495516661554575 ], [ 543414.022937720175833, 6021659.785312982276082 ], [ 542982.238042773213238, 6021769.794620200991631 ], [ 542942.010253158281557, 6021781.170982404612005 ], [ 542902.431679723551497, 6021794.633270440623164 ], [ 542863.610402689664625, 6021810.144721815362573 ], [ 542825.652434270246886, 6021827.662978228181601 ], [ 542797.616769059328362, 6021842.424861620180309 ], [ 542789.295864867512137, 6021844.518625446595252 ], [ 542756.736118498374708, 6021844.830533332191408 ], [ 542714.975715273292735, 6021847.418215665966272 ], [ 542673.407717936323024, 6021852.185707121156156 ], [ 542632.145829728455283, 6021859.119966915808618 ], [ 542591.302916573244147, 6021868.202027386054397 ], [ 542177.014044744777493, 6021971.765547146089375 ], [ 542136.620328298769891, 6021982.995536755770445 ], [ 542096.870412178104743, 6021996.326296799816191 ], [ 542057.873469837708399, 6022011.72121424227953 ], [ 542028.05695758247748, 6022025.338170815259218 ], [ 541818.53458597289864, 6022064.564237902872264 ], [ 541777.616950483410619, 6022073.33823752310127 ], [ 541737.214104985119775, 6022084.239890564233065 ], [ 541697.436604034155607, 6022097.239366765134037 ], [ 541658.393291052780114, 6022112.301095576956868 ], [ 541620.191000500111841, 6022129.383863500319421 ], [ 541582.934265540330671, 6022148.440926850773394 ], [ 541580.19982383819297, 6022150.025230875238776 ], [ 541557.727356381132267, 6022155.753950297832489 ], [ 541550.152368354960345, 6022155.537631576880813 ], [ 541507.928794394014403, 6022156.561834817752242 ], [ 541465.8181195135694, 6022159.81302712764591 ], [ 541423.937719270819798, 6022165.282146419398487 ], [ 541382.404327375814319, 6022172.953948555514216 ], [ 541341.333710318664089, 6022182.807049836963415 ], [ 541300.840344691416249, 6022194.813986603170633 ], [ 541261.037098107277416, 6022208.941291783936322 ], [ 541222.034914602409117, 6022225.149588183499873 ], [ 541183.942505401326343, 6022243.393698235042393 ], [ 540921.359986543771811, 6022377.78956111241132 ], [ 540907.526538441423327, 6022380.874087760224938 ], [ 540867.985797612229362, 6022391.846534417942166 ], [ 540829.059705120511353, 6022404.832068458199501 ], [ 540790.850677022011951, 6022419.796524437144399 ], [ 540753.459242748678662, 6022436.700530292466283 ], [ 540716.983780611306429, 6022455.499610930681229 ], [ 540681.520258962409571, 6022476.144305242225528 ], [ 540647.161983700352721, 6022498.58029623888433 ], [ 540347.270489821094088, 6022705.571264784783125 ], [ 540313.943641934543848, 6022729.865807913243771 ], [ 540297.984300459735096, 6022742.810333172790706 ], [ 540262.410258581279777, 6022750.073749427683651 ], [ 540222.309243286028504, 6022760.449674773961306 ], [ 540182.79903520795051, 6022772.887307672761381 ], [ 540143.985555736115202, 6022787.353304555639625 ], [ 540105.972858426859602, 6022803.808884088881314 ], [ 539902.909114134847187, 6022898.029626599512994 ], [ 539880.156006443896331, 6022902.571827849373221 ], [ 539840.328369504655711, 6022912.67391285020858 ], [ 539801.07194694923237, 6022924.80758804269135 ], [ 539762.490295550785959, 6022938.940845306031406 ], [ 539724.685192065197043, 6022955.036401710473001 ], [ 539687.756364747881889, 6022973.051797862164676 ], [ 539315.977643087506294, 6023166.394321621395648 ], [ 539279.208428807556629, 6023186.760673392564058 ], [ 539243.559667815105058, 6023209.030142243951559 ], [ 539209.129770932486281, 6023233.141251797787845 ], [ 539176.013784224982373, 6023259.027441699057817 ], [ 539144.30312661989592, 6023286.617251366376877 ], [ 539140.830100101651624, 6023289.975284575484693 ], [ 539114.259770577657036, 6023303.84972549136728 ], [ 539081.690784577629529, 6023312.057582588866353 ], [ 539041.748045664280653, 6023324.375180431641638 ], [ 539002.503184343571775, 6023338.762204739265144 ], [ 538964.063335751416162, 6023355.179380157962441 ], [ 538926.533437407575548, 6023373.581889193505049 ], [ 538545.613706844858825, 6023572.871470387093723 ], [ 538508.951249674893916, 6023593.294866664335132 ], [ 538473.410263063269667, 6023615.612777676433325 ], [ 538439.088554188259877, 6023639.7637855457142 ], [ 538406.08057483099401, 6023665.681427800096571 ], [ 538374.477161448914558, 6023693.294380265288055 ], [ 538372.689993977081031, 6023695.029342482797801 ], [ 538340.911557836225256, 6023711.70983605273068 ], [ 538303.171282444731332, 6023721.325088934972882 ], [ 538263.184168813633732, 6023733.774486367590725 ], [ 538223.903355480288155, 6023748.299446155317128 ], [ 538185.436493769637309, 6023764.860161812976003 ], [ 538147.889004325144924, 6023783.411247748881578 ], [ 537768.653948111110367, 6023983.295697420835495 ], [ 537731.825257703661919, 6024003.967255755327642 ], [ 537696.138796904473566, 6024026.553585177287459 ], [ 537661.694023085874505, 6024050.991738088428974 ], [ 537648.79953902377747, 6024061.204579397104681 ], [ 537610.914991818601266, 6024076.933564157225192 ], [ 537578.336892537190579, 6024081.799860490486026 ], [ 537536.557312607998028, 6024090.338056623935699 ], [ 537495.292044190922752, 6024101.090345438569784 ], [ 537137.315447239438072, 6024204.630007366649806 ], [ 537097.244287033914588, 6024217.37032435182482 ], [ 537057.897871402325109, 6024232.198444059118629 ], [ 537032.703952644020319, 6024243.237486063502729 ], [ 536804.19880399282556, 6024277.27753100078553 ], [ 536762.985658152145334, 6024284.523455401882529 ], [ 536722.207771426998079, 6024293.914449212141335 ], [ 536681.97671127517242, 6024305.424818865023553 ], [ 536642.402549047954381, 6024319.023072227835655 ], [ 536634.503684381954372, 6024322.208128049969673 ], [ 536558.744076960370876, 6024331.482010001316667 ], [ 536556.438092452706769, 6024331.099872552789748 ], [ 536514.787329878774472, 6024326.422704218886793 ], [ 536472.948772500851192, 6024323.933318122290075 ], [ 536431.037258132593706, 6024323.63854709174484 ], [ 536389.167824839008972, 6024325.539200209081173 ], [ 536347.455395181430504, 6024329.630060590803623 ], [ 535965.492124163312837, 6024377.221721087582409 ], [ 535922.749357814784162, 6024383.724665731191635 ], [ 535880.420322439516895, 6024392.527229468338192 ], [ 535838.628647416946478, 6024403.603702868334949 ], [ 535797.496392671368085, 6024416.921735144220293 ], [ 535757.143692174344324, 6024432.442428645677865 ], [ 535747.391757693374529, 6024436.811803041957319 ], [ 535705.996640444849618, 6024443.982227629050612 ], [ 535685.38702044065576, 6024442.291608551517129 ], [ 535642.8855448984541, 6024441.071806748397648 ], [ 535600.379290143726394, 6024442.111829067580402 ], [ 535557.988327269558795, 6024445.408737665973604 ], [ 535515.832401694497094, 6024450.953219481743872 ], [ 535474.030594906304032, 6024458.729612536728382 ], [ 535052.517340736929327, 6024548.794560258276761 ], [ 535011.861366844503209, 6024558.599369550123811 ], [ 534971.77333722030744, 6024570.51542507391423 ], [ 534932.362807595054619, 6024584.51016169320792 ], [ 534893.737482173601165, 6024600.545333487913013 ], [ 534871.215636873617768, 6024611.307590592652559 ], [ 534853.807352076983079, 6024614.985046775080264 ], [ 534822.58697609975934, 6024614.300040584988892 ], [ 534780.551551562384702, 6024615.588305194862187 ], [ 534738.641908680321649, 6024619.08378445263952 ], [ 534696.973864525207318, 6024624.776818620041013 ], [ 534655.662568511907011, 6024632.651675028726459 ], [ 534614.822184183867648, 6024642.686591554433107 ], [ 534399.265310537419282, 6024701.700228044763207 ], [ 534373.303790184203535, 6024702.177894696593285 ], [ 534330.534445209312253, 6024705.26278901938349 ], [ 534287.99183154583443, 6024710.634889654815197 ], [ 534245.798175016185269, 6024718.27876244392246 ], [ 533885.077740022679791, 6024793.664501799270511 ], [ 533844.262654705671594, 6024803.317466715350747 ], [ 533804.009555217344314, 6024815.096214641816914 ], [ 533764.429077888606116, 6024828.968371487222612 ], [ 533742.509502833592705, 6024837.966594707220793 ], [ 533567.128431027173065, 6024863.152114761993289 ], [ 533525.703732692636549, 6024870.215901371091604 ], [ 533484.707105098641478, 6024879.445161323994398 ], [ 533444.251667082426138, 6024890.814429035410285 ], [ 533404.449044218868949, 6024904.292334159836173 ], [ 533365.409060820005834, 6024919.841688152402639 ], [ 533327.239436905365437, 6024937.419586877338588 ], [ 533290.045490978751332, 6024956.977528992109001 ], [ 533253.929849431035109, 6024978.461549774743617 ], [ 533218.992163370596245, 6025001.812370019033551 ], [ 533185.328833663952537, 6025026.965559607371688 ], [ 533185.114933965262026, 6025027.143628866411746 ], [ 533100.836061538080685, 6025068.038979168049991 ], [ 533074.652496564784087, 6025074.274791673757136 ], [ 533034.823584483587183, 6025085.973857879638672 ], [ 532995.655146297067404, 6025099.723179234191775 ], [ 532957.252643660875037, 6025115.48573546577245 ], [ 532919.719475936610252, 6025133.219085635617375 ], [ 532883.156701787491329, 6025152.875482411123812 ], [ 532847.662767076632008, 6025174.402000625617802 ], [ 532813.333239799016155, 6025197.740679778158665 ], [ 532780.26055276428815, 6025222.828680096194148 ], [ 532466.299242526642047, 6025474.085831426084042 ], [ 532434.277512812870555, 6025501.117981982417405 ], [ 532403.715248227701522, 6025529.789855325594544 ], [ 532374.696310113184154, 6025560.022777252830565 ], [ 532347.300324999843724, 6025591.733790121972561 ], [ 532323.318924434250221, 6025622.624865215271711 ], [ 532294.538648169953376, 6025645.847956252284348 ], [ 532288.296427931170911, 6025648.441182429902256 ], [ 532250.592583174817264, 6025666.467883076518774 ], [ 532213.881570399389602, 6025686.438946809619665 ], [ 532178.263572917552665, 6025708.299873162060976 ], [ 532143.835791234043427, 6025731.991004287265241 ], [ 532110.692177788587287, 6025757.447687759064138 ], [ 531782.728992195101455, 6026023.250622152350843 ], [ 531750.996513381134719, 6026050.370488450862467 ], [ 531720.721813875366934, 6026079.1086152093485 ], [ 531691.987318314379081, 6026109.386761198751628 ], [ 531681.927510824985802, 6026121.160423861816525 ], [ 531511.778079969924875, 6026240.712597924284637 ], [ 531477.282120767631568, 6026266.362007156945765 ], [ 531444.213695858605206, 6026293.827306524850428 ], [ 531412.668283261475153, 6026323.02919583581388 ], [ 531382.736963621806353, 6026353.883360869251192 ], [ 531354.50615723640658, 6026386.300716808997095 ], [ 531328.057374533032998, 6026420.187665458768606 ], [ 531326.112275597755797, 6026422.976626888848841 ], [ 531255.624318170361221, 6026479.358677314594388 ], [ 531218.454058712581173, 6026496.829477237537503 ], [ 531182.21528218628373, 6026516.193433594889939 ], [ 531147.018502821563743, 6026537.392453673295677 ], [ 531112.95656376820989, 6026560.370618044398725 ], [ 531080.119314659037627, 6026585.067314197309315 ], [ 530732.623998529859819, 6026860.667647570371628 ], [ 530700.463505395455286, 6026887.576994919218123 ], [ 530669.757209128350951, 6026916.134544935077429 ], [ 530640.589475771412253, 6026946.261835291050375 ], [ 530613.040444141020998, 6026977.876090771518648 ], [ 530587.185805644723587, 6027010.890450702048838 ], [ 530563.096596317598596, 6027045.21420759614557 ], [ 530540.839001649757847, 6027080.753056381829083 ], [ 530520.474174740491435, 6027117.409353498369455 ], [ 530502.058068279409781, 6027155.082385181449354 ], [ 530485.641280814888887, 6027193.668644169345498 ], [ 530471.268917734851129, 6027233.06211409624666 ], [ 530465.679583193501458, 6027251.297944473102689 ], [ 530445.831866146065295, 6027284.396919048391283 ], [ 530425.977185193449259, 6027303.333282394334674 ], [ 530397.616576753323898, 6027333.324238210916519 ], [ 530370.840620195609517, 6027364.738083763048053 ], [ 530345.720597365056165, 6027397.491190407425165 ], [ 530322.323381747817621, 6027431.496364179998636 ], [ 530300.711260444135405, 6027466.663077911362052 ], [ 530280.94176834996324, 6027502.897712230682373 ], [ 530263.067534989793785, 6027540.103804792277515 ], [ 530247.136144408606924, 6027578.182307074777782 ], [ 530233.190008496050723, 6027617.031848063692451 ], [ 530221.266254078364, 6027656.549004116095603 ], [ 530211.396624081884511, 6027696.628574294038117 ], [ 530139.981552404467948, 6028022.647094099782407 ], [ 530132.069892493425868, 6028063.92415283434093 ], [ 530126.336915437481366, 6028105.559749556705356 ], [ 530122.798444162937813, 6028147.438970673829317 ], [ 530122.204290333553217, 6028166.145900615490973 ], [ 530095.024152461905032, 6028253.426560308784246 ], [ 530083.779452178394422, 6028293.111827955581248 ], [ 530078.106261142180301, 6028317.951103306375444 ], [ 530074.469001385616139, 6028323.393308529630303 ], [ 529984.500333547126502, 6028465.819308978505433 ], [ 529983.439034769311547, 6028466.399153290316463 ], [ 529979.407474498846568, 6028467.283001165837049 ], [ 529971.245916104875505, 6028466.819406558759511 ], [ 529929.025725303217769, 6028466.652236317284405 ], [ 529886.855512359179556, 6028468.712721086107194 ], [ 529844.852732679340988, 6028472.995121860876679 ], [ 529803.134375323425047, 6028479.487511001527309 ], [ 529761.816637158161029, 6028488.171805453486741 ], [ 529721.014599217916839, 6028499.023817117325962 ], [ 529523.179672165308148, 6028557.272659401409328 ], [ 529505.945535572711378, 6028557.635822309181094 ], [ 529463.898291945573874, 6028560.743612290360034 ], [ 529422.073173569049686, 6028566.062308371067047 ], [ 529380.586351608159021, 6028573.577137629501522 ], [ 529339.553057594341226, 6028583.267227287404239 ], [ 529299.087263364577666, 6028595.105662680231035 ], [ 529259.301364499377087, 6028609.059562017209828 ], [ 529220.305868139141239, 6028625.090167708694935 ], [ 529182.209086045389995, 6028643.152954018674791 ], [ 529145.116833759937435, 6028663.197750739753246 ], [ 529109.132136697298847, 6028685.168882538564503 ], [ 529074.354943987447768, 6028709.005323599092662 ], [ 529040.881850861711428, 6028734.640867124311626 ], [ 529008.805830355966464, 6028762.004309226758778 ], [ 528874.862922423635609, 6028882.509090943261981 ], [ 528868.544129295623861, 6028885.821036778390408 ], [ 528831.70177468995098, 6028907.72339101228863 ], [ 528796.08532379323151, 6028931.567481254227459 ], [ 528761.797010968555696, 6028957.284864821471274 ], [ 528728.935258257668465, 6028984.801721885800362 ], [ 528697.594392868108116, 6029014.039067362435162 ], [ 528667.86437641386874, 6029044.912977635860443 ], [ 528639.830546687357128, 6029077.334831450134516 ], [ 528613.573372703744099, 6029111.2115642959252 ], [ 528589.168223720276728, 6029146.445935540832579 ], [ 528566.685152894817293, 6029182.936807552352548 ], [ 528346.167190807871521, 6029563.298560928553343 ], [ 528326.141925322939642, 6029600.019226419739425 ], [ 528308.063223469420336, 6029637.736318979412317 ], [ 528291.980502772610635, 6029676.346740201115608 ], [ 528277.937724809860811, 6029715.744949791580439 ], [ 528268.258854229934514, 6029748.167060941457748 ], [ 528259.149522542254999, 6029763.828565385192633 ], [ 528233.804771360591985, 6029790.310583150014281 ], [ 528206.473968434263952, 6029822.036822268739343 ], [ 528180.840714027755894, 6029855.149709573946893 ], [ 528156.975240335683338, 6029889.558519531041384 ], [ 528134.942936035222374, 6029925.16897592227906 ], [ 527916.112186862505041, 6030300.472013738937676 ], [ 527895.96561893762555, 6030337.201693651266396 ], [ 527877.769371061585844, 6030374.935632604174316 ], [ 527861.573339438182302, 6030413.570359797216952 ], [ 527847.421935448306613, 6030452.999934365972877 ], [ 527835.999946498661302, 6030490.968863083049655 ], [ 527817.061048519448377, 6030523.535995707847178 ], [ 527815.701358250225894, 6030524.824530686251819 ], [ 527786.780074128182605, 6030555.267780777066946 ], [ 527759.496002149535343, 6030587.186608569696546 ], [ 527733.924311303533614, 6030620.493076089769602 ], [ 527710.13545288273599, 6030655.095422345213592 ], [ 527688.194966387236491, 6030690.898316134698689 ], [ 527484.95147204794921, 6031042.973796871490777 ], [ 527465.017656567040831, 6031079.686526473611593 ], [ 527447.027475555543788, 6031117.389774367213249 ], [ 527431.029985468951054, 6031155.980729594826698 ], [ 527417.068809000891633, 6031195.354160562157631 ], [ 527409.067831587861292, 6031222.310756747610867 ], [ 527406.994105693185702, 6031225.903229375369847 ], [ 527378.467538886819966, 6031255.959140538237989 ], [ 527351.189462494920008, 6031287.902388176880777 ], [ 527325.62565178249497, 6031321.233396311290562 ], [ 527301.84658555756323, 6031355.860272157937288 ], [ 527279.917822130490094, 6031391.687550256028771 ], [ 527082.70704047428444, 6031733.747376346029341 ], [ 527062.799062759848312, 6031770.460017752833664 ], [ 527044.834095095284283, 6031808.161550248973072 ], [ 527028.861096104490571, 6031846.749228580854833 ], [ 527022.978837146423757, 6031863.364595177583396 ], [ 527012.813024376984686, 6031875.203444718383253 ], [ 526987.206045034807175, 6031908.395621229894459 ], [ 526963.372971959644929, 6031942.883627847768366 ], [ 526941.379250694764778, 6031978.572760613635182 ], [ 526829.367447440279648, 6032171.474057158455253 ], [ 526809.533799288561568, 6032207.758903249166906 ], [ 526791.60157098819036, 6032245.020127638243139 ], [ 526775.618674192810431, 6032283.158175108022988 ], [ 526761.627812297432683, 6032322.071147728711367 ], [ 526749.666366341640241, 6032361.655077112838626 ], [ 526739.766295134322718, 6032401.804202195256948 ], [ 526731.954049866297282, 6032442.411251813173294 ], [ 526726.250503436545841, 6032483.367731311358511 ], [ 526722.67089468438644, 6032524.564212423749268 ], [ 526721.969686386175454, 6032544.603133239783347 ], [ 526714.725017082178965, 6032584.037327280268073 ], [ 526714.501597552676685, 6032584.497866460122168 ], [ 526698.366583129623905, 6032622.67532842233777 ], [ 526684.230487966211513, 6032661.637208585627377 ], [ 526672.131255490705371, 6032701.278927341103554 ], [ 526662.101361882523634, 6032741.494080288335681 ], [ 526654.167728900793009, 6032782.174723843112588 ], [ 526648.351651622448117, 6032823.211664974689484 ], [ 526644.668741283123381, 6032864.494754294864833 ], [ 526643.1288833739236, 6032905.913181714713573 ], [ 526643.736211107694544, 6032947.355773880146444 ], [ 526658.354351890855469, 6033307.557695400901139 ], [ 526661.107123219175264, 6033348.912006295286119 ], [ 526665.997936068335548, 6033390.068254049867392 ], [ 526673.013663521385752, 6033430.915975502692163 ], [ 526682.135475401184522, 6033471.345535574480891 ], [ 526686.876476505887695, 6033488.231427354738116 ], [ 526688.147699253633618, 6033517.750154723413289 ], [ 526680.330013667000458, 6033557.778851269744337 ], [ 526674.559986214502715, 6033598.181919473223388 ], [ 526670.858009910327382, 6033638.826679388992488 ], [ 526669.233719732612371, 6033679.607346604578197 ], [ 526669.691343153361231, 6033720.41778298933059 ], [ 526685.268365672323853, 6034144.39386369753629 ], [ 526687.900150367058814, 6034186.182013563811779 ], [ 526692.714717832044698, 6034227.775230558589101 ], [ 526699.698879343690351, 6034269.059576840139925 ], [ 526708.833502929075621, 6034309.921960664913058 ], [ 526718.804450534866191, 6034345.633414649404585 ], [ 526720.248811936937273, 6034382.933016486465931 ], [ 526719.479368133004755, 6034385.973049616441131 ], [ 526711.365616423776373, 6034426.892568129114807 ], [ 526705.395928175887093, 6034468.179403613321483 ], [ 526701.586535717360675, 6034509.721292005851865 ], [ 526699.947797262459062, 6034551.405275721102953 ], [ 526700.484168745693751, 6034593.118010799400508 ], [ 526717.74324538197834, 6035036.189630251377821 ], [ 526720.461992104770616, 6035077.913142797537148 ], [ 526725.356960015022196, 6035119.437621988356113 ], [ 526732.414777872269042, 6035160.649638319388032 ], [ 526741.616166330990382, 6035201.436615816317499 ], [ 526750.891644779359922, 6035234.417946310713887 ], [ 526752.054827776155435, 6035264.600765742361546 ], [ 526751.949312674230896, 6035265.014358393847942 ], [ 526743.72467295860406, 6035306.147240099497139 ], [ 526737.667354005505331, 6035347.654679709114134 ], [ 526733.794009265024215, 6035389.422560387291014 ], [ 526732.115287764114328, 6035431.336049266159534 ], [ 526732.635804829187691, 6035473.279913153499365 ], [ 526749.435043704696, 6035907.948594521731138 ], [ 526752.141827576677315, 6035949.681031669490039 ], [ 526757.025737479329109, 6035991.2149986512959 ], [ 526764.07342719018925, 6036032.436995921656489 ], [ 526773.265637542703189, 6036073.234376450069249 ], [ 526782.489156475407071, 6036106.063531802035868 ], [ 526783.574911802192219, 6036134.096112754195929 ], [ 526783.168011705158278, 6036135.702569070272148 ], [ 526775.006170495878905, 6036176.903886270709336 ], [ 526769.018002712167799, 6036218.476786549203098 ], [ 526765.220014777616598, 6036260.306673933751881 ], [ 526763.62267587101087, 6036302.278244065120816 ], [ 526764.230389067321084, 6036344.275802037678659 ], [ 526780.825933573185466, 6036751.568829437717795 ], [ 526783.614922320586629, 6036793.239858198910952 ], [ 526788.574818674940616, 6036834.708551502786577 ], [ 526795.692104957182892, 6036875.861890763044357 ], [ 526804.947383747552522, 6036916.587716853246093 ], [ 526809.416568933986127, 6036932.386786863207817 ], [ 526804.439483959344216, 6036957.55755250249058 ], [ 526798.493220306118019, 6036998.831558178178966 ], [ 526794.705718664219603, 6037040.359337160363793 ], [ 526793.087269803392701, 6037082.028057074174285 ], [ 526793.642271103803068, 6037123.724502599798143 ], [ 526807.796994938049465, 6037483.021280344575644 ], [ 526810.640243539004587, 6037525.888725043274462 ], [ 526815.780631548375823, 6037568.541723634116352 ], [ 526823.203334553982131, 6037610.857268741354346 ], [ 526832.886946154641919, 6037652.713326175697148 ], [ 526842.391202784026973, 6037685.633503518998623 ], [ 526845.298842037445866, 6037737.163767520338297 ], [ 526838.28619924467057, 6037778.130708897486329 ], [ 526833.391298827482387, 6037819.703024045564234 ], [ 526830.677599794580601, 6037861.474464941769838 ], [ 526830.152531818719581, 6037903.330668072216213 ], [ 526831.817532452056184, 6037945.157037862576544 ], [ 526860.157237159321085, 6038374.238408632576466 ], [ 526864.050180284539238, 6038416.276813762262464 ], [ 526870.155416143243201, 6038458.051310852169991 ], [ 526878.455941820517182, 6038499.445559069514275 ], [ 526888.928640579106286, 6038540.344276564195752 ], [ 526901.544346239184961, 6038580.63356152549386 ], [ 526901.969161133980379, 6038581.775194760411978 ], [ 526904.652066229842603, 6038621.349428203888237 ], [ 526898.5878726830706, 6038656.873456874862313 ], [ 526893.697078546276316, 6038698.680387302301824 ], [ 526891.011966197867878, 6038740.686690052039921 ], [ 526890.539968948927708, 6038782.776077285408974 ], [ 526892.28239344956819, 6038824.832031155005097 ], [ 526922.781526391976513, 6039274.527961594983935 ], [ 526926.714044125401415, 6039316.272619568742812 ], [ 526932.828323809779249, 6039357.753901479765773 ], [ 526941.107569507672451, 6039398.857858170755208 ], [ 526951.529038115986623, 6039439.471576999872923 ], [ 526964.064101841649972, 6039479.483492005616426 ], [ 526964.488325382233597, 6039480.624303051270545 ], [ 526967.113753181532957, 6039519.400604139082134 ], [ 526960.763312908587977, 6039557.310170679353178 ], [ 526956.014649662305601, 6039598.929143485613167 ], [ 526953.45097082410939, 6039640.739623641595244 ], [ 526953.079305234947242, 6039682.626979308202863 ], [ 526954.900671890936792, 6039724.47636787686497 ], [ 526984.295437457971275, 6040145.658541141077876 ], [ 526988.171380356652662, 6040186.260872041806579 ], [ 526994.111667753430083, 6040226.612888020463288 ], [ 527002.100858871825039, 6040266.609700808301568 ], [ 527012.118187154992484, 6040306.147345426492393 ], [ 527024.137614245293662, 6040345.123050427995622 ], [ 527038.127897666417994, 6040383.435505030676723 ], [ 527054.052672032848932, 6040420.98512246273458 ], [ 527071.870543575729243, 6040457.674298817291856 ], [ 527089.384756983024999, 6040489.500021594576538 ], [ 527090.464204840012826, 6040505.323594680987298 ], [ 527095.419587622396648, 6040546.453785113058984 ], [ 527102.4975198575994, 6040587.272301238961518 ], [ 527111.679021093063056, 6040627.669682572595775 ], [ 527122.939469865174033, 6040667.537597955204546 ], [ 527136.248669725609943, 6040706.769136065617204 ], [ 527151.570930216694251, 6040745.25909211859107 ], [ 527168.865162581205368, 6040782.9042499801144 ], [ 527188.084989946568385, 6040819.603658961132169 ], [ 527209.178871691576205, 6040855.258904527872801 ], [ 527292.386187831056304, 6040987.941175263375044 ], [ 527281.785046817502007, 6041004.996060889214277 ], [ 527261.361748666153289, 6041042.098224312067032 ], [ 527242.930564644979313, 6041080.229223428294063 ], [ 527226.543150498182513, 6041119.282191248610616 ], [ 527212.245434044394642, 6041159.147676850669086 ], [ 527200.077486457652412, 6041199.713952124118805 ], [ 527190.073409963282757, 6041240.867324908263981 ], [ 527145.469567114370875, 6041448.107381234876812 ], [ 527140.619988614111207, 6041457.288535376079381 ], [ 527123.022726840805262, 6041495.296899100765586 ], [ 527107.438845814787783, 6041534.174167357385159 ], [ 527093.911062398692593, 6041573.813773949630558 ], [ 527082.476457501179539, 6041614.107063041068614 ], [ 527073.166374434367754, 6041654.943586990237236 ], [ 527066.006332999095321, 6041696.211409098468721 ], [ 527061.015959532582201, 6041737.797410440631211 ], [ 527018.68684073316399, 6042190.415044215507805 ], [ 527015.897456784849055, 6042231.776803061366081 ], [ 527015.254449677187949, 6042273.227524400688708 ], [ 527016.759546060697176, 6042314.655901663005352 ], [ 527020.40870433836244, 6042355.950688277371228 ], [ 527024.664512368151918, 6042386.158107988536358 ], [ 527020.983505202573724, 6042423.462068973109126 ], [ 527019.975146285374649, 6042425.93439348321408 ], [ 527006.186715234187432, 6042465.567753826268017 ], [ 526994.495474603027105, 6042505.869602113962173 ], [ 526984.933592184213921, 6042546.729050072841346 ], [ 526977.527376960846595, 6042588.033675225451589 ], [ 526972.297206718241796, 6042629.669830213300884 ], [ 526927.996269844239578, 6043076.912373108789325 ], [ 526924.964022156200372, 6043118.604158322326839 ], [ 526924.113665527896956, 6043160.397415839135647 ], [ 526925.447521697846241, 6043202.178037040866911 ], [ 526928.961948822950944, 6043243.83194780908525 ], [ 526933.352346744271927, 6043275.812378216534853 ], [ 526931.77875817194581, 6043291.302097589708865 ], [ 526919.892154766945168, 6043325.243928444571793 ], [ 526908.132695512962528, 6043365.459958287887275 ], [ 526898.494959780131467, 6043406.236520038917661 ], [ 526891.005385291879065, 6043447.461757604032755 ], [ 526885.684517050627619, 6043489.022584105841815 ], [ 526843.568801952991635, 6043904.000083400867879 ], [ 526840.449886084417813, 6043945.402177943848073 ], [ 526839.483185045188293, 6043986.910328443162143 ], [ 526840.671302676550113, 6044028.412731328047812 ], [ 526844.011038744589314, 6044069.797598510980606 ], [ 526848.892397502553649, 6044106.441773819737136 ], [ 526842.388225468457676, 6044168.824206166900694 ], [ 526833.721104465657845, 6044193.436417993158102 ], [ 526821.982531810295768, 6044233.253407164476812 ], [ 526812.325134554877877, 6044273.625692124478519 ], [ 526804.774915041169152, 6044314.44457133486867 ], [ 526799.352202078327537, 6044355.600140809081495 ], [ 526752.400427622720599, 6044800.862409221939743 ], [ 526749.101611758233048, 6044842.587451162748039 ], [ 526748.777590342913754, 6044854.778818693011999 ], [ 526691.931696652667597, 6045043.064954094588757 ], [ 526680.844471886171959, 6045083.608695907518268 ], [ 526671.902002905262634, 6045124.678804281167686 ], [ 526671.099053184036165, 6045129.596670668572187 ], [ 526660.058959668502212, 6045154.568902332335711 ], [ 526638.778953768778592, 6045182.326439524069428 ], [ 526615.026021986734122, 6045216.927255143411458 ], [ 526593.120365201146342, 6045252.726143541745842 ], [ 526573.12227251008153, 6045289.624578447081149 ], [ 526555.08678298315499, 6045327.521007398143411 ], [ 526539.063534182496369, 6045366.311131239868701 ], [ 526441.995065214461647, 6045619.960434785112739 ], [ 526422.236027824226767, 6045648.553234873339534 ], [ 526400.709952753502876, 6045683.388903358019888 ], [ 526380.994641509605572, 6045719.280437307432294 ], [ 526363.141751156304963, 6045756.133795536123216 ], [ 526187.991388161783107, 6046142.602138522081077 ], [ 526171.664075261563994, 6046181.299160921014845 ], [ 526157.390180972754024, 6046220.799751182086766 ], [ 526145.209048623917624, 6046260.995033291168511 ], [ 526135.15425323555246, 6046301.774216446094215 ], [ 526127.253508976660669, 6046343.024900431744754 ], [ 526126.843047638656572, 6046346.00811867043376 ], [ 526112.206395860644989, 6046378.453961972147226 ], [ 526090.727281201281585, 6046406.189633292146027 ], [ 526066.725364906946197, 6046440.803862974978983 ], [ 526044.578598918276839, 6046476.63342672586441 ], [ 526024.348379499511793, 6046513.578996210359037 ], [ 526006.090789777808823, 6046551.53814925532788 ], [ 525832.294992366456427, 6046938.647487288340926 ], [ 525816.007676770328544, 6046977.651870481669903 ], [ 525801.803192312945612, 6047017.462059866636992 ], [ 525789.721192112425342, 6047057.966921657323837 ], [ 525779.795404177741148, 6047099.05338282790035 ], [ 525772.053537253988907, 6047140.606746760196984 ], [ 525766.5172034711577, 6047182.511013437993824 ], [ 525763.973216775455512, 6047214.845198702067137 ], [ 525747.271895053330809, 6047266.588415588252246 ], [ 525740.256429298780859, 6047277.715964036993682 ], [ 525719.635698519763537, 6047314.608737955801189 ], [ 525700.992134806001559, 6047352.539053500629961 ], [ 525684.37777383858338, 6047391.401044120080769 ], [ 525669.838987630559132, 6047431.086242883466184 ], [ 525657.416355099994689, 6047471.483885219320655 ], [ 525647.144548810087144, 6047512.481218069791794 ], [ 525639.052238195552491, 6047553.963814591988921 ], [ 525576.036732307984494, 6047929.530557684600353 ], [ 525570.159541075350717, 6047971.268237169831991 ], [ 525566.4887686757138, 6048013.257529800757766 ], [ 525565.034604802029207, 6048055.381877547129989 ], [ 525565.80108606594149, 6048097.524347481317818 ], [ 525567.17095596017316, 6048116.818919881246984 ], [ 525563.940319484448992, 6048135.970349063165486 ], [ 525555.011228416115046, 6048156.616077160462737 ], [ 525540.081943571567535, 6048196.960628619417548 ], [ 525527.342896530404687, 6048238.04935041628778 ], [ 525516.830922373919748, 6048279.763434101827443 ], [ 525508.576416580239311, 6048321.98226298764348 ], [ 525459.327947350451723, 6048615.584076692350209 ], [ 525453.486621048301458, 6048657.025266669690609 ], [ 525449.820482076494955, 6048698.715226429514587 ], [ 525448.33956358791329, 6048740.539862711913884 ], [ 525448.41614549420774, 6048745.063807901926339 ], [ 525414.46523719385732, 6048885.187294072471559 ], [ 525405.823717426275834, 6048925.327609134837985 ], [ 525399.253101061913185, 6048965.85843391995877 ], [ 525394.770696754567325, 6049006.673000055365264 ], [ 525392.388312283321284, 6049047.663791721686721 ], [ 525392.112223447184078, 6049088.722828877158463 ], [ 525393.943157533416525, 6049129.741951704956591 ], [ 525397.8762914018007, 6049170.613105531781912 ], [ 525403.901264189742506, 6049211.228625472635031 ], [ 525412.002204605727457, 6049251.48152004648 ], [ 525416.400146036525257, 6049268.710366744548082 ], [ 525417.924196659470908, 6049349.811732199974358 ], [ 525414.398414736497216, 6049374.318611472845078 ], [ 525410.586507547646761, 6049416.711454939097166 ], [ 525409.034702245029621, 6049459.247036677785218 ], [ 525409.747391610755585, 6049501.804948838427663 ], [ 525412.722558195120655, 6049544.264720356091857 ], [ 525417.951780027593486, 6049586.506157981231809 ], [ 525425.420254457276314, 6049628.409686510451138 ], [ 525435.106840055785142, 6049669.856687283143401 ], [ 525446.984116462990642, 6049710.729833953082561 ], [ 525544.822624130174518, 6050016.788259462453425 ], [ 525558.68483748449944, 6050056.517731211148202 ], [ 525574.61684364406392, 6050095.463373641483486 ], [ 525592.574565920163877, 6050133.517441691830754 ], [ 525608.335507770883851, 6050162.817317294888198 ], [ 525666.946845411206596, 6050386.786512481980026 ], [ 525678.302209891029634, 6050426.053494460880756 ], [ 525691.648438988137059, 6050464.689207798801363 ], [ 525706.950689865625463, 6050502.592786710709333 ], [ 525724.169013124075718, 6050539.665276786312461 ], [ 525743.258457097341307, 6050575.809893328696489 ], [ 525764.169185207574628, 6050610.932274030521512 ], [ 525771.25806133216247, 6050621.563187476247549 ], [ 525799.208174749976024, 6050707.516375900246203 ], [ 525801.99934761878103, 6050742.858525897376239 ], [ 525807.582654402940534, 6050784.946195082738996 ], [ 525815.390925276908092, 6050826.678390304557979 ], [ 525825.402168426429853, 6050867.937573799863458 ], [ 525837.588187416316941, 6050908.607540031895041 ], [ 525956.345998724224046, 6051269.802364690229297 ], [ 525970.457080307882279, 6051309.213834828697145 ], [ 525986.61041703063529, 6051347.833212278783321 ], [ 526004.761779375257902, 6051385.554753166623414 ], [ 526024.861467022914439, 6051422.275171986781061 ], [ 526030.602600685670041, 6051431.573231548070908 ], [ 526031.159249493386596, 6051438.739441815763712 ], [ 526036.562955589732155, 6051480.156604686751962 ], [ 526044.120959482504986, 6051521.235285252332687 ], [ 526053.81265874474775, 6051561.863506789319217 ], [ 526065.611634691362269, 6051601.930520484223962 ], [ 526187.881900814478286, 6051980.383009074255824 ], [ 526201.83805122692138, 6052019.994440069422126 ], [ 526217.853759131859988, 6052058.818874387070537 ], [ 526235.884885248262435, 6052096.749311911873519 ], [ 526255.881735803792253, 6052133.681216380558908 ], [ 526277.789199490798637, 6052169.512803487479687 ], [ 526278.551688467036001, 6052170.624313157051802 ], [ 526291.448373273597099, 6052209.985701244324446 ], [ 526294.854347898974083, 6052251.106627844274044 ], [ 526300.499882383039221, 6052292.653464213944972 ], [ 526308.314418666646816, 6052333.847452786751091 ], [ 526318.276491052703932, 6052374.575438075698912 ], [ 526330.358734792098403, 6052414.72554465290159 ], [ 526464.954978896304965, 6052822.91153759136796 ], [ 526478.922486701398157, 6052861.854300018399954 ], [ 526492.846439451910555, 6052895.149333800189197 ], [ 526497.919002091279253, 6052931.564034203067422 ], [ 526494.288481781026348, 6052959.658385991118848 ], [ 526491.072404866223224, 6053002.755217975005507 ], [ 526471.13487050414551, 6053422.418825239874423 ], [ 526470.243408675538376, 6053464.348725007846951 ], [ 526471.550558827351779, 6053506.267724962905049 ], [ 526475.052728520124219, 6053548.0606191707775 ], [ 526480.740292745525949, 6053589.612548270262778 ], [ 526486.305727704893798, 6053618.792689068242908 ], [ 526481.612282413407229, 6053634.795787833631039 ], [ 526471.96851129794959, 6053675.417515097185969 ], [ 526464.457137005054392, 6053716.487045206129551 ], [ 526459.098617784096859, 6053757.892519710585475 ], [ 526455.907548291259445, 6053799.521165168844163 ], [ 526436.594575309776701, 6054182.323581070639193 ], [ 526435.580678633763455, 6054224.554839358665049 ], [ 526436.797409478691407, 6054266.780740521848202 ], [ 526440.241375243058428, 6054308.883546399883926 ], [ 526445.90297314315103, 6054350.745862058363855 ], [ 526453.766416988451965, 6054392.25096311699599 ], [ 526453.882593912421726, 6054392.725603866390884 ], [ 526450.455598398693837, 6054462.125310809351504 ], [ 526441.890617362805642, 6054492.361254076473415 ], [ 526432.573497336125001, 6054533.355057438835502 ], [ 526425.422685003257357, 6054574.781697691418231 ], [ 526420.457926669158041, 6054616.526779010891914 ], [ 526417.692932053469121, 6054658.475026226602495 ], [ 526417.135336432489567, 6054700.510603143833578 ], [ 526420.015521610388532, 6054921.82099914457649 ], [ 526413.423055771156214, 6054950.112180826254189 ], [ 526406.234356793924235, 6054990.012947821989655 ], [ 526401.076369545422494, 6055030.226673929020762 ], [ 526397.962341579375789, 6055070.650075933896005 ], [ 526376.48224267247133, 6055487.036570485681295 ], [ 526375.420572276809253, 6055529.305083191022277 ], [ 526376.593592830467969, 6055571.570652312599123 ], [ 526379.998027657624334, 6055613.715214640833437 ], [ 526385.624366925214417, 6055655.621044985018671 ], [ 526393.456894207978621, 6055697.171085017733276 ], [ 526394.391521391109563, 6055701.003910859115422 ], [ 526392.460181187721901, 6055740.425144422799349 ], [ 526383.330336588667706, 6055771.53879786003381 ], [ 526373.625952075002715, 6055812.459899924695492 ], [ 526366.085458960500546, 6055853.834440847858787 ], [ 526360.729696242022328, 6055895.548077451065183 ], [ 526357.573465169873089, 6055937.485529429279268 ], [ 526335.674422317650169, 6056385.597182010300457 ], [ 526334.726147924899124, 6056427.562019716016948 ], [ 526335.980292438762262, 6056469.518830241635442 ], [ 526339.433403146918863, 6056511.35210472997278 ], [ 526344.889978756313212, 6056551.575602291151881 ], [ 526322.823312834836543, 6056756.852222887799144 ], [ 526319.443485428462736, 6056798.505791904404759 ], [ 526318.243429728783667, 6056840.279023901559412 ], [ 526319.226420468417928, 6056882.057927362620831 ], [ 526322.389775245450437, 6056923.728495293296874 ], [ 526327.724861842463724, 6056965.177016330882907 ], [ 526334.849374765879475, 6057004.272393288090825 ], [ 526331.797269068774767, 6057077.143584071658552 ], [ 526321.628751841722988, 6057112.720766613259912 ], [ 526312.227930586086586, 6057153.619699995964766 ], [ 526304.984732639044523, 6057194.955329609103501 ], [ 526299.919089223840274, 6057236.613911544904113 ], [ 526297.044939551968127, 6057278.480813218280673 ], [ 526296.370192467002198, 6057320.440828809514642 ], [ 526299.139014361076988, 6057593.165942532010376 ], [ 526291.518778332858346, 6057625.750773814506829 ], [ 526283.986445676302537, 6057668.123115990310907 ], [ 526278.743640967761166, 6057710.839206817559898 ], [ 526275.805536814033985, 6057753.775426500476897 ], [ 526263.141563642770052, 6058059.332228593528271 ], [ 526262.604142377851531, 6058092.224060842767358 ], [ 526238.815164956031367, 6058177.2810292923823 ], [ 526228.743353833328001, 6058217.231445305049419 ], [ 526220.741686160326935, 6058257.647412858903408 ], [ 526220.705092749441974, 6058257.899865565821528 ], [ 526209.498424714431167, 6058273.593672499060631 ], [ 526186.93099949893076, 6058308.985533535480499 ], [ 526166.250950282556005, 6058345.512346603907645 ], [ 526147.515207706135698, 6058383.073556097224355 ], [ 526130.775349878822453, 6058421.565758792683482 ], [ 526116.077460386906751, 6058460.882988514378667 ], [ 526030.849683525972068, 6058708.48831454757601 ], [ 526030.158189085545018, 6058709.461381442844868 ], [ 526007.914417892112397, 6058744.474562092684209 ], [ 525987.515434375964105, 6058780.593665730208158 ], [ 525969.016083377180621, 6058817.721582299098372 ], [ 525952.46610237157438, 6058855.758489440195262 ], [ 525817.38948328292463, 6059189.608270775526762 ], [ 525802.727533132652752, 6059228.758478605188429 ], [ 525790.13077830534894, 6059268.621159438043833 ], [ 525779.633618010208011, 6059309.087456291541457 ], [ 525778.028539225109853, 6059316.943097428418696 ], [ 525713.929246127605438, 6059447.392361235804856 ], [ 525705.982640721136704, 6059464.730024391785264 ], [ 525584.86638391437009, 6059602.598816338926554 ], [ 525561.625496190506965, 6059630.511978480033576 ], [ 525531.957451077527367, 6059653.030014921911061 ], [ 525505.213914128835313, 6059664.801807661540806 ], [ 525467.794134008348919, 6059683.670790429227054 ], [ 525431.413809266174212, 6059704.473444745875895 ], [ 525396.172774247010238, 6059727.152684276923537 ], [ 525362.167736873496324, 6059751.64627299271524 ], [ 525032.341131370980293, 6060002.596105524338782 ], [ 524999.702536289347336, 6060028.80537920538336 ], [ 524968.479529535514303, 6060056.685977567918599 ], [ 524938.75759403873235, 6060086.161568590439856 ], [ 524910.618103067274205, 6060117.151453451253474 ], [ 524894.141441168729216, 6060137.323745449073613 ], [ 524863.886166019947268, 6060160.388045084662735 ], [ 524833.932754704728723, 6060173.648109612055123 ], [ 524796.496574063086882, 6060192.628160461783409 ], [ 524760.10738113662228, 6060213.545535761862993 ], [ 524724.865343430195935, 6060236.342656843364239 ], [ 524690.867470707278699, 6060260.956770714372396 ], [ 524658.207347953459248, 6060287.320122796110809 ], [ 524459.872198535362259, 6060456.198870092630386 ], [ 524426.833354134461842, 6060472.872789707034826 ], [ 524390.910842339857481, 6060493.397900932468474 ], [ 524356.097489929525182, 6060515.752711118198931 ], [ 524322.486406685551628, 6060539.877431377768517 ], [ 524010.602734850428533, 6060776.190103349275887 ], [ 523977.899046912440099, 6060802.344588945619762 ], [ 523946.608745984267443, 6060830.174525872804224 ], [ 523916.817566919489764, 6060859.603660612367094 ], [ 523888.607137005252298, 6060890.551357870921493 ], [ 523866.473795305821113, 6060917.543660364113748 ], [ 523856.606006630929187, 6060925.050063038244843 ], [ 523823.047517170198262, 6060939.852661849930882 ], [ 523785.622356671025045, 6060958.762090013362467 ], [ 523749.239377136866096, 6060979.606463644653559 ], [ 523713.998529952194076, 6061002.328519043512642 ], [ 523679.996628833585419, 6061026.865834140218794 ], [ 523362.273306293063797, 6061269.060783411376178 ], [ 523329.676814106060192, 6061295.283957306295633 ], [ 523298.495738849509507, 6061323.175294632092118 ], [ 523268.815350345568731, 6061352.65852190181613 ], [ 523240.716814539569896, 6061383.653012340888381 ], [ 523221.290462084056344, 6061407.473942630924284 ], [ 523212.864940015075263, 6061413.908454690128565 ], [ 523178.396746782527771, 6061429.091416389681399 ], [ 523140.974820225557778, 6061447.974493253976107 ], [ 523104.593305171583779, 6061468.791710682213306 ], [ 523069.352078610332683, 6061491.485919844359159 ], [ 523035.347887134528719, 6061515.994819068349898 ], [ 522694.21140630391892, 6061775.718627532944083 ], [ 522661.587399304378778, 6061801.932725060731173 ], [ 522630.378921755938791, 6061829.817051679827273 ], [ 522600.671382715459913, 6061859.295295624062419 ], [ 522583.282711574924178, 6061878.456008540466428 ], [ 522404.650957360863686, 6061997.553043888881803 ], [ 522370.007056423288304, 6062022.001311615109444 ], [ 522336.70717700739624, 6062048.250801093876362 ], [ 522304.844866678235121, 6062076.227771041914821 ], [ 522274.509634514863137, 6062105.853627258911729 ], [ 522245.78669965773588, 6062137.045143416151404 ], [ 522220.626143350789789, 6062167.45526837091893 ], [ 522190.668623007310089, 6062189.969528055749834 ], [ 522169.29333804664202, 6062199.434942142106593 ], [ 522131.537083995353896, 6062218.604498642496765 ], [ 522094.8480054467218, 6062239.744936944916844 ], [ 522059.328889526659623, 6062262.797030573710799 ], [ 522025.079245625529438, 6062287.696197408251464 ], [ 521992.19502661540173, 6062314.372680618427694 ], [ 521829.931889500177931, 6062453.283622964285314 ], [ 521793.950156408653129, 6062471.507834570482373 ], [ 521757.78072178963339, 6062492.26295399852097 ], [ 521722.741955041652545, 6062514.874628148972988 ], [ 521688.92906322714407, 6062539.28141675889492 ], [ 521378.474912833538838, 6062775.920766339637339 ], [ 521344.730285131838173, 6062803.11830716393888 ], [ 521312.508083752065431, 6062832.103404436260462 ], [ 521281.902881163463462, 6062862.790986617095768 ], [ 521253.004503928648774, 6062895.090985360555351 ], [ 521227.714124146790709, 6062926.642565372399986 ], [ 521194.257968256541062, 6062953.240911304019392 ], [ 521184.079134592786431, 6062957.707300675101578 ], [ 521147.162979458342306, 6062976.233843734487891 ], [ 521111.252238469664007, 6062996.641048082150519 ], [ 521076.4426381769008, 6063018.874514638446271 ], [ 520800.867454945284408, 6063205.076533836312592 ], [ 520791.340192854462657, 6063204.852880278602242 ], [ 520749.883858379209414, 6063206.029573209583759 ], [ 520708.544212032225914, 6063209.353112630546093 ], [ 520667.432354905991815, 6063214.814566467888653 ], [ 520626.658775904914364, 6063222.399256956763566 ], [ 520586.333054804592393, 6063232.086800098419189 ], [ 520421.588926401280332, 6063276.210227984935045 ], [ 520413.11942164960783, 6063276.160320540890098 ], [ 520371.725905688246712, 6063278.062021797522902 ], [ 520330.486384904885199, 6063282.104490952566266 ], [ 520289.511499755084515, 6063288.276882570236921 ], [ 520248.911180710245389, 6063296.56263689789921 ], [ 520208.794353328004945, 6063306.939524296671152 ], [ 520169.268646018404979, 6063319.379704882390797 ], [ 520130.440101290761959, 6063333.849803211167455 ], [ 520092.412891254585702, 6063350.310997826978564 ], [ 520055.289038139162585, 6063368.719125411473215 ], [ 520019.168140580470208, 6063389.024799270555377 ], [ 519984.14710641070269, 6063411.173541830852628 ], [ 519950.31989266682649, 6063435.105930796824396 ], [ 519917.777253515436314, 6063460.757758575491607 ], [ 519886.606496770691592, 6063488.060204532928765 ], [ 519856.891249658714514, 6063516.940019636414945 ], [ 519828.711234455986414, 6063547.319722967222333 ], [ 519802.142054604541045, 6063579.117809597402811 ], [ 519777.254991877300199, 6063612.248969253152609 ], [ 519740.743330132507253, 6063663.571455623023212 ], [ 519733.835847252397798, 6063669.127848871052265 ], [ 519702.72553198778769, 6063696.94619575701654 ], [ 519673.108262690133415, 6063726.349078245460987 ], [ 519645.064640543016139, 6063757.25647859275341 ], [ 519618.670984166848939, 6063789.584284617565572 ], [ 519593.999121923814528, 6063823.244518615305424 ], [ 519571.11619644187158, 6063858.145576776005328 ], [ 519550.084481891535688, 6063894.192478478886187 ], [ 519530.96121451118961, 6063931.287124777212739 ], [ 519513.798436842858791, 6063969.328565365634859 ], [ 519498.642856102494989, 6064008.213273307308555 ], [ 519485.535717069753446, 6064047.835426778532565 ], [ 519482.065182349761017, 6064060.508457825519145 ] ] ] } }
]
}
