{
"type": "FeatureCollection",
"name": "WBK_GERUEST",
"crs": { "type": "name", "properties": { "name": "urn:ogc:def:crs:EPSG::25832" } },
"features": [
{ "type": "Feature", "properties": { "layer": "WBK_GERUEST" }, "geometry": { "type": "Polygon", "coordinates": [ [ [ 519589.389785337203648, 6065316.581270162016153 ], [ 519583.316441770992242, 6065336.507743715308607 ], [ 519579.479179536283482, 6065339.845021642744541 ], [ 519585.75580980151426, 6065315.990300805307925 ], [ 519586.721796828089282, 6065315.189301156438887 ], [ 519587.561789199186023, 6065314.492801279760897 ], [ 519588.528024088125676, 6065313.691667759791017 ], [ 519589.494263369997498, 6065312.890519858337939 ], [ 519590.460498258878943, 6065312.089355368167162 ], [ 519590.72842773492448, 6065311.867200152017176 ], [ 519589.389785337203648, 6065316.581270162016153 ] ], [ [ 519616.972581733425613, 6065260.486261799931526 ], [ 519616.603227231476922, 6065260.79252995736897 ], [ 519615.637240142386872, 6065261.593529605306685 ], [ 519614.671253115695436, 6065262.394529252313077 ], [ 519614.07381957618054, 6065262.889922347851098 ], [ 519612.265694360772613, 6065249.671642237342894 ], [ 519616.294144376413897, 6065246.660640557296574 ], [ 519616.972581733425613, 6065260.486261799931526 ] ], [ [ 519617.67552935279673, 6065274.71231441013515 ], [ 519612.871867560199462, 6065278.695556156337261 ], [ 519614.073885984194931, 6065262.890404713340104 ], [ 519614.557003428228199, 6065262.48977876920253 ], [ 519615.523242710100021, 6065261.688530188985169 ], [ 519616.489477537514176, 6065260.887279396876693 ], [ 519616.972599436878227, 6065260.486654559150338 ], [ 519617.67552935279673, 6065274.71231441013515 ] ], [ [ 519617.032368616724852, 6065290.055178239941597 ], [ 519616.549193617887795, 6065290.455803077667952 ], [ 519615.582874685525894, 6065291.257052765227854 ], [ 519614.616564602591097, 6065292.058302450925112 ], [ 519613.650272220373154, 6065292.859552135691047 ], [ 519612.683997476415243, 6065293.660802928730845 ], [ 519611.837504213675857, 6065294.362735017202795 ], [ 519612.294634655700065, 6065287.438695497810841 ], [ 519612.817398210521787, 6065283.363380504772067 ], [ 519612.871863169013523, 6065278.696010865271091 ], [ 519617.675507261010353, 6065274.712796775624156 ], [ 519617.032368616724852, 6065290.055178239941597 ] ], [ [ 519611.470088599598967, 6065311.665172472596169 ], [ 519607.721635206020437, 6065315.014169389382005 ], [ 519611.837468816898763, 6065294.363302571699023 ], [ 519612.803433749824762, 6065293.562302922829986 ], [ 519613.769380981102586, 6065292.761303276754916 ], [ 519614.735310514399316, 6065291.960302524268627 ], [ 519615.701231135986745, 6065291.15930287539959 ], [ 519616.667134119197726, 6065290.35830322932452 ], [ 519617.032284513581544, 6065290.055482485331595 ], [ 519611.470088599598967, 6065311.665172472596169 ] ], [ [ 519590.799245694826823, 6065311.617802366614342 ], [ 519590.728502928919625, 6065311.866930201649666 ], [ 519590.585749454679899, 6065311.985301462002099 ], [ 519589.619757970620412, 6065312.786301109008491 ], [ 519588.653770883393008, 6065313.587301862426102 ], [ 519587.687783854780719, 6065314.388301510363817 ], [ 519586.721796828089282, 6065315.189301156438887 ], [ 519586.595541066024452, 6065315.293933687731624 ], [ 519585.755849595007021, 6065315.990140390582383 ], [ 519590.347845960990526, 6065297.373068601824343 ], [ 519594.359499689890072, 6065294.046579788438976 ], [ 519590.799245694826823, 6065311.617802366614342 ] ], [ [ 519594.411602595413569, 6065293.789416664279997 ], [ 519594.359597037313506, 6065294.046109590679407 ], [ 519590.347961069783196, 6065297.372592873871326 ], [ 519591.97154444467742, 6065281.218028713017702 ], [ 519592.454537928802893, 6065280.817527783103287 ], [ 519593.420525017776527, 6065280.016528135165572 ], [ 519594.386512044584379, 6065279.215527381747961 ], [ 519595.352499072207138, 6065278.414527733810246 ], [ 519595.999125033500604, 6065277.878345495089889 ], [ 519595.995498082309496, 6065278.175526021979749 ], [ 519594.411602595413569, 6065293.789416664279997 ] ], [ [ 519595.99913827207638, 6065277.877407306805253 ], [ 519595.231633432675153, 6065278.51377784088254 ], [ 519594.265296799596399, 6065279.315028633922338 ], [ 519593.298973411729094, 6065280.116278317756951 ], [ 519592.332663329783827, 6065280.917528005316854 ], [ 519591.971557682612911, 6065281.216957769356668 ], [ 519592.189436094486155, 6065264.80565230268985 ], [ 519595.809672037372366, 6065262.061413550749421 ], [ 519596.125506710319314, 6065267.531248101964593 ], [ 519595.99913827207638, 6065277.877407306805253 ] ] ] } },
{ "type": "Feature", "properties": { "layer": "WBK_GERUEST" }, "geometry": { "type": "Polygon", "coordinates": [ [ [ 521641.558548601402435, 6063570.363940677605569, 0.0 ], [ 521688.546262671879958, 6063580.895353987812996, 0.0 ], [ 521685.341878452512901, 6063583.977435548789799, 0.0 ], [ 521637.997169707319699, 6063573.003817272372544, 0.0 ], [ 521641.558548601402435, 6063570.363940677605569, 0.0 ] ], [ [ 521653.487051005184185, 6063561.559551230631769, 0.0 ], [ 521658.162924335687421, 6063558.138305086642504, 0.0 ], [ 521703.837130700529087, 6063567.503945862874389, 0.0 ], [ 521698.179741045285482, 6063571.629561121575534, 0.0 ], [ 521653.487051005184185, 6063561.559551230631769, 0.0 ] ] ] } },
{ "type": "Feature", "properties": { "layer": "WBK_GERUEST" }, "geometry": { "type": "LineString", "coordinates": [ [ 521641.558548601402435, 6063570.363940677605569 ], [ 521688.546262671879958, 6063580.895353987812996 ], [ 521685.341878452512901, 6063583.977435548789799 ], [ 521637.997169707319699, 6063573.003817272372544 ], [ 521641.558548601402435, 6063570.363940677605569 ] ] } },
{ "type": "Feature", "properties": { "layer": "WBK_GERUEST" }, "geometry": { "type": "LineString", "coordinates": [ [ 521653.487051005184185, 6063561.559551230631769 ], [ 521658.162924335687421, 6063558.138305086642504 ], [ 521703.837130700529087, 6063567.503945862874389 ], [ 521698.179741045285482, 6063571.629561121575534 ], [ 521653.487051005184185, 6063561.559551230631769 ] ] } },
{ "type": "Feature", "properties": { "layer": "WBK_GERUEST" }, "geometry": { "type": "Polygon", "coordinates": [ [ [ 521884.720914690813515, 6063438.184562519192696, 0.0 ], [ 521873.308153798803687, 6063384.597204673103988, 0.0 ], [ 521868.212747010402381, 6063388.409784152172506, 0.0 ], [ 521879.246648391592316, 6063442.41756980959326, 0.0 ], [ 521884.720914690813515, 6063438.184562519192696, 0.0 ] ] ] } },
{ "type": "Feature", "properties": { "layer": "WBK_GERUEST" }, "geometry": { "type": "LineString", "coordinates": [ [ 521884.720914690813515, 6063438.184562519192696 ], [ 521873.308153798803687, 6063384.597204673103988 ], [ 521868.212747010402381, 6063388.409784152172506 ], [ 521879.246648391592316, 6063442.41756980959326 ], [ 521884.720914690813515, 6063438.184562519192696 ] ] } },
{ "type": "Feature", "properties": { "layer": "WBK_GERUEST" }, "geometry": { "type": "Polygon", "coordinates": [ [ [ 522535.872018214315176, 6062887.292971763759851, 0.0 ], [ 522539.152952636708505, 6062884.882424018345773, 0.0 ], [ 522560.717015826085117, 6062921.460008195601404, 0.0 ], [ 522555.148613212397322, 6062925.798098090104759, 0.0 ], [ 522535.872018214315176, 6062887.292971763759851, 0.0 ] ], [ [ 522538.776927203172818, 6062938.437902369536459, 0.0 ], [ 522519.276197344006505, 6062899.615435968153179, 0.0 ], [ 522515.319743782980368, 6062902.586937259882689, 0.0 ], [ 522536.31774916802533, 6062940.320834337733686, 0.0 ], [ 522538.776927203172818, 6062938.437902369536459, 0.0 ] ] ] } },
{ "type": "Feature", "properties": { "layer": "WBK_GERUEST" }, "geometry": { "type": "LineString", "coordinates": [ [ 522538.776927203172818, 6062938.437902369536459 ], [ 522519.276197344006505, 6062899.615435968153179 ], [ 522515.319743782980368, 6062902.586937259882689 ], [ 522536.31774916802533, 6062940.320834337733686 ], [ 522538.776927203172818, 6062938.437902369536459 ] ] } },
{ "type": "Feature", "properties": { "layer": "WBK_GERUEST" }, "geometry": { "type": "LineString", "coordinates": [ [ 522535.872018214315176, 6062887.292971763759851 ], [ 522539.152952636708505, 6062884.882424018345773 ], [ 522560.717015826085117, 6062921.460008195601404 ], [ 522555.148613212397322, 6062925.798098090104759 ], [ 522535.872018214315176, 6062887.292971763759851 ] ] } },
{ "type": "Feature", "properties": { "layer": "WBK_GERUEST" }, "geometry": { "type": "Polygon", "coordinates": [ [ [ 522815.236339987197425, 6062733.161049822345376, 0.0 ], [ 522816.538972693902906, 6062666.4063077904284, 0.0 ], [ 522808.781976920028683, 6062672.427964083850384, 0.0 ], [ 522810.258948562608566, 6062736.822854368947446, 0.0 ], [ 522815.236339987197425, 6062733.161049822345376, 0.0 ] ] ] } },
{ "type": "Feature", "properties": { "layer": "WBK_GERUEST" }, "geometry": { "type": "LineString", "coordinates": [ [ 522815.236339987197425, 6062733.161049822345376 ], [ 522816.538972693902906, 6062666.4063077904284 ], [ 522808.781976920028683, 6062672.427964083850384 ], [ 522810.258948562608566, 6062736.822854368947446 ], [ 522815.236339987197425, 6062733.161049822345376 ] ] } },
{ "type": "Feature", "properties": { "layer": "WBK_GERUEST" }, "geometry": { "type": "MultiLineString", "coordinates": [ [ [ 524344.358053788775578, 6061513.216760431416333, 0.0 ], [ 524370.184747442486696, 6061542.875342722050846, 0.0 ] ], [ [ 524370.184747442486696, 6061542.875342722050846, 0.0 ], [ 524372.326136505231261, 6061541.445943430997431, 0.0 ] ], [ [ 524372.326136505231261, 6061541.445943430997431, 0.0 ], [ 524346.173494307557121, 6061511.653083534911275, 0.0 ] ], [ [ 524346.173494307557121, 6061511.653083534911275, 0.0 ], [ 524344.691894630668685, 6061512.927501492202282, 0.0 ] ] ] } },
{ "type": "Feature", "properties": { "layer": "WBK_GERUEST" }, "geometry": { "type": "LineString", "coordinates": [ [ 524344.358053788775578, 6061513.216760431416333 ], [ 524370.184747442486696, 6061542.875342722050846 ], [ 524372.326136505231261, 6061541.445943430997431 ], [ 524346.173494307557121, 6061511.653083534911275 ], [ 524344.691894630668685, 6061512.927501492202282 ] ] } },
{ "type": "Feature", "properties": { "layer": "WBK_GERUEST" }, "geometry": { "type": "Polygon", "coordinates": [ [ [ 525119.536370493937284, 6060921.1267452808097, 0.0 ], [ 525136.791034323163331, 6060968.632773611694574, 0.0 ], [ 525132.730583701631986, 6060971.547276513651013, 0.0 ], [ 525115.618918675463647, 6060924.229246755130589, 0.0 ], [ 525119.536370493937284, 6060921.1267452808097, 0.0 ] ] ] } },
{ "type": "Feature", "properties": { "layer": "WBK_GERUEST" }, "geometry": { "type": "LineString", "coordinates": [ [ 525119.536370493937284, 6060921.1267452808097 ], [ 525136.791034323163331, 6060968.632773611694574 ], [ 525132.730583701631986, 6060971.547276513651013 ], [ 525115.618918675463647, 6060924.229246755130589 ], [ 525119.536370493937284, 6060921.1267452808097 ] ] } },
{ "type": "Feature", "properties": { "layer": "WBK_GERUEST" }, "geometry": { "type": "Polygon", "coordinates": [ [ [ 525451.736755196703598, 6060671.098073614761233, 0.0 ], [ 525523.573727593291551, 6060674.079099147580564, 0.0 ], [ 525515.508826556499116, 6060680.116102413274348, 0.0 ], [ 525445.644827844342217, 6060675.980664712376893, 0.0 ], [ 525451.736755196703598, 6060671.098073614761233, 0.0 ] ], [ [ 525467.52855644421652, 6060658.578069424256682, 0.0 ], [ 525473.122940166620538, 6060654.18902762979269, 0.0 ], [ 525543.645975942956284, 6060658.867589442059398, 0.0 ], [ 525539.774051767773926, 6060661.839769504964352, 0.0 ], [ 525467.52855644421652, 6060658.578069424256682, 0.0 ] ] ] } },
{ "type": "Feature", "properties": { "layer": "WBK_GERUEST" }, "geometry": { "type": "LineString", "coordinates": [ [ 525451.736755196703598, 6060671.098073614761233 ], [ 525523.573727593291551, 6060674.079099147580564 ], [ 525515.508826556499116, 6060680.116102413274348 ], [ 525445.644827844342217, 6060675.980664712376893 ], [ 525451.736755196703598, 6060671.098073614761233 ] ] } },
{ "type": "Feature", "properties": { "layer": "WBK_GERUEST" }, "geometry": { "type": "LineString", "coordinates": [ [ 525467.52855644421652, 6060658.578069424256682 ], [ 525473.122940166620538, 6060654.18902762979269 ], [ 525543.645975942956284, 6060658.867589442059398 ], [ 525539.774051767773926, 6060661.839769504964352 ], [ 525467.52855644421652, 6060658.578069424256682 ] ] } },
{ "type": "Feature", "properties": { "layer": "WBK_GERUEST" }, "geometry": { "type": "Polygon", "coordinates": [ [ [ 525663.654169451561756, 6060517.069420277141035, 0.0 ], [ 525657.675976976635866, 6060570.234481549821794, 0.0 ], [ 525650.955630772863515, 6060575.81405025254935, 0.0 ], [ 525656.213571710279211, 6060521.721211357973516, 0.0 ], [ 525663.654169451561756, 6060517.069420277141035, 0.0 ] ] ] } },
{ "type": "Feature", "properties": { "layer": "WBK_GERUEST" }, "geometry": { "type": "LineString", "coordinates": [ [ 525663.654169451561756, 6060517.069420277141035 ], [ 525657.675976976635866, 6060570.234481549821794 ], [ 525650.955630772863515, 6060575.81405025254935 ], [ 525656.213571710279211, 6060521.721211357973516 ], [ 525663.654169451561756, 6060517.069420277141035 ] ] } },
{ "type": "Feature", "properties": { "layer": "WBK_GERUEST" }, "geometry": { "type": "Polygon", "coordinates": [ [ [ 526023.106522391200997, 6060243.489608413539827, 0.0 ], [ 526070.781971198273823, 6060253.701942277140915, 0.0 ], [ 526065.532846604823135, 6060257.2245854716748, 0.0 ], [ 526019.614514062530361, 6060246.538287818431854, 0.0 ], [ 526023.106522391200997, 6060243.489608413539827, 0.0 ] ] ] } },
{ "type": "Feature", "properties": { "layer": "WBK_GERUEST" }, "geometry": { "type": "LineString", "coordinates": [ [ 526023.106522391200997, 6060243.489608413539827 ], [ 526070.781971198273823, 6060253.701942277140915 ], [ 526065.532846604823135, 6060257.2245854716748 ], [ 526019.614514062530361, 6060246.538287818431854 ], [ 526023.106522391200997, 6060243.489608413539827 ] ] } },
{ "type": "Feature", "properties": { "layer": "WBK_GERUEST" }, "geometry": { "type": "Polygon", "coordinates": [ [ [ 526850.346887376857921, 6058734.580108551308513, 0.0 ], [ 526852.224847694742493, 6058729.860163767822087, 0.0 ], [ 526889.455685464665294, 6058769.334361219778657, 0.0 ], [ 526886.57862614444457, 6058776.082090659067035, 0.0 ], [ 526850.346887376857921, 6058734.580108551308513, 0.0 ] ], [ [ 526841.105109582538716, 6058757.9984878487885, 0.0 ], [ 526876.4681005992461, 6058799.616447213105857, 0.0 ], [ 526874.444141798769124, 6058804.273388621397316, 0.0 ], [ 526838.497348439646885, 6058764.708315443247557, 0.0 ], [ 526841.105109582538716, 6058757.9984878487885, 0.0 ] ] ] } },
{ "type": "Feature", "properties": { "layer": "WBK_GERUEST" }, "geometry": { "type": "LineString", "coordinates": [ [ 526850.346887376857921, 6058734.580108551308513 ], [ 526852.224847694742493, 6058729.860163767822087 ], [ 526889.455685464665294, 6058769.334361219778657 ], [ 526886.57862614444457, 6058776.082090659067035 ], [ 526850.346887376857921, 6058734.580108551308513 ] ] } },
{ "type": "Feature", "properties": { "layer": "WBK_GERUEST" }, "geometry": { "type": "LineString", "coordinates": [ [ 526841.105109582538716, 6058757.9984878487885 ], [ 526876.4681005992461, 6058799.616447213105857 ], [ 526874.444141798769124, 6058804.273388621397316 ], [ 526838.497348439646885, 6058764.708315443247557 ], [ 526841.105109582538716, 6058757.9984878487885 ] ] } },
{ "type": "Feature", "properties": { "layer": "WBK_GERUEST" }, "geometry": { "type": "Polygon", "coordinates": [ [ [ 527077.548783328733407, 6057508.781740344129503, 0.0 ], [ 527119.063551001017913, 6057495.543606882914901, 0.0 ], [ 527119.588003788841888, 6057488.451954146847129, 0.0 ], [ 527077.411408881191164, 6057501.501619886606932, 0.0 ], [ 527077.548783328733407, 6057508.781740344129503, 0.0 ] ], [ [ 527078.131992598180659, 6057532.772743377834558, 0.0 ], [ 527078.294975232100114, 6057538.398317254148424, 0.0 ], [ 527115.483771185856313, 6057525.636292326264083, 0.0 ], [ 527116.165983439190313, 6057519.748175707645714, 0.0 ], [ 527078.131992598180659, 6057532.772743377834558, 0.0 ] ] ] } },
{ "type": "Feature", "properties": { "layer": "WBK_GERUEST" }, "geometry": { "type": "LineString", "coordinates": [ [ 527077.548783328733407, 6057508.781740344129503 ], [ 527119.063551001017913, 6057495.543606882914901 ], [ 527119.588003788841888, 6057488.451954146847129 ], [ 527077.411408881191164, 6057501.501619886606932 ], [ 527077.548783328733407, 6057508.781740344129503 ] ] } },
{ "type": "Feature", "properties": { "layer": "WBK_GERUEST" }, "geometry": { "type": "LineString", "coordinates": [ [ 527078.131992598180659, 6057532.772743377834558 ], [ 527078.294975232100114, 6057538.398317254148424 ], [ 527115.483771185856313, 6057525.636292326264083 ], [ 527116.165983439190313, 6057519.748175707645714 ], [ 527078.131992598180659, 6057532.772743377834558 ] ] } },
{ "type": "Feature", "properties": { "layer": "WBK_GERUEST" }, "geometry": { "type": "Polygon", "coordinates": [ [ [ 527113.420314484275877, 6056575.368481499142945, 0.0 ], [ 527173.905788369243965, 6056406.648892300203443, 0.0 ], [ 527174.278723617549986, 6056396.57996791228652, 0.0 ], [ 527113.393188471905887, 6056555.194635915569961, 0.0 ], [ 527113.396283961017616, 6056570.32402035407722, 0.0 ], [ 527113.420314484275877, 6056575.368481499142945, 0.0 ] ] ] } },
{ "type": "Feature", "properties": { "layer": "WBK_GERUEST" }, "geometry": { "type": "LineString", "coordinates": [ [ 527113.420314484275877, 6056575.368481499142945 ], [ 527173.905788369243965, 6056406.648892300203443 ], [ 527174.278723617549986, 6056396.57996791228652 ], [ 527113.393188471905887, 6056555.194635915569961 ], [ 527113.396283961017616, 6056570.32402035407722 ], [ 527113.420314484275877, 6056575.368481499142945 ] ] } },
{ "type": "Feature", "properties": { "layer": "WBK_GERUEST" }, "geometry": { "type": "MultiLineString", "coordinates": [ [ [ 527137.663572180550545, 6056042.748765325173736, 0.0 ], [ 527137.797744238749146, 6056036.896949201822281, 0.0 ] ], [ [ 527137.797744238749146, 6056036.896949201822281, 0.0 ], [ 527186.216450477368198, 6056049.178551464341581, 0.0 ] ], [ [ 527186.216450477368198, 6056049.178551464341581, 0.0 ], [ 527185.857489912887104, 6056054.203514532186091, 0.0 ] ], [ [ 527185.857489912887104, 6056054.203514532186091, 0.0 ], [ 527137.663572180550545, 6056042.748765325173736, 0.0 ] ], [ [ 527138.24745240365155, 6056020.67775515280664, 0.0 ], [ 527187.223349111853167, 6056034.101160133257508, 0.0 ] ], [ [ 527187.223349111853167, 6056034.101160133257508, 0.0 ], [ 527187.547313718940131, 6056029.074697081930935, 0.0 ] ], [ [ 527187.547313718940131, 6056029.074697081930935, 0.0 ], [ 527138.364616585313343, 6056016.758099201135337, 0.0 ] ], [ [ 527138.364616585313343, 6056016.758099201135337, 0.0 ], [ 527138.364638518891297, 6056020.250211850740016, 0.0 ] ] ] } },
{ "type": "Feature", "properties": { "layer": "WBK_GERUEST" }, "geometry": { "type": "LineString", "coordinates": [ [ 527137.663572180550545, 6056042.748765325173736 ], [ 527137.797744238749146, 6056036.896949201822281 ], [ 527186.216450477368198, 6056049.178551464341581 ], [ 527185.857489912887104, 6056054.203514532186091 ], [ 527137.663572180550545, 6056042.748765325173736 ] ] } },
{ "type": "Feature", "properties": { "layer": "WBK_GERUEST" }, "geometry": { "type": "LineString", "coordinates": [ [ 527138.24745240365155, 6056020.67775515280664 ], [ 527187.223349111853167, 6056034.101160133257508 ], [ 527187.547313718940131, 6056029.074697081930935 ], [ 527138.364616585313343, 6056016.758099201135337 ], [ 527138.364638518891297, 6056020.250211850740016 ] ] } },
{ "type": "Feature", "properties": { "layer": "WBK_GERUEST" }, "geometry": { "type": "Polygon", "coordinates": [ [ [ 527142.073512778733857, 6055935.423364381305873, 0.0 ], [ 527192.260047634015791, 6055923.02899122517556, 0.0 ], [ 527192.382584140752442, 6055918.388513157144189, 0.0 ], [ 527142.354766179458238, 6055930.817065933719277, 0.0 ], [ 527142.073512778733857, 6055935.423364381305873, 0.0 ] ] ] } },
{ "type": "Feature", "properties": { "layer": "WBK_GERUEST" }, "geometry": { "type": "LineString", "coordinates": [ [ 527142.073512778733857, 6055935.423364381305873 ], [ 527192.260047634015791, 6055923.02899122517556 ], [ 527192.382584140752442, 6055918.388513157144189 ], [ 527142.354766179458238, 6055930.817065933719277 ], [ 527142.073512778733857, 6055935.423364381305873 ] ] } },
{ "type": "Feature", "properties": { "layer": "WBK_GERUEST" }, "geometry": { "type": "MultiLineString", "coordinates": [ [ [ 527158.69520092010498, 6055497.66594429127872, 0.0 ], [ 527215.392900846432894, 6055489.983666795305908, 0.0 ] ], [ [ 527215.392900846432894, 6055489.983666795305908, 0.0 ], [ 527215.549683799850754, 6055485.081684402190149, 0.0 ] ], [ [ 527215.549683799850754, 6055485.081684402190149, 0.0 ], [ 527158.975163746275939, 6055492.622981445863843, 0.0 ] ], [ [ 527158.975163746275939, 6055492.622981445863843, 0.0 ], [ 527158.678508373443037, 6055497.668205769732594, 0.0 ] ] ] } },
{ "type": "Feature", "properties": { "layer": "WBK_GERUEST" }, "geometry": { "type": "LineString", "coordinates": [ [ 527158.69520092010498, 6055497.66594429127872 ], [ 527215.392900846432894, 6055489.983666795305908 ], [ 527215.549683799850754, 6055485.081684402190149 ], [ 527158.975163746275939, 6055492.622981445863843 ], [ 527158.678508373443037, 6055497.668205769732594 ] ] } },
{ "type": "Feature", "properties": { "layer": "WBK_GERUEST" }, "geometry": { "type": "MultiLineString", "coordinates": [ [ [ 527201.163916121353395, 6054720.169141475111246, 0.0 ], [ 527201.334957703948021, 6054715.268664732575417, 0.0 ] ], [ [ 527201.334957703948021, 6054715.268664732575417, 0.0 ], [ 527246.30602073459886, 6054710.956256832927465, 0.0 ] ], [ [ 527246.30602073459886, 6054710.956256832927465, 0.0 ], [ 527247.552742316620424, 6054711.021651860326529, 0.0 ] ], [ [ 527247.552742316620424, 6054711.021651860326529, 0.0 ], [ 527247.26544053805992, 6054716.498919320292771, 0.0 ] ], [ [ 527247.26544053805992, 6054716.498919320292771, 0.0 ], [ 527201.163916121353395, 6054720.169141475111246, 0.0 ] ], [ [ 527200.823057380039245, 6054730.437052267603576, 0.0 ], [ 527246.718032785342075, 6054726.340499184094369, 0.0 ] ], [ [ 527246.718032785342075, 6054726.340499184094369, 0.0 ], [ 527246.355724913417362, 6054732.505249418318272, 0.0 ] ], [ [ 527246.355724913417362, 6054732.505249418318272, 0.0 ], [ 527200.664089255151339, 6054735.493515118956566, 0.0 ] ], [ [ 527200.664089255151339, 6054735.493515118956566, 0.0 ], [ 527200.823482096544467, 6054730.423581372946501, 0.0 ] ] ] } },
{ "type": "Feature", "properties": { "layer": "WBK_GERUEST" }, "geometry": { "type": "LineString", "coordinates": [ [ 527201.163916121353395, 6054720.169141475111246 ], [ 527201.334957703948021, 6054715.268664732575417 ], [ 527246.30602073459886, 6054710.956256832927465 ], [ 527247.552742316620424, 6054711.021651860326529 ], [ 527247.26544053805992, 6054716.498919320292771 ], [ 527201.163916121353395, 6054720.169141475111246 ] ] } },
{ "type": "Feature", "properties": { "layer": "WBK_GERUEST" }, "geometry": { "type": "LineString", "coordinates": [ [ 527200.823057380039245, 6054730.437052267603576 ], [ 527246.718032785342075, 6054726.340499184094369 ], [ 527246.355724913417362, 6054732.505249418318272 ], [ 527200.664089255151339, 6054735.493515118956566 ], [ 527200.823482096544467, 6054730.423581372946501 ] ] } },
{ "type": "Feature", "properties": { "layer": "WBK_GERUEST" }, "geometry": { "type": "Polygon", "coordinates": [ [ [ 527246.478200573124923, 6053731.043611951172352, 0.0 ], [ 527269.871284793014638, 6053736.309726922772825, 0.0 ], [ 527287.608288650400937, 6053738.555691809393466, 0.0 ], [ 527287.637143643572927, 6053735.259622705169022, 0.0 ], [ 527269.006455131224357, 6053731.756123274564743, 0.0 ], [ 527246.776189023396, 6053727.575723128393292, 0.0 ], [ 527246.478200573124923, 6053731.043611951172352, 0.0 ] ] ] } },
{ "type": "Feature", "properties": { "layer": "WBK_GERUEST" }, "geometry": { "type": "LineString", "coordinates": [ [ 527246.478200573124923, 6053731.043611951172352 ], [ 527269.871284793014638, 6053736.309726922772825 ], [ 527287.608288650400937, 6053738.555691809393466 ], [ 527287.637143643572927, 6053735.259622705169022 ], [ 527269.006455131224357, 6053731.756123274564743 ], [ 527246.776189023396, 6053727.575723128393292 ], [ 527246.478200573124923, 6053731.043611951172352 ] ] } },
{ "type": "Feature", "properties": { "layer": "WBK_GERUEST" }, "geometry": { "type": "Polygon", "coordinates": [ [ [ 527127.524736430379562, 6052320.518968959338963, 0.0 ], [ 527152.193730384926312, 6052242.427414113655686, 0.0 ], [ 527150.642425116966479, 6052237.16035985480994, 0.0 ], [ 527125.257111589773558, 6052314.671813476830721, 0.0 ], [ 527127.524736430379562, 6052320.518968959338963, 0.0 ] ] ] } },
{ "type": "Feature", "properties": { "layer": "WBK_GERUEST" }, "geometry": { "type": "LineString", "coordinates": [ [ 527127.524736430379562, 6052320.518968959338963 ], [ 527152.193730384926312, 6052242.427414113655686 ], [ 527150.642425116966479, 6052237.16035985480994 ], [ 527125.257111589773558, 6052314.671813476830721 ], [ 527127.524736430379562, 6052320.518968959338963 ] ] } },
{ "type": "Feature", "properties": { "layer": "WBK_GERUEST" }, "geometry": { "type": "Polygon", "coordinates": [ [ [ 527038.23303451272659, 6052054.013595678843558, 0.0 ], [ 527037.03235940518789, 6052049.771466441452503, 0.0 ], [ 527095.176144771743566, 6052068.21208996605128, 0.0 ], [ 527096.871161073911935, 6052072.921292901970446, 0.0 ], [ 527038.23303451272659, 6052054.013595678843558, 0.0 ] ] ] } },
{ "type": "Feature", "properties": { "layer": "WBK_GERUEST" }, "geometry": { "type": "LineString", "coordinates": [ [ 527038.23303451272659, 6052054.013595678843558 ], [ 527037.03235940518789, 6052049.771466441452503 ], [ 527095.176144771743566, 6052068.21208996605128 ], [ 527096.871161073911935, 6052072.921292901970446 ], [ 527038.23303451272659, 6052054.013595678843558 ] ] } },
{ "type": "Feature", "properties": { "layer": "WBK_GERUEST" }, "geometry": { "type": "LineString", "coordinates": [ [ 526883.792070356663316, 6051574.806661411188543 ], [ 526910.924174225656316, 6051525.4764005811885 ], [ 526912.862440951052122, 6051530.170492599718273 ], [ 526884.88634970865678, 6051578.976685103029013 ], [ 526883.767053580493666, 6051574.806661566719413 ] ] } },
{ "type": "Feature", "properties": { "layer": "WBK_GERUEST" }, "geometry": { "type": "Polygon", "coordinates": [ [ [ 526385.291863588267006, 6050061.134967485442758, 0.0 ], [ 526400.957873863982968, 6050026.195673768408597, 0.0 ], [ 526411.851355066639371, 6049995.253246277570724, 0.0 ], [ 526413.816380430245772, 6050001.792684189043939, 0.0 ], [ 526403.344431234057993, 6050033.475982567295432, 0.0 ], [ 526386.668894902453758, 6050066.078328711912036, 0.0 ], [ 526385.291863588267006, 6050061.134967485442758, 0.0 ] ] ] } },
{ "type": "Feature", "properties": { "layer": "WBK_GERUEST" }, "geometry": { "type": "LineString", "coordinates": [ [ 526385.291863588267006, 6050061.134967485442758 ], [ 526400.957873863982968, 6050026.195673768408597 ], [ 526411.851355066639371, 6049995.253246277570724 ], [ 526413.816380430245772, 6050001.792684189043939 ], [ 526403.344431234057993, 6050033.475982567295432 ], [ 526386.668894902453758, 6050066.078328711912036 ], [ 526385.291863588267006, 6050061.134967485442758 ] ] } },
{ "type": "Feature", "properties": { "layer": "WBK_GERUEST" }, "geometry": { "type": "Polygon", "coordinates": [ [ [ 526376.519778686459176, 6050028.824552739970386, 0.0 ], [ 526399.021153825102374, 6049966.189485472626984, 0.0 ], [ 526397.22221445874311, 6049961.931997241452336, 0.0 ], [ 526374.216798993758857, 6050020.097793265245855, 0.0 ], [ 526376.519778686459176, 6050028.824552739970386, 0.0 ] ] ] } },
{ "type": "Feature", "properties": { "layer": "WBK_GERUEST" }, "geometry": { "type": "LineString", "coordinates": [ [ 526376.519778686459176, 6050028.824552739970386 ], [ 526399.021153825102374, 6049966.189485472626984 ], [ 526397.22221445874311, 6049961.931997241452336 ], [ 526374.216798993758857, 6050020.097793265245855 ], [ 526376.519778686459176, 6050028.824552739970386 ] ] } },
{ "type": "Feature", "properties": { "layer": "WBK_GERUEST" }, "geometry": { "type": "MultiLineString", "coordinates": [ [ [ 526209.318029711488634, 6048901.18075673468411, 0.0 ], [ 526208.186582576832734, 6048908.219344723038375, 0.0 ] ], [ [ 526208.186589902965352, 6048908.219345102086663, 0.0 ], [ 526245.928933838149533, 6048929.359946257434785, 0.0 ] ], [ [ 526245.928927565342747, 6048929.359946022741497, 0.0 ], [ 526246.644426985294558, 6048922.76032505184412, 0.0 ] ], [ [ 526246.644432031549513, 6048922.760324766859412, 0.0 ], [ 526209.318035811185837, 6048901.180756594054401, 0.0 ] ] ] } },
{ "type": "Feature", "properties": { "layer": "WBK_GERUEST" }, "geometry": { "type": "LineString", "coordinates": [ [ 526209.318029711488634, 6048901.18075673468411 ], [ 526208.186589902965352, 6048908.219345102086663 ], [ 526245.928927565342747, 6048929.359946022741497 ], [ 526246.644432031549513, 6048922.760324766859412 ], [ 526209.318029711488634, 6048901.18075673468411 ] ] } },
{ "type": "Feature", "properties": { "layer": "WBK_GERUEST" }, "geometry": { "type": "Polygon", "coordinates": [ [ [ 526363.645641247741878, 6047989.420065429992974, 0.0 ], [ 526388.892264891648665, 6048102.285776005126536, 0.0 ], [ 526387.201713434420526, 6048111.307319182902575, 0.0 ], [ 526361.332718122866936, 6048001.385322741232812, 0.0 ], [ 526363.645641247741878, 6047989.420065429992974, 0.0 ] ], [ [ 526398.750279849860817, 6048039.799716689623892, 0.0 ], [ 526373.337867840658873, 6047939.642345574684441, 0.0 ], [ 526374.961541257216595, 6047931.898012734949589, 0.0 ], [ 526401.633677048142999, 6048026.877297385595739, 0.0 ], [ 526398.750279849860817, 6048039.799716689623892, 0.0 ] ] ] } },
{ "type": "Feature", "properties": { "layer": "WBK_GERUEST" }, "geometry": { "type": "LineString", "coordinates": [ [ 526363.645641247741878, 6047989.420065429992974 ], [ 526388.892268322058953, 6048102.285775748081505 ], [ 526387.201710541616194, 6048111.307319010607898 ], [ 526361.332719390047714, 6048001.385323030874133 ], [ 526363.645641247741878, 6047989.420065429992974 ] ] } },
{ "type": "Feature", "properties": { "layer": "WBK_GERUEST" }, "geometry": { "type": "LineString", "coordinates": [ [ 526398.750279849860817, 6048039.799716689623892 ], [ 526373.337868932751007, 6047939.642345570027828 ], [ 526374.96154059341643, 6047931.898012649267912 ], [ 526401.633672896772623, 6048026.877297615632415 ], [ 526398.750279848929495, 6048039.799717796966434 ] ] } },
{ "type": "Feature", "properties": { "layer": "WBK_GERUEST" }, "geometry": { "type": "Polygon", "coordinates": [ [ [ 526501.020749074523337, 6047366.048675085417926, 0.0 ], [ 526502.964828519616276, 6047361.222478463314474, 0.0 ], [ 526557.862339364713989, 6047364.505309208296239, 0.0 ], [ 526555.220928914030083, 6047370.034680523909628, 0.0 ], [ 526501.020749074523337, 6047366.048675085417926, 0.0 ] ] ] } },
{ "type": "Feature", "properties": { "layer": "WBK_GERUEST" }, "geometry": { "type": "LineString", "coordinates": [ [ 526501.020749074523337, 6047366.048675085417926 ], [ 526502.964828519616276, 6047361.222478463314474 ], [ 526557.862339364713989, 6047364.505309208296239 ], [ 526555.220928914030083, 6047370.034680523909628 ], [ 526501.020749074523337, 6047366.048675085417926 ] ] } },
{ "type": "Feature", "properties": { "layer": "WBK_GERUEST" }, "geometry": { "type": "Polygon", "coordinates": [ [ [ 526836.06428941024933, 6046620.167917533777654, 0.0 ], [ 526837.690504394471645, 6046615.919003711082041, 0.0 ], [ 526881.698640557820909, 6046632.762529699131846, 0.0 ], [ 526879.462607066147029, 6046637.092225147411227, 0.0 ], [ 526836.06428941024933, 6046620.167917533777654, 0.0 ] ] ] } },
{ "type": "Feature", "properties": { "layer": "WBK_GERUEST" }, "geometry": { "type": "LineString", "coordinates": [ [ 526836.06428941024933, 6046620.167917533777654 ], [ 526837.690505465725437, 6046615.919004110619426 ], [ 526881.698638857342303, 6046632.762529699131846 ], [ 526879.462608881876804, 6046637.092224719934165 ], [ 526836.06428941024933, 6046620.167917533777654 ] ] } },
{ "type": "Feature", "properties": { "layer": "WBK_GERUEST" }, "geometry": { "type": "Polygon", "coordinates": [ [ [ 527237.640207955264486, 6045724.095748184248805, 0.0 ], [ 527294.603906037285924, 6045720.117033493705094, 0.0 ], [ 527295.466513919178396, 6045718.287064677104354, 0.0 ], [ 527238.661076627206057, 6045721.552927521057427, 0.0 ], [ 527237.640207955264486, 6045724.095748184248805, 0.0 ] ], [ [ 527248.669068965711631, 6045697.805373962968588, 0.0 ], [ 527305.364272290607914, 6045697.055529209785163, 0.0 ], [ 527306.410500190686435, 6045694.79204018227756, 0.0 ], [ 527249.941031395457685, 6045694.792394852265716, 0.0 ], [ 527248.669068965711631, 6045697.805373962968588, 0.0 ] ] ] } },
{ "type": "Feature", "properties": { "layer": "WBK_GERUEST" }, "geometry": { "type": "LineString", "coordinates": [ [ 527237.640207955264486, 6045724.095748184248805 ], [ 527294.603906037285924, 6045720.117033493705094 ], [ 527295.466513919178396, 6045718.287064677104354 ], [ 527238.661076627206057, 6045721.552927521057427 ], [ 527237.640207955264486, 6045724.095748184248805 ] ] } },
{ "type": "Feature", "properties": { "layer": "WBK_GERUEST" }, "geometry": { "type": "LineString", "coordinates": [ [ 527248.669068965711631, 6045697.805373962968588 ], [ 527305.364272290607914, 6045697.055529209785163 ], [ 527306.410500190686435, 6045694.79204018227756 ], [ 527249.941031395457685, 6045694.792394852265716 ], [ 527248.669068965711631, 6045697.805373962968588 ] ] } },
{ "type": "Feature", "properties": { "layer": "WBK_GERUEST" }, "geometry": { "type": "Polygon", "coordinates": [ [ [ 527491.191382506396621, 6045170.43453876953572, 0.0 ], [ 527522.840435080230236, 6045174.754681180231273, 0.0 ], [ 527522.784562730230391, 6045177.295270913280547, 0.0 ], [ 527489.918819976155646, 6045173.018881143070757, 0.0 ], [ 527491.191382506396621, 6045170.43453876953572, 0.0 ] ] ] } },
{ "type": "Feature", "properties": { "layer": "WBK_GERUEST" }, "geometry": { "type": "LineString", "coordinates": [ [ 527491.191382506396621, 6045170.43453876953572 ], [ 527522.840435080230236, 6045174.754681180231273 ], [ 527522.784562730230391, 6045177.295270913280547 ], [ 527489.918819976155646, 6045173.018881143070757 ], [ 527491.191382506396621, 6045170.43453876953572 ] ] } },
{ "type": "Feature", "properties": { "layer": "WBK_GERUEST" }, "geometry": { "type": "Polygon", "coordinates": [ [ [ 527610.585577021585777, 6044147.498830161057413, 0.0 ], [ 527632.080587018048391, 6044160.217817990109324, 0.0 ], [ 527651.892273171455599, 6044169.031547021120787, 0.0 ], [ 527653.036471008090302, 6044164.753819585777819, 0.0 ], [ 527610.840919733047485, 6044142.193010290153325, 0.0 ], [ 527610.585577021585777, 6044147.498830161057413, 0.0 ] ] ] } },
{ "type": "Feature", "properties": { "layer": "WBK_GERUEST" }, "geometry": { "type": "LineString", "coordinates": [ [ 527610.585577021585777, 6044147.498830161057413 ], [ 527632.080587018048391, 6044160.217817990109324 ], [ 527651.892273171455599, 6044169.031547021120787 ], [ 527653.036471008090302, 6044164.753819585777819 ], [ 527610.840919733047485, 6044142.193010290153325 ], [ 527610.585577021585777, 6044147.498830161057413 ] ] } },
{ "type": "Feature", "properties": { "layer": "WBK_GERUEST" }, "geometry": { "type": "Polygon", "coordinates": [ [ [ 527702.308533288771287, 6043208.767663907259703, 0.0 ], [ 527702.679322613519616, 6043204.392610386945307, 0.0 ], [ 527753.331585115636699, 6043201.775575077161193, 0.0 ], [ 527752.771789790946059, 6043206.539419205859303, 0.0 ], [ 527702.308533288771287, 6043208.767663907259703, 0.0 ] ] ] } },
{ "type": "Feature", "properties": { "layer": "WBK_GERUEST" }, "geometry": { "type": "LineString", "coordinates": [ [ 527702.308533288771287, 6043208.767663907259703 ], [ 527702.679322613519616, 6043204.392610386945307 ], [ 527753.331585115636699, 6043201.775575077161193 ], [ 527752.771789790946059, 6043206.539419205859303 ], [ 527702.308533288771287, 6043208.767663907259703 ] ] } },
{ "type": "Feature", "properties": { "layer": "WBK_GERUEST" }, "geometry": { "type": "Polygon", "coordinates": [ [ [ 527745.952497688005678, 6042752.957641367800534, 0.0 ], [ 527745.436815920984372, 6042759.00309338606894, 0.0 ], [ 527802.263878812431358, 6042750.829222947359085, 0.0 ], [ 527802.939030853915028, 6042744.905460326932371, 0.0 ], [ 527745.952497688005678, 6042752.957641367800534, 0.0 ] ] ] } },
{ "type": "Feature", "properties": { "layer": "WBK_GERUEST" }, "geometry": { "type": "LineString", "coordinates": [ [ 527745.952497688005678, 6042752.957641367800534 ], [ 527745.436813835171051, 6042759.003092866390944 ], [ 527802.263882609899156, 6042750.829223301261663 ], [ 527802.939027309417725, 6042744.905460202135146 ], [ 527745.952497688005678, 6042752.957641367800534 ] ] } },
{ "type": "Feature", "properties": { "layer": "WBK_GERUEST" }, "geometry": { "type": "Polygon", "coordinates": [ [ [ 527826.341102105216123, 6042036.831593683920801, 0.0 ], [ 527868.282483581220731, 6042034.429217996075749, 0.0 ], [ 527869.282165579497814, 6042028.697561305016279, 0.0 ], [ 527826.483998116571456, 6042029.807323236949742, 0.0 ], [ 527826.341102105216123, 6042036.831593683920801, 0.0 ] ] ] } },
{ "type": "Feature", "properties": { "layer": "WBK_GERUEST" }, "geometry": { "type": "LineString", "coordinates": [ [ 527826.341102105216123, 6042036.831593683920801 ], [ 527868.282483581220731, 6042034.429217996075749 ], [ 527869.282165579497814, 6042028.697561305016279 ], [ 527826.483998116571456, 6042029.807323236949742 ], [ 527826.341102105216123, 6042036.831593683920801 ] ] } },
{ "type": "Feature", "properties": { "layer": "WBK_GERUEST" }, "geometry": { "type": "Polygon", "coordinates": [ [ [ 528067.563378332415596, 6041060.8007254851982, 0.0 ], [ 528066.49344459711574, 6041068.852229076437652, 0.0 ], [ 528124.966160419164225, 6041078.846228192560375, 0.0 ], [ 528126.573067643446848, 6041070.94027566537261, 0.0 ], [ 528067.563378332415596, 6041060.8007254851982, 0.0 ] ], [ [ 528070.495492652640678, 6041039.758689195849001, 0.0 ], [ 528071.581361299147829, 6041032.256917548365891, 0.0 ], [ 528130.829972908948548, 6041043.085462007671595, 0.0 ], [ 528129.870464115752839, 6041050.146638707257807, 0.0 ], [ 528070.495492652640678, 6041039.758689195849001, 0.0 ] ] ] } },
{ "type": "Feature", "properties": { "layer": "WBK_GERUEST" }, "geometry": { "type": "LineString", "coordinates": [ [ 528067.563378332415596, 6041060.8007254851982 ], [ 528066.49344459711574, 6041068.852229076437652 ], [ 528124.966160419164225, 6041078.846228192560375 ], [ 528126.573067643446848, 6041070.94027566537261 ], [ 528067.563378332415596, 6041060.8007254851982 ] ] } },
{ "type": "Feature", "properties": { "layer": "WBK_GERUEST" }, "geometry": { "type": "LineString", "coordinates": [ [ 528070.495492652640678, 6041039.758689195849001 ], [ 528071.581361299147829, 6041032.256917548365891 ], [ 528130.829972908948548, 6041043.085462007671595 ], [ 528129.870464115752839, 6041050.146638707257807 ], [ 528070.495492652640678, 6041039.758689195849001 ] ] } },
{ "type": "Feature", "properties": { "layer": "WBK_GERUEST" }, "geometry": { "type": "Polygon", "coordinates": [ [ [ 527744.082250053877942, 6039765.1470309458673, 0.0 ], [ 527743.487881293985993, 6039760.392305951565504, 0.0 ], [ 527793.069536760332994, 6039765.734859963878989, 0.0 ], [ 527793.244565518340096, 6039770.682320019230247, 0.0 ], [ 527744.082250053877942, 6039765.1470309458673, 0.0 ] ] ] } },
{ "type": "Feature", "properties": { "layer": "WBK_GERUEST" }, "geometry": { "type": "LineString", "coordinates": [ [ 527744.082250053877942, 6039765.1470309458673 ], [ 527743.487881293985993, 6039760.392305951565504 ], [ 527793.069536760332994, 6039765.734859963878989 ], [ 527793.244565518340096, 6039770.682320019230247 ], [ 527744.082250053877942, 6039765.1470309458673 ] ] } },
{ "type": "Feature", "properties": { "layer": "WBK_GERUEST" }, "geometry": { "type": "Polygon", "coordinates": [ [ [ 527669.959644049406052, 6038714.640669425018132, 0.0 ], [ 527723.722792262327857, 6038745.059232326224446, 0.0 ], [ 527723.417894093086943, 6038741.222275207750499, 0.0 ], [ 527669.798738359007984, 6038711.35594931896776, 0.0 ], [ 527669.959644049406052, 6038714.640669425018132, 0.0 ] ] ] } },
{ "type": "Feature", "properties": { "layer": "WBK_GERUEST" }, "geometry": { "type": "LineString", "coordinates": [ [ 527669.959644049406052, 6038714.640669425018132 ], [ 527723.722792262327857, 6038745.059232326224446 ], [ 527723.417894093086943, 6038741.222275207750499 ], [ 527669.798738359007984, 6038711.35594931896776 ], [ 527669.959644049406052, 6038714.640669425018132 ] ] } },
{ "type": "Feature", "properties": { "layer": "WBK_GERUEST" }, "geometry": { "type": "Polygon", "coordinates": [ [ [ 527626.085893235984258, 6038027.207713202573359, 0.0 ], [ 527666.828941424493678, 6037931.91552905831486, 0.0 ], [ 527666.616375005687587, 6037927.427396068349481, 0.0 ], [ 527625.521368105546571, 6038022.266254212707281, 0.0 ], [ 527626.085893235984258, 6038027.207713202573359, 0.0 ] ] ] } },
{ "type": "Feature", "properties": { "layer": "WBK_GERUEST" }, "geometry": { "type": "LineString", "coordinates": [ [ 527626.085893235984258, 6038027.207713202573359 ], [ 527666.828941424493678, 6037931.91552905831486 ], [ 527666.616375005687587, 6037927.427396068349481 ], [ 527625.521368105546571, 6038022.266254212707281 ], [ 527626.085893235984258, 6038027.207713202573359 ] ] } },
{ "type": "Feature", "properties": { "layer": "WBK_GERUEST" }, "geometry": { "type": "Polygon", "coordinates": [ [ [ 527590.098344842088409, 6037311.693040687590837, 0.0 ], [ 527626.223369034589268, 6037307.279222976416349, 0.0 ], [ 527626.269922289182432, 6037304.872712687589228, 0.0 ], [ 527590.151842884719372, 6037308.793632510118186, 0.0 ], [ 527590.098344842088409, 6037311.693040687590837, 0.0 ] ] ] } },
{ "type": "Feature", "properties": { "layer": "WBK_GERUEST" }, "geometry": { "type": "LineString", "coordinates": [ [ 527590.098344842088409, 6037311.693040687590837 ], [ 527626.223369034589268, 6037307.279222976416349 ], [ 527626.269922289182432, 6037304.872712687589228 ], [ 527590.151842884719372, 6037308.793632510118186 ], [ 527590.098344842088409, 6037311.693040687590837 ] ] } },
{ "type": "Feature", "properties": { "layer": "WBK_GERUEST" }, "geometry": { "type": "Polygon", "coordinates": [ [ [ 527530.297863152460195, 6035753.315522870048881, 0.0 ], [ 527530.324738810537383, 6035749.82826581876725, 0.0 ], [ 527575.685206724912859, 6035753.498433507047594, 0.0 ], [ 527575.97356162534561, 6035757.160534676164389, 0.0 ], [ 527530.297863152460195, 6035753.315522870048881, 0.0 ] ], [ [ 527530.231172579806298, 6035766.00971679482609, 0.0 ], [ 527530.225513587007299, 6035768.296881759539247, 0.0 ], [ 527577.122812036192045, 6035772.415649445727468, 0.0 ], [ 527576.929507727967575, 6035769.781917855143547, 0.0 ], [ 527530.231172579806298, 6035766.00971679482609, 0.0 ] ] ] } },
{ "type": "Feature", "properties": { "layer": "WBK_GERUEST" }, "geometry": { "type": "LineString", "coordinates": [ [ 527530.231172579806298, 6035766.00971679482609 ], [ 527530.225513587007299, 6035768.296881759539247 ], [ 527577.122812036192045, 6035772.415649445727468 ], [ 527576.929507727967575, 6035769.781917855143547 ], [ 527530.231172579806298, 6035766.00971679482609 ] ] } },
{ "type": "Feature", "properties": { "layer": "WBK_GERUEST" }, "geometry": { "type": "LineString", "coordinates": [ [ 527530.297863152460195, 6035753.315522870048881 ], [ 527530.324738810537383, 6035749.82826581876725 ], [ 527575.685206724912859, 6035753.498433507047594 ], [ 527575.97356162534561, 6035757.160534676164389 ], [ 527530.297863152460195, 6035753.315522870048881 ] ] } },
{ "type": "Feature", "properties": { "layer": "WBK_GERUEST" }, "geometry": { "type": "Polygon", "coordinates": [ [ [ 527483.76042850187514, 6034435.807093768380582, 0.0 ], [ 527483.055355331394821, 6034432.646559090353549, 0.0 ], [ 527529.273992257891223, 6034421.775915060192347, 0.0 ], [ 527529.495566440164112, 6034424.479237959720194, 0.0 ], [ 527506.865025716950186, 6034431.178023834712803, 0.0 ], [ 527483.76042850187514, 6034435.807093768380582, 0.0 ] ] ] } },
{ "type": "Feature", "properties": { "layer": "WBK_GERUEST" }, "geometry": { "type": "LineString", "coordinates": [ [ 527483.76042850187514, 6034435.807093768380582 ], [ 527483.055355331394821, 6034432.646559090353549 ], [ 527529.273992257891223, 6034421.775915060192347 ], [ 527529.495566440164112, 6034424.479237959720194 ], [ 527506.865025716950186, 6034431.178023834712803 ], [ 527483.76042850187514, 6034435.807093768380582 ] ] } },
{ "type": "Feature", "properties": { "layer": "WBK_GERUEST" }, "geometry": { "type": "Polygon", "coordinates": [ [ [ 527477.602719592978247, 6033142.421958212740719, 0.0 ], [ 527477.876870927750133, 6033145.68550321739167, 0.0 ], [ 527442.526277748518623, 6033155.870015024207532, 0.0 ], [ 527442.556677631684579, 6033151.939177764579654, 0.0 ], [ 527477.602719592978247, 6033142.421958212740719, 0.0 ] ], [ [ 527442.815004040021449, 6033134.109882690943778, 0.0 ], [ 527442.852926178602502, 6033130.738403753377497, 0.0 ], [ 527475.295170205063187, 6033121.990414301864803, 0.0 ], [ 527476.140094369882718, 6033125.123835944570601, 0.0 ], [ 527442.815004040021449, 6033134.109882690943778, 0.0 ] ] ] } },
{ "type": "Feature", "properties": { "layer": "WBK_GERUEST" }, "geometry": { "type": "LineString", "coordinates": [ [ 527442.815004040021449, 6033134.109882690943778 ], [ 527442.852926178602502, 6033130.738403753377497 ], [ 527475.295170205063187, 6033121.990414301864803 ], [ 527476.140094369882718, 6033125.123835944570601 ], [ 527442.815004040021449, 6033134.109882690943778 ] ] } },
{ "type": "Feature", "properties": { "layer": "WBK_GERUEST" }, "geometry": { "type": "LineString", "coordinates": [ [ 527477.602719592978247, 6033142.421958212740719 ], [ 527477.876870927750133, 6033145.68550321739167 ], [ 527442.526277748518623, 6033155.870015024207532 ], [ 527442.556677631684579, 6033151.939177764579654 ], [ 527477.602719592978247, 6033142.421958212740719 ] ] } },
{ "type": "Feature", "properties": { "layer": "WBK_GERUEST" }, "geometry": { "type": "LineString", "coordinates": [ [ 532268.7236436085077, 6037466.246954994276166 ], [ 532280.141692029428668, 6037487.994516496546566 ], [ 532275.248560655745678, 6037508.654989083297551 ], [ 532246.975549656781368, 6037457.004362409003079 ], [ 532230.664480873849243, 6037458.092056722380221 ], [ 532211.090981574496254, 6037433.626066292636096 ], [ 532189.886236320249736, 6037401.004549405537546 ], [ 532151.282565651461482, 6037342.285942104645073 ], [ 532168.137260830961168, 6037330.32442665938288 ], [ 532136.601884899078868, 6037279.761011850088835 ], [ 532128.446466149529442, 6037283.567034412175417 ], [ 532120.834432264557108, 6037268.343598463572562 ], [ 532115.397330237552524, 6037261.275686671957374 ], [ 532095.824007468298078, 6037265.625476752407849 ], [ 532057.764440685044974, 6037224.848727052100003 ], [ 532071.356718671391718, 6037206.363083751872182 ], [ 532046.871443271054886, 6037179.919639251194894 ], [ 532009.323790566297248, 6037142.373463900759816 ], [ 531990.549803101224825, 6037121.193342375569046 ], [ 531984.291856089490466, 6037121.67467837408185 ], [ 531978.515392872039229, 6037120.230525877326727 ], [ 531970.813229267834686, 6037117.34229626879096 ], [ 531963.592465570778586, 6037113.972567802295089 ], [ 531952.520598939852789, 6037105.789299223572016 ], [ 531924.600340416887775, 6037078.110386759974062 ], [ 531918.583039081306197, 6037070.408483798615634 ], [ 531916.176029849215411, 6037066.31682984996587 ], [ 531913.528419365058653, 6037061.262485585175455 ], [ 531916.416556948446669, 6037054.764016230590641 ], [ 531919.786203963449225, 6037050.431728552095592 ], [ 531873.572944755316712, 6037000.850598258897662 ], [ 531861.538467629230581, 6037006.145434168167412 ], [ 531852.873632844886743, 6037005.664092325605452 ], [ 531817.732137919054367, 6036979.66981119196862 ], [ 531767.185657689697109, 6036936.82755653001368 ], [ 531679.091202084207907, 6036868.472733033820987 ], [ 531603.031556456466205, 6036800.599830959923565 ], [ 531475.945622013532557, 6036687.960590185597539 ], [ 531422.512141500250436, 6036641.750080055557191 ], [ 531257.880526904249564, 6036502.638178510591388 ], [ 531140.425129852956161, 6036407.812441766262054 ], [ 531035.967636174056679, 6036313.468420132994652 ], [ 530981.572700528311543, 6036273.035671279765666 ], [ 530905.034147112048231, 6036219.124765039421618 ], [ 530930.065353733254597, 6036187.355050218291581 ], [ 530909.366206738515757, 6036170.507908722385764 ], [ 530930.546619185362943, 6036166.17540960945189 ], [ 530956.540708459448069, 6036164.249760881066322 ], [ 530979.646646482753567, 6036166.656298336572945 ], [ 530999.382937491405755, 6036173.395121258683503 ], [ 531017.674876079428941, 6036185.428514425642788 ], [ 531069.662607327802107, 6036237.894986701197922 ], [ 531109.616267788223922, 6036280.734807546250522 ], [ 531095.656886014156044, 6036298.545159491710365 ], [ 531119.244048589956947, 6036321.168438314460218 ], [ 531145.719370054663159, 6036341.384917953051627 ], [ 531159.678958399686962, 6036324.05576201621443 ], [ 531234.772952763014473, 6036382.780140959657729 ], [ 531353.672623025719076, 6036475.199486987665296 ], [ 531383.999319746857509, 6036496.379033668898046 ], [ 531406.62404113903176, 6036510.819582275114954 ], [ 531404.218426626757719, 6036569.545847501605749 ], [ 531475.462871062685736, 6036631.159727887250483 ], [ 531537.561324387788773, 6036683.628036256879568 ], [ 531656.945033167838119, 6036782.789228071458638 ], [ 531720.488484537811019, 6036836.221219337545335 ], [ 531736.374435317353345, 6036848.255427506752312 ], [ 531769.108961884863675, 6036876.656305666081607 ], [ 531803.769160137861036, 6036902.650388458743691 ], [ 531843.724997242679819, 6036941.160242886282504 ], [ 531883.681168506853282, 6036984.965356575325131 ], [ 531883.200122391455807, 6036993.148696616292 ], [ 531985.254512597573921, 6037100.013138410635293 ], [ 531988.662908279453404, 6037103.425990805029869 ], [ 532057.461322038550861, 6037173.180425612255931 ], [ 532075.753222531755455, 6037148.149101462215185 ], [ 532101.803665617946535, 6037171.022262231446803 ], [ 532128.445406059385277, 6037194.400916217826307 ], [ 532146.931591379805468, 6037213.973651196807623 ], [ 532170.854688900290057, 6037242.789280353114009 ], [ 532192.059521260089241, 6037273.779709814116359 ], [ 532207.827160029788502, 6037299.333214230835438 ], [ 532180.642212632345036, 6037306.401531171053648 ], [ 532213.80857529072091, 6037356.965036414563656 ], [ 532228.488875898648985, 6037390.673785651102662 ], [ 532252.185854191775434, 6037431.561124254949391 ], [ 532256.21826565254014, 6037438.518745321780443 ], [ 532254.587096784263849, 6037441.237135040573776 ], [ 532268.7236436085077, 6037466.246954994276166 ] ] } },
{ "type": "Feature", "properties": { "layer": "WBK_GERUEST" }, "geometry": { "type": "LineString", "coordinates": [ [ 528919.423796105897054, 6034540.112385045737028 ], [ 528927.892943285405636, 6034541.805719936266541 ], [ 528931.280738621717319, 6034545.192971571348608 ], [ 528930.433884325204417, 6034551.12103280518204 ], [ 528929.587112348410301, 6034555.355505703017116 ], [ 528926.19937991455663, 6034561.283780928701162 ], [ 528921.964924982166849, 6034563.824687883257866 ], [ 528867.762429465772584, 6034593.468102509155869 ], [ 528851.671009134035558, 6034602.784731689840555 ], [ 528838.967238917364739, 6034607.866572190076113 ], [ 528815.253540735691786, 6034611.255495360121131 ], [ 528777.988976394641213, 6034618.879470178857446 ], [ 528753.428489415557124, 6034623.115293514914811 ], [ 528740.72456952126231, 6034620.575392408296466 ], [ 528735.642878683051094, 6034615.494462399743497 ], [ 528729.714378632837906, 6034608.719852022826672 ], [ 528722.93886842741631, 6034598.557772684842348 ], [ 528718.70413455448579, 6034588.395576720125973 ], [ 528750.887076277867891, 6034585.853094702586532 ], [ 528793.233115481794812, 6034579.922573398798704 ], [ 528825.416016502538696, 6034572.298829638399184 ], [ 528845.741913044708781, 6034563.828966925852001 ], [ 528859.292564151692204, 6034557.053234061226249 ], [ 528882.159226446645334, 6034546.889567915350199 ], [ 528896.556876146467403, 6034540.960622786544263 ], [ 528913.495182748883963, 6034530.797194132581353 ], [ 528919.423618971952237, 6034527.409382804296911 ], [ 528919.423796105897054, 6034540.112385045737028 ] ] } },
{ "type": "Feature", "properties": { "layer": "WBK_GERUEST" }, "geometry": { "type": "LineString", "coordinates": [ [ 528423.916677596978843, 6034650.067055755294859 ], [ 528407.742097105132416, 6034649.097565216012299 ], [ 528393.754604054964148, 6034649.098452959209681 ], [ 528373.772553357761353, 6034648.699981270357966 ], [ 528354.562691079569049, 6034647.202213232405484 ], [ 528336.206326832878403, 6034646.304436583071947 ], [ 528314.26998692296911, 6034645.026684039272368 ], [ 528292.490140842390247, 6034642.850136891007423 ], [ 528270.710297266836278, 6034641.762481562793255 ], [ 528252.197531591518782, 6034639.585714755579829 ], [ 528230.417782920412719, 6034637.409068037755787 ], [ 528208.637835095520131, 6034635.232521995902061 ], [ 528192.302952901110984, 6034634.144532660953701 ], [ 528172.701089664245956, 6034631.967873369343579 ], [ 528152.010332415695302, 6034629.791119133122265 ], [ 528143.179493138566613, 6034628.732482740655541 ], [ 528132.78877155855298, 6034627.93385452311486 ], [ 528118.251574160763994, 6034626.526256572455168 ], [ 528107.361644498421811, 6034625.438032783567905 ], [ 528094.293740904540755, 6034624.349923350848258 ], [ 528087.229497843654826, 6034624.339867868460715 ], [ 528081.867240048130043, 6034624.64059913624078 ], [ 528092.616191533743404, 6034582.289655848406255 ], [ 528093.824844643240795, 6034544.8093347158283 ], [ 528095.007535971701145, 6034544.984526308253407 ], [ 528124.809055234654807, 6034552.303482447750866 ], [ 528134.621911696856841, 6034557.012785968370736 ], [ 528195.069129035924561, 6034586.446380778215826 ], [ 528267.291200455278158, 6034590.366997396573424 ], [ 528314.000277953455225, 6034595.859261626377702 ], [ 528352.858882642234676, 6034595.464419822208583 ], [ 528434.501259476644918, 6034595.459707347676158 ], [ 528494.555454298621044, 6034588.391384211368859 ], [ 528501.620697406353429, 6034588.390940448269248 ], [ 528500.443496922031045, 6034602.128343217074871 ], [ 528524.264284741948359, 6034597.982224995270371 ], [ 528589.555460343020968, 6034594.351242844946682 ], [ 528652.428667293163016, 6034591.929566008038819 ], [ 528696.294221865129657, 6034590.190603004768491 ], [ 528706.537046071141958, 6034590.861534178256989 ], [ 528710.06332772562746, 6034592.540498783811927 ], [ 528711.928837792249396, 6034596.017760271206498 ], [ 528718.929161401116289, 6034608.852118359878659 ], [ 528724.168683175463229, 6034618.06131552811712 ], [ 528737.06594738306012, 6034628.195557214319706 ], [ 528721.347666186513379, 6034628.196454722434282 ], [ 528705.629486795631237, 6034628.197354439646006 ], [ 528642.756513772299513, 6034635.455293416045606 ], [ 528583.510586218326353, 6034639.085838199593127 ], [ 528490.410233880509622, 6034643.92748552095145 ], [ 528455.346422406728379, 6034647.556678045541048 ], [ 528423.916677596978843, 6034650.067055755294859 ] ] } },
{ "type": "Feature", "properties": { "layer": "WBK_GERUEST" }, "geometry": { "type": "LineString", "coordinates": [ [ 526916.347370050731115, 6034960.953346157446504 ], [ 526885.808226756169461, 6034964.939807485789061 ], [ 526861.908012517495081, 6034964.942357260733843 ], [ 526703.90123863669578, 6034983.547707224264741 ], [ 526703.900914387544617, 6034963.631059678271413 ], [ 526792.862776657915674, 6034954.327471368014812 ], [ 526798.173965291003697, 6034959.637998077087104 ], [ 526857.924360185512342, 6034951.665083756670356 ], [ 526865.890964586171322, 6034946.353173697367311 ], [ 526919.002401465200819, 6034937.053411716595292 ], [ 526993.358337644953281, 6034922.440356317907572 ], [ 527033.191341887693852, 6034907.832917832769454 ], [ 527086.301738645182922, 6034875.964329365640879 ], [ 527131.445709084044211, 6034846.751669502817094 ], [ 527195.178260670625605, 6034805.588283477351069 ], [ 527268.205493615125306, 6034772.391079669818282 ], [ 527398.326978692086414, 6034721.930448180995882 ], [ 527497.909858334925957, 6034680.765437453053892 ], [ 527544.381838950328529, 6034654.20824842620641 ], [ 527594.837074748356827, 6034626.323144881986082 ], [ 527674.395285360049456, 6034597.14866909943521 ], [ 527674.50348588207271, 6034597.108769088983536 ], [ 527678.309362968779169, 6034614.866808651015162 ], [ 527678.487268923316151, 6034615.697301873005927 ], [ 527654.587312206393108, 6034624.992580008693039 ], [ 527605.459621047717519, 6034646.238926937803626 ], [ 527585.543029658962041, 6034655.534079376608133 ], [ 527558.987742238794453, 6034672.796214428730309 ], [ 527535.087907891254872, 6034686.074763879179955 ], [ 527471.354895159252919, 6034717.943718882277608 ], [ 527400.983153100125492, 6034752.46859747171402 ], [ 527342.561225048149936, 6034772.387612239457667 ], [ 527256.256092803319916, 6034805.585400618612766 ], [ 527193.851065294118598, 6034836.126658035442233 ], [ 527148.707183868391439, 6034864.011628648266196 ], [ 527091.613438398344442, 6034898.535922669805586 ], [ 527043.813977135811001, 6034926.420909961685538 ], [ 527025.225387586746365, 6034937.04384398739785 ], [ 526993.358882121159695, 6034945.012283907271922 ], [ 526949.541974695632234, 6034954.311088043265045 ], [ 526916.347370050731115, 6034960.953346157446504 ] ] } },
{ "type": "Feature", "properties": { "layer": "WBK_GERUEST" }, "geometry": { "type": "LineString", "coordinates": [ [ 529486.867500391090289, 6035025.346007650718093 ], [ 529486.703403692343272, 6035025.541607646271586 ], [ 529467.588485809508711, 6035046.917964394204319 ], [ 529466.377299404935911, 6035031.943886695429683 ], [ 529465.224776673829183, 6035026.949731631204486 ], [ 529463.303861250285991, 6035022.147580303251743 ], [ 529460.422555117518641, 6035017.153336524963379 ], [ 529451.010263174772263, 6035007.549168425612152 ], [ 529436.988006674568169, 6034997.368736047297716 ], [ 529433.530424437252805, 6034995.639969870448112 ], [ 529430.264932368067093, 6034992.758712258189917 ], [ 529428.920312722446397, 6034988.532853871583939 ], [ 529428.920289800735191, 6034984.883181812241673 ], [ 529429.880663246847689, 6034981.617700694128871 ], [ 529429.975717965746298, 6034974.148856862448156 ], [ 529486.867500391090289, 6035025.346007650718093 ] ] } },
{ "type": "Feature", "properties": { "layer": "WBK_GERUEST" }, "geometry": { "type": "LineString", "coordinates": [ [ 529214.153421920258552, 6034743.348279667086899 ], [ 529218.388124743825756, 6034749.27620720025152 ], [ 529333.571296227280982, 6034869.527163374237716 ], [ 529412.336813887231983, 6034952.517233209684491 ], [ 529412.816915200091898, 6034953.130526345223188 ], [ 529412.977076486102305, 6034962.601352451369166 ], [ 529414.705884078051895, 6034966.443112135864794 ], [ 529417.971282785758376, 6034970.668959569185972 ], [ 529419.892197840614244, 6034974.702715853229165 ], [ 529418.739777656737715, 6034986.035737087018788 ], [ 529417.77941627567634, 6034991.22210347559303 ], [ 529418.739836774184369, 6034995.447964281775057 ], [ 529424.118228640523739, 6035000.634291964583099 ], [ 529433.530499237356707, 6035007.54927821084857 ], [ 529444.863563004881144, 6035016.000942913815379 ], [ 529452.16285943845287, 6035024.260634030215442 ], [ 529454.660070210462436, 6035028.870683254674077 ], [ 529457.34929310309235, 6035035.401515861973166 ], [ 529457.541477312566712, 6035049.231709375977516 ], [ 529456.581016598735005, 6035054.802173170261085 ], [ 529455.044353404897265, 6035058.45185377355665 ], [ 529452.290710938861594, 6035064.025528380647302 ], [ 529445.381011262186803, 6035071.752712925896049 ], [ 529424.196035574888811, 6035049.908513541333377 ], [ 529407.386261546402238, 6035033.531044249422848 ], [ 529404.383964880253188, 6035030.605985788628459 ], [ 529391.165488566388376, 6035017.727467042393982 ], [ 529368.263894769828767, 6034990.953116149641573 ], [ 529339.760803317301907, 6034957.630150904878974 ], [ 529336.114103826810606, 6034953.366905783303082 ], [ 529262.430213176761754, 6034865.295442707836628 ], [ 529219.236431328812614, 6034815.331795833073556 ], [ 529165.032802043599077, 6034760.287457531318069 ], [ 529052.3911061064573, 6034640.036385824903846 ], [ 528995.647276619565673, 6034581.604589209891856 ], [ 529017.666619011666626, 6034568.053854612633586 ], [ 529024.442117716302164, 6034575.675454094074667 ], [ 529030.370490290806629, 6034579.062690880149603 ], [ 529037.145737513084896, 6034579.062448077835143 ], [ 529043.074076445656829, 6034575.674736320972443 ], [ 529214.153421920258552, 6034743.348279667086899 ] ] } },
{ "type": "Feature", "properties": { "layer": "WBK_GERUEST" }, "geometry": { "type": "LineString", "coordinates": [ [ 529826.109775059157982, 6035307.226419967599213 ], [ 529840.361735715763643, 6035318.084147066809237 ], [ 529856.649783258209936, 6035329.620557051151991 ], [ 529867.508252833038568, 6035337.763726292178035 ], [ 529879.724312778795138, 6035346.585682257078588 ], [ 529893.976269172737375, 6035356.76471477560699 ], [ 529903.477533771656454, 6035362.872208192013204 ], [ 529913.657498307293281, 6035369.658191679976881 ], [ 529924.516069557401352, 6035378.480156171135604 ], [ 529938.089423496741802, 6035387.302004043012857 ], [ 529948.948096491978504, 6035396.12396742682904 ], [ 529961.164054825087078, 6035404.267228820361197 ], [ 529972.701317485771142, 6035412.410494467243552 ], [ 529981.523988217813894, 6035418.517992151901126 ], [ 529990.346654433989897, 6035424.625489830970764 ], [ 529992.446152836084366, 6035426.724760497920215 ], [ 529993.151162820053287, 6035428.979138820432127 ], [ 529992.075086591066793, 6035431.40032684057951 ], [ 529988.577825215528719, 6035433.014636349864304 ], [ 529983.466274067759514, 6035434.628857524134219 ], [ 529974.857568972744048, 6035439.471673521213233 ], [ 529965.237086203182116, 6035446.342780966311693 ], [ 529947.591744859120809, 6035434.127785601653159 ], [ 529927.23180720268283, 6035419.19842725712806 ], [ 529916.373142732889391, 6035411.733753458596766 ], [ 529900.085090798325837, 6035400.197444141842425 ], [ 529891.262526325532235, 6035394.089945357292891 ], [ 529885.833231886848807, 6035389.339717051014304 ], [ 529872.938578075147234, 6035380.517864918336272 ], [ 529858.007926141144708, 6035369.660142087377608 ], [ 529844.43466968217399, 6035360.159599635750055 ], [ 529833.57610701804515, 6035352.694925835356116 ], [ 529817.7352408739971, 6035339.050828686915338 ], [ 529813.506250776932575, 6035335.173485757783055 ], [ 529809.279955733800307, 6035331.287641625851393 ], [ 529805.160162699758075, 6035327.49159686639905 ], [ 529802.707671947428025, 6035325.227529072202742 ], [ 529802.35735626204405, 6035322.835949231870472 ], [ 529802.357228882261552, 6035318.764080476015806 ], [ 529803.714382771402597, 6035312.656318604946136 ], [ 529807.786327744019218, 6035308.584425387904048 ], [ 529815.251352502265945, 6035305.869498405605555 ], [ 529823.140887148561887, 6035305.236253931187093 ], [ 529826.109775059157982, 6035307.226419967599213 ] ] } },
{ "type": "Feature", "properties": { "layer": "WBK_GERUEST" }, "geometry": { "type": "LineString", "coordinates": [ [ 533334.554273759713396, 6035665.323143438436091 ], [ 533337.339554124395363, 6035681.004905419424176 ], [ 533332.127774239284918, 6035694.210337353870273 ], [ 533317.766964968526736, 6035690.831653595902026 ], [ 533233.291492673102766, 6035671.826329682022333 ], [ 533110.802151394076645, 6035643.951712997630239 ], [ 533107.846567067550495, 6035658.312720973044634 ], [ 533128.96543005364947, 6035662.95855201408267 ], [ 533123.476111081545241, 6035684.499922350049019 ], [ 533100.667856821557507, 6035679.431904125958681 ], [ 533104.889982731081545, 6035657.890443274751306 ], [ 533107.42307227733545, 6035643.10703990329057 ], [ 532492.329527073306963, 6035506.699647879227996 ], [ 532315.466362645151094, 6035472.05242333561182 ], [ 532121.172573141870089, 6035428.127579771913588 ], [ 531565.334914025850594, 6035298.894360340200365 ], [ 531550.972757835057564, 6035272.707449712790549 ], [ 532165.942407201975584, 6035408.697747189551592 ], [ 532483.407982732984237, 6035473.571256941184402 ], [ 532489.983140814583749, 6035475.052604255266488 ], [ 533334.554273759713396, 6035665.323143438436091 ] ] } },
{ "type": "Feature", "properties": { "layer": "WBK_GERUEST" }, "geometry": { "type": "LineString", "coordinates": [ [ 532945.253457382554188, 6035761.133255204185843 ], [ 532924.955378428567201, 6035803.360760184004903 ], [ 532864.050405963789672, 6035781.43531006295234 ], [ 532880.288541551213712, 6035743.268199953250587 ], [ 532945.253457382554188, 6035761.133255204185843 ] ] } },
{ "type": "Feature", "properties": { "layer": "WBK_GERUEST" }, "geometry": { "type": "LineString", "coordinates": [ [ 530481.002059179358184, 6035768.014780047349632 ], [ 530500.683008729130961, 6035784.302031877450645 ], [ 530519.685055056470446, 6035798.553403381258249 ], [ 530541.40179072227329, 6035814.840542854741216 ], [ 530557.68944402365014, 6035827.734640716575086 ], [ 530578.048987633781508, 6035843.343293273821473 ], [ 530596.372647714219056, 6035858.95185905508697 ], [ 530624.876284985220991, 6035884.061387982219458 ], [ 530660.166404430987313, 6035913.921238480135798 ], [ 530694.099204500904307, 6035939.03073220141232 ], [ 530738.890804560156539, 6035978.3914505392313 ], [ 530760.608061728533357, 6035997.39316807501018 ], [ 530772.144942991901189, 6036008.929607908241451 ], [ 530782.502029688446783, 6036019.288762814365327 ], [ 530811.505757473758422, 6036042.859700703062117 ], [ 530818.970731768407859, 6036047.609917322173715 ], [ 530827.114401604863815, 6036053.03872580640018 ], [ 530835.97786224889569, 6036057.912331248633564 ], [ 530846.208737514331006, 6036066.270603884011507 ], [ 530853.581108341226354, 6036070.682324026711285 ], [ 530863.760581342736259, 6036078.825598210096359 ], [ 530880.726443103281781, 6036093.754877188242972 ], [ 530888.870036900043488, 6036102.576658485457301 ], [ 530863.760760842007585, 6036123.61365525610745 ], [ 530847.473594621289521, 6036109.363066590391099 ], [ 530835.936866309843026, 6036105.970165122300386 ], [ 530821.006956272874959, 6036101.898589285090566 ], [ 530812.184692376991734, 6036097.148381181061268 ], [ 530802.683787669055164, 6036084.933533811941743 ], [ 530789.111001494573429, 6036070.682829634286463 ], [ 530770.787858657655306, 6036057.110748080536723 ], [ 530755.857940094545484, 6036051.681982230395079 ], [ 530734.14178960211575, 6036049.646334711462259 ], [ 530722.60494243609719, 6036043.538953643292189 ], [ 530700.888706699828617, 6036027.931009920313954 ], [ 530683.922853462398052, 6036014.358919849619269 ], [ 530676.457874905201606, 6036008.93010822031647 ], [ 530652.705251511419192, 6035991.964687451720238 ], [ 530631.666333836852573, 6035963.462038136087358 ], [ 530599.76929437124636, 6035934.280661766417325 ], [ 530537.333157799206674, 6035884.740433259867132 ], [ 530480.326188285951503, 6035835.878664983436465 ], [ 530409.746886450098827, 6035780.909229709766805 ], [ 530384.636858919868246, 6035761.907432806678116 ], [ 530381.922589011956006, 6035763.943334447219968 ], [ 530369.804320363793522, 6035754.25548371206969 ], [ 530357.278062645695172, 6035745.441330553032458 ], [ 530344.755606650840491, 6035736.674876445904374 ], [ 530332.2545431148028, 6035727.925321663729846 ], [ 530313.082208094419912, 6035714.438844680786133 ], [ 530293.969566905056126, 6035700.905769065953791 ], [ 530274.885429269750603, 6035687.312492458149791 ], [ 530255.798193416441791, 6035673.645416943356395 ], [ 530229.906783037004061, 6035657.39770405460149 ], [ 530216.333916494972073, 6035645.860877621918917 ], [ 530201.40376022097189, 6035635.002754287794232 ], [ 530179.008735851151869, 6035619.394114513881505 ], [ 530161.364186938037165, 6035605.821429058909416 ], [ 530138.290661788196303, 6035589.534198534674942 ], [ 530124.717803639126942, 6035580.033256692811847 ], [ 530097.572498706518672, 6035561.710067585110664 ], [ 530073.141675431746989, 6035544.065456431359053 ], [ 530047.353558292845264, 6035525.742258799262345 ], [ 530066.354128162842244, 6035496.56086257006973 ], [ 529996.648939095088281, 6035445.927386839874089 ], [ 529996.195745958248153, 6035445.595092600211501 ], [ 530010.637720725149848, 6035443.237019632942975 ], [ 530013.420497787883505, 6035442.948404701426625 ], [ 530022.242417904664762, 6035441.591059708036482 ], [ 530034.457524266443215, 6035440.912488652393222 ], [ 530043.279554776847363, 6035440.912433243356645 ], [ 530052.101598205626942, 6035442.269666313193738 ], [ 530058.887846799916588, 6035442.948218701407313 ], [ 530067.709894358878955, 6035445.662742454558611 ], [ 530077.889358970918693, 6035451.770532543770969 ], [ 530088.747421640553512, 6035459.235506172291934 ], [ 530098.926992128137499, 6035466.700486266985536 ], [ 530109.106465131393634, 6035474.844159838743508 ], [ 530118.607348470948637, 6035483.666432683356106 ], [ 530128.786918825353496, 6035491.810106253251433 ], [ 530138.966392023256049, 6035499.275085249915719 ], [ 530148.467368449433707, 6035507.41866351198405 ], [ 530162.040035834652372, 6035518.955489947460592 ], [ 530177.648794561158866, 6035531.17099816724658 ], [ 530193.936053873971105, 6035544.743692147545516 ], [ 530208.187518737278879, 6035556.280514320358634 ], [ 530226.51066151924897, 6035569.853295077569783 ], [ 530242.798115725279786, 6035582.747394044883549 ], [ 530257.049372908310033, 6035592.926926640793681 ], [ 530272.658127178438008, 6035605.142335289157927 ], [ 530287.588186103035696, 6035616.000559301115572 ], [ 530301.161044118809514, 6035626.180095042102039 ], [ 530320.162997164996341, 6035641.788656562566757 ], [ 530339.843743295175955, 6035657.397313390858471 ], [ 530358.845692079514265, 6035672.327279899269342 ], [ 530384.634220448555425, 6035692.007667543366551 ], [ 530401.600383114884607, 6035706.937645734287798 ], [ 530419.245139903272502, 6035721.189026870764792 ], [ 530445.033659554086626, 6035740.190718834288418 ], [ 530463.357200646889396, 6035753.763400018215179 ], [ 530481.002059179358184, 6035768.014780047349632 ] ] } },
{ "type": "Feature", "properties": { "layer": "WBK_GERUEST" }, "geometry": { "type": "LineString", "coordinates": [ [ 536922.524650685139932, 6038091.034643448889256 ], [ 536922.524898126372136, 6038098.732184257358313 ], [ 536919.317869940772653, 6038106.42964562959969 ], [ 536915.469232894014567, 6038110.919936054386199 ], [ 536901.998008344555274, 6038107.071050010621548 ], [ 536883.39510669244919, 6038100.014820964075625 ], [ 536831.60658480215352, 6038081.434888248331845 ], [ 536809.479108309140429, 6038073.891485606320202 ], [ 536775.282335916766897, 6038068.862438092939556 ], [ 536753.155220335582271, 6038070.873860909603536 ], [ 536732.536794549436308, 6038073.388172379694879 ], [ 536715.32853814738337, 6038075.63816258776933 ], [ 536712.761776025407016, 6038046.772300550714135 ], [ 536728.105126722017303, 6038041.442944626323879 ], [ 536748.966746292309836, 6038037.650141665711999 ], [ 536781.839774802792817, 6038035.121655030176044 ], [ 536822.452860230812803, 6038034.585003823973238 ], [ 536848.753382537397556, 6038037.792514803819358 ], [ 536877.619814289850183, 6038046.131769541651011 ], [ 536915.467324657947756, 6038062.168508691713214 ], [ 536916.23411905078683, 6038062.552000519819558 ], [ 536925.731078028678894, 6038067.300305894576013 ], [ 536922.524650685139932, 6038091.034643448889256 ] ] } },
{ "type": "Feature", "properties": { "layer": "WBK_GERUEST" }, "geometry": { "type": "LineString", "coordinates": [ [ 532821.485843330621719, 6038012.852300369180739 ], [ 532856.699878136860207, 6038045.002932927571237 ], [ 532875.072315090452321, 6038073.3262002710253 ], [ 532849.044518016045913, 6038089.402341576293111 ], [ 532836.030401054769754, 6038103.181717188097537 ], [ 532826.078639569692314, 6038113.133502995595336 ], [ 532810.00249736441765, 6038118.49226361233741 ], [ 532789.333353736670688, 6038117.727199053391814 ], [ 532779.381588635384105, 6038111.603309071622789 ], [ 532773.257383030024357, 6038103.182912448421121 ], [ 532769.429921371047385, 6038088.638346444815397 ], [ 532770.195441904943436, 6038077.155730610713363 ], [ 532772.492074429872446, 6038069.500673517584801 ], [ 532783.975001632468775, 6038055.72130752261728 ], [ 532802.537368710851297, 6038041.247701447457075 ], [ 532753.264267619582824, 6037996.903850470669568 ], [ 532744.933480713749304, 6038004.433145982213318 ], [ 532702.829303412232548, 6037956.971872817724943 ], [ 532683.691204878152348, 6037950.082546330057085 ], [ 532670.677156843128614, 6037942.427686075679958 ], [ 532646.180095959221944, 6037918.697121471166611 ], [ 532625.56394582556095, 6037901.645681273192167 ], [ 532587.992843777523376, 6037871.261550207622349 ], [ 532541.461640482302755, 6037830.544953851029277 ], [ 532488.419178245705552, 6037787.089019319973886 ], [ 532461.113441276364028, 6037764.095566613599658 ], [ 532437.708389683044516, 6037743.155074810609221 ], [ 532391.258075795136392, 6037684.452915075235069 ], [ 532385.899389943107963, 6037680.625477738678455 ], [ 532344.560397010645829, 6037630.867418457753956 ], [ 532351.450244188075885, 6037630.867375184781849 ], [ 532306.283599631395191, 6037584.936910513788462 ], [ 532304.752067310851999, 6037545.89551889244467 ], [ 532304.751806486514397, 6037519.867918438278139 ], [ 532311.543089358252473, 6037525.893529271706939 ], [ 532330.77995573868975, 6037544.364166770130396 ], [ 532434.892913197283633, 6037663.783399279229343 ], [ 532518.33608337061014, 6037761.002731722779572 ], [ 532553.550526108243503, 6037794.684852750040591 ], [ 532634.696847395389341, 6037865.111103855073452 ], [ 532645.683673223364167, 6037882.757499903440475 ], [ 532666.083609309862368, 6037897.262361199595034 ], [ 532692.111743369372562, 6037917.930838717147708 ], [ 532726.163648482295685, 6037945.168016593903303 ], [ 532738.808788720518351, 6037934.771317127160728 ], [ 532803.113221291685477, 6037986.059720501303673 ], [ 532800.051162319839932, 6037989.887409874238074 ], [ 532821.485843330621719, 6038012.852300369180739 ] ] } },
{ "type": "Feature", "properties": { "layer": "WBK_GERUEST" }, "geometry": { "type": "LineString", "coordinates": [ [ 535800.322141970158555, 6038234.99958975892514 ], [ 535881.923184660146944, 6038245.404298036359251 ], [ 535870.970010220771655, 6038252.524012403562665 ], [ 535861.659899426274933, 6038254.714754546061158 ], [ 535843.58723143581301, 6038254.16727237123996 ], [ 535825.514564461656846, 6038253.072093832306564 ], [ 535795.393375834682956, 6038249.786507556214929 ], [ 535776.225208676652983, 6038248.143640641123056 ], [ 535758.700216333847493, 6038243.762584732845426 ], [ 535728.031304917647503, 6038236.095635668374598 ], [ 535769.105576558969915, 6038233.90459555760026 ], [ 535800.322141970158555, 6038234.99958975892514 ] ] } },
{ "type": "Feature", "properties": { "layer": "WBK_GERUEST" }, "geometry": { "type": "LineString", "coordinates": [ [ 536304.147720998618752, 6038239.850988679565489 ], [ 536302.223663354059681, 6038260.377844479866326 ], [ 536282.979391371132806, 6038257.811884606257081 ], [ 536265.017907971865498, 6038254.604521505534649 ], [ 536231.019628163194284, 6038247.548188899643719 ], [ 536191.889495478593744, 6038242.416274288669229 ], [ 536143.778840151266195, 6038239.208600477315485 ], [ 536104.007357705151662, 6038241.132735962979496 ], [ 536061.669993651099503, 6038243.056987128220499 ], [ 536028.95475353312213, 6038244.339782696217299 ], [ 535998.018487314810045, 6038244.548075483180583 ], [ 535988.532066251966171, 6038213.197675271891057 ], [ 536021.256712191854604, 6038212.907771468162537 ], [ 536061.028203061781824, 6038211.625131828710437 ], [ 536137.363717280793935, 6038211.625551842153072 ], [ 536190.60612734395545, 6038214.191697577945888 ], [ 536232.302149694878608, 6038220.606586665846407 ], [ 536282.978925285045989, 6038231.511785161681473 ], [ 536304.147720998618752, 6038239.850988679565489 ] ] } },
{ "type": "Feature", "properties": { "layer": "WBK_GERUEST" }, "geometry": { "type": "LineString", "coordinates": [ [ 535173.38467375561595, 6038319.692880127578974 ], [ 535148.749488035449758, 6038323.525204512290657 ], [ 535118.092355479951948, 6038328.999855916947126 ], [ 535102.364317063475028, 6038335.467605186626315 ], [ 535087.567529565421864, 6038335.996193817816675 ], [ 535076.173725048429333, 6038337.048056937754154 ], [ 535076.117628770298325, 6038337.053258230909705 ], [ 535057.872887838631868, 6038339.949349883012474 ], [ 535059.515222864341922, 6038331.737602604553103 ], [ 535075.391150278737769, 6038324.073361621238291 ], [ 535106.048279455979355, 6038318.051115638576448 ], [ 535141.632481156848371, 6038313.671125694178045 ], [ 535188.165676419856027, 6038306.553887337446213 ], [ 535207.873885380569845, 6038299.437018821015954 ], [ 535207.873676026705652, 6038283.013444228097796 ], [ 535274.992277422919869, 6038268.88103065174073 ], [ 535328.54230242583435, 6038259.015969773754478 ], [ 535366.591071851551533, 6038251.969585441052914 ], [ 535424.016329965787008, 6038235.410750964656472 ], [ 535451.495986428228207, 6038231.182809730991721 ], [ 535478.271076385979541, 6038229.773352527990937 ], [ 535547.304302870295942, 6038222.953672234900296 ], [ 535544.566253789118491, 6038243.764729550108314 ], [ 535541.828188464860432, 6038261.289812264963984 ], [ 535495.182077991776168, 6038266.765063050203025 ], [ 535460.304079190012999, 6038271.697644938714802 ], [ 535411.334017567220144, 6038281.91497469227761 ], [ 535368.000704949838109, 6038291.42747350409627 ], [ 535307.052450477611274, 6038303.758662136271596 ], [ 535226.72724034904968, 6038316.089972474612296 ], [ 535203.494407606194727, 6038314.218132584355772 ], [ 535173.38467375561595, 6038319.692880127578974 ] ] } },
{ "type": "Feature", "properties": { "layer": "WBK_GERUEST" }, "geometry": { "type": "LineString", "coordinates": [ [ 534901.764658144442365, 6038352.636533825658262 ], [ 534884.136497639468871, 6038352.637244178913534 ], [ 534828.848657364957035, 6038359.049541735090315 ], [ 534826.297003406099975, 6038347.073549921624362 ], [ 534939.622039740206674, 6038331.740556157194078 ], [ 535010.824092664057389, 6038331.94010675791651 ], [ 535046.503525368403643, 6038331.939783094450831 ], [ 535048.396710714558139, 6038348.625944085419178 ], [ 535030.769162714248523, 6038351.029934998601675 ], [ 534930.315429793903604, 6038350.901566883549094 ], [ 534901.764658144442365, 6038352.636533825658262 ] ] } },
{ "type": "Feature", "properties": { "layer": "WBK_GERUEST" }, "geometry": { "type": "LineString", "coordinates": [ [ 534643.146417363197543, 6038381.013041368685663 ], [ 534641.99843906739261, 6038383.692027688957751 ], [ 534616.35704857786186, 6038384.841179585084319 ], [ 534580.382718700915575, 6038384.460008731111884 ], [ 534555.889290505088866, 6038381.782082920894027 ], [ 534539.815588552388363, 6038377.573016257956624 ], [ 534530.247731319512241, 6038372.980912152677774 ], [ 534518.766568047576584, 6038365.327441796660423 ], [ 534527.958530788775533, 6038354.852464471012354 ], [ 534531.516207854496315, 6038354.678643734194338 ], [ 534536.988759676343761, 6038354.379311313852668 ], [ 534537.071262630750425, 6038354.43521012365818 ], [ 534537.915759150753729, 6038355.007201001048088 ], [ 534538.366357230930589, 6038355.060197765938938 ], [ 534543.581553251948208, 6038360.837320613674819 ], [ 534548.57764978078194, 6038366.181648229248822 ], [ 534562.485278884414583, 6038371.992617192678154 ], [ 534576.002462266362272, 6038370.382843844592571 ], [ 534616.553779539652169, 6038358.795377371832728 ], [ 534705.527297721477225, 6038342.358044112101197 ], [ 534712.415986839449033, 6038349.629045690409839 ], [ 534719.557939510443248, 6038366.508971555158496 ], [ 534720.835750334430486, 6038369.528940044343472 ], [ 534716.058292856556363, 6038370.235165116377175 ], [ 534643.146417363197543, 6038381.013041368685663 ] ] } },
{ "type": "Feature", "properties": { "layer": "WBK_GERUEST" }, "geometry": { "type": "LineString", "coordinates": [ [ 534217.363900397438556, 6038512.442510169930756 ], [ 534209.624268915620632, 6038514.079045180231333 ], [ 534202.814826456247829, 6038514.749283566139638 ], [ 534193.367302166880108, 6038515.424636570736766 ], [ 534187.294058782164939, 6038516.774464366957545 ], [ 534178.521233822451904, 6038518.124409793876112 ], [ 534170.297406741650775, 6038519.71794964838773 ], [ 534162.3070703886915, 6038520.323894511908293 ], [ 534154.27493508043699, 6038520.751741985790431 ], [ 534143.719516118173487, 6038521.046006074175239 ], [ 534133.1246033256175, 6038521.0691720508039 ], [ 534106.990261303377338, 6038515.428479314781725 ], [ 534086.573692876263522, 6038511.211340360343456 ], [ 534065.826061729807407, 6038512.05606431234628 ], [ 534050.97997203853447, 6038512.056757192127407 ], [ 534029.459450460853986, 6038514.264475487172604 ], [ 533997.669217363465577, 6038518.132345301099122 ], [ 533970.001636304077692, 6038519.48230872489512 ], [ 533934.236103559029289, 6038518.133144203573465 ], [ 533907.918213709141128, 6038519.483098053373396 ], [ 533887.673664750647731, 6038518.808531180024147 ], [ 533871.626776770455763, 6038517.49994202144444 ], [ 533851.39563171134796, 6038517.429469723254442 ], [ 533841.111128374934196, 6038520.158713955432177 ], [ 533845.579463258036412, 6038515.19272328261286 ], [ 533849.829700541566126, 6038510.04763619415462 ], [ 533869.453408696106635, 6038503.962859034538269 ], [ 533869.738469626870938, 6038497.520407141186297 ], [ 533984.172484093694948, 6038496.538395539857447 ], [ 534005.092020567622967, 6038495.863169629126787 ], [ 534031.409995326306671, 6038491.813135307282209 ], [ 534053.678998262970708, 6038487.763227084651589 ], [ 534080.671778180403635, 6038485.73777287825942 ], [ 534108.339498967980035, 6038491.134957685135305 ], [ 534142.755450997618027, 6038493.157925248146057 ], [ 534174.472109638852999, 6038493.15652565844357 ], [ 534191.342564127757214, 6038491.131335273385048 ], [ 534205.513839967199601, 6038488.431467816233635 ], [ 534217.66053904290311, 6038486.406606919132173 ], [ 534233.181289607658982, 6038482.356940230354667 ], [ 534255.450262877158821, 6038473.583467996679246 ], [ 534273.670357872382738, 6038462.785735545679927 ], [ 534288.516409262898378, 6038457.386683939024806 ], [ 534323.606861336156726, 6038444.563762216828763 ], [ 534349.249878208269365, 6038430.39160914067179 ], [ 534366.795082976692356, 6038420.943571009673178 ], [ 534388.389140744227916, 6038408.796128399670124 ], [ 534398.511436346336268, 6038404.746795436367393 ], [ 534409.308533087838441, 6038401.372353612445295 ], [ 534429.553027099114843, 6038392.598993664607406 ], [ 534440.350102491676807, 6038386.525272357277572 ], [ 534455.870857668342069, 6038381.800910537131131 ], [ 534463.968669620342553, 6038377.751790532842278 ], [ 534474.090973637998104, 6038375.052148763090372 ], [ 534489.611728659248911, 6038371.002581643871963 ], [ 534506.422892606584355, 6038369.816285367123783 ], [ 534510.382869921857491, 6038370.553255175240338 ], [ 534513.950456238351762, 6038373.327811389230192 ], [ 534520.292732938774861, 6038377.687737701460719 ], [ 534526.635006564087234, 6038380.858474007807672 ], [ 534524.653149092337117, 6038385.21875352691859 ], [ 534518.591004099347629, 6038386.495180606842041 ], [ 534503.783258884795941, 6038392.595927523449063 ], [ 534495.010641559842043, 6038395.295462354086339 ], [ 534482.863963892450556, 6038400.019701198674738 ], [ 534472.741668289410882, 6038404.068934593349695 ], [ 534463.294461852987297, 6038407.443367932923138 ], [ 534441.700094646890648, 6038418.241221147589386 ], [ 534426.854242254863493, 6038424.315067455172539 ], [ 534418.081633406807669, 6038428.364292373880744 ], [ 534401.211106996634044, 6038434.43825207464397 ], [ 534381.641409883159213, 6038443.211707352660596 ], [ 534371.566319229779765, 6038448.551530541852117 ], [ 534361.206029097200371, 6038453.084560245275497 ], [ 534345.341800707043149, 6038461.179198105819523 ], [ 534333.362425366649404, 6038466.683730823919177 ], [ 534320.08826844743453, 6038473.483162133954465 ], [ 534308.432794356136583, 6038478.663796219974756 ], [ 534294.187241918058135, 6038485.463333203457296 ], [ 534281.560567457345314, 6038489.996577395126224 ], [ 534268.93379932444077, 6038495.82471205201 ], [ 534259.356003397610039, 6038500.515036262571812 ], [ 534246.099532433436252, 6038504.825886378064752 ], [ 534232.716859645443037, 6038508.675041769631207 ], [ 534225.061529511353001, 6038510.640474635176361 ], [ 534217.363900397438556, 6038512.442510169930756 ] ] } },
{ "type": "Feature", "properties": { "layer": "WBK_GERUEST" }, "geometry": { "type": "LineString", "coordinates": [ [ 533666.132551032002084, 6038486.037173109129071 ], [ 533758.618890633923002, 6038492.694941666908562 ], [ 533729.023642555694096, 6038528.949650892056525 ], [ 533660.953767855651677, 6038529.690072408877313 ], [ 533655.034742647549137, 6038550.406850155442953 ], [ 533363.517479485250078, 6038551.149975058622658 ], [ 533353.158845858182758, 6038517.855795872397721 ], [ 533399.032077654264867, 6038514.895830502733588 ], [ 533401.991464568534866, 6038483.821049569174647 ], [ 533666.132551032002084, 6038486.037173109129071 ] ] } },
{ "type": "Feature", "properties": { "layer": "WBK_GERUEST" }, "geometry": { "type": "LineString", "coordinates": [ [ 536705.064841547980905, 6038078.84530246257782 ], [ 536627.447083180653863, 6038086.542431309819221 ], [ 536538.282969335094094, 6038103.220063397660851 ], [ 536482.475111579522491, 6038121.822272230871022 ], [ 536447.194608761463314, 6038142.028238902799785 ], [ 536408.065389187540859, 6038170.252568259835243 ], [ 536380.482714743353426, 6038204.8916773525998 ], [ 536362.522028545849025, 6038232.795276294462383 ], [ 536352.900212974636815, 6038250.11480410117656 ], [ 536348.410144140012562, 6038265.510014597326517 ], [ 536350.976674448349513, 6038289.885712169110775 ], [ 536341.996816452359781, 6038333.505334283225238 ], [ 536342.63860208238475, 6038347.938319669105113 ], [ 536372.789327763952315, 6038404.387498984113336 ], [ 536408.713867560494691, 6038486.495344101451337 ], [ 536433.091837629326619, 6038558.981136032380164 ], [ 536415.130953925545327, 6038587.84692785795778 ], [ 536399.735222127987072, 6038580.149384175427258 ], [ 536390.754010434146039, 6038551.283361072652042 ], [ 536351.621596246841364, 6038453.459655670449138 ], [ 536329.168758806306869, 6038404.066574744880199 ], [ 536311.206805656431243, 6038373.276223399676383 ], [ 536305.433027434512042, 6038354.032106716185808 ], [ 536302.866817745147273, 6038333.505279118195176 ], [ 536309.280840524355881, 6038297.262417334131896 ], [ 536316.977860629442148, 6038262.623333564959466 ], [ 536343.919108398724347, 6038223.49396335426718 ], [ 536356.74804987187963, 6038197.835379855707288 ], [ 536381.764727227156982, 6038160.309709357097745 ], [ 536398.442691377946176, 6038143.63163307774812 ], [ 536424.101279915659688, 6038125.029313788749278 ], [ 536454.250045703258365, 6038108.99274721276015 ], [ 536484.398929838789627, 6038094.880665960721672 ], [ 536511.340460228151642, 6038085.258870010264218 ], [ 536562.657863641157746, 6038068.581076242029667 ], [ 536625.52171513531357, 6038057.676464567892253 ], [ 536678.122280126786791, 6038052.545072419568896 ], [ 536702.498180865542963, 6038050.620935171842575 ], [ 536705.064841547980905, 6038078.84530246257782 ] ] } },
{ "type": "Feature", "properties": { "layer": "WBK_GERUEST" }, "geometry": { "type": "LineString", "coordinates": [ [ 536485.436987361055799, 6038599.050500126555562 ], [ 536511.680728748557158, 6038605.982682834379375 ], [ 536551.789419464301318, 6038621.332514050416648 ], [ 536592.88839886977803, 6038636.187341355718672 ], [ 536634.977645377744921, 6038647.080793486908078 ], [ 536674.095677900011651, 6038652.032310429029167 ], [ 536721.63155584409833, 6038658.964558546431363 ], [ 536722.127638486330397, 6038688.673628803342581 ], [ 536723.118914851802401, 6038717.88749800529331 ], [ 536686.476663002511486, 6038712.935766370035708 ], [ 536583.9771580476081, 6038699.071116544306278 ], [ 536576.054382835049182, 6038693.129310910589993 ], [ 536553.276582424761727, 6038680.750549675896764 ], [ 536532.974465757142752, 6038669.857060273177922 ], [ 536510.691763544571586, 6038657.973390984348953 ], [ 536486.428469985956326, 6038645.594538400880992 ], [ 536465.136164549272507, 6038634.206059731543064 ], [ 536466.621388838044368, 6038623.807829472236335 ], [ 536468.601817943970673, 6038615.390281686559319 ], [ 536468.601677055470645, 6038608.458235082216561 ], [ 536471.572506108786911, 6038601.030972968786955 ], [ 536472.562674454646185, 6038597.564893106929958 ], [ 536485.436987361055799, 6038599.050500126555562 ] ] } },
{ "type": "Feature", "properties": { "layer": "WBK_GERUEST" }, "geometry": { "type": "LineString", "coordinates": [ [ 536747.919821324176155, 6039163.378233588300645 ], [ 536757.990301240584813, 6039172.20760228857398 ], [ 536752.362905402784236, 6039181.731265190988779 ], [ 536786.563802750548348, 6039207.272455248050392 ], [ 536805.598760471912101, 6039223.597310359589756 ], [ 536803.997871218714863, 6039270.87165845092386 ], [ 536767.949994841357693, 6039247.099366360343993 ], [ 536753.230871357838623, 6039241.03870643582195 ], [ 536745.005510608432814, 6039238.008480375632644 ], [ 536736.34705251455307, 6039233.246571620926261 ], [ 536729.420487556955777, 6039231.082032416015863 ], [ 536714.701041358755901, 6039221.558197481557727 ], [ 536706.908357599750161, 6039214.631799043156207 ], [ 536690.024069812148809, 6039195.584149894304574 ], [ 536677.035834010923281, 6039174.37189466971904 ], [ 536663.614478482515551, 6039149.263670540414751 ], [ 536657.985812089638785, 6039131.947538755834103 ], [ 536657.985343145555817, 6039120.692125098779798 ], [ 536698.24622735765297, 6039119.826378570869565 ], [ 536747.919821324176155, 6039163.378233588300645 ] ] } },
{ "type": "Feature", "properties": { "layer": "WBK_GERUEST" }, "geometry": { "type": "LineString", "coordinates": [ [ 536787.165781122050248, 6039125.042280852794647 ], [ 536828.031766672385857, 6039141.067601229995489 ], [ 536860.885660563013516, 6039179.528100719675422 ], [ 536876.110300461412407, 6039188.342036684975028 ], [ 536880.117325097788125, 6039213.180922049097717 ], [ 536884.124661338864826, 6039240.423688713461161 ], [ 536883.32568849355448, 6039322.953461112454534 ], [ 536873.710220352513716, 6039316.543371227569878 ], [ 536872.906584058073349, 6039293.524052708409727 ], [ 536871.304308709106408, 6039247.635013770312071 ], [ 536868.899511774303392, 6039213.180892929434776 ], [ 536860.886052049230784, 6039193.950790035538375 ], [ 536838.945082648424432, 6039172.856989063322544 ], [ 536801.714060991536826, 6039155.540955089963973 ], [ 536777.470573714119382, 6039144.285594127140939 ], [ 536761.615345937432721, 6039136.085256984457374 ], [ 536751.108189760008827, 6039130.651064379140735 ], [ 536703.00813313073013, 6039110.51912050973624 ], [ 536700.410773331183009, 6039113.982309621758759 ], [ 536661.448381228139624, 6039115.280844612047076 ], [ 536662.745910980738699, 6039089.306735664606094 ], [ 536661.01340388006065, 6039070.692088888958097 ], [ 536656.683651398634538, 6039056.839222422800958 ], [ 536637.201226729899645, 6039029.566352974623442 ], [ 536729.464859101688489, 6038891.875527054071426 ], [ 536737.477942376863211, 6038899.086921509355307 ], [ 536751.099352314253338, 6038885.46554072201252 ], [ 536780.492633341345936, 6038918.094905500300229 ], [ 536789.151443014154211, 6038930.216158929280937 ], [ 536794.779744611703791, 6038937.359168417751789 ], [ 536777.898919759085402, 6039024.372008386999369 ], [ 536794.785119547275826, 6039092.770479794591665 ], [ 536787.165781122050248, 6039125.042280852794647 ] ] } },
{ "type": "Feature", "properties": { "layer": "WBK_GERUEST" }, "geometry": { "type": "LineString", "coordinates": [ [ 532302.936574023333378, 6064009.912869302555919 ], [ 532287.134920515236445, 6064029.96711521409452 ], [ 532279.134326776256785, 6064037.022811036556959 ], [ 532256.239830455277115, 6064041.820718280039728 ], [ 532237.907683731988072, 6064044.032316421158612 ], [ 532223.280187114374712, 6064042.063323873095214 ], [ 532211.908745362074114, 6064038.385922935791314 ], [ 532209.477454310748726, 6064036.447853648103774 ], [ 532199.801615668344311, 6064018.173853673972189 ], [ 532187.885757545707747, 6063994.710307848639786 ], [ 532175.838290874031372, 6063968.846880989149213 ], [ 532172.677210318972357, 6063952.393326521851122 ], [ 532158.824667998356745, 6063944.393275531940162 ], [ 532144.705918420455419, 6063919.814252903684974 ], [ 532136.607263773330487, 6063901.018546941690147 ], [ 532133.168703291681595, 6063887.529971972107887 ], [ 532124.407614651951008, 6063878.339297266677022 ], [ 532119.778725681360811, 6063858.50297861546278 ], [ 532113.166273230337538, 6063841.972846726886928 ], [ 532109.198809885419905, 6063827.426282434724271 ], [ 532098.619074798654765, 6063808.912690828554332 ], [ 532090.684403812862001, 6063803.623280861414969 ], [ 532084.7334019029513, 6063796.350075076334178 ], [ 532072.409608349087648, 6063766.091582714579999 ], [ 532068.918600769364275, 6063760.777045123279095 ], [ 532063.311167331412435, 6063732.882194951176643 ], [ 532063.572802628390491, 6063707.086690235882998 ], [ 532059.605376899591647, 6063697.829786001704633 ], [ 532054.976601891452447, 6063680.638247035443783 ], [ 532050.34786450304091, 6063668.73656727001071 ], [ 532039.768145785201341, 6063653.528850140981376 ], [ 532036.461761961341836, 6063635.676106286235154 ], [ 532032.016697300248779, 6063619.75135650485754 ], [ 532027.326036623097025, 6063604.507602939382195 ], [ 532024.198767253663391, 6063589.654636988416314 ], [ 532024.198458852712065, 6063572.260969088412821 ], [ 532027.325167881557718, 6063561.31653347145766 ], [ 532033.153983492054977, 6063555.007744466885924 ], [ 532040.427048205398023, 6063542.444395071826875 ], [ 532050.344853272545151, 6063523.2688796101138 ], [ 532056.55804953747429, 6063514.859405909664929 ], [ 532056.956290584756061, 6063490.207891604863107 ], [ 532078.136321977362968, 6063488.613571169786155 ], [ 532089.471415570820682, 6063486.268017230555415 ], [ 532101.588185663335025, 6063480.013789204880595 ], [ 532106.993828167789616, 6063477.308275800198317 ], [ 532112.141479825251736, 6063476.104852392338216 ], [ 532124.6492760181427, 6063474.541086216457188 ], [ 532137.623914604424499, 6063465.079677821137011 ], [ 532169.362194373970851, 6063468.384952467866242 ], [ 532186.553767707548104, 6063469.045740145258605 ], [ 532195.810796413221397, 6063469.045581325888634 ], [ 532216.308319955132902, 6063465.738977354951203 ], [ 532230.193668806343339, 6063459.126541530713439 ], [ 532246.599388707545586, 6063449.71811006963253 ], [ 532263.915138479089364, 6063431.354841951280832 ], [ 532279.122845350182615, 6063418.791442727670074 ], [ 532289.702105113188736, 6063409.534246876835823 ], [ 532296.975414604297839, 6063404.244441571645439 ], [ 532303.587441808893345, 6063400.277030256576836 ], [ 532318.134073311812244, 6063391.681004965677857 ], [ 532325.162688927259296, 6063386.982396947219968 ], [ 532329.462086342740804, 6063375.256359083577991 ], [ 532336.106375203002244, 6063350.240809381939471 ], [ 532341.399298099218868, 6063328.43774254899472 ], [ 532329.461289237602614, 6063327.961720678023994 ], [ 532299.364419052377343, 6063328.353107651695609 ], [ 532259.105029578669928, 6063328.353961252607405 ], [ 532254.079466106020845, 6063328.217292485758662 ], [ 532257.150119783822447, 6063292.785144630819559 ], [ 532259.494828727678396, 6063265.229041391052306 ], [ 532260.064972972613759, 6063256.617103881202638 ], [ 532261.489740253426135, 6063237.480640516616404 ], [ 532264.575102052884176, 6063203.863078836351633 ], [ 532227.379256872693077, 6063182.861972765997052 ], [ 532203.383549899212085, 6063168.51213448587805 ], [ 532203.262352961231954, 6063168.717932530678809 ], [ 532190.51550035062246, 6063160.920372754335403 ], [ 532199.11105775134638, 6063148.357214203104377 ], [ 532207.706602451391518, 6063134.471567335538566 ], [ 532228.203609384945594, 6063096.121032314375043 ], [ 532250.023091606795788, 6063057.109293515793979 ], [ 532265.230563842342235, 6063023.387355865910649 ], [ 532267.774505385779776, 6063017.208987176418304 ], [ 532239.443053661379963, 6062989.665975513868034 ], [ 532220.92940879217349, 6062976.442193360067904 ], [ 532204.399283981882036, 6062968.507958120666444 ], [ 532191.836340363835916, 6062961.89608780760318 ], [ 532179.934700040263124, 6062956.606603185646236 ], [ 532161.420710906852037, 6062951.978354457765818 ], [ 532146.212904604850337, 6062948.011280442588031 ], [ 532134.310988053795882, 6062947.350159719586372 ], [ 532126.983731984859332, 6062944.724826966412365 ], [ 532116.540895549347624, 6062942.280910572968423 ], [ 532111.875020294915885, 6062940.947849431075156 ], [ 532096.109122284455225, 6062937.490576238371432 ], [ 532086.65279131825082, 6062937.440135277807713 ], [ 532061.754763404722326, 6062934.1450170930475 ], [ 532034.468463679309934, 6062916.935919975861907 ], [ 532017.277141472324729, 6062908.340493411757052 ], [ 532004.714571188902482, 6062897.761453565210104 ], [ 531989.507816734840162, 6062886.521635349839926 ], [ 531972.318314173957333, 6062865.364205022342503 ], [ 531961.740120792062953, 6062853.463162265717983 ], [ 531947.882458104635589, 6062842.608933174982667 ], [ 531927.378140122746117, 6062830.892351062037051 ], [ 531917.102060081553645, 6062821.215190459042788 ], [ 531902.250524286646396, 6062813.007945613004267 ], [ 531886.369481076369993, 6062803.065421770326793 ], [ 531855.612958201090805, 6062778.167605529539287 ], [ 531839.13619243807625, 6062763.521820669993758 ], [ 531832.886351250461303, 6062732.759196064434946 ], [ 531808.156856272718869, 6062688.015494043007493 ], [ 531795.470272268052213, 6062643.450314098037779 ], [ 531756.065896325162612, 6062614.782680961303413 ], [ 531732.624263513251208, 6062597.221462301909924 ], [ 531720.934484423953108, 6062618.004776647314429 ], [ 531529.200396990752779, 6062641.44940185174346 ], [ 531320.981019273749553, 6062661.328257746994495 ], [ 531297.785439914790913, 6062556.663504526950419 ], [ 531280.145645555108786, 6062552.518946666270494 ], [ 531203.523565986077301, 6062509.677156709134579 ], [ 531156.088388929143548, 6062487.419524036347866 ], [ 531102.815074897021987, 6062467.716009337455034 ], [ 531097.147300126031041, 6062497.408717806451023 ], [ 531098.801822925452143, 6062550.545000394806266 ], [ 531106.135145035688765, 6062595.265011934563518 ], [ 531122.520174467004836, 6062667.30805828422308 ], [ 531075.120644396403804, 6062668.370147823356092 ], [ 531022.227063419064507, 6062670.356264781206846 ], [ 530977.928199068875983, 6062670.35854328610003 ], [ 530936.273446764680557, 6062674.328173856250942 ], [ 530911.470334062702022, 6062674.460729596205056 ], [ 530896.354294647229835, 6062617.961556248366833 ], [ 530880.987266979878768, 6062562.521776642650366 ], [ 530869.461894202046096, 6062521.079066829755902 ], [ 530859.582961982348934, 6062488.144481952302158 ], [ 530849.155481757596135, 6062446.976161627098918 ], [ 530848.439073469955474, 6062444.253386708907783 ], [ 530845.909831277327612, 6062434.640476165339351 ], [ 530801.427159947459586, 6062433.490264493972063 ], [ 530713.228850092971697, 6062435.024706588126719 ], [ 530673.695260970271192, 6062436.560343232937157 ], [ 530672.256541958427988, 6062400.267730728723109 ], [ 530655.065778254414909, 6062400.268537913449109 ], [ 530628.864536489010789, 6062330.337637510150671 ], [ 530582.081122753210366, 6062334.939595753327012 ], [ 530584.073667414602824, 6062376.362066172994673 ], [ 530585.300875787739642, 6062411.383091440424323 ], [ 530585.91378394968342, 6062444.56093298830092 ], [ 530586.210666652885266, 6062474.291703297756612 ], [ 530600.085335986921564, 6062470.326746716164052 ], [ 530604.890086394152604, 6062468.452231492847204 ], [ 530626.306663135299459, 6062459.002468596212566 ], [ 530642.697793307946995, 6062451.829821156337857 ], [ 530656.307754724635743, 6062478.371632960624993 ], [ 530713.194120951229706, 6062605.739100380800664 ], [ 530731.162098870729096, 6062640.344722981564701 ], [ 530752.537641376722604, 6062689.055015965364873 ], [ 530760.221418692846783, 6062710.462403406389058 ], [ 530766.153045239625499, 6062738.012754757888615 ], [ 530770.361366251134314, 6062746.429264640435576 ], [ 530793.768554792157374, 6062756.71923953294754 ], [ 530805.337787554366514, 6062760.801935359835625 ], [ 530819.629219339345582, 6062767.606792760081589 ], [ 530831.198384791146964, 6062775.772958505898714 ], [ 530874.751886293874122, 6062829.535373244434595 ], [ 530918.985910369316116, 6062886.700357413850725 ], [ 530927.507235259050503, 6062900.746496428735554 ], [ 530942.059405141975731, 6062929.850382503122091 ], [ 530959.257570698158816, 6062977.475010559894145 ], [ 530974.105725747183897, 6063035.742270961403847 ], [ 530907.409996444126591, 6063077.262971720658243 ], [ 530899.923773963702843, 6063080.666392338462174 ], [ 530888.354198338813148, 6063086.111924271099269 ], [ 530869.298395840683952, 6063094.960975283756852 ], [ 530861.131587871583179, 6063099.045095024630427 ], [ 530850.242602010373957, 6063104.490522005595267 ], [ 530845.55095786775928, 6063123.616205723956227 ], [ 530844.116950993309729, 6063135.798022066242993 ], [ 530837.311085886554793, 6063149.410260346718132 ], [ 530828.266650961129926, 6063197.009253193624318 ], [ 530811.075806219829246, 6063200.316535609774292 ], [ 530804.463868365506642, 6063202.300661420449615 ], [ 530794.546146476641297, 6063202.301324458792806 ], [ 530782.865451170946471, 6063205.222373913042247 ], [ 530756.02176069340203, 6063205.528441036120057 ], [ 530736.587448614183813, 6063212.031413151882589 ], [ 530741.351172074908391, 6063221.559311172924936 ], [ 530755.525631934055127, 6063263.59369904641062 ], [ 530613.998122027725913, 6063297.204731000587344 ], [ 530597.707248289952986, 6063297.205834562890232 ], [ 530575.307528242119588, 6063282.952183200977743 ], [ 530566.144102417281829, 6063267.679458133876324 ], [ 530555.962545975577086, 6063246.297385243698955 ], [ 530522.363400942995213, 6063182.151587339118123 ], [ 530512.181831771973521, 6063158.7331308927387 ], [ 530500.982024302589707, 6063144.478809542022645 ], [ 530487.74575320223812, 6063132.260987419635057 ], [ 530470.4367445159005, 6063126.152842721901834 ], [ 530463.410987527109683, 6063123.78750423155725 ], [ 530463.031051673926413, 6063117.707653152756393 ], [ 530448.713887337362394, 6063058.23919886443764 ], [ 530433.876629613223486, 6063015.084122466854751 ], [ 530448.539921361836605, 6063016.060723035596311 ], [ 530457.337858685757965, 6063016.548863650299609 ], [ 530466.255498545477167, 6063017.768998612649739 ], [ 530482.570897596655414, 6063021.964264278300107 ], [ 530493.292325797607191, 6063007.513407495804131 ], [ 530505.878342392155901, 6062993.528834718279541 ], [ 530515.667492562555708, 6062981.40876648388803 ], [ 530512.870380813255906, 6062960.431944442912936 ], [ 530520.175636949599721, 6062945.937909549102187 ], [ 530530.657547710346989, 6062929.049871893599629 ], [ 530532.448559587821364, 6062917.545748851262033 ], [ 530531.049953973153606, 6062898.433503467589617 ], [ 530530.117547057918273, 6062880.253548993729055 ], [ 530520.328288619290106, 6062875.125950712710619 ], [ 530510.539072635001503, 6062876.058303814381361 ], [ 530502.614529154845513, 6062876.058353586122394 ], [ 530498.419143485254608, 6062873.261402202770114 ], [ 530511.005136656924151, 6062855.547558962367475 ], [ 530515.200443273992278, 6062845.758307453244925 ], [ 530506.569175745244138, 6062840.448602594435215 ], [ 530494.517921452410519, 6062832.982134035788476 ], [ 530483.092653098050505, 6062823.573179273866117 ], [ 530466.962875560275279, 6062808.563694784417748 ], [ 530443.216218828223646, 6062786.161515034735203 ], [ 530424.622253020876087, 6062768.687765868380666 ], [ 530412.972871549893171, 6062757.486724925227463 ], [ 530407.148288246709853, 6062752.782197901047766 ], [ 530418.604579369537532, 6062734.125767832621932 ], [ 530430.352441303781234, 6062710.462176245637238 ], [ 530432.901619470329024, 6062693.929385792464018 ], [ 530435.018551575834863, 6062669.596758802421391 ], [ 530437.58034603705164, 6062592.3960335329175 ], [ 530436.672073315246962, 6062563.338561560958624 ], [ 530436.321401221095584, 6062552.118849736638367 ], [ 530435.31473046168685, 6062539.360153626650572 ], [ 530432.164423940121196, 6062486.689776754006743 ], [ 530427.225571039598435, 6062392.766726022586226 ], [ 530423.790780039737001, 6062342.493232384324074 ], [ 530425.286075795302168, 6062327.752736376598477 ], [ 530421.523396759992465, 6062310.279393025673926 ], [ 530403.787726634764113, 6062293.506133629009128 ], [ 530343.199930056347512, 6062236.232651966623962 ], [ 530270.911364072351716, 6062185.324095765128732 ], [ 530218.985935456119478, 6062148.669702690094709 ], [ 530165.023851876147091, 6062118.124775097705424 ], [ 530095.788908574031666, 6062090.634819689206779 ], [ 530021.463643946335651, 6062052.962575769983232 ], [ 529981.754529682570137, 6062034.635965087451041 ], [ 529975.238261170685291, 6062031.892526824958622 ], [ 529972.946075142244808, 6062030.92754818033427 ], [ 529980.026800799765624, 6061996.099070395343006 ], [ 529991.233494395040907, 6061944.867192902602255 ], [ 529998.170910045155324, 6061907.51063499879092 ], [ 530000.305513272644021, 6061895.236415406689048 ], [ 529998.704350710730068, 6061883.495815243571997 ], [ 529985.896409906679764, 6061877.091844705864787 ], [ 529972.554761290899478, 6061869.086990065872669 ], [ 529957.078428940381855, 6061860.548452194780111 ], [ 529937.332757416879758, 6061841.33662352245301 ], [ 529897.63734173157718, 6061806.41443979460746 ], [ 529899.749956026440486, 6061795.681209019385278 ], [ 529907.621485539246351, 6061762.218015851452947 ], [ 529916.804546224302612, 6061718.912788843736053 ], [ 529934.515434626024216, 6061643.456655651330948 ], [ 529945.666527966503054, 6061592.277778095565736 ], [ 529932.543314704787917, 6061590.310074948705733 ], [ 529917.936800352297723, 6061585.757002362050116 ], [ 529896.454134886153042, 6061581.126071684062481 ], [ 529866.270523552550003, 6061573.91011670883745 ], [ 529843.237962738145143, 6061567.950906882993877 ], [ 529843.151665443205275, 6061568.313404491171241 ], [ 529843.152222219505347, 6061577.344034628942609 ], [ 529835.941314168507233, 6061583.887630291283131 ], [ 529825.09146235184744, 6061593.600125353783369 ], [ 529814.255326710757799, 6061607.14668847899884 ], [ 529806.937186596100219, 6061623.489909642376006 ], [ 529796.195571701973677, 6061639.657853716984391 ], [ 529782.64961875625886, 6061646.883083485066891 ], [ 529762.781681746593677, 6061648.690293503925204 ], [ 529742.009996629902162, 6061641.46678058989346 ], [ 529713.109582715667784, 6061619.79482716973871 ], [ 529686.457471599103883, 6061601.737332126125693 ], [ 529667.953825158067048, 6061603.541935868561268 ], [ 529652.602013513911515, 6061615.282641403377056 ], [ 529642.393417175509967, 6061634.646457985974848 ], [ 529627.333675848320127, 6061673.690853549167514 ], [ 529602.937902962206863, 6061711.912914079613984 ], [ 529593.309709819382988, 6061733.373010451905429 ], [ 529596.618480998557061, 6061748.035777476616204 ], [ 529607.45670351467561, 6061765.193478514440358 ], [ 529615.063404708052985, 6061790.266038427129388 ], [ 529620.103438568301499, 6061818.473590301349759 ], [ 529618.297703086631373, 6061825.698246260173619 ], [ 529605.655196128645912, 6061841.050909150391817 ], [ 529581.27280536305625, 6061860.919610261917114 ], [ 529573.145530782057904, 6061870.853685260750353 ], [ 529573.145644179894589, 6061873.408565343357623 ], [ 529561.882630955893546, 6061889.075216547586024 ], [ 529624.271068431669846, 6061907.965979693457484 ], [ 529604.065541125019081, 6062037.407716052606702 ], [ 529572.4476301955292, 6062093.003089901059866 ], [ 529538.080885346280411, 6062123.588870991021395 ], [ 529466.558537581237033, 6062140.571890294551849 ], [ 529384.681386393145658, 6062128.133499684743583 ], [ 529202.303706736885943, 6062084.333281060680747 ], [ 529205.714744557044469, 6062030.694669275544584 ], [ 529205.253946999553591, 6061966.694362604990602 ], [ 529205.712433251668699, 6061949.467191626317799 ], [ 529186.020170731702819, 6061947.006733673624694 ], [ 529173.712323361542076, 6061940.238563585095108 ], [ 529162.019769134116359, 6061933.470287840813398 ], [ 529149.712035104283132, 6061928.548103275708854 ], [ 529140.481290501658805, 6061926.702575117349625 ], [ 529131.250663104350679, 6061927.318328912369907 ], [ 529118.94361982983537, 6061936.549235507845879 ], [ 529103.559581672307104, 6061943.934274381026626 ], [ 529095.911735739791766, 6061943.218429107218981 ], [ 529091.508999510435387, 6061948.355217331089079 ], [ 529079.76803596469108, 6061955.69383420329541 ], [ 529072.791638672584668, 6061963.011722477152944 ], [ 529064.358016610145569, 6061965.2340586213395 ], [ 529056.176690200809389, 6061966.704698451794684 ], [ 529047.561360339750536, 6061967.320448380894959 ], [ 529034.27129786554724, 6061973.307384620420635 ], [ 529025.408524326165207, 6061982.705369039438665 ], [ 529008.794153208262287, 6061998.705351083539426 ], [ 528989.103037202265114, 6062020.244010454975069 ], [ 528966.951533711166121, 6062039.936298157088459 ], [ 528962.028990027843975, 6062059.012983182445168 ], [ 528938.031461790553294, 6062073.166925393976271 ], [ 528917.110498145688325, 6062085.474662511609495 ], [ 528899.266181511455216, 6062092.859418119303882 ], [ 528882.037173480726779, 6062102.705551376566291 ], [ 528865.42355307599064, 6062110.705594570375979 ], [ 528848.809830986545421, 6062118.705637766048312 ], [ 528834.657485366915353, 6062126.090270614251494 ], [ 528814.351924338610843, 6062139.628694072365761 ], [ 528796.507638623472303, 6062151.936211612075567 ], [ 528781.739984523388557, 6062156.859367230907083 ], [ 528774.356053437571973, 6062159.320894702337682 ], [ 528752.819859214825556, 6062166.090277502313256 ], [ 528719.592474266188219, 6062175.321116356179118 ], [ 528694.3643875841517, 6062178.398251467384398 ], [ 528682.67328255425673, 6062179.013719790615141 ], [ 528673.443460038281046, 6062180.244568643160164 ], [ 528653.137892004451714, 6062177.168019335716963 ], [ 528632.216957199154422, 6062177.168250305578113 ], [ 528620.525882558198646, 6062183.321977236308157 ], [ 528609.450093799852766, 6062187.62961299624294 ], [ 528595.91301872220356, 6062190.706575106829405 ], [ 528580.530032237526029, 6062190.091376407071948 ], [ 528559.609093036153354, 6062190.091608482412994 ], [ 528547.918108546291478, 6062194.399248104542494 ], [ 528539.918884380487725, 6062196.860779435373843 ], [ 528531.30437872686889, 6062201.168400839902461 ], [ 528519.613378778100014, 6062203.014660048298538 ], [ 528507.306874993606471, 6062203.01473734062165 ], [ 528493.76984256785363, 6062198.092059316113591 ], [ 528485.770689225289971, 6062195.630629568360746 ], [ 528479.002118835458532, 6062191.938599244691432 ], [ 528468.541659851325676, 6062185.169717232696712 ], [ 528448.851300463080406, 6062167.939973315224051 ], [ 528427.314948366140015, 6062148.86405411735177 ], [ 528410.085883026360534, 6062134.095675160177052 ], [ 528392.241559980087914, 6062124.25026335939765 ], [ 528378.089133257046342, 6062118.712194312363863 ], [ 528362.090818905737251, 6062112.558841541409492 ], [ 528340.554558448027819, 6062109.482400650158525 ], [ 528315.941659766598605, 6062111.328840577043593 ], [ 528293.174785303417593, 6062119.328722169622779 ], [ 528279.022424283437431, 6062124.25177435297519 ], [ 528260.562904185731895, 6062130.405542688444257 ], [ 528248.871810750686564, 6062132.867097212001681 ], [ 528237.180717315757647, 6062135.328652841039002 ], [ 528235.949905079905875, 6062116.252806355245411 ], [ 528239.714040051912889, 6062110.474126898683608 ], [ 528247.432243891526014, 6062104.618522587232292 ], [ 528240.872309570549987, 6062075.024090336635709 ], [ 528234.719047722406685, 6062073.793538350611925 ], [ 528232.872973322868347, 6062059.640457670204341 ], [ 528259.331865238957107, 6062059.024596774019301 ], [ 528282.714087422937155, 6062059.024249669164419 ], [ 528312.249461981700733, 6062059.023764337413013 ], [ 528308.557437587645836, 6062035.024971128441393 ], [ 528305.28351163235493, 6062026.65485670324415 ], [ 528372.457409691647626, 6062028.240521529689431 ], [ 528398.374995973194018, 6062026.124275002628565 ], [ 528439.102495591971092, 6062027.710406865924597 ], [ 528474.540705764549784, 6062025.06490452773869 ], [ 528527.962479606503621, 6062022.41918966639787 ], [ 528531.245724954991601, 6062001.831726238131523 ], [ 528532.745059218024835, 6061992.430289798416197 ], [ 528566.102602291386575, 6061849.076176251284778 ], [ 528590.242278396617621, 6061747.53570300526917 ], [ 528594.380237261531875, 6061730.130109233781695 ], [ 528602.227668917737901, 6061697.120712420903146 ], [ 528609.895272855530493, 6061659.564751769416034 ], [ 528616.03076356893871, 6061633.522513409145176 ], [ 528641.177404846879654, 6061526.789371725171804 ], [ 528646.796709589543752, 6061502.936919706873596 ], [ 528647.643680345034227, 6061499.341741018928587 ], [ 528648.154959258856252, 6061496.561059892177582 ], [ 528651.143092256388627, 6061489.240396493114531 ], [ 528635.803766152122989, 6061482.893141073174775 ], [ 528570.040505382232368, 6061456.587855448015034 ], [ 528506.045227247639559, 6061430.128560637123883 ], [ 528532.502867042436264, 6061404.89868759829551 ], [ 528560.191300480160862, 6061380.284201722592115 ], [ 528592.186662916792557, 6061349.516135971993208 ], [ 528621.105565904639661, 6061321.824865956790745 ], [ 528648.178713988512754, 6061298.441075258888304 ], [ 528674.021158053656109, 6061273.211305651813745 ], [ 528702.940057706320658, 6061244.289446109905839 ], [ 528712.164623791933991, 6061234.749960853718221 ], [ 528719.461812035064213, 6061225.830182974226773 ], [ 528725.137545380624942, 6061221.775679207406938 ], [ 528734.867318733828142, 6061213.666780333034694 ], [ 528760.815907473559491, 6061243.668986840173602 ], [ 528778.653555072145537, 6061225.018618199974298 ], [ 528779.462507327087224, 6061186.907304080203176 ], [ 528778.651254359981976, 6061177.176783511415124 ], [ 528772.743640517350286, 6061168.033291002735496 ], [ 528724.321277973125689, 6061114.73960333969444 ], [ 528678.91564824944362, 6061150.41881562396884 ], [ 528657.021568309748545, 6061126.903532164171338 ], [ 528637.560088060097769, 6061105.820815598592162 ], [ 528624.585896482574753, 6061092.036002883687615 ], [ 528615.666794614051469, 6061096.901422411203384 ], [ 528588.916087832301855, 6061110.875983200967312 ], [ 528574.041263992665336, 6061120.731501207686961 ], [ 528560.531161882099696, 6061135.824270746670663 ], [ 528554.0449867680436, 6061147.987517797388136 ], [ 528550.80194976425264, 6061153.663694176822901 ], [ 528542.694085005437955, 6061165.01615890301764 ], [ 528533.775544308009557, 6061179.612104090861976 ], [ 528524.856555129517801, 6061186.910203157924116 ], [ 528510.081149706849828, 6061199.203202741220593 ], [ 528503.759656599140726, 6061209.244665112346411 ], [ 528494.462863263324834, 6061215.195177424699068 ], [ 528478.843807099270634, 6061218.542449976317585 ], [ 528463.596747187781148, 6061222.261617886833847 ], [ 528456.903023630497046, 6061226.352628667838871 ], [ 528447.978358504362404, 6061236.765905516222119 ], [ 528441.656868683174253, 6061246.621369797736406 ], [ 528433.104317968594842, 6061260.009919949807227 ], [ 528428.642108233994804, 6061268.563683587126434 ], [ 528403.353553383960389, 6061261.125999053940177 ], [ 528386.617421471746638, 6061235.465000224299729 ], [ 528375.831792726996355, 6061217.9858019342646 ], [ 528371.368783552548848, 6061211.29158064071089 ], [ 528365.41863507416565, 6061211.663615281693637 ], [ 528355.005239111720584, 6061200.506665595807135 ], [ 528347.567156680976041, 6061193.44056639727205 ], [ 528351.284894273849204, 6061172.614103671163321 ], [ 528352.399693151353858, 6061158.295906322076917 ], [ 528350.521892247837968, 6061139.069964591413736 ], [ 528352.953799038310535, 6061127.717636192217469 ], [ 528356.196269079111516, 6061110.689046007581055 ], [ 528361.871441251481883, 6061096.904015474021435 ], [ 528369.168180951150134, 6061080.686295223422348 ], [ 528386.195045136846602, 6061063.657617353834212 ], [ 528394.416897525079548, 6061050.63006613496691 ], [ 528403.341228771954775, 6061034.266335370019078 ], [ 528410.034498233115301, 6061021.99358624778688 ], [ 528417.099675725330599, 6061010.836427210830152 ], [ 528424.90853526617866, 6060998.191775595769286 ], [ 528429.976220733486116, 6060985.812339396215975 ], [ 528438.084222947363742, 6060980.136031785979867 ], [ 528452.679293607943691, 6060977.703157686628401 ], [ 528459.165933243348263, 6060976.081329475156963 ], [ 528462.09498646913562, 6060972.15804142691195 ], [ 528460.606744270422496, 6060962.860421296209097 ], [ 528455.026976525783539, 6060945.938786269165576 ], [ 528443.49532613158226, 6060907.632551440037787 ], [ 528436.799751357291825, 6060887.549748164601624 ], [ 528421.920256971148774, 6060838.644115233793855 ], [ 528414.480455984827131, 6060813.726352236233652 ], [ 528455.908590104547329, 6060805.794152645394206 ], [ 528484.021802403731272, 6060794.38736339006573 ], [ 528506.991218771552667, 6060792.819931457750499 ], [ 528503.356383693753742, 6060750.502678290009499 ], [ 528500.37848797685001, 6060716.473357662558556 ], [ 528497.028367714257911, 6060677.423377827741206 ], [ 528494.794490720145404, 6060646.183430763892829 ], [ 528491.570513305952772, 6060614.424093928188086 ], [ 528466.434227989753708, 6060617.667427347041667 ], [ 528431.567828372470103, 6060623.343302281573415 ], [ 528394.26884816295933, 6060628.208399983122945 ], [ 528369.943458890309557, 6060632.262621496804059 ], [ 528345.618171485606581, 6060636.316943677142262 ], [ 528315.616936236037873, 6060641.992887623608112 ], [ 528320.752692083711736, 6060673.14531762804836 ], [ 528322.06809708639048, 6060691.739966467022896 ], [ 528288.052592200576328, 6060697.133738392964005 ], [ 528263.552306320751086, 6060701.771557237021625 ], [ 528235.347967836540192, 6060708.486083831638098 ], [ 528206.968733380315825, 6060716.594999161548913 ], [ 528150.210155597305857, 6060729.569156428799033 ], [ 528095.073365505086258, 6060744.165291218087077 ], [ 528059.396702269325033, 6060753.896040960215032 ], [ 528023.719713304308243, 6060760.383215769194067 ], [ 527993.718794300220907, 6060768.492342639714479 ], [ 527958.852419457049109, 6060777.412892211228609 ], [ 527948.311307309544645, 6060779.034946136176586 ], [ 527945.068791435682215, 6060788.765891560353339 ], [ 527931.284641586826183, 6060795.253428932279348 ], [ 527917.499951633275487, 6060796.064509364776313 ], [ 527900.472210036357865, 6060800.930180069059134 ], [ 527883.44436090241652, 6060804.174160667695105 ], [ 527864.794939849176444, 6060809.850835418328643 ], [ 527863.097163848346099, 6060795.557354947552085 ], [ 527863.081262201187201, 6060795.367056593298912 ], [ 527859.116195739945397, 6060779.847300102934241 ], [ 527853.438523046439514, 6060761.19647840783 ], [ 527846.949526138487272, 6060737.680199828930199 ], [ 527841.270772479241714, 6060706.86577133461833 ], [ 527846.946725353249349, 6060706.054741823114455 ], [ 527854.168251875322312, 6060703.343516004271805 ], [ 527865.596151500009, 6060701.188961366191506 ], [ 527875.193139846320264, 6060695.01184943690896 ], [ 527884.035236843046732, 6060688.956239152699709 ], [ 527893.162639122456312, 6060669.563030385412276 ], [ 527898.837301048333757, 6060654.155712319537997 ], [ 527897.213687976356596, 6060633.882978122681379 ], [ 527902.076806855853647, 6060611.177421860396862 ], [ 527913.665034376550466, 6060597.812151221558452 ], [ 527923.157312669674866, 6060590.093450530432165 ], [ 527930.454526377143338, 6060585.227842040359974 ], [ 527936.94116091914475, 6060582.795019975863397 ], [ 527949.914746123598889, 6060580.362056490033865 ], [ 527962.077231095870957, 6060576.307310627773404 ], [ 527976.672398468013853, 6060573.063444888219237 ], [ 527981.560997920460068, 6060595.330243132077157 ], [ 528002.181342913885601, 6060675.023104609921575 ], [ 528156.55155133921653, 6060641.584589997306466 ], [ 528235.129845258896239, 6060625.422520505264401 ], [ 528210.608251914498396, 6060516.75040583498776 ], [ 528300.197934016119689, 6060495.22030758485198 ], [ 528294.518308096914552, 6060453.053565963171422 ], [ 528260.462920909631066, 6060461.161918407306075 ], [ 528230.461700301151723, 6060468.459550245665014 ], [ 528228.037977297557518, 6060446.900031290948391 ], [ 528180.99799550359603, 6060455.484261224977672 ], [ 528181.071125046350062, 6060428.698164862580597 ], [ 528132.586593902669847, 6060428.141174348071218 ], [ 528136.312678321846761, 6060461.640994441695511 ], [ 528138.771697260905057, 6060483.754810011014342 ], [ 528119.37577980174683, 6060489.541187150403857 ], [ 528100.726236564572901, 6060491.97358553763479 ], [ 528083.69838233536575, 6060494.406074422411621 ], [ 528065.859413231839426, 6060493.594892784021795 ], [ 528062.925004674820229, 6060456.563594534993172 ], [ 528058.466412474750541, 6060420.339598991908133 ], [ 528030.657693978631869, 6060399.392534374259412 ], [ 528015.915687294211239, 6060396.935146425850689 ], [ 527997.079573337803595, 6060403.487113823182881 ], [ 527988.071171110495925, 6060407.582439517602324 ], [ 527977.425521480967291, 6060418.230124651454389 ], [ 527971.693846077076159, 6060431.334760500118136 ], [ 527969.29958158696536, 6060450.433928334154189 ], [ 527973.758132739807479, 6060479.41318024136126 ], [ 527967.744280979386531, 6060479.809013932943344 ], [ 527877.346468520816416, 6060495.575360634364188 ], [ 527879.369983897195198, 6060579.552305599674582 ], [ 527854.233918114332482, 6060586.040013841353357 ], [ 527838.893749798298813, 6060588.643690590746701 ], [ 527838.072649218607694, 6060571.697625176049769 ], [ 527838.765041657956317, 6060571.722221575677395 ], [ 527838.763759324443527, 6060557.787826602347195 ], [ 527838.418467099196278, 6060542.821344069205225 ], [ 527838.416845780098811, 6060524.242186911404133 ], [ 527839.533219945034944, 6060504.974927521310747 ], [ 527840.907901632948779, 6060488.116147998720407 ], [ 527842.798684542067349, 6060471.773360317572951 ], [ 527844.517264593043365, 6060454.398382216691971 ], [ 527845.97848492639605, 6060443.904653270728886 ], [ 527848.385046483832411, 6060424.637385778129101 ], [ 527851.13592295057606, 6060408.466592156328261 ], [ 527858.786794553860091, 6060365.287174254655838 ], [ 527864.158165078493766, 6060351.732445207424462 ], [ 527866.140898711630143, 6060343.136598395183682 ], [ 527870.106678853859194, 6060329.250879930332303 ], [ 527869.44494817731902, 6060323.299928984604776 ], [ 527919.032452473416924, 6060320.654238214716315 ], [ 527983.826725579798222, 6060316.024566787295043 ], [ 528022.836238033254631, 6060317.347312370315194 ], [ 528038.043201788910665, 6060314.702735882252455 ], [ 528065.808285145321861, 6060265.773435851559043 ], [ 528079.432898276369087, 6060252.730450343340635 ], [ 528090.269640519516543, 6060240.647875187918544 ], [ 528100.846951964893378, 6060223.456539436243474 ], [ 528124.665317392442375, 6060183.803894083015621 ], [ 527909.808898870600387, 6060157.419345724396408 ], [ 527913.726651601144113, 6060138.819263934157789 ], [ 527917.030595107469708, 6060118.321399053558707 ], [ 527917.028233756776899, 6060092.533895996399224 ], [ 527913.720748012303375, 6060074.681053689680994 ], [ 527909.091074634576216, 6060057.489514729008079 ], [ 527911.072411733679473, 6060033.685584525577724 ], [ 527913.715593775152229, 6060017.816289054229856 ], [ 527916.543012180249207, 6060008.75614149402827 ], [ 527916.54268879245501, 6060005.185567777603865 ], [ 527919.715600994648412, 6059995.267123400233686 ], [ 527922.491452861693688, 6059974.636764522641897 ], [ 527926.853961527580395, 6059949.642328307032585 ], [ 527926.273306014365517, 6059939.791406890377402 ], [ 527926.272384619805962, 6059920.61585414595902 ], [ 527928.91556012223009, 6059888.215585364028811 ], [ 527930.897774824290536, 6059861.105280603282154 ], [ 527938.169345529633574, 6059833.333546901121736 ], [ 527941.473722945665941, 6059801.594469444826245 ], [ 527948.083863329724409, 6059769.194175746291876 ], [ 527949.405100495321676, 6059744.728655929677188 ], [ 527954.692732365452684, 6059707.699805281125009 ], [ 527959.981154272449203, 6059686.54033418558538 ], [ 527967.253050855943002, 6059662.735870689153671 ], [ 527971.880397937842645, 6059644.221383670344949 ], [ 527974.842572712455876, 6059627.923789101652801 ], [ 527973.201989992405288, 6059628.351795574650168 ], [ 527983.117869273526594, 6059589.339032931253314 ], [ 527987.168127538752742, 6059587.718619556166232 ], [ 527986.423620387678966, 6059585.371542818844318 ], [ 527996.340779927209951, 6059575.452855828218162 ], [ 528004.290140100056306, 6059563.332898726686835 ], [ 528008.07243963284418, 6059551.640164073556662 ], [ 528010.224255085922778, 6059541.069131380878389 ], [ 528015.51312562613748, 6059526.522209133952856 ], [ 528019.479715334484354, 6059513.297785713337362 ], [ 528025.429758172016591, 6059496.105980057269335 ], [ 528032.701739952899516, 6059469.657037804834545 ], [ 528042.618629737640731, 6059448.498036588542163 ], [ 528046.585316797252744, 6059435.273512491025031 ], [ 528051.212985547026619, 6059420.065401137806475 ], [ 528055.840535877156071, 6059402.212308738380671 ], [ 528067.042095220065676, 6059377.624026265926659 ], [ 528070.652386671747081, 6059364.211706298403442 ], [ 528072.371645178296603, 6059359.740928626619279 ], [ 528073.746893930016086, 6059353.550567826256156 ], [ 528076.153821167419665, 6059345.296816569752991 ], [ 528079.936003773473203, 6059331.196700126864016 ], [ 528083.60684096487239, 6059309.640942090190947 ], [ 528083.606152190244757, 6059295.093852817080915 ], [ 528096.16731762944255, 6059256.742767997086048 ], [ 528100.794978071702644, 6059240.212165017612278 ], [ 528112.034123829449527, 6059213.763297412544489 ], [ 528117.322850791271776, 6059193.265220927074552 ], [ 528125.917443435057066, 6059170.122343989089131 ], [ 528129.883999617537484, 6059152.269255748018622 ], [ 528133.850597694050521, 6059140.367222170345485 ], [ 528137.817153634387068, 6059123.175329403020442 ], [ 528149.056177061866038, 6059092.758991340175271 ], [ 528159.708549059927464, 6059084.959683714434505 ], [ 528167.617255029384978, 6059063.981294222176075 ], [ 528174.150387525907718, 6059045.410394734703004 ], [ 528179.652055948390625, 6059030.622374737635255 ], [ 528186.873080227640457, 6059011.363575962372124 ], [ 528194.781881451141089, 6058990.041589147411287 ], [ 528200.971749040181749, 6058975.597962041385472 ], [ 528203.034995641908608, 6058969.407796060666442 ], [ 528205.442122037173249, 6058961.154243944212794 ], [ 528207.849129481124692, 6058949.461817757226527 ], [ 528214.554629568941891, 6058925.732857201248407 ], [ 528217.815400089486502, 6058908.940965581685305 ], [ 528221.782273847609758, 6058893.733157092705369 ], [ 528229.05521629715804, 6058877.203037564642727 ], [ 528239.657747683813795, 6058863.487677102908492 ], [ 528247.910764374537393, 6058844.22947259619832 ], [ 528255.132303697639145, 6058828.066349972039461 ], [ 528257.71145350264851, 6058822.563976146280766 ], [ 528267.403439260902815, 6058800.503384778276086 ], [ 528275.337468994781375, 6058783.312065618112683 ], [ 528288.660623925970867, 6058760.31885779555887 ], [ 528293.13102500140667, 6058750.345906578935683 ], [ 528300.696500625112094, 6058738.997445807792246 ], [ 528307.181762350839563, 6058725.851805084384978 ], [ 528314.746321291313507, 6058712.287161548621953 ], [ 528324.658532828325406, 6058694.548735456541181 ], [ 528329.875524992588907, 6058683.33188839815557 ], [ 528338.744349282816984, 6058666.376062772236764 ], [ 528349.1782454327913, 6058646.811746902763844 ], [ 528421.174576902994886, 6058659.073801265098155 ], [ 528421.956523458473384, 6058619.944595353677869 ], [ 528426.157946488354355, 6058596.842945295386016 ], [ 528431.867961324402131, 6058558.642402213998139 ], [ 528566.26024610735476, 6058561.151638862676919 ], [ 528569.380480328109115, 6058586.055129437707365 ], [ 528582.543866478139535, 6058679.501831415109336 ], [ 528585.434077961370349, 6058748.840682347305119 ], [ 528587.069316114182584, 6058788.070271917618811 ], [ 528586.543441249988973, 6058807.60562554653734 ], [ 528584.472654993878677, 6058839.366395163349807 ], [ 528585.299939750228077, 6058853.798978890292346 ], [ 528586.459914443083107, 6058867.18796921055764 ], [ 528597.463930954341777, 6058866.908302779309452 ], [ 528600.363011538167484, 6058867.294881206005812 ], [ 528605.042470659245737, 6058866.186660864390433 ], [ 528631.284561816370115, 6058865.436301527544856 ], [ 528690.570601288811304, 6058864.650134587660432 ], [ 528691.158356843166985, 6058874.073359611444175 ], [ 528692.310057477094233, 6058891.920715804211795 ], [ 528692.310493008350022, 6058912.646757434122264 ], [ 528691.734957139356993, 6058922.433985930867493 ], [ 528716.490315141272731, 6058913.798696403391659 ], [ 528782.120537345181219, 6058886.165494804270566 ], [ 528814.935710168560036, 6058874.076082677580416 ], [ 528823.30562080827076, 6058869.891261885873973 ], [ 528823.581318408017978, 6058869.910959779284894 ], [ 528856.592698208638467, 6058859.684830796904862 ], [ 528907.137101993663236, 6058841.784350571222603 ], [ 529006.68703054857906, 6058808.424979887902737 ], [ 529015.180047054425813, 6058805.707147813402116 ], [ 528984.137116381665692, 6058587.609311770647764 ], [ 528992.071445243549533, 6058585.625876862555742 ], [ 529080.011766764218919, 6058569.094951971434057 ], [ 529073.398859753157012, 6058528.099905996583402 ], [ 529091.912545969244093, 6058516.197981307283044 ], [ 529101.830379806924611, 6058502.312425704672933 ], [ 529107.937456810846925, 6058489.925781766884029 ], [ 529128.938838831847534, 6058448.754064477048814 ], [ 529144.807186737656593, 6058412.387342990376055 ], [ 529161.337637126329355, 6058424.950244160369039 ], [ 529169.272210763650946, 6058430.239853270351887 ], [ 529175.129612216027454, 6058436.972264676354825 ], [ 529187.508715497446246, 6058453.329861916601658 ], [ 529210.939955096459016, 6058456.42429119721055 ], [ 529224.202849539928138, 6058455.982111319899559 ], [ 529242.328901349916123, 6058453.771413934417069 ], [ 529241.343999513075687, 6058436.851150680333376 ], [ 529273.74317193008028, 6058439.495726873166859 ], [ 529297.546699431026354, 6058441.479062016122043 ], [ 529312.754595019621775, 6058443.462550705298781 ], [ 529328.623611479066312, 6058449.413305459544063 ], [ 529358.378267553402111, 6058462.63721726089716 ], [ 529386.149245941778645, 6058477.183532477356493 ], [ 529401.3574195925612, 6058491.730025062337518 ], [ 529422.516350315301679, 6058506.276380692608654 ], [ 529437.724291585385799, 6058515.533214326947927 ], [ 529448.964937760611065, 6058520.822802679613233 ], [ 529466.156426143483259, 6058523.4674754999578 ], [ 529482.68661092815455, 6058525.45085631404072 ], [ 529499.878074152278714, 6058524.789552867412567 ], [ 529513.763367486535572, 6058524.128170605748892 ], [ 529532.277221590164118, 6058523.466760382056236 ], [ 529543.517736951936968, 6058524.12788415607065 ], [ 529552.232292583910748, 6058495.9768444346264 ], [ 529559.505104093230329, 6058474.81806118786335 ], [ 529565.455680453917012, 6058462.255019925534725 ], [ 529574.05102184729185, 6058447.708277156576514 ], [ 529584.629914505290799, 6058427.210667517967522 ], [ 529590.580478164483793, 6058413.325136833824217 ], [ 529595.869705489720218, 6058392.166364947333932 ], [ 529597.240917378803715, 6058379.489753758534789 ], [ 529586.774903220240958, 6058380.265113724395633 ], [ 529570.082442163256928, 6058382.248504062183201 ], [ 529490.07649256370496, 6058388.861454739235342 ], [ 529434.535158536396921, 6058394.812858250923455 ], [ 529378.993820174830034, 6058400.764362442307174 ], [ 529372.381776601308957, 6058401.425598341971636 ], [ 529366.429183028521948, 6058315.468293396756053 ], [ 529357.169943699147552, 6058203.062611599452794 ], [ 529352.871190653764643, 6058157.439188301563263 ], [ 529348.90263588540256, 6058095.946583629585803 ], [ 529342.950758322724141, 6058044.372215607203543 ], [ 529340.516460174112581, 6058010.369291234761477 ], [ 529416.555033636861481, 6058003.095169997774065 ], [ 529516.396279898704961, 6057988.547753459773958 ], [ 529569.953749785549007, 6057985.241241673007607 ], [ 529570.615941307507455, 6058000.448722370900214 ], [ 529584.501344208954833, 6058002.432219375856221 ], [ 529593.096972211380489, 6058001.109775545075536 ], [ 529599.981023652828299, 6058001.352230465970933 ], [ 529599.981155406101607, 6058006.829688625410199 ], [ 529598.416580971330404, 6058025.218457591719925 ], [ 529598.228547228965908, 6058050.762362872250378 ], [ 529595.761570948408917, 6058068.033747270703316 ], [ 529623.514110272284597, 6058076.487407583743334 ], [ 529640.044430086854845, 6058083.760548027232289 ], [ 529683.684530834201723, 6058104.918911932967603 ], [ 529748.483313069446012, 6058133.350287633016706 ], [ 529790.801031179493293, 6058155.831049688160419 ], [ 529815.266021982650273, 6058168.393800347112119 ], [ 529832.529958258965053, 6058179.467406755313277 ], [ 529850.310469810152426, 6058186.90723829716444 ], [ 529867.50199556874577, 6058195.502864001318812 ], [ 529889.983287859591655, 6058206.081942235119641 ], [ 529909.81968852004502, 6058214.677551319822669 ], [ 529925.02762148482725, 6058222.611895549111068 ], [ 529944.864026476745494, 6058231.207405063323677 ], [ 529987.180914375232533, 6058217.321546407416463 ], [ 530022.224378457758576, 6058206.742206452414393 ], [ 530046.309536858112551, 6058197.2972272336483 ], [ 530068.507943282951601, 6058193.518317135982215 ], [ 530080.409309638547711, 6058186.906293168663979 ], [ 530065.381720234057866, 6058170.522412464022636 ], [ 530055.283021766808815, 6058157.812873172573745 ], [ 530048.079888795618899, 6058144.570120244286954 ], [ 530041.159020384307951, 6058124.961813242174685 ], [ 530031.931016500340775, 6058097.279383561573923 ], [ 530025.010140844387934, 6058076.517685765400529 ], [ 530017.512460499536246, 6058055.179196073673666 ], [ 530010.014780928730033, 6058033.26391086075455 ], [ 530006.351012380910106, 6058016.974658832885325 ], [ 529997.754746973048896, 6057997.138464668765664 ], [ 530005.796852731378749, 6057991.075261010788381 ], [ 530041.457273482228629, 6057974.795461347326636 ], [ 530062.969851143658161, 6057965.492796743288636 ], [ 530098.630276348791085, 6057949.212897500023246 ], [ 530124.987998560070992, 6057937.19682368542999 ], [ 530142.123532311525196, 6057931.390060789883137 ], [ 530142.813407779904082, 6057928.76807638630271 ], [ 530125.290632750256918, 6057894.822846568189561 ], [ 530215.081461715046316, 6057881.683283093385398 ], [ 530210.697338194353506, 6057824.742945899255574 ], [ 530298.298511168221012, 6057815.983263301663101 ], [ 530348.669079082319513, 6057808.318305593915284 ], [ 530381.519289457937703, 6057802.843341697007418 ], [ 530394.663667903165333, 6057863.068898159079254 ], [ 530413.284002156113274, 6057938.624602370895445 ], [ 530428.617823740583844, 6057992.280095462687314 ], [ 530437.37980834627524, 6058032.796630309894681 ], [ 530444.954018428339623, 6058059.30317978002131 ], [ 530445.385817075148225, 6058059.295077498070896 ], [ 530449.462123241624795, 6058066.139598567970097 ], [ 530457.950302640441805, 6058104.257453654892743 ], [ 530468.496130962623283, 6058137.65233255084604 ], [ 530477.147958147688769, 6058168.218244493938982 ], [ 530481.762332793441601, 6058186.096378562040627 ], [ 530486.953413234557956, 6058205.704695313237607 ], [ 530492.72141091292724, 6058227.619891826994717 ], [ 530496.305355347692966, 6058239.144680871628225 ], [ 530497.628341863164678, 6058254.352456137537956 ], [ 530493.001040521194227, 6058280.139687350019813 ], [ 530488.37374718207866, 6058307.910404306836426 ], [ 530485.068722517346032, 6058331.7140429969877 ], [ 530480.441779913380742, 6058367.419298154301941 ], [ 530475.814605233143084, 6058397.173700001090765 ], [ 530471.848632164648734, 6058428.250587111338973 ], [ 530464.577165215043351, 6058472.551593665033579 ], [ 530456.645434540580027, 6058538.011442609131336 ], [ 530452.018039939575829, 6058564.459769723005593 ], [ 530448.712440224247985, 6058577.022794374264777 ], [ 530411.684931288007647, 6058577.683721235021949 ], [ 530358.788455543108284, 6058580.989427883177996 ], [ 530323.744534704484977, 6058582.97283280454576 ], [ 530262.913514633662999, 6058584.956100980751216 ], [ 530226.546982993604615, 6058583.633539051748812 ], [ 530198.115105729433708, 6058584.955706968903542 ], [ 530131.994436938664876, 6058588.922591468319297 ], [ 530079.759053236339241, 6058590.905905227176845 ], [ 530051.327175910584629, 6058592.228173826821148 ], [ 530015.621956173446961, 6058592.889193060807884 ], [ 529981.900422186357901, 6058594.211694025434554 ], [ 529985.231367998290807, 6058653.808816961944103 ], [ 529988.69311382889282, 6058713.210441894829273 ], [ 529992.443284214357845, 6058776.072236298583448 ], [ 529994.751383261522278, 6058826.246437879279256 ], [ 529996.427581343916245, 6058860.312166625633836 ], [ 529995.600192744052038, 6058861.055066659115255 ], [ 529996.389906556112692, 6058880.520912356674671 ], [ 529997.705648822360672, 6058904.195622554048896 ], [ 530003.72845522640273, 6058928.784096671268344 ], [ 530006.782167324679904, 6058950.22981384024024 ], [ 530009.680216750944965, 6058961.183410903438926 ], [ 530030.839178379508667, 6058965.150848031975329 ], [ 530092.993757515912876, 6058974.408087125048041 ], [ 530106.879482326330617, 6058979.036664738319814 ], [ 530202.627534996718168, 6058992.845356972888112 ], [ 530232.879040585481562, 6058998.632723350077868 ], [ 530264.971936998190358, 6059004.946173088625073 ], [ 530296.144233696628362, 6059010.733533681370318 ], [ 530310.628238665405661, 6059013.672419084236026 ], [ 530317.80921144480817, 6059017.388346140272915 ], [ 530327.726850279257633, 6059004.163984910584986 ], [ 530341.611261368845589, 6058975.070720398798585 ], [ 530350.033857740345411, 6058968.996914432384074 ], [ 530362.141429082141258, 6058963.699877549894154 ], [ 530390.896943029249087, 6058952.349085373803973 ], [ 530459.002040430437773, 6058923.593777124769986 ], [ 530500.621712405700237, 6058906.189249007962644 ], [ 530500.666714762337506, 6058906.279247898608446 ], [ 530504.479175029671751, 6058904.724636049941182 ], [ 530551.874409900861792, 6058888.453461895696819 ], [ 530582.289686245145276, 6058874.568178056739271 ], [ 530619.316904963343404, 6058858.699266268871725 ], [ 530644.442439691047184, 6058846.797700545750558 ], [ 530658.327695346670225, 6058840.846858481876552 ], [ 530690.726458587334491, 6058826.961660656146705 ], [ 530709.240059369243681, 6058818.366009837016463 ], [ 530733.70419339183718, 6058805.141957747749984 ], [ 530743.852968297549523, 6058797.926850265823305 ], [ 530763.713064589886926, 6058789.246292079798877 ], [ 530779.627398018958047, 6058782.670042111538351 ], [ 530798.040607136208564, 6058774.515587924048305 ], [ 530808.419506135396659, 6058771.42074715718627 ], [ 530824.949552043224685, 6058766.792379003018141 ], [ 530843.466344688669778, 6058819.689257091842592 ], [ 530862.644330637529492, 6058872.586132125928998 ], [ 530869.918565736617893, 6058887.132775220088661 ], [ 530875.209123392822221, 6058902.340725823305547 ], [ 530898.35119204968214, 6058893.745145501568913 ], [ 530928.105308374157175, 6058885.149524758569896 ], [ 530958.245387769769877, 6058871.319641914218664 ], [ 531000.859380484442227, 6058858.430372833274305 ], [ 531024.533355142688379, 6058851.327578705735505 ], [ 531050.443106010556221, 6058843.172676940448582 ], [ 531076.747553074616008, 6058835.017675338312984 ], [ 531104.104089309112169, 6058826.336569996550679 ], [ 531143.955207479535602, 6058813.972513734363019 ], [ 531162.105234071146697, 6058807.922047030180693 ], [ 531177.374879281385802, 6058802.496191491372883 ], [ 531182.004015224520117, 6058813.736676892265677 ], [ 531231.003049212391488, 6058926.718803935684264 ], [ 531231.003159028361551, 6058944.203270909376442 ], [ 531254.697354118805379, 6059004.172962430864573 ], [ 531267.116343743051402, 6059033.259061882272363 ], [ 531273.162362109287642, 6059043.880342080257833 ], [ 531282.369176891632378, 6059057.424281184561551 ], [ 531293.761890281457454, 6059073.590885852463543 ], [ 531302.739101109211333, 6059086.202232751995325 ], [ 531320.223628496285528, 6059111.856727085076272 ], [ 531342.283514345414005, 6059136.040604243054986 ], [ 531351.951000974164344, 6059145.661568406969309 ], [ 531365.48725774534978, 6059155.32231025211513 ], [ 531377.627589519135654, 6059159.072904548607767 ], [ 531391.083447936922312, 6059169.076444324105978 ], [ 531420.169541692943312, 6059187.812017912976444 ], [ 531425.723828539834358, 6059192.837044518440962 ], [ 531418.426491453428753, 6059193.558285279199481 ], [ 531391.316934535978362, 6059183.64063074067235 ], [ 531364.018577149952762, 6059173.018083387985826 ], [ 531335.775121035054326, 6059161.160552495159209 ], [ 531304.698412296362221, 6059153.88780212495476 ], [ 531256.761258264072239, 6059150.582529650069773 ], [ 531225.023483005934395, 6059147.276954076252878 ], [ 531209.870565233519301, 6059141.964589581824839 ], [ 531200.45649983920157, 6059136.068093837238848 ], [ 531178.054173837881535, 6059121.199548774398863 ], [ 531145.676873663556762, 6059097.026336342096329 ], [ 531123.172669803956524, 6059084.833872391842306 ], [ 531110.632108324905857, 6059075.868118699640036 ], [ 531071.619840368279256, 6059049.420166352763772 ], [ 531038.889046447584406, 6059026.278249291703105 ], [ 531015.085155753302388, 6059014.376789529807866 ], [ 530983.346529336064123, 6059003.797470729798079 ], [ 530923.174785397248343, 6058986.605678760446608 ], [ 530910.62205269781407, 6058983.064285253174603 ], [ 530910.621495414758101, 6058973.953155037946999 ], [ 530908.595460736309178, 6058949.656853335909545 ], [ 530908.087918103556149, 6058925.866738243028522 ], [ 530877.717801908147521, 6058933.965368189848959 ], [ 530843.298321995767765, 6058943.076213420368731 ], [ 530815.330786666134372, 6058951.27352777775377 ], [ 530817.483889419352636, 6058954.718087138608098 ], [ 530823.558160532731563, 6058957.755126316100359 ], [ 530827.34274520596955, 6058959.016592373140156 ], [ 530827.154244397999719, 6058959.513489749282598 ], [ 530824.961004934506491, 6058981.685633530840278 ], [ 530838.84671282931231, 6058984.330526258796453 ], [ 530847.442556599737145, 6058985.653062363155186 ], [ 530852.074292503995821, 6059045.162178231403232 ], [ 530857.369479665299878, 6059145.005379996262491 ], [ 530858.035078643239103, 6059225.012263121083379 ], [ 530858.03586506890133, 6059238.897757523693144 ], [ 530902.998381494428031, 6059232.285725047811866 ], [ 530906.30884279217571, 6059310.308808203786612 ], [ 530922.178021032596007, 6059310.308809210546315 ], [ 530956.561561741982587, 6059310.970087445341051 ], [ 530978.112485890742391, 6059308.786968594416976 ], [ 530984.246537461993285, 6059293.170950634405017 ], [ 530995.958649309584871, 6059293.170975537970662 ], [ 531039.459525256184861, 6059294.285695099271834 ], [ 531080.171834685839713, 6059297.631112528964877 ], [ 531082.849442790611647, 6059270.634603437967598 ], [ 531081.839489048230462, 6059196.685275295749307 ], [ 531099.37523069337476, 6059192.611496379598975 ], [ 531137.063187973457389, 6059184.676420535892248 ], [ 531152.931743825902231, 6059180.708850416354835 ], [ 531185.330158584751189, 6059174.757393109612167 ], [ 531203.843593672616407, 6059170.789907053112984 ], [ 531215.083677497575991, 6059166.161272305995226 ], [ 531235.580920843756758, 6059166.160842643119395 ], [ 531256.739251535618678, 6059165.499315134249628 ], [ 531281.006682192441076, 6059167.905144981108606 ], [ 531301.595728942193091, 6059168.3952118139714 ], [ 531318.231124729383737, 6059172.771573538891971 ], [ 531340.71220155491028, 6059180.044476361945271 ], [ 531361.209791544941254, 6059187.317392738536 ], [ 531392.947824402246624, 6059199.218601314350963 ], [ 531418.735083574079908, 6059208.474969113245606 ], [ 531431.959089922253042, 6059209.797176331281662 ], [ 531447.166566433617845, 6059208.474490722641349 ], [ 531457.920440668938681, 6059217.821151268668473 ], [ 531465.302818035590462, 6059223.052964918315411 ], [ 531480.888872306444682, 6059234.922075793147087 ], [ 531541.389511365327053, 6059283.121727195568383 ], [ 531578.947161059011705, 6059320.677203551866114 ], [ 531580.430260526831262, 6059322.160283313132823 ], [ 531581.932362008956261, 6059324.239958776161075 ], [ 531619.649501943029463, 6059376.460321783088148 ], [ 531631.183910705149174, 6059392.429927060380578 ], [ 531635.100239124963991, 6059401.417334152385592 ], [ 531665.206644273013808, 6059470.507715399377048 ], [ 531592.148317875573412, 6059473.297953001223505 ], [ 531594.937727282405831, 6059493.932977792806923 ], [ 531461.064760726992972, 6059495.436906033195555 ], [ 531419.409478981746361, 6059495.437867980450392 ], [ 531380.399080686969683, 6059496.10010836366564 ], [ 531380.023731981404126, 6059551.012390605174005 ], [ 531382.672778034000657, 6059641.597480553202331 ], [ 531385.037957663764246, 6059720.248664302751422 ], [ 531356.60676716058515, 6059719.58824703656137 ], [ 531297.099511554930359, 6059717.606436107307673 ], [ 531254.783333317725919, 6059716.946507658809423 ], [ 531221.723679637419991, 6059715.625125345773995 ], [ 531149.653826695983298, 6059714.966082978062332 ], [ 531137.275819640839472, 6059715.310357687063515 ], [ 531141.720944023691118, 6059740.75353519897908 ], [ 531145.028521433472633, 6059772.491471419110894 ], [ 531150.983822753187269, 6059859.770965943112969 ], [ 531154.954850874142721, 6059933.165079192258418 ], [ 531155.973414464038797, 6060007.511004202067852 ], [ 531160.25416981370654, 6060101.105961676687002 ], [ 531177.444933760678396, 6060100.444158161059022 ], [ 531191.990915884147398, 6060099.782471935264766 ], [ 531205.214613203541376, 6060099.120794014073908 ], [ 531214.014087425894104, 6060137.864741526544094 ], [ 531219.925163421081379, 6060173.31733359862119 ], [ 531225.7171623876784, 6060196.312021143734455 ], [ 531166.747199561679736, 6060210.085086034610868 ], [ 531133.920613125432283, 6060219.277722397819161 ], [ 531099.780933194793761, 6060229.126860504969954 ], [ 531087.532556883408688, 6060233.342305024154484 ], [ 531085.339819758548401, 6060272.786817844025791 ], [ 531084.029389316099696, 6060314.148410091176629 ], [ 531082.717957414570265, 6060339.096626065671444 ], [ 531082.91203680774197, 6060351.691729410551488 ], [ 531123.906110462150536, 6060366.23605976626277 ], [ 531150.353762157261372, 6060374.830428049899638 ], [ 531168.867276145843789, 6060383.425046418793499 ], [ 531186.058390885707922, 6060390.697282144799829 ], [ 531198.27303993573878, 6060397.524252992123365 ], [ 531219.940209537744522, 6060419.189151303842664 ], [ 531231.68186632078141, 6060426.399022130295634 ], [ 531242.261250605457462, 6060436.977375227026641 ], [ 531246.859861147357151, 6060444.136491850949824 ], [ 531247.396657039411366, 6060444.196787754073739 ], [ 531249.942699073813856, 6060453.981596975587308 ], [ 531270.232237864518538, 6060532.369269971735775 ], [ 531286.223213932244107, 6060596.145180364139378 ], [ 531301.869961857213639, 6060654.420337279327214 ], [ 531310.983014866476879, 6060690.348004852421582 ], [ 531315.109687241492793, 6060707.194550116546452 ], [ 531312.190110979601741, 6060755.155900882557034 ], [ 531311.041350298328325, 6060775.591951635666192 ], [ 531258.214247163967229, 6060790.91366680059582 ], [ 531219.142545451875776, 6060805.910896698944271 ], [ 531200.630224741995335, 6060811.861968073062599 ], [ 531200.113474421552382, 6060803.824932198040187 ], [ 531199.872981174034066, 6060803.8588344193995 ], [ 531196.327507066656835, 6060788.161576172336936 ], [ 531183.850518219755031, 6060742.861100686714053 ], [ 531167.433578678057529, 6060684.430151608772576 ], [ 531147.076041009277105, 6060606.30337687022984 ], [ 531136.56909481540788, 6060570.194419732317328 ], [ 531127.375563153880648, 6060538.024523752741516 ], [ 531126.526142290676944, 6060534.118558295071125 ], [ 531123.616671863361262, 6060534.582374151796103 ], [ 531030.996084273327142, 6060551.287427755072713 ], [ 530964.186005012830719, 6060584.693191067315638 ], [ 530914.835425389232114, 6060607.469627226702869 ], [ 530897.152214447152801, 6060615.455377589911222 ], [ 530897.583334505325183, 6060619.440343340858817 ], [ 530899.554333318257704, 6060637.823191054165363 ], [ 530900.211478176177479, 6060645.701626659370959 ], [ 530904.151713216910139, 6060656.206021166406572 ], [ 530911.375461891409941, 6060672.619250297546387 ], [ 530923.852192298043519, 6060692.971515839919448 ], [ 530931.075513795251027, 6060704.788880038075149 ], [ 530939.613002581638284, 6060729.080441079102457 ], [ 530947.494225606555119, 6060758.624265098944306 ], [ 530953.405561268562451, 6060787.511606895364821 ], [ 530956.30777197831776, 6060808.551827539689839 ], [ 530959.933983995928429, 6060830.750535793602467 ], [ 530960.664313779445365, 6060836.170588728971779 ], [ 530963.560200220206752, 6060853.6286367373541 ], [ 530945.15585332014598, 6060855.852435036562383 ], [ 530924.918018966796808, 6060857.489850649610162 ], [ 530924.259041890734807, 6060891.870690764859319 ], [ 530902.438216333976015, 6060893.854613387025893 ], [ 530881.939993879990652, 6060896.4998216368258 ], [ 530870.662116465973668, 6060806.595679881982505 ], [ 530851.609819518285803, 6060672.510826325975358 ], [ 530848.963616961147636, 6060653.469188150949776 ], [ 530846.877976412069984, 6060643.933674920350313 ], [ 530799.930244999937713, 6060645.256859697401524 ], [ 530731.823194633121602, 6060650.547446478158236 ], [ 530633.960579927777871, 6060655.838620642200112 ], [ 530616.768519056262448, 6060657.161318712867796 ], [ 530622.721014840179123, 6060679.64100921433419 ], [ 530633.964389758999459, 6060721.294620551168919 ], [ 530639.255586645216681, 6060742.452024932950735 ], [ 530614.129026885260828, 6060750.38662248570472 ], [ 530586.358162636985071, 6060770.22234474401921 ], [ 530557.262898921966553, 6060756.338233459740877 ], [ 530543.213241384248249, 6060746.303398831747472 ], [ 530541.372559092007577, 6060731.061326719820499 ], [ 530536.738775079837069, 6060695.638126705773175 ], [ 530532.071357050095685, 6060655.113266324624419 ], [ 530526.436122457147576, 6060610.877140724100173 ], [ 530526.607812532805838, 6060593.674071123823524 ], [ 530516.060581675847061, 6060592.03374998178333 ], [ 530481.319510273635387, 6060585.904215118847787 ], [ 530379.139177032164298, 6060552.190214865840971 ], [ 530373.444527184474282, 6060553.0444440478459 ], [ 530374.203324920265004, 6060568.944716916419566 ], [ 530379.496141745243222, 6060626.070047443732619 ], [ 530387.964856754057109, 6060718.898683425039053 ], [ 530394.845692088012584, 6060796.123749881982803 ], [ 530398.370309589896351, 6060866.820586732588708 ], [ 530392.076440577860922, 6060864.303544557653368 ], [ 530377.793299245997332, 6060856.369795271195471 ], [ 530361.922953838598914, 6060845.262380075640976 ], [ 530344.994828142924234, 6060836.799650533124804 ], [ 530332.298922042245977, 6060836.271034322679043 ], [ 530316.576242475421168, 6060836.345232931897044 ], [ 530314.840999503154308, 6060811.94013115670532 ], [ 530312.723978591151536, 6060789.724714210256934 ], [ 530310.606285987072624, 6060756.40148145519197 ], [ 530306.507644652156159, 6060712.880441842600703 ], [ 530306.901129220612347, 6060710.912753379903734 ], [ 530304.784110497450456, 6060689.755228386260569 ], [ 530303.19552988128271, 6060659.076774217188358 ], [ 530301.078616284881718, 6060638.448144312016666 ], [ 530298.049464458250441, 6060594.355601860210299 ], [ 530295.402539323316887, 6060554.685222027823329 ], [ 530292.662725547794253, 6060533.379901737906039 ], [ 530259.588696464314125, 6060520.51970823481679 ], [ 530198.280739569454454, 6060500.086848818697035 ], [ 530220.75582828221377, 6060414.264264522120357 ], [ 530224.79618634225335, 6060413.254148043692112 ], [ 530224.643589603016153, 6060413.194848758168519 ], [ 530206.378716604900546, 6060411.005480202846229 ], [ 530190.920636429451406, 6060411.211875745095313 ], [ 530169.760730513255112, 6060400.633389970287681 ], [ 530139.343364054802805, 6060385.426696901209652 ], [ 530108.264817112707533, 6060371.542498502880335 ], [ 530089.750014746445231, 6060364.269769911654294 ], [ 530080.492419237038121, 6060354.352305280044675 ], [ 530060.655018467339687, 6060345.75729473028332 ], [ 530044.124240427045152, 6060344.435208961367607 ], [ 530042.141247416147962, 6060359.642304679378867 ], [ 530036.85362638940569, 6060413.197728682309389 ], [ 530034.87065023148898, 6060430.388309038244188 ], [ 530034.871229191077873, 6060442.950713279657066 ], [ 530033.390023061190732, 6060456.157721556723118 ], [ 530035.575498446589336, 6060471.013593162409961 ], [ 530036.449855107464828, 6060481.06321058422327 ], [ 530039.038770684157498, 6060502.873527582734823 ], [ 530039.223298418684863, 6060506.746397512964904 ], [ 530039.500292552635074, 6060506.762296202592552 ], [ 530039.509891737485304, 6060506.842494183219969 ], [ 530047.689233994809911, 6060507.231840724125504 ], [ 530054.788512491853908, 6060512.120158399455249 ], [ 530061.341707047307864, 6060519.187263300642371 ], [ 530065.19772210624069, 6060526.807780295610428 ], [ 530076.086739585851319, 6060527.105810673907399 ], [ 530084.614565386902541, 6060461.532258623279631 ], [ 530139.359565445338376, 6060480.549569567665458 ], [ 530169.690900557208806, 6060491.253196489065886 ], [ 530171.69663952011615, 6060595.025290007703006 ], [ 530182.245901536662132, 6060698.116035371087492 ], [ 530054.542026920244098, 6060705.147482880391181 ], [ 530060.402774966438301, 6060768.407861213199794 ], [ 530008.852367347688414, 6060768.408885308541358 ], [ 529999.314737168839201, 6060766.886157068423927 ], [ 529971.362567618256435, 6060769.582012059167027 ], [ 529935.087464145384729, 6060773.133412700146437 ], [ 529894.051903108949773, 6060744.591188797727227 ], [ 529878.026138528482988, 6060731.470289108343422 ], [ 529880.820886365021579, 6060742.470488389953971 ], [ 529878.838003708980978, 6060758.338879151269794 ], [ 529876.194155671284534, 6060779.496733863838017 ], [ 529874.872013717424124, 6060787.430882088840008 ], [ 529887.434907739749178, 6060785.446717796847224 ], [ 529898.014331600046717, 6060786.107446325942874 ], [ 529910.577229532878846, 6060785.445572308264673 ], [ 529920.495358344749548, 6060786.106304990127683 ], [ 529933.719555478892289, 6060786.105622288770974 ], [ 529949.588538953685202, 6060786.104822300374508 ], [ 529967.441093912930228, 6060784.7816211162135 ], [ 529987.93852810561657, 6060783.458201966248453 ], [ 529995.872949861106463, 6060781.474367676302791 ], [ 530006.452805193723179, 6060787.42455490026623 ], [ 530017.033105004695244, 6060799.325597643852234 ], [ 530026.952312590670772, 6060813.210129193030298 ], [ 530034.887614751467481, 6060822.466408862732351 ], [ 530042.161494957050309, 6060828.41681710537523 ], [ 530044.806589959422126, 6060831.061480609700084 ], [ 530058.031752152484842, 6060840.978921427391469 ], [ 530073.901882683276199, 6060849.573856216855347 ], [ 530085.804421617765911, 6060854.201846644282341 ], [ 530099.029452995397151, 6060859.490922460332513 ], [ 530118.20563139137812, 6060863.457571048289537 ], [ 530132.091623635729775, 6060863.457283588126302 ], [ 530145.316426789038815, 6060864.118195747025311 ], [ 530163.169875968014821, 6060862.134299157187343 ], [ 530179.700739444815554, 6060860.150410868227482 ], [ 530190.280439291265793, 6060856.844369254074991 ], [ 530204.827836694312282, 6060858.166367910802364 ], [ 530219.375132291810587, 6060859.488366569392383 ], [ 530238.551306294742972, 6060863.455016260966659 ], [ 530255.743587388657033, 6060864.77699720300734 ], [ 530266.984810206340626, 6060866.760311665013433 ], [ 530282.854370328132063, 6060863.454137262888253 ], [ 530302.69117131375242, 6060856.180768406018615 ], [ 530321.20570838439744, 6060852.213282341137528 ], [ 530335.091692323097959, 6060850.890704600140452 ], [ 530342.365450202370994, 6060852.874043989926577 ], [ 530353.606909854453988, 6060860.146718686446548 ], [ 530363.52565683692228, 6060864.113526101224124 ], [ 530378.734594367095269, 6060872.047269565984607 ], [ 530391.959841452073306, 6060879.981126173399389 ], [ 530405.184982639155351, 6060887.253786197863519 ], [ 530415.103945630020462, 6060893.204079356975853 ], [ 530430.312993030063808, 6060903.121407036669552 ], [ 530445.521917801117525, 6060909.732761772349477 ], [ 530459.408244227292016, 6060915.021833428181708 ], [ 530471.656269843457267, 6060917.668637147173285 ], [ 530469.835234743077308, 6060942.337759069167078 ], [ 530475.811393124749884, 6060942.98141679726541 ], [ 530475.789395680651069, 6060943.167015627026558 ], [ 530491.729591739946045, 6060945.85749467369169 ], [ 530510.953162976074964, 6060949.330847941339016 ], [ 530539.017379298340529, 6060954.432231581769884 ], [ 530539.247480741236359, 6060954.246331625618041 ], [ 530550.000498040346429, 6060954.690160692669451 ], [ 530565.870388193172403, 6060956.012151043862104 ], [ 530596.408945851610042, 6060954.609370240941644 ], [ 530603.023799738613889, 6060923.69236583635211 ], [ 530619.576474006520584, 6060923.503962584771216 ], [ 530631.478890370461158, 6060924.825977847911417 ], [ 530644.660306782810949, 6060927.568274538032711 ], [ 530660.568444077856839, 6060937.11140113696456 ], [ 530677.53718398953788, 6060948.775305687449872 ], [ 530698.665743400109932, 6060967.574428088031709 ], [ 530722.734093112987466, 6060988.957513474859297 ], [ 530731.991972610820085, 6060996.891394994221628 ], [ 530738.04787298978772, 6061004.705698226578534 ], [ 530737.766609215992503, 6061009.769059928134084 ], [ 530735.797468496952206, 6061017.364114408381283 ], [ 530731.015501313027926, 6061032.835626010783017 ], [ 530723.98318990028929, 6061053.651811669580638 ], [ 530723.420716260210611, 6061073.061465608887374 ], [ 530727.921540715149604, 6061082.625564970076084 ], [ 530734.63742914039176, 6061088.796475144103169 ], [ 530745.372483988991007, 6061094.914661413058639 ], [ 530756.458268926944584, 6061105.986907101236284 ], [ 530765.715644275653176, 6061113.259692721068859 ], [ 530776.295393953449093, 6061117.887791034765542 ], [ 530785.552621815004386, 6061117.887532637454569 ], [ 530798.777327619143762, 6061118.548444808460772 ], [ 530809.357158037950285, 6061120.531762318685651 ], [ 530820.598100959556177, 6061125.15975690074265 ], [ 530833.161523869843222, 6061128.465451805852354 ], [ 530849.692347891861573, 6061136.399287644773722 ], [ 530863.578170047956519, 6061141.027265623211861 ], [ 530876.80280702537857, 6061147.638831954449415 ], [ 530893.333627135143615, 6061154.250276850536466 ], [ 530903.251975808758289, 6061158.217284518294036 ], [ 530913.831713029183447, 6061160.861697937361896 ], [ 530925.733832644997165, 6061162.845008251257241 ], [ 530940.942122390842997, 6061164.167002756148577 ], [ 530964.74654019321315, 6061164.166353172622621 ], [ 530985.244775409111753, 6061162.84353366214782 ], [ 530994.502003272529691, 6061162.843276370316744 ], [ 531006.403525418951176, 6061164.826486016623676 ], [ 531026.238324276055209, 6061172.760100859217346 ], [ 531046.073029696708545, 6061182.016206227242947 ], [ 531067.891251018503681, 6061195.900362107902765 ], [ 531096.982161585474387, 6061217.05751743260771 ], [ 531188.222443294711411, 6061245.485526400618255 ], [ 531184.916061483323574, 6061276.56130965333432 ], [ 531175.658977131126449, 6061314.910374552942812 ], [ 531168.476191980065778, 6061341.114020133391023 ], [ 531164.749246194027364, 6061361.403988328762352 ], [ 531161.850541759165935, 6061372.998316650278866 ], [ 531158.53758403158281, 6061391.424996751360595 ], [ 531164.748551982454956, 6061393.909238452091813 ], [ 531181.607866609469056, 6061400.864180138334632 ], [ 531190.86395749100484, 6061410.781645892187953 ], [ 531202.103555971290916, 6061424.004874089732766 ], [ 531208.053870821953751, 6061433.92246017139405 ], [ 531212.77958058565855, 6061440.698379174806178 ], [ 531223.545153239741921, 6061448.979547074064612 ], [ 531235.9668506574817, 6061463.8859554072842 ], [ 531239.279264722601511, 6061470.925180782563984 ], [ 531244.248060542508028, 6061475.479815221391618 ], [ 531255.013726151781157, 6061483.760984226129949 ], [ 531266.60748083377257, 6061490.799856661818922 ], [ 531278.615317021263763, 6061495.354247749783099 ], [ 531283.170088312006555, 6061495.97521435841918 ], [ 531292.021013361285441, 6061494.748267757706344 ], [ 531298.632654407643713, 6061493.425636140629649 ], [ 531302.599716941127554, 6061492.764316176995635 ], [ 531315.823105054092593, 6061490.780248411931098 ], [ 531340.431900047697127, 6061488.026715071871877 ], [ 531375.328213183791377, 6061484.827419373206794 ], [ 531384.459142873529345, 6061485.224660359323025 ], [ 531405.741906713461503, 6061488.793299280107021 ], [ 531423.953256074455567, 6061487.688392640091479 ], [ 531434.718977170879953, 6061487.89502287376672 ], [ 531470.742897430201992, 6061487.479600887745619 ], [ 531482.598803411237895, 6061486.771331082098186 ], [ 531498.485478059155867, 6061485.822239363566041 ], [ 531519.462617341079749, 6061486.144304852932692 ], [ 531531.363631125772372, 6061486.80512576084584 ], [ 531541.281141402432695, 6061484.821178330108523 ], [ 531554.798672471311875, 6061489.960854420438409 ], [ 531584.611391497543082, 6061497.827207031659782 ], [ 531616.908592687337659, 6061505.900442138314247 ], [ 531644.236934326705523, 6061513.352713227272034 ], [ 531670.737173829809763, 6061519.976894840598106 ], [ 531687.713875385699794, 6061525.359248718246818 ], [ 531696.409226972493343, 6061527.843273459002376 ], [ 531696.409242576803081, 6061530.327754417434335 ], [ 531712.143746681045741, 6061534.467925406061113 ], [ 531741.128383629024029, 6061543.990469246171415 ], [ 531762.659861677908339, 6061550.821882202289999 ], [ 531785.84753037604969, 6061557.860182855278254 ], [ 531798.269562880974263, 6061562.000473112799227 ], [ 531803.6219269487774, 6061563.33142898324877 ], [ 531807.189922400051728, 6061566.429883990436792 ], [ 531814.231855225749314, 6061580.232233076356351 ], [ 531829.738037255359814, 6061612.101992565207183 ], [ 531849.347539123147726, 6061653.093955391086638 ], [ 531850.004848663927987, 6061654.784138682298362 ], [ 531855.823817107942887, 6061656.820786614902318 ], [ 531866.060763573157601, 6061660.88669092208147 ], [ 531870.730147792492062, 6061664.273435542359948 ], [ 531876.576841431902722, 6061670.557449789717793 ], [ 531883.618931480566971, 6061677.693251389078796 ], [ 531885.134038468473591, 6061680.364220982417464 ], [ 531905.474028297350742, 6061687.143441718071699 ], [ 532038.414816986070946, 6061735.636635677888989 ], [ 532084.335913063492626, 6061743.836484166793525 ], [ 532144.534232993028127, 6061756.338010797277093 ], [ 532187.111546774744056, 6061762.969593582674861 ], [ 532232.61069948412478, 6061763.414103876799345 ], [ 532253.492318544071168, 6061759.807500226423144 ], [ 532276.766780903446488, 6061750.395426671952009 ], [ 532312.823199708829634, 6061733.530728315934539 ], [ 532362.403456892934628, 6061707.187418833374977 ], [ 532380.759215528378263, 6061691.279225057922304 ], [ 532391.462801403249614, 6061670.61961655318737 ], [ 532412.575669185840525, 6061595.831255725584924 ], [ 532430.78229905536864, 6061574.681203694082797 ], [ 532443.364567000768147, 6061568.389973158016801 ], [ 532495.266426191665232, 6061562.098095162771642 ], [ 532554.526261226274073, 6061560.342035334557295 ], [ 532608.369528813054785, 6061557.281821314245462 ], [ 532635.291071966988966, 6061548.71561845112592 ], [ 532691.863996049156412, 6061525.921436472795904 ], [ 532726.46485940751154, 6061499.183923146687448 ], [ 532761.422837186255492, 6061474.345594055019319 ], [ 532776.485679338104092, 6061467.498752254061401 ], [ 532807.295991470222361, 6061459.054223221726716 ], [ 532843.355598341091536, 6061455.85882119461894 ], [ 532873.481291335774586, 6061459.738502933643758 ], [ 532893.663080616272055, 6061466.958620849065483 ], [ 532894.716671233414672, 6061467.335510410368443 ], [ 532889.685365418437868, 6061475.942376787774265 ], [ 532888.429472091142088, 6061475.507687357254326 ], [ 532871.883766046026722, 6061469.780336131341755 ], [ 532851.886798382620327, 6061466.724484655074775 ], [ 532805.470263738883659, 6061467.954966318793595 ], [ 532791.320293275057338, 6061471.606727533973753 ], [ 532768.269642941304483, 6061482.789886568672955 ], [ 532736.774723200593144, 6061505.384311513975263 ], [ 532704.446323745651171, 6061529.853127169422805 ], [ 532686.68693361512851, 6061541.984446123242378 ], [ 532665.126943933079019, 6061548.726829759776592 ], [ 532614.798055040184408, 6061569.173490608111024 ], [ 532569.187315456569195, 6061570.747064470313489 ], [ 532503.130340611329302, 6061573.893654751591384 ], [ 532489.031857744790614, 6061575.137833598069847 ], [ 532483.55135303165298, 6061663.438792385160923 ], [ 532460.300777243683115, 6061670.475385539233685 ], [ 532467.643342376803048, 6061753.685902329161763 ], [ 532474.373959347722121, 6061828.330788586288691 ], [ 532457.853799324948341, 6061830.778373713605106 ], [ 532420.530233912402764, 6061838.120951558463275 ], [ 532392.996491588186473, 6061846.075363432988524 ], [ 532344.65937839797698, 6061864.431226884014904 ], [ 532300.60522956342902, 6061882.787062327377498 ], [ 532298.76990470464807, 6061780.609456075355411 ], [ 532298.633902696892619, 6061748.755301330238581 ], [ 532272.459974171360955, 6061759.807180846109986 ], [ 532237.952723350957967, 6061772.809498730115592 ], [ 532214.445591995841824, 6061771.716354598291218 ], [ 532163.548856808920391, 6061767.150909743271768 ], [ 532103.641543493838981, 6061756.33866813685745 ], [ 532059.603421458508819, 6061746.902817104943097 ], [ 532034.041504710796289, 6061744.930192505940795 ], [ 531965.919959257473238, 6061718.207524327561259 ], [ 531908.61936348315794, 6061696.579850512556732 ], [ 531888.341672332258895, 6061689.483331055380404 ], [ 531895.159648745553568, 6061710.234430684708059 ], [ 531912.963994964724407, 6061754.953376312740147 ], [ 531933.252686300198548, 6061810.43812349345535 ], [ 531946.502412211732008, 6061846.875761535950005 ], [ 531948.986745310481638, 6061854.32898966036737 ], [ 531958.510166828520596, 6061869.442114055156708 ], [ 531964.306982734357007, 6061879.37960097938776 ], [ 531988.736851046560332, 6061904.222657332196832 ], [ 532019.792507105506957, 6061935.277225184254348 ], [ 532059.130359416012652, 6061975.027674399316311 ], [ 532091.4287186244037, 6062007.532122016884387 ], [ 532115.172767012496479, 6062028.948508294299245 ], [ 532122.445663959369995, 6062036.882802781648934 ], [ 532133.024178706225939, 6062052.751415570266545 ], [ 532140.957847743527964, 6062073.248408870771527 ], [ 532146.246369807864539, 6062099.035077732987702 ], [ 532151.535427288850769, 6062114.242527163587511 ], [ 532158.146778059774078, 6062130.111164868809283 ], [ 532166.080519227893092, 6062147.302184111438692 ], [ 532176.310654559405521, 6062164.676885814405978 ], [ 532179.209154258714989, 6062168.403639937750995 ], [ 532184.592469099210575, 6062192.924518009647727 ], [ 532185.418957854155451, 6062208.155796326696873 ], [ 532183.845300989923999, 6062213.623264096677303 ], [ 532184.991981693427078, 6062227.698450116440654 ], [ 532182.875495932647027, 6062242.779647610150278 ], [ 532180.494258819380775, 6062250.452504163607955 ], [ 532193.458762401947752, 6062250.717020191252232 ], [ 532187.108973071328364, 6062276.910659160465002 ], [ 532188.265279535902664, 6062310.806792486459017 ], [ 532182.1078181512421, 6062325.097922624088824 ], [ 532173.627978921635076, 6062340.265958599746227 ], [ 532168.089446533820592, 6062344.404962132684886 ], [ 532163.344309608568437, 6062348.949657306075096 ], [ 532146.271013586549088, 6062377.153249046765268 ], [ 532131.129932220443152, 6062408.944700121879578 ], [ 532121.107699934393167, 6062423.682750443927944 ], [ 532113.171701298793778, 6062461.371012061834335 ], [ 532113.483625133056194, 6062498.037930117920041 ], [ 532113.829782610875554, 6062538.731016800738871 ], [ 532112.036727344617248, 6062560.282063282094896 ], [ 532111.623212552512996, 6062573.379464511759579 ], [ 532114.489164758240804, 6062584.353462824597955 ], [ 532115.49338516802527, 6062588.873121745884418 ], [ 532121.10009822587017, 6062614.107294018380344 ], [ 532115.149069624370895, 6062618.074500925838947 ], [ 532099.279810404637828, 6062621.38067533262074 ], [ 532086.71672161645256, 6062623.364338447339833 ], [ 532067.541211223695427, 6062630.637703152373433 ], [ 532057.623090715729631, 6062631.298960915766656 ], [ 532052.33325559925288, 6062634.604969305917621 ], [ 532051.00980658235494, 6062657.085705636069179 ], [ 532046.38012300466653, 6062686.17831127718091 ], [ 532043.734121265006252, 6062714.609810766763985 ], [ 532041.439245560672134, 6062747.627772348932922 ], [ 532039.864498752052896, 6062754.302330826409161 ], [ 532029.059120882884599, 6062775.799834679812193 ], [ 532022.550856228219345, 6062789.695168888196349 ], [ 532030.339109575725161, 6062791.593205625191331 ], [ 532050.828179538715631, 6062795.861543693579733 ], [ 532081.026985314092599, 6062802.005206389352679 ], [ 532104.562031654175371, 6062805.854330155067146 ], [ 532101.255257522454485, 6062822.384223410859704 ], [ 532116.392159209353849, 6062824.785710661672056 ], [ 532135.990103768650442, 6062824.49309023655951 ], [ 532155.880989310448058, 6062814.694239938631654 ], [ 532169.336549916188233, 6062808.990399363450706 ], [ 532192.140031445887871, 6062801.02701595518738 ], [ 532204.224811007385142, 6062796.979971864260733 ], [ 532216.86931829911191, 6062797.143791238777339 ], [ 532224.181965853087604, 6062798.313736851327121 ], [ 532240.561904609901831, 6062808.112358226440847 ], [ 532255.625569089781493, 6062821.56716083176434 ], [ 532264.608403906575404, 6062821.39130574837327 ], [ 532270.427362796152011, 6062821.906765315681696 ], [ 532307.554379331762902, 6062822.382628980092704 ], [ 532307.551908172550611, 6062891.147102220915258 ], [ 532307.651684811571613, 6062902.701112991198897 ], [ 532327.872244318132289, 6062905.589563792571425 ], [ 532372.35579245549161, 6062935.715454207733274 ], [ 532375.655097261886112, 6062955.9439781839028 ], [ 532371.686899824300781, 6062983.052996562793851 ], [ 532368.38031239178963, 6062997.599406286142766 ], [ 532365.735482929972932, 6063005.533861530013382 ], [ 532379.891691269003786, 6063007.918254119344056 ], [ 532387.032846772694029, 6063009.901894157752395 ], [ 532396.15781492786482, 6063015.852691270411015 ], [ 532400.918597328593023, 6063018.629740335047245 ], [ 532407.861153574078344, 6063020.456582265906036 ], [ 532418.956163402181119, 6063019.22372252959758 ], [ 532458.736803762498312, 6063026.74931494705379 ], [ 532512.49433163064532, 6063033.199728335253894 ], [ 532569.643785397987813, 6063031.314783387817442 ], [ 532598.852742438786663, 6063028.393722307868302 ], [ 532642.587213287944905, 6063028.898043993860483 ], [ 532653.515425864956342, 6063028.393278306350112 ], [ 532652.263987960061058, 6063068.677478846162558 ], [ 532641.513114570057951, 6063123.508926788344979 ], [ 532635.156900183414109, 6063161.08277880307287 ], [ 532631.671012980863452, 6063191.032671771012247 ], [ 532633.531002321047708, 6063191.329757616855204 ], [ 532626.919238884584047, 6063221.083971682004631 ], [ 532608.405843672342598, 6063278.60894727986306 ], [ 532604.438652338925749, 6063291.171876514330506 ], [ 532579.313431398943067, 6063368.533141793683171 ], [ 532566.089580783736892, 6063408.205621588043869 ], [ 532543.608211545157246, 6063401.594113389030099 ], [ 532508.56369519920554, 6063388.370734878815711 ], [ 532435.168606518302113, 6063364.568877886049449 ], [ 532430.540221943054348, 6063377.131910843774676 ], [ 532423.928227962343954, 6063386.388981094583869 ], [ 532404.75344847724773, 6063413.498893767595291 ], [ 532394.835402722703293, 6063426.062060625292361 ], [ 532379.627696090145037, 6063437.964164805598557 ], [ 532368.387145492713898, 6063447.882560282945633 ], [ 532343.261486063711345, 6063472.347929785959423 ], [ 532319.458091457956471, 6063491.523633143864572 ], [ 532306.89530950167682, 6063511.360260021872818 ], [ 532298.299731638049707, 6063519.956247936934233 ], [ 532290.794918447150849, 6063524.122163560241461 ], [ 532283.171756871743128, 6063521.925528045743704 ], [ 532261.478098466526717, 6063517.433099064044654 ], [ 532251.353601905051619, 6063521.941127149388194 ], [ 532243.489071708871052, 6063523.429965520277619 ], [ 532186.554954645456746, 6063531.199764354154468 ], [ 532152.373755180509761, 6063536.741436097770929 ], [ 532140.270288214785978, 6063543.764158654026687 ], [ 532129.69104091101326, 6063555.005038285627961 ], [ 532119.773080351180397, 6063564.923525034449995 ], [ 532119.773273522499949, 6063579.470313376747072 ], [ 532119.112349732546136, 6063591.372226621024311 ], [ 532121.096351101528853, 6063609.886173151433468 ], [ 532121.662349870312028, 6063626.103045240044594 ], [ 532131.676107254927047, 6063631.044744700193405 ], [ 532149.889449494308792, 6063644.968822546303272 ], [ 532158.125049346010201, 6063654.847595763392746 ], [ 532165.398699496290646, 6063671.377724604681134 ], [ 532171.350245010806248, 6063701.793353953398764 ], [ 532175.979200426372699, 6063732.208991601131856 ], [ 532177.276711456710473, 6063751.172138442285359 ], [ 532185.898331615957431, 6063781.138455440290272 ], [ 532195.816906378255226, 6063805.603005193173885 ], [ 532200.445824721828103, 6063829.40649448428303 ], [ 532212.348413372063078, 6063874.368475411087275 ], [ 532215.654847271391191, 6063899.494362849742174 ], [ 532213.671599531546235, 6063920.653313123621047 ], [ 532213.01073388219811, 6063941.812155518680811 ], [ 532214.333402886521071, 6063954.375151100568473 ], [ 532332.417874159757048, 6063966.133019945584238 ], [ 532330.809248490724713, 6063975.931954549625516 ], [ 532328.030631786677986, 6063986.169793527573347 ], [ 532324.813213484943844, 6063995.383843152783811 ], [ 532323.935738618252799, 6063997.577631207183003 ], [ 532321.734598763636313, 6064005.493884240277112 ], [ 532310.763884259853512, 6064005.212656478397548 ], [ 532302.936574023333378, 6064009.912869302555919 ] ] } },
{ "type": "Feature", "properties": { "layer": "WBK_GERUEST" }, "geometry": { "type": "LineString", "coordinates": [ [ 529783.552042808267288, 6061636.046260792762041 ], [ 529798.000647323904559, 6061622.499573196284473 ], [ 529805.263775859843008, 6061603.409974561072886 ], [ 529813.072536001680419, 6061591.138819318264723 ], [ 529832.594580065342598, 6061573.847628177143633 ], [ 529832.314433264778927, 6061566.507886420935392 ], [ 529825.088815462309867, 6061554.768421294167638 ], [ 529808.831482296693139, 6061529.483517957851291 ], [ 529802.508282874478027, 6061506.004137254320085 ], [ 529803.785618514288217, 6061497.484494577161968 ], [ 529803.748520472203381, 6061497.484494809992611 ], [ 529781.827208547038026, 6061501.040304821915925 ], [ 529771.755416105501354, 6061505.188036038540304 ], [ 529758.128963905852288, 6061512.890662013553083 ], [ 529742.725020065903664, 6061518.816014512442052 ], [ 529721.988819911610335, 6061525.334094239398837 ], [ 529700.66022365691606, 6061531.852278362028301 ], [ 529678.970857046078891, 6061542.01693725027144 ], [ 529670.683028773637488, 6061544.129973058588803 ], [ 529673.406550689018331, 6061534.815927078947425 ], [ 529680.515642370446585, 6061525.928751127794385 ], [ 529688.809390958980657, 6061511.709407333284616 ], [ 529708.359378698049113, 6061486.232679582200944 ], [ 529723.762327420641668, 6061464.903546256944537 ], [ 529731.463581822114065, 6061451.276602315716445 ], [ 529736.794958973652683, 6061438.242268528789282 ], [ 529745.08881979691796, 6061426.392707294784486 ], [ 529752.197689995751716, 6061413.950757379643619 ], [ 529756.936791335814632, 6061403.87880514934659 ], [ 529765.230543705751188, 6061390.251856378279626 ], [ 529777.671334970742464, 6061372.477514527738094 ], [ 529788.927364475792274, 6061358.850448687560856 ], [ 529797.813399977399968, 6061343.446110875345767 ], [ 529795.442410183488391, 6061326.85745199304074 ], [ 529782.999733475153334, 6061315.008921567350626 ], [ 529778.258761638891883, 6061297.82798211555928 ], [ 529775.888098794152029, 6061285.386492233723402 ], [ 529771.739294133498333, 6061263.465886574238539 ], [ 529766.998101487173699, 6061242.137679668143392 ], [ 529762.258472169283777, 6061232.27428375184536 ], [ 529755.770439847139642, 6061219.300624400377274 ], [ 529743.622351888217963, 6061206.635898432694376 ], [ 529725.765719958115369, 6061195.786692940630019 ], [ 529711.98008574207779, 6061189.3004295444116 ], [ 529703.870823142467998, 6061185.246410648338497 ], [ 529703.026525068562478, 6061184.571021605283022 ], [ 529702.761740723042749, 6061186.69040724914521 ], [ 529684.371715687215328, 6061208.14745866227895 ], [ 529646.568096610018983, 6061222.453486500307918 ], [ 529622.045956423855387, 6061218.3678716160357 ], [ 529608.764029845246114, 6061229.607568934559822 ], [ 529599.56908427295275, 6061242.890325301326811 ], [ 529597.528041258105077, 6061281.715840012766421 ], [ 529577.094540780759417, 6061304.194697200320661 ], [ 529576.582346664741635, 6061304.295599333010614 ], [ 529571.466738079674542, 6061313.06616367213428 ], [ 529565.913027702947147, 6061320.207344894297421 ], [ 529558.772317856666632, 6061325.761746818199754 ], [ 529553.615075501613319, 6061328.935754912905395 ], [ 529543.300707485061139, 6061337.664052903652191 ], [ 529535.366617122199386, 6061345.202045134268701 ], [ 529528.226126365829259, 6061353.930122936144471 ], [ 529527.43284818099346, 6061356.707206885330379 ], [ 529526.242887931643054, 6061361.071080378256738 ], [ 529528.226905312854797, 6061366.625025604851544 ], [ 529534.972258720546961, 6061383.485054082237184 ], [ 529548.066045037005097, 6061413.238044667057693 ], [ 529557.985612737364136, 6061435.850310455076396 ], [ 529556.002152721979655, 6061439.420894419774413 ], [ 529540.134521228726953, 6061463.026213988661766 ], [ 529525.456975462846458, 6061486.036530025303364 ], [ 529510.382844391977414, 6061509.840241537429392 ], [ 529489.358210162608884, 6061542.371924904175103 ], [ 529461.193104453384876, 6061587.400657841935754 ], [ 529446.515570555347949, 6061611.60096487775445 ], [ 529418.056320535950363, 6061648.58075955696404 ], [ 529402.653518211562186, 6061677.019438600167632 ], [ 529397.957328087766655, 6061688.925577994436026 ], [ 529410.33202061522752, 6061686.475919057615101 ], [ 529410.814878512639552, 6061696.896635640412569 ], [ 529410.022835614625365, 6061720.897957369685173 ], [ 529413.914219234487973, 6061739.226792181842029 ], [ 529413.915008487645537, 6061752.853288360871375 ], [ 529413.915793287102133, 6061766.47978453990072 ], [ 529414.786857445142232, 6061777.231296676211059 ], [ 529416.879520340589806, 6061790.177883636206388 ], [ 529418.064962106989697, 6061798.472213077358902 ], [ 529419.25029541994445, 6061804.989156088791788 ], [ 529418.658357108477503, 6061814.468486991710961 ], [ 529418.726594696636312, 6061836.004921307787299 ], [ 529437.690973480115645, 6061839.909172111190856 ], [ 529447.691513298661448, 6061842.904886668547988 ], [ 529460.133961754618213, 6061849.421258902177215 ], [ 529474.354007378802635, 6061858.307401438243687 ], [ 529490.35166274139192, 6061870.155710387043655 ], [ 529504.624331621453166, 6061883.41531948838383 ], [ 529518.199252359452657, 6061887.335503468289971 ], [ 529527.086603219271637, 6061889.704829715192318 ], [ 529535.973728143027984, 6061888.519483773037791 ], [ 529546.637894359068014, 6061880.816974868997931 ], [ 529551.692635114653967, 6061876.826174085959792 ], [ 529551.471428501186892, 6061876.273179707117379 ], [ 529562.632875666255131, 6061865.008296412415802 ], [ 529577.659877061494626, 6061851.889102385379374 ], [ 529591.205598096828908, 6061840.148606228642166 ], [ 529610.169645430054516, 6061822.989419152960181 ], [ 529610.169094325508922, 6061814.861880796961486 ], [ 529602.79222161648795, 6061778.552805518731475 ], [ 529591.636582846054807, 6061758.47292888443917 ], [ 529584.943126748665236, 6061741.739698603749275 ], [ 529585.50080960674677, 6061723.333137040026486 ], [ 529605.646071347407997, 6061693.851536110043526 ], [ 529617.384950236533768, 6061673.080520725809038 ], [ 529634.541156234452501, 6061631.5386314522475 ], [ 529647.182907259440981, 6061607.155337328091264 ], [ 529665.261974697932601, 6061592.255339000374079 ], [ 529690.530596025753766, 6061594.510162677615881 ], [ 529713.108804094605148, 6061607.151923957280815 ], [ 529738.396739006158896, 6061627.921006319113076 ], [ 529761.878035383764654, 6061639.659669037908316 ], [ 529783.552042808267288, 6061636.046260792762041 ] ] } },
{ "type": "Feature", "properties": { "layer": "WBK_GERUEST" }, "geometry": { "type": "LineString", "coordinates": [ [ 529494.105249186744913, 6061172.716023936867714 ], [ 529496.091748388018459, 6061142.911740176379681 ], [ 529494.789762623608112, 6061143.562843980267644 ], [ 529452.929292522952892, 6061145.577690973877907 ], [ 529452.461531618144363, 6061166.477533933706582 ], [ 529458.334814293542877, 6061171.557558403350413 ], [ 529462.996408969745971, 6061176.218593347817659 ], [ 529462.622173745883629, 6061185.763122165575624 ], [ 529456.205021721776575, 6061201.492541450075805 ], [ 529470.705709767527878, 6061201.502751581370831 ], [ 529494.105249186744913, 6061172.716023936867714 ] ] } },
{ "type": "Feature", "properties": { "layer": "WBK_GERUEST" }, "geometry": { "type": "LineString", "coordinates": [ [ 529080.848775797989219, 6061612.843051460571587 ], [ 529109.69469116081018, 6061570.416094632819295 ], [ 529069.079181313863955, 6061551.342296645976603 ], [ 528992.241927719442174, 6061513.00727214384824 ], [ 528941.698996656341478, 6061494.119135202839971 ], [ 528916.869459148845635, 6061521.603879717178643 ], [ 528887.780003247084096, 6061557.308789557777345 ], [ 528870.59077500924468, 6061579.128330495208502 ], [ 528914.889759498415515, 6061598.963500528596342 ], [ 528968.445086239487864, 6061620.120802013203502 ], [ 528998.198030282976106, 6061632.021823916584253 ], [ 529026.63068950350862, 6061644.583049452863634 ], [ 529051.757357290480286, 6061653.838421257212758 ], [ 529080.848775797989219, 6061612.843051460571587 ] ] } },
{ "type": "Feature", "properties": { "layer": "WBK_GERUEST" }, "geometry": { "type": "LineString", "coordinates": [ [ 529407.203530665603466, 6061095.400961924344301 ], [ 529425.647194011602551, 6061112.404616015031934 ], [ 529432.075587012805045, 6061103.094347075559199 ], [ 529443.713292369269766, 6061085.803806195035577 ], [ 529424.916050536907278, 6061072.548925274051726 ], [ 529407.203530665603466, 6061095.400961924344301 ] ] } },
{ "type": "Feature", "properties": { "layer": "WBK_GERUEST" }, "geometry": { "type": "LineString", "coordinates": [ [ 529561.697058828664012, 6060826.901546158827841 ], [ 529579.399645465542562, 6060814.201032646000385 ], [ 529557.072565883747302, 6060726.301845011301339 ], [ 529569.235842328402214, 6060721.436106394976377 ], [ 529590.31883841776289, 6060714.948123784735799 ], [ 529584.8545230361633, 6060690.009348801337183 ], [ 529582.784891950665042, 6060682.330320229753852 ], [ 529510.332391258445568, 6060705.317099824547768 ], [ 529518.588419156265445, 6060735.696915488690138 ], [ 529521.283295814180747, 6060751.090380403213203 ], [ 529524.747870306135155, 6060767.638232517056167 ], [ 529531.936796137364581, 6060764.41371242236346 ], [ 529543.990063412231393, 6060758.40118195861578 ], [ 529561.697058828664012, 6060826.901546158827841 ] ] } },
{ "type": "Feature", "properties": { "layer": "WBK_GERUEST" }, "geometry": { "type": "LineString", "coordinates": [ [ 529740.333613056922331, 6060686.560698300600052 ], [ 529751.686452822992578, 6060690.614496576599777 ], [ 529771.959574105218053, 6060703.587269458919764 ], [ 529787.365055227070116, 6060671.152020775713027 ], [ 529776.823095587198623, 6060664.665637435391545 ], [ 529765.470143892103806, 6060658.990151259116828 ], [ 529746.008021095884033, 6060647.639060078188777 ], [ 529734.655175600433722, 6060641.963575009256601 ], [ 529719.24764819140546, 6060634.666528192348778 ], [ 529707.894910230184905, 6060630.612729915417731 ], [ 529692.700383108691312, 6060624.30117432307452 ], [ 529677.482087092241272, 6060622.20188648160547 ], [ 529672.425120569649152, 6060621.292723854072392 ], [ 529665.907068931614049, 6060620.706870662048459 ], [ 529647.88792378664948, 6060623.317863926291466 ], [ 529620.317222438054159, 6060621.697448899969459 ], [ 529602.47746690234635, 6060622.509154446423054 ], [ 529591.935742707457393, 6060622.509621157310903 ], [ 529579.323439352679998, 6060622.407400816679001 ], [ 529568.693841151194647, 6060625.38404428679496 ], [ 529566.568761854083277, 6060641.965831114910543 ], [ 529564.868983882130124, 6060659.823105921968818 ], [ 529571.665809790487401, 6060671.162475244142115 ], [ 529592.74890832346864, 6060665.485386923886836 ], [ 529620.993826987571083, 6060655.143588242121041 ], [ 529635.725896956049837, 6060651.698621906340122 ], [ 529665.814404422300868, 6060642.348805104382336 ], [ 529675.892653076210991, 6060646.591409632004797 ], [ 529683.356229227385484, 6060651.386625856161118 ], [ 529695.55327037256211, 6060656.929807447828352 ], [ 529705.055930000613444, 6060662.496104290708899 ], [ 529712.410306322504766, 6060667.469120133668184 ], [ 529718.996979992254637, 6060671.183849438093603 ], [ 529729.418328201747499, 6060675.971747397445142 ], [ 529740.333613056922331, 6060686.560698300600052 ] ] } },
{ "type": "Feature", "properties": { "layer": "WBK_GERUEST" }, "geometry": { "type": "LineString", "coordinates": [ [ 528682.77235138148535, 6060455.192111736163497 ], [ 528667.672198525746353, 6060459.898669773712754 ], [ 528636.295362437143922, 6060463.624938854947686 ], [ 528639.041235091048293, 6060526.574739579111338 ], [ 528650.61145534098614, 6060527.947456422261894 ], [ 528671.790866554598324, 6060523.436858557164669 ], [ 528684.341590041993186, 6060526.966751595027745 ], [ 528699.759560641483404, 6060524.988470629788935 ], [ 528727.877013100543991, 6060519.318336888216436 ], [ 528726.700013400171883, 6060454.407341222278774 ], [ 528682.77235138148535, 6060455.192111736163497 ] ] } },
{ "type": "Feature", "properties": { "layer": "WBK_GERUEST" }, "geometry": { "type": "LineString", "coordinates": [ [ 529321.212391703156754, 6060475.193548182956874 ], [ 529341.725527153117582, 6060490.063305498100817 ], [ 529357.623738009366207, 6060510.830247418954968 ], [ 529370.444170920178294, 6060515.701129635795951 ], [ 529385.571843032841571, 6060514.162046217359602 ], [ 529389.672964749857783, 6060491.086696884594858 ], [ 529390.012402294902131, 6060465.211293458938599 ], [ 529394.066533161560073, 6060458.724216588772833 ], [ 529395.824036904028617, 6060445.961603250354528 ], [ 529394.875409077736549, 6060424.66777219530195 ], [ 529392.487392338342033, 6060387.248174528591335 ], [ 529338.130704730632715, 6060402.377599456347525 ], [ 529326.338999633677304, 6060450.579705184325576 ], [ 529321.212391703156754, 6060475.193548182956874 ] ] } },
{ "type": "Feature", "properties": { "layer": "WBK_GERUEST" }, "geometry": { "type": "LineString", "coordinates": [ [ 528617.899389846716076, 6060381.525482612662017 ], [ 528632.641153823700733, 6060378.458113821223378 ], [ 528646.425522506353445, 6060374.403958521783352 ], [ 528660.210003121057525, 6060371.971690256148577 ], [ 528666.696306206984445, 6060364.673805605620146 ], [ 528674.159547944436781, 6060348.643381240777671 ], [ 528681.765195088344626, 6060333.42945059761405 ], [ 528691.444763110368513, 6060308.533979199826717 ], [ 528703.693198793567717, 6060281.343210564926267 ], [ 528712.798661807668395, 6060254.499859294854105 ], [ 528679.715062854462303, 6060134.182087373919785 ], [ 528675.398814492975362, 6060105.900331526063383 ], [ 528684.024328144150786, 6060070.908044829964638 ], [ 528581.923533200402744, 6060058.44118214584887 ], [ 528558.91640468488913, 6060074.259004360064864 ], [ 528524.406150625785813, 6060103.019001616165042 ], [ 528560.859312910120934, 6060395.904830555431545 ], [ 528617.899389846716076, 6060381.525482612662017 ] ] } },
{ "type": "Feature", "properties": { "layer": "WBK_GERUEST" }, "geometry": { "type": "LineString", "coordinates": [ [ 529790.041208798764274, 6059711.506649159826338 ], [ 529798.830932080047205, 6059726.00858295802027 ], [ 529803.266445810673758, 6059733.326698278076947 ], [ 529805.39936517062597, 6059739.013941987417638 ], [ 529807.234180746832862, 6059743.906192607246339 ], [ 529809.540082546998747, 6059747.212352431379259 ], [ 529814.171986394911073, 6059753.853372820653021 ], [ 529823.077235696604475, 6059756.565595960244536 ], [ 529830.956151300109923, 6059736.509600888006389 ], [ 529835.970026590046473, 6059722.422676543705165 ], [ 529837.880013471003622, 6059707.141981498338282 ], [ 529841.938884751056321, 6059691.62247443664819 ], [ 529832.08125838835258, 6059691.425238026306033 ], [ 529810.43072701105848, 6059691.409075297415257 ], [ 529793.455855919513851, 6059691.396481037139893 ], [ 529776.995980888605118, 6059691.384184471331537 ], [ 529790.041208798764274, 6059711.506649159826338 ] ] } },
{ "type": "Feature", "properties": { "layer": "WBK_GERUEST" }, "geometry": { "type": "LineString", "coordinates": [ [ 528850.843582430970855, 6059629.542874762788415 ], [ 528861.21133141440805, 6059634.501671713776886 ], [ 528869.56898544728756, 6059637.636295237578452 ], [ 528880.538529619458131, 6059641.815793629735708 ], [ 528887.851730116410181, 6059650.696681236848235 ], [ 528894.554122877074406, 6059657.152588894590735 ], [ 528898.404006532742642, 6059643.989965691231191 ], [ 528908.397411367623135, 6059624.941548085771501 ], [ 528916.02532764011994, 6059604.880254079587758 ], [ 528920.004638108774088, 6059595.528501411899924 ], [ 528920.758319761720486, 6059593.75710997544229 ], [ 528898.050372100551613, 6059590.21357861161232 ], [ 528882.62647623126395, 6059588.00959284324199 ], [ 528870.819156002020463, 6059586.512678878381848 ], [ 528856.692238286137581, 6059582.556398249231279 ], [ 528855.038214038475417, 6059591.888636925257742 ], [ 528847.338668152107857, 6059591.478787855245173 ], [ 528829.286498366389424, 6059590.184510842896998 ], [ 528828.439179540262558, 6059601.769328281283379 ], [ 528827.671627983800136, 6059609.067877331748605 ], [ 528827.760627261712216, 6059609.100176588632166 ], [ 528853.540191258653067, 6059618.456343646161258 ], [ 528850.843582430970855, 6059629.542874762788415 ] ] } },
{ "type": "Feature", "properties": { "layer": "WBK_GERUEST" }, "geometry": { "type": "LineString", "coordinates": [ [ 530785.739661812898703, 6059596.103278019465506 ], [ 530805.453736752970144, 6059599.928224422037601 ], [ 530806.925947370938957, 6059619.347666717134416 ], [ 530839.161294682417065, 6059618.22097320202738 ], [ 530842.350406081881374, 6059560.76059281732887 ], [ 530806.836057772743516, 6059557.16934435069561 ], [ 530805.639764280989766, 6059572.731632499024272 ], [ 530790.875477914232761, 6059572.731624552980065 ], [ 530786.326809482765384, 6059572.858852137811482 ], [ 530785.739661812898703, 6059596.103278019465506 ] ] } },
{ "type": "Feature", "properties": { "layer": "WBK_GERUEST" }, "geometry": { "type": "LineString", "coordinates": [ [ 530256.025985705316998, 6059177.409708897583187 ], [ 530251.745060940738767, 6059183.666888127103448 ], [ 530243.910344816511497, 6059203.51708563696593 ], [ 530294.059049691306427, 6059217.621362877078354 ], [ 530322.789855750277638, 6059222.322746720165014 ], [ 530337.938961699255742, 6059225.979423055425286 ], [ 530352.043062613811344, 6059226.501830449327826 ], [ 530358.833784615271725, 6059222.845216551795602 ], [ 530364.857048486708663, 6059208.943884559907019 ], [ 530366.145889884443022, 6059200.383142097853124 ], [ 530366.667938345344737, 6059193.069894553162158 ], [ 530337.414622122072615, 6059186.278930597007275 ], [ 530286.743625865550712, 6059173.219448340125382 ], [ 530267.937826065928675, 6059166.428519440814853 ], [ 530262.713949672994204, 6059163.816672031767666 ], [ 530256.025985705316998, 6059177.409708897583187 ] ] } },
{ "type": "Feature", "properties": { "layer": "WBK_GERUEST" }, "geometry": { "type": "LineString", "coordinates": [ [ 529262.372478469624184, 6059111.588054396212101 ], [ 529280.413643200648949, 6059112.316535262390971 ], [ 529287.669288714067079, 6059096.096213138662279 ], [ 529292.364070307463408, 6059083.290681606158614 ], [ 529293.217532336944714, 6059078.168516140431166 ], [ 529294.070975600159727, 6059070.05837194621563 ], [ 529300.597780386335216, 6059047.347805653698742 ], [ 529289.740947568207048, 6059044.74219358805567 ], [ 529300.017913273186423, 6059019.987718037329614 ], [ 529305.203159876866266, 6059001.363628285937011 ], [ 529315.127603780361824, 6058973.155581927858293 ], [ 529324.007254988187924, 6058943.902850002981722 ], [ 529331.842234811745584, 6058918.829092292115092 ], [ 529335.498662712983787, 6058912.03822146076709 ], [ 529305.72366353624966, 6058907.337244670838118 ], [ 529287.440691328374669, 6058905.247975254431367 ], [ 529279.605246559949592, 6058904.203333447687328 ], [ 529270.724901661742479, 6058902.636300692334771 ], [ 529257.665687695494853, 6058900.546898894943297 ], [ 529258.187416902976111, 6058889.612178990617394 ], [ 529262.889177881996147, 6058889.577150145545602 ], [ 529258.187631169566885, 6058876.517978809773922 ], [ 529253.486246368614957, 6058872.339040691964328 ], [ 529248.26242467679549, 6058862.936446085572243 ], [ 529245.127986119128764, 6058853.011541535146534 ], [ 529244.083047853084281, 6058845.698404500260949 ], [ 529244.083005201304331, 6058838.907555528916419 ], [ 529241.993373636971228, 6058831.594425063580275 ], [ 529234.491320257657208, 6058829.163189954124391 ], [ 529221.098610930028372, 6058827.415688224136829 ], [ 529220.576493532396853, 6058839.95249486155808 ], [ 529218.487172674154863, 6058850.399928202852607 ], [ 529215.875696222647093, 6058866.593420990742743 ], [ 529215.876012316439301, 6058885.921073327772319 ], [ 529221.043367069214582, 6058900.421329420059919 ], [ 529225.917227662634104, 6058915.970180475153029 ], [ 529225.890631056157872, 6058915.96888067945838 ], [ 529228.413859464111738, 6058939.724882152862847 ], [ 529232.070713001070544, 6058952.784060052596033 ], [ 529235.750324867200106, 6058959.277086967602372 ], [ 529235.727441765251569, 6058962.186664502136409 ], [ 529241.474067921866663, 6058988.827324765734375 ], [ 529241.922316324315034, 6058997.35975593701005 ], [ 529249.066453542094678, 6059028.076676118187606 ], [ 529249.781234979745932, 6059041.649369441904128 ], [ 529252.667680821032263, 6059052.558066554367542 ], [ 529250.107205364038236, 6059069.205255654640496 ], [ 529262.912588736740872, 6059082.010577697306871 ], [ 529266.550818106159568, 6059091.214784229174256 ], [ 529262.372478469624184, 6059111.588054396212101 ] ] } },
{ "type": "Feature", "properties": { "layer": "WBK_GERUEST" }, "geometry": { "type": "LineString", "coordinates": [ [ 528965.991759020602331, 6059097.515623236075044 ], [ 529015.825727210962214, 6059089.314673267304897 ], [ 529049.597642707289197, 6059085.630288747139275 ], [ 529047.495367558440194, 6059071.22271317243576 ], [ 529042.893534957896918, 6059044.272347997874022 ], [ 529036.977088318555616, 6059014.035316160880029 ], [ 529034.053999372408725, 6058995.933173664845526 ], [ 529011.909877820755355, 6058997.362101160921156 ], [ 528978.337161721428856, 6059001.647780020721257 ], [ 528942.110009320778772, 6058997.049942096695304 ], [ 528934.572478225803934, 6058998.23998043127358 ], [ 528935.097171839443035, 6059014.69165075942874 ], [ 528935.755115319625475, 6059037.698071281425655 ], [ 528936.413193041458726, 6059067.27784055378288 ], [ 528938.269392408896238, 6059101.106769918464124 ], [ 528965.991759020602331, 6059097.515623236075044 ] ] } },
{ "type": "Feature", "properties": { "layer": "WBK_GERUEST" }, "geometry": { "type": "LineString", "coordinates": [ [ 526105.207191222347319, 6057034.53107956238091 ], [ 526106.000842566718347, 6057043.258907292038202 ], [ 526109.212715275469236, 6057058.604770551435649 ], [ 526112.783366794581525, 6057071.696447962895036 ], [ 526124.685259610065259, 6057084.787572978064418 ], [ 526132.978879620321095, 6057098.004919525235891 ], [ 526139.761084562866017, 6057106.606311623007059 ], [ 526145.712106102262624, 6057117.714188507758081 ], [ 526149.787091210833751, 6057120.677540893666446 ], [ 526120.724720901111141, 6057153.202274887822568 ], [ 526082.858157014823519, 6057191.786617266945541 ], [ 526023.557429250329733, 6057243.23299571685493 ], [ 526005.238283178885467, 6057261.462270401418209 ], [ 525988.26812262297608, 6057278.669446065090597 ], [ 525978.793869676534086, 6057290.027618177235126 ], [ 525969.43980948429089, 6057301.241790625266731 ], [ 525941.694383256952278, 6057278.939036908559501 ], [ 525925.917219148599543, 6057249.563260281458497 ], [ 525909.051628598361276, 6057199.51504919398576 ], [ 525900.602684847661294, 6057181.85063693113625 ], [ 525894.651006610249169, 6057162.012426988221705 ], [ 525887.011481540510431, 6057148.800075912848115 ], [ 525878.213447820860893, 6057132.255057458765805 ], [ 525868.577504992834292, 6057114.117256388999522 ], [ 525860.03317846765276, 6057099.607921791262925 ], [ 525851.573059854330495, 6057086.060278362594545 ], [ 525830.674557285616174, 6057044.465027766302228 ], [ 525818.772439809050411, 6057026.613140009343624 ], [ 525807.078131324495189, 6057011.808626160025597 ], [ 525800.063726607128046, 6057002.57314114458859 ], [ 525784.507607932784595, 6056980.496508100070059 ], [ 525781.859602277167141, 6056975.942059333436191 ], [ 525781.665498150046915, 6056975.608162580057979 ], [ 525784.559662428218871, 6056972.521967352367938 ], [ 525787.034023647196591, 6056969.883272524923086 ], [ 525793.17164278193377, 6056964.241578314453363 ], [ 525796.344395351712592, 6056961.325279844924808 ], [ 525806.659163581789471, 6056952.199985547922552 ], [ 525811.761405147379264, 6056949.406574715860188 ], [ 525816.391653840546496, 6056946.871565432287753 ], [ 525823.532662155223079, 6056940.920264556072652 ], [ 525827.41440930753015, 6056937.723365287296474 ], [ 525830.276976413675584, 6056935.365765540860593 ], [ 525835.83112188836094, 6056933.381845517084002 ], [ 525839.397780684987083, 6056931.515338078141212 ], [ 525841.570954788010567, 6056930.378132777288556 ], [ 525856.249699710053392, 6056922.839598110876977 ], [ 525863.790116775548086, 6056918.929380257613957 ], [ 525866.961284204386175, 6056917.284873940981925 ], [ 525871.462237628991716, 6056915.674057512544096 ], [ 525881.851036753389053, 6056911.956221179105341 ], [ 525889.651347628328949, 6056907.956403013318777 ], [ 525892.351517915492877, 6056906.571895803324878 ], [ 525897.667767419945449, 6056904.555077810771763 ], [ 525903.856502860668115, 6056902.207356780767441 ], [ 525904.133401517057791, 6056901.811759367585182 ], [ 525905.83717507077381, 6056899.37776695843786 ], [ 525906.633556910557672, 6056898.239970659837127 ], [ 525911.394175211316906, 6056891.098594172857702 ], [ 525917.741792452055961, 6056884.750703576020896 ], [ 525922.713400997454301, 6056877.042230699211359 ], [ 525924.498670837143436, 6056873.620446220040321 ], [ 525927.474108707043342, 6056867.917370672337711 ], [ 525930.647829281515442, 6056859.189218207262456 ], [ 525933.424878347897902, 6056854.428436912596226 ], [ 525933.571374204242602, 6056854.054139729589224 ], [ 525936.995292980456725, 6056845.303584359586239 ], [ 525937.746067711152136, 6056842.206703106872737 ], [ 525940.169088013237342, 6056832.211465198546648 ], [ 525946.516536761657335, 6056815.945449979044497 ], [ 525949.29355841933284, 6056806.820700876414776 ], [ 525957.624616270069964, 6056794.521843835711479 ], [ 525964.368803865858354, 6056785.000073508359492 ], [ 525967.027236722758971, 6056777.024417788721621 ], [ 525967.542523973737843, 6056775.478526966646314 ], [ 525969.640684700454585, 6056756.251160733401775 ], [ 525969.526063481112942, 6056752.865187387913465 ], [ 525969.885748817701824, 6056750.490803472697735 ], [ 525971.509565499261953, 6056739.773175273090601 ], [ 525970.682020191336051, 6056731.774642262607813 ], [ 525970.319306424702518, 6056728.268271073698997 ], [ 525965.95537475659512, 6056718.350374099798501 ], [ 525965.279666755232029, 6056716.323194072581828 ], [ 525963.574947427492589, 6056711.209444063715637 ], [ 525956.433936264715157, 6056700.498271132819355 ], [ 525949.689626634120941, 6056690.580488687381148 ], [ 525938.184723672457039, 6056676.29897079244256 ], [ 525927.473208762588911, 6056661.223953168839216 ], [ 525906.527184277889319, 6056631.279613733291626 ], [ 525899.78298688645009, 6056623.742114194668829 ], [ 525890.181365683441982, 6056608.857987692579627 ], [ 525885.051192454295233, 6056606.949234768748283 ], [ 525873.122456427314319, 6056602.511143567040563 ], [ 525864.79132382478565, 6056602.908292874693871 ], [ 525857.836888582794927, 6056605.10472012963146 ], [ 525857.253698401502334, 6056605.28892295062542 ], [ 525855.258623237954453, 6056607.683116333559155 ], [ 525851.302884436445311, 6056612.430304702371359 ], [ 525850.8743848282611, 6056612.067710756324232 ], [ 525846.388598625664599, 6056608.27216836810112 ], [ 525846.145599132287316, 6056608.066570646129549 ], [ 525838.211190598784015, 6056597.355302020907402 ], [ 525831.423540733521804, 6056580.724073175340891 ], [ 525837.773473237408325, 6056578.025352338328958 ], [ 525841.900949545903131, 6056579.136518893763423 ], [ 525881.429306283127517, 6056556.911440850235522 ], [ 525882.540515457745641, 6056543.894033030606806 ], [ 525882.937349203974009, 6056533.339112043380737 ], [ 525881.302809620392509, 6056524.996684741228819 ], [ 525874.223604724975303, 6056515.894999623298645 ], [ 525859.219669453450479, 6056508.036353752017021 ], [ 525858.098579006385989, 6056507.769463239237666 ], [ 525844.215659363078885, 6056504.464475843124092 ], [ 525835.771517805987969, 6056503.113739082589746 ], [ 525826.353877778747119, 6056501.607309907674789 ], [ 525816.351139381411485, 6056498.749794793315232 ], [ 525797.774860607460141, 6056495.178138461895287 ], [ 525773.482799489982426, 6056488.034244960173965 ], [ 525756.335408707149327, 6056484.462481188587844 ], [ 525749.190760715748183, 6056483.748330997303128 ], [ 525744.666131527395919, 6056473.389938242733479 ], [ 525738.318777453619987, 6056457.521100837737322 ], [ 525720.611923436983489, 6056458.742402053438127 ], [ 525711.342001968645491, 6056459.902551113627851 ], [ 525711.3420044608647, 6056460.299348273314536 ], [ 525647.021161788841709, 6056470.891772127710283 ], [ 525661.763511098455638, 6056353.866474039852619 ], [ 525661.022516673547216, 6056353.472181877121329 ], [ 525661.488199646468274, 6056351.210296274162829 ], [ 525661.953936996753328, 6056342.096263395622373 ], [ 525662.619188274955377, 6056335.044512417167425 ], [ 525662.153544013155624, 6056327.260974800214171 ], [ 525662.75231770821847, 6056324.533392280340195 ], [ 525664.846684139105491, 6056321.24090472701937 ], [ 525669.885223700664937, 6056317.275203760713339 ], [ 525684.174612513044849, 6056317.274613940156996 ], [ 525710.609925592900254, 6056320.131625343114138 ], [ 525715.146813283441588, 6056307.96288977842778 ], [ 525718.006642266409472, 6056283.946655883453786 ], [ 525718.800067217554897, 6056272.838235452771187 ], [ 525722.767307137255557, 6056251.811571999453008 ], [ 525728.718025100766681, 6056230.784896086901426 ], [ 525734.668799198814668, 6056217.295961214229465 ], [ 525742.603043866110966, 6056202.616823756136 ], [ 525749.743942311848514, 6056194.682039341889322 ], [ 525755.694642663234845, 6056186.350666601210833 ], [ 525766.632478855550289, 6056173.616294864565134 ], [ 525780.120645279763266, 6056169.251844064332545 ], [ 525790.0384510072181, 6056165.681008905172348 ], [ 525796.981019207159989, 6056153.921255092136562 ], [ 525806.229011830757372, 6056132.160263280384243 ], [ 525802.420959673705511, 6056102.783411339856684 ], [ 525812.212974525406025, 6056069.054008875973523 ], [ 525803.724385420093313, 6055981.204034290276468 ], [ 525798.935377219342627, 6055974.102218822576106 ], [ 525794.174584326450713, 6055968.945188879035413 ], [ 525786.239630827563815, 6055951.093674483709037 ], [ 525763.257067158352584, 6055912.575114924460649 ], [ 525746.168987217941321, 6055879.687773229554296 ], [ 525733.870158306672238, 6055859.45610511675477 ], [ 525741.010898642707616, 6055859.455860014073551 ], [ 525740.613863290054724, 6055852.711914939805865 ], [ 525740.613497545709834, 6055842.397592790424824 ], [ 525737.438659862847999, 6055817.00850769970566 ], [ 525738.231348292320035, 6055799.950133425183594 ], [ 525739.420601503923535, 6055778.131292622536421 ], [ 525744.576467684702948, 6055746.791400364600122 ], [ 525748.146026485715993, 6055728.939614572562277 ], [ 525753.699167042854242, 6055710.691119834780693 ], [ 525756.475792881799862, 6055701.963568399660289 ], [ 525757.665652762749232, 6055696.409604345448315 ], [ 525751.714873266639188, 6055692.839368925429881 ], [ 525757.66470972134266, 6055673.797476514242589 ], [ 525762.028007310349494, 6055663.086330898106098 ], [ 525767.581488633644767, 6055651.18508724309504 ], [ 525771.548330659861676, 6055646.424599399790168 ], [ 525775.91196652315557, 6055641.664008380845189 ], [ 525783.449066387955099, 6055634.523215203545988 ], [ 525795.350026776199229, 6055627.382395718246698 ], [ 525804.077420181944035, 6055621.034988031722605 ], [ 525817.565160949947312, 6055612.307270850986242 ], [ 525831.449495285516605, 6055601.992763030342758 ], [ 525837.399909627623856, 6055596.042171059176326 ], [ 525843.746910649351776, 6055588.10799238178879 ], [ 525848.903712925617583, 6055578.983729508705437 ], [ 525853.267348262714222, 6055573.429843984544277 ], [ 525858.254295506048948, 6055571.407528408803046 ], [ 525862.788037883583456, 6055567.875826506875455 ], [ 525869.92877763195429, 6055567.082288005389273 ], [ 525877.862900389125571, 6055564.70205704588443 ], [ 525878.259131291997619, 6055553.99103591684252 ], [ 525873.498092428315431, 6055542.089956622570753 ], [ 525863.976474776980467, 6055527.412029610015452 ], [ 525856.835147705045529, 6055514.320873588323593 ], [ 525844.13961541862227, 6055493.692411909811199 ], [ 525834.249281110591255, 6055476.595505364239216 ], [ 525823.537812956958078, 6055468.264835809357464 ], [ 525810.446064654737711, 6055460.727575281634927 ], [ 525802.483495165477507, 6055456.005862408317626 ], [ 525788.22962864022702, 6055443.27274860162288 ], [ 525780.691849147202447, 6055437.322242453694344 ], [ 525765.984992918325588, 6055427.046712715178728 ], [ 525752.89301503484603, 6055413.955595175735652 ], [ 525737.420720157912001, 6055396.500625470653176 ], [ 525721.948103920556605, 6055375.07868758123368 ], [ 525710.046193602727726, 6055359.210482501424849 ], [ 525704.039647601544857, 6055344.014036879874766 ], [ 525700.354148075100966, 6055339.336495743133128 ], [ 525696.241632729419507, 6055332.397574665956199 ], [ 525696.556583725265227, 6055324.697132144123316 ], [ 525692.192457946250215, 6055315.572929071262479 ], [ 525688.621737012872472, 6055307.638812681660056 ], [ 525685.447474136715755, 6055294.150835695676506 ], [ 525686.637092503136955, 6055281.852921855635941 ], [ 525687.826368140056729, 6055263.60445452388376 ], [ 525697.346453056088649, 6055241.388864912092686 ], [ 525700.916008838801645, 6055222.346987448632717 ], [ 525706.865952610620297, 6055204.891884301789105 ], [ 525708.849076254642569, 6055194.974247279576957 ], [ 525705.675161618855782, 6055189.023613045923412 ], [ 525700.120971291442402, 6055183.866487407125533 ], [ 525688.219653281848878, 6055182.676271338947117 ], [ 525679.88882656104397, 6055183.866414226591587 ], [ 525671.954910961678252, 6055188.230130936019123 ], [ 525652.941516534541734, 6055197.712377703748643 ], [ 525638.10099266085308, 6055207.373097522184253 ], [ 525586.966769588761963, 6055236.748693662695587 ], [ 525577.718839507200755, 6055236.748751748353243 ], [ 525566.837964335456491, 6055211.725011182948947 ], [ 525514.615276536322199, 6055229.132806560955942 ], [ 525419.900880482047796, 6055258.349977464415133 ], [ 525409.733127035666257, 6055252.496985835023224 ], [ 525395.451749873813242, 6055254.877358442172408 ], [ 525381.170382677111775, 6055258.844417423941195 ], [ 525362.128558898228221, 6055264.001697544939816 ], [ 525334.756122565362602, 6055272.729402361437678 ], [ 525311.350545638008043, 6055279.473496931605041 ], [ 525287.945085406303406, 6055288.597975097596645 ], [ 525267.316590528236702, 6055296.532243476249278 ], [ 525263.534526965464465, 6055297.167561997659504 ], [ 525239.398122165352106, 6055251.606162343174219 ], [ 525231.414077826193534, 6055234.459443798288703 ], [ 525195.310851034359075, 6055170.191862693056464 ], [ 525182.615311268600635, 6055148.372609025798738 ], [ 525170.713060180773027, 6055126.156554317101836 ], [ 525157.224018157692626, 6055103.147114395163953 ], [ 525145.718565364484675, 6055080.931156772188842 ], [ 525127.865521202795208, 6055051.574194460175931 ], [ 525115.963372448808514, 6055030.15153271984309 ], [ 525104.457941491389647, 6055010.712453817017376 ], [ 525095.729405881720595, 6054994.446833099238575 ], [ 525087.000484416843392, 6054980.16439831443131 ], [ 525077.874754752847366, 6054964.295176760293543 ], [ 525067.955427970620804, 6054947.632365865632892 ], [ 525054.068276665522717, 6054923.035041686147451 ], [ 525044.148733874317259, 6054904.388645471073687 ], [ 525036.61000611144118, 6054890.503099939785898 ], [ 525026.293766833143309, 6054871.856707324273884 ], [ 525014.390323355328292, 6054850.036549220792949 ], [ 525003.677280860603787, 6054830.596765022724867 ], [ 524990.979745784541592, 6054809.570405378006399 ], [ 524979.472091050352901, 6054786.95725120883435 ], [ 524971.139065056690015, 6054772.67531290370971 ], [ 524961.615631317952648, 6054755.61630420666188 ], [ 524953.282704637851566, 6054740.937567632645369 ], [ 524944.552974680671468, 6054725.465441679582 ], [ 524950.900505657424219, 6054722.291426108218729 ], [ 524979.26464103278704, 6054714.938303504139185 ], [ 525015.762909061857499, 6054706.606238828040659 ], [ 525061.383786747581325, 6054695.100740794092417 ], [ 525107.004877951345406, 6054685.182228949852288 ], [ 525152.625964759965427, 6054675.26361864246428 ], [ 525181.585403112345375, 6054668.51888843998313 ], [ 525210.9415334983496, 6054661.774256421253085 ], [ 525258.546198979369365, 6054650.268544564954937 ], [ 525298.613431246485561, 6054640.746665628626943 ], [ 525320.43222969234921, 6054635.192171514034271 ], [ 525361.292958703124896, 6054625.273390850052238 ], [ 525393.426163071999326, 6054617.735145955346525 ], [ 525430.71662729838863, 6054609.799973043613136 ], [ 525457.295882327249274, 6054603.055257781408727 ], [ 525491.809362383675762, 6054594.723404720425606 ], [ 525526.322958669974469, 6054587.978439377620816 ], [ 525553.299000059487298, 6054580.043330135755241 ], [ 525571.944343946292065, 6054577.662732084281743 ], [ 525600.11048168851994, 6054570.124312964268029 ], [ 525613.598560730577447, 6054567.346949024125934 ], [ 525624.907284806598909, 6054568.747966785915196 ], [ 525629.468010328710079, 6054578.852262212894857 ], [ 525630.659293911070563, 6054593.531642181798816 ], [ 525632.643865644349717, 6054607.020825927145779 ], [ 525635.02502956870012, 6054620.113310692831874 ], [ 525650.526406342629343, 6054619.682516562752426 ], [ 525667.67345584044233, 6054616.824330860748887 ], [ 525689.821666251169518, 6054613.251519287005067 ], [ 525711.255481462576427, 6054610.393205977976322 ], [ 525733.403687447542325, 6054606.105899521149695 ], [ 525746.264086467097513, 6054606.105818747542799 ], [ 525754.123444081633352, 6054608.249254043214023 ], [ 525774.128601874224842, 6054610.392611945047975 ], [ 525793.109778946847655, 6054613.512369129806757 ], [ 525784.594763627857901, 6054585.20843858178705 ], [ 525773.891350417281501, 6054554.441841397434473 ], [ 525757.52061791124288, 6054512.451965726912022 ], [ 525746.050211636931635, 6054482.078469796106219 ], [ 525733.321850995183922, 6054472.597422518767416 ], [ 525714.819636362954043, 6054480.4263786803931 ], [ 525710.391978115891106, 6054497.122478975914419 ], [ 525703.647832461283542, 6054497.122620904818177 ], [ 525660.802667882875539, 6054498.313480634242296 ], [ 525653.263925816048868, 6054482.840646888129413 ], [ 525639.775530332815833, 6054482.444134688004851 ], [ 525602.087621158338152, 6054483.238164869137108 ], [ 525586.216755858622491, 6054453.482892731204629 ], [ 525560.823029306950048, 6054402.700740947388113 ], [ 525531.064686293248087, 6054343.587180525064468 ], [ 525558.04060535156168, 6054331.684401689097285 ], [ 525582.239654628676362, 6054321.368628690950572 ], [ 525622.307058046804741, 6054306.688289267010987 ], [ 525646.902908636024222, 6054297.562705024145544 ], [ 525650.571975224651396, 6054296.377291181124747 ], [ 525675.665232883300632, 6054288.269895589910448 ], [ 525726.902710956754163, 6054267.62953077442944 ], [ 525786.680007727700286, 6054244.853629874065518 ], [ 525800.099787827115506, 6054241.780569477006793 ], [ 525811.518941233516671, 6054264.01612770371139 ], [ 525816.327621848322451, 6054282.646054839715362 ], [ 525815.727935974020511, 6054300.074125077575445 ], [ 525835.561896367347799, 6054349.954118362627923 ], [ 525855.393648871104233, 6054366.780866459943354 ], [ 525890.849258194095455, 6054379.400547126308084 ], [ 525894.83462348266039, 6054378.638427707366645 ], [ 525923.43747180129867, 6054373.168788786046207 ], [ 525926.295788231887855, 6054379.599522417411208 ], [ 525929.019624417182058, 6054388.61353580839932 ], [ 525931.952543923514895, 6054395.716462640091777 ], [ 525936.137074921047315, 6054404.982565903104842 ], [ 525938.498194281593896, 6054411.421901185065508 ], [ 525938.498525146045722, 6054416.182865291833878 ], [ 525936.138071630964987, 6054420.639945978298783 ], [ 525931.156718743732199, 6054422.77516099717468 ], [ 525924.470977516146377, 6054423.168300528079271 ], [ 525920.318010297138244, 6054423.376024599187076 ], [ 525917.635547083453275, 6054426.333918660879135 ], [ 525919.059270984842442, 6054432.027466367930174 ], [ 525921.194602322066203, 6054439.14449861086905 ], [ 525924.105309268343262, 6054443.892143924720585 ], [ 525924.753431660006754, 6054448.396505400538445 ], [ 525924.472972444607876, 6054454.732858514413238 ], [ 525925.926913469098508, 6054462.623988882638514 ], [ 525926.965435436461121, 6054467.192548161372542 ], [ 525928.746071195579134, 6054475.652172181755304 ], [ 525929.250845349975862, 6054487.750975922681391 ], [ 525933.345716895069927, 6054488.390745592303574 ], [ 525953.578154521877877, 6054486.406733375974 ], [ 525985.315182979567908, 6054482.835461357608438 ], [ 526031.334500798722729, 6054477.676611157134175 ], [ 526078.147619872703217, 6054474.104445675387979 ], [ 526102.744424964068457, 6054472.516702031716704 ], [ 526133.291854046052322, 6054467.358150362037122 ], [ 526152.334496281458996, 6054464.977048638276756 ], [ 526193.990256182616577, 6054462.198609436862171 ], [ 526226.124793487484567, 6054459.023730479180813 ], [ 526233.891026986995712, 6054473.749969448894262 ], [ 526247.752390997367911, 6054501.075073906220496 ], [ 526247.777593874139711, 6054501.124672420322895 ], [ 526247.90269286558032, 6054501.450670284219086 ], [ 526258.887087367824279, 6054530.086481924168766 ], [ 526271.18668966984842, 6054561.428563530556858 ], [ 526281.105657480191439, 6054583.645732617005706 ], [ 526287.05709477874916, 6054597.531488364562392 ], [ 526296.975955799105577, 6054618.955062014050782 ], [ 526306.894817408057861, 6054641.172129317186773 ], [ 526316.813569208374247, 6054661.405512833967805 ], [ 526325.542127246153541, 6054681.242206230759621 ], [ 526339.428305848152377, 6054710.203597792424262 ], [ 526347.759943910874426, 6054726.866317979991436 ], [ 526358.472220332478173, 6054751.860358591191471 ], [ 526363.565344384056516, 6054762.258546427823603 ], [ 526367.994067108840682, 6054771.300150270573795 ], [ 526371.678800528403372, 6054780.836453357711434 ], [ 526374.738924205303192, 6054788.756374077871442 ], [ 526379.669018808286637, 6054809.339585123583674 ], [ 526373.718368525849655, 6054810.133316391147673 ], [ 526336.030695304623805, 6054816.086308226920664 ], [ 526283.664632583968341, 6054822.039991895668209 ], [ 526229.711898707202636, 6054830.771063211373985 ], [ 526233.114167443942279, 6054845.100532425567508 ], [ 526237.479087718646042, 6054870.095114074647427 ], [ 526241.050614428590052, 6054894.296207052655518 ], [ 526245.187988869147375, 6054927.575325881130993 ], [ 526249.949963255785406, 6054960.901339980773628 ], [ 526286.447153682936914, 6054955.741550555452704 ], [ 526321.754255297244526, 6054951.375361829996109 ], [ 526367.772354431450367, 6054943.834730733186007 ], [ 526401.492672522785142, 6054939.86534913815558 ], [ 526407.671844086027704, 6054958.558668036013842 ], [ 526409.258998746634461, 6054970.063970243558288 ], [ 526411.639542834833264, 6054979.585581468418241 ], [ 526412.43328654859215, 6054987.520316045731306 ], [ 526412.433647842262872, 6054997.835537658073008 ], [ 526412.830826770165004, 6055010.530237583443522 ], [ 526412.831424060859717, 6055026.001719148829579 ], [ 526413.048348861862905, 6055029.685890192165971 ], [ 526413.625401809578761, 6055039.489611523225904 ], [ 526413.229185794712976, 6055052.580913349054754 ], [ 526414.02305124362465, 6055063.688623484224081 ], [ 526414.420576509204693, 6055084.317263080738485 ], [ 526413.00352354766801, 6055105.692407857626677 ], [ 526413.401285283383913, 6055132.27160205040127 ], [ 526413.005200447048992, 6055149.329973834566772 ], [ 526414.195745469303802, 6055158.454097270034254 ], [ 526413.799524006200954, 6055169.958612045273185 ], [ 526412.070903733954765, 6055181.150736874900758 ], [ 526411.647725205169991, 6055183.890318840742111 ], [ 526411.965208727051504, 6055197.522511824965477 ], [ 526412.045028889318928, 6055200.948586071841419 ], [ 526412.046079248073511, 6055225.147600525058806 ], [ 526411.754415651550516, 6055230.182164056226611 ], [ 526411.079293635557406, 6055241.835978900082409 ], [ 526410.460363587946631, 6055252.520400398410857 ], [ 526409.042867465177551, 6055266.754901124164462 ], [ 526408.839764142641798, 6055266.761702006682754 ], [ 526397.141656776424497, 6055267.152271997183561 ], [ 526379.686381898005493, 6055265.56639336142689 ], [ 526293.600406396551989, 6055260.413974328897893 ], [ 526215.051869153627194, 6055254.071015783585608 ], [ 526167.446712649310939, 6055250.106645599007607 ], [ 526127.379002875299193, 6055247.728715296834707 ], [ 526096.832315543550067, 6055244.160034998320043 ], [ 526038.515928535955027, 6055239.40283696167171 ], [ 525974.64558470598422, 6055234.247877628542483 ], [ 525910.378432014840655, 6055226.710639800876379 ], [ 525902.869537956197746, 6055235.002623073756695 ], [ 525884.196918315370567, 6055256.066679405979812 ], [ 525873.883192022913136, 6055271.141428589820862 ], [ 525873.883424097322859, 6055277.091982088051736 ], [ 525874.677277088048868, 6055286.216108007356524 ], [ 525873.487329294090159, 6055292.563366576097906 ], [ 525872.297697879839689, 6055302.084301009774208 ], [ 525875.86842877836898, 6055311.605205553583801 ], [ 525887.770202406914905, 6055321.919452954083681 ], [ 525896.101267561200075, 6055326.283165965229273 ], [ 525903.985544409952126, 6055332.623268098570406 ], [ 525913.142193365842104, 6055335.660786888562143 ], [ 525921.480540959280916, 6055337.637820041738451 ], [ 525927.838387685245834, 6055336.597288790158927 ], [ 525934.979251603013836, 6055339.374121545813978 ], [ 525957.194993037148379, 6055341.357567337341607 ], [ 525976.237160663236864, 6055343.737729540094733 ], [ 525990.564279909012839, 6055347.897508315742016 ], [ 525990.566508538788185, 6055400.462005351670086 ], [ 526010.357838601921685, 6055429.821356265805662 ], [ 526111.817167972098105, 6055604.929779334925115 ], [ 526113.248072978109121, 6055608.301944935694337 ], [ 526113.261074914829805, 6055608.325044286437333 ], [ 526115.890227803960443, 6055619.836439245380461 ], [ 526116.287379911751486, 6055628.96056766435504 ], [ 526115.890922444988973, 6055635.307821241207421 ], [ 526124.618455029441975, 6055634.910669442266226 ], [ 526155.561726549291052, 6055636.099266806617379 ], [ 526211.497731671552174, 6055641.650472398847342 ], [ 526250.375257591251284, 6055645.218900124542415 ], [ 526283.698722462286241, 6055647.99417001567781 ], [ 526334.080868059536442, 6055653.148914256133139 ], [ 526372.164899258990772, 6055656.717447643168271 ], [ 526387.652601771289483, 6055660.544520446099341 ], [ 526384.662980836932547, 6055701.521726017817855 ], [ 526374.853366312454455, 6055702.859778083860874 ], [ 526372.624946067808196, 6055728.721693724393845 ], [ 526369.950746355927549, 6055757.258891647681594 ], [ 526369.50580338970758, 6055781.782907412387431 ], [ 526367.277735662763007, 6055816.562655500136316 ], [ 526366.8332570156781, 6055850.896394830197096 ], [ 526365.496641082921997, 6055878.095895933918655 ], [ 526363.713403312722221, 6055886.567841598764062 ], [ 526363.714822621550411, 6055920.901579242199659 ], [ 526371.861668542725965, 6055970.501148037612438 ], [ 526374.864728193148039, 6055982.880034582689404 ], [ 526386.457819996052422, 6055980.204281791113317 ], [ 526409.696703344234265, 6055989.994760514236987 ], [ 526420.309985062340274, 6055999.687020652927458 ], [ 526427.256067032460123, 6056005.536331783980131 ], [ 526440.640376021154225, 6056007.845431190915406 ], [ 526448.743310563964769, 6056007.004786098375916 ], [ 526462.062502366257831, 6056005.464314520359039 ], [ 526474.926018775906414, 6056008.590509242378175 ], [ 526486.845840283436701, 6056009.922924071550369 ], [ 526494.195876339450479, 6056009.430181407369673 ], [ 526500.006725157145411, 6056008.094955734908581 ], [ 526504.393683521542698, 6056006.266941825859249 ], [ 526509.511815529549494, 6056001.879943123087287 ], [ 526512.410072690108791, 6055998.699349847622216 ], [ 526513.407752490020357, 6055996.891157535836101 ], [ 526532.845161903183907, 6056005.811166898347437 ], [ 526546.333295762073249, 6056011.761335858143866 ], [ 526544.349960505613126, 6056019.695789158344269 ], [ 526539.193190624471754, 6056033.977911765687168 ], [ 526534.829689488164149, 6056044.689556344412267 ], [ 526531.656148074078374, 6056050.243834886699915 ], [ 526528.086136735975742, 6056060.161980833858252 ], [ 526525.468995758797973, 6056065.789454069919884 ], [ 526520.152407075162046, 6056077.221199850551784 ], [ 526514.20238891011104, 6056099.041070693172514 ], [ 526507.062055305112153, 6056117.290475968271494 ], [ 526499.525268631055951, 6056141.887434640899301 ], [ 526489.211634538834915, 6056171.641971777193248 ], [ 526483.302789190551266, 6056189.074975371360779 ], [ 526481.278046551742591, 6056195.048842373304069 ], [ 526476.121068136068061, 6056208.537570900283754 ], [ 526472.702346280682832, 6056216.84102897439152 ], [ 526470.567494976799935, 6056222.026303032413125 ], [ 526469.29082859668415, 6056225.77678244933486 ], [ 526464.220663041458465, 6056240.672399803996086 ], [ 526457.08033940254245, 6056260.508692805655301 ], [ 526450.336706682341173, 6056278.758196265436709 ], [ 526444.386469428311102, 6056297.404290552251041 ], [ 526438.832916203071363, 6056314.066798131912947 ], [ 526432.089171770843677, 6056330.729412758722901 ], [ 526425.345547112869099, 6056350.962500434368849 ], [ 526423.758888266049325, 6056354.990579945035279 ], [ 526415.031695833313279, 6056377.146564519032836 ], [ 526409.478035881416872, 6056393.015578454360366 ], [ 526403.924507046351209, 6056412.851961060427129 ], [ 526395.594002104946412, 6056434.275249935686588 ], [ 526389.643632617196999, 6056447.367286965250969 ], [ 526384.883368132286705, 6056463.633091975934803 ], [ 526380.123187949880958, 6056477.121819116175175 ], [ 526373.776154366554692, 6056495.3713189791888 ], [ 526368.222499337396584, 6056512.033926130272448 ], [ 526360.685282608144917, 6056532.267018789425492 ], [ 526350.371207844815217, 6056555.277408106252551 ], [ 526345.214256249601021, 6056572.336609673686326 ], [ 526339.660596237052232, 6056588.205822750926018 ], [ 526336.487077247351408, 6056597.330573238432407 ], [ 526327.913675938732922, 6056618.758262485265732 ], [ 526300.7651334250113, 6056690.207786596380174 ], [ 526238.896303744288161, 6056673.506202545948327 ], [ 526178.597704891930334, 6056839.339312613941729 ], [ 526149.298565556877293, 6056813.106997249647975 ], [ 526136.341312311473303, 6056820.834620271809399 ], [ 526125.040604566922411, 6056837.358764265663922 ], [ 526117.106514558778144, 6056861.162532716058195 ], [ 526139.231397733674385, 6056933.520439462736249 ], [ 526141.050311218830757, 6056937.442397727631032 ], [ 526139.992441421025433, 6056940.616179827600718 ], [ 526139.199063923791982, 6056943.790060943923891 ], [ 526134.877328346366994, 6056948.653050819411874 ], [ 526128.133118325378746, 6056954.604346988722682 ], [ 526124.12387014599517, 6056958.337444043718278 ], [ 526123.330505410558544, 6056962.833615431562066 ], [ 526126.943146499455906, 6056974.043805453926325 ], [ 526132.100677713751793, 6056985.151688436977565 ], [ 526136.067990309209563, 6056991.895812447182834 ], [ 526138.845104160252959, 6056997.449752692133188 ], [ 526139.881811491097324, 6056999.868526672944427 ], [ 526134.601649276446551, 6056999.491763230413198 ], [ 526113.972098884754814, 6056997.906005209311843 ], [ 526105.207191222347319, 6057034.53107956238091 ] ] } },
{ "type": "Feature", "properties": { "layer": "WBK_GERUEST" }, "geometry": { "type": "LineString", "coordinates": [ [ 526431.32024455757346, 6057551.438876047730446 ], [ 526440.048140396014787, 6057560.959647524170578 ], [ 526449.966322890133597, 6057570.877009541727602 ], [ 526461.471302678575739, 6057581.191058074124157 ], [ 526469.802485114312731, 6057588.72814825642854 ], [ 526474.959879699745215, 6057594.281972873955965 ], [ 526482.100967688136734, 6057601.025777134113014 ], [ 526484.084708496346138, 6057609.753497810102999 ], [ 526485.274939634022303, 6057616.100941668264568 ], [ 526483.135983069543727, 6057620.828218753449619 ], [ 526476.542670629569329, 6057626.166119362227619 ], [ 526458.680929434951395, 6057629.739703903906047 ], [ 526434.388714037952013, 6057629.741257110610604 ], [ 526424.674472651793621, 6057627.799032769165933 ], [ 526407.518260607612319, 6057620.469896250404418 ], [ 526389.70355076470878, 6057613.203963992185891 ], [ 526376.970707473577932, 6057606.586595085449517 ], [ 526349.238037245115265, 6057593.767266396433115 ], [ 526327.021541788708419, 6057583.057288965210319 ], [ 526305.201944465748966, 6057572.743904853239655 ], [ 526296.223188261734322, 6057568.434694603085518 ], [ 526253.694489831919782, 6057548.801311285234988 ], [ 526236.559258235152811, 6057523.098715179599822 ], [ 526225.355297804344445, 6057499.373268024995923 ], [ 526215.469474573386833, 6057467.739171774126589 ], [ 526209.533312301966362, 6057450.801739230751991 ], [ 526207.225216392544098, 6057449.044966383837163 ], [ 526196.762147749308497, 6057441.080994238145649 ], [ 526198.136390746105462, 6057433.293045122176409 ], [ 526194.013348542852327, 6057422.298254263587296 ], [ 526196.838061243412085, 6057395.341842720285058 ], [ 526196.761710395454429, 6057371.447426196187735 ], [ 526198.469569567474537, 6057367.05314923170954 ], [ 526194.116942835156806, 6057342.028867598623037 ], [ 526185.956201585242525, 6057309.388668861240149 ], [ 526173.987547928700224, 6057286.540919857099652 ], [ 526154.402735892916098, 6057260.429542530328035 ], [ 526133.185960810747929, 6057238.126245524734259 ], [ 526126.113665465614758, 6057229.966553545556962 ], [ 526098.913767972146161, 6057261.520881611853838 ], [ 526098.549767347751185, 6057277.186964298598468 ], [ 526084.979257888975553, 6057274.549170137383044 ], [ 526077.044796858681366, 6057270.979147423990071 ], [ 526065.936697590281256, 6057273.756895793601871 ], [ 526057.605565516743809, 6057274.947538753971457 ], [ 526042.530299719772302, 6057277.328815809451044 ], [ 526033.405776634346694, 6057278.122866835445166 ], [ 526021.918254854157567, 6057276.945347938686609 ], [ 526017.933683232171461, 6057276.536876173689961 ], [ 526015.519884324981831, 6057273.670712653547525 ], [ 526036.418284821789712, 6057251.805949684232473 ], [ 526094.290036314167082, 6057202.50316333770752 ], [ 526141.44467668258585, 6057155.344427909702063 ], [ 526161.898062003077939, 6057130.297591364942491 ], [ 526170.309123159036972, 6057134.375007623806596 ], [ 526188.55844271206297, 6057143.895219226367772 ], [ 526195.699510828824714, 6057147.465246922336519 ], [ 526202.009397445945069, 6057153.145064030773938 ], [ 526207.998229873948731, 6057165.713730214163661 ], [ 526211.568997559603304, 6057180.392195776104927 ], [ 526216.726693460484967, 6057202.211596357636154 ], [ 526224.264915883773938, 6057230.775129800662398 ], [ 526230.216230736696161, 6057256.164998448453844 ], [ 526235.770580705720931, 6057271.240048460662365 ], [ 526239.341194321867079, 6057277.587376698851585 ], [ 526244.498693142668344, 6057283.53789890371263 ], [ 526257.552901379531249, 6057300.325388782657683 ], [ 526268.264601021772251, 6057313.813318430446088 ], [ 526275.40571648045443, 6057324.920988706871867 ], [ 526282.546963584376499, 6057340.789421729743481 ], [ 526287.34556736680679, 6057347.407341641373932 ], [ 526294.090140997665003, 6057367.639743849635124 ], [ 526300.041324142948724, 6057388.268848629668355 ], [ 526301.231570170493796, 6057396.99667386803776 ], [ 526305.19904182094615, 6057412.865227501839399 ], [ 526313.133645113557577, 6057423.5761963063851 ], [ 526319.481243365444243, 6057431.113498087972403 ], [ 526324.638749661971815, 6057438.254211532883346 ], [ 526340.111146809300408, 6057456.502375074662268 ], [ 526356.376946962089278, 6057476.337421360425651 ], [ 526369.072143464698456, 6057491.412026029080153 ], [ 526368.653847841662355, 6057491.607026873156428 ], [ 526366.100975501234643, 6057492.797333724796772 ], [ 526351.975616795243695, 6057497.489986602216959 ], [ 526354.752880321000703, 6057511.374963492155075 ], [ 526359.910269861458801, 6057516.135294457897544 ], [ 526380.539891983615234, 6057528.432370937429368 ], [ 526399.582505197147839, 6057538.349175580777228 ], [ 526416.641643447685055, 6057549.456282379105687 ], [ 526420.608702067635022, 6057547.472373437136412 ], [ 526423.533960136002861, 6057544.546976810321212 ], [ 526424.575845581479371, 6057543.504978734999895 ], [ 526431.32024455757346, 6057551.438876047730446 ] ] } },
{ "type": "Feature", "properties": { "layer": "WBK_GERUEST" }, "geometry": { "type": "LineString", "coordinates": [ [ 526549.547242277651094, 6057886.263370808213949 ], [ 526538.43940885248594, 6057898.959143137559295 ], [ 526526.934772740700282, 6057911.655018631368876 ], [ 526519.000580044928938, 6057918.399817033670843 ], [ 526511.85964920790866, 6057921.177339134737849 ], [ 526505.512008008197881, 6057906.102394779212773 ], [ 526502.337914385017939, 6057887.853454782627523 ], [ 526500.933279881370254, 6057880.479619140736759 ], [ 526500.75098177685868, 6057880.712619340978563 ], [ 526498.37052953010425, 6057869.604519774205983 ], [ 526496.386758291861042, 6057855.322740727104247 ], [ 526497.074348977999762, 6057855.322736407630146 ], [ 526495.59310196491424, 6057845.801520028151572 ], [ 526494.402863352443092, 6057838.263883825391531 ], [ 526491.625555502367206, 6057818.031256451271474 ], [ 526489.64182413299568, 6057810.097029418684542 ], [ 526488.451461351243779, 6057798.988922378048301 ], [ 526486.071028448874131, 6057790.261204185895622 ], [ 526483.690429545822553, 6057772.012258104979992 ], [ 526478.929694134974852, 6057760.507676149718463 ], [ 526474.565530980238691, 6057745.432519083842635 ], [ 526470.995011696708389, 6057737.895099181681871 ], [ 526466.234161431551911, 6057723.613438253290951 ], [ 526462.66353594546672, 6057716.07601835206151 ], [ 526456.315922744106501, 6057706.158434769138694 ], [ 526451.951883233617991, 6057693.860356669872999 ], [ 526446.397665498428978, 6057684.339363904669881 ], [ 526437.336010818369687, 6057664.199875166639686 ], [ 526432.884178948472254, 6057654.486876566894352 ], [ 526430.248746996512637, 6057645.891159445978701 ], [ 526465.11136016715318, 6057642.599965179339051 ], [ 526476.542955047218129, 6057639.741215731017292 ], [ 526490.117815257515758, 6057634.024573960341513 ], [ 526495.730069719604217, 6057633.322645124979317 ], [ 526498.76365577429533, 6057635.142611320130527 ], [ 526505.111224125023, 6057637.919249919243157 ], [ 526514.632510447059758, 6057647.043220354244113 ], [ 526525.740804242552258, 6057659.737553186714649 ], [ 526539.51359157206025, 6057674.687752235680819 ], [ 526556.288706035003997, 6057697.42397331725806 ], [ 526570.570822688401677, 6057717.655728549696505 ], [ 526588.423418697551824, 6057739.077452342025936 ], [ 526602.705393088748679, 6057752.168362151831388 ], [ 526620.161137950723059, 6057764.465459671802819 ], [ 526636.823468000045978, 6057773.985682349652052 ], [ 526655.469274915405549, 6057781.918803486041725 ], [ 526671.734770670998842, 6057784.298082562163472 ], [ 526679.272403568029404, 6057783.107445689849555 ], [ 526687.121101497905329, 6057792.46522447001189 ], [ 526678.258914955309592, 6057800.205520435236394 ], [ 526635.873581471038051, 6057838.355994871817529 ], [ 526595.72564437915571, 6057879.042735422961414 ], [ 526592.392548688920215, 6057875.945780248381197 ], [ 526580.887692543794401, 6057868.408810676075518 ], [ 526569.382881837897003, 6057868.806379306130111 ], [ 526560.452988724107854, 6057874.739890282973647 ], [ 526549.547242277651094, 6057886.263370808213949 ] ] } },
{ "type": "Feature", "properties": { "layer": "WBK_GERUEST" }, "geometry": { "type": "LineString", "coordinates": [ [ 527261.748331684852019, 6058592.805789749138057 ], [ 527249.602395365247503, 6058604.238179173320532 ], [ 527249.602415021043271, 6058575.658897087909281 ], [ 527231.026339893927798, 6058572.802035463042557 ], [ 527233.169798186863773, 6058600.666709623299539 ], [ 527196.017564074485563, 6058597.810764563269913 ], [ 527180.720777002745308, 6058596.748368487693369 ], [ 527154.537765988148749, 6058595.559642758220434 ], [ 527134.305399622535333, 6058591.990296928212047 ], [ 527108.995780816068873, 6058589.620373505167663 ], [ 527089.080220987321809, 6058588.422308457084 ], [ 527071.228147286339663, 6058586.042938660830259 ], [ 527057.343227593111806, 6058582.076455982401967 ], [ 527035.920744414208457, 6058574.143251608125865 ], [ 527021.63919817446731, 6058565.812905400060117 ], [ 527002.993757177726366, 6058552.722222136333585 ], [ 526992.28254317084793, 6058537.647404751740396 ], [ 526988.712172679253854, 6058521.382051458582282 ], [ 526980.777970189694315, 6058511.067780246958137 ], [ 526972.751888011815026, 6058504.32618207577616 ], [ 526972.447091673500836, 6058504.720681055448949 ], [ 526959.355527053237893, 6058494.009944894351065 ], [ 526954.400446027750149, 6058491.650594223290682 ], [ 526954.198354049935006, 6058492.02659331727773 ], [ 526948.738773191114888, 6058488.826451381668448 ], [ 526948.247579537332058, 6058489.24995222594589 ], [ 526947.875978034222499, 6058488.320661143399775 ], [ 526942.693697649170645, 6058485.283016719855368 ], [ 526933.569313856191002, 6058476.555640709586442 ], [ 526923.651470226701349, 6058473.382427616044879 ], [ 526913.73361971101258, 6058469.812516931444407 ], [ 526904.212591755436733, 6058469.416280744597316 ], [ 526893.104569316608831, 6058468.226758906617761 ], [ 526874.459088276838884, 6058464.260506374761462 ], [ 526863.351138269528747, 6058459.103815007023513 ], [ 526840.738523329957388, 6058444.426470293663442 ], [ 526826.853564296732657, 6058434.905929241329432 ], [ 526813.76202210271731, 6058427.765766800381243 ], [ 526797.099973608972505, 6058415.865162748843431 ], [ 526785.198592721950263, 6058403.964227866381407 ], [ 526776.867596983793192, 6058394.443553473800421 ], [ 526769.330105931730941, 6058386.509561572223902 ], [ 526759.015521492692642, 6058376.988999208435416 ], [ 526745.130533996387385, 6058361.517805095762014 ], [ 526726.881652735988609, 6058342.873161653056741 ], [ 526713.393374186940491, 6058329.38555037137121 ], [ 526703.475478821434081, 6058318.674794267863035 ], [ 526696.334584355354309, 6058310.344202964566648 ], [ 526700.301707937149331, 6058303.203032813966274 ], [ 526707.442577070207335, 6058291.301178440451622 ], [ 526709.029442402534187, 6058287.73059696611017 ], [ 526711.806386583251879, 6058281.779725102707744 ], [ 526705.502984211081639, 6058273.453727625310421 ], [ 526692.602205082424916, 6058261.726498945616186 ], [ 526687.911002165754326, 6058255.276377017609775 ], [ 526677.942327796947211, 6058247.067403259687126 ], [ 526673.492541352752596, 6058243.840855307877064 ], [ 526673.056294320849702, 6058235.959018507041037 ], [ 526667.173155102529563, 6058222.232060858979821 ], [ 526664.993936534156092, 6058217.11781376414001 ], [ 526664.528306775842793, 6058211.653157862834632 ], [ 526651.902312227291986, 6058181.414268560707569 ], [ 526638.017195931868628, 6058177.844683724455535 ], [ 526629.686189638101496, 6058165.943726417608559 ], [ 526624.132141100126319, 6058151.662370294332504 ], [ 526622.545221185893752, 6058131.033138525672257 ], [ 526624.925412158481777, 6058116.751333179883659 ], [ 526627.081730914767832, 6058105.895402630791068 ], [ 526642.708686735248193, 6058101.896535445936024 ], [ 526644.761121134040877, 6058094.137181155383587 ], [ 526653.948923972202465, 6058089.994355508126318 ], [ 526664.534411316155456, 6058085.134227130562067 ], [ 526671.937825123197399, 6058080.198118179105222 ], [ 526680.068829708150588, 6058075.092505540698767 ], [ 526692.068791982950643, 6058068.187982513569295 ], [ 526681.891108468757011, 6058025.781971651129425 ], [ 526675.106054221861996, 6058008.819743447005749 ], [ 526665.352335244766437, 6057994.402114978060126 ], [ 526653.902282257680781, 6057971.927159881219268 ], [ 526648.389228867250495, 6057956.660910579375923 ], [ 526647.116757843876258, 6057943.514819611795247 ], [ 526651.357186659355648, 6057921.886958421207964 ], [ 526660.262400809093378, 6057902.803148948587477 ], [ 526684.009537260862999, 6057857.849943152628839 ], [ 526685.28152626613155, 6057842.159255116246641 ], [ 526680.616694719530642, 6057831.557765446603298 ], [ 526675.103694540099241, 6057824.773052601143718 ], [ 526689.498912926297635, 6057812.916852579452097 ], [ 526689.521809788653627, 6057812.8980533760041 ], [ 526697.719700526678935, 6057805.101761576719582 ], [ 526699.134999855072238, 6057806.789239512756467 ], [ 526713.942199510289356, 6057824.443411312997341 ], [ 526715.145392087986693, 6057841.284574862569571 ], [ 526714.977873713825829, 6057853.324484191834927 ], [ 526727.672960996627808, 6057867.208897618576884 ], [ 526737.987727618194185, 6057874.745874660089612 ], [ 526746.32978236337658, 6057877.903098756447434 ], [ 526756.647352496860549, 6057885.790873219259083 ], [ 526760.997483642539009, 6057895.373673026449978 ], [ 526762.187839539139532, 6057906.085083579644561 ], [ 526763.378125432762317, 6057921.160360152833164 ], [ 526764.568508148775436, 6057935.442144176922739 ], [ 526766.155508032883517, 6057953.294396549463272 ], [ 526766.552328691235743, 6057956.864867097698152 ], [ 526749.096773372846656, 6057959.2463593557477 ], [ 526714.185760934953578, 6057962.025756332091987 ], [ 526730.022167550516315, 6058014.623754806816578 ], [ 526732.43524048908148, 6058044.938607025891542 ], [ 526763.379097016528249, 6058044.143120101653039 ], [ 526765.362755952053703, 6058056.044515565037727 ], [ 526769.726575670647435, 6058079.847205523401499 ], [ 526779.247795245028101, 6058079.053152005188167 ], [ 526788.76892494270578, 6058079.449289727024734 ], [ 526797.893447502050549, 6058077.861843511462212 ], [ 526815.745694853831083, 6058075.480349875055254 ], [ 526831.217556704650633, 6058071.908880188129842 ], [ 526850.656612847233191, 6058089.36312466673553 ], [ 526864.541689162957482, 6058102.057239814661443 ], [ 526873.269376405514777, 6058110.784518745727837 ], [ 526883.980749700218439, 6058119.511584971100092 ], [ 526894.295327192521654, 6058128.635449739173055 ], [ 526912.940924986731261, 6058134.98178493976593 ], [ 526928.809531196719036, 6058139.741348311305046 ], [ 526947.851823048084043, 6058145.690983419306576 ], [ 526961.340183469816111, 6058156.004819253459573 ], [ 526969.274467241484672, 6058162.351821365766227 ], [ 526979.192353403544985, 6058156.797101064585149 ], [ 527020.450530717265792, 6058124.263491687364876 ], [ 527062.105018198955804, 6058092.919969275593758 ], [ 527088.684499368770048, 6058074.272344788536429 ], [ 527101.775842052069493, 6058065.146933481097221 ], [ 527112.090324860531837, 6058059.195514209568501 ], [ 527118.834343201480806, 6058054.434407068416476 ], [ 527154.725305152474903, 6058044.558157972060144 ], [ 527184.687858237302862, 6058041.735091339796782 ], [ 527247.764520283322781, 6058032.606365664862096 ], [ 527294.97271386499051, 6058025.859120069071651 ], [ 527324.329060309450142, 6058021.096472474746406 ], [ 527344.561197556671686, 6058019.905054454691708 ], [ 527350.115054588648491, 6058019.90471974760294 ], [ 527358.842691997182555, 6058020.697558941319585 ], [ 527386.612252845428884, 6058032.200696429237723 ], [ 527409.621374616632238, 6058047.671432731673121 ], [ 527426.283187105902471, 6058054.414577551186085 ], [ 527450.085718939895742, 6058056.396712307818234 ], [ 527463.176999685587361, 6058053.618751225061715 ], [ 527472.698027051752433, 6058053.221493766643107 ], [ 527483.012442409060895, 6058052.0306392069906 ], [ 527492.93016376986634, 6058051.236583199352026 ], [ 527500.864292034879327, 6058050.442538541741669 ], [ 527509.117824357002974, 6058049.163696921430528 ], [ 527514.407265312853269, 6058046.518584193661809 ], [ 527517.713211429072544, 6058041.889898603782058 ], [ 527527.523526640608907, 6058040.796346073970199 ], [ 527535.457762240548618, 6058039.473405217751861 ], [ 527545.692189465975389, 6058040.52163422293961 ], [ 527535.457890979130752, 6058059.970749272964895 ], [ 527520.250860724947415, 6058084.436357410624623 ], [ 527512.978011780418456, 6058099.644586052745581 ], [ 527500.415763167431578, 6058124.771172801963985 ], [ 527489.175808084779419, 6058149.897650570608675 ], [ 527477.274663671036251, 6058176.346723680384457 ], [ 527464.712419452844188, 6058201.473309325054288 ], [ 527457.439493920654058, 6058219.987514238804579 ], [ 527444.877155960537493, 6058247.097685198299587 ], [ 527436.943028577486984, 6058264.95069879386574 ], [ 527427.025464497390203, 6058290.077068684622645 ], [ 527413.140663403552026, 6058320.493322679772973 ], [ 527403.884251037845388, 6058339.00754006113857 ], [ 527392.64419830229599, 6058364.795213299803436 ], [ 527386.032413861947134, 6058391.904946383088827 ], [ 527384.710106219165027, 6058404.46795857604593 ], [ 527384.048996033496223, 6058417.692061417736113 ], [ 527384.049054174101911, 6058426.948890998959541 ], [ 527388.016178939607926, 6058436.205596095882356 ], [ 527394.548180399578996, 6058443.998395570553839 ], [ 527388.597537946654484, 6058462.247891838662326 ], [ 527373.522680673515424, 6058497.953814470209181 ], [ 527360.827982272021472, 6058530.48574423789978 ], [ 527356.06752575119026, 6058531.676165632903576 ], [ 527347.33977906126529, 6058529.693135199137032 ], [ 527337.818761074682698, 6058530.883785626851022 ], [ 527329.487740771844983, 6058533.661317422054708 ], [ 527312.475152302300557, 6058547.076122342608869 ], [ 527303.187195481965318, 6058557.793897142633796 ], [ 527288.183469750569202, 6058567.79751499928534 ], [ 527261.748331684852019, 6058592.805789749138057 ] ] } },
{ "type": "Feature", "properties": { "layer": "WBK_GERUEST" }, "geometry": { "type": "LineString", "coordinates": [ [ 527751.245086212293245, 6060471.703635797835886 ], [ 527746.382074929191731, 6060496.030980638228357 ], [ 527736.654990371433087, 6060534.143849864602089 ], [ 527727.737720313831232, 6060560.093107209540904 ], [ 527712.33414207957685, 6060592.52975651063025 ], [ 527705.848267929046415, 6060604.693502523936331 ], [ 527707.15477860707324, 6060607.907670275308192 ], [ 527692.063567729084753, 6060603.882796601392329 ], [ 527703.414285035105422, 6060588.475342211313546 ], [ 527712.890023943851702, 6060574.145493394695222 ], [ 527715.575132896890864, 6060563.336958787404001 ], [ 527722.871795615297742, 6060550.362312289886177 ], [ 527730.167274922365323, 6060524.413065130822361 ], [ 527740.70504038920626, 6060483.867409478873014 ], [ 527742.32423975947313, 6060453.863828328438103 ], [ 527737.455946903093718, 6060416.562044623307884 ], [ 527684.710942215402611, 6060415.453683773055673 ], [ 527663.685701017035171, 6060415.454016073606908 ], [ 527643.610125119448639, 6060410.287881935946643 ], [ 527631.166116610751487, 6060409.747064443305135 ], [ 527631.121512323617935, 6060409.618465077131987 ], [ 527616.674463900155388, 6060367.951275736093521 ], [ 527592.71445608465001, 6060385.227394212037325 ], [ 527585.011477174586616, 6060363.8556047398597 ], [ 527580.955687551526353, 6060344.39387967530638 ], [ 527561.18536472809501, 6060348.135575791820884 ], [ 527552.415915177552961, 6060329.565372057259083 ], [ 527521.465068677440286, 6060268.696233279071748 ], [ 527453.648124034167267, 6060290.065295303240418 ], [ 527436.620683397748508, 6060294.93096490483731 ], [ 527430.131528660655022, 6060262.494754031300545 ], [ 527404.989401881583035, 6060179.782545180991292 ], [ 527396.878332879161462, 6060142.480881407856941 ], [ 527434.987382062710822, 6060133.560210791416466 ], [ 527432.299471244332381, 6060112.5808877190575 ], [ 527416.424616422271356, 6060116.28515928145498 ], [ 527389.924452421371825, 6060121.68218423333019 ], [ 527376.512283402378671, 6060078.86739597003907 ], [ 527362.068446925259195, 6060023.672509497962892 ], [ 527352.271303468034603, 6059988.409039903432131 ], [ 527344.161443978082389, 6059968.947440977208316 ], [ 527337.188690784503706, 6059936.416632660664618 ], [ 527336.861383710056543, 6059934.8895473042503 ], [ 527352.965447235153988, 6059916.386487581767142 ], [ 527389.738512357580476, 6059876.744460360147059 ], [ 527389.633412974188104, 6059876.613561264239252 ], [ 527394.26934652926866, 6059870.983276299200952 ], [ 527402.202735187252983, 6059863.04848690610379 ], [ 527406.023774919449352, 6059858.462396901100874 ], [ 527396.046902244328521, 6059850.553820957429707 ], [ 527387.937813333468512, 6059842.444934546947479 ], [ 527380.640492727980018, 6059846.499648744240403 ], [ 527370.910805903025903, 6059852.176266366615891 ], [ 527358.748651814530604, 6059860.285581020638347 ], [ 527342.53232096019201, 6059867.584126415662467 ], [ 527315.015359729062766, 6059888.225142140872777 ], [ 527313.343481412506662, 6059889.479242104105651 ], [ 527302.801470839534886, 6059874.883220002986491 ], [ 527299.557118063094094, 6059862.719734250567853 ], [ 527288.20367128145881, 6059841.636366021819413 ], [ 527280.90449346229434, 6059820.553074110299349 ], [ 527268.739512424333952, 6059792.171666819602251 ], [ 527263.872052422608249, 6059761.35743347927928 ], [ 527261.438268684549257, 6059745.139372734352946 ], [ 527264.677075223531574, 6059685.943205387331545 ], [ 527266.241059892694466, 6059685.679998749867082 ], [ 527372.945827346295118, 6059667.719465047121048 ], [ 527369.94102170818951, 6059662.711722392588854 ], [ 527368.187457106425427, 6059650.192329579032958 ], [ 527371.191274733282626, 6059640.927780941128731 ], [ 527376.698771958472207, 6059631.162320952862501 ], [ 527383.709215178852901, 6059630.410982699133456 ], [ 527390.354295952129178, 6059619.445325140841305 ], [ 527400.082977451616898, 6059596.739637640304863 ], [ 527410.622896001208574, 6059580.521096022799611 ], [ 527421.973700408125296, 6059563.491655020974576 ], [ 527431.703371253446676, 6059554.571361791342497 ], [ 527442.24416212644428, 6059549.705633358098567 ], [ 527447.987508046673611, 6059547.991909937933087 ], [ 527455.260228132596239, 6059544.685589275322855 ], [ 527465.838614441570826, 6059539.395464495755732 ], [ 527479.061778543516994, 6059533.444126525893807 ], [ 527495.619514624355361, 6059527.496767056174576 ], [ 527508.813869651057757, 6059520.879935635253787 ], [ 527527.326279704691842, 6059512.944779980927706 ], [ 527545.219871968729421, 6059501.858552802354097 ], [ 527552.517387212254107, 6059497.803737928159535 ], [ 527567.923005898832344, 6059487.261421330273151 ], [ 527571.480340391397476, 6059481.171745494939387 ], [ 527563.056621771422215, 6059467.799701361916959 ], [ 527559.00124574045185, 6059450.770656941458583 ], [ 527553.323854275629856, 6059429.687154595740139 ], [ 527549.800211649620906, 6059418.389562537893653 ], [ 527549.507510744151659, 6059417.511571203358471 ], [ 527559.810039573581889, 6059419.145094266161323 ], [ 527576.838434600504115, 6059423.19905604608357 ], [ 527577.406943058245815, 6059409.204159068875015 ], [ 527571.069034325773828, 6059400.629864177666605 ], [ 527565.84919705206994, 6059387.954494780860841 ], [ 527560.628910241997801, 6059367.823081483133137 ], [ 527548.453158827614971, 6059344.541636606678367 ], [ 527542.774445220013149, 6059303.185388769954443 ], [ 527516.015843576518819, 6059302.375462433323264 ], [ 527530.552238213364035, 6059271.78730555344373 ], [ 527537.090997482533567, 6059257.071877585723996 ], [ 527554.282472183345817, 6059226.5289027672261 ], [ 527565.464862091117539, 6059206.396785698831081 ], [ 527566.955501522286795, 6059198.567737243138254 ], [ 527530.794208587845787, 6059187.757846835069358 ], [ 527538.062766104121692, 6059174.150004492141306 ], [ 527557.445827004848979, 6059143.578917995095253 ], [ 527570.865097315050662, 6059123.446687308140099 ], [ 527590.435096748755313, 6059099.39964841119945 ], [ 527647.857184456428513, 6059024.064864486455917 ], [ 527553.099830137449317, 6058979.140203291550279 ], [ 527561.534586659749039, 6058951.08916478510946 ], [ 527595.892845831927843, 6058922.977463937364519 ], [ 527569.485020784544758, 6058902.816885416395962 ], [ 527557.558875548886135, 6058896.569906727410853 ], [ 527550.743756857118569, 6058869.310358913615346 ], [ 527533.990283985622227, 6058836.939612040296197 ], [ 527503.039109198842198, 6058819.618638606742024 ], [ 527470.666451375116594, 6058802.508473183959723 ], [ 527438.981562133412808, 6058782.003728629089892 ], [ 527472.649781991611235, 6058762.836063995957375 ], [ 527456.781068635755219, 6058741.017131182365119 ], [ 527428.34978267934639, 6058692.750678443349898 ], [ 527435.813085683854297, 6058686.465179958380759 ], [ 527436.283984753652476, 6058686.799374799244106 ], [ 527438.713847824721597, 6058684.022180991247296 ], [ 527440.912321813055314, 6058682.170680901966989 ], [ 527440.746517139254138, 6058681.698885459452868 ], [ 527445.54054876009468, 6058676.219597161747515 ], [ 527445.691639673546888, 6058675.388602901250124 ], [ 527451.491305831703357, 6058676.219259962439537 ], [ 527456.119524473557249, 6058668.945787484757602 ], [ 527458.854835410253145, 6058658.891546091996133 ], [ 527461.605882923584431, 6058653.045173370279372 ], [ 527464.356993018183857, 6058643.072032696567476 ], [ 527464.700812482624315, 6058630.0039302110672 ], [ 527463.669019521214068, 6058613.840860522352159 ], [ 527460.230076329433359, 6058602.836367123760283 ], [ 527454.383920272579417, 6058587.017423962242901 ], [ 527450.257174146128818, 6058574.63744587264955 ], [ 527443.723353540059179, 6058563.976967518217862 ], [ 527436.845566590782255, 6058557.099463906139135 ], [ 527426.528894632123411, 6058549.190489594824612 ], [ 527417.587828683317639, 6058543.34468927513808 ], [ 527406.927380822715349, 6058538.530793635174632 ], [ 527400.824704459519126, 6058535.705752990208566 ], [ 527401.077205339679495, 6058535.210956173017621 ], [ 527403.327851053443737, 6058529.959181034006178 ], [ 527403.459053142461926, 6058529.65308253839612 ], [ 527407.098771618679166, 6058521.586021947674453 ], [ 527407.194270230247639, 6058521.374423478730023 ], [ 527431.654532525804825, 6058465.95729401987046 ], [ 527438.266402100212872, 6058468.601732363924384 ], [ 527456.779650243581273, 6058467.278224999085069 ], [ 527468.019729912863113, 6058461.987895814701915 ], [ 527477.937487404444255, 6058450.746919660829008 ], [ 527479.142919352045283, 6058442.235777500085533 ], [ 527481.904475186136551, 6058438.183790172450244 ], [ 527486.364458945114166, 6058424.696665802039206 ], [ 527486.708334358641878, 6058421.945484273135662 ], [ 527489.838565131882206, 6058414.379923266358674 ], [ 527494.466843746951781, 6058401.15549458283931 ], [ 527501.078613411984406, 6058388.592250025831163 ], [ 527504.384412283427082, 6058376.029125804081559 ], [ 527507.029111168929376, 6058362.804809150286019 ], [ 527514.301909977803007, 6058340.323435811325908 ], [ 527525.541807161876932, 6058305.27883451897651 ], [ 527540.74871258798521, 6058261.638371749781072 ], [ 527546.699264272348955, 6058244.446566089056432 ], [ 527551.327453843667172, 6058232.544629031792283 ], [ 527574.468356079538353, 6058165.761394150555134 ], [ 527596.94797566276975, 6058100.961649166420102 ], [ 527622.083407934056595, 6058024.608376177959144 ], [ 527650.708011684357189, 6057949.420870905742049 ], [ 527669.55763869965449, 6057896.735456671565771 ], [ 527707.425468945177272, 6057916.0415706532076 ], [ 527718.216027620248497, 6057922.253654520958662 ], [ 527729.191083244979382, 6057928.836735467426479 ], [ 527743.550840220996179, 6057939.416864844970405 ], [ 527823.731560457963496, 6057960.771898170001805 ], [ 527844.824329408118501, 6057965.10703151114285 ], [ 527891.190942985587753, 6057976.849750188179314 ], [ 527907.213138715480454, 6057979.791627446189523 ], [ 528038.616242497344501, 6058012.995848196558654 ], [ 528112.670613499940373, 6058034.817515539936721 ], [ 528259.456833746633492, 6058073.832295492291451 ], [ 528256.440114179742523, 6058082.795745022594929 ], [ 528242.707351917400956, 6058135.769425859674811 ], [ 528215.159578565158881, 6058249.713427771814167 ], [ 528196.645925626973622, 6058234.505159729160368 ], [ 528113.130018977681175, 6058227.36363847181201 ], [ 528094.821462325518951, 6058227.890750058926642 ], [ 528077.577520541381091, 6058216.207548105157912 ], [ 528067.440648187068291, 6058208.359372013248503 ], [ 528062.491647006943822, 6058201.665054203011096 ], [ 528040.57386548537761, 6058209.978428491391242 ], [ 527979.153291603783146, 6058218.496048140339553 ], [ 527958.226292924256995, 6058225.364327967166901 ], [ 527935.474631014047191, 6058235.165895712561905 ], [ 527892.497800886863843, 6058241.780614099465311 ], [ 527863.405857168254443, 6058247.072057756595314 ], [ 527854.602518077357672, 6058246.834513799287379 ], [ 527835.6363249134738, 6058256.330661531537771 ], [ 527839.858098577242345, 6058273.113506018184125 ], [ 527838.768133324803784, 6058309.70683198608458 ], [ 527839.609885305049829, 6058334.107941027730703 ], [ 527839.610120121389627, 6058355.984873104840517 ], [ 527840.817257281742059, 6058394.919666833244264 ], [ 527835.403900095610879, 6058411.518774275667965 ], [ 527834.563037464045919, 6058447.699802687391639 ], [ 527837.929574540467001, 6058521.744514186866581 ], [ 527837.088589025544934, 6058554.559868914075196 ], [ 527836.247444461216219, 6058578.961086992174387 ], [ 527834.565570779843256, 6058644.591795329935849 ], [ 527863.172868129098788, 6058647.114496839232743 ], [ 527884.207708002999425, 6058647.113364585675299 ], [ 527913.656380336848088, 6058647.111780092120171 ], [ 527960.774448815034702, 6058651.316352503374219 ], [ 527991.905927285552025, 6058653.838936371728778 ], [ 528044.072987205116078, 6058663.095138488337398 ], [ 528072.680785515462048, 6058666.461433496326208 ], [ 528122.323643176350743, 6058672.352475633844733 ], [ 528150.931354707106948, 6058677.40155769046396 ], [ 528180.380552646005526, 6058680.76794698368758 ], [ 528205.622772940201685, 6058682.451275820843875 ], [ 528232.547694064560346, 6058687.500466918572783 ], [ 528245.168809466180392, 6058689.183576313778758 ], [ 528263.679687694297172, 6058691.708239725790918 ], [ 528267.886629172950052, 6058688.342639189213514 ], [ 528286.575855259783566, 6058666.939186233095825 ], [ 528303.766710149589926, 6058649.748109859414399 ], [ 528305.853400410036556, 6058650.271492190659046 ], [ 528289.852119714953005, 6058681.249856066890061 ], [ 528270.722240616800264, 6058725.332338269799948 ], [ 528252.856410849606618, 6058762.814063977450132 ], [ 528239.632998299784958, 6058791.907024518586695 ], [ 528219.986612301785499, 6058834.290923157706857 ], [ 528203.351993029238656, 6058874.630618458613753 ], [ 528188.72271982615348, 6058908.279154052957892 ], [ 528182.110962617443874, 6058922.825583429075778 ], [ 528174.241417505312711, 6058938.259114701300859 ], [ 528170.871003135456704, 6058947.951361983083189 ], [ 528166.755903498968109, 6058958.636805577203631 ], [ 528162.597185562946834, 6058966.954269129782915 ], [ 528160.517967580351979, 6058977.351102480664849 ], [ 528154.341816571075469, 6058993.574616279453039 ], [ 528147.730596618377604, 6059014.733696295879781 ], [ 528144.425094738253392, 6059025.974531356245279 ], [ 528144.384004390100017, 6059027.292220580391586 ], [ 528133.847399523714557, 6059061.680824022740126 ], [ 528126.575789608759806, 6059098.709485780447721 ], [ 528107.126033649896272, 6059098.288911450654268 ], [ 528086.496699785115197, 6059099.478631510399282 ], [ 528067.851046988856979, 6059099.874946140684187 ], [ 528049.216011940035969, 6059103.997531864792109 ], [ 528030.702572996495292, 6059106.642027328722179 ], [ 528005.566675439244136, 6059108.204974457621574 ], [ 527962.325375483604148, 6059119.116762567311525 ], [ 527950.029240087838843, 6059162.758405233733356 ], [ 527944.476219378644601, 6059184.579173042438924 ], [ 527938.923066373565234, 6059200.84558377508074 ], [ 527936.940188647131436, 6059217.508569002151489 ], [ 527932.180774959968403, 6059241.709713203832507 ], [ 527929.404363889596425, 6059252.223350280895829 ], [ 527921.867519909283146, 6059267.69637939799577 ], [ 527910.760174674214795, 6059279.202160726301372 ], [ 527903.022195551428013, 6059288.860135340131819 ], [ 527898.859779724502005, 6059297.452596032992005 ], [ 527897.337428361759521, 6059303.228761067613959 ], [ 527898.182517791748978, 6059303.075057497248054 ], [ 527891.201343322172761, 6059314.271415014751256 ], [ 527884.590188041329384, 6059328.818645385093987 ], [ 527872.689558219513856, 6059341.382424337789416 ], [ 527857.483287394745275, 6059359.23608213942498 ], [ 527841.320754684973508, 6059382.52540629170835 ], [ 527829.541909467545338, 6059392.62310319300741 ], [ 527820.287235631258227, 6059401.879289481788874 ], [ 527792.523013369296677, 6059427.964864344336092 ], [ 527780.179730018833652, 6059431.472615298815072 ], [ 527772.791001863544807, 6059433.93594282772392 ], [ 527766.01816478499677, 6059435.783472204580903 ], [ 527759.245007406920195, 6059434.552123116329312 ], [ 527750.892479169648141, 6059451.33554664067924 ], [ 527743.980880346498452, 6059458.957232086919248 ], [ 527737.600983507349156, 6059467.287908311933279 ], [ 527734.411022281623445, 6059470.478404123336077 ], [ 527738.842015014728531, 6059474.554845235310495 ], [ 527746.108903560903855, 6059481.289948384277523 ], [ 527752.666400185902603, 6059488.450852739624679 ], [ 527750.49753426015377, 6059491.363543742336333 ], [ 527748.517465446493588, 6059494.43713192269206 ], [ 527733.046787151833996, 6059510.307008028030396 ], [ 527723.129731192137115, 6059521.217487124726176 ], [ 527700.518958554021083, 6059546.212538017891347 ], [ 527683.858293128199875, 6059562.875814572907984 ], [ 527668.387491251691245, 6059575.968511034734547 ], [ 527652.123509917990305, 6059590.648200890049338 ], [ 527635.462832093471661, 6059605.327793657779694 ], [ 527598.571426956681535, 6059639.2495654867962 ], [ 527574.770437600556761, 6059659.483560184948146 ], [ 527558.903245119727217, 6059673.369654317386448 ], [ 527551.366456128424034, 6059682.098034440539777 ], [ 527549.383195269736461, 6059685.668619508855045 ], [ 527549.582592063350603, 6059685.980216689407825 ], [ 527551.377282053348608, 6059686.551600853912532 ], [ 527548.73327437764965, 6059697.792430645786226 ], [ 527546.090150780393742, 6059722.257660047151148 ], [ 527540.802778278244659, 6059752.673860049806535 ], [ 527534.193239452200942, 6059785.735049396753311 ], [ 527531.550771404756233, 6059819.457307524047792 ], [ 527530.23047004500404, 6059849.873483709990978 ], [ 527530.23179805604741, 6059870.371226045303047 ], [ 527531.555301244254224, 6059888.224181498400867 ], [ 527536.184580524335615, 6059906.077015503309667 ], [ 527538.830152986920439, 6059920.623788342811167 ], [ 527544.120396980200894, 6059934.509347989223897 ], [ 527556.14300318795722, 6059933.824478607624769 ], [ 527589.466087786131538, 6059940.171520398929715 ], [ 527665.114600083325058, 6059955.004831293597817 ], [ 527707.683312594075687, 6059961.196016915142536 ], [ 527736.245934380334802, 6059967.741587307304144 ], [ 527768.378725313581526, 6059973.295242499560118 ], [ 527796.941236572456546, 6059978.452324303798378 ], [ 527825.503754778765142, 6059984.006001922301948 ], [ 527848.909103001351468, 6059988.766418524086475 ], [ 527861.206828528083861, 6059991.146623087115586 ], [ 527871.124363783630542, 6059993.13014611788094 ], [ 527879.263610366731882, 6059994.680482096038759 ], [ 527878.260942140361294, 6059998.441759965382516 ], [ 527870.177210962050594, 6060015.737478359602392 ], [ 527863.569777062861249, 6060034.459176835604012 ], [ 527861.000176875852048, 6060046.940197682008147 ], [ 527859.531863713404164, 6060058.320019413717091 ], [ 527854.188596056075767, 6060073.545336757786572 ], [ 527858.430784491938539, 6060076.307389220222831 ], [ 527858.431012747925706, 6060112.649310720153153 ], [ 527862.469105419819243, 6060132.83923068176955 ], [ 527865.038778871297836, 6060147.522802796214819 ], [ 527861.36806251341477, 6060172.117837591096759 ], [ 527839.143347778473981, 6060317.613063559867442 ], [ 527837.182471704785712, 6060319.25116316229105 ], [ 527834.750213720835745, 6060323.305747233331203 ], [ 527823.400235737790354, 6060344.389657447114587 ], [ 527816.916723953210749, 6060382.502506310120225 ], [ 527812.865689680213109, 6060419.804346033371985 ], [ 527809.624260503216647, 6060443.320786404423416 ], [ 527808.004403246683069, 6060464.404435258358717 ], [ 527803.951649217517115, 6060482.244524461217225 ], [ 527802.330603458220139, 6060489.542777937836945 ], [ 527785.302529064356349, 6060487.921198100782931 ], [ 527787.732522670645267, 6060458.728406571783125 ], [ 527786.920330586493947, 6060442.5102349659428 ], [ 527787.758148508379236, 6060414.784342256374657 ], [ 527747.996952850022353, 6060414.940091378055513 ], [ 527751.245086212293245, 6060471.703635797835886 ] ] } },
{ "type": "Feature", "properties": { "layer": "WBK_GERUEST" }, "geometry": { "type": "LineString", "coordinates": [ [ 527643.576513244304806, 6060775.098390345461667 ], [ 527638.816272733616643, 6060778.272296377457678 ], [ 527632.614751233719289, 6060783.269096441566944 ], [ 527627.058542777900584, 6060791.471168944612145 ], [ 527621.771937530022115, 6060800.302233880385756 ], [ 527617.09401624056045, 6060806.706714737229049 ], [ 527614.063980511506088, 6060813.525882015004754 ], [ 527611.033837854280137, 6060818.829660393297672 ], [ 527609.369375200592913, 6060822.699040338397026 ], [ 527600.049098736839369, 6060831.14203486777842 ], [ 527599.806850083055906, 6060822.95659841876477 ], [ 527601.923485250445083, 6060814.754548626020551 ], [ 527605.627617276040837, 6060808.40457477979362 ], [ 527608.537955750944093, 6060803.112896176986396 ], [ 527612.50658892642241, 6060796.762919570319355 ], [ 527619.385670691728592, 6060786.444155370816588 ], [ 527627.323033323627897, 6060774.273298596963286 ], [ 527633.937521514715627, 6060764.748329532332718 ], [ 527640.022887799073942, 6060750.990096595138311 ], [ 527651.664211927796714, 6060720.827655078843236 ], [ 527664.75822051835712, 6060690.153906918130815 ], [ 527676.857536646304652, 6060659.897563473321497 ], [ 527691.285087968921289, 6060622.142460905015469 ], [ 527691.558463999186642, 6060618.927284199744463 ], [ 527709.703957868856378, 6060623.967632086016238 ], [ 527712.400238077389076, 6060623.967615149915218 ], [ 527712.472739241784438, 6060623.969314047135413 ], [ 527713.592062947456725, 6060629.012168540619314 ], [ 527712.856482775765471, 6060631.7451531002298 ], [ 527710.799341146368533, 6060638.310614335350692 ], [ 527710.998637917800806, 6060638.196714579127729 ], [ 527699.410355364438146, 6060674.518609844148159 ], [ 527689.892467769910581, 6060712.604977419599891 ], [ 527680.373826203751378, 6060741.963212468661368 ], [ 527672.441311353701167, 6060762.196608535945415 ], [ 527670.961686664493755, 6060772.133540409617126 ], [ 527666.201125315972604, 6060772.133570310659707 ], [ 527656.680092965485528, 6060771.737033192068338 ], [ 527652.316225553862751, 6060771.340364119969308 ], [ 527643.576513244304806, 6060775.098390345461667 ] ] } },
{ "type": "Feature", "properties": { "layer": "WBK_GERUEST" }, "geometry": { "type": "LineString", "coordinates": [ [ 527908.759976295754313, 6061554.134762887842953 ], [ 527914.743795040412806, 6061563.935650088824332 ], [ 527920.545390264829621, 6061570.335564506240189 ], [ 527924.556773547781631, 6061572.577022043056786 ], [ 527934.034233305952512, 6061577.872922118753195 ], [ 527946.72957415075507, 6061584.220194145105779 ], [ 527957.838029140490107, 6061590.170778543688357 ], [ 527969.343173792818561, 6061595.724663970060647 ], [ 527977.277736633317545, 6061599.294986500404775 ], [ 527984.721799320075661, 6061602.379416340962052 ], [ 527992.174457356566563, 6061604.242454770021141 ], [ 527996.965323277632706, 6061605.57311434764415 ], [ 528000.691710721934214, 6061607.702375620603561 ], [ 528006.280776724452153, 6061608.500734179280698 ], [ 528008.424683332908899, 6061612.617888882756233 ], [ 528008.741290156031027, 6061614.200675601139665 ], [ 528010.46953046915587, 6061622.839697556570172 ], [ 528013.296221168828197, 6061624.742666582576931 ], [ 528016.647326656151563, 6061629.003612355329096 ], [ 528019.028529025497846, 6061632.707768149673939 ], [ 528021.674341526231728, 6061638.263909742236137 ], [ 528023.791064768680371, 6061644.084751690737903 ], [ 528026.966095995157957, 6061653.080463253892958 ], [ 528031.278323293081485, 6061662.601162887178361 ], [ 528032.14133171166759, 6061665.362337110564113 ], [ 528038.253699930151924, 6061683.721558208577335 ], [ 528030.734676959807985, 6061686.509682601317763 ], [ 528027.422610197798349, 6061688.25789110455662 ], [ 528021.578076821751893, 6061691.244905297644436 ], [ 528019.953495417255908, 6061692.232107410207391 ], [ 528020.210763601819053, 6061687.695640679448843 ], [ 528021.102886891691014, 6061676.402221681550145 ], [ 528019.019432681147009, 6061665.479318450205028 ], [ 528016.195273116230965, 6061652.278636755421758 ], [ 528006.790645932545885, 6061636.332617606036365 ], [ 527995.341971043031663, 6061626.110967566259205 ], [ 527986.346507789683528, 6061621.613558809272945 ], [ 527972.204683092306368, 6061615.890291503630579 ], [ 527958.319139107596129, 6061608.352936383336782 ], [ 527949.194391946890391, 6061605.179318920709193 ], [ 527942.053431206964888, 6061603.195878022350371 ], [ 527934.515460029244423, 6061598.435361759737134 ], [ 527929.102688561193645, 6061596.264412827789783 ], [ 527920.233228997327387, 6061591.6915038889274 ], [ 527906.614104274311103, 6061587.269623556174338 ], [ 527897.618753098184243, 6061584.407701062969863 ], [ 527885.761334672570229, 6061583.181285032071173 ], [ 527870.223818743717857, 6061577.048428880050778 ], [ 527854.277291587786749, 6061569.688986328430474 ], [ 527843.237335346639156, 6061562.738308460451663 ], [ 527836.286042213905603, 6061555.787604918703437 ], [ 527834.853105489746667, 6061548.120972295291722 ], [ 527819.70732875354588, 6061548.897962531074882 ], [ 527819.381128840963356, 6061548.914663800038397 ], [ 527819.991172161651775, 6061540.258726583793759 ], [ 527822.277249383507296, 6061507.819559753872454 ], [ 527822.380173224257305, 6061479.328177456744015 ], [ 527822.788499265210703, 6061468.697456082329154 ], [ 527823.605512457084842, 6061455.613351723179221 ], [ 527824.831316710449755, 6061442.529344375245273 ], [ 527828.510849274462089, 6061436.396168385632336 ], [ 527830.554227050044574, 6061418.405591995455325 ], [ 527829.735296924249269, 6061397.552957239560783 ], [ 527833.414157607010566, 6061379.562372789718211 ], [ 527833.413588213152252, 6061368.522756692022085 ], [ 527837.895612901542336, 6061361.773479356430471 ], [ 527840.430550219607539, 6061354.415720753371716 ], [ 527842.655161321279593, 6061343.52428928297013 ], [ 527843.712262137094513, 6061329.242392670363188 ], [ 527842.328787041013129, 6061315.069609451107681 ], [ 527844.768460138118826, 6061298.033724629320204 ], [ 527846.090282855089754, 6061287.190099692903459 ], [ 527846.882658449467272, 6061268.940934536978602 ], [ 527845.559595348662697, 6061257.039433146826923 ], [ 527837.623452187748626, 6061224.508532418869436 ], [ 527828.055519314715639, 6061191.664343049749732 ], [ 527822.545334468595684, 6061171.612832018174231 ], [ 527816.461584898759611, 6061156.008589305914938 ], [ 527807.204394585336559, 6061146.487520237453282 ], [ 527799.876607181853615, 6061139.591918491758406 ], [ 527791.335253956262022, 6061136.966492689214647 ], [ 527785.781191121554002, 6061135.908735183998942 ], [ 527778.476844776654616, 6061135.312386585399508 ], [ 527759.851637349114753, 6061143.468240522779524 ], [ 527744.379986518993974, 6061148.229101547971368 ], [ 527733.350470485282131, 6061147.737274219281971 ], [ 527725.177211247268133, 6061144.927747620269656 ], [ 527721.056328472681344, 6061142.361793437041342 ], [ 527718.340141127118841, 6061140.670522262342274 ], [ 527709.235339123872109, 6061129.732263870537281 ], [ 527701.290145082050003, 6061121.011979886330664 ], [ 527680.469164840993471, 6061098.876580844633281 ], [ 527668.302464580512606, 6061083.536875328980386 ], [ 527642.382265937281772, 6061052.328676544129848 ], [ 527631.273333732155152, 6061033.815287394449115 ], [ 527615.932723049074411, 6061013.186041331849992 ], [ 527611.171473399153911, 6060999.433177039958537 ], [ 527601.117754488019273, 6060952.883596451953053 ], [ 527597.558601124328561, 6060939.240322733297944 ], [ 527594.766820098971948, 6060907.391884575597942 ], [ 527585.390434287721291, 6060898.259512737393379 ], [ 527592.398926422698423, 6060873.624057582579553 ], [ 527596.549067666404881, 6060853.998981840908527 ], [ 527598.652626892086118, 6060849.491103704087436 ], [ 527601.357279407675378, 6060845.884914042428136 ], [ 527603.425848569371738, 6060843.023322554305196 ], [ 527605.695813217316754, 6060840.218729952350259 ], [ 527618.165932963951491, 6060843.099529248662293 ], [ 527622.965828960994259, 6060848.306658798828721 ], [ 527628.916919326991774, 6060853.464082876220345 ], [ 527645.182853795937262, 6060862.985308179631829 ], [ 527658.274793781107292, 6060869.332776856608689 ], [ 527662.242186225368641, 6060873.300021039322019 ], [ 527668.986667076824233, 6060878.060742541216314 ], [ 527678.11110035108868, 6060878.457282138988376 ], [ 527681.915472105727531, 6060878.494458087719977 ], [ 527709.05456355935894, 6060878.456789080053568 ], [ 527712.126482429797761, 6060885.21961709484458 ], [ 527715.697717783856206, 6060894.741121280938387 ], [ 527719.268632891587913, 6060901.882244085893035 ], [ 527721.649560808436945, 6060909.816768440417945 ], [ 527723.633905973401852, 6060918.941587209701538 ], [ 527725.618355964194052, 6060929.256495427340269 ], [ 527727.602696735179052, 6060938.381313091143966 ], [ 527729.587046882603317, 6060948.299524827860296 ], [ 527731.968084080028348, 6060957.424339999444783 ], [ 527733.952213235897943, 6060964.565472771413624 ], [ 527735.539536033757031, 6060969.722923141904175 ], [ 527738.713854494853877, 6060977.260744928382337 ], [ 527739.11076882854104, 6060980.236220533028245 ], [ 527741.491700610495172, 6060987.377350812777877 ], [ 527743.47571799356956, 6060992.931595858186483 ], [ 527745.459854035521857, 6061000.469426224008203 ], [ 527748.237274360726587, 6061007.610353766009212 ], [ 527750.61811993655283, 6061017.924959677271545 ], [ 527753.395661410992034, 6061027.446170127019286 ], [ 527754.982902395888232, 6061035.777295277453959 ], [ 527758.553946656524204, 6061047.282084961421788 ], [ 527760.934679213678464, 6061055.811504688113928 ], [ 527764.505603697849438, 6061063.745921998284757 ], [ 527768.575427598203532, 6061072.851926391012967 ], [ 527770.956044118152931, 6061078.405968696810305 ], [ 527782.358687312225811, 6061083.184861469082534 ], [ 527787.912860197480768, 6061085.565107280388474 ], [ 527796.243901023874059, 6061086.755146625451744 ], [ 527801.900275718886405, 6061088.720194960013032 ], [ 527808.939153895829804, 6061093.89581162109971 ], [ 527818.959613128914498, 6061099.828003190457821 ], [ 527828.481193468673155, 6061108.555676525458694 ], [ 527838.002888011862524, 6061119.266935178078711 ], [ 527843.557279987144284, 6061124.820957550778985 ], [ 527848.318074846174568, 6061129.581491261720657 ], [ 527855.856065956992097, 6061137.515782980248332 ], [ 527859.823570173932239, 6061143.069815320894122 ], [ 527864.579677621251903, 6061150.501528409309685 ], [ 527865.601683064596727, 6061152.098410001024604 ], [ 527871.754196546389721, 6061161.712198344059289 ], [ 527873.409691731445491, 6061163.215276472270489 ], [ 527877.185585306142457, 6061166.643326668068767 ], [ 527881.591677463147789, 6061170.893165831454098 ], [ 527897.344578100251965, 6061189.853922897018492 ], [ 527908.982719583902508, 6061211.012087295763195 ], [ 527914.273072326788679, 6061225.293844470754266 ], [ 527921.150540692033246, 6061244.865251720882952 ], [ 527935.434132429189049, 6061276.602519367821515 ], [ 527946.543705233256333, 6061301.992354501970112 ], [ 527977.332469296758063, 6061301.873462181538343 ], [ 527989.470372766256332, 6061301.584888062439859 ], [ 527989.501377656939439, 6061301.682386976666749 ], [ 527997.406167620792985, 6061326.578046642243862 ], [ 528003.310653159976937, 6061347.066552617587149 ], [ 528002.914457616629079, 6061347.208054778166115 ], [ 527999.051294554257765, 6061348.587969095446169 ], [ 527997.964911058545113, 6061349.507269052788615 ], [ 527952.730355376726948, 6061365.017933922819793 ], [ 527950.833528597373515, 6061374.504573808051646 ], [ 527949.210293000680394, 6061382.623321373015642 ], [ 527948.608446657191962, 6061390.757462877780199 ], [ 527924.117222039611079, 6061388.747032075189054 ], [ 527925.212964023579843, 6061429.202315661124885 ], [ 527926.746542009990662, 6061443.059900557622313 ], [ 527924.953076639445499, 6061446.524184331297874 ], [ 527922.286815278348513, 6061449.561578230932355 ], [ 527916.842588915722445, 6061453.863180002197623 ], [ 527906.198578621610068, 6061471.149113334715366 ], [ 527903.336950772092678, 6061479.326669954694808 ], [ 527902.676271412521601, 6061481.527956581674516 ], [ 527899.416662905947305, 6061492.387793934904039 ], [ 527897.858506447053514, 6061497.579163666814566 ], [ 527898.205662804772146, 6061522.575969972647727 ], [ 527900.586505058920011, 6061532.361680798232555 ], [ 527901.481312390649691, 6061534.815556767396629 ], [ 527908.759976295754313, 6061554.134762887842953 ] ] } },
{ "type": "Feature", "properties": { "layer": "WBK_GERUEST" }, "geometry": { "type": "LineString", "coordinates": [ [ 528166.141207813052461, 6062032.070888134650886 ], [ 528177.891373278922401, 6062040.479050824418664 ], [ 528181.296569827594794, 6062043.960002272389829 ], [ 528185.186464936006814, 6062047.93634775467217 ], [ 528190.049858717015013, 6062052.799879584461451 ], [ 528197.927207144792192, 6062054.493916297331452 ], [ 528208.543772035045549, 6062109.906926679424942 ], [ 528176.485457431641407, 6062115.863982178270817 ], [ 528154.789620516705327, 6062099.195445765741169 ], [ 528131.770884824218228, 6062081.997822335921228 ], [ 528118.594547889195383, 6062060.090473213233054 ], [ 528105.278551358729601, 6062044.039178669452667 ], [ 528091.045528824091889, 6062022.905429953709245 ], [ 528117.085050220252015, 6062026.786936270073056 ], [ 528129.880869689048268, 6062028.930140311829746 ], [ 528149.689799490850419, 6062026.573933242820203 ], [ 528143.676698803086765, 6062019.027229826897383 ], [ 528136.210889970883727, 6062008.240859370678663 ], [ 528134.683089199243113, 6062005.982386097311974 ], [ 528126.47868108318653, 6061994.950422136113048 ], [ 528121.928967549465597, 6061987.215109319426119 ], [ 528117.218270715442486, 6061981.456783467903733 ], [ 528114.043253311421722, 6061975.371449183672667 ], [ 528112.191112014697865, 6061966.904825748875737 ], [ 528111.397262563114055, 6061957.644501774571836 ], [ 528110.774020883953199, 6061950.503660273738205 ], [ 528110.026417432585731, 6061948.388481792993844 ], [ 528104.782586592365988, 6061937.271698792465031 ], [ 528097.903474220074713, 6061927.217619569040835 ], [ 528090.585861490108073, 6061916.203049562871456 ], [ 528090.29396016150713, 6061915.795054678805172 ], [ 528086.941356163937598, 6061911.108811123296618 ], [ 528076.700232788454741, 6061895.177197452634573 ], [ 528073.032493077334948, 6061883.561810111626983 ], [ 528068.534569720271975, 6061875.095202196389437 ], [ 528063.242862852057442, 6061867.157796379178762 ], [ 528060.433651254163124, 6061862.249851698987186 ], [ 528047.738678820314817, 6061851.141916494816542 ], [ 528043.949177771341056, 6061846.396576799452305 ], [ 528042.518350298050791, 6061839.878535621799529 ], [ 528041.390629929490387, 6061835.273277129046619 ], [ 528033.704710126155987, 6061822.924720652401447 ], [ 528029.789908912498504, 6061817.541886447928846 ], [ 528027.995607506716624, 6061815.421314465813339 ], [ 528025.385698607191443, 6061811.343361699022353 ], [ 528023.154783102567308, 6061805.606619502417743 ], [ 528023.080675492295995, 6061804.903325743973255 ], [ 528021.144547836971469, 6061797.641594121232629 ], [ 528021.47067818895448, 6061786.549576027318835 ], [ 528024.037385824136436, 6061775.04104817006737 ], [ 528025.951846476993524, 6061755.473286432214081 ], [ 528025.939538952894509, 6061754.685991722159088 ], [ 528025.753372267470695, 6061742.81768358591944 ], [ 528023.590933457715437, 6061734.678159357979894 ], [ 528021.128685988252982, 6061724.161055798642337 ], [ 528020.33493970381096, 6061715.82672500424087 ], [ 528019.888855978148058, 6061702.458130137994885 ], [ 528028.731861961423419, 6061697.393013106659055 ], [ 528029.96756582474336, 6061716.012462339363992 ], [ 528029.691174650681205, 6061716.880657220259309 ], [ 528031.305216157343239, 6061725.271083545871079 ], [ 528031.736126160249114, 6061727.511364292353392 ], [ 528032.963277891161852, 6061737.32438039034605 ], [ 528033.541184071218595, 6061754.741544595919549 ], [ 528033.610828584176488, 6061762.121486812829971 ], [ 528032.147275379975326, 6061767.581054566428065 ], [ 528030.921573613071814, 6061781.482855391688645 ], [ 528030.848475815495476, 6061782.323549620807171 ], [ 528030.104439958231524, 6061790.886988148093224 ], [ 528031.760807775775902, 6061803.801878774538636 ], [ 528032.149619554402307, 6061806.833053516224027 ], [ 528034.676119602750987, 6061809.656715979799628 ], [ 528039.100616862764582, 6061814.601550535298884 ], [ 528045.385610800702125, 6061821.70225689932704 ], [ 528048.505144125781953, 6061830.138672393746674 ], [ 528053.159679743577726, 6061841.752854260616004 ], [ 528063.210075503680855, 6061853.125305065885186 ], [ 528065.549872836563736, 6061855.961367543786764 ], [ 528067.99817272555083, 6061858.928829167038202 ], [ 528076.301973421941511, 6061868.993801390752196 ], [ 528077.334579106536694, 6061870.811180234886706 ], [ 528079.608082503895275, 6061874.812235091812909 ], [ 528083.575728696188889, 6061886.05252439994365 ], [ 528089.527068338124081, 6061900.598776404745877 ], [ 528096.065479717450216, 6061909.411067574284971 ], [ 528104.734982856083661, 6061921.095724019221961 ], [ 528116.424222442321479, 6061941.240394977852702 ], [ 528119.070165529148653, 6061952.088195795193315 ], [ 528120.657773075159639, 6061970.873541883192956 ], [ 528127.91138676495757, 6061981.341016668826342 ], [ 528130.411894766497426, 6061985.992064902558923 ], [ 528139.775902161141858, 6061998.559111211448908 ], [ 528145.936010915087536, 6062007.676302036270499 ], [ 528152.342516400152817, 6062016.054197640158236 ], [ 528157.517014455865137, 6062022.214418007060885 ], [ 528161.017719631548971, 6062027.068659538403153 ], [ 528166.141207813052461, 6062032.070888134650886 ] ] } },
{ "type": "Feature", "properties": { "layer": "WBK_GERUEST" }, "geometry": { "type": "LineString", "coordinates": [ [ 529057.236822310485877, 6063199.534657068550587 ], [ 529058.329456531442702, 6063205.988099621608853 ], [ 529046.079358331277035, 6063208.030162662267685 ], [ 529036.551535494509153, 6063208.030521214008331 ], [ 529017.495872422936372, 6063206.670052190311253 ], [ 529000.48177153558936, 6063201.226300665177405 ], [ 528967.815970038296655, 6063193.059367969632149 ], [ 528931.066984511329792, 6063182.850677273236215 ], [ 528910.651005782885477, 6063177.406046555377543 ], [ 528894.318122161435895, 6063176.044760530814528 ], [ 528877.985370206297375, 6063179.44723657425493 ], [ 528846.680859667947516, 6063187.613370670005679 ], [ 528820.139995590783656, 6063193.057495315559208 ], [ 528795.5161081176484, 6063196.218225594609976 ], [ 528776.585861560655758, 6063197.820732153020799 ], [ 528765.697231380152516, 6063195.77891622018069 ], [ 528762.346472835517488, 6063150.940281407907605 ], [ 528759.534457447123714, 6063112.509692523628473 ], [ 528756.253841822966933, 6063074.079107698984444 ], [ 528751.405906353611499, 6063046.7374476660043 ], [ 528724.865199466701597, 6063061.709098652005196 ], [ 528675.866965031367727, 6063075.319203361868858 ], [ 528625.507541921338998, 6063090.290404304862022 ], [ 528601.008384397486225, 6063099.137290082871914 ], [ 528551.329440995934419, 6063111.386408762075007 ], [ 528510.704342548269778, 6063125.62645513843745 ], [ 528509.570856125792488, 6063125.989459396339953 ], [ 528507.292325316811912, 6063119.15332642942667 ], [ 528499.506911431322806, 6063107.120367337018251 ], [ 528493.00669967464637, 6063097.554081110283732 ], [ 528483.675504445913248, 6063086.771521572954953 ], [ 528477.662095558247529, 6063078.062626360915601 ], [ 528474.136956749483943, 6063068.109424996189773 ], [ 528463.410901594557799, 6063045.539864872582257 ], [ 528461.264586391043849, 6063040.531517175957561 ], [ 528460.494170403922908, 6063037.770542624406517 ], [ 528449.484413881553337, 6063014.746388192288578 ], [ 528437.750794078921899, 6062997.040397878736258 ], [ 528418.25579798547551, 6062957.962719136849046 ], [ 528393.475870049325749, 6062923.598437085747719 ], [ 528377.477520911255851, 6062911.906326736323535 ], [ 528372.554889118182473, 6062901.445137968286872 ], [ 528407.627912892494351, 6062884.215949553996325 ], [ 528430.394666821113788, 6062872.524596980772913 ], [ 528451.315426922636107, 6062860.217859999276698 ], [ 528466.698451272095554, 6062882.371093222871423 ], [ 528475.928233881830238, 6062890.986269419081509 ], [ 528485.158110508345999, 6062898.370754301548004 ], [ 528496.849160704878159, 6062904.524634198285639 ], [ 528507.309569508302957, 6062903.294077433645725 ], [ 528528.230334004736505, 6062890.987340454943478 ], [ 528546.074506322154775, 6062876.834437027573586 ], [ 528562.072720778756775, 6062866.373616923578084 ], [ 528584.224175125127658, 6062886.06562636140734 ], [ 528624.220045283786021, 6062930.372536011040211 ], [ 528637.141751863877289, 6062946.987627872265875 ], [ 528678.367921539349481, 6062912.528233407065272 ], [ 528712.210238742642105, 6062876.837692835368216 ], [ 528728.208531162468717, 6062863.299996748566628 ], [ 528747.898627209942788, 6062839.301156246103346 ], [ 528774.972666464396752, 6062814.071579158306122 ], [ 528789.740251059876755, 6062798.072309030219913 ], [ 528814.352924199076369, 6062776.534820239059627 ], [ 528838.965672087972052, 6062750.689662363380194 ], [ 528866.654879490262829, 6062721.767709858715534 ], [ 528883.8838412045734, 6062704.537533818744123 ], [ 528898.0361558458535, 6062692.230339284054935 ], [ 528884.274185523856431, 6062664.104740687645972 ], [ 528850.006750275031663, 6062585.375558444298804 ], [ 528819.906826175749302, 6062513.130200757645071 ], [ 528774.525546708493493, 6062413.098451404832304 ], [ 528748.593267624499276, 6062352.431377656757832 ], [ 528813.42358041414991, 6062338.537776987999678 ], [ 528860.501253867754713, 6062327.931162988767028 ], [ 528872.80764483998064, 6062325.469604607671499 ], [ 528888.806006826809607, 6062323.008023031055927 ], [ 528909.11153181665577, 6062319.931119085289538 ], [ 528936.800987828755751, 6062314.39258699119091 ], [ 528969.412922525545582, 6062312.546297062188387 ], [ 528992.795144772855565, 6062312.546249775215983 ], [ 529007.563427790417336, 6062311.930462311953306 ], [ 529044.485538008622825, 6062310.697839743457735 ], [ 529078.330763408448547, 6062308.234745443798602 ], [ 529105.406953087542206, 6062307.617980103939772 ], [ 529136.790805232711136, 6062307.001088138669729 ], [ 529158.944046501070261, 6062308.230739751830697 ], [ 529175.535630819271319, 6062309.773423137143254 ], [ 529172.884811331052333, 6062351.123623995110393 ], [ 529192.102868572925217, 6062351.788698212243617 ], [ 529197.362279211869463, 6062360.469998097978532 ], [ 529210.61161718191579, 6062382.339847096242011 ], [ 529243.084158660960384, 6062428.752087576314807 ], [ 529256.329024248523638, 6062455.120603357441723 ], [ 529278.68588581844233, 6062508.355056030675769 ], [ 529286.620467713917606, 6062530.459136753343046 ], [ 529233.160545282880776, 6062589.202823462896049 ], [ 529224.985364279244095, 6062598.186006121337414 ], [ 529235.925034056883305, 6062606.82767081912607 ], [ 529245.163392753456719, 6062627.363255293108523 ], [ 529251.22866664105095, 6062647.253965149633586 ], [ 529255.519887777045369, 6062655.553974983282387 ], [ 529261.789664131822065, 6062674.842687653377652 ], [ 529262.347372826654464, 6062676.768469429574907 ], [ 529273.1446231699083, 6062714.049615704454482 ], [ 529250.334044946357608, 6062849.099925479851663 ], [ 529231.021330547635444, 6062855.094201438128948 ], [ 529189.078758107265458, 6062872.200233425013721 ], [ 529147.854182371054776, 6062889.170763175934553 ], [ 529034.885561365517788, 6062955.749163251370192 ], [ 529004.258165976381861, 6062982.830847471952438 ], [ 528999.464433019631542, 6062987.254343660548329 ], [ 528974.831141489557922, 6063022.102032787166536 ], [ 529011.144000270054676, 6063107.697649012319744 ], [ 529057.236822310485877, 6063199.534657068550587 ] ] } },
{ "type": "Feature", "properties": { "layer": "WBK_GERUEST" }, "geometry": { "type": "LineString", "coordinates": [ [ 528160.375304653891362, 6064189.678911928087473 ], [ 528150.316737998276949, 6064198.480808097869158 ], [ 528138.135288635035977, 6064207.210317102260888 ], [ 528128.199110266985372, 6064214.554924568161368 ], [ 528116.966972701717168, 6064226.651702181436121 ], [ 528124.743383057531901, 6064238.315863604657352 ], [ 528141.592131510260515, 6064265.964345818385482 ], [ 528154.562294458039105, 6064292.182263942435384 ], [ 528152.392868915456347, 6064301.821303849108517 ], [ 528073.620426621520892, 6064326.104313548654318 ], [ 528058.53200056834612, 6064287.755601813085377 ], [ 528044.072170858853497, 6064248.778290297836065 ], [ 528030.869872253853828, 6064217.344914107583463 ], [ 528023.325725702219643, 6064200.999685337767005 ], [ 528014.524109349469654, 6064172.080962443724275 ], [ 528005.093952946946956, 6064151.335080160759389 ], [ 527990.005555041250773, 6064116.758539728820324 ], [ 527979.946772070019506, 6064107.32867525331676 ], [ 527969.887921528657898, 6064087.840087050572038 ], [ 527963.601116283680312, 6064078.410099312663078 ], [ 527954.170893105329014, 6064063.950869024731219 ], [ 527940.968733207788318, 6064053.892428464256227 ], [ 527921.264721083687618, 6064044.348025751300156 ], [ 527909.535100585198961, 6064041.948518481105566 ], [ 527899.476357159903273, 6064038.805405575782061 ], [ 527884.38813203771133, 6064033.147743995301425 ], [ 527869.928710696287453, 6064027.490077365189791 ], [ 527857.355165870278142, 6064021.203603914007545 ], [ 527849.811102683306672, 6064017.431780914776027 ], [ 527839.752343466388993, 6064011.773987074382603 ], [ 527828.550976949045435, 6064003.645619602873921 ], [ 527828.64677153097, 6064003.358321500942111 ], [ 527831.759192300727591, 6063994.020973400212824 ], [ 527801.511672825785354, 6063969.730849782936275 ], [ 527786.387992409523576, 6063955.065156544558704 ], [ 527772.639128566370346, 6063943.607530225999653 ], [ 527758.432044040528126, 6063928.941832344979048 ], [ 527745.14147369004786, 6063917.484303823672235 ], [ 527731.392519616754726, 6063907.859963267110288 ], [ 527710.769245895091444, 6063886.778053898364305 ], [ 527691.979084901046008, 6063870.737494323402643 ], [ 527671.355639447225258, 6063853.322157581336796 ], [ 527655.315353203215636, 6063836.364988192915916 ], [ 527662.493351930752397, 6063828.776900857686996 ], [ 527704.030955209746026, 6063800.14035885501653 ], [ 527720.364935446763411, 6063785.847566125914454 ], [ 527750.310477452003397, 6063765.429134535603225 ], [ 527783.658969111042097, 6063740.927012512460351 ], [ 527792.800900881644338, 6063708.998399818316102 ], [ 527803.332443074672483, 6063697.15002381708473 ], [ 527851.601280751405284, 6063682.228734501637518 ], [ 527870.908393521327525, 6063691.881940167397261 ], [ 527875.298653274425305, 6063611.140029775910079 ], [ 527898.557404920691624, 6063536.10185763053596 ], [ 527963.062032280955464, 6063523.812447803094983 ], [ 528028.881955071934499, 6063511.96272440161556 ], [ 528039.852734500891529, 6063474.663441134616733 ], [ 528042.486241143546067, 6063446.579339349642396 ], [ 528039.853960763197392, 6063430.343181105330586 ], [ 528028.007483588182367, 6063404.014355625957251 ], [ 528002.998503545415588, 6063344.554867949336767 ], [ 527998.611205007066019, 6063323.93055378831923 ], [ 528002.121906774351373, 6063312.521319144405425 ], [ 528015.724269178463146, 6063307.255573660135269 ], [ 528037.224869462312199, 6063301.112286572344601 ], [ 528057.847789629595354, 6063297.601882591843605 ], [ 528054.625484786229208, 6063245.373402494005859 ], [ 528056.578874878352508, 6063246.133184521459043 ], [ 528071.550341890659183, 6063259.06439202837646 ], [ 528081.758136798045598, 6063270.634438879787922 ], [ 528093.326760117546655, 6063289.010226449929178 ], [ 528101.492798078455962, 6063304.663754940032959 ], [ 528107.617252724943683, 6063320.317196680232882 ], [ 528117.825360271031968, 6063318.956042668782175 ], [ 528114.422990262042731, 6063303.302684516645968 ], [ 528115.05373459495604, 6063295.190741695463657 ], [ 528121.909258863073774, 6063291.732825241051614 ], [ 528128.714675029739738, 6063286.968719515018165 ], [ 528134.159119259449653, 6063284.24650664255023 ], [ 528145.047723791445605, 6063282.204853765666485 ], [ 528172.269207669538446, 6063280.843793151900172 ], [ 528182.477408593404107, 6063277.441055758856237 ], [ 528199.490771983051673, 6063276.079958585090935 ], [ 528213.101477890624665, 6063278.121856982819736 ], [ 528224.146029113442637, 6063283.884843923151493 ], [ 528231.475873063551262, 6063284.24719538167119 ], [ 528244.405841407366097, 6063294.455936101265252 ], [ 528260.058169342461042, 6063301.942380376160145 ], [ 528269.585619577555917, 6063306.025888918899 ], [ 528287.960078023606911, 6063306.025972661562264 ], [ 528307.69571208267007, 6063303.984364884905517 ], [ 528324.028739410219714, 6063295.817524934187531 ], [ 528334.917428470100276, 6063291.734187979251146 ], [ 528347.847777063609101, 6063283.567369396798313 ], [ 528358.055859263520688, 6063276.761757373809814 ], [ 528366.560970057034865, 6063272.579436072148383 ], [ 528377.668724106275477, 6063263.455036253668368 ], [ 528384.809336604201235, 6063257.901033717207611 ], [ 528389.569756340584718, 6063251.5535524841398 ], [ 528391.156691026524641, 6063242.825809380039573 ], [ 528393.444340099347755, 6063237.289037708193064 ], [ 528393.44439482386224, 6063229.802694263868034 ], [ 528388.680849146214314, 6063216.871823156252503 ], [ 528377.792536242748611, 6063201.218610473908484 ], [ 528372.348409050144255, 6063191.009924520738423 ], [ 528369.626366556505673, 6063180.801419496536255 ], [ 528378.966778960078955, 6063177.35108694434166 ], [ 528386.847895927960053, 6063174.518758359365165 ], [ 528397.930687202257104, 6063170.455020249821246 ], [ 528407.009595743613318, 6063167.227487864904106 ], [ 528415.90283470985014, 6063168.551721449010074 ], [ 528423.388769056531601, 6063167.1906852228567 ], [ 528430.874601839808747, 6063165.149053707718849 ], [ 528446.629892399650998, 6063167.228139584884048 ], [ 528459.36483838246204, 6063173.949907871894538 ], [ 528469.977411117288284, 6063182.086778009310365 ], [ 528475.789612384862266, 6063189.650184109807014 ], [ 528485.317117346450686, 6063186.247450992465019 ], [ 528494.386310726287775, 6063179.964541232213378 ], [ 528500.288766476907767, 6063196.456178889609873 ], [ 528506.413445862941444, 6063216.19258826225996 ], [ 528522.065495050279424, 6063243.415381914004683 ], [ 528534.995451230206527, 6063268.596308350563049 ], [ 528547.830549413454719, 6063283.259416045621037 ], [ 528547.031069505726919, 6063285.746801758185029 ], [ 528542.142114199465141, 6063286.449227226898074 ], [ 528535.675877115456387, 6063289.013247630558908 ], [ 528528.345645515597425, 6063291.048078553751111 ], [ 528507.615902572055347, 6063290.605812358669937 ], [ 528509.086778827244416, 6063304.725394080393016 ], [ 528516.146612477023154, 6063318.550844698213041 ], [ 528522.679517191601917, 6063327.121237385086715 ], [ 528520.02316200453788, 6063331.208123786374927 ], [ 528505.051352248876356, 6063327.124648340977728 ], [ 528493.482216894626617, 6063323.041253299452364 ], [ 528488.718540333444253, 6063321.680092646740377 ], [ 528485.315558347851038, 6063351.624984409660101 ], [ 528484.692077783634886, 6063354.367967440746725 ], [ 528492.120835142675787, 6063357.069500366225839 ], [ 528520.70346127951052, 6063363.875168573111296 ], [ 528537.716858863364905, 6063367.958630098029971 ], [ 528539.471517633181065, 6063379.243633073754609 ], [ 528539.758185826474801, 6063406.750720742158592 ], [ 528541.631172891939059, 6063423.30868270713836 ], [ 528557.182976557756774, 6063426.332762348465621 ], [ 528572.123472290346399, 6063428.308853468857706 ], [ 528573.785041620023549, 6063440.778746643103659 ], [ 528574.46544173755683, 6063457.792812399566174 ], [ 528585.354071735753678, 6063460.515023356303573 ], [ 528594.433008171152323, 6063461.019362458027899 ], [ 528597.603709132294171, 6063480.931790404953063 ], [ 528570.382063606521115, 6063472.765123323537409 ], [ 528555.564872684306465, 6063471.512926953844726 ], [ 528556.153314265888184, 6063495.045641980133951 ], [ 528557.330046687973663, 6063517.401663937605917 ], [ 528580.078285153955221, 6063519.862702337093651 ], [ 528598.346854452276602, 6063521.523575174622238 ], [ 528600.325605564634316, 6063531.293187850154936 ], [ 528601.686570760211907, 6063559.876759542152286 ], [ 528601.686394718941301, 6063595.265889913775027 ], [ 528602.366842036833987, 6063619.085502465255558 ], [ 528602.36671620758716, 6063647.6689842492342 ], [ 528602.32515096780844, 6063668.493025322444737 ], [ 528587.237399623380043, 6063674.151376498863101 ], [ 528580.941360481549054, 6063675.602104608900845 ], [ 528570.141261136624962, 6063678.6263497620821 ], [ 528564.113922712858766, 6063681.449665458872914 ], [ 528557.395894959568977, 6063684.14128805976361 ], [ 528545.185886837309226, 6063684.141364748589694 ], [ 528538.836637287051417, 6063684.9605976305902 ], [ 528525.729931349866092, 6063683.790389696136117 ], [ 528474.473322493489832, 6063683.322614775970578 ], [ 528455.295459646033123, 6063681.724646832793951 ], [ 528430.410437807324342, 6063679.810818151570857 ], [ 528398.290136792929843, 6063672.385475789196789 ], [ 528375.855191038688645, 6063653.968858106993139 ], [ 528346.148072007694282, 6063630.093028470873833 ], [ 528319.386355651542544, 6063595.583560675382614 ], [ 528303.115901803714223, 6063566.86918287165463 ], [ 528297.397143456852064, 6063550.283244506455958 ], [ 528326.066289160749875, 6063544.907206617295742 ], [ 528323.344318369752727, 6063530.615231682546437 ], [ 528321.637989113340154, 6063523.535997327417135 ], [ 528322.068949919892475, 6063518.365333329886198 ], [ 528322.069263319252059, 6063504.146042729727924 ], [ 528321.63858986471314, 6063491.6503417911008 ], [ 528322.500430643092841, 6063483.248000035062432 ], [ 528323.793246156303212, 6063471.183184172958136 ], [ 528324.655155928921886, 6063458.256477422080934 ], [ 528326.378795339842327, 6063450.931423126719892 ], [ 528329.39501160767395, 6063441.451876750215888 ], [ 528330.687746964627877, 6063432.834135225974023 ], [ 528330.687886581989005, 6063423.354607794433832 ], [ 528329.826322606648318, 6063411.720601800829172 ], [ 528335.858630744740367, 6063403.964623428881168 ], [ 528349.215578060946427, 6063395.777801612392068 ], [ 528365.157799048465677, 6063387.590964663773775 ], [ 528391.400903572211973, 6063372.041818602010608 ], [ 528384.596166749834083, 6063326.443610328249633 ], [ 528396.165563753573224, 6063308.068278175778687 ], [ 528385.276996908243746, 6063299.901408940553665 ], [ 528374.452948146266863, 6063295.304312031716108 ], [ 528362.819426254602149, 6063293.095502017065883 ], [ 528352.611386018339545, 6063290.373187206685543 ], [ 528339.681037483387627, 6063298.539906218647957 ], [ 528327.167161001940258, 6063302.948951104655862 ], [ 528306.334473377210088, 6063311.470616200938821 ], [ 528291.362600286956877, 6063313.512294734828174 ], [ 528276.390824728645384, 6063314.873379085212946 ], [ 528261.419014852843247, 6063311.470399338752031 ], [ 528246.447294019861147, 6063305.345139141194522 ], [ 528232.156163128442131, 6063298.539281602948904 ], [ 528221.681032066699117, 6063297.103857832029462 ], [ 528209.698427395080216, 6063297.858527552336454 ], [ 528194.046133657335304, 6063295.81674154382199 ], [ 528183.157596733537503, 6063292.413736154325306 ], [ 528172.268975162063725, 6063291.733109693042934 ], [ 528160.019360037986189, 6063290.371896487660706 ], [ 528148.450000724988058, 6063298.538806097581983 ], [ 528136.880489213275723, 6063314.192060252651572 ], [ 528132.796907716663554, 6063328.484275966882706 ], [ 528129.393759871833026, 6063348.221145682036877 ], [ 528123.949087530374527, 6063361.832775765098631 ], [ 528115.101825316203758, 6063373.402643585577607 ], [ 528106.934890735545196, 6063389.736570119857788 ], [ 528104.89290983218234, 6063406.070557752624154 ], [ 528107.614672860130668, 6063419.682236121967435 ], [ 528114.392134555848315, 6063437.574556577019393 ], [ 528123.947015424957499, 6063446.224930289201438 ], [ 528134.154653799487278, 6063465.281121445819736 ], [ 528145.042823297670111, 6063489.101469778455794 ], [ 528151.847706959932111, 6063510.879960546270013 ], [ 528158.769758366048336, 6063511.687911616638303 ], [ 528168.679841332603246, 6063505.224398585036397 ], [ 528170.834225216065533, 6063504.793488036841154 ], [ 528184.622108998009935, 6063503.069915163330734 ], [ 528191.516049087746069, 6063501.561683080159128 ], [ 528203.58043403364718, 6063498.54532930906862 ], [ 528229.863504050415941, 6063494.236298083327711 ], [ 528240.318498954526149, 6063505.434647038578987 ], [ 528249.1654738743091, 6063512.240338524803519 ], [ 528258.692932657315396, 6063517.684837384149432 ], [ 528269.58157987461891, 6063522.448833092115819 ], [ 528275.706368651823141, 6063527.893352216109633 ], [ 528277.747728068847209, 6063540.143745822831988 ], [ 528282.511273747426458, 6063553.074616938829422 ], [ 528292.587449077749625, 6063577.398066533729434 ], [ 528308.857986696413718, 6063603.240967356599867 ], [ 528321.235815606429242, 6063623.140937521122396 ], [ 528358.950040473719127, 6063656.529845201410353 ], [ 528395.393450797884725, 6063686.869384248740971 ], [ 528415.096517614671029, 6063690.339732985943556 ], [ 528446.681305990437977, 6063694.167705921456218 ], [ 528488.048209474771284, 6063698.067616322077811 ], [ 528499.75061642494984, 6063697.365448989905417 ], [ 528504.486011577770114, 6063702.456579484045506 ], [ 528530.228234505862929, 6063705.518194352276623 ], [ 528534.992110042367131, 6063707.559748927131295 ], [ 528541.797480211593211, 6063710.962379463948309 ], [ 528551.943532901466824, 6063715.620880720205605 ], [ 528566.214472897700034, 6063723.48453077301383 ], [ 528573.676158656599, 6063730.267831846140325 ], [ 528582.135938873863779, 6063737.855320888571441 ], [ 528589.157433885498904, 6063745.110721030272543 ], [ 528591.477295535150915, 6063757.920108379796147 ], [ 528591.47732545575127, 6063762.683972221799195 ], [ 528590.796002187998965, 6063774.132788606919348 ], [ 528590.796084507601336, 6063787.239488299936056 ], [ 528589.751389136188664, 6063802.399579362943769 ], [ 528585.979241318651475, 6063822.517049413174391 ], [ 528582.835947249317542, 6063835.090472714044154 ], [ 528580.076224960270338, 6063860.502195541746914 ], [ 528577.068743229960091, 6063875.43089964799583 ], [ 528576.548962127999403, 6063893.556863528676331 ], [ 528572.776880578603595, 6063908.016277412883937 ], [ 528570.262181839556433, 6063921.218491734936833 ], [ 528560.203300705994479, 6063959.567562770098448 ], [ 528549.515871121431701, 6064005.460978166200221 ], [ 528542.491665363195352, 6064028.124148335307837 ], [ 528541.344241631682962, 6064038.781674516387284 ], [ 528522.619438977562822, 6064031.14914967212826 ], [ 528485.898548253695481, 6064019.917966657318175 ], [ 528454.793725962750614, 6064009.98273853212595 ], [ 528432.584493233007379, 6064009.237783772870898 ], [ 528425.669009642559104, 6064003.579970182850957 ], [ 528410.581089370185509, 6063998.551103583537042 ], [ 528401.151148775592446, 6063996.665477099828422 ], [ 528389.835147857083939, 6063998.551934204995632 ], [ 528375.376004705554806, 6064005.46797205414623 ], [ 528358.402181195444427, 6064013.012820670381188 ], [ 528354.630215822136961, 6064014.270334738306701 ], [ 528345.829016243689694, 6064019.300151277333498 ], [ 528342.611320021445863, 6064032.172672845423222 ], [ 528342.040832634316757, 6064048.868948057293892 ], [ 528345.929195699398406, 6064063.989408623427153 ], [ 528346.793480043881573, 6064078.245994311757386 ], [ 528344.633660538005643, 6064089.046524521894753 ], [ 528337.289684606599621, 6064098.983194516971707 ], [ 528324.761749984463677, 6064110.648183790035546 ], [ 528310.625718745053746, 6064120.51909751817584 ], [ 528312.511846640380099, 6064126.805838342756033 ], [ 528312.511987425619736, 6064133.721285305917263 ], [ 528317.541637487825938, 6064147.552048080600798 ], [ 528320.056498058256693, 6064160.125634985975921 ], [ 528331.37280130374711, 6064173.956158027052879 ], [ 528339.883499671355821, 6064184.306825564242899 ], [ 528351.11583504313603, 6064188.194525292143226 ], [ 528357.164017674513161, 6064192.51455411221832 ], [ 528362.348317256313749, 6064198.562675941735506 ], [ 528367.207613144302741, 6064204.131702543236315 ], [ 528369.722457918454893, 6064214.190508947707713 ], [ 528370.351457319804467, 6064230.536180538125336 ], [ 528369.094442477100529, 6064242.481196409091353 ], [ 528382.296590527170338, 6064250.653651442378759 ], [ 528399.899620048003271, 6064261.340659093111753 ], [ 528413.101882197312079, 6064270.770504922606051 ], [ 528404.300839258008637, 6064285.230448255315423 ], [ 528383.267105869017541, 6064317.667232495732605 ], [ 528377.117618975229561, 6064312.222313025034964 ], [ 528366.581040059914812, 6064302.834750550799072 ], [ 528352.749971072305925, 6064291.518824667669833 ], [ 528334.518353674910031, 6064282.089210664853454 ], [ 528318.801431861822493, 6064275.174162234179676 ], [ 528308.742700222297572, 6064273.917135527357459 ], [ 528296.169284844538197, 6064272.031528794206679 ], [ 528275.423144173691981, 6064272.03215916082263 ], [ 528253.41972587723285, 6064274.547477253712714 ], [ 528254.676979364943691, 6064268.889414306730032 ], [ 528254.676810939796269, 6064257.573099519126117 ], [ 528254.676364387385547, 6064233.68338228482753 ], [ 528237.702097824774683, 6064218.59560576453805 ], [ 528213.812254209653474, 6064198.478609271347523 ], [ 528197.466701084864326, 6064185.905608198605478 ], [ 528181.121139556751586, 6064172.70391172170639 ], [ 528160.375304653891362, 6064189.678911928087473 ] ] } },
{ "type": "Feature", "properties": { "layer": "WBK_GERUEST" }, "geometry": { "type": "LineString", "coordinates": [ [ 519607.721635206020437, 6065315.014169389382005 ], [ 519611.837468816898763, 6065294.363302571699023 ], [ 519612.871867560199462, 6065278.695556156337261 ], [ 519614.073885984194931, 6065262.890404713340104 ], [ 519612.265694360772613, 6065249.671642237342894 ], [ 519616.294144376413897, 6065246.660640557296574 ], [ 519616.972599436878227, 6065260.486654559150338 ], [ 519617.67552935279673, 6065274.71231441013515 ], [ 519617.032368616724852, 6065290.055178239941597 ], [ 519611.470088599598967, 6065311.665172472596169 ], [ 519607.721635206020437, 6065315.014169389382005 ] ] } },
{ "type": "Feature", "properties": { "layer": "WBK_GERUEST" }, "geometry": { "type": "LineString", "coordinates": [ [ 519584.312171448487788, 6065335.641755905933678 ], [ 519590.799245694826823, 6065311.617802366614342 ], [ 519594.411602595413569, 6065293.789416664279997 ], [ 519595.995498082309496, 6065278.175526021979749 ], [ 519596.195887336099986, 6065261.768650478683412 ], [ 519592.189436094486155, 6065264.80565230268985 ], [ 519591.97154444467742, 6065281.218028713017702 ], [ 519590.347961069783196, 6065297.372592873871326 ], [ 519585.75580980151426, 6065315.990300805307925 ], [ 519579.479179536283482, 6065339.845021642744541 ], [ 519584.312171448487788, 6065335.641755905933678 ] ] } },
{ "type": "Feature", "properties": { "layer": "WBK_GERUEST" }, "geometry": { "type": "Polygon", "coordinates": [ [ [ 518661.287466969806701, 6066038.994488161988556, 0.0 ], [ 518663.665148257219698, 6066036.7167246369645, 0.0 ], [ 518726.098448891076259, 6066041.960143999196589, 0.0 ], [ 518722.059999009186868, 6066044.948146674782038, 0.0 ], [ 518661.287466969806701, 6066038.994488161988556, 0.0 ] ] ] } },
{ "type": "Feature", "properties": { "layer": "WBK_GERUEST" }, "geometry": { "type": "LineString", "coordinates": [ [ 518661.287466969806701, 6066038.994488161988556 ], [ 518663.665148945176043, 6066036.716724417172372 ], [ 518726.09844933549175, 6066041.960144178010523 ], [ 518722.059997786884196, 6066044.948146059177816 ], [ 518661.287466969806701, 6066038.99448927026242 ] ] } },
{ "type": "Feature", "properties": { "layer": "WBK_GERUEST" }, "geometry": { "type": "MultiLineString", "coordinates": [ [ [ 517023.40873510640813, 6067452.738405827432871, 0.0 ], [ 517027.161797405511606, 6067449.924039077945054, 0.0 ] ], [ [ 517027.161794299201574, 6067449.924040380865335, 0.0 ], [ 516981.977041152305901, 6067434.114337068982422, 0.0 ] ], [ [ 516981.977039931283798, 6067434.11433669924736, 0.0 ], [ 516979.385074458608869, 6067436.508442760445178, 0.0 ] ], [ [ 516979.385076819278765, 6067436.508442002348602, 0.0 ], [ 517023.408733140677214, 6067452.738406001590192, 0.0 ] ], [ [ 517000.52231228700839, 6067469.763759410008788, 0.0 ], [ 516959.769242902926635, 6067454.860351614654064, 0.0 ] ], [ [ 516959.769243259099312, 6067454.860351310111582, 0.0 ], [ 516956.933968869794626, 6067456.454243863932788, 0.0 ] ], [ [ 516956.933971501188353, 6067456.454243432730436, 0.0 ], [ 516998.931955286010634, 6067470.922704203985631, 0.0 ] ], [ [ 516998.931953502178658, 6067470.922704101540148, 0.0 ], [ 517000.522326440201141, 6067469.763763304799795, 0.0 ] ] ] } },
{ "type": "Feature", "properties": { "layer": "WBK_GERUEST" }, "geometry": { "type": "LineString", "coordinates": [ [ 517023.40873510640813, 6067452.738405827432871 ], [ 517027.161794299201574, 6067449.924040380865335 ], [ 516981.977039931283798, 6067434.11433669924736 ], [ 516979.385076819278765, 6067436.508442002348602 ], [ 517023.40873510640813, 6067452.738405827432871 ] ] } },
{ "type": "Feature", "properties": { "layer": "WBK_GERUEST" }, "geometry": { "type": "LineString", "coordinates": [ [ 517000.52231228700839, 6067469.763759410008788 ], [ 516959.769243259099312, 6067454.860351310111582 ], [ 516956.933971501188353, 6067456.454243432730436 ], [ 516998.931953502178658, 6067470.922704101540148 ], [ 517000.522325593687128, 6067469.76376383472234 ] ] } },
{ "type": "Feature", "properties": { "layer": "WBK_GERUEST" }, "geometry": { "type": "Polygon", "coordinates": [ [ [ 516794.051174633728806, 6068076.97432972304523, 0.0 ], [ 516818.557218291098252, 6068159.843109457753599, 0.0 ], [ 516816.544292919978034, 6068167.014052979648113, 0.0 ], [ 516791.524990508274641, 6068088.755809731781483, 0.0 ], [ 516794.051174633728806, 6068076.97432972304523, 0.0 ] ] ] } },
{ "type": "Feature", "properties": { "layer": "WBK_GERUEST" }, "geometry": { "type": "LineString", "coordinates": [ [ 516794.051174633728806, 6068076.97432972304523 ], [ 516818.557218763802666, 6068159.84310847800225 ], [ 516816.544290559424553, 6068167.014053663238883 ], [ 516791.524991963291541, 6068088.755808806978166 ], [ 516794.051174633728806, 6068076.97432972304523 ] ] } },
{ "type": "Feature", "properties": { "layer": "WBK_GERUEST" }, "geometry": { "type": "Polygon", "coordinates": [ [ [ 516465.766949851007666, 6069497.102898985147476, 0.0 ], [ 516508.309200819989201, 6069487.483916060067713, 0.0 ], [ 516507.587925147381611, 6069491.824396392330527, 0.0 ], [ 516464.535863532219082, 6069501.891556577757001, 0.0 ], [ 516465.766949851007666, 6069497.102898985147476, 0.0 ] ], [ [ 516511.563959032180719, 6069467.430298583582044, 0.0 ], [ 516471.990887249296065, 6069476.864504353143275, 0.0 ], [ 516473.193743634910788, 6069472.886036635376513, 0.0 ], [ 516513.001298556628171, 6069463.171317427419126, 0.0 ], [ 516511.563959032180719, 6069467.430298583582044, 0.0 ] ] ] } },
{ "type": "Feature", "properties": { "layer": "WBK_GERUEST" }, "geometry": { "type": "LineString", "coordinates": [ [ 516511.563959032180719, 6069467.430298583582044 ], [ 516471.990891929424834, 6069476.86450410541147 ], [ 516473.193741341703571, 6069472.886036739684641 ], [ 516513.001299335621297, 6069463.17131747957319 ], [ 516511.563954638200812, 6069467.430299689993262 ] ] } },
{ "type": "Feature", "properties": { "layer": "WBK_GERUEST" }, "geometry": { "type": "LineString", "coordinates": [ [ 516465.766949851007666, 6069497.102898985147476 ], [ 516508.309196564077865, 6069487.483914737589657 ], [ 516507.587929296307266, 6069491.824397092685103 ], [ 516464.535862640419509, 6069501.89155606739223 ], [ 516465.766949851007666, 6069497.102898985147476 ] ] } },
{ "type": "Feature", "properties": { "layer": "WBK_GERUEST" }, "geometry": { "type": "Polygon", "coordinates": [ [ [ 516205.862302948720753, 6070593.95788337290287, 0.0 ], [ 516254.416842649574392, 6070600.095386239700019, 0.0 ], [ 516253.261532109288964, 6070604.626757172867656, 0.0 ], [ 516204.927861706994008, 6070598.448608662933111, 0.0 ], [ 516205.862302948720753, 6070593.95788337290287, 0.0 ] ] ] } },
{ "type": "Feature", "properties": { "layer": "WBK_GERUEST" }, "geometry": { "type": "LineString", "coordinates": [ [ 516205.862302948720753, 6070593.95788337290287 ], [ 516254.416843398474157, 6070600.095386795699596 ], [ 516253.2615306028747, 6070604.626757805235684 ], [ 516204.927861131727695, 6070598.44860798958689 ], [ 516205.862302948720753, 6070593.95788337290287 ] ] } },
{ "type": "Feature", "properties": { "layer": "WBK_GERUEST" }, "geometry": { "type": "LineString", "coordinates": [ [ 516132.894034314493183, 6071112.677248674444854 ], [ 516134.187843123276252, 6071107.981070806272328 ], [ 516091.088547645194922, 6071087.583998007699847 ], [ 516091.52783115307102, 6071092.045042851939797 ], [ 516132.894034314493183, 6071112.677248674444854 ] ] } },
{ "type": "Feature", "properties": { "layer": "WBK_GERUEST" }, "geometry": { "type": "MultiLineString", "coordinates": [ [ [ 516092.468793084088247, 6071087.091574964113533, 0.0 ], [ 516134.187846187094692, 6071107.981071837246418, 0.0 ] ], [ [ 516134.187843123276252, 6071107.981070806272328, 0.0 ], [ 516132.641638888511807, 6071111.979631141759455, 0.0 ] ], [ [ 516132.641645451018121, 6071111.979631596244872, 0.0 ], [ 516091.527834895881824, 6071092.045042387209833, 0.0 ] ], [ [ 516091.52783115307102, 6071092.045042851939797, 0.0 ], [ 516092.468792840198148, 6071087.091574851423502, 0.0 ] ] ] } },
{ "type": "Feature", "properties": { "layer": "WBK_GERUEST" }, "geometry": { "type": "LineString", "coordinates": [ [ 516092.468793084088247, 6071087.091574964113533 ], [ 516134.187843123276252, 6071107.981070806272328 ], [ 516132.641645451018121, 6071111.979631596244872 ], [ 516091.52783115307102, 6071092.045042851939797 ], [ 516092.468793084088247, 6071087.091574964113533 ] ] } },
{ "type": "Feature", "properties": { "layer": "WBK_GERUEST" }, "geometry": { "type": "Polygon", "coordinates": [ [ [ 516299.133747668995056, 6070217.463431521318853, 0.0 ], [ 516339.703663874592166, 6070210.666789152659476, 0.0 ], [ 516338.93042129749665, 6070213.975208466872573, 0.0 ], [ 516299.034820778004359, 6070219.856466612778604, 0.0 ], [ 516299.133747668995056, 6070217.463431521318853, 0.0 ] ] ] } },
{ "type": "Feature", "properties": { "layer": "WBK_GERUEST" }, "geometry": { "type": "LineString", "coordinates": [ [ 516299.133747668995056, 6070217.463431521318853 ], [ 516339.703663981810678, 6070210.66678936034441 ], [ 516338.93042285629781, 6070213.975208870135248 ], [ 516298.586519088887144, 6070219.89616649504751 ], [ 516299.133747668995056, 6070217.463431521318853 ] ] } },
{ "type": "Feature", "properties": { "layer": "WBK_GERUEST" }, "geometry": { "type": "MultiLineString", "coordinates": [ [ [ 527014.312803381471895, 6046231.82927318289876, 0.0 ], [ 527047.40215008193627, 6046251.457271506078541, 0.0 ] ], [ [ 527047.402151405927725, 6046251.457272553816438, 0.0 ], [ 527049.036663919920102, 6046248.701772465370595, 0.0 ] ], [ [ 527049.036665536463261, 6046248.70177149027586, 0.0 ], [ 527015.627046809298918, 6046228.365380048751831, 0.0 ] ], [ [ 527015.627043114393018, 6046228.365380747243762, 0.0 ], [ 527014.312802626984194, 6046231.829273952171206, 0.0 ] ] ] } },
{ "type": "Feature", "properties": { "layer": "WBK_GERUEST" }, "geometry": { "type": "LineString", "coordinates": [ [ 527014.312803381471895, 6046231.82927318289876 ], [ 527047.402151405927725, 6046251.457272553816438 ], [ 527049.036665536463261, 6046248.70177149027586 ], [ 527015.627043114393018, 6046228.365380747243762 ], [ 527014.312803381471895, 6046231.82927318289876 ] ] } },
{ "type": "Feature", "properties": { "layer": "WBK_GERUEST" }, "geometry": { "type": "Polygon", "coordinates": [ [ [ 516694.933452498691622, 6068471.882133925333619, 0.0 ], [ 516749.688259567774367, 6068484.74988351482898, 0.0 ], [ 516748.027452506124973, 6068491.816949438303709, 0.0 ], [ 516693.384811886877287, 6068479.072260154411197, 0.0 ], [ 516694.933452498691622, 6068471.882133925333619, 0.0 ] ] ] } },
{ "type": "Feature", "properties": { "layer": "WBK_GERUEST" }, "geometry": { "type": "LineString", "coordinates": [ [ 516694.933452498691622, 6068471.882133925333619 ], [ 516749.688260416209232, 6068484.749884809367359 ], [ 516748.027451119327452, 6068491.816949464380741 ], [ 516693.38481431978289, 6068479.072259161621332 ], [ 516694.933452498691622, 6068471.882133925333619 ] ] } },
{ "type": "Feature", "properties": { "layer": "WBK_GERUEST" }, "geometry": { "type": "Polygon", "coordinates": [ [ [ 513382.595021894376259, 6076961.805794415064156, 0.0 ], [ 513354.763546596397646, 6076929.385789742693305, 0.0 ], [ 513356.56462967232801, 6076926.657924109138548, 0.0 ], [ 513383.595805329619907, 6076959.782833791337907, 0.0 ], [ 513382.595021894376259, 6076961.805794415064156, 0.0 ] ] ] } },
{ "type": "Feature", "properties": { "layer": "WBK_GERUEST" }, "geometry": { "type": "LineString", "coordinates": [ [ 513382.595021894376259, 6076961.805794415064156 ], [ 513354.763546758505981, 6076929.385789502412081 ], [ 513356.564628391177393, 6076926.657925063744187 ], [ 513383.595806950121187, 6076959.782833426259458 ], [ 513382.595021894376259, 6076961.805794415064156 ] ] } },
{ "type": "Feature", "properties": { "layer": "WBK_GERUEST" }, "geometry": { "type": "LineString", "coordinates": [ [ 528067.993736853939481, 6040752.584311261773109 ], [ 528085.470701873418875, 6040693.074889472685754 ], [ 528088.665126551291905, 6040698.064368456602097 ], [ 528071.847985687316395, 6040758.717574902810156 ], [ 528067.993736853939481, 6040752.584311261773109 ] ] } },
{ "type": "Feature", "properties": { "layer": "WBK_GERUEST" }, "geometry": { "type": "Polygon", "coordinates": [ [ [ 520631.406919090892188, 6064036.013752792030573, 0.0 ], [ 520598.030478943488561, 6063991.13584866002202, 0.0 ], [ 520592.935072157008108, 6063994.948428139090538, 0.0 ], [ 520627.009657732909545, 6064045.494052411988378, 0.0 ], [ 520631.406919090892188, 6064036.013752792030573, 0.0 ] ] ] } },
{ "type": "Feature", "properties": { "layer": "WBK_GERUEST" }, "geometry": { "type": "LineString", "coordinates": [ [ 520631.406919090892188, 6064036.013752792030573 ], [ 520598.030478943488561, 6063991.13584866002202 ], [ 520592.935072157008108, 6063994.948428139090538 ], [ 520627.009657732909545, 6064045.494052411988378 ], [ 520631.406919090892188, 6064036.013752792030573 ] ] } },
{ "type": "Feature", "properties": { "layer": "WBK_GERUEST" }, "geometry": { "type": "LineString", "coordinates": [ [ 515308.85665005579358, 6073480.250084227882326 ], [ 515356.698938125220593, 6073495.384553872048855 ], [ 515359.371502105204854, 6073491.091981812380254 ], [ 515311.385770804714411, 6073475.40640323702246 ], [ 515308.856650069588795, 6073480.250084232538939 ] ] } },
{ "type": "Feature", "properties": { "layer": "WBK_GERUEST" }, "geometry": { "type": "Polygon", "coordinates": [ [ [ 515308.85665005579358, 6073480.250084227882326, 0.0 ], [ 515356.698938125220593, 6073495.384553872048855, 0.0 ], [ 515359.371502105204854, 6073491.091981812380254, 0.0 ], [ 515311.385770804714411, 6073475.40640323702246, 0.0 ], [ 515308.85665005579358, 6073480.250084227882326, 0.0 ] ] ] } }
]
}
