{
"type": "FeatureCollection",
"name": "WBK_WEG_TEMP",
"crs": { "type": "name", "properties": { "name": "urn:ogc:def:crs:EPSG::25832" } },
"features": [
{ "type": "Feature", "properties": { "layer": "WBK_WEG_TEMP" }, "geometry": { "type": "LineString", "coordinates": [ [ 527459.38140642689541, 6032651.361902217380702 ], [ 527460.451093218405731, 6032693.473685093224049 ], [ 527452.243438786477782, 6032736.996235825121403 ], [ 527448.130840908852406, 6032736.63417062163353 ], [ 527455.759615791845135, 6032694.043213717639446 ], [ 527455.214914960903116, 6032650.112301925197244 ], [ 527459.38140642689541, 6032651.361902217380702 ] ] } },
{ "type": "Feature", "properties": { "layer": "WBK_WEG_TEMP" }, "geometry": { "type": "Polygon", "coordinates": [ [ [ 527459.38140642689541, 6032651.361902217380702, 0.0 ], [ 527460.451095532742329, 6032693.473685071803629, 0.0 ], [ 527452.193495011772029, 6032736.991838235408068, 0.0 ], [ 527447.975504155969247, 6032736.620494524016976, 0.0 ], [ 527455.759616095339879, 6032694.043213840574026, 0.0 ], [ 527455.214915082091466, 6032650.112301178276539, 0.0 ], [ 527459.38140642689541, 6032651.361902217380702, 0.0 ] ] ] } },
{ "type": "Feature", "properties": { "layer": "WBK_WEG_TEMP" }, "geometry": { "type": "Polygon", "coordinates": [ [ [ 519508.785020419105422, 6065217.832315528765321 ], [ 519321.319352023187093, 6065520.453677675686777 ], [ 519318.843928814225364, 6065517.468141828663647 ], [ 519502.246361080789939, 6065224.504157020710409 ], [ 519507.030634377792012, 6065216.861841597594321 ], [ 519514.917859790090006, 6065164.92145770881325 ], [ 519518.312315850693267, 6065166.269204746000469 ], [ 519508.785020419105422, 6065217.832315528765321 ] ] ] } },
{ "type": "Feature", "properties": { "layer": "WBK_WEG_TEMP" }, "geometry": { "type": "Polygon", "coordinates": [ [ [ 520215.770236527081579, 6064426.93436576705426, 0.0 ], [ 520221.238862279220484, 6064399.744147528894246, 0.0 ], [ 520225.711125652480405, 6064400.90882817003876, 0.0 ], [ 520220.778389573679306, 6064428.328173199668527, 0.0 ], [ 520215.770236527081579, 6064426.93436576705426, 0.0 ] ] ] } },
{ "type": "Feature", "properties": { "layer": "WBK_WEG_TEMP" }, "geometry": { "type": "LineString", "coordinates": [ [ 520215.770236527081579, 6064426.93436576705426 ], [ 520221.238862279220484, 6064399.744147528894246 ], [ 520225.711125652480405, 6064400.90882817003876 ], [ 520220.778389573679306, 6064428.328173199668527 ], [ 520215.770236527081579, 6064426.93436576705426 ] ] } },
{ "type": "Feature", "properties": { "layer": "WBK_WEG_TEMP" }, "geometry": { "type": "Polygon", "coordinates": [ [ [ 521583.452932612679433, 6063556.907688040286303, 0.0 ], [ 521421.222943685192149, 6063750.57881907466799, 0.0 ], [ 521425.626902158895973, 6063755.436067514121532, 0.0 ], [ 521594.306976144725922, 6063559.308975386433303, 0.0 ], [ 521583.452932612679433, 6063556.907688040286303, 0.0 ] ] ] } },
{ "type": "Feature", "properties": { "layer": "WBK_WEG_TEMP" }, "geometry": { "type": "LineString", "coordinates": [ [ 521583.452932612679433, 6063556.907688040286303 ], [ 521421.222943685192149, 6063750.57881907466799 ], [ 521425.626902158895973, 6063755.436067514121532 ], [ 521594.306976144725922, 6063559.308975386433303 ], [ 521583.452932612679433, 6063556.907688040286303 ] ] } },
{ "type": "Feature", "properties": { "layer": "WBK_WEG_TEMP" }, "geometry": { "type": "Polygon", "coordinates": [ [ [ 521926.524279123579618, 6063623.532617839984596, 0.0 ], [ 521724.646388257096987, 6063553.723420476540923, 0.0 ], [ 521728.790833569772076, 6063550.930916219949722, 0.0 ], [ 521925.95754894631682, 6063619.088923530653119, 0.0 ], [ 521926.524279123579618, 6063623.532617839984596, 0.0 ] ] ] } },
{ "type": "Feature", "properties": { "layer": "WBK_WEG_TEMP" }, "geometry": { "type": "LineString", "coordinates": [ [ 521926.524279123579618, 6063623.532617839984596 ], [ 521724.646388257096987, 6063553.723420476540923 ], [ 521728.790833569772076, 6063550.930916219949722 ], [ 521925.95754894631682, 6063619.088923530653119 ], [ 521926.524279123579618, 6063623.532617839984596 ] ] } },
{ "type": "Feature", "properties": { "layer": "WBK_WEG_TEMP" }, "geometry": { "type": "Polygon", "coordinates": [ [ [ 521648.295172676676884, 6063589.648757171817124, 0.0 ], [ 521666.188734814175405, 6063575.884334182366729, 0.0 ], [ 521660.466935036005452, 6063574.601900624111295, 0.0 ], [ 521645.711388293595519, 6063587.206785045564175, 0.0 ], [ 521648.295172676676884, 6063589.648757171817124, 0.0 ] ] ] } },
{ "type": "Feature", "properties": { "layer": "WBK_WEG_TEMP" }, "geometry": { "type": "LineString", "coordinates": [ [ 521648.295172676676884, 6063589.648757171817124 ], [ 521666.188734814175405, 6063575.884334182366729 ], [ 521660.466935036005452, 6063574.601900624111295 ], [ 521645.711388293595519, 6063587.206785045564175 ], [ 521648.295172676676884, 6063589.648757171817124 ] ] } },
{ "type": "Feature", "properties": { "layer": "WBK_WEG_TEMP" }, "geometry": { "type": "Polygon", "coordinates": [ [ [ 521965.421994425880257, 6063148.090012430213392, 0.0 ], [ 521993.283074087987188, 6063194.389483078382909, 0.0 ], [ 522028.146070951421279, 6063299.396898494102061, 0.0 ], [ 522015.112617260310799, 6063309.295061277225614, 0.0 ], [ 522011.902310168195982, 6063305.068921429105103, 0.0 ], [ 522023.355760769103654, 6063296.368518375791609, 0.0 ], [ 521988.174888730980456, 6063195.697969444096088, 0.0 ], [ 521958.734551495872438, 6063148.814549588598311, 0.0 ], [ 521965.421994425880257, 6063148.090012430213392, 0.0 ] ] ] } },
{ "type": "Feature", "properties": { "layer": "WBK_WEG_TEMP" }, "geometry": { "type": "LineString", "coordinates": [ [ 521965.421994425880257, 6063148.090012430213392 ], [ 521993.283074087987188, 6063194.389483078382909 ], [ 522028.146070951421279, 6063299.396898494102061 ], [ 522015.112617260310799, 6063309.295061277225614 ], [ 522011.902310168195982, 6063305.068921429105103 ], [ 522023.355760769103654, 6063296.368518375791609 ], [ 521988.174888730980456, 6063195.697969444096088 ], [ 521958.734551495872438, 6063148.814549588598311 ], [ 521965.421994425880257, 6063148.090012430213392 ] ] } },
{ "type": "Feature", "properties": { "layer": "WBK_WEG_TEMP" }, "geometry": { "type": "Polygon", "coordinates": [ [ [ 522547.231129659514409, 6062947.864746634848416, 0.0 ], [ 522416.628919172508176, 6063049.11593581084162, 0.0 ], [ 522382.451200135576073, 6063030.322421577759087, 0.0 ], [ 522386.841038810671307, 6063026.982063427567482, 0.0 ], [ 522416.926894248172175, 6063043.518689290620387, 0.0 ], [ 522544.094147523806896, 6062941.619766125455499, 0.0 ], [ 522547.231129659514409, 6062947.864746634848416, 0.0 ] ] ] } },
{ "type": "Feature", "properties": { "layer": "WBK_WEG_TEMP" }, "geometry": { "type": "LineString", "coordinates": [ [ 522547.231129659514409, 6062947.864746634848416 ], [ 522416.628919172508176, 6063049.11593581084162 ], [ 522382.451200135576073, 6063030.322421577759087 ], [ 522386.841038810671307, 6063026.982063427567482 ], [ 522416.926894248172175, 6063043.518689290620387 ], [ 522544.094147523806896, 6062941.619766125455499 ], [ 522547.231129659514409, 6062947.864746634848416 ] ] } },
{ "type": "Feature", "properties": { "layer": "WBK_WEG_TEMP" }, "geometry": { "type": "Polygon", "coordinates": [ [ [ 522818.432648071320727, 6062813.258378678932786, 0.0 ], [ 522766.399828612105921, 6062823.83146383985877, 0.0 ], [ 522650.424140323186293, 6062826.871839643456042, 0.0 ], [ 522647.232880293682683, 6062822.669281472451985, 0.0 ], [ 522765.902736282208934, 6062819.380190623924136, 0.0 ], [ 522816.238851224305108, 6062808.685266291722655, 0.0 ], [ 522818.432648071320727, 6062813.258378678932786, 0.0 ] ] ] } },
{ "type": "Feature", "properties": { "layer": "WBK_WEG_TEMP" }, "geometry": { "type": "LineString", "coordinates": [ [ 522818.432648071320727, 6062813.258378678932786 ], [ 522766.399828612105921, 6062823.83146383985877 ], [ 522650.424140323186293, 6062826.871839643456042 ], [ 522647.232880293682683, 6062822.669281472451985 ], [ 522765.902736282208934, 6062819.380190623924136 ], [ 522816.238851224305108, 6062808.685266291722655 ], [ 522818.432648071320727, 6062813.258378678932786 ] ] } },
{ "type": "Feature", "properties": { "layer": "WBK_WEG_TEMP" }, "geometry": { "type": "Polygon", "coordinates": [ [ [ 522915.174513833422679, 6062329.397519472055137, 0.0 ], [ 522987.868389722716529, 6062354.498783027753234, 0.0 ], [ 523006.386075254122261, 6062386.786044872365892, 0.0 ], [ 523041.69895812991308, 6062426.391718360595405, 0.0 ], [ 523052.895862686273176, 6062468.150056871585548, 0.0 ], [ 523099.579742453992367, 6062485.694455783814192, 0.0 ], [ 523087.34790363261709, 6062587.82849501259625, 0.0 ], [ 523072.706116512184963, 6062587.828586974181235, 0.0 ], [ 523008.149129748228006, 6062529.946194213815033, 0.0 ], [ 523003.210652620589826, 6062533.197141888551414, 0.0 ], [ 523068.654243721917737, 6062593.78715595882386, 0.0 ], [ 523094.587850007694215, 6062593.786993076093495, 0.0 ], [ 523105.85701479628915, 6062480.933763138018548, 0.0 ], [ 523061.749016142799519, 6062464.498574544675648, 0.0 ], [ 523048.613617748604156, 6062422.749205194413662, 0.0 ], [ 523010.277382518688682, 6062380.976068251766264, 0.0 ], [ 522998.140829749405384, 6062349.002188015729189, 0.0 ], [ 522924.387677518418059, 6062325.082626714371145, 0.0 ], [ 522915.174513833422679, 6062329.397519472055137, 0.0 ] ] ] } },
{ "type": "Feature", "properties": { "layer": "WBK_WEG_TEMP" }, "geometry": { "type": "LineString", "coordinates": [ [ 522915.174513833422679, 6062329.397519472055137 ], [ 522987.868389722716529, 6062354.498783027753234 ], [ 523006.386075254122261, 6062386.786044872365892 ], [ 523041.69895812991308, 6062426.391718360595405 ], [ 523052.895862686273176, 6062468.150056871585548 ], [ 523099.579742453992367, 6062485.694455783814192 ], [ 523087.34790363261709, 6062587.82849501259625 ], [ 523072.706116512184963, 6062587.828586974181235 ], [ 523008.149129748228006, 6062529.946194213815033 ], [ 523003.210652620589826, 6062533.197141888551414 ], [ 523068.654243721917737, 6062593.78715595882386 ], [ 523094.587850007694215, 6062593.786993076093495 ], [ 523105.85701479628915, 6062480.933763138018548 ], [ 523061.749016142799519, 6062464.498574544675648 ], [ 523048.613617748604156, 6062422.749205194413662 ], [ 523010.277382518688682, 6062380.976068251766264 ], [ 522998.140829749405384, 6062349.002188015729189 ], [ 522924.387677518418059, 6062325.082626714371145 ], [ 522915.174513833422679, 6062329.397519472055137 ] ] } },
{ "type": "Feature", "properties": { "layer": "WBK_WEG_TEMP" }, "geometry": { "type": "Polygon", "coordinates": [ [ [ 523795.170683407806791, 6061506.771081730723381, 0.0 ], [ 523918.632879839628004, 6061674.043901847675443, 0.0 ], [ 523920.929685453709681, 6061700.2832550117746, 0.0 ], [ 523920.929782274994068, 6061715.698901422321796, 0.0 ], [ 523996.313838619389571, 6061804.673342702910304, 0.0 ], [ 523993.616279162990395, 6061806.729920774698257, 0.0 ], [ 523917.849582220893353, 6061717.186678624711931, 0.0 ], [ 523916.012652303907089, 6061675.117979536764324, 0.0 ], [ 523793.224639247171581, 6061509.506433739326894, 0.0 ], [ 523795.170683407806791, 6061506.771081730723381, 0.0 ] ] ] } },
{ "type": "Feature", "properties": { "layer": "WBK_WEG_TEMP" }, "geometry": { "type": "LineString", "coordinates": [ [ 523795.170683407806791, 6061506.771081730723381 ], [ 523918.632879839628004, 6061674.043901847675443 ], [ 523920.929685453709681, 6061700.2832550117746 ], [ 523920.929782274994068, 6061715.698901422321796 ], [ 523996.313838619389571, 6061804.673342702910304 ], [ 523993.616279162990395, 6061806.729920774698257 ], [ 523917.849582220893353, 6061717.186678624711931 ], [ 523916.012652303907089, 6061675.117979536764324 ], [ 523793.224639247171581, 6061509.506433739326894 ], [ 523795.170683407806791, 6061506.771081730723381 ] ] } },
{ "type": "Feature", "properties": { "layer": "WBK_WEG_TEMP" }, "geometry": { "type": "Polygon", "coordinates": [ [ [ 524449.985803765943274, 6061080.054234679788351, 0.0 ], [ 524565.028922552010044, 6061209.090524662286043, 0.0 ], [ 524672.736221248400398, 6061290.975351623259485, 0.0 ], [ 524660.064418718335219, 6061300.776049539446831, 0.0 ], [ 524658.14976212172769, 6061298.300494449213147, 0.0 ], [ 524668.589443651493639, 6061290.226172225549817, 0.0 ], [ 524562.374460381455719, 6061210.198133757337928, 0.0 ], [ 524445.950021278811619, 6061079.614263302646577, 0.0 ], [ 524449.985803765943274, 6061080.054234679788351, 0.0 ] ] ] } },
{ "type": "Feature", "properties": { "layer": "WBK_WEG_TEMP" }, "geometry": { "type": "LineString", "coordinates": [ [ 524449.985803765943274, 6061080.054234679788351 ], [ 524565.028922552010044, 6061209.090524662286043 ], [ 524672.736221248400398, 6061290.975351623259485 ], [ 524660.064418718335219, 6061300.776049539446831 ], [ 524658.14976212172769, 6061298.300494449213147 ], [ 524668.589443651493639, 6061290.226172225549817 ], [ 524562.374460381455719, 6061210.198133757337928 ], [ 524445.950021278811619, 6061079.614263302646577 ], [ 524449.985803765943274, 6061080.054234679788351 ] ] } },
{ "type": "Feature", "properties": { "layer": "WBK_WEG_TEMP" }, "geometry": { "type": "Polygon", "coordinates": [ [ [ 525096.57258313219063, 6060847.987950349226594, 0.0 ], [ 525002.758008661796339, 6061040.342501630075276, 0.0 ], [ 525000.256483497680165, 6061032.97713864594698, 0.0 ], [ 525091.206593319191597, 6060847.357344797812402, 0.0 ], [ 525096.57258313219063, 6060847.987950349226594, 0.0 ] ] ] } },
{ "type": "Feature", "properties": { "layer": "WBK_WEG_TEMP" }, "geometry": { "type": "LineString", "coordinates": [ [ 525096.57258313219063, 6060847.987950349226594 ], [ 525002.758008661796339, 6061040.342501630075276 ], [ 525000.256483497680165, 6061032.97713864594698 ], [ 525091.206593319191597, 6060847.357344797812402 ], [ 525096.57258313219063, 6060847.987950349226594 ] ] } },
{ "type": "Feature", "properties": { "layer": "WBK_WEG_TEMP" }, "geometry": { "type": "Polygon", "coordinates": [ [ [ 525373.16183440934401, 6060664.159508489072323, 0.0 ], [ 525356.520367689547129, 6060777.562257496640086, 0.0 ], [ 525360.283069591852836, 6060774.712437977083027, 0.0 ], [ 525379.116425598389469, 6060664.437725299037993, 0.0 ], [ 525373.16183440934401, 6060664.159508489072323, 0.0 ] ] ] } },
{ "type": "Feature", "properties": { "layer": "WBK_WEG_TEMP" }, "geometry": { "type": "LineString", "coordinates": [ [ 525373.16183440934401, 6060664.159508489072323 ], [ 525356.520367689547129, 6060777.562257496640086 ], [ 525360.283069591852836, 6060774.712437977083027 ], [ 525379.116425598389469, 6060664.437725299037993 ], [ 525373.16183440934401, 6060664.159508489072323 ] ] } },
{ "type": "Feature", "properties": { "layer": "WBK_WEG_TEMP" }, "geometry": { "type": "MultiLineString", "coordinates": [ [ [ 525998.769824338145554, 6060233.846983367577195, 0.0 ], [ 526022.88415258564055, 6060265.599512182176113, 0.0 ] ], [ [ 526022.88415258564055, 6060265.599512182176113, 0.0 ], [ 526019.861061706906185, 6060265.599531169049442, 0.0 ] ], [ [ 526019.861061706906185, 6060265.599531169049442, 0.0 ], [ 525998.294858820619993, 6060238.534950307570398, 0.0 ] ], [ [ 525998.294858820619993, 6060238.534950307570398, 0.0 ], [ 525998.294831641949713, 6060234.207715461961925, 0.0 ] ] ] } },
{ "type": "Feature", "properties": { "layer": "WBK_WEG_TEMP" }, "geometry": { "type": "LineString", "coordinates": [ [ 525998.769824338145554, 6060233.846983367577195 ], [ 526022.88415258564055, 6060265.599512182176113 ], [ 526019.861061706906185, 6060265.599531169049442 ], [ 525998.294858820619993, 6060238.534950307570398 ], [ 525998.294831641949713, 6060234.207715461961925 ] ] } },
{ "type": "Feature", "properties": { "layer": "WBK_WEG_TEMP" }, "geometry": { "type": "Polygon", "coordinates": [ [ [ 526979.192353403544985, 6058156.797101064585149, 0.0 ], [ 527071.173578212386928, 6058086.557651413604617, 0.0 ], [ 527074.866188528481871, 6058005.136943515390158, 0.0 ], [ 527063.023076198878698, 6057988.21548501867801, 0.0 ], [ 527074.730349531280808, 6057966.128580893389881, 0.0 ], [ 527070.844478868064471, 6057965.952052107080817, 0.0 ], [ 527058.188002122216858, 6057992.064638715237379, 0.0 ], [ 527071.852461387054063, 6058006.494045144878328, 0.0 ], [ 527067.942371355369687, 6058085.35981348156929, 0.0 ], [ 526978.753241747035645, 6058150.806769385933876, 0.0 ], [ 526976.354487934615463, 6058154.089030668139458, 0.0 ], [ 526979.192353403544985, 6058156.797101064585149, 0.0 ] ] ] } },
{ "type": "Feature", "properties": { "layer": "WBK_WEG_TEMP" }, "geometry": { "type": "LineString", "coordinates": [ [ 526979.192353403544985, 6058156.797101064585149 ], [ 527071.173578212386928, 6058086.557651413604617 ], [ 527074.866188528481871, 6058005.136943515390158 ], [ 527063.023076198878698, 6057988.21548501867801 ], [ 527074.730349531280808, 6057966.128580893389881 ], [ 527070.844478868064471, 6057965.952052107080817 ], [ 527058.188002122216858, 6057992.064638715237379 ], [ 527071.852461387054063, 6058006.494045144878328 ], [ 527067.942371355369687, 6058085.35981348156929 ], [ 526978.753241747035645, 6058150.806769385933876 ], [ 526976.354487934615463, 6058154.089030668139458 ], [ 526979.192353403544985, 6058156.797101064585149 ] ] } },
{ "type": "Feature", "properties": { "layer": "WBK_WEG_TEMP" }, "geometry": { "type": "Polygon", "coordinates": [ [ [ 526726.341853140271269, 6057782.13017637655139, 0.0 ], [ 526726.032679462688975, 6057833.154787507839501, 0.0 ], [ 526732.760238568997011, 6057850.752611766569316, 0.0 ], [ 526773.414161662454717, 6057888.275068539194763, 0.0 ], [ 526783.52167986263521, 6057982.716282410547137, 0.0 ], [ 526791.453778123715892, 6058008.181037243455648, 0.0 ], [ 526798.425805906299502, 6058021.040895725600421, 0.0 ], [ 526858.711714564356953, 6058079.553068391978741, 0.0 ], [ 526898.205627019517124, 6058114.172056562267244, 0.0 ], [ 526910.810571959009394, 6058120.773427369073033, 0.0 ], [ 526919.883376975310966, 6058122.327834379859269, 0.0 ], [ 526975.734279811615124, 6058153.635767195373774, 0.0 ], [ 526979.192353403544985, 6058156.797101064585149, 0.0 ], [ 526987.334275379427709, 6058167.190090936608613, 0.0 ], [ 527060.364370455616154, 6058218.051273556426167, 0.0 ], [ 527058.74308536585886, 6058224.759328527376056, 0.0 ], [ 527044.87914346519392, 6058217.117474083788693, 0.0 ], [ 527034.407658501761034, 6058206.752619173377752, 0.0 ], [ 527018.614686034270562, 6058191.894332070834935, 0.0 ], [ 526988.235510407364927, 6058177.002103414386511, 0.0 ], [ 526982.271349926129915, 6058172.94857885222882, 0.0 ], [ 526970.536325001856312, 6058154.176795055158436, 0.0 ], [ 526933.141829259344377, 6058131.905639494769275, 0.0 ], [ 526916.683066659024917, 6058127.220840169116855, 0.0 ], [ 526899.1356562578585, 6058119.474509005434811, 0.0 ], [ 526866.138740836875513, 6058093.416916922666132, 0.0 ], [ 526859.980749196256511, 6058087.410001606680453, 0.0 ], [ 526854.862774350563996, 6058085.111050805076957, 0.0 ], [ 526802.023879730608314, 6058037.353747675195336, 0.0 ], [ 526787.329866989050061, 6058017.372993267141283, 0.0 ], [ 526775.799668512656353, 6057981.247342236340046, 0.0 ], [ 526768.396348622976802, 6057911.655921648256481, 0.0 ], [ 526764.508264401461929, 6057893.723082974553108, 0.0 ], [ 526756.265140538103878, 6057883.714682353660464, 0.0 ], [ 526744.700799834681675, 6057875.016850090585649, 0.0 ], [ 526717.796326506300829, 6057846.404737955890596, 0.0 ], [ 526717.841713304514997, 6057787.923582305200398, 0.0 ], [ 526726.341853140271269, 6057782.13017637655139, 0.0 ] ] ] } },
{ "type": "Feature", "properties": { "layer": "WBK_WEG_TEMP" }, "geometry": { "type": "LineString", "coordinates": [ [ 526726.341853140271269, 6057782.13017637655139 ], [ 526726.032679462688975, 6057833.154787507839501 ], [ 526732.760238568997011, 6057850.752611766569316 ], [ 526773.414161662454717, 6057888.275068539194763 ], [ 526783.52167986263521, 6057982.716282410547137 ], [ 526791.453778123715892, 6058008.181037243455648 ], [ 526798.425805906299502, 6058021.040895725600421 ], [ 526858.711714564356953, 6058079.553068391978741 ], [ 526898.205627019517124, 6058114.172056562267244 ], [ 526910.810571959009394, 6058120.773427369073033 ], [ 526919.883376975310966, 6058122.327834379859269 ], [ 526975.734279811615124, 6058153.635767195373774 ], [ 526979.192353403544985, 6058156.797101064585149 ], [ 526987.334275379427709, 6058167.190090936608613 ], [ 527060.364370455616154, 6058218.051273556426167 ], [ 527060.364370455616154, 6058218.051273556426167 ], [ 527060.364370455616154, 6058218.051273556426167 ], [ 527060.364370455616154, 6058218.051273556426167 ], [ 527060.364370455616154, 6058218.051273556426167 ], [ 527058.74308536585886, 6058224.759328527376056 ], [ 527044.87914346519392, 6058217.117474083788693 ], [ 527034.407658501761034, 6058206.752619173377752 ], [ 527018.614686034270562, 6058191.894332070834935 ], [ 526988.235510407364927, 6058177.002103414386511 ], [ 526982.271349926129915, 6058172.94857885222882 ], [ 526970.536325001856312, 6058154.176795055158436 ], [ 526933.141829259344377, 6058131.905639494769275 ], [ 526916.683066659024917, 6058127.220840169116855 ], [ 526899.1356562578585, 6058119.474509005434811 ], [ 526866.138740836875513, 6058093.416916922666132 ], [ 526859.980749196256511, 6058087.410001606680453 ], [ 526854.862774350563996, 6058085.111050805076957 ], [ 526802.023879730608314, 6058037.353747675195336 ], [ 526787.329866989050061, 6058017.372993267141283 ], [ 526775.799668512656353, 6057981.247342236340046 ], [ 526768.396348622976802, 6057911.655921648256481 ], [ 526764.508264401461929, 6057893.723082974553108 ], [ 526756.265140538103878, 6057883.714682353660464 ], [ 526744.700799834681675, 6057875.016850090585649 ], [ 526717.796326506300829, 6057846.404737955890596 ], [ 526717.841713304514997, 6057787.923582305200398 ], [ 526726.341853140271269, 6057782.13017637655139 ] ] } },
{ "type": "Feature", "properties": { "layer": "WBK_WEG_TEMP" }, "geometry": { "type": "Polygon", "coordinates": [ [ [ 527134.034053736715578, 6057514.180666993372142, 0.0 ], [ 527095.217806532862596, 6057557.17158969771117, 0.0 ], [ 527098.717498466838151, 6057557.127312700264156, 0.0 ], [ 527139.405355105991475, 6057512.869781509973109, 0.0 ], [ 527134.034053736715578, 6057514.180666993372142, 0.0 ] ] ] } },
{ "type": "Feature", "properties": { "layer": "WBK_WEG_TEMP" }, "geometry": { "type": "LineString", "coordinates": [ [ 527134.034053736715578, 6057514.180666993372142 ], [ 527095.217806532862596, 6057557.17158969771117 ], [ 527098.717498466838151, 6057557.127312700264156 ], [ 527139.405355105991475, 6057512.869781509973109 ], [ 527134.034053736715578, 6057514.180666993372142 ] ] } },
{ "type": "Feature", "properties": { "layer": "WBK_WEG_TEMP" }, "geometry": { "type": "Polygon", "coordinates": [ [ [ 527116.636105983401649, 6057085.714031549170613, 0.0 ], [ 527117.380721064517274, 6057069.309146234765649, 0.0 ], [ 527120.272874317248352, 6057069.440420567989349, 0.0 ], [ 527119.834656125865877, 6057086.63322825729847, 0.0 ], [ 527116.636105983401649, 6057085.714031549170613, 0.0 ] ] ] } },
{ "type": "Feature", "properties": { "layer": "WBK_WEG_TEMP" }, "geometry": { "type": "LineString", "coordinates": [ [ 527116.636105983401649, 6057085.714031549170613 ], [ 527117.380721064517274, 6057069.309146234765649 ], [ 527120.272874317248352, 6057069.440420567989349 ], [ 527119.834656125865877, 6057086.63322825729847 ], [ 527116.636105983401649, 6057085.714031549170613 ] ] } },
{ "type": "Feature", "properties": { "layer": "WBK_WEG_TEMP" }, "geometry": { "type": "Polygon", "coordinates": [ [ [ 527118.336449461057782, 6056602.673741150647402, 0.0 ], [ 527135.422785728005692, 6056672.191372805275023, 0.0 ], [ 527131.493519631680101, 6056672.012849542312324, 0.0 ], [ 527116.924535814439878, 6056611.602193458005786, 0.0 ], [ 527118.336449461057782, 6056602.673741150647402, 0.0 ] ] ] } },
{ "type": "Feature", "properties": { "layer": "WBK_WEG_TEMP" }, "geometry": { "type": "LineString", "coordinates": [ [ 527118.336449461057782, 6056602.673741150647402 ], [ 527135.422785728005692, 6056672.191372805275023 ], [ 527131.493519631680101, 6056672.012849542312324 ], [ 527116.924535814439878, 6056611.602193458005786 ], [ 527118.336449461057782, 6056602.673741150647402 ] ] } },
{ "type": "Feature", "properties": { "layer": "WBK_WEG_TEMP" }, "geometry": { "type": "Polygon", "coordinates": [ [ [ 527242.849638175801374, 6056172.729368445463479, 0.0 ], [ 527158.296515816356987, 6056168.889632491394877, 0.0 ], [ 527158.141837200266309, 6056174.148472880013287, 0.0 ], [ 527242.038824737886898, 6056176.61622553691268, 0.0 ], [ 527242.849638175801374, 6056172.729368445463479, 0.0 ] ] ] } },
{ "type": "Feature", "properties": { "layer": "WBK_WEG_TEMP" }, "geometry": { "type": "LineString", "coordinates": [ [ 527242.849638175801374, 6056172.729368445463479 ], [ 527158.296515816356987, 6056168.889632491394877 ], [ 527158.141837200266309, 6056174.148472880013287 ], [ 527242.038824737886898, 6056176.61622553691268 ], [ 527242.849638175801374, 6056172.729368445463479 ] ] } },
{ "type": "Feature", "properties": { "layer": "WBK_WEG_TEMP" }, "geometry": { "type": "Polygon", "coordinates": [ [ [ 527253.219147663447075, 6055906.994866462424397, 0.0 ], [ 527174.24932940909639, 6055776.412213404662907, 0.0 ], [ 527177.729184954776429, 6055776.786929242312908, 0.0 ], [ 527260.381976700155064, 6055905.139082388021052, 0.0 ], [ 527253.219147663447075, 6055906.994866462424397, 0.0 ] ] ] } },
{ "type": "Feature", "properties": { "layer": "WBK_WEG_TEMP" }, "geometry": { "type": "LineString", "coordinates": [ [ 527253.219147663447075, 6055906.994866462424397 ], [ 527174.24932940909639, 6055776.412213404662907 ], [ 527177.729184954776429, 6055776.786929242312908 ], [ 527260.381976700155064, 6055905.139082388021052 ], [ 527253.219147663447075, 6055906.994866462424397 ] ] } },
{ "type": "Feature", "properties": { "layer": "WBK_WEG_TEMP" }, "geometry": { "type": "Polygon", "coordinates": [ [ [ 527208.549226534087211, 6055492.539291287772357, 0.0 ], [ 527191.386347523075528, 6055440.446177422069013, 0.0 ], [ 527198.574542376911268, 6055282.084344007074833, 0.0 ], [ 527202.305643790634349, 6055282.253150351345539, 0.0 ], [ 527195.618675389094278, 6055440.965302322991192, 0.0 ], [ 527212.21392233739607, 6055492.291746186092496, 0.0 ], [ 527208.549226534087211, 6055492.539291287772357, 0.0 ] ] ] } },
{ "type": "Feature", "properties": { "layer": "WBK_WEG_TEMP" }, "geometry": { "type": "LineString", "coordinates": [ [ 527208.549226534087211, 6055492.539291287772357 ], [ 527191.386347523075528, 6055440.446177422069013 ], [ 527198.574542376911268, 6055282.084344007074833 ], [ 527202.305643790634349, 6055282.253150351345539 ], [ 527195.618675389094278, 6055440.965302322991192 ], [ 527212.21392233739607, 6055492.291746186092496 ], [ 527208.549226534087211, 6055492.539291287772357 ] ] } },
{ "type": "Feature", "properties": { "layer": "WBK_WEG_TEMP" }, "geometry": { "type": "Polygon", "coordinates": [ [ [ 527137.701889325631782, 6055104.572084537707269, 0.0 ], [ 527161.061632335069589, 6055092.166033102199435, 0.0 ], [ 527164.249588447390124, 6055088.917038056999445, 0.0 ], [ 527167.928555912803859, 6055087.928021908737719, 0.0 ], [ 527216.479913203511387, 6054888.115563595667481, 0.0 ], [ 527219.281120166415349, 6054888.242725105024874, 0.0 ], [ 527169.531627865741029, 6055090.132473958656192, 0.0 ], [ 527165.759591226931661, 6055091.316010978072882, 0.0 ], [ 527163.869617420947179, 6055093.446005639620125, 0.0 ], [ 527155.907370846485719, 6055098.574914683587849, 0.0 ], [ 527140.410993483150378, 6055106.556430603377521, 0.0 ], [ 527137.701889325631782, 6055104.572084537707269, 0.0 ] ] ] } },
{ "type": "Feature", "properties": { "layer": "WBK_WEG_TEMP" }, "geometry": { "type": "LineString", "coordinates": [ [ 527137.701889325631782, 6055104.572084537707269 ], [ 527161.061632335069589, 6055092.166033102199435 ], [ 527164.249588447390124, 6055088.917038056999445 ], [ 527167.928555912803859, 6055087.928021908737719 ], [ 527216.479913203511387, 6054888.115563595667481 ], [ 527219.281120166415349, 6054888.242725105024874 ], [ 527169.531627865741029, 6055090.132473958656192 ], [ 527165.759591226931661, 6055091.316010978072882 ], [ 527163.869617420947179, 6055093.446005639620125 ], [ 527155.907370846485719, 6055098.574914683587849 ], [ 527140.410993483150378, 6055106.556430603377521 ], [ 527137.701889325631782, 6055104.572084537707269 ] ] } },
{ "type": "Feature", "properties": { "layer": "WBK_WEG_TEMP" }, "geometry": { "type": "MultiLineString", "coordinates": [ [ [ 527268.318849230068736, 6053746.961369884200394, 0.0 ], [ 527257.435006510466337, 6053986.456455514766276, 0.0 ] ], [ [ 527257.435006510466337, 6053986.456455514766276, 0.0 ], [ 527263.125049404217862, 6053988.392192056402564, 0.0 ] ], [ [ 527263.125049404217862, 6053988.392192056402564, 0.0 ], [ 527275.060836551943794, 6053747.870951198972762, 0.0 ] ], [ [ 527275.060836551943794, 6053747.870951198972762, 0.0 ], [ 527268.291499705868773, 6053747.563540770672262, 0.0 ] ] ] } },
{ "type": "Feature", "properties": { "layer": "WBK_WEG_TEMP" }, "geometry": { "type": "LineString", "coordinates": [ [ 527268.318849230068736, 6053746.961369884200394 ], [ 527257.435006510466337, 6053986.456455514766276 ], [ 527263.125049404217862, 6053988.392192056402564 ], [ 527275.060836551943794, 6053747.870951198972762 ], [ 527268.291499705868773, 6053747.563540770672262 ] ] } },
{ "type": "Feature", "properties": { "layer": "WBK_WEG_TEMP" }, "geometry": { "type": "Polygon", "coordinates": [ [ [ 527332.647727110539563, 6053692.462982230819762, 0.0 ], [ 527271.18994655739516, 6053683.695120636373758, 0.0 ], [ 527271.35644688794855, 6053680.073356260545552, 0.0 ], [ 527332.989592039724812, 6053688.088760863989592, 0.0 ], [ 527332.647727110539563, 6053692.462982230819762, 0.0 ] ] ] } },
{ "type": "Feature", "properties": { "layer": "WBK_WEG_TEMP" }, "geometry": { "type": "LineString", "coordinates": [ [ 527332.647727110539563, 6053692.462982230819762 ], [ 527271.18994655739516, 6053683.695120636373758 ], [ 527271.35644688794855, 6053680.073356260545552 ], [ 527332.989592039724812, 6053688.088760863989592 ], [ 527332.647727110539563, 6053692.462982230819762 ] ] } },
{ "type": "Feature", "properties": { "layer": "WBK_WEG_TEMP" }, "geometry": { "type": "Polygon", "coordinates": [ [ [ 527334.309091925388202, 6053740.025705927051604, 0.0 ], [ 527381.663770462269895, 6053215.411355011165142, 0.0 ], [ 527303.398753379122354, 6053210.262195942923427, 0.0 ], [ 527292.328277076943778, 6053218.407766499556601, 0.0 ], [ 527292.049126986181363, 6053224.61658535618335, 0.0 ], [ 527304.031204848666675, 6053213.966273105703294, 0.0 ], [ 527371.264507853076793, 6053219.546594299376011, 0.0 ], [ 527330.474920569686219, 6053740.149869972839952, 0.0 ], [ 527334.309091925388202, 6053740.025705927051604, 0.0 ] ] ] } },
{ "type": "Feature", "properties": { "layer": "WBK_WEG_TEMP" }, "geometry": { "type": "LineString", "coordinates": [ [ 527334.309091925388202, 6053740.025705927051604 ], [ 527334.309091925388202, 6053740.025705927051604 ], [ 527381.663770462269895, 6053215.411355011165142 ], [ 527303.398753379122354, 6053210.262195942923427 ], [ 527292.328277076943778, 6053218.407766499556601 ], [ 527292.049126986181363, 6053224.61658535618335 ], [ 527304.031204848666675, 6053213.966273105703294 ], [ 527371.264507853076793, 6053219.546594299376011 ], [ 527330.474920569686219, 6053740.149869972839952 ], [ 527330.474920569686219, 6053740.149869972839952 ], [ 527334.309091925388202, 6053740.025705927051604 ] ] } },
{ "type": "Feature", "properties": { "layer": "WBK_WEG_TEMP" }, "geometry": { "type": "Polygon", "coordinates": [ [ [ 527324.998797989101149, 6052803.012954091653228, 0.0 ], [ 527292.826737378141843, 6052769.188437950797379, 0.0 ], [ 527296.877762013813481, 6052768.396931304596364, 0.0 ], [ 527327.224964232649654, 6052800.865149586461484, 0.0 ], [ 527324.998797989101149, 6052803.012954091653228, 0.0 ] ] ] } },
{ "type": "Feature", "properties": { "layer": "WBK_WEG_TEMP" }, "geometry": { "type": "LineString", "coordinates": [ [ 527324.998797989101149, 6052803.012954091653228 ], [ 527292.826737378141843, 6052769.188437950797379 ], [ 527296.877762013813481, 6052768.396931304596364 ], [ 527327.224964232649654, 6052800.865149586461484 ], [ 527324.998797988751903, 6052803.012954091653228 ] ] } },
{ "type": "Feature", "properties": { "layer": "WBK_WEG_TEMP" }, "geometry": { "type": "Polygon", "coordinates": [ [ [ 527005.841681908932514, 6052045.050328722223639, 0.0 ], [ 527031.006376355770044, 6051947.096118514426053, 0.0 ], [ 527027.767604664084502, 6051948.422832394018769, 0.0 ], [ 527002.264188114320859, 6052043.836731923744082, 0.0 ], [ 527005.841681908932514, 6052045.050328722223639, 0.0 ] ] ] } },
{ "type": "Feature", "properties": { "layer": "WBK_WEG_TEMP" }, "geometry": { "type": "LineString", "coordinates": [ [ 527005.841681908932514, 6052045.050328722223639 ], [ 527031.006376355770044, 6051947.096118514426053 ], [ 527027.767604664084502, 6051948.422832394018769 ], [ 527002.264188114320859, 6052043.836731923744082 ], [ 527005.841681908932514, 6052045.050328722223639 ] ] } },
{ "type": "Feature", "properties": { "layer": "WBK_WEG_TEMP" }, "geometry": { "type": "Polygon", "coordinates": [ [ [ 527028.406807921826839, 6051295.930919424630702, 0.0 ], [ 526782.981027705362067, 6051191.505259693600237, 0.0 ], [ 526783.861197336460464, 6051194.892753885127604, 0.0 ], [ 527026.778357448405586, 6051298.829412584193051, 0.0 ], [ 527028.406807921826839, 6051295.930919424630702, 0.0 ] ] ] } },
{ "type": "Feature", "properties": { "layer": "WBK_WEG_TEMP" }, "geometry": { "type": "LineString", "coordinates": [ [ 527028.406807921826839, 6051295.930919424630702 ], [ 526782.981027705362067, 6051191.505259693600237 ], [ 526783.861197336460464, 6051194.892753885127604 ], [ 527026.778357448405586, 6051298.829412584193051 ], [ 527028.406807921826839, 6051295.930919424630702 ] ] } },
{ "type": "Feature", "properties": { "layer": "WBK_WEG_TEMP" }, "geometry": { "type": "Polygon", "coordinates": [ [ [ 526580.24312042654492, 6050640.594749907031655, 0.0 ], [ 526593.44094893662259, 6050630.654366289265454, 0.0 ], [ 526596.436975160962902, 6050637.595671268180013, 0.0 ], [ 526692.205558993853629, 6050687.623687150888145, 0.0 ], [ 526699.509056526585482, 6050696.110075541771948, 0.0 ], [ 526673.253333655535243, 6050841.76378128118813, 0.0 ], [ 526668.972483933903277, 6050843.759917341172695, 0.0 ], [ 526690.277641633641906, 6050698.169617618434131, 0.0 ], [ 526678.140663517988287, 6050687.254777527414262, 0.0 ], [ 526580.24312042654492, 6050640.594749907031655, 0.0 ] ] ] } },
{ "type": "Feature", "properties": { "layer": "WBK_WEG_TEMP" }, "geometry": { "type": "LineString", "coordinates": [ [ 526580.24312042654492, 6050640.594749907031655 ], [ 526593.44094893662259, 6050630.654366289265454 ], [ 526596.436975160962902, 6050637.595671268180013 ], [ 526692.205558993853629, 6050687.623687150888145 ], [ 526699.509056526585482, 6050696.110075541771948 ], [ 526673.253333655535243, 6050841.76378128118813 ], [ 526668.972483933903277, 6050843.759917341172695 ], [ 526690.277641633641906, 6050698.169617618434131 ], [ 526678.140663517988287, 6050687.254777527414262 ], [ 526580.24312042654492, 6050640.594749907031655 ] ] } },
{ "type": "Feature", "properties": { "layer": "WBK_WEG_TEMP" }, "geometry": { "type": "Polygon", "coordinates": [ [ [ 526396.959622261347249, 6049972.772109506651759, 0.0 ], [ 526380.985400137142278, 6049965.26854873355478, 0.0 ], [ 526382.673086367663927, 6049970.416925316676497, 0.0 ], [ 526395.36738964531105, 6049977.856233417987823, 0.0 ], [ 526396.959622261347249, 6049972.772109506651759, 0.0 ] ] ] } },
{ "type": "Feature", "properties": { "layer": "WBK_WEG_TEMP" }, "geometry": { "type": "LineString", "coordinates": [ [ 526396.959622261347249, 6049972.772109506651759 ], [ 526380.985400137142278, 6049965.26854873355478 ], [ 526382.673086367663927, 6049970.416925316676497 ], [ 526395.36738964531105, 6049977.856233417987823 ], [ 526396.959622261347249, 6049972.772109506651759 ] ] } },
{ "type": "Feature", "properties": { "layer": "WBK_WEG_TEMP" }, "geometry": { "type": "Polygon", "coordinates": [ [ [ 526413.425933372229338, 6048656.847979643382132, 0.0 ], [ 526411.39695259439759, 6048656.697993755340576, 0.0 ], [ 526279.150797172333114, 6048618.345325833186507, 0.0 ], [ 526278.035039681592025, 6048621.662689007818699, 0.0 ], [ 526405.467879974283278, 6048658.114745831117034, 0.0 ], [ 526413.07537773065269, 6048659.232949028722942, 0.0 ], [ 526413.425933372229338, 6048656.847979643382132, 0.0 ] ] ] } },
{ "type": "Feature", "properties": { "layer": "WBK_WEG_TEMP" }, "geometry": { "type": "LineString", "coordinates": [ [ 526413.425933372229338, 6048656.847979643382132 ], [ 526411.39695259439759, 6048656.697993755340576 ], [ 526279.150797172333114, 6048618.345325833186507 ], [ 526278.035039681592025, 6048621.662689007818699 ], [ 526405.467879974283278, 6048658.114745831117034 ], [ 526413.07537773065269, 6048659.232949028722942 ], [ 526413.425933372229338, 6048656.847979643382132 ] ] } },
{ "type": "Feature", "properties": { "layer": "WBK_WEG_TEMP" }, "geometry": { "type": "Polygon", "coordinates": [ [ [ 526409.142484694370069, 6048261.258033487945795, 0.0 ], [ 526406.998500579386018, 6048261.000049973838031, 0.0 ], [ 526342.9776863490697, 6048240.628011359833181, 0.0 ], [ 526342.204186210641637, 6048237.214581494219601, 0.0 ], [ 526408.852585486951284, 6048258.323612666688859, 0.0 ], [ 526409.142484694370069, 6048261.258033487945795, 0.0 ] ] ] } },
{ "type": "Feature", "properties": { "layer": "WBK_WEG_TEMP" }, "geometry": { "type": "LineString", "coordinates": [ [ 526409.142484694370069, 6048261.258033487945795 ], [ 526406.998500579386018, 6048261.000049973838031 ], [ 526342.9776863490697, 6048240.628011359833181 ], [ 526342.204186210641637, 6048237.214581494219601 ], [ 526408.852585486951284, 6048258.323612666688859 ], [ 526409.142484694370069, 6048261.258033487945795 ] ] } },
{ "type": "Feature", "properties": { "layer": "WBK_WEG_TEMP" }, "geometry": { "type": "MultiLineString", "coordinates": [ [ [ 526380.055440187221393, 6047979.821870959363878, 0.0 ], [ 526396.633923318353482, 6047881.69522288814187, 0.0 ] ], [ [ 526396.633923318353482, 6047881.69522288814187, 0.0 ], [ 526399.967984264832921, 6047882.760038457810879, 0.0 ] ], [ [ 526399.967984264832921, 6047882.760038457810879, 0.0 ], [ 526381.784967560088262, 6047986.229310878552496, 0.0 ] ], [ [ 526381.784967560088262, 6047986.229310878552496, 0.0 ], [ 526380.041889616521075, 6047979.819582006894052, 0.0 ] ] ] } },
{ "type": "Feature", "properties": { "layer": "WBK_WEG_TEMP" }, "geometry": { "type": "LineString", "coordinates": [ [ 526380.055440187221393, 6047979.821870959363878 ], [ 526396.633923318353482, 6047881.69522288814187 ], [ 526399.967984264832921, 6047882.760038457810879 ], [ 526381.784967560088262, 6047986.229310878552496 ], [ 526380.041889616521075, 6047979.819582006894052 ] ] } },
{ "type": "Feature", "properties": { "layer": "WBK_WEG_TEMP" }, "geometry": { "type": "Polygon", "coordinates": [ [ [ 526435.82209989184048, 6047545.875287676230073, 0.0 ], [ 526453.438603624003008, 6047462.681479280814528, 0.0 ], [ 526456.546699047437869, 6047462.944872317835689, 0.0 ], [ 526440.114342332701199, 6047546.9766686540097, 0.0 ], [ 526435.82209989184048, 6047545.875287676230073, 0.0 ] ] ] } },
{ "type": "Feature", "properties": { "layer": "WBK_WEG_TEMP" }, "geometry": { "type": "LineString", "coordinates": [ [ 526435.82209989184048, 6047545.875287676230073 ], [ 526453.438603624003008, 6047462.681479280814528 ], [ 526456.546699047437869, 6047462.944872317835689 ], [ 526440.114342332701199, 6047546.9766686540097 ], [ 526435.82209989184048, 6047545.875287676230073 ] ] } },
{ "type": "Feature", "properties": { "layer": "WBK_WEG_TEMP" }, "geometry": { "type": "Polygon", "coordinates": [ [ [ 526504.447605893248692, 6047385.404162627644837, 0.0 ], [ 526479.714750919607468, 6047444.760536898858845, 0.0 ], [ 526484.102577405050397, 6047445.161678791977465, 0.0 ], [ 526512.899911561980844, 6047385.237400634214282, 0.0 ], [ 526504.447605893248692, 6047385.404162627644837, 0.0 ] ] ] } },
{ "type": "Feature", "properties": { "layer": "WBK_WEG_TEMP" }, "geometry": { "type": "LineString", "coordinates": [ [ 526504.447605893248692, 6047385.404162627644837 ], [ 526479.714750919607468, 6047444.760536898858845 ], [ 526484.102577405050397, 6047445.161678791977465 ], [ 526512.899911561980844, 6047385.237400634214282 ], [ 526504.447605893248692, 6047385.404162627644837 ] ] } },
{ "type": "Feature", "properties": { "layer": "WBK_WEG_TEMP" }, "geometry": { "type": "Polygon", "coordinates": [ [ [ 526603.586422018473968, 6047373.505607083439827, 0.0 ], [ 526661.274863337166607, 6047071.699332008138299, 0.0 ], [ 526664.590798242250457, 6047072.819317929446697, 0.0 ], [ 526609.32297568465583, 6047374.015949197113514, 0.0 ], [ 526603.586422018473968, 6047373.505607083439827, 0.0 ] ] ] } },
{ "type": "Feature", "properties": { "layer": "WBK_WEG_TEMP" }, "geometry": { "type": "LineString", "coordinates": [ [ 526603.586422018473968, 6047373.505607083439827 ], [ 526661.274863337166607, 6047071.699332008138299 ], [ 526664.590798242250457, 6047072.819317929446697 ], [ 526609.32297568465583, 6047374.015949197113514 ], [ 526603.586422018473968, 6047373.505607083439827 ] ] } },
{ "type": "Feature", "properties": { "layer": "WBK_WEG_TEMP" }, "geometry": { "type": "Polygon", "coordinates": [ [ [ 526908.979635993135162, 6046665.313108132220805, 0.0 ], [ 526903.310177648905665, 6046680.614952498115599, 0.0 ], [ 526840.902992740273476, 6046657.251276290975511, 0.0 ], [ 526839.606188949779607, 6046663.519910703413188, 0.0 ], [ 526905.682756264344789, 6046687.354305990040302, 0.0 ], [ 526913.61761241836939, 6046667.16206494346261, 0.0 ], [ 526908.979635993135162, 6046665.313108132220805, 0.0 ] ] ] } },
{ "type": "Feature", "properties": { "layer": "WBK_WEG_TEMP" }, "geometry": { "type": "LineString", "coordinates": [ [ 526908.979635993135162, 6046665.313108132220805 ], [ 526903.310177648905665, 6046680.614952498115599 ], [ 526840.902992740273476, 6046657.251276290975511 ], [ 526839.606188949779607, 6046663.519910703413188 ], [ 526905.682756264344789, 6046687.354305990040302 ], [ 526913.61761241836939, 6046667.16206494346261 ], [ 526908.979635993135162, 6046665.313108132220805 ] ] } },
{ "type": "Feature", "properties": { "layer": "WBK_WEG_TEMP" }, "geometry": { "type": "MultiLineString", "coordinates": [ [ [ 527343.204940759344026, 6045820.146710347384214, 0.0 ], [ 527219.285652500926517, 6045825.880115975625813, 0.0 ] ], [ [ 527219.285652500926517, 6045825.880115975625813, 0.0 ], [ 527197.142907904344611, 6045875.335675859823823, 0.0 ] ], [ [ 527197.142907904344611, 6045875.335675859823823, 0.0 ], [ 527200.540002610418014, 6045876.857410448603332, 0.0 ] ], [ [ 527200.540002610418014, 6045876.857410448603332, 0.0 ], [ 527221.130749917239882, 6045830.324951740913093, 0.0 ] ], [ [ 527221.130749917239882, 6045830.324951740913093, 0.0 ], [ 527343.48011011001654, 6045823.432634546421468, 0.0 ] ], [ [ 527343.48011011001654, 6045823.432634546421468, 0.0 ], [ 527343.327816187404096, 6045820.141025154851377, 0.0 ] ] ] } },
{ "type": "Feature", "properties": { "layer": "WBK_WEG_TEMP" }, "geometry": { "type": "LineString", "coordinates": [ [ 527343.204940759344026, 6045820.146710347384214 ], [ 527219.285652500926517, 6045825.880115975625813 ], [ 527197.142907904344611, 6045875.335675859823823 ], [ 527200.540002610418014, 6045876.857410448603332 ], [ 527221.130749917239882, 6045830.324951740913093 ], [ 527343.48011011001654, 6045823.432634546421468 ], [ 527343.327816187404096, 6045820.141025154851377 ] ] } },
{ "type": "Feature", "properties": { "layer": "WBK_WEG_TEMP" }, "geometry": { "type": "Polygon", "coordinates": [ [ [ 527209.777471091132611, 6045413.233801531605422, 0.0 ], [ 527392.772974165622145, 6045438.554512278176844, 0.0 ], [ 527394.149636526126415, 6045435.48100311961025, 0.0 ], [ 527210.517870497656986, 6045410.490656238980591, 0.0 ], [ 527209.777471091132611, 6045413.233801531605422, 0.0 ] ] ] } },
{ "type": "Feature", "properties": { "layer": "WBK_WEG_TEMP" }, "geometry": { "type": "LineString", "coordinates": [ [ 527209.777471091132611, 6045413.233801531605422 ], [ 527392.772974165622145, 6045438.554512278176844 ], [ 527394.149636526126415, 6045435.48100311961025 ], [ 527210.517870497656986, 6045410.490656238980591 ], [ 527209.777471091132611, 6045413.233801531605422 ] ] } },
{ "type": "Feature", "properties": { "layer": "WBK_WEG_TEMP" }, "geometry": { "type": "Polygon", "coordinates": [ [ [ 527543.658730477443896, 6045164.697287073358893, 0.0 ], [ 527553.173037585336715, 6045093.433069696649909, 0.0 ], [ 527556.047863289248198, 6045095.345422456972301, 0.0 ], [ 527547.046587349148467, 6045165.190495548769832, 0.0 ], [ 527543.658730477443896, 6045164.697287073358893, 0.0 ] ] ] } },
{ "type": "Feature", "properties": { "layer": "WBK_WEG_TEMP" }, "geometry": { "type": "LineString", "coordinates": [ [ 527543.658730477443896, 6045164.697287073358893 ], [ 527553.173037585336715, 6045093.433069696649909 ], [ 527556.047863289248198, 6045095.345422456972301 ], [ 527547.046587349148467, 6045165.190495548769832 ], [ 527543.658730477443896, 6045164.697287073358893 ] ] } },
{ "type": "Feature", "properties": { "layer": "WBK_WEG_TEMP" }, "geometry": { "type": "Polygon", "coordinates": [ [ [ 527590.093563911505044, 6044777.321279591880739, 0.0 ], [ 527593.597433342365548, 6044651.837345114909112, 0.0 ], [ 527588.762675785925239, 6044651.83737548161298, 0.0 ], [ 527586.004642154322937, 6044784.048254914581776, 0.0 ], [ 527590.093563911505044, 6044777.321279591880739, 0.0 ] ] ] } },
{ "type": "Feature", "properties": { "layer": "WBK_WEG_TEMP" }, "geometry": { "type": "LineString", "coordinates": [ [ 527590.093563911505044, 6044777.321279591880739 ], [ 527593.597433342365548, 6044651.837345114909112 ], [ 527588.762675785925239, 6044651.83737548161298 ], [ 527586.004642154322937, 6044784.048254914581776 ], [ 527590.093563911505044, 6044777.321279591880739 ] ] } },
{ "type": "Feature", "properties": { "layer": "WBK_WEG_TEMP" }, "geometry": { "type": "MultiLineString", "coordinates": [ [ [ 527653.916837501339614, 6044181.866936504840851, 0.0 ], [ 527624.039924509823322, 6044238.944096278399229, 0.0 ] ], [ [ 527624.039924509823322, 6044238.944096278399229, 0.0 ], [ 527627.513876919285394, 6044239.370102440007031, 0.0 ] ], [ [ 527627.513876919285394, 6044239.370102440007031, 0.0 ], [ 527657.92950717639178, 6044183.179371672682464, 0.0 ] ], [ [ 527657.92950717639178, 6044183.179371672682464, 0.0 ], [ 527653.916788795846514, 6044181.866916594095528, 0.0 ] ] ] } },
{ "type": "Feature", "properties": { "layer": "WBK_WEG_TEMP" }, "geometry": { "type": "LineString", "coordinates": [ [ 527653.916837501339614, 6044181.866936504840851 ], [ 527624.039924509823322, 6044238.944096278399229 ], [ 527627.513876919285394, 6044239.370102440007031 ], [ 527657.92950717639178, 6044183.179371672682464 ], [ 527653.916788795846514, 6044181.866916594095528 ] ] } },
{ "type": "Feature", "properties": { "layer": "WBK_WEG_TEMP" }, "geometry": { "type": "Polygon", "coordinates": [ [ [ 527931.676829035393894, 6042943.047483303584158, 0.0 ], [ 527753.423363139852881, 6042953.737710298039019, 0.0 ], [ 527755.550188175169751, 6042956.517354805953801, 0.0 ], [ 527931.649916508351453, 6042945.591585515998304, 0.0 ], [ 527931.676829035393894, 6042943.047483303584158, 0.0 ] ] ] } },
{ "type": "Feature", "properties": { "layer": "WBK_WEG_TEMP" }, "geometry": { "type": "LineString", "coordinates": [ [ 527931.676829035393894, 6042943.047483303584158 ], [ 527753.423363139852881, 6042953.737710298039019 ], [ 527755.550188175169751, 6042956.517354805953801 ], [ 527931.649916508351453, 6042945.591585515998304 ], [ 527931.676829035393894, 6042943.047483303584158 ] ] } },
{ "type": "Feature", "properties": { "layer": "WBK_WEG_TEMP" }, "geometry": { "type": "Polygon", "coordinates": [ [ [ 527924.915806625969708, 6042459.25329105835408, 0.0 ], [ 527805.057669676258229, 6042466.533885283395648, 0.0 ], [ 527803.014820473850705, 6042463.691953971982002, 0.0 ], [ 527924.816951328655705, 6042456.293313512578607, 0.0 ], [ 527924.915806625969708, 6042459.25329105835408, 0.0 ] ] ] } },
{ "type": "Feature", "properties": { "layer": "WBK_WEG_TEMP" }, "geometry": { "type": "LineString", "coordinates": [ [ 527924.915806625969708, 6042459.25329105835408 ], [ 527805.057669676258229, 6042466.533885283395648 ], [ 527803.014820473850705, 6042463.691953971982002 ], [ 527924.816951328655705, 6042456.293313512578607 ], [ 527924.915806625969708, 6042459.25329105835408 ] ] } },
{ "type": "Feature", "properties": { "layer": "WBK_WEG_TEMP" }, "geometry": { "type": "Polygon", "coordinates": [ [ [ 527847.580337112187408, 6042048.739167743362486, 0.0 ], [ 527845.789259838173166, 6042066.740114555694163, 0.0 ], [ 527851.894319616956636, 6042067.156711297109723, 0.0 ], [ 527850.186876765917987, 6042049.055009238421917, 0.0 ], [ 527847.580337112187408, 6042048.739167743362486, 0.0 ] ] ] } },
{ "type": "Feature", "properties": { "layer": "WBK_WEG_TEMP" }, "geometry": { "type": "LineString", "coordinates": [ [ 527847.580337112187408, 6042048.739167743362486 ], [ 527845.789259838173166, 6042066.740114555694163 ], [ 527851.894319616956636, 6042067.156711297109723 ], [ 527850.186876765917987, 6042049.055009238421917 ], [ 527847.580337112187408, 6042048.739167743362486 ] ] } },
{ "type": "Feature", "properties": { "layer": "WBK_WEG_TEMP" }, "geometry": { "type": "Polygon", "coordinates": [ [ [ 527814.542881659697741, 6040484.010728050023317, 0.0 ], [ 527765.001179083250463, 6040323.471957257017493, 0.0 ], [ 527808.638166459393688, 6040334.925760690122843, 0.0 ], [ 527789.457188097178005, 6040334.174858324229717, 0.0 ], [ 527770.397640093695372, 6040330.181522480212152, 0.0 ], [ 527820.104009152040817, 6040485.258038979023695, 0.0 ], [ 527814.542881659697741, 6040484.010728050023317, 0.0 ] ] ] } },
{ "type": "Feature", "properties": { "layer": "WBK_WEG_TEMP" }, "geometry": { "type": "LineString", "coordinates": [ [ 527814.542881659697741, 6040484.010728050023317 ], [ 527765.001177519210614, 6040323.471956303343177 ], [ 527808.638168203411624, 6040334.925761650316417 ], [ 527789.457186311832629, 6040334.174857848323882 ], [ 527770.397643329575658, 6040330.181522306986153 ], [ 527820.104008618276566, 6040485.258038288913667 ], [ 527814.542881659697741, 6040484.010728050023317 ] ] } },
{ "type": "Feature", "properties": { "layer": "WBK_WEG_TEMP" }, "geometry": { "type": "Polygon", "coordinates": [ [ [ 527735.627036454039626, 6039775.819642727263272, 0.0 ], [ 527778.54836972663179, 6039880.837569828145206, 0.0 ], [ 527775.14188570540864, 6039881.64111280720681, 0.0 ], [ 527732.143083050730638, 6039778.974140927195549, 0.0 ], [ 527735.627036454039626, 6039775.819642727263272, 0.0 ] ] ] } },
{ "type": "Feature", "properties": { "layer": "WBK_WEG_TEMP" }, "geometry": { "type": "LineString", "coordinates": [ [ 527735.627036454039626, 6039775.819642727263272 ], [ 527778.54836972663179, 6039880.837569828145206 ], [ 527775.14188570540864, 6039881.64111280720681 ], [ 527732.143083050730638, 6039778.974140927195549 ], [ 527735.627036454039626, 6039775.819642727263272 ] ] } },
{ "type": "Feature", "properties": { "layer": "WBK_WEG_TEMP" }, "geometry": { "type": "Polygon", "coordinates": [ [ [ 527702.2237822371535, 6039217.185629110783339, 0.0 ], [ 527702.442255049012601, 6039212.267665137536824, 0.0 ], [ 527738.782874505850486, 6039219.688420618884265, 0.0 ], [ 527723.950911538559012, 6039422.750418822281063, 0.0 ], [ 527749.014895876287483, 6039456.324567638337612, 0.0 ], [ 527747.154444557498209, 6039456.454014269635081, 0.0 ], [ 527719.717053031781688, 6039422.316819040104747, 0.0 ], [ 527735.88656251213979, 6039222.546876384876668, 0.0 ], [ 527702.2237822371535, 6039217.185629110783339, 0.0 ] ] ] } },
{ "type": "Feature", "properties": { "layer": "WBK_WEG_TEMP" }, "geometry": { "type": "LineString", "coordinates": [ [ 527702.2237822371535, 6039217.185629110783339 ], [ 527702.442255049012601, 6039212.267665137536824 ], [ 527738.782874505850486, 6039219.688420618884265 ], [ 527723.950911538559012, 6039422.750418822281063 ], [ 527749.014895876287483, 6039456.324567638337612 ], [ 527747.154444557498209, 6039456.454014269635081 ], [ 527719.717053031781688, 6039422.316819040104747 ], [ 527735.88656251213979, 6039222.546876384876668 ], [ 527702.2237822371535, 6039217.185629110783339 ] ] } },
{ "type": "Feature", "properties": { "layer": "WBK_WEG_TEMP" }, "geometry": { "type": "Polygon", "coordinates": [ [ [ 527768.035058130859397, 6038783.336534954607487, 0.0 ], [ 527710.972281733062118, 6038909.490490304306149, 0.0 ], [ 527716.16918679245282, 6038984.191418278962374, 0.0 ], [ 527719.661680361721665, 6038984.420141494832933, 0.0 ], [ 527715.196964762057178, 6038908.960314085707068, 0.0 ], [ 527771.128891463391483, 6038785.156157801859081, 0.0 ], [ 527768.035058130859397, 6038783.336534954607487, 0.0 ] ] ] } },
{ "type": "Feature", "properties": { "layer": "WBK_WEG_TEMP" }, "geometry": { "type": "LineString", "coordinates": [ [ 527768.035058130859397, 6038783.336534954607487 ], [ 527710.972281733062118, 6038909.490490304306149 ], [ 527716.16918679245282, 6038984.191418278962374 ], [ 527719.661680361721665, 6038984.420141494832933 ], [ 527715.196964762057178, 6038908.960314085707068 ], [ 527771.128891463391483, 6038785.156157801859081 ], [ 527768.035058130859397, 6038783.336534954607487 ] ] } },
{ "type": "Feature", "properties": { "layer": "WBK_WEG_TEMP" }, "geometry": { "type": "Polygon", "coordinates": [ [ [ 527593.772877666866407, 6037683.371014812961221, 0.0 ], [ 527615.991843481548131, 6037706.214927890338004, 0.0 ], [ 527619.50726723682601, 6037706.094035105779767, 0.0 ], [ 527599.115752525744028, 6037682.40486194845289, 0.0 ], [ 527593.772877666866407, 6037683.371014812961221, 0.0 ] ] ] } },
{ "type": "Feature", "properties": { "layer": "WBK_WEG_TEMP" }, "geometry": { "type": "LineString", "coordinates": [ [ 527593.772877666866407, 6037683.371014812961221 ], [ 527615.991843481548131, 6037706.214927890338004 ], [ 527619.50726723682601, 6037706.094035105779767 ], [ 527599.115752525744028, 6037682.40486194845289 ], [ 527593.772877666866407, 6037683.371014812961221 ] ] } },
{ "type": "Feature", "properties": { "layer": "WBK_WEG_TEMP" }, "geometry": { "type": "Polygon", "coordinates": [ [ [ 527620.647700207307935, 6037671.001472904346883, 0.0 ], [ 527614.202759086503647, 6037611.520649200305343, 0.0 ], [ 527610.705726219923235, 6037611.664114059880376, 0.0 ], [ 527616.536607646150514, 6037671.737885951064527, 0.0 ], [ 527620.647700207307935, 6037671.001472904346883, 0.0 ] ] ] } },
{ "type": "Feature", "properties": { "layer": "WBK_WEG_TEMP" }, "geometry": { "type": "LineString", "coordinates": [ [ 527620.647700207307935, 6037671.001472904346883 ], [ 527614.202757898601703, 6037611.520649990998209 ], [ 527610.705726174055599, 6037611.664114375598729 ], [ 527616.536605007597245, 6037671.73788601718843 ], [ 527620.647700207307935, 6037671.001472904346883 ] ] } },
{ "type": "Feature", "properties": { "layer": "WBK_WEG_TEMP" }, "geometry": { "type": "MultiLineString", "coordinates": [ [ [ 527626.223369034589268, 6037307.279222976416349, 0.0 ], [ 527610.59698060026858, 6037290.298858622089028, 0.0 ] ], [ [ 527610.59698060026858, 6037290.298858622089028, 0.0 ], [ 527607.11214206321165, 6037290.624000717885792, 0.0 ] ], [ [ 527607.11214206321165, 6037290.624000717885792, 0.0 ], [ 527622.735933534335345, 6037307.730903616175056, 0.0 ] ], [ [ 527622.735933534335345, 6037307.730903616175056, 0.0 ], [ 527611.144497981644236, 6037309.184302523732185, 0.0 ] ] ] } },
{ "type": "Feature", "properties": { "layer": "WBK_WEG_TEMP" }, "geometry": { "type": "LineString", "coordinates": [ [ 527626.223369034589268, 6037307.279222976416349 ], [ 527610.59698060026858, 6037290.298858622089028 ], [ 527607.11214206321165, 6037290.624000717885792 ], [ 527622.735933534335345, 6037307.730903616175056 ], [ 527611.144497981644236, 6037309.184302523732185 ] ] } },
{ "type": "Feature", "properties": { "layer": "WBK_WEG_TEMP" }, "geometry": { "type": "Polygon", "coordinates": [ [ [ 527903.990604872815311, 6036887.181692882440984, 0.0 ], [ 527829.172044760896824, 6036866.184323597699404, 0.0 ], [ 527800.028763563837856, 6036865.366512925364077, 0.0 ], [ 527597.647991521516815, 6036893.907566183246672, 0.0 ], [ 527598.557333304779604, 6036897.287344511598349, 0.0 ], [ 527794.693133181193843, 6036870.573186147026718, 0.0 ], [ 527828.655633101123385, 6036871.194767953827977, 0.0 ], [ 527904.092090187012218, 6036892.469100878573954, 0.0 ], [ 527903.990604872815311, 6036887.181692882440984, 0.0 ] ] ] } },
{ "type": "Feature", "properties": { "layer": "WBK_WEG_TEMP" }, "geometry": { "type": "LineString", "coordinates": [ [ 527903.990604872815311, 6036887.181692882440984 ], [ 527829.172044760896824, 6036866.184323597699404 ], [ 527800.028763563837856, 6036865.366512925364077 ], [ 527597.647991521516815, 6036893.907566183246672 ], [ 527598.557333304779604, 6036897.287344511598349 ], [ 527794.693133181193843, 6036870.573186147026718 ], [ 527828.655633101123385, 6036871.194767953827977 ], [ 527904.092090187012218, 6036892.469100878573954 ], [ 527903.990604872815311, 6036887.181692882440984 ] ] } },
{ "type": "Feature", "properties": { "layer": "WBK_WEG_TEMP" }, "geometry": { "type": "Polygon", "coordinates": [ [ [ 527555.186524214455858, 6036133.835528663359582, 0.0 ], [ 527566.656117924605496, 6036079.226215353235602, 0.0 ], [ 527563.170279590412974, 6036078.912033366970718, 0.0 ], [ 527551.860648831119761, 6036133.259291716851294, 0.0 ], [ 527555.186524214455858, 6036133.835528663359582, 0.0 ] ] ] } },
{ "type": "Feature", "properties": { "layer": "WBK_WEG_TEMP" }, "geometry": { "type": "LineString", "coordinates": [ [ 527555.186524214455858, 6036133.835528663359582 ], [ 527566.656117924605496, 6036079.226215353235602 ], [ 527563.170279590412974, 6036078.912033366970718 ], [ 527551.860648831119761, 6036133.259291716851294 ], [ 527555.186524214455858, 6036133.835528663359582 ] ] } },
{ "type": "Feature", "properties": { "layer": "WBK_WEG_TEMP" }, "geometry": { "type": "Polygon", "coordinates": [ [ [ 527643.482177460798994, 6035679.654086016118526, 0.0 ], [ 527552.006687191897072, 6035675.340129902586341, 0.0 ], [ 527551.853475523530506, 6035678.836748561821878, 0.0 ], [ 527643.115513046970591, 6035682.688435192219913, 0.0 ], [ 527643.482177460798994, 6035679.654086016118526, 0.0 ] ] ] } },
{ "type": "Feature", "properties": { "layer": "WBK_WEG_TEMP" }, "geometry": { "type": "LineString", "coordinates": [ [ 527643.482177460798994, 6035679.654086016118526 ], [ 527552.006687191897072, 6035675.340129902586341 ], [ 527551.853475523530506, 6035678.836748561821878 ], [ 527643.115513046970591, 6035682.688435192219913 ], [ 527643.482177460798994, 6035679.654086016118526 ] ] } },
{ "type": "Feature", "properties": { "layer": "WBK_WEG_TEMP" }, "geometry": { "type": "Polygon", "coordinates": [ [ [ 527442.460202864836901, 6035145.741918697953224, 0.0 ], [ 527535.113929603598081, 6035209.654809083789587, 0.0 ], [ 527535.015004578046501, 6035206.156234885565937, 0.0 ], [ 527447.633161771227606, 6035145.696387655101717, 0.0 ], [ 527442.460202864836901, 6035145.741918697953224, 0.0 ] ] ] } },
{ "type": "Feature", "properties": { "layer": "WBK_WEG_TEMP" }, "geometry": { "type": "LineString", "coordinates": [ [ 527442.460202864836901, 6035145.741918697953224 ], [ 527535.113929603598081, 6035209.654809083789587 ], [ 527535.015004578046501, 6035206.156234885565937 ], [ 527447.633161771227606, 6035145.696387655101717 ], [ 527442.460202864836901, 6035145.741918697953224 ] ] } },
{ "type": "Feature", "properties": { "layer": "WBK_WEG_TEMP" }, "geometry": { "type": "Polygon", "coordinates": [ [ [ 527890.243229910847731, 6035058.883771315217018, 0.0 ], [ 527881.097274398081936, 6035055.415855520404875, 0.0 ], [ 527735.851605685078539, 6034930.773721659556031, 0.0 ], [ 527721.546594503102824, 6034911.621957832016051, 0.0 ], [ 527689.318446191493422, 6034848.449643329717219, 0.0 ], [ 527684.498005735455081, 6034840.14273873437196, 0.0 ], [ 527675.083467587013729, 6034835.065835389308631, 0.0 ], [ 527557.541587305953726, 6034803.29770971275866, 0.0 ], [ 527545.663224691292271, 6034798.016931900754571, 0.0 ], [ 527527.900254989042878, 6034780.644177109003067, 0.0 ], [ 527522.694302504998632, 6034785.967059185728431, 0.0 ], [ 527544.474295253981836, 6034807.268584609963, 0.0 ], [ 527558.558224628213793, 6034813.329734205268323, 0.0 ], [ 527666.83707883337047, 6034842.127833399921656, 0.0 ], [ 527680.581525212153792, 6034850.62868223991245, 0.0 ], [ 527717.24868312838953, 6034920.388918079435825, 0.0 ], [ 527729.214694522204809, 6034936.850717066787183, 0.0 ], [ 527746.177636241074651, 6034948.375521658919752, 0.0 ], [ 527761.442595475353301, 6034959.930337739177048, 0.0 ], [ 527878.328351010684855, 6035063.802807790227234, 0.0 ], [ 527881.52430555713363, 6035064.356672989204526, 0.0 ], [ 527890.243229910847731, 6035058.883771315217018, 0.0 ] ] ] } },
{ "type": "Feature", "properties": { "layer": "WBK_WEG_TEMP" }, "geometry": { "type": "LineString", "coordinates": [ [ 527890.243229910847731, 6035058.883771315217018 ], [ 527881.097274398081936, 6035055.415855520404875 ], [ 527735.851605685078539, 6034930.773721659556031 ], [ 527721.546594503102824, 6034911.621957832016051 ], [ 527689.318446191493422, 6034848.449643329717219 ], [ 527684.498005735455081, 6034840.14273873437196 ], [ 527675.083467587013729, 6034835.065835389308631 ], [ 527557.541587305953726, 6034803.29770971275866 ], [ 527545.663224691292271, 6034798.016931900754571 ], [ 527527.900254989042878, 6034780.644177109003067 ], [ 527522.694302504998632, 6034785.967059185728431 ], [ 527544.474295253981836, 6034807.268584609963 ], [ 527558.558224628213793, 6034813.329734205268323 ], [ 527666.83707883337047, 6034842.127833399921656 ], [ 527680.581525212153792, 6034850.62868223991245 ], [ 527717.24868312838953, 6034920.388918079435825 ], [ 527729.214694522204809, 6034936.850717066787183 ], [ 527746.177636241074651, 6034948.375521658919752 ], [ 527761.442595475353301, 6034959.930337739177048 ], [ 527878.328351010684855, 6035063.802807790227234 ], [ 527881.52430555713363, 6035064.356672989204526 ], [ 527890.243229910847731, 6035058.883771315217018 ] ] } },
{ "type": "Feature", "properties": { "layer": "WBK_WEG_TEMP" }, "geometry": { "type": "Polygon", "coordinates": [ [ [ 527545.796844146447256, 6034418.821832835674286, 0.0 ], [ 527529.199051520088688, 6034337.033381788060069, 0.0 ], [ 527502.938400342944078, 6034322.996156292036176, 0.0 ], [ 527503.049399858922698, 6034326.10563897062093, 0.0 ], [ 527527.383311075274833, 6034339.461827673949301, 0.0 ], [ 527543.591114642098546, 6034419.601593966595829, 0.0 ], [ 527545.796844146447256, 6034418.821832835674286, 0.0 ] ] ] } },
{ "type": "Feature", "properties": { "layer": "WBK_WEG_TEMP" }, "geometry": { "type": "LineString", "coordinates": [ [ 527545.796844146447256, 6034418.821832835674286 ], [ 527529.199051520088688, 6034337.033381788060069 ], [ 527502.938400342944078, 6034322.996156292036176 ], [ 527503.049399858922698, 6034326.10563897062093 ], [ 527527.383311075274833, 6034339.461827673949301 ], [ 527543.591114642098546, 6034419.601593966595829 ], [ 527545.796844146447256, 6034418.821832835674286 ] ] } },
{ "type": "Feature", "properties": { "layer": "WBK_WEG_TEMP" }, "geometry": { "type": "Polygon", "coordinates": [ [ [ 527688.903851733892225, 6033877.957073326222599, 0.0 ], [ 527487.856074491050094, 6033907.304093682207167, 0.0 ], [ 527488.10139141685795, 6033910.795458000153303, 0.0 ], [ 527689.157695851172321, 6033881.366342166438699, 0.0 ], [ 527688.903851733892225, 6033877.957073326222599, 0.0 ] ] ] } },
{ "type": "Feature", "properties": { "layer": "WBK_WEG_TEMP" }, "geometry": { "type": "LineString", "coordinates": [ [ 527688.903851733892225, 6033877.957073326222599 ], [ 527487.856074491050094, 6033907.304093682207167 ], [ 527488.10139141685795, 6033910.795458000153303 ], [ 527689.157695851172321, 6033881.366342166438699 ], [ 527688.903851733892225, 6033877.957073326222599 ] ] } },
{ "type": "Feature", "properties": { "layer": "WBK_WEG_TEMP" }, "geometry": { "type": "Polygon", "coordinates": [ [ [ 527344.655417306697927, 6033183.510176688432693, 0.0 ], [ 527469.267620173748583, 6033394.810404868796468, 0.0 ], [ 527470.523205979960039, 6033429.417867195792496, 0.0 ], [ 527467.073888684972189, 6033428.824533523060381, 0.0 ], [ 527466.678765104967169, 6033396.015121015720069, 0.0 ], [ 527341.597561690956354, 6033184.396280894055963, 0.0 ], [ 527344.655417306697927, 6033183.510176688432693, 0.0 ] ] ] } },
{ "type": "Feature", "properties": { "layer": "WBK_WEG_TEMP" }, "geometry": { "type": "LineString", "coordinates": [ [ 527344.655417306697927, 6033183.510176688432693 ], [ 527469.267620173748583, 6033394.810404868796468 ], [ 527470.523205979960039, 6033429.417867195792496 ], [ 527467.073888684972189, 6033428.824533523060381 ], [ 527466.678765104967169, 6033396.015121015720069 ], [ 527341.597561690956354, 6033184.396280894055963 ], [ 527344.655417306697927, 6033183.510176688432693 ] ] } },
{ "type": "Feature", "properties": { "layer": "WBK_WEG_TEMP" }, "geometry": { "type": "MultiLineString", "coordinates": [ [ [ 520056.402128774614539, 6065142.465671161189675, 0.0 ], [ 520054.752102475205902, 6065137.997717035934329, 0.0 ] ], [ [ 520054.752102475205902, 6065137.997717035934329, 0.0 ], [ 520075.70579103147611, 6064795.094210386276245, 0.0 ] ], [ [ 520075.70579103147611, 6064795.094210386276245, 0.0 ], [ 520195.215839295822661, 6064794.745490159839392, 0.0 ] ], [ [ 520195.215839295822661, 6064794.745490159839392, 0.0 ], [ 520191.599999132216908, 6064792.067286079749465, 0.0 ] ], [ [ 520191.599999132216908, 6064792.067286079749465, 0.0 ], [ 520072.041751325421501, 6064790.595522397197783, 0.0 ] ], [ [ 520072.041751325421501, 6064790.595522397197783, 0.0 ], [ 520069.369866819994058, 6064797.400298261083663, 0.0 ] ], [ [ 520069.369866819994058, 6064797.400298261083663, 0.0 ], [ 520048.786164795688819, 6065138.454817752353847, 0.0 ] ], [ [ 520048.786164795688819, 6065138.454817752353847, 0.0 ], [ 520051.045180335524492, 6065143.292767265811563, 0.0 ] ], [ [ 520051.045180335524492, 6065143.292767265811563, 0.0 ], [ 520056.393131938413717, 6065142.462739394046366, 0.0 ] ] ] } },
{ "type": "Feature", "properties": { "layer": "WBK_WEG_TEMP" }, "geometry": { "type": "LineString", "coordinates": [ [ 520056.402128774614539, 6065142.465671161189675 ], [ 520054.752102475205902, 6065137.997717035934329 ], [ 520075.70579103147611, 6064795.094210386276245 ], [ 520195.215839295822661, 6064794.745490159839392 ], [ 520191.599999132216908, 6064792.067286079749465 ], [ 520072.041751325421501, 6064790.595522397197783 ], [ 520069.369866819994058, 6064797.400298261083663 ], [ 520048.786164795688819, 6065138.454817752353847 ], [ 520051.045180335524492, 6065143.292767265811563 ], [ 520056.393131938413717, 6065142.462739394046366 ] ] } },
{ "type": "Feature", "properties": { "layer": "WBK_WEG_TEMP" }, "geometry": { "type": "Polygon", "coordinates": [ [ [ 520058.008194601919968, 6064981.568556278012693, 0.0 ], [ 520006.943300771526992, 6064951.928441444411874, 0.0 ], [ 520004.209082700719591, 6064954.195681637153029, 0.0 ], [ 520058.734395618201233, 6064987.00559388846159, 0.0 ], [ 520058.008194601919968, 6064981.568556278012693, 0.0 ] ] ] } },
{ "type": "Feature", "properties": { "layer": "WBK_WEG_TEMP" }, "geometry": { "type": "LineString", "coordinates": [ [ 520058.008194601919968, 6064981.568556278012693 ], [ 520006.943300771526992, 6064951.928441444411874 ], [ 520004.209082700719591, 6064954.195681637153029 ], [ 520058.734395618201233, 6064987.00559388846159 ], [ 520058.008194601919968, 6064981.568556278012693 ] ] } },
{ "type": "Feature", "properties": { "layer": "WBK_WEG_TEMP" }, "geometry": { "type": "LineString", "coordinates": [ [ 519518.312315850693267, 6065166.26920363958925 ], [ 519508.785020419105422, 6065217.832315528765321 ], [ 519321.319352023187093, 6065520.453677675686777 ], [ 519318.843928814225364, 6065517.468141828663647 ], [ 519502.246361080789939, 6065224.504157020710409 ], [ 519507.030634377792012, 6065216.861841597594321 ], [ 519514.917859790090006, 6065164.92145770881325 ], [ 519518.312315850693267, 6065166.26920363958925 ] ] } },
{ "type": "Feature", "properties": { "layer": "WBK_WEG_TEMP" }, "geometry": { "type": "LineString", "coordinates": [ [ 518310.492118294117972, 6065668.041194640100002 ], [ 519025.120925784809515, 6065766.065551904030144 ], [ 519025.066424248681869, 6065762.091010015457869 ], [ 518309.082197485025972, 6065660.273631979711354 ], [ 518310.492118294117972, 6065668.041194640100002 ] ] } },
{ "type": "Feature", "properties": { "layer": "WBK_WEG_TEMP" }, "geometry": { "type": "MultiLineString", "coordinates": [ [ [ 516817.431338404712733, 6068183.26313504576683, 0.0 ], [ 516815.091295525024179, 6068185.380499051883817, 0.0 ] ], [ [ 516815.091297773178667, 6068185.380499148741364, 0.0 ], [ 516808.017175793589558, 6068181.262108071707189, 0.0 ] ], [ [ 516808.017177969915792, 6068181.26210865098983, 0.0 ], [ 516790.955309276178014, 6068175.716849313117564, 0.0 ] ], [ [ 516790.955304349481594, 6068175.71684891730547, 0.0 ], [ 516791.995603399118409, 6068171.072439667768776, 0.0 ] ], [ [ 516791.995604986615945, 6068171.072439754381776, 0.0 ], [ 516809.265610292786732, 6068177.657635158859193, 0.0 ] ], [ [ 516809.26561129221227, 6068177.657635229639709, 0.0 ], [ 516812.964412388682831, 6068180.504627306945622, 0.0 ] ], [ [ 516812.964410927903373, 6068180.504627631977201, 0.0 ], [ 516817.284845373884309, 6068159.747939272783697, 0.0 ] ], [ [ 516817.284847408882342, 6068159.747938471846282, 0.0 ], [ 516819.702253824681975, 6068167.924728533253074, 0.0 ] ], [ [ 516819.702250994683709, 6068167.924728428013623, 0.0 ], [ 516817.431338233407587, 6068183.263134905137122, 0.0 ] ] ] } },
{ "type": "Feature", "properties": { "layer": "WBK_WEG_TEMP" }, "geometry": { "type": "LineString", "coordinates": [ [ 516817.431338404712733, 6068183.26313504576683 ], [ 516815.091297773178667, 6068185.380499148741364 ], [ 516808.017177969915792, 6068181.26210865098983 ], [ 516790.955304349481594, 6068175.71684891730547 ], [ 516791.995604986615945, 6068171.072439754381776 ], [ 516809.26561129221227, 6068177.657635229639709 ], [ 516812.964410927903373, 6068180.504627631977201 ], [ 516817.284847408882342, 6068159.747938471846282 ], [ 516819.702250994683709, 6068167.924728428013623 ], [ 516817.431338404712733, 6068183.26313504576683 ] ] } },
{ "type": "Feature", "properties": { "layer": "WBK_WEG_TEMP" }, "geometry": { "type": "MultiLineString", "coordinates": [ [ [ 516528.374464802676812, 6069468.550272770226002, 0.0 ], [ 516528.374263763718773, 6069436.541650304570794, 0.0 ] ], [ [ 516528.374263763718773, 6069436.541650008410215, 0.0 ], [ 516498.683591129200067, 6069439.606096947565675, 0.0 ] ], [ [ 516498.683594940928742, 6069439.606096786446869, 0.0 ], [ 516498.101005602220539, 6069436.425138786435127, 0.0 ] ], [ [ 516498.101003186602611, 6069436.425139258615673, 0.0 ], [ 516533.984726867405698, 6069431.868837958201766, 0.0 ] ], [ [ 516533.984727550297976, 6069431.868837639689445, 0.0 ], [ 516532.348587159300223, 6069467.849277543835342, 0.0 ] ], [ [ 516532.348585565574467, 6069467.849278029985726, 0.0 ], [ 516528.374465287080966, 6069468.550272952765226, 0.0 ] ] ] } },
{ "type": "Feature", "properties": { "layer": "WBK_WEG_TEMP" }, "geometry": { "type": "LineString", "coordinates": [ [ 516528.374464802676812, 6069468.550272770226002 ], [ 516528.374263763718773, 6069436.541650008410215 ], [ 516498.683594940928742, 6069439.606096786446869 ], [ 516498.683594940928742, 6069439.606096786446869 ], [ 516498.683594940928742, 6069439.606096786446869 ], [ 516498.101003186602611, 6069436.425139258615673 ], [ 516533.984727550297976, 6069431.868837639689445 ], [ 516532.348585565574467, 6069467.849278029985726 ], [ 516528.374464802676812, 6069468.550272770226002 ] ] } },
{ "type": "Feature", "properties": { "layer": "WBK_WEG_TEMP" }, "geometry": { "type": "Polygon", "coordinates": [ [ [ 516474.956414872780442, 6069901.340746596455574, 0.0 ], [ 516477.349005789321382, 6069866.040834276005626, 0.0 ], [ 516397.788863525609486, 6069877.919411025941372, 0.0 ], [ 516396.011435971071478, 6069874.158714707009494, 0.0 ], [ 516482.175283812510315, 6069862.040927370078862, 0.0 ], [ 516478.534829766082112, 6069901.41478315461427, 0.0 ], [ 516474.956414872780442, 6069901.340746596455574, 0.0 ] ] ] } },
{ "type": "Feature", "properties": { "layer": "WBK_WEG_TEMP" }, "geometry": { "type": "LineString", "coordinates": [ [ 516474.956414872780442, 6069901.340746596455574 ], [ 516474.956414872780442, 6069901.340746596455574 ], [ 516477.349010971083771, 6069866.040834782645106 ], [ 516397.788859649677761, 6069877.919410636648536 ], [ 516397.788859649677761, 6069877.919410636648536 ], [ 516396.011439658119343, 6069874.15871446672827 ], [ 516482.175282044976484, 6069862.040927984751761 ], [ 516478.534830824588425, 6069901.414783040992916 ], [ 516474.956414872780442, 6069901.340746596455574 ] ] } },
{ "type": "Feature", "properties": { "layer": "WBK_WEG_TEMP" }, "geometry": { "type": "Polygon", "coordinates": [ [ [ 516292.022201580926776, 6070318.209039609879255, 0.0 ], [ 516294.940414318291005, 6070318.898156614974141, 0.0 ], [ 516299.133748228719924, 6070217.463431709446013, 0.0 ], [ 516294.853352802281734, 6070216.338188134133816, 0.0 ], [ 516292.022201580926776, 6070318.209039609879255, 0.0 ] ] ] } },
{ "type": "Feature", "properties": { "layer": "WBK_WEG_TEMP" }, "geometry": { "type": "LineString", "coordinates": [ [ 516292.022201580926776, 6070318.209039609879255 ], [ 516294.940415022720117, 6070318.898156465031207 ], [ 516299.133747668995056, 6070217.463431521318853 ], [ 516299.133747668995056, 6070217.463431521318853 ], [ 516299.133747668995056, 6070217.463431521318853 ], [ 516294.853356244799215, 6070216.338187652640045 ], [ 516292.022201580926776, 6070318.209039609879255 ] ] } },
{ "type": "Feature", "properties": { "layer": "WBK_WEG_TEMP" }, "geometry": { "type": "Polygon", "coordinates": [ [ [ 515814.969827059714589, 6072409.489664697088301, 0.0 ], [ 515808.547238266910426, 6072404.555289968848228, 0.0 ], [ 515798.12411550222896, 6072464.77384517621249, 0.0 ], [ 515499.661309481423814, 6072434.703748284839094, 0.0 ], [ 515500.186805681791157, 6072437.247461073100567, 0.0 ], [ 515800.160336678323802, 6072469.047689597122371, 0.0 ], [ 515814.969827059714589, 6072409.489664697088301, 0.0 ] ] ] } },
{ "type": "Feature", "properties": { "layer": "WBK_WEG_TEMP" }, "geometry": { "type": "LineString", "coordinates": [ [ 515814.969827059714589, 6072409.489664697088301 ], [ 515808.547239261271898, 6072404.555289939977229 ], [ 515808.547239261271898, 6072404.555289939977229 ], [ 515808.547239261271898, 6072404.555289939977229 ], [ 515798.124113142024726, 6072464.773845203220844 ], [ 515499.661310430499725, 6072434.703747738152742 ], [ 515500.186806211073417, 6072437.247461467981339 ], [ 515800.160337659588549, 6072469.047689294442534 ], [ 515814.969827059714589, 6072409.489664697088301 ] ] } },
{ "type": "Feature", "properties": { "layer": "WBK_WEG_TEMP" }, "geometry": { "type": "MultiLineString", "coordinates": [ [ [ 515581.801707339123823, 6072839.803868267685175, 0.0 ], [ 515694.581719098903704, 6072819.175317719578743, 0.0 ] ], [ [ 515694.581719098903704, 6072819.175317719578743, 0.0 ], [ 515695.701530182384886, 6072822.19931541569531, 0.0 ] ], [ [ 515695.701530182384886, 6072822.19931541569531, 0.0 ], [ 515581.926725207071286, 6072842.490047526545823, 0.0 ] ], [ [ 515581.926725207071286, 6072842.490047526545823, 0.0 ], [ 515580.987242846924346, 6072840.018643544055521, 0.0 ] ] ] } },
{ "type": "Feature", "properties": { "layer": "WBK_WEG_TEMP" }, "geometry": { "type": "LineString", "coordinates": [ [ 515581.801707339123823, 6072839.803868267685175 ], [ 515694.581719098903704, 6072819.175317719578743 ], [ 515694.581719098903704, 6072819.175317719578743 ], [ 515695.701530182384886, 6072822.19931541569531 ], [ 515581.926725207071286, 6072842.490047526545823 ], [ 515580.987242019618861, 6072840.01864314917475 ] ] } },
{ "type": "Feature", "properties": { "layer": "WBK_WEG_TEMP" }, "geometry": { "type": "LineString", "coordinates": [ [ 515547.651209125993773, 6073036.659575897268951 ], [ 515583.077266889798921, 6073062.150932776741683 ], [ 515504.286075765208807, 6073201.53808581084013 ], [ 515498.553599128499627, 6073198.399645497091115 ], [ 515574.518615851004142, 6073064.631596378982067 ], [ 515543.949182751821354, 6073040.048364530317485 ], [ 515547.651209125993773, 6073036.659575897268951 ] ] } },
{ "type": "Feature", "properties": { "layer": "WBK_WEG_TEMP" }, "geometry": { "type": "Polygon", "coordinates": [ [ [ 515312.448057095287368, 6073490.466195655986667, 0.0 ], [ 515319.329922268516384, 6073493.249881031922996, 0.0 ], [ 515289.118663715373259, 6073590.247963774949312, 0.0 ], [ 515285.367299394623842, 6073588.366289428435266, 0.0 ], [ 515312.448057095287368, 6073490.466195655986667, 0.0 ] ] ] } },
{ "type": "Feature", "properties": { "layer": "WBK_WEG_TEMP" }, "geometry": { "type": "LineString", "coordinates": [ [ 515312.448057095287368, 6073490.466195655986667 ], [ 515319.329925050784368, 6073493.249881655909121 ], [ 515289.118663486675359, 6073590.247962488792837 ], [ 515285.367296281619929, 6073588.366289832629263 ], [ 515312.448057095287368, 6073490.466195655986667 ] ] } },
{ "type": "Feature", "properties": { "layer": "WBK_WEG_TEMP" }, "geometry": { "type": "Polygon", "coordinates": [ [ [ 513976.320624986605253, 6075787.181784249842167, 0.0 ], [ 513982.766089777171146, 6075790.990183701738715, 0.0 ], [ 513997.874347354809288, 6075840.726490198634565, 0.0 ], [ 514001.402795560075901, 6075840.953937121666968, 0.0 ], [ 513983.848952636821195, 6075787.926342102698982, 0.0 ], [ 513977.374957322201226, 6075784.214548115618527, 0.0 ], [ 513976.320624986605253, 6075787.181784249842167, 0.0 ] ] ] } },
{ "type": "Feature", "properties": { "layer": "WBK_WEG_TEMP" }, "geometry": { "type": "LineString", "coordinates": [ [ 513976.320624986605253, 6075787.181784249842167 ], [ 513982.766085053910501, 6075790.990183372981846 ], [ 513997.874350789294112, 6075840.726489551365376 ], [ 514001.402791830827482, 6075840.95393802318722 ], [ 513983.848954557499383, 6075787.926342217251658 ], [ 513977.374955762992613, 6075784.214547353796661 ], [ 513976.320624986605253, 6075787.181784249842167 ] ] } },
{ "type": "Feature", "properties": { "layer": "WBK_WEG_TEMP" }, "geometry": { "type": "Polygon", "coordinates": [ [ [ 513735.716430312371813, 6076243.292962579056621, 0.0 ], [ 513735.71619025390828, 6076243.292966604232788, 0.0 ], [ 513735.649926156678703, 6076239.342998545616865, 0.0 ], [ 513747.95533296832582, 6076232.391648246906698, 0.0 ], [ 513787.279325737326872, 6076228.559177909977734, 0.0 ], [ 513800.922320063284133, 6076203.248966777697206, 0.0 ], [ 513797.176937859796453, 6076201.912189361639321, 0.0 ], [ 513783.979837568302173, 6076226.24210790079087, 0.0 ], [ 513748.133478964213282, 6076229.450625309720635, 0.0 ], [ 513732.439678180613555, 6076236.847749274224043, 0.0 ], [ 513732.146936917619314, 6076243.352845995686948, 0.0 ], [ 513735.716430312371813, 6076243.292962579056621, 0.0 ] ] ] } },
{ "type": "Feature", "properties": { "layer": "WBK_WEG_TEMP" }, "geometry": { "type": "LineString", "coordinates": [ [ 513735.716430312371813, 6076243.292962579056621 ], [ 513735.716191299608909, 6076243.292967004701495 ], [ 513735.649927251215558, 6076239.342998274601996 ], [ 513747.955329706484918, 6076232.39164826925844 ], [ 513787.279326721385587, 6076228.559178520925343 ], [ 513800.922321158926934, 6076203.248966659419239 ], [ 513797.176936090516392, 6076201.912189052440226 ], [ 513783.979837906197645, 6076226.24210870731622 ], [ 513748.13347747240914, 6076229.450625142082572 ], [ 513732.439679737610277, 6076236.847749483771622 ], [ 513732.146936764474958, 6076243.352845050394535 ], [ 513732.146936764474958, 6076243.352845050394535 ], [ 513735.716430312371813, 6076243.292962579056621 ] ] } },
{ "type": "Feature", "properties": { "layer": "WBK_WEG_TEMP" }, "geometry": { "type": "Polygon", "coordinates": [ [ [ 512871.479231477889698, 6077823.049645360559225, 0.0 ], [ 512869.137028084893245, 6077819.371008336544037, 0.0 ], [ 512958.100137141998857, 6077665.454727487638593, 0.0 ], [ 512960.275208893872332, 6077666.689941014163196, 0.0 ], [ 512871.479231477889698, 6077823.049645360559225, 0.0 ] ] ] } },
{ "type": "Feature", "properties": { "layer": "WBK_WEG_TEMP" }, "geometry": { "type": "LineString", "coordinates": [ [ 512871.479231477889698, 6077823.049645360559225 ], [ 512869.137028085184284, 6077819.371008338406682 ], [ 512958.100137142289896, 6077665.45472748670727 ], [ 512960.275208894279785, 6077666.689941016025841 ], [ 512871.479231477889698, 6077823.049645360559225 ] ] } },
{ "type": "Feature", "properties": { "layer": "WBK_WEG_TEMP" }, "geometry": { "type": "MultiLineString", "coordinates": [ [ [ 527533.61559184466023, 6033108.924501125700772, 0.0 ], [ 527516.971576636657119, 6033067.628355300053954, 0.0 ] ], [ [ 527516.971578067517839, 6033067.628355901688337, 0.0 ], [ 527476.805969637352973, 6033081.030505605973303, 0.0 ] ], [ [ 527476.805967116728425, 6033081.030504697933793, 0.0 ], [ 527459.342854892951436, 6033121.491304727271199, 0.0 ] ], [ [ 527459.342857874347828, 6033121.49130493029952, 0.0 ], [ 527459.065488274558447, 6033113.832868504337966, 0.0 ] ], [ [ 527459.065488225547597, 6033113.832868621684611, 0.0 ], [ 527476.902438020915724, 6033076.048542538657784, 0.0 ] ], [ [ 527476.902435941854492, 6033076.048542590811849, 0.0 ], [ 527518.063699294812977, 6033063.218122634105384, 0.0 ] ], [ [ 527518.06370149529539, 6033063.218122630380094, 0.0 ], [ 527537.128715221770108, 6033107.991607799194753, 0.0 ] ], [ [ 527537.128713702899404, 6033107.991607712581754, 0.0 ], [ 527531.954536369070411, 6033104.80318742711097, 0.0 ] ] ] } },
{ "type": "Feature", "properties": { "layer": "WBK_WEG_TEMP" }, "geometry": { "type": "LineString", "coordinates": [ [ 527533.673485675011761, 6033109.068143422715366 ], [ 527516.971578067517839, 6033067.628355901688337 ], [ 527476.805967116728425, 6033081.030504697933793 ], [ 527459.342857874347828, 6033121.49130493029952 ], [ 527459.065488225547597, 6033113.832868621684611 ], [ 527476.902435941854492, 6033076.048542590811849 ], [ 527518.06370149529539, 6033063.218122630380094 ], [ 527518.06370149529539, 6033063.218122630380094 ], [ 527537.128713702899404, 6033107.991607712581754 ], [ 527533.61559184466023, 6033108.924501125700772 ] ] } },
{ "type": "Feature", "properties": { "layer": "WBK_WEG_TEMP" }, "geometry": { "type": "MultiLineString", "coordinates": [ [ [ 512613.113563391205389, 6078506.36680730432272, 0.0 ], [ 512577.808703436574433, 6078386.566235176287591, 0.0 ] ], [ [ 512577.808704535826109, 6078386.56623593531549, 0.0 ], [ 512539.612978467717767, 6078410.6370450835675, 0.0 ] ], [ [ 512539.612977425917052, 6078410.63704442884773, 0.0 ], [ 512543.881961097707972, 6078413.238997703418136, 0.0 ] ], [ [ 512543.881960610975511, 6078413.238998238928616, 0.0 ], [ 512573.805884618777782, 6078392.612753365188837, 0.0 ] ], [ [ 512573.805887707218062, 6078392.612752630375326, 0.0 ], [ 512608.651870470319409, 6078504.739702600985765, 0.0 ] ], [ [ 512608.651865025400184, 6078504.739703093655407, 0.0 ], [ 512609.955320914799813, 6078507.977965223602951, 0.0 ] ], [ [ 512609.955326744297054, 6078507.977964902296662, 0.0 ], [ 512613.191154498315882, 6078506.630088253878057, 0.0 ] ] ] } },
{ "type": "Feature", "properties": { "layer": "WBK_WEG_TEMP" }, "geometry": { "type": "LineString", "coordinates": [ [ 512613.191150999104138, 6078506.630088821053505 ], [ 512577.808704535826109, 6078386.56623593531549 ], [ 512539.612977425917052, 6078410.63704442884773 ], [ 512543.881960610975511, 6078413.238998238928616 ], [ 512573.805887707218062, 6078392.612752630375326 ], [ 512608.651865025400184, 6078504.739703093655407 ], [ 512606.539690191973932, 6078509.352815975435078 ], [ 512613.191150999104138, 6078506.630088821053505 ] ] } },
{ "type": "Feature", "properties": { "layer": "WBK_WEG_TEMP" }, "geometry": { "type": "MultiLineString", "coordinates": [ [ [ 512564.436517052701674, 6078526.653296236880124, 0.0 ], [ 512547.237691041314974, 6078469.707332549616694, 0.0 ] ], [ [ 512547.237695481395349, 6078469.707332991994917, 0.0 ], [ 512505.236954357824288, 6078446.492906974628568, 0.0 ] ], [ [ 512505.236950257502031, 6078446.492906585335732, 0.0 ], [ 512508.8044652515091, 6078450.242618534713984, 0.0 ] ], [ [ 512508.804467441979796, 6078450.24261986464262, 0.0 ], [ 512545.964334613177925, 6078475.220510995946825, 0.0 ] ], [ [ 512545.964337083802093, 6078475.2205098439008, 0.0 ], [ 512558.609956917527597, 6078528.645353839732707, 0.0 ] ], [ [ 512558.609953426173888, 6078528.645355154760182, 0.0 ], [ 512564.500817988475319, 6078526.866195612587035, 0.0 ] ] ] } },
{ "type": "Feature", "properties": { "layer": "WBK_WEG_TEMP" }, "geometry": { "type": "LineString", "coordinates": [ [ 512564.436517052701674, 6078526.653296236880124 ], [ 512547.237695481395349, 6078469.707332991994917 ], [ 512505.236950257502031, 6078446.492906585335732 ], [ 512508.804467441979796, 6078450.24261986464262 ], [ 512545.964337083802093, 6078475.2205098439008 ], [ 512558.609953426173888, 6078528.645355154760182 ], [ 512564.500819350301754, 6078526.866194762289524 ] ] } },
{ "type": "Feature", "properties": { "layer": "WBK_WEG_TEMP" }, "geometry": { "type": "Polygon", "coordinates": [ [ [ 513705.905159409914631, 6076516.717510274611413, 0.0 ], [ 513627.839920778525993, 6076492.267278005369008, 0.0 ], [ 513633.02040315157501, 6076495.209340392611921, 0.0 ], [ 513704.94295576919103, 6076519.430153278633952, 0.0 ], [ 513705.905159409914631, 6076516.717510274611413, 0.0 ] ] ] } },
{ "type": "Feature", "properties": { "layer": "WBK_WEG_TEMP" }, "geometry": { "type": "LineString", "coordinates": [ [ 513705.905159409914631, 6076516.717510274611413 ], [ 513627.8399248442729, 6076492.267278724350035 ], [ 513633.020399101311341, 6076495.209340251050889 ], [ 513704.942959262873046, 6076519.430152739398181 ], [ 513705.905159409914631, 6076516.717510274611413 ] ] } },
{ "type": "Feature", "properties": { "layer": "WBK_WEG_TEMP" }, "geometry": { "type": "Polygon", "coordinates": [ [ [ 512842.35508328670403, 6077106.693885256536305, 0.0 ], [ 512916.133010371471755, 6077152.770111762918532, 0.0 ], [ 512946.161797575012315, 6077213.542698174715042, 0.0 ], [ 513040.828972460119985, 6077354.431589314714074, 0.0 ], [ 513184.212878614780493, 6077269.550524714402854, 0.0 ], [ 513185.858872829528991, 6077270.485007276758552, 0.0 ], [ 513107.822484295582399, 6077320.349865766242146, 0.0 ], [ 513037.477608856221195, 6077363.839668882079422, 0.0 ], [ 512940.015114800014999, 6077218.714757466688752, 0.0 ], [ 512910.535962054796983, 6077155.130447999574244, 0.0 ], [ 512839.134016785479616, 6077109.522916652262211, 0.0 ], [ 512842.35508328670403, 6077106.693885256536305, 0.0 ] ] ] } },
{ "type": "Feature", "properties": { "layer": "WBK_WEG_TEMP" }, "geometry": { "type": "LineString", "coordinates": [ [ 512842.35508328670403, 6077106.693885256536305 ], [ 512916.13301529828459, 6077152.770111883990467 ], [ 512946.161795496125706, 6077213.542697736062109 ], [ 513040.828970096074045, 6077354.431588736362755 ], [ 513184.212879557511769, 6077269.550524769350886 ], [ 513185.858874233090319, 6077270.485007677227259 ], [ 513107.822486457589548, 6077320.349865699186921 ], [ 513037.477609704481438, 6077363.839668268337846 ], [ 512940.015114642679691, 6077218.714757331646979 ], [ 512910.535959185799584, 6077155.130448202602565 ], [ 512839.134013766422868, 6077109.522917529568076 ], [ 512842.35508328670403, 6077106.693885256536305 ] ] } },
{ "type": "Feature", "properties": { "layer": "WBK_WEG_TEMP" }, "geometry": { "type": "Polygon", "coordinates": [ [ [ 515694.825069313519634, 6072822.376489241607487, 0.0 ], [ 515686.311749200802296, 6072867.8041364941746, 0.0 ], [ 515684.015495062922128, 6072867.289782393723726, 0.0 ], [ 515692.01955953851575, 6072822.943614415824413, 0.0 ], [ 515694.825069313519634, 6072822.376489241607487, 0.0 ] ] ] } },
{ "type": "Feature", "properties": { "layer": "WBK_WEG_TEMP" }, "geometry": { "type": "LineString", "coordinates": [ [ 515694.825069313519634, 6072822.376489241607487 ], [ 515686.311747361673042, 6072867.804137366823852 ], [ 515684.015497177198995, 6072867.289781941100955 ], [ 515692.019556320097763, 6072822.943614095449448 ], [ 515694.825069313519634, 6072822.376489241607487 ] ] } },
{ "type": "Feature", "properties": { "layer": "WBK_WEG_TEMP" }, "geometry": { "type": "Polygon", "coordinates": [ [ [ 515671.083702528325375, 6072823.473331037908792, 0.0 ], [ 515696.605222873971798, 6072772.993374100886285, 0.0 ], [ 515721.728952108882368, 6072776.851852766238153, 0.0 ], [ 515721.145359651418403, 6072779.354291819036007, 0.0 ], [ 515697.898300490807742, 6072775.911005928181112, 0.0 ], [ 515674.679915506218094, 6072822.815549358725548, 0.0 ], [ 515671.083702528325375, 6072823.473331037908792, 0.0 ] ] ] } },
{ "type": "Feature", "properties": { "layer": "WBK_WEG_TEMP" }, "geometry": { "type": "LineString", "coordinates": [ [ 515671.083702528325375, 6072823.473331037908792 ], [ 515696.605222330021206, 6072772.993373667821288 ], [ 515721.728953165875282, 6072776.851852685213089 ], [ 515721.145357137604151, 6072779.354292225092649 ], [ 515697.898304551490583, 6072775.911005998961627 ], [ 515674.679912818886805, 6072822.815549292601645 ], [ 515671.083702528325375, 6072823.473331037908792 ] ] } },
{ "type": "Feature", "properties": { "layer": "WBK_WEG_TEMP" }, "geometry": { "type": "Polygon", "coordinates": [ [ [ 516526.602274066477548, 6069463.844771051779389, 0.0 ], [ 516513.001296810223721, 6069463.171317993663251, 0.0 ], [ 516473.193742120696697, 6069472.886036792770028, 0.0 ], [ 516474.25408895482542, 6069469.421916765160859, 0.0 ], [ 516512.495867258287035, 6069461.436377641744912, 0.0 ], [ 516528.374418666295242, 6069461.43627842143178, 0.0 ], [ 516528.374432995973621, 6069463.486150995828211, 0.0 ], [ 516526.602274066477548, 6069463.844771051779389, 0.0 ] ] ] } },
{ "type": "Feature", "properties": { "layer": "WBK_WEG_TEMP" }, "geometry": { "type": "LineString", "coordinates": [ [ 516526.602274066477548, 6069463.844771051779389 ], [ 516513.001299335621297, 6069463.17131747957319 ], [ 516473.193741341703571, 6069472.886036739684641 ], [ 516474.254087568202522, 6069469.421916888095438 ], [ 516512.495864511176478, 6069461.436378150247037 ], [ 516528.374420121486764, 6069461.43627842143178 ], [ 516528.374432995216921, 6069463.486150567419827 ], [ 516526.602274066477548, 6069463.844771051779389 ] ] } },
{ "type": "Feature", "properties": { "layer": "WBK_WEG_TEMP" }, "geometry": { "type": "MultiLineString", "coordinates": [ [ [ 517115.770480299077462, 6067491.499239102005959, 0.0 ], [ 517130.143515694595408, 6067450.178330121561885, 0.0 ] ], [ [ 517130.143515012110583, 6067450.178330408409238, 0.0 ], [ 517070.405673763714731, 6067427.81699198577553, 0.0 ] ], [ [ 517070.405674737528898, 6067427.816991837695241, 0.0 ], [ 517045.948994445498101, 6067412.968849659897387, 0.0 ] ], [ [ 517045.948993735888507, 6067412.968848560005426, 0.0 ], [ 517044.114549288002308, 6067415.990399731323123, 0.0 ] ], [ [ 517044.114546466909815, 6067415.990399871021509, 0.0 ], [ 517070.902011332917027, 6067432.525129975751042, 0.0 ] ], [ [ 517070.902011910977308, 6067432.525131364353001, 0.0 ], [ 517125.780471591278911, 6067452.577258995734155, 0.0 ] ], [ [ 517125.780474968021736, 6067452.577258337289095, 0.0 ], [ 517111.886291187023744, 6067490.059416715987027, 0.0 ] ], [ [ 517111.886287783272564, 6067490.05941713321954, 0.0 ], [ 517115.798015903914347, 6067491.42006984166801, 0.0 ] ] ] } },
{ "type": "Feature", "properties": { "layer": "WBK_WEG_TEMP" }, "geometry": { "type": "LineString", "coordinates": [ [ 517115.770480299077462, 6067491.499239102005959 ], [ 517130.143515012110583, 6067450.178330408409238 ], [ 517070.405674737528898, 6067427.816991837695241 ], [ 517045.948993735888507, 6067412.968848560005426 ], [ 517044.114546466909815, 6067415.990399871021509 ], [ 517070.902011910977308, 6067432.525131364353001 ], [ 517125.780474968021736, 6067452.577258337289095 ], [ 517111.886287783272564, 6067490.05941713321954 ], [ 517115.798014563275501, 6067491.420068674720824 ] ] } },
{ "type": "Feature", "properties": { "layer": "WBK_WEG_TEMP" }, "geometry": { "type": "Polygon", "coordinates": [ [ [ 516812.084789831773378, 6067544.361622536554933, 0.0 ], [ 516916.890929379384033, 6067553.613129811361432, 0.0 ], [ 516914.995345209783409, 6067560.185900351963937, 0.0 ], [ 516811.583896957978141, 6067550.516087979078293, 0.0 ], [ 516812.084789831773378, 6067544.361622536554933, 0.0 ] ] ] } },
{ "type": "Feature", "properties": { "layer": "WBK_WEG_TEMP" }, "geometry": { "type": "LineString", "coordinates": [ [ 516812.084789831773378, 6067544.361622536554933 ], [ 516916.891076158673968, 6067553.612596238031983 ], [ 516914.995346246520057, 6067560.185900462791324 ], [ 516811.583896346914116, 6067550.516087922267616 ], [ 516812.084789831773378, 6067544.361622536554933 ] ] } },
{ "type": "Feature", "properties": { "layer": "WBK_WEG_TEMP" }, "geometry": { "type": "Polygon", "coordinates": [ [ [ 516949.379397820797749, 6067451.232018466107547, 0.0 ], [ 516953.560548775771167, 6067479.216648652218282, 0.0 ], [ 516956.687531800125726, 6067481.225242297165096, 0.0 ], [ 516956.036348551977426, 6067453.585453058592975, 0.0 ], [ 516949.379397820797749, 6067451.232018466107547, 0.0 ] ] ] } },
{ "type": "Feature", "properties": { "layer": "WBK_WEG_TEMP" }, "geometry": { "type": "LineString", "coordinates": [ [ 516949.379397820797749, 6067451.232018466107547 ], [ 516953.560550317110028, 6067479.216647760942578 ], [ 516956.687531068804674, 6067481.225242350250483 ], [ 516956.036347009823658, 6067453.585452764295042 ], [ 516949.379397820797749, 6067451.232018466107547 ] ] } },
{ "type": "Feature", "properties": { "layer": "WBK_WEG_TEMP" }, "geometry": { "type": "Polygon", "coordinates": [ [ [ 517220.985086960718036, 6067533.611273963004351, 0.0 ], [ 517247.195020462619141, 6067450.015669550746679, 0.0 ], [ 517208.605482129205484, 6067438.309925213456154, 0.0 ], [ 517209.889294311986305, 6067434.077672569081187, 0.0 ], [ 517207.069836995797232, 6067430.64219843223691, 0.0 ], [ 517269.113949765393045, 6067211.966340770944953, 0.0 ], [ 517284.263315344520379, 6067209.595645984634757, 0.0 ], [ 517280.676302354724612, 6067205.259245000779629, 0.0 ], [ 517263.166465789428912, 6067207.225914620794356, 0.0 ], [ 517197.55322711187182, 6067438.514991817064583, 0.0 ], [ 517237.68968576239422, 6067449.901102961972356, 0.0 ], [ 517238.693246871000156, 6067457.094964234158397, 0.0 ], [ 517215.387059955799486, 6067531.552302962169051, 0.0 ], [ 517220.985086960718036, 6067533.611273963004351, 0.0 ] ] ] } },
{ "type": "Feature", "properties": { "layer": "WBK_WEG_TEMP" }, "geometry": { "type": "LineString", "coordinates": [ [ 517220.985086960718036, 6067533.611273963004351 ], [ 517247.195020637998823, 6067450.015669066458941 ], [ 517208.605483457387891, 6067438.309925473295152 ], [ 517209.889293791609816, 6067434.077672477811575 ], [ 517207.069837857503444, 6067430.642198212444782 ], [ 517269.113948146405164, 6067211.966341409832239 ], [ 517284.263312745082658, 6067209.595644992776215 ], [ 517280.676306855515577, 6067205.259245568886399 ], [ 517263.166462665714789, 6067207.225914171896875 ], [ 517197.553225269773975, 6067438.514992284588516 ], [ 517237.689686958503444, 6067449.901102286763489 ], [ 517238.693251500779297, 6067457.094965321943164 ], [ 517215.387056077481247, 6067531.552302969619632 ], [ 517220.985086960718036, 6067533.611273963004351 ], [ 517220.985086960718036, 6067533.611273963004351 ] ] } },
{ "type": "Feature", "properties": { "layer": "WBK_WEG_TEMP" }, "geometry": { "type": "MultiLineString", "coordinates": [ [ [ 518686.180044015811291, 6066055.877950165420771, 0.0 ], [ 518685.055271703924518, 6066062.858241356909275, 0.0 ] ], [ [ 518685.055272917903494, 6066062.858242815360427, 0.0 ], [ 518654.445697359682526, 6066073.425577997229993, 0.0 ] ], [ [ 518654.445692187815439, 6066073.425577596761286, 0.0 ], [ 518657.884209571813699, 6066077.565213227644563, 0.0 ] ], [ [ 518657.884211710828822, 6066077.565212895162404, 0.0 ], [ 518689.954195954371244, 6066064.790182362310588, 0.0 ] ], [ [ 518689.954193057492375, 6066064.790182918310165, 0.0 ], [ 518689.384870897920337, 6066056.195499652065337, 0.0 ] ], [ [ 518689.384874451498035, 6066056.19549831468612, 0.0 ], [ 518686.211275898385793, 6066055.684119106270373, 0.0 ] ] ] } },
{ "type": "Feature", "properties": { "layer": "WBK_WEG_TEMP" }, "geometry": { "type": "LineString", "coordinates": [ [ 518686.180044015811291, 6066055.877950165420771 ], [ 518685.055272917903494, 6066062.858242815360427 ], [ 518654.445692187815439, 6066073.425577596761286 ], [ 518657.884211710828822, 6066077.565212895162404 ], [ 518689.954193057492375, 6066064.790182918310165 ], [ 518689.384874451498035, 6066056.19549831468612 ], [ 518686.211277240072377, 6066055.684120045043528 ] ] } },
{ "type": "Feature", "properties": { "layer": "WBK_WEG_TEMP" }, "geometry": { "type": "Polygon", "coordinates": [ [ [ 517660.048909694771282, 6066806.631958743557334, 0.0 ], [ 517645.857096307503525, 6066909.758640139363706, 0.0 ], [ 517641.003489191876724, 6066903.905421511270106, 0.0 ], [ 517653.936488401785027, 6066814.752099650911987, 0.0 ], [ 517660.048909694771282, 6066806.631958743557334, 0.0 ] ] ] } },
{ "type": "Feature", "properties": { "layer": "WBK_WEG_TEMP" }, "geometry": { "type": "LineString", "coordinates": [ [ 517660.048909694771282, 6066806.631958743557334 ], [ 517645.857093510974664, 6066909.758639894425869 ], [ 517641.003491352428682, 6066903.905422379262745 ], [ 517653.936486537626479, 6066814.752099736593664 ], [ 517660.048909694771282, 6066806.631958743557334 ] ] } },
{ "type": "Feature", "properties": { "layer": "WBK_WEG_TEMP" }, "geometry": { "type": "Polygon", "coordinates": [ [ [ 516787.1167801716947, 6067859.761188143864274, 0.0 ], [ 516862.423454065981787, 6067885.54119910299778, 0.0 ], [ 516861.831285672495142, 6067888.080816647969186, 0.0 ], [ 516779.947255234525073, 6067860.260580440051854, 0.0 ], [ 516787.1167801716947, 6067859.761188143864274, 0.0 ] ] ] } },
{ "type": "Feature", "properties": { "layer": "WBK_WEG_TEMP" }, "geometry": { "type": "LineString", "coordinates": [ [ 516787.1167801716947, 6067859.761188143864274 ], [ 516862.423451119917445, 6067885.541198457591236 ], [ 516861.831287764478475, 6067888.080816866829991 ], [ 516779.947255837381817, 6067860.260581028647721 ], [ 516787.1167801716947, 6067859.761188143864274 ] ] } },
{ "type": "Feature", "properties": { "layer": "WBK_WEG_TEMP" }, "geometry": { "type": "MultiLineString", "coordinates": [ [ [ 516754.782441658724565, 6068485.917932581156492, 0.0 ], [ 516679.086373286088929, 6068671.746347070671618, 0.0 ] ], [ [ 516679.086373211990576, 6068671.746346455067396, 0.0 ], [ 516675.348305283579975, 6068670.874706557020545, 0.0 ] ], [ [ 516675.348306195286568, 6068670.874707285314798, 0.0 ], [ 516749.688263098709285, 6068484.749884802848101, 0.0 ] ], [ [ 516749.688260416209232, 6068484.749884809367359, 0.0 ], [ 516752.797679842216894, 6068485.462845711968839, 0.0 ] ] ] } },
{ "type": "Feature", "properties": { "layer": "WBK_WEG_TEMP" }, "geometry": { "type": "LineString", "coordinates": [ [ 516754.782441658724565, 6068485.917932581156492 ], [ 516679.086373211990576, 6068671.746346455067396 ], [ 516675.348306195286568, 6068670.874707285314798 ], [ 516749.688260416209232, 6068484.749884809367359 ], [ 516722.791845584812108, 6068484.303739764727652 ] ] } },
{ "type": "Feature", "properties": { "layer": "WBK_WEG_TEMP" }, "geometry": { "type": "Polygon", "coordinates": [ [ [ 516127.492654787376523, 6070789.375133148394525, 0.0 ], [ 516135.139171759597957, 6070795.260708684101701, 0.0 ], [ 516193.543811593204737, 6070753.715963498689234, 0.0 ], [ 516198.23538348719012, 6070754.809947065077722, 0.0 ], [ 516135.402610967226792, 6070799.73048198595643, 0.0 ], [ 516123.836299535993021, 6070796.12843478936702, 0.0 ], [ 516117.93495962920133, 6070791.586132884025574, 0.0 ], [ 516127.492654787376523, 6070789.375133148394525, 0.0 ] ] ] } },
{ "type": "Feature", "properties": { "layer": "WBK_WEG_TEMP" }, "geometry": { "type": "LineString", "coordinates": [ [ 516127.492654787376523, 6070789.375133148394525 ], [ 516135.139174618991092, 6070795.26070817001164 ], [ 516193.543809627124574, 6070753.715964331291616 ], [ 516198.235381608188618, 6070754.809946871362627 ], [ 516135.402610833116341, 6070799.73048098757863 ], [ 516123.836301905219443, 6070796.12843572255224 ], [ 516117.934961176011711, 6070791.586132959462702 ], [ 516127.492654787376523, 6070789.375133148394525 ] ] } },
{ "type": "Feature", "properties": { "layer": "WBK_WEG_TEMP" }, "geometry": { "type": "Polygon", "coordinates": [ [ [ 514409.641734195523895, 6075273.929684630595148, 0.0 ], [ 514242.749477555276826, 6075421.104148055426776, 0.0 ], [ 514237.794024120899849, 6075418.289816836826503, 0.0 ], [ 514401.939687431324273, 6075270.848704192787409, 0.0 ], [ 514409.641734195523895, 6075273.929684630595148, 0.0 ] ] ] } },
{ "type": "Feature", "properties": { "layer": "WBK_WEG_TEMP" }, "geometry": { "type": "LineString", "coordinates": [ [ 514409.641734195523895, 6075273.929684630595148 ], [ 514242.749476273485925, 6075421.104147694073617 ], [ 514237.794025084527675, 6075418.289817039854825 ], [ 514401.939684430486523, 6075270.848703787662089 ], [ 514409.641734195523895, 6075273.929684630595148 ] ] } },
{ "type": "Feature", "properties": { "layer": "WBK_WEG_TEMP" }, "geometry": { "type": "Polygon", "coordinates": [ [ [ 513337.042349625902716, 6076893.189945295453072, 0.0 ], [ 513384.749258886324242, 6076920.284869636408985, 0.0 ], [ 513382.468101790873334, 6076924.305302877910435, 0.0 ], [ 513343.824813437706325, 6076901.275845786556602, 0.0 ], [ 513337.042349625902716, 6076893.189945295453072, 0.0 ] ] ] } },
{ "type": "Feature", "properties": { "layer": "WBK_WEG_TEMP" }, "geometry": { "type": "LineString", "coordinates": [ [ 513337.042349625902716, 6076893.189945295453072 ], [ 513384.749258355877828, 6076920.284869514405727 ], [ 513382.46810068632476, 6076924.30530299525708 ], [ 513343.824812375416514, 6076901.275846813805401 ], [ 513337.042349625902716, 6076893.189945295453072 ] ] } },
{ "type": "Feature", "properties": { "layer": "WBK_WEG_TEMP" }, "geometry": { "type": "Polygon", "coordinates": [ [ [ 520091.173643267771695, 6064625.913230542093515, 0.0 ], [ 520092.625227102718782, 6064650.961157553829253, 0.0 ], [ 520088.85662823531311, 6064716.843684867024422, 0.0 ], [ 520225.083747812372167, 6064719.904361538589001, 0.0 ], [ 520223.415433401300106, 6064719.398295352235436, 0.0 ], [ 520223.476799420022871, 6064725.828484282828867, 0.0 ], [ 520082.2683830705937, 6064724.327985324896872, 0.0 ], [ 520085.180622810788918, 6064625.062055259011686, 0.0 ], [ 520091.173643267771695, 6064625.913230542093515, 0.0 ] ] ] } },
{ "type": "Feature", "properties": { "layer": "WBK_WEG_TEMP" }, "geometry": { "type": "LineString", "coordinates": [ [ 520091.173643267771695, 6064625.913230542093515 ], [ 520092.625227102718782, 6064650.961157553829253 ], [ 520088.85662823531311, 6064716.843684867024422 ], [ 520223.903115040098783, 6064719.407554031349719 ], [ 520223.476799419790041, 6064725.828484282828867 ], [ 520223.476799420022871, 6064725.828484282828867 ], [ 520082.2683830705937, 6064724.327985324896872 ], [ 520085.180622810788918, 6064625.062055259011686 ], [ 520091.173643267771695, 6064625.913230542093515 ] ] } },
{ "type": "Feature", "properties": { "layer": "WBK_WEG_TEMP" }, "geometry": { "type": "Polygon", "coordinates": [ [ [ 520123.521720804623328, 6064794.954687260091305, 0.0 ], [ 520148.778724217205308, 6064831.703357987105846, 0.0 ], [ 520153.411305992107373, 6064833.153825133107603, 0.0 ], [ 520129.197107920888811, 6064794.9381272373721, 0.0 ], [ 520123.521720804623328, 6064794.954687260091305, 0.0 ] ] ] } },
{ "type": "Feature", "properties": { "layer": "WBK_WEG_TEMP" }, "geometry": { "type": "LineString", "coordinates": [ [ 520123.521720804623328, 6064794.954687260091305 ], [ 520148.778725312498864, 6064831.703358208760619 ], [ 520153.411304623587057, 6064833.153825176879764 ], [ 520129.197107809886802, 6064794.938127206638455 ], [ 520123.521720804623328, 6064794.954687260091305 ] ] } },
{ "type": "Feature", "properties": { "layer": "WBK_WEG_TEMP" }, "geometry": { "type": "Polygon", "coordinates": [ [ [ 512394.756681749073323, 6079149.204780414700508, 0.0 ], [ 512387.365772424207535, 6079182.200266882777214, 0.0 ], [ 512391.832718515128363, 6079183.200852525420487, 0.0 ], [ 512397.385526848724112, 6079154.765948375687003, 0.0 ], [ 512394.756681749073323, 6079149.204780414700508, 0.0 ] ] ] } },
{ "type": "Feature", "properties": { "layer": "WBK_WEG_TEMP" }, "geometry": { "type": "LineString", "coordinates": [ [ 512394.453894921694882, 6079150.367463117465377 ], [ 512387.392052449111361, 6079183.091798959299922 ], [ 512391.63128684432013, 6079184.072014167904854 ], [ 512399.043338375980966, 6079151.56265941541642 ], [ 512394.453894921694882, 6079150.367463117465377 ] ] } },
{ "type": "Feature", "properties": { "layer": "WBK_WEG_TEMP" }, "geometry": { "type": "MultiLineString", "coordinates": [ [ [ 525648.226349219563417, 6060527.709935337305069, 0.0 ], [ 525678.880765941808932, 6060520.463350491598248, 0.0 ] ], [ [ 525678.88076674786862, 6060520.463350703008473, 0.0 ], [ 525681.958071809378453, 6060524.515748129226267, 0.0 ] ], [ [ 525681.95807645143941, 6060524.515748322941363, 0.0 ], [ 525657.637799998861738, 6060530.473855476826429, 0.0 ] ], [ [ 525657.637797242496163, 6060530.473856033757329, 0.0 ], [ 525648.226351911551319, 6060527.709936300292611, 0.0 ] ] ] } },
{ "type": "Feature", "properties": { "layer": "WBK_WEG_TEMP" }, "geometry": { "type": "LineString", "coordinates": [ [ 525648.226349219563417, 6060527.709935337305069 ], [ 525678.88076674786862, 6060520.463350703008473 ], [ 525681.95807645143941, 6060524.515748322941363 ], [ 525657.637797242496163, 6060530.473856033757329 ], [ 525648.226349219563417, 6060527.709935337305069 ] ] } },
{ "type": "Feature", "properties": { "layer": "WBK_WEG_TEMP" }, "geometry": { "type": "Polygon", "coordinates": [ [ [ 525096.57258313219063, 6060847.987950349226594, 0.0 ], [ 525122.765163307427429, 6060918.272479332052171, 0.0 ], [ 525115.618919520056807, 6060924.229246178641915, 0.0 ], [ 525092.724671905045398, 6060858.445491105318069, 0.0 ], [ 525096.57258313219063, 6060847.987950349226594, 0.0 ] ] ] } },
{ "type": "Feature", "properties": { "layer": "WBK_WEG_TEMP" }, "geometry": { "type": "LineString", "coordinates": [ [ 525096.57258313219063, 6060847.987950349226594 ], [ 525122.765166601864621, 6060918.272478275932372 ], [ 525115.618918675463647, 6060924.229246755130589 ], [ 525092.724673867458478, 6060858.445491262711585 ], [ 525096.57258313219063, 6060847.987950349226594 ] ] } },
{ "type": "Feature", "properties": { "layer": "WBK_WEG_TEMP" }, "geometry": { "type": "Polygon", "coordinates": [ [ [ 526381.964591653901152, 6060040.010685209184885, 0.0 ], [ 526396.081104042008519, 6059967.762151858769357, 0.0 ], [ 526393.846472357050516, 6059966.304890719242394, 0.0 ], [ 526378.77879112935625, 6060037.630270224064589, 0.0 ], [ 526381.964591653901152, 6060040.010685209184885, 0.0 ] ] ] } },
{ "type": "Feature", "properties": { "layer": "WBK_WEG_TEMP" }, "geometry": { "type": "LineString", "coordinates": [ [ 526381.964591653901152, 6060040.010685209184885 ], [ 526396.081104002776556, 6059967.762151942588389 ], [ 526393.846472357050516, 6059966.304890719242394 ], [ 526378.593119328608736, 6060038.38002775143832 ], [ 526381.964591653901152, 6060040.010685209184885 ] ] } },
{ "type": "Feature", "properties": { "layer": "WBK_WEG_TEMP" }, "geometry": { "type": "Polygon", "coordinates": [ [ [ 527223.856775931548327, 6057474.168621564283967, 0.0 ], [ 527118.830975028220564, 6057495.617795508354902, 0.0 ], [ 527119.588001408963464, 6057488.451954224146903, 0.0 ], [ 527229.950048145256005, 6057468.012278760783374, 0.0 ], [ 527230.733104457845911, 6057473.112963432446122, 0.0 ], [ 527223.856775931548327, 6057474.168621564283967, 0.0 ] ] ] } },
{ "type": "Feature", "properties": { "layer": "WBK_WEG_TEMP" }, "geometry": { "type": "LineString", "coordinates": [ [ 527223.856775931548327, 6057474.168621564283967 ], [ 527118.8309750611661, 6057495.617794496938586 ], [ 527119.588003788841888, 6057488.451954146847129 ], [ 527229.950045004254207, 6057468.012278988026083 ], [ 527230.733105715946294, 6057473.112964389845729 ], [ 527223.856775931548327, 6057474.168621564283967 ] ] } },
{ "type": "Feature", "properties": { "layer": "WBK_WEG_TEMP" }, "geometry": { "type": "Polygon", "coordinates": [ [ [ 527635.615603781770915, 6035744.019320698454976, 0.0 ], [ 527588.55593109538313, 6035741.077294344082475, 0.0 ], [ 527576.131675349199213, 6035750.263462689705193, 0.0 ], [ 527530.347304066061042, 6035746.899766401387751, 0.0 ], [ 527530.347321596811526, 6035749.830094018951058, 0.0 ], [ 527575.685202963184565, 6035753.498433718457818, 0.0 ], [ 527590.022397400229238, 6035743.693754497915506, 0.0 ], [ 527635.34201271017082, 6035746.456000039353967, 0.0 ], [ 527635.615603781770915, 6035744.019320698454976, 0.0 ] ] ] } },
{ "type": "Feature", "properties": { "layer": "WBK_WEG_TEMP" }, "geometry": { "type": "LineString", "coordinates": [ [ 527635.615603781770915, 6035744.019320698454976 ], [ 527588.555927370209247, 6035741.077295408584177 ], [ 527576.131677374243736, 6035750.263462043367326 ], [ 527530.34730319166556, 6035746.899766420945525 ], [ 527530.347321595647372, 6035749.830094466917217 ], [ 527575.685206724912859, 6035753.498433507047594 ], [ 527590.022394556202926, 6035743.693754450418055 ], [ 527635.342010401305743, 6035746.456000301986933 ], [ 527635.615603781770915, 6035744.019320698454976 ] ] } },
{ "type": "Feature", "properties": { "layer": "WBK_WEG_TEMP" }, "geometry": { "type": "MultiLineString", "coordinates": [ [ [ 527500.355593839311041, 6035764.241778126917779, 0.0 ], [ 527497.970661333296448, 6035764.38933624420315, 0.0 ] ], [ [ 527497.970663004671223, 6035764.389335650019348, 0.0 ], [ 527498.623925439314917, 6035778.237386210821569, 0.0 ] ], [ [ 527498.623924426268786, 6035778.237387146800756, 0.0 ], [ 527540.953344051842578, 6035776.342170240357518, 0.0 ] ], [ [ 527540.953340603853576, 6035776.342168806120753, 0.0 ], [ 527577.703149959328584, 6035780.568710538558662, 0.0 ] ], [ [ 527577.703151527442969, 6035780.568712032400072, 0.0 ], [ 527577.516444316017441, 6035777.894319997169077, 0.0 ] ], [ [ 527577.516445180750452, 6035777.89431990403682, 0.0 ], [ 527541.23283609515056, 6035773.896556953899562, 0.0 ] ], [ [ 527541.23283738666214, 6035773.896556518040597, 0.0 ], [ 527500.765268416143954, 6035775.384401495568454, 0.0 ] ], [ [ 527500.765264754765667, 6035775.384401489049196, 0.0 ], [ 527500.356877624057233, 6035764.276769558899105, 0.0 ] ] ] } },
{ "type": "Feature", "properties": { "layer": "WBK_WEG_TEMP" }, "geometry": { "type": "LineString", "coordinates": [ [ 527500.355593839311041, 6035764.241778126917779 ], [ 527497.970663004671223, 6035764.389335650019348 ], [ 527498.623924426268786, 6035778.237387146800756 ], [ 527540.953340603853576, 6035776.342168806120753 ], [ 527577.703151527442969, 6035780.568712032400072 ], [ 527577.516445180750452, 6035777.89431990403682 ], [ 527541.23283738666214, 6035773.896556518040597 ], [ 527500.765264754765667, 6035775.384401489049196 ], [ 527500.356881830608472, 6035764.276769688352942 ] ] } },
{ "type": "Feature", "properties": { "layer": "WBK_WEG_TEMP" }, "geometry": { "type": "Polygon", "coordinates": [ [ [ 527639.870919203269295, 6037610.63765090983361, 0.0 ], [ 527677.506334742065519, 6037660.816494232043624, 0.0 ], [ 527674.649781660875306, 6037661.32818432431668, 0.0 ], [ 527636.598220531945117, 6037610.771913084201515, 0.0 ], [ 527639.870919203269295, 6037610.63765090983361, 0.0 ] ] ] } },
{ "type": "Feature", "properties": { "layer": "WBK_WEG_TEMP" }, "geometry": { "type": "LineString", "coordinates": [ [ 527639.870919203269295, 6037610.63765090983361 ], [ 527677.506335943820886, 6037660.816495209001005 ], [ 527674.649780145264231, 6037661.328184618614614 ], [ 527636.598223838140257, 6037610.771912381052971 ], [ 527639.870919203269295, 6037610.63765090983361 ] ] } },
{ "type": "Feature", "properties": { "layer": "WBK_WEG_TEMP" }, "geometry": { "type": "Polygon", "coordinates": [ [ [ 527765.001177519210614, 6040323.471956303343177, 0.0 ], [ 527770.77275636640843, 6040252.037893096916378, 0.0 ], [ 527773.893271454842761, 6040258.314441991969943, 0.0 ], [ 527770.088219016673975, 6040324.807198878377676, 0.0 ], [ 527765.001177519210614, 6040323.471956303343177, 0.0 ] ] ] } },
{ "type": "Feature", "properties": { "layer": "WBK_WEG_TEMP" }, "geometry": { "type": "LineString", "coordinates": [ [ 527765.001177519210614, 6040323.471956303343177 ], [ 527770.772757623228244, 6040252.037893792614341 ], [ 527773.893273104447871, 6040258.314441830851138 ], [ 527770.088217228301801, 6040324.807198718190193 ], [ 527765.001177519210614, 6040323.471956303343177 ] ] } },
{ "type": "Feature", "properties": { "layer": "WBK_WEG_TEMP" }, "geometry": { "type": "Polygon", "coordinates": [ [ [ 527911.06511478475295, 6043345.480721897445619, 0.0 ], [ 527838.10176443355158, 6043334.448802292346954, 0.0 ], [ 527713.703721707337536, 6043361.015342095866799, 0.0 ], [ 527717.693025568500161, 6043364.00828930363059, 0.0 ], [ 527838.49871871015057, 6043336.734450632706285, 0.0 ], [ 527907.91115522373002, 6043347.680225014686584, 0.0 ], [ 527911.06511478475295, 6043345.480721897445619, 0.0 ] ] ] } },
{ "type": "Feature", "properties": { "layer": "WBK_WEG_TEMP" }, "geometry": { "type": "LineString", "coordinates": [ [ 527911.06511478475295, 6043345.480721897445619 ], [ 527838.101763345650397, 6043334.448801791295409 ], [ 527713.703725506318733, 6043361.015343208797276 ], [ 527717.693022003513761, 6043364.008288718760014 ], [ 527838.498722050455399, 6043336.734450750052929 ], [ 527907.911152308690362, 6043347.680224155075848 ], [ 527911.06511478475295, 6043345.480721897445619 ] ] } },
{ "type": "Feature", "properties": { "layer": "WBK_WEG_TEMP" }, "geometry": { "type": "Polygon", "coordinates": [ [ [ 527596.957584747578949, 6043659.163908907212317, 0.0 ], [ 527673.48167239013128, 6043781.910689271986485, 0.0 ], [ 527666.929666849086061, 6043781.241460845805705, 0.0 ], [ 527593.70890689175576, 6043661.504309926182032, 0.0 ], [ 527596.957584747578949, 6043659.163908907212317, 0.0 ] ] ] } },
{ "type": "Feature", "properties": { "layer": "WBK_WEG_TEMP" }, "geometry": { "type": "LineString", "coordinates": [ [ 527596.957584747578949, 6043659.163908907212317 ], [ 527673.481674685608596, 6043781.910689944401383 ], [ 527666.929666484240443, 6043781.241460392251611 ], [ 527593.708902079146355, 6043661.504310687072575 ], [ 527596.957584747578949, 6043659.163908907212317 ] ] } },
{ "type": "Feature", "properties": { "layer": "WBK_WEG_TEMP" }, "geometry": { "type": "LineString", "coordinates": [ [ 527588.762588039506227, 6044637.866838328540325 ], [ 527566.731855066260323, 6044635.969008314423263 ], [ 527566.582839119946584, 6044633.190073834732175 ], [ 527588.762570768943988, 6044635.116872626356781 ], [ 527588.525453374255449, 6044637.846411104314029 ] ] } },
{ "type": "Feature", "properties": { "layer": "WBK_WEG_TEMP" }, "geometry": { "type": "MultiLineString", "coordinates": [ [ [ 526332.335625609499402, 6050155.05862192902714, 0.0 ], [ 526321.020533690345474, 6050151.749618805013597, 0.0 ] ], [ [ 526321.020534679759294, 6050151.749620060436428, 0.0 ], [ 526373.336328601348214, 6050036.235146695747972, 0.0 ] ], [ [ 526373.336327192489989, 6050036.235145729966462, 0.0 ], [ 526368.902711340342648, 6050018.141708905808628, 0.0 ] ], [ [ 526368.902710675843991, 6050018.141709721647203, 0.0 ], [ 526393.106097767013125, 6049961.290155660361052, 0.0 ] ], [ [ 526393.106096603558399, 6049961.290155516937375, 0.0 ], [ 526396.88494142901618, 6049962.784743556752801, 0.0 ] ], [ [ 526396.884943039040081, 6049962.784743468277156, 0.0 ], [ 526374.21679905068595, 6050020.09779311530292, 0.0 ] ], [ [ 526374.216798993758857, 6050020.097793265245855, 0.0 ], [ 526378.06536156765651, 6050034.615661138668656, 0.0 ] ], [ [ 526378.065360788139515, 6050034.615659641101956, 0.0 ], [ 526326.777513223234564, 6050149.645606189966202, 0.0 ] ], [ [ 526326.777517202543095, 6050149.645606923848391, 0.0 ], [ 526333.400595546816476, 6050152.598606927320361, 0.0 ] ], [ [ 526333.400589374243282, 6050152.59860669169575, 0.0 ], [ 526332.653954238980077, 6050155.151715547777712, 0.0 ] ] ] } },
{ "type": "Feature", "properties": { "layer": "WBK_WEG_TEMP" }, "geometry": { "type": "LineString", "coordinates": [ [ 526332.335625609499402, 6050155.05862192902714 ], [ 526321.020534679759294, 6050151.749620060436428 ], [ 526373.336327192489989, 6050036.235145729966462 ], [ 526368.902710675843991, 6050018.141709721647203 ], [ 526393.106096603558399, 6049961.290155516937375 ], [ 526396.884943039040081, 6049962.784743468277156 ], [ 526374.216798993758857, 6050020.097793265245855 ], [ 526378.065360788139515, 6050034.615659641101956 ], [ 526326.777517202543095, 6050149.645606923848391 ], [ 526333.400589374243282, 6050152.59860669169575 ], [ 526332.653957803850062, 6050155.151716881431639 ] ] } },
{ "type": "Feature", "properties": { "layer": "WBK_WEG_TEMP" }, "geometry": { "type": "MultiLineString", "coordinates": [ [ [ 526345.02786146919243, 6050153.218956909142435, 0.0 ], [ 526415.703384420252405, 6050004.16931230481714, 0.0 ] ], [ [ 526415.703382136998698, 6050004.169312041252851, 0.0 ], [ 526417.574411169392988, 6050011.071588872931898, 0.0 ] ], [ [ 526417.574414467206225, 6050011.071589464321733, 0.0 ], [ 526347.605633512255736, 6050154.527808923274279, 0.0 ] ], [ [ 526347.605629015597515, 6050154.527808777987957, 0.0 ], [ 526344.994356149574742, 6050153.289610084146261, 0.0 ] ] ] } },
{ "type": "Feature", "properties": { "layer": "WBK_WEG_TEMP" }, "geometry": { "type": "LineString", "coordinates": [ [ 526345.02786146919243, 6050153.218956909142435 ], [ 526415.703382136998698, 6050004.169312041252851 ], [ 526417.574414467206225, 6050011.071589464321733 ], [ 526347.605629015597515, 6050154.527808777987957 ], [ 526344.99435728660319, 6050153.289609593339264 ] ] } },
{ "type": "Feature", "properties": { "layer": "WBK_WEG_TEMP" }, "geometry": { "type": "Polygon", "coordinates": [ [ [ 526978.568275099620223, 6054494.194755839183927, 0.0 ], [ 527235.196132418466732, 6054475.988011135719717, 0.0 ], [ 527234.379315222147852, 6054493.968150681816041, 0.0 ], [ 527230.225327929016203, 6054493.77960308175534, 0.0 ], [ 527230.225241095526144, 6054479.628188005648553, 0.0 ], [ 526977.422265401226468, 6054499.992222337983549, 0.0 ], [ 526978.568275099620223, 6054494.194755839183927, 0.0 ] ] ] } },
{ "type": "Feature", "properties": { "layer": "WBK_WEG_TEMP" }, "geometry": { "type": "LineString", "coordinates": [ [ 526978.568275099620223, 6054494.194755839183927 ], [ 527235.196131730568595, 6054475.988010949455202 ], [ 527234.379313044366427, 6054493.968151195906103 ], [ 527230.225329976761714, 6054493.779602519236505 ], [ 527230.225241095991805, 6054479.628188568167388 ], [ 526977.422267975169234, 6054499.992221233434975 ], [ 526978.568275099620223, 6054494.194755839183927 ] ] } },
{ "type": "Feature", "properties": { "layer": "WBK_WEG_TEMP" }, "geometry": { "type": "MultiLineString", "coordinates": [ [ [ 527180.900879049440846, 6054721.782316069118679, 0.0 ], [ 527201.163917590281926, 6054720.169140722602606, 0.0 ] ], [ [ 527201.163916121353395, 6054720.169141475111246, 0.0 ], [ 527200.850892157410271, 6054715.299783087335527, 0.0 ] ], [ [ 527200.850895381066948, 6054715.299782700836658, 0.0 ], [ 527247.750577439786866, 6054711.021649925038218, 0.0 ] ], [ [ 527247.75057942525018, 6054711.021650617942214, 0.0 ], [ 527247.750555739155971, 6054707.2504354538396, 0.0 ] ], [ [ 527247.750555739854462, 6054707.250435192137957, 0.0 ], [ 527198.482478661346249, 6054712.313362679444253, 0.0 ] ], [ [ 527198.482478060293943, 6054712.313362201675773, 0.0 ], [ 527196.887660575564951, 6054715.503622688353062, 0.0 ] ], [ [ 527196.887657946906984, 6054715.503623409196734, 0.0 ], [ 527180.356730874977075, 6054718.177976542152464, 0.0 ] ], [ [ 527180.356728007318452, 6054718.177975602447987, 0.0 ], [ 527180.645295638241805, 6054721.802663415670395, 0.0 ] ] ] } },
{ "type": "Feature", "properties": { "layer": "WBK_WEG_TEMP" }, "geometry": { "type": "LineString", "coordinates": [ [ 527180.900879049440846, 6054721.782316069118679 ], [ 527201.163916121353395, 6054720.169141475111246 ], [ 527200.850895381066948, 6054715.299782700836658 ], [ 527247.75057942525018, 6054711.021650617942214 ], [ 527247.750555739854462, 6054707.250435192137957 ], [ 527198.482478060293943, 6054712.313362201675773 ], [ 527196.887657946906984, 6054715.503623409196734 ], [ 527180.356728007318452, 6054718.177975602447987 ], [ 527180.645299529656768, 6054721.802663402631879 ] ] } },
{ "type": "Feature", "properties": { "layer": "WBK_WEG_TEMP" }, "geometry": { "type": "Polygon", "coordinates": [ [ [ 527176.817253597313538, 6054732.603686463087797, 0.0 ], [ 527200.823048149468377, 6054730.437310615554452, 0.0 ], [ 527200.664089628611691, 6054735.493514000438154, 0.0 ], [ 527246.35572079825215, 6054732.505251008085907, 0.0 ], [ 527246.055758926551789, 6054737.555212654173374, 0.0 ], [ 527200.522626643301919, 6054740.55047642160207, 0.0 ], [ 527195.435350021696649, 6054740.550507673993707, 0.0 ], [ 527195.108578089275397, 6054735.205637561157346, 0.0 ], [ 527177.963521629106253, 6054735.896917151287198, 0.0 ], [ 527176.817253597313538, 6054732.603686463087797, 0.0 ] ] ] } },
{ "type": "Feature", "properties": { "layer": "WBK_WEG_TEMP" }, "geometry": { "type": "LineString", "coordinates": [ [ 527176.817253597313538, 6054732.603686463087797 ], [ 527200.823048531543463, 6054730.437310047447681 ], [ 527200.664089255151339, 6054735.493515118956566 ], [ 527246.355724913417362, 6054732.505249418318272 ], [ 527246.055759354727343, 6054737.555213359184563 ], [ 527200.52262356528081, 6054740.550475721247494 ], [ 527195.435348775587045, 6054740.550507673993707 ], [ 527195.108579729916528, 6054735.205638498067856 ], [ 527177.963521369965747, 6054735.896917037665844 ], [ 527176.817253597313538, 6054732.603686463087797 ] ] } },
{ "type": "Feature", "properties": { "layer": "WBK_WEG_TEMP" }, "geometry": { "type": "Polygon", "coordinates": [ [ [ 527253.219147663447075, 6055906.994866462424397, 0.0 ], [ 527196.160278763156384, 6055922.004729500971735, 0.0 ], [ 527192.382587309926748, 6055918.388512724079192, 0.0 ], [ 527142.354763291194104, 6055930.817065002396703, 0.0 ], [ 527142.636016876553185, 6055926.210766671225429, 0.0 ], [ 527192.498052705544978, 6055913.353051599115133, 0.0 ], [ 527197.62021228892263, 6055919.217112146317959, 0.0 ], [ 527250.730003520846367, 6055902.878879305906594, 0.0 ], [ 527253.219147663447075, 6055906.994866462424397, 0.0 ] ] ] } },
{ "type": "Feature", "properties": { "layer": "WBK_WEG_TEMP" }, "geometry": { "type": "LineString", "coordinates": [ [ 527253.219147663447075, 6055906.994866462424397 ], [ 527196.160280030453578, 6055922.004728762432933 ], [ 527192.382584140752442, 6055918.388513157144189 ], [ 527142.354766179458238, 6055930.817065933719277 ], [ 527142.63601506431587, 6055926.210766372270882 ], [ 527192.498050775495358, 6055913.35305127222091 ], [ 527197.620212348294444, 6055919.217111514881253 ], [ 527250.730003042845055, 6055902.878880024887621 ], [ 527253.219147663447075, 6055906.994866462424397 ] ] } },
{ "type": "Feature", "properties": { "layer": "WBK_WEG_TEMP" }, "geometry": { "type": "Polygon", "coordinates": [ [ [ 527007.028377173002809, 6055978.104220174252987, 0.0 ], [ 527017.858386356849223, 6055975.445807387121022, 0.0 ], [ 527187.854281118023209, 6056024.047732975333929, 0.0 ], [ 527187.854311918257736, 6056029.074694480746984, 0.0 ], [ 527019.057127496926114, 6055979.55524518340826, 0.0 ], [ 527015.030001452658325, 6055982.234837335534394, 0.0 ], [ 527007.028377173002809, 6055978.104220174252987, 0.0 ] ] ] } },
{ "type": "Feature", "properties": { "layer": "WBK_WEG_TEMP" }, "geometry": { "type": "LineString", "coordinates": [ [ 527007.028377173002809, 6055978.104220174252987 ], [ 527017.858385628671385, 6055975.445807537063956 ], [ 527187.854280345491134, 6056024.04773295391351 ], [ 527187.854311919189058, 6056029.074695155024529 ], [ 527019.057130416389555, 6055979.555244754999876 ], [ 527015.030001489329152, 6055982.234837738797069 ], [ 527007.028377173002809, 6055978.104220174252987 ] ] } },
{ "type": "Feature", "properties": { "layer": "WBK_WEG_TEMP" }, "geometry": { "type": "Polygon", "coordinates": [ [ [ 527727.103710047551431, 6039763.686813836917281, 0.0 ], [ 527730.358010901720263, 6039753.071189493872225, 0.0 ], [ 527743.242188589880243, 6039756.819960871711373, 0.0 ], [ 527754.945610868977383, 6039762.710068599320948, 0.0 ], [ 527793.069534713868052, 6039765.73485922627151, 0.0 ], [ 527792.982021894073114, 6039763.261129447259009, 0.0 ], [ 527754.719694674946368, 6039760.220088630914688, 0.0 ], [ 527729.167229276150465, 6039749.206200089305639, 0.0 ], [ 527724.930688330554403, 6039763.499927285127342, 0.0 ], [ 527727.103710047551431, 6039763.686813836917281, 0.0 ] ] ] } },
{ "type": "Feature", "properties": { "layer": "WBK_WEG_TEMP" }, "geometry": { "type": "LineString", "coordinates": [ [ 527727.103710047551431, 6039763.686813836917281 ], [ 527727.103710047551431, 6039763.686813836917281 ], [ 527730.358005247893743, 6039753.071189507842064 ], [ 527743.330262906034477, 6039757.696349820122123 ], [ 527754.945609683054499, 6039762.710069094784558 ], [ 527793.069536760332994, 6039765.734859963878989 ], [ 527792.982017986243591, 6039763.26112883258611 ], [ 527754.71969550405629, 6039760.220088797621429 ], [ 527729.167232090956531, 6039749.206200882792473 ], [ 527724.930686990148388, 6039763.499926618300378 ], [ 527727.103710047551431, 6039763.686813836917281 ], [ 527727.103710047551431, 6039763.686813836917281 ] ] } },
{ "type": "Feature", "properties": { "layer": "WBK_WEG_TEMP" }, "geometry": { "type": "Polygon", "coordinates": [ [ [ 527660.38922758679837, 6044171.834972290322185, 0.0 ], [ 527657.603500836994499, 6044162.653602857142687, 0.0 ], [ 527611.082383381784894, 6044137.196047382429242, 0.0 ], [ 527610.840914700063877, 6044142.193020164966583, 0.0 ], [ 527653.036468783626333, 6044164.753818282857537, 0.0 ], [ 527652.349035969469696, 6044169.182249109260738, 0.0 ], [ 527660.38922758679837, 6044171.834972290322185, 0.0 ] ] ] } },
{ "type": "Feature", "properties": { "layer": "WBK_WEG_TEMP" }, "geometry": { "type": "LineString", "coordinates": [ [ 527660.38922758679837, 6044171.834972290322185 ], [ 527657.603496841038577, 6044162.653603163547814 ], [ 527611.082381923915818, 6044137.196047411300242 ], [ 527610.840915338951163, 6044142.193019147031009 ], [ 527653.036471008090302, 6044164.753819585777819 ], [ 527652.349036431056447, 6044169.182248634286225 ], [ 527660.38922758679837, 6044171.834972290322185 ] ] } },
{ "type": "Feature", "properties": { "layer": "WBK_WEG_TEMP" }, "geometry": { "type": "Polygon", "coordinates": [ [ [ 527321.934501056559384, 6045714.320793206803501, 0.0 ], [ 527321.671164946747012, 6045718.226480405777693, 0.0 ], [ 527237.640208776458167, 6045724.095747647807002, 0.0 ], [ 527236.595492988009937, 6045726.619699559174478, 0.0 ], [ 527326.220822682837024, 6045720.62714530620724, 0.0 ], [ 527325.955269751721062, 6045714.155802178196609, 0.0 ], [ 527321.934501056559384, 6045714.320793206803501, 0.0 ] ] ] } },
{ "type": "Feature", "properties": { "layer": "WBK_WEG_TEMP" }, "geometry": { "type": "LineString", "coordinates": [ [ 527321.934501056559384, 6045714.320793206803501 ], [ 527321.671166151762009, 6045718.2264802204445 ], [ 527237.640207955264486, 6045724.095748184248805 ], [ 527236.595495168934576, 6045726.619699129834771 ], [ 527326.220819631009363, 6045720.627145567908883 ], [ 527325.955268809921108, 6045714.155801542103291 ], [ 527321.934501056559384, 6045714.320793206803501 ] ] } },
{ "type": "Feature", "properties": { "layer": "WBK_WEG_TEMP" }, "geometry": { "type": "Polygon", "coordinates": [ [ [ 527353.123837475432083, 6045696.464299025014043, 0.0 ], [ 527353.00375812209677, 6045684.463851157575846, 0.0 ], [ 527251.179901298484765, 6045691.909408898092806, 0.0 ], [ 527249.941036350675859, 6045694.792394209653139, 0.0 ], [ 527349.62479190772865, 6045687.657132181338966, 0.0 ], [ 527349.992828120128252, 6045696.593250410631299, 0.0 ], [ 527353.123837475432083, 6045696.464299025014043, 0.0 ] ] ] } },
{ "type": "Feature", "properties": { "layer": "WBK_WEG_TEMP" }, "geometry": { "type": "LineString", "coordinates": [ [ 527353.123837475432083, 6045696.464299025014043 ], [ 527353.003754355595447, 6045684.463851605542004 ], [ 527251.179905968136154, 6045691.909408493898809 ], [ 527249.941031395457685, 6045694.792394852265716 ], [ 527349.624793556635268, 6045687.657132176682353 ], [ 527349.992829836672172, 6045696.593250245787203 ], [ 527353.123837475432083, 6045696.464299025014043 ] ] } },
{ "type": "Feature", "properties": { "layer": "WBK_WEG_TEMP" }, "geometry": { "type": "LineString", "coordinates": [ [ 526533.154200647259131, 6050429.485389797016978 ], [ 526607.367110640974715, 6050436.840828915126622 ], [ 526606.764781829435378, 6050441.299822960980237 ], [ 526534.388800721848384, 6050433.254754332825541 ], [ 526533.154200647259131, 6050429.485389797016978 ] ] } },
{ "type": "Feature", "properties": { "layer": "WBK_WEG_TEMP" }, "geometry": { "type": "Polygon", "coordinates": [ [ [ 514398.242253412608989, 6075259.727867367677391, 0.0 ], [ 514415.866134303680155, 6075235.135230553336442, 0.0 ], [ 514444.455798465700354, 6075050.604591429233551, 0.0 ], [ 514449.72828320908593, 6075054.428029834292829, 0.0 ], [ 514420.21989182109246, 6075236.792317914776504, 0.0 ], [ 514403.042964359512553, 6075260.158523957245052, 0.0 ], [ 514398.242253412608989, 6075259.727867367677391, 0.0 ] ] ] } },
{ "type": "Feature", "properties": { "layer": "WBK_WEG_TEMP" }, "geometry": { "type": "LineString", "coordinates": [ [ 514398.242253412608989, 6075259.727867367677391 ], [ 514415.866130584210623, 6075235.135230908170342 ], [ 514444.455799544404726, 6075050.604592211544514 ], [ 514449.728283211006783, 6075054.42802953813225 ], [ 514420.21988947322825, 6075236.792317817918956 ], [ 514403.042969074216671, 6075260.15852402895689 ], [ 514398.242253412608989, 6075259.727867367677391 ] ] } },
{ "type": "Feature", "properties": { "layer": "WBK_WEG_TEMP" }, "geometry": { "type": "LineString", "coordinates": [ [ 514836.181688035372645, 6074364.673441245220602 ], [ 514880.850115606503095, 6074259.497842710465193 ], [ 514885.306449396710377, 6074261.660775523632765 ], [ 514841.986164817528334, 6074367.650545731186867 ], [ 514836.181688035372645, 6074364.673441245220602 ] ] } },
{ "type": "Feature", "properties": { "layer": "WBK_WEG_TEMP" }, "geometry": { "type": "LineString", "coordinates": [ [ 527623.282868259702809, 6038064.565937851555645 ], [ 527626.14658188726753, 6038060.845416102558374 ], [ 527655.971592807327397, 6038081.110825059004128 ], [ 527654.003628307953477, 6038085.035861735232174 ], [ 527623.282868259702809, 6038064.565937851555645 ] ] } },
{ "type": "Feature", "properties": { "layer": "WBK_WEG_TEMP" }, "geometry": { "type": "LineString", "coordinates": [ [ 527637.607436719932593, 6038698.351156140677631 ], [ 527681.765218776185066, 6038617.186905505135655 ], [ 527686.46676279604435, 6038557.245277369394898 ], [ 527690.085294284741394, 6038560.030486287549138 ], [ 527683.911016917554662, 6038619.497791442088783 ], [ 527639.489668751019053, 6038700.164463824592531 ], [ 527637.467644665157422, 6038698.608100761659443 ] ] } },
{ "type": "Feature", "properties": { "layer": "WBK_WEG_TEMP" }, "geometry": { "type": "LineString", "coordinates": [ [ 527536.512250316445716, 6045204.131601721048355 ], [ 527539.021907302434556, 6045173.829121845774353 ], [ 527541.896737462026067, 6045175.741473500616848 ], [ 527539.900107187102549, 6045204.624810196459293 ], [ 527536.512250316445716, 6045204.131601721048355 ] ] } },
{ "type": "Feature", "properties": { "layer": "WBK_WEG_TEMP" }, "geometry": { "type": "LineString", "coordinates": [ [ 527490.242291337926872, 6045200.785817589610815 ], [ 527492.75195271789562, 6045170.483338821679354 ], [ 527495.62677848234307, 6045172.395691583864391 ], [ 527493.630148147116415, 6045201.279027171432972 ], [ 527490.242291337926872, 6045200.785817589610815 ] ] } },
{ "type": "Feature", "properties": { "layer": "WBK_WEG_TEMP" }, "geometry": { "type": "LineString", "coordinates": [ [ 521325.688164604594931, 6063818.614868888631463 ], [ 521407.85959715442732, 6063763.677588321268559 ], [ 521412.199668889690656, 6063772.476909196935594 ], [ 521334.919779946329072, 6063823.806329062208533 ], [ 521325.688164604594931, 6063818.614868888631463 ] ] } },
{ "type": "Feature", "properties": { "layer": "WBK_WEG_TEMP" }, "geometry": { "type": "MultiLineString", "coordinates": [ [ [ 512507.426948000211269, 6078843.884652816690505, 0.0 ], [ 512401.473759652522858, 6079132.685169564560056, 0.0 ] ], [ [ 512401.473755287879612, 6079132.685170264914632, 0.0 ], [ 512398.51542784407502, 6079132.022512058727443, 0.0 ] ], [ [ 512398.51542580302339, 6079132.022510857321322, 0.0 ], [ 512502.935471476521343, 6078841.271519630216062, 0.0 ] ], [ [ 512502.93547383317491, 6078841.271519651636481, 0.0 ], [ 512507.368538136593997, 6078843.839696989394724, 0.0 ] ] ] } },
{ "type": "Feature", "properties": { "layer": "WBK_WEG_TEMP" }, "geometry": { "type": "LineString", "coordinates": [ [ 512507.426948000211269, 6078843.884652816690505 ], [ 512401.473755287879612, 6079132.685170264914632 ], [ 512398.51542580302339, 6079132.022510857321322 ], [ 512502.93547383317491, 6078841.271519651636481 ], [ 512507.368541427422315, 6078843.839697848074138 ] ] } },
{ "type": "Feature", "properties": { "layer": "WBK_WEG_TEMP" }, "geometry": { "type": "LineString", "coordinates": [ [ 527328.697452811291441, 6052812.812975992448628 ], [ 527321.886515036574565, 6052876.744676149450243 ], [ 527319.797982332995161, 6052876.694143665023148 ], [ 527325.68987071106676, 6052815.198169929906726 ], [ 527328.70081843866501, 6052812.831672983244061 ] ] } },
{ "type": "Feature", "properties": { "layer": "WBK_WEG_TEMP" }, "geometry": { "type": "MultiLineString", "coordinates": [ [ [ 527328.697452811291441, 6052812.812975992448628, 0.0 ], [ 527321.886515036574565, 6052876.744676149450243, 0.0 ] ], [ [ 527321.886515036574565, 6052876.744676149450243, 0.0 ], [ 527319.818498250097036, 6052876.864614504389465, 0.0 ] ], [ [ 527319.818498250097036, 6052876.864614504389465, 0.0 ], [ 527325.68987071106676, 6052815.198169929906726, 0.0 ] ], [ [ 527325.68987071106676, 6052815.198169929906726, 0.0 ], [ 527328.70081843866501, 6052812.831672983244061, 0.0 ] ] ] } },
{ "type": "Feature", "properties": { "layer": "WBK_WEG_TEMP" }, "geometry": { "type": "Polygon", "coordinates": [ [ [ 526533.154200647259131, 6050429.485389797016978, 0.0 ], [ 526607.367110640974715, 6050436.840828915126622, 0.0 ], [ 526606.764781829435378, 6050441.299822960980237, 0.0 ], [ 526534.388800721848384, 6050433.254754332825541, 0.0 ], [ 526533.154200647259131, 6050429.485389797016978, 0.0 ] ] ] } },
{ "type": "Feature", "properties": { "layer": "WBK_WEG_TEMP" }, "geometry": { "type": "LineString", "coordinates": [ [ 526102.078762261313386, 6049381.245394820347428 ], [ 526150.487032132106833, 6049257.754381823353469 ], [ 526153.592194933211431, 6049258.734326776117086 ], [ 526107.689752797246911, 6049382.863234567455947 ], [ 526102.078762261080556, 6049381.245394820347428 ] ] } },
{ "type": "Feature", "properties": { "layer": "WBK_WEG_TEMP" }, "geometry": { "type": "Polygon", "coordinates": [ [ [ 526102.078762261313386, 6049381.245394820347428, 0.0 ], [ 526150.487032132106833, 6049257.754381823353469, 0.0 ], [ 526153.5921949329786, 6049258.734326777048409, 0.0 ], [ 526107.689752797246911, 6049382.863234567455947, 0.0 ], [ 526102.078762261313386, 6049381.245394820347428, 0.0 ] ] ] } },
{ "type": "Feature", "properties": { "layer": "WBK_WEG_TEMP" }, "geometry": { "type": "LineString", "coordinates": [ [ 526190.015170910162851, 6049402.802419352345169, -30.181424002222059 ], [ 526197.715453722281381, 6049404.971669132821262, -30.181424002222059 ], [ 526195.817360163433477, 6049411.709416594356298, -30.181424002222059 ], [ 526188.117077351314947, 6049409.54016681201756, -30.181424002222059 ], [ 526190.015170910162851, 6049402.802419352345169, -30.181424002222059 ] ] } },
{ "type": "Feature", "properties": { "layer": "WBK_WEG_TEMP" }, "geometry": { "type": "Polygon", "coordinates": [ [ [ 526190.015170910162851, 6049402.802419352345169, -15.090712001111029 ], [ 526197.715453722281381, 6049404.971669132821262, -15.090712001111029 ], [ 526195.817360163433477, 6049411.709416594356298, -15.090712001111029 ], [ 526188.117077351314947, 6049409.54016681201756, -15.090712001111029 ], [ 526190.015170910162851, 6049402.802419352345169, -15.090712001111029 ] ] ] } },
{ "type": "Feature", "properties": { "layer": "WBK_WEG_TEMP" }, "geometry": { "type": "LineString", "coordinates": [ [ 526217.558966932119802, 6049407.623040177859366, 0.0 ], [ 526217.498854998266324, 6049405.901659616269171, 0.0 ], [ 526217.318812056211755, 6049404.188665448687971, 0.0 ], [ 526217.019715256989002, 6049402.49240320827812, 0.0 ], [ 526216.603021770250052, 6049400.821136916987598, 0.0 ], [ 526216.070761684561148, 6049399.183008813299239, 0.0 ], [ 526215.425528117688373, 6049397.585999694652855, 0.0 ], [ 526214.670464582624845, 6049396.037890028208494, 0.0 ], [ 526213.809249673155136, 6049394.546222048811615, 0.0 ], [ 526212.846079141716473, 6049393.118263012729585, 0.0 ], [ 526211.785645458148792, 6049391.76096979342401, 0.0 ], [ 526210.633114948985167, 6049390.480954986065626, 0.0 ], [ 526209.394102626945823, 6049389.28445469494909, 0.0 ], [ 526208.074644835432991, 6049388.177298148162663, 0.0 ], [ 526206.681169840390794, 6049387.164879302494228, 0.0 ], [ 526205.220466511556879, 6049386.252130560576916, 0.0 ], [ 526203.699651249102317, 6049385.443498741835356, 0.0 ], [ 526202.126133311889134, 6049384.742923418991268, 0.0 ], [ 526200.50757872115355, 6049384.153817725367844, 0.0 ], [ 526198.851872912258841, 6049383.679051724262536, 0.0 ], [ 526197.167082317406312, 6049383.320938428863883, 0.0 ], [ 526195.461415067082271, 6049383.081222529523075, 0.0 ], [ 526193.74318100058008, 6049382.961071899160743, 0.0 ], [ 526192.020751181640662, 6049382.961071899160743, 0.0 ], [ 526190.302517115138471, 6049383.081222529523075, 0.0 ], [ 526188.59684986481443, 6049383.320938428863883, 0.0 ], [ 526186.912059269961901, 6049383.679051724262536, 0.0 ], [ 526185.256353461067192, 6049384.153817725367844, 0.0 ], [ 526183.637798870331608, 6049384.742923418991268, 0.0 ], [ 526182.064280933118425, 6049385.443498741835356, 0.0 ], [ 526180.543465670663863, 6049386.252130560576916, 0.0 ], [ 526179.082762341829948, 6049387.164879302494228, 0.0 ], [ 526177.689287346787751, 6049388.177298148162663, 0.0 ], [ 526176.369829555274919, 6049389.28445469494909, 0.0 ], [ 526175.130817233235575, 6049390.480954986065626, 0.0 ], [ 526173.97828672407195, 6049391.76096979342401, 0.0 ], [ 526172.917853040504269, 6049393.118263012729585, 0.0 ], [ 526171.954682509065606, 6049394.546222048811615, 0.0 ], [ 526171.093467599595897, 6049396.037890028208494, 0.0 ], [ 526170.338404064532369, 6049397.585999694652855, 0.0 ], [ 526169.693170497659594, 6049399.183008813299239, 0.0 ], [ 526169.16091041197069, 6049400.821136916987598, 0.0 ], [ 526168.74421692523174, 6049402.49240320827812, 0.0 ], [ 526168.445120126008987, 6049404.188665448687971, 0.0 ], [ 526168.265077183954418, 6049405.901659616269171, 0.0 ], [ 526168.20496525010094, 6049407.623040177859366, 0.0 ], [ 526168.265077183954418, 6049409.344420739449561, 0.0 ], [ 526168.445120126008987, 6049411.057414907030761, 0.0 ], [ 526168.74421692523174, 6049412.753677147440612, 0.0 ], [ 526169.16091041197069, 6049414.424943438731134, 0.0 ], [ 526169.693170497659594, 6049416.063071542419493, 0.0 ], [ 526170.338404064532369, 6049417.660080661065876, 0.0 ], [ 526171.093467599595897, 6049419.208190327510238, 0.0 ], [ 526171.954682509065606, 6049420.699858306907117, 0.0 ], [ 526172.917853040504269, 6049422.127817342989147, 0.0 ], [ 526173.97828672407195, 6049423.485110562294722, 0.0 ], [ 526175.130817233235575, 6049424.765125369653106, 0.0 ], [ 526176.369829555274919, 6049425.961625660769641, 0.0 ], [ 526177.689287346787751, 6049427.068782207556069, 0.0 ], [ 526179.082762341829948, 6049428.081201053224504, 0.0 ], [ 526180.543465670663863, 6049428.993949795141816, 0.0 ], [ 526182.064280933118425, 6049429.802581613883376, 0.0 ], [ 526183.637798870331608, 6049430.503156936727464, 0.0 ], [ 526185.256353461067192, 6049431.092262630350888, 0.0 ], [ 526186.912059269961901, 6049431.567028631456196, 0.0 ], [ 526188.59684986481443, 6049431.925141926854849, 0.0 ], [ 526190.302517115138471, 6049432.164857826195657, 0.0 ], [ 526192.020751181640662, 6049432.285008456557989, 0.0 ], [ 526193.74318100058008, 6049432.285008456557989, 0.0 ], [ 526195.461415067082271, 6049432.164857826195657, 0.0 ], [ 526197.167082317406312, 6049431.925141926854849, 0.0 ], [ 526198.851872912258841, 6049431.567028631456196, 0.0 ], [ 526200.50757872115355, 6049431.092262630350888, 0.0 ], [ 526202.126133311889134, 6049430.503156936727464, 0.0 ], [ 526203.699651249102317, 6049429.802581613883376, 0.0 ], [ 526205.220466511556879, 6049428.993949795141816, 0.0 ], [ 526206.681169840390794, 6049428.081201053224504, 0.0 ], [ 526208.074644835432991, 6049427.068782207556069, 0.0 ], [ 526209.394102626945823, 6049425.961625660769641, 0.0 ], [ 526210.633114948985167, 6049424.765125369653106, 0.0 ], [ 526211.785645458148792, 6049423.485110562294722, 0.0 ], [ 526212.846079141716473, 6049422.127817342989147, 0.0 ], [ 526213.809249673155136, 6049420.699858306907117, 0.0 ], [ 526214.670464582624845, 6049419.208190327510238, 0.0 ], [ 526215.425528117688373, 6049417.660080661065876, 0.0 ], [ 526216.070761684561148, 6049416.063071542419493, 0.0 ], [ 526216.603021770250052, 6049414.424943438731134, 0.0 ], [ 526217.019715256989002, 6049412.753677147440612, 0.0 ], [ 526217.318812056211755, 6049411.057414907030761, 0.0 ], [ 526217.498854998266324, 6049409.344420739449561, 0.0 ], [ 526217.558966932119802, 6049407.623040177859366, 0.0 ] ] } },
{ "type": "Feature", "properties": { "layer": "WBK_WEG_TEMP" }, "geometry": { "type": "LineString", "coordinates": [ [ 526511.2304858075222, 6058214.12457290943712 ], [ 526586.88460837805178, 6058210.753399370238185 ], [ 526634.245416316902265, 6058237.879894315265119 ], [ 526664.683333928929642, 6058261.848519713617861 ], [ 526710.527424751897343, 6058321.571015045046806 ], [ 526744.091314557706937, 6058355.516304158605635 ], [ 526783.82518061180599, 6058382.602847310714424 ], [ 526789.263182319467887, 6058389.499760377220809 ], [ 526797.809251017053612, 6058410.850543309934437 ], [ 526851.847058776533231, 6058446.083934277296066 ], [ 526883.781828796607442, 6058466.243632640689611 ], [ 526911.462719063856639, 6058464.633417887613177 ], [ 526929.974623973947018, 6058472.049244867637753 ], [ 526957.998751643579453, 6058489.857927113771439 ], [ 526971.75747535773553, 6058499.296773920767009 ], [ 526970.210044919745997, 6058506.377230840735137 ], [ 526926.975678693153895, 6058477.107224996201694 ], [ 526910.062775667174719, 6058471.940370763652027 ], [ 526882.743966031586751, 6058468.962565136142075 ], [ 526805.606300086132251, 6058428.16336184926331 ], [ 526688.703450270229951, 6058309.638003131374717 ], [ 526654.317397374659777, 6058259.319604175165296 ], [ 526589.453161707147956, 6058222.373794310726225 ], [ 526559.185873878654093, 6058219.276508117094636 ], [ 526514.484243266051635, 6058223.62275561876595 ], [ 526511.085209951037541, 6058214.176849255338311 ] ] } },
{ "type": "Feature", "properties": { "layer": "WBK_WEG_TEMP" }, "geometry": { "type": "MultiLineString", "coordinates": [ [ [ 526511.2304858075222, 6058214.12457290943712, 0.0 ], [ 526586.88460837805178, 6058210.753399370238185, 0.0 ] ], [ [ 526586.88460837805178, 6058210.753399370238185, 0.0 ], [ 526634.245416316902265, 6058237.879894315265119, 0.0 ] ], [ [ 526634.245416316902265, 6058237.879894315265119, 0.0 ], [ 526664.683333928929642, 6058261.848519713617861, 0.0 ] ], [ [ 526664.683333928929642, 6058261.848519713617861, 0.0 ], [ 526710.527424751897343, 6058321.571015045046806, 0.0 ] ], [ [ 526710.527424751897343, 6058321.571015045046806, 0.0 ], [ 526744.091314557706937, 6058355.516304158605635, 0.0 ] ], [ [ 526744.091314557706937, 6058355.516304158605635, 0.0 ], [ 526783.82518061180599, 6058382.602847310714424, 0.0 ] ], [ [ 526783.82518061180599, 6058382.602847310714424, 0.0 ], [ 526789.263182319467887, 6058389.499760377220809, 0.0 ] ], [ [ 526789.263182319467887, 6058389.499760377220809, 0.0 ], [ 526797.809251017053612, 6058410.850543309934437, 0.0 ] ], [ [ 526797.809251017053612, 6058410.850543309934437, 0.0 ], [ 526851.847058776533231, 6058446.083934277296066, 0.0 ] ], [ [ 526851.847058776533231, 6058446.083934277296066, 0.0 ], [ 526883.781828796607442, 6058466.243632640689611, 0.0 ] ], [ [ 526883.781828796607442, 6058466.243632640689611, 0.0 ], [ 526911.462719063856639, 6058464.633417887613177, 0.0 ] ], [ [ 526911.462719063856639, 6058464.633417887613177, 0.0 ], [ 526929.974623973947018, 6058472.049244867637753, 0.0 ] ], [ [ 526929.974623973947018, 6058472.049244867637753, 0.0 ], [ 526957.998751643579453, 6058489.857927113771439, 0.0 ] ], [ [ 526957.998751643579453, 6058489.857927113771439, 0.0 ], [ 526971.75747535773553, 6058499.296773920767009, 0.0 ] ], [ [ 526971.75747535773553, 6058499.296773920767009, 0.0 ], [ 526970.210044919745997, 6058506.377230840735137, 0.0 ] ], [ [ 526970.210044919745997, 6058506.377230840735137, 0.0 ], [ 526926.975678693153895, 6058477.107224996201694, 0.0 ] ], [ [ 526926.975678693153895, 6058477.107224996201694, 0.0 ], [ 526910.062775667174719, 6058471.940370763652027, 0.0 ] ], [ [ 526910.062775667174719, 6058471.940370763652027, 0.0 ], [ 526882.743966031586751, 6058468.962565136142075, 0.0 ] ], [ [ 526882.743966031586751, 6058468.962565136142075, 0.0 ], [ 526805.606300086132251, 6058428.16336184926331, 0.0 ] ], [ [ 526805.606300086132251, 6058428.16336184926331, 0.0 ], [ 526688.703450270229951, 6058309.638003131374717, 0.0 ] ], [ [ 526688.703450270229951, 6058309.638003131374717, 0.0 ], [ 526654.317397374659777, 6058259.319604175165296, 0.0 ] ], [ [ 526654.317397374659777, 6058259.319604175165296, 0.0 ], [ 526589.453161707147956, 6058222.373794310726225, 0.0 ] ], [ [ 526589.453161707147956, 6058222.373794310726225, 0.0 ], [ 526559.185873878654093, 6058219.276508117094636, 0.0 ] ], [ [ 526559.185873878654093, 6058219.276508117094636, 0.0 ], [ 526514.484243266051635, 6058223.62275561876595, 0.0 ] ], [ [ 526514.484243266051635, 6058223.62275561876595, 0.0 ], [ 526511.085209951037541, 6058214.176849255338311, 0.0 ] ] ] } },
{ "type": "Feature", "properties": { "layer": "WBK_WEG_TEMP" }, "geometry": { "type": "LineString", "coordinates": [ [ 512726.870943401998375, 6077960.959133041091263 ], [ 512750.881923601205926, 6078022.272689581848681 ], [ 512756.849608840828296, 6078024.86824147682637 ], [ 512730.676261861925013, 6077958.798326072283089 ], [ 512726.870943401998375, 6077960.959133041091263 ] ] } },
{ "type": "Feature", "properties": { "layer": "WBK_WEG_TEMP" }, "geometry": { "type": "Polygon", "coordinates": [ [ [ 512726.870943401998375, 6077960.959133041091263, 0.0 ], [ 512750.881923601205926, 6078022.272689581848681, 0.0 ], [ 512756.849608840828296, 6078024.86824147682637, 0.0 ], [ 512730.676261861925013, 6077958.798326072283089, 0.0 ], [ 512726.870943401998375, 6077960.959133041091263, 0.0 ] ] ] } },
{ "type": "Feature", "properties": { "layer": "WBK_WEG_TEMP" }, "geometry": { "type": "LineString", "coordinates": [ [ 512572.972261130809784, 6078046.515033259056509 ], [ 512579.983630941074807, 6078073.007114477455616 ], [ 512691.796915700484533, 6078032.762915114872158 ], [ 512698.858519308210816, 6078053.731775585561991 ], [ 512695.470066933892667, 6078057.185770437121391 ], [ 512689.624184588203207, 6078039.442483237013221 ], [ 512577.461236433999147, 6078077.903458464890718 ], [ 512569.453294371196534, 6078048.551339105702937 ], [ 512572.972261130809784, 6078046.515033259056509 ] ] } },
{ "type": "Feature", "properties": { "layer": "WBK_WEG_TEMP" }, "geometry": { "type": "Polygon", "coordinates": [ [ [ 512572.972261130809784, 6078046.515033259056509, 0.0 ], [ 512579.983630941074807, 6078073.007114477455616, 0.0 ], [ 512691.796915700484533, 6078032.762915114872158, 0.0 ], [ 512698.858519308210816, 6078053.731775585561991, 0.0 ], [ 512695.470066933892667, 6078057.185770437121391, 0.0 ], [ 512689.624184588203207, 6078039.442483237013221, 0.0 ], [ 512577.461236433999147, 6078077.903458464890718, 0.0 ], [ 512569.453294371196534, 6078048.551339105702937, 0.0 ], [ 512572.972261130809784, 6078046.515033259056509, 0.0 ] ] ] } },
{ "type": "Feature", "properties": { "layer": "WBK_WEG_TEMP" }, "geometry": { "type": "LineString", "coordinates": [ [ 512960.525027678871993, 6077666.816642903722823 ], [ 512981.458260313374922, 6077617.663195447064936 ], [ 512978.926683013676666, 6077616.237504598684609 ], [ 512958.100137141591404, 6077665.454727485775948 ], [ 512960.525027678522747, 6077666.816642903722823 ] ] } },
{ "type": "Feature", "properties": { "layer": "WBK_WEG_TEMP" }, "geometry": { "type": "Polygon", "coordinates": [ [ [ 512960.525027678871993, 6077666.816642903722823, 0.0 ], [ 512981.458260313374922, 6077617.663195447064936, 0.0 ], [ 512978.926683013676666, 6077616.237504598684609, 0.0 ], [ 512958.100137141591404, 6077665.454727485775948, 0.0 ], [ 512960.525027678871993, 6077666.816642903722823, 0.0 ] ] ] } },
{ "type": "Feature", "properties": { "layer": "WBK_WEG_TEMP" }, "geometry": { "type": "Polygon", "coordinates": [ [ [ 515547.651209125993773, 6073036.659575897268951, 0.0 ], [ 515583.077266889798921, 6073062.150932776741683, 0.0 ], [ 515504.286075765208807, 6073201.53808581084013, 0.0 ], [ 515498.553599128499627, 6073198.399645497091115, 0.0 ], [ 515574.518615851004142, 6073064.631596378982067, 0.0 ], [ 515543.949182751821354, 6073040.048364530317485, 0.0 ], [ 515547.651209125993773, 6073036.659575897268951, 0.0 ] ] ] } },
{ "type": "Feature", "properties": { "layer": "WBK_WEG_TEMP" }, "geometry": { "type": "LineString", "coordinates": [ [ 526800.45589247928001, 6058931.748221185989678 ], [ 526781.636237338418141, 6058981.967114296741784 ], [ 526777.025140389567241, 6058979.882287782616913 ], [ 526797.229747454985045, 6058930.425826162099838 ], [ 526800.45589247928001, 6058931.748221185989678 ] ] } },
{ "type": "Feature", "properties": { "layer": "WBK_WEG_TEMP" }, "geometry": { "type": "Polygon", "coordinates": [ [ [ 526800.45589247928001, 6058931.748221185989678, 0.0 ], [ 526781.636237338418141, 6058981.967114296741784, 0.0 ], [ 526777.025140389567241, 6058979.882287782616913, 0.0 ], [ 526797.229747454985045, 6058930.425826162099838, 0.0 ], [ 526800.45589247928001, 6058931.748221185989678, 0.0 ] ] ] } },
{ "type": "Feature", "properties": { "layer": "WBK_WEG_TEMP" }, "geometry": { "type": "LineString", "coordinates": [ [ 526917.184969943715259, 6058845.800814010202885 ], [ 526874.447135307244025, 6058804.23455151822418 ], [ 526876.90882141306065, 6058797.665719599463046 ], [ 526919.918753113015555, 6058834.183231934905052 ], [ 526917.181461339234374, 6058845.797401585616171 ] ] } },
{ "type": "Feature", "properties": { "layer": "WBK_WEG_TEMP" }, "geometry": { "type": "MultiLineString", "coordinates": [ [ [ 526917.184969943715259, 6058845.800814010202885, 0.0 ], [ 526874.447135307244025, 6058804.23455151822418, 0.0 ] ], [ [ 526874.447135307244025, 6058804.23455151822418, 0.0 ], [ 526876.90882141306065, 6058797.665719599463046, 0.0 ] ], [ [ 526876.90882141306065, 6058797.665719599463046, 0.0 ], [ 526919.918753113015555, 6058834.183231934905052, 0.0 ] ], [ [ 526919.918753113015555, 6058834.183231934905052, 0.0 ], [ 526917.181461339234374, 6058845.797401585616171, 0.0 ] ] ] } },
{ "type": "Feature", "properties": { "layer": "WBK_WEG_TEMP" }, "geometry": { "type": "LineString", "coordinates": [ [ 526944.997742526349612, 6058827.658429146744311 ], [ 526954.110593911143951, 6058820.313284417614341 ], [ 526888.729514059261419, 6058771.037491960451007 ], [ 526886.222866416093893, 6058775.771195378154516 ], [ 526945.847218490787782, 6058820.053319533355534 ], [ 526941.700265986728482, 6058824.741845254786313 ], [ 526944.997742527164519, 6058827.658429146744311 ] ] } },
{ "type": "Feature", "properties": { "layer": "WBK_WEG_TEMP" }, "geometry": { "type": "Polygon", "coordinates": [ [ [ 526944.997742526349612, 6058827.658429146744311, 0.0 ], [ 526954.110593911143951, 6058820.313284417614341, 0.0 ], [ 526888.729514059261419, 6058771.037491960451007, 0.0 ], [ 526886.222866416093893, 6058775.771195378154516, 0.0 ], [ 526945.847218490787782, 6058820.053319533355534, 0.0 ], [ 526941.700265986728482, 6058824.741845254786313, 0.0 ], [ 526944.997742526349612, 6058827.658429146744311, 0.0 ] ] ] } },
{ "type": "Feature", "properties": { "layer": "WBK_WEG_TEMP" }, "geometry": { "type": "LineString", "coordinates": [ [ 516300.723571094218642, 6069174.932469137944281 ], [ 516339.384753760125022, 6068993.495245205238461 ], [ 516592.54275597067317, 6069042.880933649837971 ], [ 516592.012261593772564, 6069045.600322624668479 ], [ 516344.226988008711487, 6068999.62608776986599 ], [ 516304.696597849426325, 6069178.309382705017924 ], [ 516300.723571094218642, 6069174.932469137944281 ] ] } },
{ "type": "Feature", "properties": { "layer": "WBK_WEG_TEMP" }, "geometry": { "type": "Polygon", "coordinates": [ [ [ 516300.723571094218642, 6069174.932469137944281, 0.0 ], [ 516339.384753760125022, 6068993.495245205238461, 0.0 ], [ 516592.54275597067317, 6069042.880933649837971, 0.0 ], [ 516592.012261593772564, 6069045.600322624668479, 0.0 ], [ 516344.226988008711487, 6068999.62608776986599, 0.0 ], [ 516304.696597849426325, 6069178.309382705017924, 0.0 ], [ 516300.723571094218642, 6069174.932469137944281, 0.0 ] ] ] } },
{ "type": "Feature", "properties": { "layer": "WBK_WEG_TEMP" }, "geometry": { "type": "LineString", "coordinates": [ [ 516363.095617863989901, 6069956.036730256862938 ], [ 516347.267928111483343, 6070095.541055336594582 ], [ 516322.304320766706951, 6070201.572194028645754 ], [ 516320.408489244116936, 6070201.812101989984512 ], [ 516345.294060418673325, 6070095.105905634351075 ], [ 516360.145384393981658, 6069956.786386077292264 ], [ 516363.095617863989901, 6069956.036730256862938 ] ] } },
{ "type": "Feature", "properties": { "layer": "WBK_WEG_TEMP" }, "geometry": { "type": "Polygon", "coordinates": [ [ [ 516363.095617863989901, 6069956.036730256862938, 0.0 ], [ 516347.267928111483343, 6070095.541055336594582, 0.0 ], [ 516322.304320766706951, 6070201.572194028645754, 0.0 ], [ 516320.408489244116936, 6070201.812101989984512, 0.0 ], [ 516345.294060418673325, 6070095.105905634351075, 0.0 ], [ 516360.145384393981658, 6069956.786386077292264, 0.0 ], [ 516363.095617863989901, 6069956.036730256862938, 0.0 ] ] ] } },
{ "type": "Feature", "properties": { "layer": "WBK_WEG_TEMP" }, "geometry": { "type": "LineString", "coordinates": [ [ 518208.455912912206259, 6066007.75735445600003 ], [ 518209.52563600812573, 6066025.033652975223958 ], [ 518218.573717867024243, 6066057.63053191639483 ], [ 518215.180870032927487, 6066082.690520507283509 ], [ 518149.15327897737734, 6066554.947686373256147 ], [ 518148.206046478415374, 6066575.207250869832933 ], [ 518269.245902094291523, 6066565.361409836448729 ], [ 518302.284201320610009, 6066340.830351530574262 ], [ 518338.101546745223459, 6066335.507960538379848 ], [ 518339.173610861878842, 6066336.873528041876853 ], [ 518305.332242109521758, 6066343.647509509697556 ], [ 518274.80271044652909, 6066570.215634945780039 ], [ 518113.438071678392589, 6066586.836518880911171 ], [ 517972.93675187358167, 6066640.279053395614028 ], [ 517971.019734247820452, 6066637.837205994874239 ], [ 518112.834044328017626, 6066582.459436315111816 ], [ 518139.599743248312734, 6066574.958348507061601 ], [ 518214.466239801200572, 6066056.942596882581711 ], [ 518205.81277719407808, 6066026.855825471691787 ], [ 518204.926085574610624, 6066007.098180913366377 ], [ 518208.455912912613712, 6066007.75735445600003 ] ] } },
{ "type": "Feature", "properties": { "layer": "WBK_WEG_TEMP" }, "geometry": { "type": "Polygon", "coordinates": [ [ [ 518208.455912912206259, 6066007.75735445600003, 0.0 ], [ 518209.52563600812573, 6066025.033652975223958, 0.0 ], [ 518218.573717867024243, 6066057.63053191639483, 0.0 ], [ 518215.180870032927487, 6066082.690520507283509, 0.0 ], [ 518149.15327897737734, 6066554.947686373256147, 0.0 ], [ 518148.206046478415374, 6066575.207250869832933, 0.0 ], [ 518269.245902094291523, 6066565.361409836448729, 0.0 ], [ 518302.284201320610009, 6066340.830351530574262, 0.0 ], [ 518338.101546745223459, 6066335.507960538379848, 0.0 ], [ 518339.173610861878842, 6066336.873528041876853, 0.0 ], [ 518305.332242109521758, 6066343.647509509697556, 0.0 ], [ 518274.80271044652909, 6066570.215634945780039, 0.0 ], [ 518113.438071678392589, 6066586.836518880911171, 0.0 ], [ 517972.93675187358167, 6066640.279053395614028, 0.0 ], [ 517971.019734247820452, 6066637.837205994874239, 0.0 ], [ 518112.834044328017626, 6066582.459436315111816, 0.0 ], [ 518139.599743248312734, 6066574.958348507061601, 0.0 ], [ 518214.466239801200572, 6066056.942596882581711, 0.0 ], [ 518205.81277719407808, 6066026.855825471691787, 0.0 ], [ 518204.926085574610624, 6066007.098180913366377, 0.0 ], [ 518208.455912912206259, 6066007.75735445600003, 0.0 ] ] ] } },
{ "type": "Feature", "properties": { "layer": "WBK_WEG_TEMP" }, "geometry": { "type": "LineString", "coordinates": [ [ 526583.906386971590109, 6059604.805749835446477 ], [ 526511.579431718448177, 6059643.686654219403863 ], [ 526506.968208137899637, 6059641.804949928075075 ], [ 526579.437885412946343, 6059599.113321461714804 ], [ 526583.90638697205577, 6059604.805749835446477 ] ] } },
{ "type": "Feature", "properties": { "layer": "WBK_WEG_TEMP" }, "geometry": { "type": "Polygon", "coordinates": [ [ [ 526583.906386971590109, 6059604.805749835446477, 0.0 ], [ 526511.579431718448177, 6059643.686654219403863, 0.0 ], [ 526506.968208137899637, 6059641.804949928075075, 0.0 ], [ 526579.437885412946343, 6059599.113321461714804, 0.0 ], [ 526583.906386971590109, 6059604.805749835446477, 0.0 ] ] ] } },
{ "type": "Feature", "properties": { "layer": "WBK_WEG_TEMP" }, "geometry": { "type": "LineString", "coordinates": [ [ 526888.724922951543704, 6059504.287104560062289 ], [ 526757.571678329142742, 6059544.362121630460024 ], [ 526700.017805051989853, 6059307.558999160304666 ], [ 526633.076217448455282, 6059347.935509020462632 ], [ 526628.080857122899033, 6059344.95254282373935 ], [ 526700.910720618790947, 6059294.687360459938645 ], [ 526759.336137348902412, 6059536.694059610366821 ], [ 526887.734378956374712, 6059496.075673621147871 ], [ 526888.724922951543704, 6059504.287104560062289 ] ] } },
{ "type": "Feature", "properties": { "layer": "WBK_WEG_TEMP" }, "geometry": { "type": "Polygon", "coordinates": [ [ [ 526888.724922951543704, 6059504.287104560062289, 0.0 ], [ 526757.571678329142742, 6059544.362121630460024, 0.0 ], [ 526700.017805051989853, 6059307.558999160304666, 0.0 ], [ 526633.076217448455282, 6059347.935509020462632, 0.0 ], [ 526628.080857122899033, 6059344.95254282373935, 0.0 ], [ 526700.910720618790947, 6059294.687360459938645, 0.0 ], [ 526759.336137348902412, 6059536.694059610366821, 0.0 ], [ 526887.734378956374712, 6059496.075673621147871, 0.0 ], [ 526888.724922951543704, 6059504.287104560062289, 0.0 ] ] ] } },
{ "type": "Feature", "properties": { "layer": "WBK_WEG_TEMP" }, "geometry": { "type": "LineString", "coordinates": [ [ 526955.887485649785958, 6058891.896002526395023 ], [ 526917.987901652464643, 6058939.521045478060842 ], [ 526813.587345686275512, 6058900.396677056327462 ], [ 526800.455892274039797, 6058931.748221103101969 ], [ 526797.449046327965334, 6058929.822228317148983 ], [ 526811.474097639555112, 6058895.446191241033375 ], [ 526916.530284811742604, 6058934.890509903430939 ], [ 526952.969572000205517, 6058889.828903304412961 ], [ 526955.85970337013714, 6058891.876321090385318 ] ] } },
{ "type": "Feature", "properties": { "layer": "WBK_WEG_TEMP" }, "geometry": { "type": "MultiLineString", "coordinates": [ [ [ 526955.887485649785958, 6058891.896002526395023, 0.0 ], [ 526917.987901652464643, 6058939.521045478060842, 0.0 ] ], [ [ 526917.987901652464643, 6058939.521045478060842, 0.0 ], [ 526813.587345686275512, 6058900.396677056327462, 0.0 ] ], [ [ 526813.587345686275512, 6058900.396677056327462, 0.0 ], [ 526800.455892274039797, 6058931.748221103101969, 0.0 ] ], [ [ 526800.455892274039797, 6058931.748221103101969, 0.0 ], [ 526797.449046327965334, 6058929.822228317148983, 0.0 ] ], [ [ 526797.449046327965334, 6058929.822228317148983, 0.0 ], [ 526811.474097639555112, 6058895.446191241033375, 0.0 ] ], [ [ 526811.474097639555112, 6058895.446191241033375, 0.0 ], [ 526916.530284811742604, 6058934.890509903430939, 0.0 ] ], [ [ 526916.530284811742604, 6058934.890509903430939, 0.0 ], [ 526952.969572000205517, 6058889.828903304412961, 0.0 ] ], [ [ 526952.969572000205517, 6058889.828903304412961, 0.0 ], [ 526955.85970337013714, 6058891.876321090385318, 0.0 ] ] ] } },
{ "type": "Feature", "properties": { "layer": "WBK_WEG_TEMP" }, "geometry": { "type": "LineString", "coordinates": [ [ 526248.7270011495566, 6060283.551200305111706 ], [ 526300.748655910021625, 6060060.240825487300754 ], [ 526298.024207934853621, 6060056.653410250321031 ], [ 526245.147091534570791, 6060282.662063531577587 ], [ 526248.727001149905846, 6060283.551200305111706 ] ] } },
{ "type": "Feature", "properties": { "layer": "WBK_WEG_TEMP" }, "geometry": { "type": "Polygon", "coordinates": [ [ [ 526248.7270011495566, 6060283.551200305111706, 0.0 ], [ 526300.748655910021625, 6060060.240825487300754, 0.0 ], [ 526298.024207934853621, 6060056.653410250321031, 0.0 ], [ 526245.147091534570791, 6060282.662063531577587, 0.0 ], [ 526248.7270011495566, 6060283.551200305111706, 0.0 ] ] ] } }
]
}
