{
"type": "FeatureCollection",
"name": "WBK_AUSHOLZUNG",
"crs": { "type": "name", "properties": { "name": "urn:ogc:def:crs:EPSG::25832" } },
"features": [
{ "type": "Feature", "properties": { "layer": "WBK_AUSHOLZUNG" }, "geometry": { "type": "MultiLineString", "coordinates": [ [ [ 527872.183243174105883, 6041567.040076843462884, 0.0 ], [ 527868.493401631712914, 6041587.772941347211599, 0.0 ], [ 527866.832476325333118, 6041597.642876242287457, 0.0 ], [ 527865.205550786107779, 6041607.515810900367796, 0.0 ], [ 527863.611625019460917, 6041617.390745338052511, 0.0 ], [ 527862.050699010491371, 6041627.269679536111653, 0.0 ], [ 527860.52377275377512, 6041637.151613499037921, 0.0 ], [ 527859.02884628623724, 6041647.035547244362533, 0.0 ], [ 527857.566919580101967, 6041656.923480751924217, 0.0 ], [ 527856.13799262046814, 6041666.813414040021598, 0.0 ], [ 527854.743065431714058, 6041676.706347086466849, 0.0 ], [ 527853.380138024687767, 6041686.603279907256365, 0.0 ], [ 527852.050210375338793, 6041696.50221249833703, 0.0 ], [ 527850.753282494843006, 6041706.404144865460694, 0.0 ], [ 527849.489354375749826, 6041716.309076998382807, 0.0 ], [ 527848.258426025509834, 6041726.217008902691305, 0.0 ], [ 527847.06049744784832, 6041736.12794057559222, 0.0 ], [ 527845.894568637013435, 6041746.041872024536133, 0.0 ], [ 527844.762639578431845, 6041755.957803247496486, 0.0 ], [ 527843.662710301578045, 6041765.877734237350523, 0.0 ], [ 527842.595780786126852, 6041775.799665004946291, 0.0 ], [ 527841.561851039528847, 6041785.725595531053841, 0.0 ], [ 527840.56092106923461, 6041795.653525839559734, 0.0 ], [ 527839.591990854591131, 6041805.585455914959311, 0.0 ], [ 527839.0700294226408, 6041811.088417077437043, 0.0 ], [ 527838.657060403376818, 6041815.519385760650039, 0.0 ], [ 527837.754129726439714, 6041825.456315382383764, 0.0 ], [ 527837.659137163311243, 6041826.524307805113494, 0.0 ], [ 527836.884198814630508, 6041835.396244774572551, 0.0 ], [ 527836.046267673373222, 6041845.339173942804337, 0.0 ], [ 527835.242336295545101, 6041855.285102874040604, 0.0 ], [ 527834.47040468454361, 6041865.233031587675214, 0.0 ], [ 527833.731472846120596, 6041875.184960067272186, 0.0 ], [ 527833.025540769100189, 6041885.138888319954276, 0.0 ], [ 527832.35260846465826, 6041895.096816337667406, 0.0 ], [ 527831.711675923317671, 6041905.056744137778878, 0.0 ], [ 527831.103743158280849, 6041915.020671701058745, 0.0 ], [ 527830.529810152947903, 6041924.986599035561085, 0.0 ], [ 527829.987876906991005, 6041934.955526145175099, 0.0 ], [ 527829.477943442761898, 6041944.927453030832112, 0.0 ], [ 527829.002009741961956, 6041954.902379680424929, 0.0 ], [ 527828.559075802564621, 6041964.880306099541485, 0.0 ], [ 527828.148141637444496, 6041974.861232295632362, 0.0 ], [ 527827.771207220852375, 6041984.844158262014389, 0.0 ], [ 527827.426272578537464, 6041994.831083996221423, 0.0 ], [ 527827.114337719976902, 6042004.821009501814842, 0.0 ], [ 527826.835402600467205, 6042014.812934783287346, 0.0 ], [ 527826.590467255562544, 6042024.807859828695655, 0.0 ], [ 527826.377531684935093, 6042034.806784640997648, 0.0 ], [ 527826.19759588688612, 6042044.80770923383534, 0.0 ], [ 527826.050659831613302, 6042054.811633594334126, 0.0 ], [ 527825.936723202466965, 6042064.762558153830469, 0.0 ], [ 527825.936723202466965, 6042064.762558153830469, 0.0 ] ], [ [ 527912.375012140721083, 6041579.22973111551255, 0.0 ], [ 527912.152134638279676, 6041598.463585314340889, 0.0 ], [ 527911.858200185000896, 6041608.541510032489896, 0.0 ], [ 527911.530265972018242, 6041618.615434995852411, 0.0 ], [ 527911.169331986457109, 6041628.686360190622509, 0.0 ], [ 527910.774398252367973, 6041638.754285618662834, 0.0 ], [ 527910.345464736223221, 6041648.818211290985346, 0.0 ], [ 527909.883531458675861, 6041658.878137200139463, 0.0 ], [ 527909.387598417699337, 6041668.935063349083066, 0.0 ], [ 527908.858665607869625, 6041678.988989728502929, 0.0 ], [ 527908.295733038336039, 6041689.038916349411011, 0.0 ], [ 527907.698800709098577, 6041699.085843208245933, 0.0 ], [ 527907.068868611007929, 6041709.128770302981138, 0.0 ], [ 527906.405936755239964, 6041719.168697631917894, 0.0 ], [ 527905.709005113691092, 6041729.204625202342868, 0.0 ], [ 527904.979073710739613, 6041739.237553001381457, 0.0 ], [ 527904.215142566710711, 6041749.267481039278209, 0.0 ], [ 527903.418211624026299, 6041759.293409314006567, 0.0 ], [ 527902.58828092366457, 6041769.315337827429175, 0.0 ], [ 527901.724350467324257, 6041779.335266570560634, 0.0 ], [ 527900.827420234680176, 6041789.350195556879044, 0.0 ], [ 527900.080476582050323, 6041797.411138555966318, 0.0 ], [ 527899.896490249782801, 6041799.363124772906303, 0.0 ], [ 527898.932560499757528, 6041809.372054227627814, 0.0 ], [ 527897.935630969703197, 6041819.376983920112252, 0.0 ], [ 527897.485662091523409, 6041823.783953020349145, 0.0 ], [ 527896.904701668769121, 6041829.378913848660886, 0.0 ], [ 527895.840772613883018, 6041839.377844005823135, 0.0 ], [ 527894.743843782693148, 6041849.37277440354228, 0.0 ], [ 527893.612915206700563, 6041859.364705037325621, 0.0 ], [ 527892.44898683950305, 6041869.352635907009244, 0.0 ], [ 527891.251058727502823, 6041879.337567015551031, 0.0 ], [ 527890.020130839198828, 6041889.3184983599931, 0.0 ], [ 527888.756203174591064, 6041899.296429935842752, 0.0 ], [ 527887.459275748580694, 6041909.27136174403131, 0.0 ], [ 527886.128348559141159, 6041919.242293793708086, 0.0 ], [ 527884.764421608299017, 6041929.210226071998477, 0.0 ], [ 527883.36649489030242, 6041939.174158596433699, 0.0 ], [ 527881.935568399727345, 6041949.135091353207827, 0.0 ], [ 527880.470642149448395, 6041959.092024351470172, 0.0 ], [ 527878.972716130316257, 6041969.045957580208778, 0.0 ], [ 527877.441790349781513, 6041978.996891039423645, 0.0 ], [ 527875.876864805817604, 6041988.943824743852019, 0.0 ], [ 527874.278939493000507, 6041998.886758684180677, 0.0 ], [ 527872.647014405578375, 6042008.827692855149508, 0.0 ], [ 527870.981089562177658, 6042018.763627275824547, 0.0 ], [ 527869.282164968550205, 6042028.697561920620501, 0.0 ], [ 527867.550240579992533, 6042038.627496802248061, 0.0 ], [ 527865.784316439181566, 6042048.553431930020452, 0.0 ], [ 527863.984392534941435, 6042058.476367292925715, 0.0 ], [ 527862.124468896538019, 6042068.367303279228508, 0.0 ], [ 527862.124468896538019, 6042068.367303279228508, 0.0 ] ], [ [ 527872.183243174105883, 6041567.040076843462884, 0.0 ], [ 527912.375012140721083, 6041579.22973111551255, 0.0 ] ], [ [ 527825.936723202466965, 6042064.762558153830469, 0.0 ], [ 527862.124468896538019, 6042068.367303279228508, 0.0 ] ], [ [ 527825.936723202466965, 6042064.762558153830469, 0.0 ], [ 527822.515873931348324, 6042084.592427878640592, 0.0 ], [ 527820.889948759227991, 6042094.524362079799175, 0.0 ], [ 527819.29902333766222, 6042104.460296031087637, 0.0 ], [ 527817.742097679525614, 6042114.399229744449258, 0.0 ], [ 527816.220171771943569, 6042124.34216320887208, 0.0 ], [ 527814.733245622366667, 6042134.288096430711448, 0.0 ], [ 527813.281319227069616, 6042144.238029401749372, 0.0 ], [ 527811.863392598927021, 6042154.191962127573788, 0.0 ], [ 527810.480465717613697, 6042164.147894618101418, 0.0 ], [ 527809.131538603454828, 6042174.108826858922839, 0.0 ], [ 527807.817611247301102, 6042184.072758855298162, 0.0 ], [ 527806.537683643400669, 6042194.04069060832262, 0.0 ], [ 527805.292755793780088, 6042204.011622119694948, 0.0 ], [ 527804.08282770588994, 6042213.985553386621177, 0.0 ], [ 527802.906899373978376, 6042223.964484400115907, 0.0 ], [ 527801.765970803797245, 6042233.945415181107819, 0.0 ], [ 527800.659041982144117, 6042243.930345717817545, 0.0 ], [ 527799.586112931370735, 6042253.919276007451117, 0.0 ], [ 527798.566182430833578, 6042263.742207238450646, 0.0 ], [ 527798.566182430833578, 6042263.742207238450646, 0.0 ], [ 527798.548183638602495, 6042263.911206058226526, 0.0 ], [ 527797.545254088938236, 6042273.907135856337845, 0.0 ], [ 527796.576324306428432, 6042283.906065419316292, 0.0 ], [ 527795.642394278198481, 6042293.908994731493294, 0.0 ], [ 527794.742464017122984, 6042303.915923798456788, 0.0 ], [ 527793.876533515751362, 6042313.925852628424764, 0.0 ], [ 527793.046602766960859, 6042323.938781212083995, 0.0 ], [ 527792.249671772122383, 6042333.955709555186331, 0.0 ], [ 527791.487740535289049, 6042343.975637657567859, 0.0 ], [ 527790.760809067636728, 6042353.999565507285297, 0.0 ], [ 527790.067877344787121, 6042364.027493114583194, 0.0 ], [ 527789.409945379942656, 6042374.058420478366315, 0.0 ], [ 527788.786013178527355, 6042384.092347607016563, 0.0 ], [ 527788.197080742567778, 6042394.130274483934045, 0.0 ], [ 527787.6431480422616, 6042404.172201110050082, 0.0 ], [ 527787.123215112835169, 6042414.217127500101924, 0.0 ], [ 527786.63828195258975, 6042424.266053639352322, 0.0 ], [ 527786.187348529696465, 6042434.317979542538524, 0.0 ], [ 527785.771414868533611, 6042444.373905193991959, 0.0 ], [ 527785.390480972826481, 6042454.432830605655909, 0.0 ], [ 527785.108546327799559, 6042464.496755353175104, 0.0 ], [ 527785.108546327799559, 6042464.496755353175104, 0.0 ] ], [ [ 527862.124468896538019, 6042068.367303279228508, 0.0 ], [ 527861.431600697338581, 6042088.508153488859534, 0.0 ], [ 527861.016667045652866, 6042098.564079135656357, 0.0 ], [ 527860.566733624786139, 6042108.618005016818643, 0.0 ], [ 527860.08180046826601, 6042118.66793114785105, 0.0 ], [ 527859.561867531388998, 6042128.713857528753579, 0.0 ], [ 527859.007934845983982, 6042138.755784156732261, 0.0 ], [ 527858.419002410024405, 6042148.795711018145084, 0.0 ], [ 527857.796070218086243, 6042158.830638131126761, 0.0 ], [ 527857.138138249516487, 6042168.862565487623215, 0.0 ], [ 527856.445206541568041, 6042178.891493087634444, 0.0 ], [ 527855.71827507391572, 6042188.91642093192786, 0.0 ], [ 527854.956343851983547, 6042198.937349024228752, 0.0 ], [ 527854.159412872046232, 6042208.95527736004442, 0.0 ], [ 527853.328482117503881, 6042218.969205939210951, 0.0 ], [ 527852.463551610708237, 6042228.980134758166969, 0.0 ], [ 527851.562621366232634, 6042238.988063825294375, 0.0 ], [ 527850.628691341727972, 6042248.990993137471378, 0.0 ], [ 527849.65976157784462, 6042258.991922683082521, 0.0 ], [ 527848.674830701202154, 6042268.798853814601898, 0.0 ], [ 527848.655832037329674, 6042268.987852487713099, 0.0 ], [ 527848.649832457304001, 6042269.047852068208158, 0.0 ], [ 527847.617902744561434, 6042278.981782522052526, 0.0 ], [ 527846.544973697513342, 6042288.970712815411389, 0.0 ], [ 527845.438044894486666, 6042298.957643334753811, 0.0 ], [ 527844.296116340905428, 6042308.939574114046991, 0.0 ], [ 527843.119188014417887, 6042318.918505134992301, 0.0 ], [ 527841.908259946852922, 6042328.894436392001808, 0.0 ], [ 527840.663332100957632, 6042338.866367895156145, 0.0 ], [ 527839.38340450450778, 6042348.835299640893936, 0.0 ], [ 527838.069477163255215, 6042358.800231629982591, 0.0 ], [ 527836.719550054520369, 6042368.761163875460625, 0.0 ], [ 527835.336623173207045, 6042378.719096352346241, 0.0 ], [ 527833.918696541339159, 6042388.67302907910198, 0.0 ], [ 527832.465770170092583, 6042398.623962047509849, 0.0 ], [ 527830.977844029664993, 6042408.571895260363817, 0.0 ], [ 527829.45591813698411, 6042418.514828723855317, 0.0 ], [ 527827.898992482572794, 6042428.455762424506247, 0.0 ], [ 527826.308067072182894, 6042438.391696373932064, 0.0 ], [ 527824.682141900062561, 6042448.325630559585989, 0.0 ], [ 527823.021216981112957, 6042458.254565004259348, 0.0 ], [ 527821.290292628109455, 6042468.19149982649833, 0.0 ], [ 527821.290292628109455, 6042468.19149982649833, 0.0 ] ], [ [ 527785.108546327799559, 6042464.496755353175104, 0.0 ], [ 527821.290292628109455, 6042468.19149982649833, 0.0 ] ], [ [ 527785.108546327799559, 6042464.496755353175104, 0.0 ], [ 527781.516697779297829, 6042484.231626881286502, 0.0 ], [ 527779.770773142576218, 6042494.103562292642891, 0.0 ], [ 527778.058848276734352, 6042503.979497463442385, 0.0 ], [ 527776.378923185169697, 6042513.859432402998209, 0.0 ], [ 527774.732997845858335, 6042523.742367105558515, 0.0 ], [ 527773.121072273701429, 6042533.628301570191979, 0.0 ], [ 527771.541146479547024, 6042543.518235802650452, 0.0 ], [ 527769.995220448821783, 6042553.411169799976051, 0.0 ], [ 527768.48229419067502, 6042563.30710357055068, 0.0 ], [ 527767.002367697656155, 6042573.207037098705769, 0.0 ], [ 527765.556440956890583, 6042583.110970383509994, 0.0 ], [ 527764.142514005303383, 6042593.016903452575207, 0.0 ], [ 527762.762586798518896, 6042602.926836275495589, 0.0 ], [ 527761.415659379214048, 6042612.840768865309656, 0.0 ], [ 527760.101731721311808, 6042622.757701219990849, 0.0 ], [ 527758.821803823113441, 6042632.677633338607848, 0.0 ], [ 527757.573875691741705, 6042642.600565236061811, 0.0 ], [ 527756.359947331249714, 6042652.527496888302267, 0.0 ], [ 527755.178018763661385, 6042662.458428308367729, 0.0 ], [ 527754.030089933425188, 6042672.392359491437674, 0.0 ], [ 527752.91516087949276, 6042682.329290446825325, 0.0 ], [ 527751.833231590688229, 6042692.269221169874072, 0.0 ], [ 527750.784302074462175, 6042702.213151655159891, 0.0 ], [ 527750.294335659593344, 6042706.96211838722229, 0.0 ], [ 527750.26933740824461, 6042707.211116638034582, 0.0 ], [ 527749.76837233453989, 6042712.160081910900772, 0.0 ], [ 527748.785442344844341, 6042722.111011927947402, 0.0 ], [ 527747.835512146353722, 6042732.064941715449095, 0.0 ], [ 527746.919581681489944, 6042742.021871265955269, 0.0 ], [ 527746.035651009529829, 6042751.982800584286451, 0.0 ], [ 527745.185720097273588, 6042761.946729668416083, 0.0 ], [ 527744.367788966745138, 6042771.914658518508077, 0.0 ], [ 527743.583857588469982, 6042781.885587133467197, 0.0 ], [ 527742.832925986498594, 6042791.859515517018735, 0.0 ], [ 527742.114994142204523, 6042801.837443663738668, 0.0 ], [ 527741.43006207421422, 6042811.81837157998234, 0.0 ], [ 527740.778129771351814, 6042821.80229926481843, 0.0 ], [ 527740.160197231918573, 6042831.790226707234979, 0.0 ], [ 527739.57526445761323, 6042841.781153919175267, 0.0 ], [ 527739.023331470787525, 6042851.776080893352628, 0.0 ], [ 527738.504398234188557, 6042861.774007637053728, 0.0 ], [ 527738.018464758992195, 6042871.774934149347246, 0.0 ], [ 527737.566531054675579, 6042881.7798604182899, 0.0 ], [ 527737.147597134113312, 6042891.787786458618939, 0.0 ], [ 527736.76166296005249, 6042901.799712258391082, 0.0 ], [ 527736.409728553146124, 6042911.814637823961675, 0.0 ], [ 527736.090793933719397, 6042921.833563148975372, 0.0 ], [ 527735.804859057068825, 6042931.854488253593445, 0.0 ], [ 527735.552923951297998, 6042941.880413105711341, 0.0 ], [ 527735.33398849889636, 6042951.890337873250246, 0.0 ], [ 527735.33398849889636, 6042951.890337873250246, 0.0 ] ], [ [ 527821.290292628109455, 6042468.19149982649833, 0.0 ], [ 527820.850421972572803, 6042488.24834909196943, 0.0 ], [ 527820.56548709794879, 6042498.270274180918932, 0.0 ], [ 527820.246552459895611, 6042508.288199516944587, 0.0 ], [ 527819.893618062138557, 6042518.30312508624047, 0.0 ], [ 527819.507683899253607, 6042528.315050887875259, 0.0 ], [ 527819.088749963790178, 6042538.322976926341653, 0.0 ], [ 527818.636816259473562, 6042548.327903195284307, 0.0 ], [ 527818.151882786303759, 6042558.328829701989889, 0.0 ], [ 527817.632949564605951, 6042568.326756445690989, 0.0 ], [ 527817.081016555428505, 6042578.32168341986835, 0.0 ], [ 527816.495083790272474, 6042588.312610638327897, 0.0 ], [ 527815.877151258289814, 6042598.300538080744445, 0.0 ], [ 527815.225218947976828, 6042608.28446576371789, 0.0 ], [ 527814.540286883711815, 6042618.266393674537539, 0.0 ], [ 527813.822355050593615, 6042628.243321829475462, 0.0 ], [ 527813.071423441171646, 6042638.218250203877687, 0.0 ], [ 527812.287492070347071, 6042648.188178826123476, 0.0 ], [ 527811.470560915768147, 6042658.156107671558857, 0.0 ], [ 527810.619630008935928, 6042668.120036759413779, 0.0 ], [ 527809.735699348151684, 6042678.080966079607606, 0.0 ], [ 527808.819768887013197, 6042688.03789563011378, 0.0 ], [ 527807.869838677346706, 6042697.991825416684151, 0.0 ], [ 527806.886908698827028, 6042707.942755433730781, 0.0 ], [ 527806.40594220906496, 6042712.692722103558481, 0.0 ], [ 527806.380943961441517, 6042712.940720362588763, 0.0 ], [ 527805.870978944003582, 6042717.889685690402985, 0.0 ], [ 527804.8220494389534, 6042727.833616175688803, 0.0 ], [ 527803.739120155572891, 6042737.774546897038817, 0.0 ], [ 527802.624191112816334, 6042747.711477851495147, 0.0 ], [ 527801.476262271404266, 6042757.644409042783082, 0.0 ], [ 527800.294333703815937, 6042767.575340462848544, 0.0 ], [ 527799.079405341297388, 6042777.502272119745612, 0.0 ], [ 527797.83247721940279, 6042787.425204010680318, 0.0 ], [ 527796.551549319177866, 6042797.345136138610542, 0.0 ], [ 527795.237621657550335, 6042807.262068494223058, 0.0 ], [ 527793.88969425112009, 6042817.176001086831093, 0.0 ], [ 527792.509767044335604, 6042827.085933910682797, 0.0 ], [ 527791.095840085297823, 6042836.991866981610656, 0.0 ], [ 527789.649913351982832, 6042846.895800267346203, 0.0 ], [ 527788.169986855238676, 6042856.79473380278796, 0.0 ], [ 527786.656060602515936, 6042866.691667568869889, 0.0 ], [ 527785.110134568065405, 6042876.584601565264165, 0.0 ], [ 527783.53020877763629, 6042886.474535800516605, 0.0 ], [ 527781.917283225804567, 6042896.360470271669328, 0.0 ], [ 527780.270357888191938, 6042906.243404980748892, 0.0 ], [ 527778.59143278747797, 6042916.122339921072125, 0.0 ], [ 527776.878507923334837, 6042925.99827509559691, 0.0 ], [ 527775.13158331438899, 6042935.87121050991118, 0.0 ], [ 527773.351658914238214, 6042945.740146161057055, 0.0 ], [ 527771.512734819203615, 6042955.585082365199924, 0.0 ], [ 527771.512734819203615, 6042955.585082365199924, 0.0 ] ], [ [ 527735.33398849889636, 6042951.890337873250246, 0.0 ], [ 527771.512734819203615, 6042955.585082365199924, 0.0 ] ], [ [ 527735.33398849889636, 6042951.890337873250246, 0.0 ], [ 527731.912138514220715, 6042971.60620847530663, 0.0 ], [ 527730.283212952315807, 6042981.473143195733428, 0.0 ], [ 527728.689287144690752, 6042991.343077668920159, 0.0 ], [ 527727.129361093044281, 6043001.216011906974018, 0.0 ], [ 527725.603434816002846, 6043011.092945901677012, 0.0 ], [ 527724.111508283764124, 6043020.973879652097821, 0.0 ], [ 527722.654581513255835, 6043030.857813159003854, 0.0 ], [ 527721.231654517352581, 6043040.745746422559023, 0.0 ], [ 527719.84272725880146, 6043050.636679450981319, 0.0 ], [ 527718.487799771130085, 6043060.530612240545452, 0.0 ], [ 527717.166872050613165, 6043070.428544784896076, 0.0 ], [ 527715.880944091826677, 6043080.330477080307901, 0.0 ], [ 527714.628015894442797, 6043090.235409147106111, 0.0 ], [ 527713.410087432712317, 6043100.143340969458222, 0.0 ], [ 527712.226158760488033, 6043110.055272545665503, 0.0 ], [ 527711.075229838490486, 6043119.971203886903822, 0.0 ], [ 527709.959300678223372, 6043129.890134984627366, 0.0 ], [ 527708.877371273934841, 6043139.812065845355392, 0.0 ], [ 527707.829441647976637, 6043149.737996463663876, 0.0 ], [ 527707.329475954174995, 6043154.591962453909218, 0.0 ], [ 527707.329475954174995, 6043154.591962453909218, 0.0 ], [ 527706.815511759370565, 6043159.66692684404552, 0.0 ], [ 527705.836581639945507, 6043169.599856972694397, 0.0 ], [ 527704.890651296824217, 6043179.536786865442991, 0.0 ], [ 527703.978720705956221, 6043189.475716529414058, 0.0 ], [ 527703.100789867341518, 6043199.419645939953625, 0.0 ], [ 527702.257858786731958, 6043209.365575117059052, 0.0 ], [ 527701.447927486151457, 6043219.316504047252238, 0.0 ], [ 527700.672995932400227, 6043229.269432742148638, 0.0 ], [ 527699.931064158678055, 6043239.227361193858087, 0.0 ], [ 527699.224132131785154, 6043249.187289408408105, 0.0 ], [ 527698.551199857145548, 6043259.15121737960726, 0.0 ], [ 527697.912267353385687, 6043269.119145106524229, 0.0 ], [ 527697.306334614753723, 6043279.090072602033615, 0.0 ], [ 527696.73640163987875, 6043289.064999842084944, 0.0 ], [ 527696.199468404054642, 6043299.042926851660013, 0.0 ], [ 527695.696534942835569, 6043309.023853626102209, 0.0 ], [ 527695.22860124334693, 6043319.009780140593648, 0.0 ], [ 527694.793667305260897, 6043328.99770643375814, 0.0 ], [ 527694.393733125180006, 6043338.989632476121187, 0.0 ], [ 527694.028798699378967, 6043348.985558266751468, 0.0 ], [ 527693.735863700509071, 6043358.976483644917607, 0.0 ], [ 527693.735863700509071, 6043358.976483644917607, 0.0 ] ], [ [ 527771.512734819203615, 6042955.585082365199924, 0.0 ], [ 527770.850865498185158, 6042975.582933473400772, 0.0 ], [ 527770.450931314378977, 6042985.574859518557787, 0.0 ], [ 527770.016997367143631, 6042995.563785794191062, 0.0 ], [ 527769.549063660204411, 6043005.548712317831814, 0.0 ], [ 527769.046130198985338, 6043015.529639091342688, 0.0 ], [ 527768.510196980088949, 6043025.507566094398499, 0.0 ], [ 527767.939263992011547, 6043035.482493340037763, 0.0 ], [ 527767.334331247955561, 6043045.453420830890536, 0.0 ], [ 527766.694398749619722, 6043055.421348565258086, 0.0 ], [ 527766.021466478705406, 6043065.385276534594595, 0.0 ], [ 527765.313534460961819, 6043075.346204748377204, 0.0 ], [ 527764.572602681815624, 6043085.303133200854063, 0.0 ], [ 527763.796671118587255, 6043095.256061903201044, 0.0 ], [ 527762.986739818006754, 6043105.206990832462907, 0.0 ], [ 527762.142808746546507, 6043115.152920015156269, 0.0 ], [ 527761.264877922832966, 6043125.096849427558482, 0.0 ], [ 527760.351947333663702, 6043135.035779098048806, 0.0 ], [ 527759.406016983091831, 6043144.972708988934755, 0.0 ], [ 527758.426086861640215, 6043154.904639132320881, 0.0 ], [ 527757.934121143072844, 6043159.760605058632791, 0.0 ], [ 527757.934121143072844, 6043159.760605058632791, 0.0 ], [ 527757.411156997084618, 6043164.834569511935115, 0.0 ], [ 527756.363227359950542, 6043174.760500129312277, 0.0 ], [ 527755.280297975987196, 6043184.682430997490883, 0.0 ], [ 527754.164368808269501, 6043194.601362094283104, 0.0 ], [ 527753.013439893722534, 6043204.516293441876769, 0.0 ], [ 527751.82951120659709, 6043214.428225019946694, 0.0 ], [ 527750.610582768917084, 6043224.337156841531396, 0.0 ], [ 527749.357654578983784, 6043234.242088906466961, 0.0 ], [ 527748.070726606994867, 6043244.14302121847868, 0.0 ], [ 527746.749798879027367, 6043254.040953762829304, 0.0 ], [ 527745.394871402531862, 6043263.935886545106769, 0.0 ], [ 527744.005944151431322, 6043273.82681957166642, 0.0 ], [ 527742.583017140626907, 6043283.713752842508256, 0.0 ], [ 527741.125090375542641, 6043293.597686355002224, 0.0 ], [ 527739.634163849055767, 6043303.478620097972453, 0.0 ], [ 527738.108237564563751, 6043313.355554092675447, 0.0 ], [ 527736.54831151664257, 6043323.229488323442638, 0.0 ], [ 527734.954385712742805, 6043333.09942280035466, 0.0 ], [ 527733.326460130512714, 6043342.9653575187549, 0.0 ], [ 527731.663534816354513, 6043352.828292480669916, 0.0 ], [ 527729.935609862208366, 6043362.673227988183498, 0.0 ], [ 527729.935609862208366, 6043362.673227988183498, 0.0 ] ], [ [ 527693.735863700509071, 6043358.976483644917607, 0.0 ], [ 527729.935609862208366, 6043362.673227988183498, 0.0 ] ], [ [ 527693.735863700509071, 6043358.976483644917607, 0.0 ], [ 527690.281015027314425, 6043378.861353162676096, 0.0 ], [ 527688.619090236723423, 6043388.811287451535463, 0.0 ], [ 527686.992165200412273, 6043398.764221497811377, 0.0 ], [ 527685.400239922106266, 6043408.721155295148492, 0.0 ], [ 527683.842314403504133, 6043418.681088854558766, 0.0 ], [ 527682.318388648331165, 6043428.645022169686854, 0.0 ], [ 527680.829462639987469, 6043438.611955244094133, 0.0 ], [ 527679.375536397099495, 6043448.582888064906001, 0.0 ], [ 527677.956609919667244, 6043458.55782063677907, 0.0 ], [ 527676.570683188736439, 6043468.534752987325191, 0.0 ], [ 527675.220756210386753, 6043478.516685073263943, 0.0 ], [ 527673.904828984290361, 6043488.501616921275854, 0.0 ], [ 527672.622901532799006, 6043498.489548533223569, 0.0 ], [ 527671.375973831862211, 6043508.481479895301163, 0.0 ], [ 527670.163045894354582, 6043518.477411012165248, 0.0 ], [ 527668.985117714852095, 6043528.476341887377203, 0.0 ], [ 527667.841189287602901, 6043538.478272524662316, 0.0 ], [ 527666.732260629534721, 6043548.48420291300863, 0.0 ], [ 527665.657331723719835, 6043558.494133057072759, 0.0 ], [ 527664.633401460945606, 6043568.351064052432775, 0.0 ], [ 527664.617402564734221, 6043568.507062958553433, 0.0 ], [ 527664.608403228223324, 6043568.60006230417639, 0.0 ], [ 527663.611473176628351, 6043578.523992615751922, 0.0 ], [ 527662.640543539077044, 6043588.543922029435635, 0.0 ], [ 527661.703613668680191, 6043598.567851198837161, 0.0 ], [ 527660.8016835488379, 6043608.594780128449202, 0.0 ], [ 527659.933753207325935, 6043618.625708810985088, 0.0 ], [ 527659.099822599440813, 6043628.659637254662812, 0.0 ], [ 527658.300891757011414, 6043638.697565451264381, 0.0 ], [ 527657.536960672587156, 6043648.738493404351175, 0.0 ], [ 527656.807029359042645, 6043658.783421114087105, 0.0 ], [ 527656.112097773700953, 6043668.831348581239581, 0.0 ], [ 527655.451165966689587, 6043678.883275801315904, 0.0 ], [ 527654.825233910232782, 6043688.93820278160274, 0.0 ], [ 527654.233301620930433, 6043698.997129517607391, 0.0 ], [ 527653.676369085907936, 6043709.060056000947952, 0.0 ], [ 527653.154436301440001, 6043719.12598224170506, 0.0 ], [ 527652.66650328040123, 6043729.194908247329295, 0.0 ], [ 527652.213570013642311, 6043739.26883399579674, 0.0 ], [ 527651.795636501163244, 6043749.344759508036077, 0.0 ], [ 527651.411702752113342, 6043759.424684775993228, 0.0 ], [ 527651.062768764793873, 6043769.508609793148935, 0.0 ], [ 527650.795834150165319, 6043779.593534288927913, 0.0 ], [ 527650.795834150165319, 6043779.593534288927913, 0.0 ] ], [ [ 527729.935609862208366, 6043362.673227988183498, 0.0 ], [ 527729.304741401225328, 6043382.847077555954456, 0.0 ], [ 527728.920807652175426, 6043392.927002822980285, 0.0 ], [ 527728.501874145120382, 6043403.003928335383534, 0.0 ], [ 527728.048940878361464, 6043413.076854090206325, 0.0 ], [ 527727.561007868498564, 6043423.145780097693205, 0.0 ], [ 527727.039075084030628, 6043433.211706336587667, 0.0 ], [ 527726.482142549008131, 6043443.274632821790874, 0.0 ], [ 527725.890210255980492, 6043453.333559557795525, 0.0 ], [ 527725.264278188347816, 6043463.388486536219716, 0.0 ], [ 527724.604346372187138, 6043473.440413752570748, 0.0 ], [ 527723.90841481089592, 6043483.48834122531116, 0.0 ], [ 527723.179483480751514, 6043493.533268926665187, 0.0 ], [ 527722.415552396327257, 6043503.575196873396635, 0.0 ], [ 527721.616621553897858, 6043513.612125078216195, 0.0 ], [ 527720.783690951764584, 6043523.647053511813283, 0.0 ], [ 527719.915760595351458, 6043533.677982191555202, 0.0 ], [ 527719.013830479234457, 6043543.704911118373275, 0.0 ], [ 527718.076900608837605, 6043553.727840295992792, 0.0 ], [ 527717.105970971286297, 6043563.748769704252481, 0.0 ], [ 527716.101041581481695, 6043573.76469936221838, 0.0 ], [ 527716.09104223176837, 6043573.85769871249795, 0.0 ], [ 527716.09104223176837, 6043573.85769871249795, 0.0 ], [ 527715.061112429946661, 6043583.77762926183641, 0.0 ], [ 527713.987183518707752, 6043593.787559401243925, 0.0 ], [ 527712.878254842013121, 6043603.79348978959024, 0.0 ], [ 527711.734326422214508, 6043613.796420418657362, 0.0 ], [ 527710.556398238986731, 6043623.795351291075349, 0.0 ], [ 527709.344470288604498, 6043633.790282412432134, 0.0 ], [ 527708.097542591392994, 6043643.782213774509728, 0.0 ], [ 527706.816615134477615, 6043653.77114537358284, 0.0 ], [ 527705.500687927007675, 6043663.756077220663428, 0.0 ], [ 527704.149760954082012, 6043673.737009320408106, 0.0 ], [ 527702.764834225177765, 6043683.714941655285656, 0.0 ], [ 527701.345907736569643, 6043693.689874228090048, 0.0 ], [ 527699.891981478780508, 6043703.660807051695883, 0.0 ], [ 527698.403055474162102, 6043713.627740124240518, 0.0 ], [ 527696.880129709839821, 6043723.591673432849348, 0.0 ], [ 527695.322204206138849, 6043733.551606993190944, 0.0 ], [ 527693.729278929531574, 6043743.508540796115994, 0.0 ], [ 527692.101353902369738, 6043753.461474848911166, 0.0 ], [ 527690.439429096877575, 6043763.410409147851169, 0.0 ], [ 527688.742504552006721, 6043773.356343686580658, 0.0 ], [ 527686.978580452501774, 6043783.289278746582568, 0.0 ], [ 527686.978580452501774, 6043783.289278746582568, 0.0 ] ], [ [ 527650.795834150165319, 6043779.593534288927913, 0.0 ], [ 527686.978580452501774, 6043783.289278746582568, 0.0 ] ], [ [ 527650.795834150165319, 6043779.593534288927913, 0.0 ], [ 527647.429984129965305, 6043799.371404066681862, 0.0 ], [ 527645.807058610022068, 6043809.253338631242514, 0.0 ], [ 527644.217132870107889, 6043819.13827296718955, 0.0 ], [ 527642.662206877022982, 6043829.026207056827843, 0.0 ], [ 527641.140280652791262, 6043838.918140912428498, 0.0 ], [ 527639.651354197412729, 6043848.813074537552893, 0.0 ], [ 527638.197427492588758, 6043858.711007917299867, 0.0 ], [ 527636.776500545442104, 6043868.611941068433225, 0.0 ], [ 527635.388573382049799, 6043878.516873981803656, 0.0 ], [ 527634.035645961761475, 6043888.42480665165931, 0.0 ], [ 527632.714718323200941, 6043898.336739092133939, 0.0 ], [ 527631.428790435194969, 6043908.250671293586493, 0.0 ], [ 527630.174862321466208, 6043918.168603265658021, 0.0 ], [ 527628.955933965742588, 6043928.090534988790751, 0.0 ], [ 527627.770005375146866, 6043938.01446648593992, 0.0 ], [ 527626.617076553404331, 6043947.942397749051452, 0.0 ], [ 527625.498147491365671, 6043957.873328771442175, 0.0 ], [ 527624.412218201905489, 6043967.80825955979526, 0.0 ], [ 527623.36028866097331, 6043977.745190118439496, 0.0 ], [ 527622.756330095231533, 6043983.604149072431028, 0.0 ], [ 527622.342358890920877, 6043987.686120431870222, 0.0 ], [ 527621.634408976882696, 6043994.798070448450744, 0.0 ], [ 527621.356428898870945, 6043997.631050514988601, 0.0 ], [ 527620.405498653650284, 6044007.577980360947549, 0.0 ], [ 527619.48756817728281, 6044017.528909971937537, 0.0 ], [ 527618.602637477219105, 6044027.482839349657297, 0.0 ], [ 527617.751706525683403, 6044037.440768484026194, 0.0 ], [ 527616.93377535790205, 6044047.401697389781475, 0.0 ], [ 527616.148843947798014, 6044057.365626063197851, 0.0 ], [ 527615.398912277072668, 6044067.332554494030774, 0.0 ], [ 527614.680980395525694, 6044077.303482693620026, 0.0 ], [ 527613.998048268258572, 6044087.277410651557148, 0.0 ], [ 527613.347115911543369, 6044097.254338384605944, 0.0 ], [ 527612.731183305382729, 6044107.23426587600261, 0.0 ], [ 527612.14725049212575, 6044117.21819313429296, 0.0 ], [ 527611.598317410796881, 6044127.205120151862502, 0.0 ], [ 527611.082384124398232, 6044137.196046929806471, 0.0 ], [ 527610.599450577050447, 6044147.189973476342857, 0.0 ], [ 527610.150516804307699, 6044157.186899788677692, 0.0 ], [ 527609.735582783818245, 6044167.18682586401701, 0.0 ], [ 527609.353648543357849, 6044177.190751700662076, 0.0 ], [ 527609.005714066326618, 6044187.197677301242948, 0.0 ], [ 527608.69177933037281, 6044197.207602663896978, 0.0 ], [ 527608.411844361573458, 6044207.22052779328078, 0.0 ], [ 527608.164909169077873, 6044217.23745268303901, 0.0 ], [ 527607.951973732560873, 6044227.258377329446375, 0.0 ], [ 527607.807037837803364, 6044237.288301477208734, 0.0 ], [ 527607.807037837803364, 6044237.288301477208734, 0.0 ] ], [ [ 527686.978580452501774, 6043783.289278746582568, 0.0 ], [ 527686.455710288137197, 6043803.325128694064915, 0.0 ], [ 527686.127775680273771, 6043813.337054129689932, 0.0 ], [ 527685.766841296106577, 6043823.344979804940522, 0.0 ], [ 527685.371907170861959, 6043833.349905715323985, 0.0 ], [ 527684.943973246961832, 6043843.350831864401698, 0.0 ], [ 527684.482039578258991, 6043853.348758251406252, 0.0 ], [ 527683.986106142401695, 6043863.342684879899025, 0.0 ], [ 527683.456172954291105, 6043873.333611746318638, 0.0 ], [ 527682.893239982426167, 6043883.32053885050118, 0.0 ], [ 527682.297307252883911, 6043893.304466184228659, 0.0 ], [ 527681.667374774813652, 6043903.285393755882978, 0.0 ], [ 527681.003442507237196, 6043913.262321569956839, 0.0 ], [ 527680.306510485708714, 6043923.23624961450696, 0.0 ], [ 527679.575578711926937, 6043933.206177905201912, 0.0 ], [ 527678.811647154390812, 6043943.173106422647834, 0.0 ], [ 527678.013715837150812, 6043953.137035179883242, 0.0 ], [ 527677.182784751057625, 6043963.096964173950255, 0.0 ], [ 527676.317853905260563, 6043973.053893403150141, 0.0 ], [ 527675.419923294335604, 6043983.006822873838246, 0.0 ], [ 527674.487992916256189, 6043992.956752577796578, 0.0 ], [ 527673.523062773048878, 6044002.902682519517839, 0.0 ], [ 527672.534132245928049, 6044012.757613307796419, 0.0 ], [ 527672.534132245928049, 6044012.757613307796419, 0.0 ], [ 527672.525132857263088, 6044012.84561269171536, 0.0 ], [ 527671.493203185498714, 6044022.785543102771044, 0.0 ], [ 527670.427273750305176, 6044032.721473756246269, 0.0 ], [ 527669.32834455743432, 6044042.654404639266431, 0.0 ], [ 527668.196415577083826, 6044052.583335760980844, 0.0 ], [ 527667.030486837029457, 6044062.509267119690776, 0.0 ], [ 527665.831558331847191, 6044072.43119871430099, 0.0 ], [ 527664.598630078136921, 6044082.35013054870069, 0.0 ], [ 527663.331702042371035, 6044092.266062617301941, 0.0 ], [ 527662.031774245202541, 6044102.177994921803474, 0.0 ], [ 527660.698846690356731, 6044112.086927460506558, 0.0 ], [ 527659.331919357180595, 6044121.991860242560506, 0.0 ], [ 527657.931992262601852, 6044131.893793253228068, 0.0 ], [ 527656.498065412044525, 6044141.792726501822472, 0.0 ], [ 527655.030138790607452, 6044151.687659994699061, 0.0 ], [ 527653.529212407767773, 6044161.579593716189265, 0.0 ], [ 527651.994286272674799, 6044171.467527681961656, 0.0 ], [ 527650.426360357552767, 6044181.352461881004274, 0.0 ], [ 527648.824434675276279, 6044191.233396320603788, 0.0 ], [ 527647.188509225845337, 6044201.11133099719882, 0.0 ], [ 527645.519584015011787, 6044210.985265913419425, 0.0 ], [ 527643.816659055650234, 6044220.856201065704226, 0.0 ], [ 527642.079734321683645, 6044230.724136454053223, 0.0 ], [ 527640.272810209542513, 6044240.604072188958526, 0.0 ], [ 527640.272810209542513, 6044240.604072188958526, 0.0 ] ], [ [ 527607.807037837803364, 6044237.288301477208734, 0.0 ], [ 527640.272810209542513, 6044240.604072188958526, 0.0 ] ], [ [ 527607.807037837803364, 6044237.288301477208734, 0.0 ], [ 527604.455186299979687, 6044256.841172887943685, 0.0 ], [ 527602.845260068774223, 6044266.62410813011229, 0.0 ], [ 527601.269333593547344, 6044276.410043134354055, 0.0 ], [ 527599.72740687802434, 6044286.199977893382311, 0.0 ], [ 527598.218479953706264, 6044295.993912417441607, 0.0 ], [ 527596.743552774190903, 6044305.790846703574061, 0.0 ], [ 527595.301625359803438, 6044315.590780759230256, 0.0 ], [ 527593.893697697669268, 6044325.393714578822255, 0.0 ], [ 527592.519769810140133, 6044335.201648145914078, 0.0 ], [ 527591.178841687738895, 6044345.011581490747631, 0.0 ], [ 527589.870913349092007, 6044354.825514598749578, 0.0 ], [ 527588.596984747797251, 6044364.642447469756007, 0.0 ], [ 527587.357055928558111, 6044374.46338009648025, 0.0 ], [ 527586.150126859545708, 6044384.287312491796911, 0.0 ], [ 527584.97719756513834, 6044394.115244643762708, 0.0 ], [ 527583.83726803958416, 6044403.946176566183567, 0.0 ], [ 527582.731338270008564, 6044413.78110824432224, 0.0 ], [ 527581.658408269286156, 6044423.619039690122008, 0.0 ], [ 527580.619478028267622, 6044433.459970900788903, 0.0 ], [ 527580.124511994421482, 6044438.264937238767743, 0.0 ], [ 527580.099513746798038, 6044438.512935497798026, 0.0 ], [ 527579.613547563552856, 6044443.304901876486838, 0.0 ], [ 527578.641616854816675, 6044453.152832612395287, 0.0 ], [ 527577.703685902059078, 6044463.003763114102185, 0.0 ], [ 527576.797754738479853, 6044472.859693372622132, 0.0 ], [ 527575.926823325455189, 6044482.717623398639262, 0.0 ], [ 527575.087891694158316, 6044492.579553192481399, 0.0 ], [ 527574.283959798514843, 6044502.444482744671404, 0.0 ], [ 527573.513027682900429, 6044512.31341205816716, 0.0 ], [ 527572.775095336139202, 6044522.185341141186655, 0.0 ], [ 527572.071162756532431, 6044532.061269979923964, 0.0 ], [ 527571.401229925453663, 6044541.940198584459722, 0.0 ], [ 527570.764296866953373, 6044551.822126953862607, 0.0 ], [ 527570.161363579332829, 6044561.708055084571242, 0.0 ], [ 527569.59143004566431, 6044571.596982982009649, 0.0 ], [ 527569.055496279150248, 6044581.48991063516587, 0.0 ], [ 527568.55356228724122, 6044591.385838053189218, 0.0 ], [ 527568.084628045558929, 6044601.285765232518315, 0.0 ], [ 527567.649693574756384, 6044611.188692175783217, 0.0 ], [ 527567.248758859932423, 6044621.094618880189955, 0.0 ], [ 527566.88082392141223, 6044631.004545349627733, 0.0 ], [ 527566.582888569682837, 6044640.933471235446632, 0.0 ], [ 527566.582888569682837, 6044640.933471235446632, 0.0 ] ], [ [ 527640.272810209542513, 6044240.604072188958526, 0.0 ], [ 527639.60293984785676, 6044260.429924665950239, 0.0 ], [ 527639.201005160808563, 6044270.336851371452212, 0.0 ], [ 527638.766070678830147, 6044280.239778314717114, 0.0 ], [ 527638.298136442899704, 6044290.138705494813621, 0.0 ], [ 527637.796202436089516, 6044300.035632904618979, 0.0 ], [ 527637.260268665850163, 6044309.92756056599319, 0.0 ], [ 527636.690335143357515, 6044319.817488458007574, 0.0 ], [ 527636.087401863187551, 6044329.703416585922241, 0.0 ], [ 527635.451468784362078, 6044339.585344950668514, 0.0 ], [ 527634.78153594955802, 6044349.464273553341627, 0.0 ], [ 527634.077603373676538, 6044359.340202391147614, 0.0 ], [ 527633.340671017765999, 6044369.212131469510496, 0.0 ], [ 527632.569738913327456, 6044379.081060783006251, 0.0 ], [ 527631.765807017683983, 6044388.945990333333611, 0.0 ], [ 527630.927875369787216, 6044398.807920121587813, 0.0 ], [ 527630.056943960487843, 6044408.66585014667362, 0.0 ], [ 527629.152012784034014, 6044418.520780411548913, 0.0 ], [ 527628.214081831276417, 6044428.372710902243853, 0.0 ], [ 527627.242151129990816, 6044438.220641639083624, 0.0 ], [ 527626.755185045301914, 6044443.026607917621732, 0.0 ], [ 527626.730186782777309, 6044443.274606175720692, 0.0 ], [ 527626.237220644950867, 6044448.065572607330978, 0.0 ], [ 527625.198290426284075, 6044457.907503811642528, 0.0 ], [ 527624.125360414385796, 6044467.745435256510973, 0.0 ], [ 527623.020430635660887, 6044477.579366934485734, 0.0 ], [ 527621.880501106381416, 6044487.410298858769238, 0.0 ], [ 527620.708571806550026, 6044497.238231004215777, 0.0 ], [ 527619.501642741262913, 6044507.062163401395082, 0.0 ], [ 527618.261713918298483, 6044516.883096027188003, 0.0 ], [ 527616.988785315304995, 6044526.700028890743852, 0.0 ], [ 527615.681856956332922, 6044536.513961992226541, 0.0 ], [ 527614.340928841382265, 6044546.324895329773426, 0.0 ], [ 527612.96700095012784, 6044556.131828905083239, 0.0 ], [ 527611.560073301196098, 6044565.93576270993799, 0.0 ], [ 527610.118145894259214, 6044575.735696765594184, 0.0 ], [ 527608.643218711018562, 6044585.532631052657962, 0.0 ], [ 527607.135291751474142, 6044595.325565576553345, 0.0 ], [ 527605.592365048825741, 6044605.115500343963504, 0.0 ], [ 527604.016438584774733, 6044614.902435338124633, 0.0 ], [ 527602.407512336969376, 6044624.685370572842658, 0.0 ], [ 527600.763586334884167, 6044634.464306059293449, 0.0 ], [ 527599.048660915344954, 6044644.249241945333779, 0.0 ], [ 527599.048660915344954, 6044644.249241945333779, 0.0 ] ], [ [ 527566.582888569682837, 6044640.933471235446632, 0.0 ], [ 527599.048660915344954, 6044644.249241945333779, 0.0 ] ], [ [ 527566.582888569682837, 6044640.933471235446632, 0.0 ], [ 527562.942040920257568, 6044660.755342400632799, 0.0 ], [ 527561.18611666560173, 6044670.675277510657907, 0.0 ], [ 527559.46319218724966, 6044680.598212390206754, 0.0 ], [ 527557.775267440825701, 6044690.525147020816803, 0.0 ], [ 527556.120342493057251, 6044700.456081410869956, 0.0 ], [ 527554.498417288064957, 6044710.390015571378171, 0.0 ], [ 527552.911491844803095, 6044720.326949488371611, 0.0 ], [ 527551.357566177845001, 6044730.267883169464767, 0.0 ], [ 527549.837640278041363, 6044740.212816605344415, 0.0 ], [ 527548.350714139640331, 6044750.160749812610447, 0.0 ], [ 527546.897787760943174, 6044760.111682781018317, 0.0 ], [ 527545.478861134499311, 6044770.066615507006645, 0.0 ], [ 527544.092934288084507, 6044780.024548002518713, 0.0 ], [ 527542.741007197648287, 6044789.986480251885951, 0.0 ], [ 527541.422079894691706, 6044799.951412272639573, 0.0 ], [ 527540.137152329087257, 6044809.920344048179686, 0.0 ], [ 527538.885224543511868, 6044819.892275596037507, 0.0 ], [ 527537.667296528816223, 6044829.868206897750497, 0.0 ], [ 527536.482368264347315, 6044839.847137969918549, 0.0 ], [ 527535.331439774483442, 6044849.830068797804415, 0.0 ], [ 527534.213511053472757, 6044859.815999394282699, 0.0 ], [ 527533.129582084715366, 6044869.804929755628109, 0.0 ], [ 527532.079652894288301, 6044879.797859871760011, 0.0 ], [ 527532.017657093703747, 6044880.392855709418654, 0.0 ], [ 527531.685679953545332, 6044883.62583305221051, 0.0 ], [ 527531.061723466962576, 6044889.793789765797555, 0.0 ], [ 527530.078793786466122, 6044899.793719407171011, 0.0 ], [ 527529.127863895148039, 6044909.797648818232119, 0.0 ], [ 527528.21093375980854, 6044919.803577999584377, 0.0 ], [ 527527.328003402799368, 6044929.814506929367781, 0.0 ], [ 527526.478072784841061, 6044939.827435637824237, 0.0 ], [ 527525.662141960114241, 6044949.844364101998508, 0.0 ], [ 527524.879210878163576, 6044959.865292326547205, 0.0 ], [ 527524.130279567092657, 6044969.889220315031707, 0.0 ], [ 527523.414348024874926, 6044979.916148074902594, 0.0 ], [ 527522.732416246086359, 6044989.947075590491295, 0.0 ], [ 527522.08348423987627, 6044999.982002867385745, 0.0 ], [ 527521.468551993370056, 6045010.019929907284677, 0.0 ], [ 527520.886619511991739, 6045020.060856716707349, 0.0 ], [ 527520.339686788618565, 6045030.105783276259899, 0.0 ], [ 527519.8247538395226, 6045040.15370961278677, 0.0 ], [ 527519.34382065013051, 6045050.205635703168809, 0.0 ], [ 527518.896887231618166, 6045060.260561559349298, 0.0 ], [ 527518.483953565359116, 6045070.319487170316279, 0.0 ], [ 527518.104019671678543, 6045080.381412550806999, 0.0 ], [ 527517.758085541427135, 6045090.447337687015533, 0.0 ], [ 527517.446151170879602, 6045100.516262587159872, 0.0 ], [ 527517.168216563761234, 6045110.589187243953347, 0.0 ], [ 527517.138275764882565, 6045119.979115568101406, 0.0 ], [ 527517.138275764882565, 6045119.979115568101406, 0.0 ] ], [ [ 527599.048660915344954, 6044644.249241945333779, 0.0 ], [ 527598.62278900295496, 6044664.12309252191335, 0.0 ], [ 527598.345853518694639, 6044674.057018236257136, 0.0 ], [ 527598.036918260157108, 6044683.98694418091327, 0.0 ], [ 527597.694983214139938, 6044693.913870356045663, 0.0 ], [ 527597.320048410445452, 6044703.83679677080363, 0.0 ], [ 527596.912113852798939, 6044713.757723405025899, 0.0 ], [ 527596.472179494798183, 6044723.674650271423161, 0.0 ], [ 527595.999245371669531, 6044733.587577376514673, 0.0 ], [ 527595.493311498314142, 6044743.498504704795778, 0.0 ], [ 527594.954377844929695, 6044753.40543227083981, 0.0 ], [ 527594.383444413542747, 6044763.308360068127513, 0.0 ], [ 527593.779511220753193, 6044773.209288086742163, 0.0 ], [ 527593.143578249961138, 6044783.106216338463128, 0.0 ], [ 527592.474645510315895, 6044793.000144820660353, 0.0 ], [ 527591.772713009268045, 6044802.890073539689183, 0.0 ], [ 527591.038780719041824, 6044812.778002474457026, 0.0 ], [ 527590.271848678588867, 6044822.661931647919118, 0.0 ], [ 527589.471916846930981, 6044832.541861060075462, 0.0 ], [ 527588.639985255897045, 6044842.41979068890214, 0.0 ], [ 527587.776053879410028, 6044852.293720548041165, 0.0 ], [ 527586.879122741520405, 6044862.164650636725128, 0.0 ], [ 527585.949191831052303, 6044872.031580964103341, 0.0 ], [ 527584.987261150032282, 6044881.895511515438557, 0.0 ], [ 527584.450298923999071, 6044887.255473867990077, 0.0 ], [ 527584.122321736067533, 6044890.488451185636222, 0.0 ], [ 527583.992330696433783, 6044891.756442298181355, 0.0 ], [ 527582.965400483459234, 6044901.614373302087188, 0.0 ], [ 527581.905470475554466, 6044911.468304544687271, 0.0 ], [ 527580.81354071572423, 6044921.319236012175679, 0.0 ], [ 527579.688611164689064, 6044931.167167710140347, 0.0 ], [ 527578.531681854277849, 6044941.012099634855986, 0.0 ], [ 527577.341752771288157, 6044950.853031791746616, 0.0 ], [ 527576.118823919445276, 6044960.690964181907475, 0.0 ], [ 527574.863895308226347, 6044970.525896795094013, 0.0 ], [ 527573.575966909527779, 6044980.356829646974802, 0.0 ], [ 527572.256038729101419, 6044990.184762720949948, 0.0 ], [ 527570.903110790997744, 6045000.009696027263999, 0.0 ], [ 527569.518183071166277, 6045009.830629563890398, 0.0 ], [ 527568.100255597382784, 6045019.648563331924379, 0.0 ], [ 527566.649328351020813, 6045029.463497329503298, 0.0 ], [ 527565.166401326656342, 6045039.275431551039219, 0.0 ], [ 527563.649474538862705, 6045049.083366016857326, 0.0 ], [ 527562.101547956466675, 6045058.888300700113177, 0.0 ], [ 527560.519621629267931, 6045068.690235621295869, 0.0 ], [ 527558.905695524066687, 6045078.488170772790909, 0.0 ], [ 527557.258769653737545, 6045088.283106153830886, 0.0 ], [ 527555.579843994230032, 6045098.075041757896543, 0.0 ], [ 527553.866918586194515, 6045107.863977600820363, 0.0 ], [ 527552.121993396431208, 6045117.648913674987853, 0.0 ], [ 527550.150074232369661, 6045128.116845947690308, 0.0 ], [ 527550.150074232369661, 6045128.116845947690308, 0.0 ] ], [ [ 527517.138275764882565, 6045119.979115568101406, 0.0 ], [ 527550.150074232369661, 6045128.116845947690308, 0.0 ] ], [ [ 527517.138275764882565, 6045119.979115568101406, 0.0 ], [ 527508.060452215373516, 6045137.010042243637145, 0.0 ], [ 527503.474543713033199, 6045145.990002322010696, 0.0 ], [ 527498.922635044902563, 6045154.984962072223425, 0.0 ], [ 527494.404726203531027, 6045163.993921502493322, 0.0 ], [ 527489.918817218393087, 6045173.018880607560277, 0.0 ], [ 527485.467908054590225, 6045182.057839385233819, 0.0 ], [ 527481.048998758196831, 6045191.112797840498388, 0.0 ], [ 527476.664089266210794, 6045200.181755973957479, 0.0 ], [ 527472.31317961961031, 6045209.265713781118393, 0.0 ], [ 527467.995269823819399, 6045218.364671264775097, 0.0 ], [ 527463.71035984903574, 6045227.47862842772156, 0.0 ], [ 527459.459449719637632, 6045236.607585260644555, 0.0 ], [ 527455.241539433598518, 6045245.751541771925986, 0.0 ], [ 527451.057628974318504, 6045254.910497955977917, 0.0 ], [ 527446.906718369573355, 6045264.083453825674951, 0.0 ], [ 527444.695766199380159, 6045269.006430034525692, 0.0 ], [ 527443.164799425750971, 6045272.429413455538452, 0.0 ], [ 527442.788807597011328, 6045273.272409365512431, 0.0 ], [ 527438.70489664375782, 6045282.475364583544433, 0.0 ], [ 527434.653985548764467, 6045291.694319470785558, 0.0 ], [ 527430.636074300855398, 6045300.927274046465755, 0.0 ], [ 527426.652162864804268, 6045310.175228292122483, 0.0 ], [ 527422.701251279562712, 6045319.43818221706897, 0.0 ], [ 527418.783339537680149, 6045328.716135816648602, 0.0 ], [ 527414.899427637457848, 6045338.009089091792703, 0.0 ], [ 527411.049515556544065, 6045347.317042035982013, 0.0 ], [ 527407.232603311538696, 6045356.638994668610394, 0.0 ], [ 527403.448690935969353, 6045365.976946968585253, 0.0 ], [ 527399.6977783665061, 6045375.328898955136538, 0.0 ], [ 527395.981865655630827, 6045384.696850600652397, 0.0 ], [ 527392.297952763736248, 6045394.078801936469972, 0.0 ], [ 527388.648039728403091, 6045403.476752936840057, 0.0 ], [ 527385.032126512378454, 6045412.888703618198633, 0.0 ], [ 527381.449213143438101, 6045422.315653974190354, 0.0 ], [ 527377.940299294888973, 6045431.754603773355484, 0.0 ], [ 527377.940299294888973, 6045431.754603773355484, 0.0 ] ], [ [ 527550.150074232369661, 6045128.116845947690308, 0.0 ], [ 527542.868251990526915, 6045147.543743005953729, 0.0 ], [ 527539.289337459951639, 6045156.792694700881839, 0.0 ], [ 527535.678423095494509, 6045166.026646711863577, 0.0 ], [ 527532.035508889704943, 6045175.246599029749632, 0.0 ], [ 527528.359594829380512, 6045184.451551670208573, 0.0 ], [ 527524.651680931448936, 6045193.642504618503153, 0.0 ], [ 527520.911767199635506, 6045202.818457884714007, 0.0 ], [ 527517.13885360583663, 6045211.98041146248579, 0.0 ], [ 527513.334940169006586, 6045221.127365352585912, 0.0 ], [ 527509.49802689999342, 6045230.260319554246962, 0.0 ], [ 527505.629113778471947, 6045239.378274073824286, 0.0 ], [ 527501.728200811892748, 6045248.482228898443282, 0.0 ], [ 527497.794288005679846, 6045257.571184049360454, 0.0 ], [ 527493.829375348985195, 6045266.646139501594007, 0.0 ], [ 527489.831462856382132, 6045275.707095264457166, 0.0 ], [ 527485.801550511270761, 6045284.753051347099245, 0.0 ], [ 527485.536556262522936, 6045285.345048480667174, 0.0 ], [ 527484.001589506864548, 6045288.767031931318343, 0.0 ], [ 527481.739638332277536, 6045293.784007743000984, 0.0 ], [ 527477.645726293325424, 6045302.801964438520372, 0.0 ], [ 527473.51881442591548, 6045311.803921466693282, 0.0 ], [ 527469.360902685672045, 6045320.791878797113895, 0.0 ], [ 527465.169991124421358, 6045329.765836437232792, 0.0 ], [ 527460.947079714387655, 6045338.724794397130609, 0.0 ], [ 527456.692168459296227, 6045347.669752663001418, 0.0 ], [ 527452.404257364571095, 6045356.599711255170405, 0.0 ], [ 527448.085346415638924, 6045365.515670144930482, 0.0 ], [ 527443.733435641974211, 6045374.416629357263446, 0.0 ], [ 527439.34952500462532, 6045383.303588878363371, 0.0 ], [ 527434.933614514768124, 6045392.175548714585602, 0.0 ], [ 527430.484704196453094, 6045401.033508866094053, 0.0 ], [ 527426.00379404053092, 6045409.877469326369464, 0.0 ], [ 527421.490884024649858, 6045418.705430108122528, 0.0 ], [ 527416.945974171161652, 6045427.520391192287207, 0.0 ], [ 527412.368064470589161, 6045436.319352605380118, 0.0 ], [ 527407.722155142575502, 6045445.094314631074667, 0.0 ], [ 527407.722155142575502, 6045445.094314631074667, 0.0 ] ], [ [ 527377.940299294888973, 6045431.754603773355484, 0.0 ], [ 527407.722155142575502, 6045445.094314631074667, 0.0 ] ], [ [ 527377.940299294888973, 6045431.754603773355484, 0.0 ], [ 527368.3394830301404, 6045449.31152970995754, 0.0 ], [ 527363.598574627190828, 6045458.116492101922631, 0.0 ], [ 527358.888666052371264, 6045466.935454191640019, 0.0 ], [ 527354.210757337510586, 6045475.769415963441133, 0.0 ], [ 527349.562848474830389, 6045484.616377450525761, 0.0 ], [ 527344.94593945518136, 6045493.476338638924062, 0.0 ], [ 527340.360030304640532, 6045502.351299520581961, 0.0 ], [ 527335.805120985955, 6045511.240260100923479, 0.0 ], [ 527331.281211528927088, 6045520.142220386303961, 0.0 ], [ 527326.788301900029182, 6045529.058180371299386, 0.0 ], [ 527322.325392160564661, 6045537.988140059635043, 0.0 ], [ 527317.894482232630253, 6045546.932099440135062, 0.0 ], [ 527313.493572186678648, 6045555.89005852304399, 0.0 ], [ 527309.12366196885705, 6045564.861017315648496, 0.0 ], [ 527304.784751612693071, 6045573.846975794993341, 0.0 ], [ 527300.476841110736132, 6045582.845933982171118, 0.0 ], [ 527296.198930449783802, 6045591.85889187362045, 0.0 ], [ 527291.953019648790359, 6045600.884849463589489, 0.0 ], [ 527287.737108685076237, 6045609.925806750543416, 0.0 ], [ 527283.552197579294443, 6045618.979763745330274, 0.0 ], [ 527279.397286344319582, 6045628.047720442526042, 0.0 ], [ 527275.274374939501286, 6045637.12967683095485, 0.0 ], [ 527271.232462275773287, 6045646.109633495099843, 0.0 ], [ 527271.232462275773287, 6045646.109633495099843, 0.0 ], [ 527271.181463375687599, 6045646.224632935598493, 0.0 ], [ 527267.119551684707403, 6045655.334588723257184, 0.0 ], [ 527263.088639829307795, 6045664.457544221542776, 0.0 ], [ 527259.087727833539248, 6045673.594499424099922, 0.0 ], [ 527255.11781569570303, 6045682.745454326272011, 0.0 ], [ 527251.179903399199247, 6045691.909408926963806, 0.0 ], [ 527247.270990967750549, 6045701.088363227434456, 0.0 ], [ 527243.394078359007835, 6045710.280317232944071, 0.0 ], [ 527239.548165615648031, 6045719.48627093154937, 0.0 ], [ 527235.732252728193998, 6045728.705224345438182, 0.0 ], [ 527231.947339691221714, 6045737.939177450723946, 0.0 ], [ 527228.193426501005888, 6045747.186130258254707, 0.0 ], [ 527224.470513168722391, 6045756.448082757182419, 0.0 ], [ 527220.778599664568901, 6045765.723034963943064, 0.0 ], [ 527217.11768601462245, 6045775.010986872948706, 0.0 ], [ 527213.486772235482931, 6045784.313938482664526, 0.0 ], [ 527209.887858308851719, 6045793.630889782682061, 0.0 ], [ 527206.318944212049246, 6045802.960840795189142, 0.0 ], [ 527202.78202997893095, 6045812.304791497066617, 0.0 ], [ 527199.275115590542555, 6045821.663741899654269, 0.0 ], [ 527195.800201043486595, 6045831.035691999830306, 0.0 ], [ 527192.355286359786987, 6045840.421641804277897, 0.0 ], [ 527188.942371521145105, 6045849.821591299027205, 0.0 ], [ 527185.559456530958414, 6045859.234540509060025, 0.0 ], [ 527182.243541117757559, 6045868.661489187739789, 0.0 ], [ 527182.243541117757559, 6045868.661489187739789, 0.0 ] ], [ [ 527407.722155142575502, 6045445.094314631074667, 0.0 ], [ 527401.014324896037579, 6045463.948212468065321, 0.0 ], [ 527397.601410046219826, 6045473.347161972895265, 0.0 ], [ 527394.156495362520218, 6045482.733111776411533, 0.0 ], [ 527390.681580822914839, 6045492.105061877518892, 0.0 ], [ 527387.174666445702314, 6045501.464012276381254, 0.0 ], [ 527383.63675220310688, 6045510.807962988503277, 0.0 ], [ 527380.068838112056255, 6045520.137913993559778, 0.0 ], [ 527376.469924185425043, 6045529.454865293577313, 0.0 ], [ 527372.839010387659073, 6045538.757816901430488, 0.0 ], [ 527369.178096748888493, 6045548.046768805943429, 0.0 ], [ 527365.486183259636164, 6045557.321721010841429, 0.0 ], [ 527361.763269919902086, 6045566.582673517055809, 0.0 ], [ 527358.010356724262238, 6045575.83062631264329, 0.0 ], [ 527354.225443679839373, 6045585.063579424284399, 0.0 ], [ 527350.410530786961317, 6045594.283532823435962, 0.0 ], [ 527346.564618043601513, 6045603.489486524835229, 0.0 ], [ 527342.687705464661121, 6045612.682440519332886, 0.0 ], [ 527338.779793001711369, 6045621.860394823364913, 0.0 ], [ 527334.841880701482296, 6045631.025349415838718, 0.0 ], [ 527330.871968563646078, 6045640.176304317079484, 0.0 ], [ 527326.872056573629379, 6045649.313259513117373, 0.0 ], [ 527322.841144718229771, 6045658.436215010471642, 0.0 ], [ 527318.831231899559498, 6045667.431171354837716, 0.0 ], [ 527318.780233014374971, 6045667.546170796267688, 0.0 ], [ 527318.729234110563993, 6045667.659170252270997, 0.0 ], [ 527314.687321465462446, 6045676.64212688896805, 0.0 ], [ 527310.564410056918859, 6045685.72408327832818, 0.0 ], [ 527306.410498805344105, 6045694.792039971798658, 0.0 ], [ 527302.225587699562311, 6045703.845996964722872, 0.0 ], [ 527298.010676741600037, 6045712.88695424515754, 0.0 ], [ 527293.763765942305326, 6045721.913911834359169, 0.0 ], [ 527289.486855290830135, 6045730.926869720220566, 0.0 ], [ 527285.178944770246744, 6045739.925827906467021, 0.0 ], [ 527280.840034414082766, 6045748.910786394961178, 0.0 ], [ 527276.471124198287725, 6045757.882745170965791, 0.0 ], [ 527272.07021414861083, 6045766.840704255737364, 0.0 ], [ 527267.639304224401712, 6045775.784663637168705, 0.0 ], [ 527263.177394472062588, 6045784.714623317122459, 0.0 ], [ 527258.684484846889973, 6045793.630583302117884, 0.0 ], [ 527254.16057538241148, 6045802.532543586567044, 0.0 ], [ 527249.605666071176529, 6045811.421504166908562, 0.0 ], [ 527245.019756905734539, 6045820.296465049497783, 0.0 ], [ 527240.402847897261381, 6045829.157426232472062, 0.0 ], [ 527235.754939034581184, 6045838.004387718625367, 0.0 ], [ 527231.076030321419239, 6045846.837349503301084, 0.0 ], [ 527226.366121768951416, 6045855.656311593018472, 0.0 ], [ 527221.625213339924812, 6045864.461273985914886, 0.0 ], [ 527216.853305079042912, 6045873.252236678265035, 0.0 ], [ 527212.027396980673075, 6045882.003200015984476, 0.0 ], [ 527212.027396980673075, 6045882.003200015984476, 0.0 ] ], [ [ 527182.243541117757559, 6045868.661489187739789, 0.0 ], [ 527212.027396980673075, 6045882.003200015984476, 0.0 ] ], [ [ 527182.243541117757559, 6045868.661489187739789, 0.0 ], [ 527172.589725717902184, 6045886.287414928898215, 0.0 ], [ 527167.819817803800106, 6045895.138377148658037, 0.0 ], [ 527163.082909740507603, 6045904.00333905685693, 0.0 ], [ 527158.378001511096954, 6045912.883300646208227, 0.0 ], [ 527153.704093154519796, 6045921.77726193703711, 0.0 ], [ 527149.062184628099203, 6045930.68622290994972, 0.0 ], [ 527144.453275933861732, 6045939.608183576725423, 0.0 ], [ 527139.875367108732462, 6045948.546143925748765, 0.0 ], [ 527135.328458126634359, 6045957.497103979811072, 0.0 ], [ 527130.814548995345831, 6045966.46406370587647, 0.0 ], [ 527126.331639718264341, 6045975.444023137912154, 0.0 ], [ 527121.880730267614126, 6045984.438982252031565, 0.0 ], [ 527117.461820665746927, 6045993.447941059246659, 0.0 ], [ 527113.073910929262638, 6046002.471899557858706, 0.0 ], [ 527108.719001017510891, 6046011.509857742115855, 0.0 ], [ 527104.395090967416763, 6046020.561815623193979, 0.0 ], [ 527100.102180771529675, 6046029.628773195669055, 0.0 ], [ 527095.842270419001579, 6046038.709730451926589, 0.0 ], [ 527091.613359905779362, 6046047.804687407799065, 0.0 ], [ 527087.415449250489473, 6046056.91464405413717, 0.0 ], [ 527083.250538419932127, 6046066.038600387983024, 0.0 ], [ 527081.767570309340954, 6046069.308584673330188, 0.0 ], [ 527079.116627469658852, 6046075.177556407637894, 0.0 ], [ 527076.838676750659943, 6046080.249531899578869, 0.0 ], [ 527075.014716349542141, 6046084.330512120388448, 0.0 ], [ 527070.943805068731308, 6046093.497467535547912, 0.0 ], [ 527066.904893655329943, 6046102.678422639146447, 0.0 ], [ 527062.897982068359852, 6046111.874377428553998, 0.0 ], [ 527058.923070348799229, 6046121.084331909194589, 0.0 ], [ 527054.979158457368612, 6046130.30928607750684, 0.0 ], [ 527051.067246433347464, 6046139.548239942640066, 0.0 ], [ 527047.187334235757589, 6046148.801193498075008, 0.0 ], [ 527043.338421899825335, 6046158.069146741181612, 0.0 ], [ 527039.521509412676096, 6046167.351099680177867, 0.0 ], [ 527035.736596781760454, 6046176.648052300326526, 0.0 ], [ 527031.983683973550797, 6046185.959004612639546, 0.0 ], [ 527028.262771017849445, 6046195.283956618979573, 0.0 ], [ 527024.572857923805714, 6046204.623908313922584, 0.0 ], [ 527020.914944674819708, 6046213.977859700098634, 0.0 ], [ 527017.289031252264977, 6046223.345810779370368, 0.0 ], [ 527013.695117689669132, 6046232.728761542588472, 0.0 ], [ 527010.133203987032175, 6046242.126711990684271, 0.0 ], [ 527006.644290052354336, 6046251.577661575749516, 0.0 ], [ 527006.644290052354336, 6046251.577661575749516, 0.0 ] ], [ [ 527212.027396980673075, 6045882.003200015984476, 0.0 ], [ 527205.129568424075842, 6045900.894098764285445, 0.0 ], [ 527201.618654429912567, 6045910.311048746109009, 0.0 ], [ 527198.075740605592728, 6045919.713999036699533, 0.0 ], [ 527194.500826932489872, 6045929.102949636057019, 0.0 ], [ 527190.892913427203894, 6045938.477900546975434, 0.0 ], [ 527187.254000063985586, 6045947.837851767428219, 0.0 ], [ 527183.58408685028553, 6045957.183803291991353, 0.0 ], [ 527179.881173796951771, 6045966.514755138196051, 0.0 ], [ 527176.146260902285576, 6045975.832707284018397, 0.0 ], [ 527172.380348157137632, 6045985.13565974123776, 0.0 ], [ 527168.581435576081276, 6045994.424612510949373, 0.0 ], [ 527164.75152312964201, 6046003.698565592058003, 0.0 ], [ 527160.889610853046179, 6046012.959518972784281, 0.0 ], [ 527156.996698718518019, 6046022.205472661182284, 0.0 ], [ 527153.070786748081446, 6046031.437426666729152, 0.0 ], [ 527149.113874919712543, 6046040.654380979016423, 0.0 ], [ 527145.124963257461786, 6046049.858335594646633, 0.0 ], [ 527141.104051746428013, 6046059.047290522605181, 0.0 ], [ 527137.052140392363071, 6046068.222245756536722, 0.0 ], [ 527133.020228032022715, 6046077.264201879501343, 0.0 ], [ 527133.020228032022715, 6046077.264201879501343, 0.0 ], [ 527132.967229183763266, 6046077.383201302029192, 0.0 ], [ 527128.851318132132292, 6046086.529157157056034, 0.0 ], [ 527124.703407235443592, 6046095.662113313563168, 0.0 ], [ 527120.524496488273144, 6046104.780069779604673, 0.0 ], [ 527116.313585892319679, 6046113.884026555344462, 0.0 ], [ 527112.070675447583199, 6046122.97298364341259, 0.0 ], [ 527107.795765172690153, 6046132.048941032029688, 0.0 ], [ 527103.488855045288801, 6046141.109898738563061, 0.0 ], [ 527099.150945078581572, 6046150.156856747344136, 0.0 ], [ 527094.781035240739584, 6046159.189815063029528, 0.0 ], [ 527090.379125583916903, 6046168.207773694768548, 0.0 ], [ 527085.945216063410044, 6046177.212732626125216, 0.0 ], [ 527081.480306707322598, 6046186.202691867947578, 0.0 ], [ 527076.982397492974997, 6046195.177651431411505, 0.0 ], [ 527072.453488443046808, 6046204.139611289836466, 0.0 ], [ 527067.892579540610313, 6046213.086571463383734, 0.0 ], [ 527063.299670796841383, 6046222.019531944766641, 0.0 ], [ 527058.674762208014727, 6046230.938492734916508, 0.0 ], [ 527054.017853777855635, 6046239.842453840188682, 0.0 ], [ 527049.329945500940084, 6046248.732415249571204, 0.0 ], [ 527044.60903736576438, 6046257.608376970514655, 0.0 ], [ 527039.832129415124655, 6046266.443339358083904, 0.0 ], [ 527039.832129415124655, 6046266.443339358083904, 0.0 ] ], [ [ 527006.644290052354336, 6046251.577661575749516, 0.0 ], [ 527039.832129415124655, 6046266.443339358083904, 0.0 ] ], [ [ 527006.644290052354336, 6046251.577661575749516, 0.0 ], [ 526997.065473679453135, 6046269.144587294198573, 0.0 ], [ 526992.327565252780914, 6046277.950549658387899, 0.0 ], [ 526987.619656678289175, 6046286.770511727780104, 0.0 ], [ 526982.942747965455055, 6046295.604473494924605, 0.0 ], [ 526978.296839091926813, 6046304.452434960752726, 0.0 ], [ 526973.68193007260561, 6046313.314396123401821, 0.0 ], [ 526969.097020890563726, 6046322.189356998540461, 0.0 ], [ 526964.544111579656601, 6046331.078317566774786, 0.0 ], [ 526960.021202109754086, 6046339.981277838349342, 0.0 ], [ 526955.529292482882738, 6046348.898237807676196, 0.0 ], [ 526951.06838271394372, 6046357.829197475686669, 0.0 ], [ 526946.638472806662321, 6046366.773156847804785, 0.0 ], [ 526942.238562736660242, 6046375.731115928851068, 0.0 ], [ 526937.869652520865202, 6046384.70307470485568, 0.0 ], [ 526933.531742170453072, 6046393.68903317861259, 0.0 ], [ 526929.224831648170948, 6046402.688991351984441, 0.0 ], [ 526924.947921004146338, 6046411.701949236914515, 0.0 ], [ 526920.702010188251734, 6046420.728906818665564, 0.0 ], [ 526916.486099235713482, 6046429.768864113837481, 0.0 ], [ 526912.302188113331795, 6046438.823821093887091, 0.0 ], [ 526908.14827686175704, 6046447.891777785494924, 0.0 ], [ 526904.024365473538637, 6046456.973734180442989, 0.0 ], [ 526899.983452796936035, 6046465.954690827056766, 0.0 ], [ 526899.983452796936035, 6046465.954690827056766, 0.0 ], [ 526899.932453911751509, 6046466.069690268486738, 0.0 ], [ 526895.870542209595442, 6046475.17864606808871, 0.0 ], [ 526891.839630357921124, 6046484.301601566374302, 0.0 ], [ 526887.838718365877867, 6046493.438556768000126, 0.0 ], [ 526883.868806220591068, 6046502.589511670172215, 0.0 ], [ 526879.929893922060728, 6046511.753466275520623, 0.0 ], [ 526876.02098149433732, 6046520.931420584209263, 0.0 ], [ 526872.143068909645081, 6046530.123374596238136, 0.0 ], [ 526868.296156160533428, 6046539.329328301362693, 0.0 ], [ 526864.480243276804686, 6046548.548281715251505, 0.0 ], [ 526860.694330230355263, 6046557.78123483248055, 0.0 ], [ 526856.939417041838169, 6046567.028187646530569, 0.0 ], [ 526853.215503711253405, 6046576.289140160195529, 0.0 ], [ 526849.522590227425098, 6046585.564092373475432, 0.0 ], [ 526845.859676599502563, 6046594.852044296450913, 0.0 ], [ 526842.228762809187174, 6046604.153995911590755, 0.0 ], [ 526838.627848878502846, 6046613.46994723379612, 0.0 ], [ 526835.056934807449579, 6046622.799898255616426, 0.0 ], [ 526831.518020574003458, 6046632.142848982475698, 0.0 ], [ 526828.010106191039085, 6046641.500799396075308, 0.0 ], [ 526824.532191671431065, 6046650.871749521233141, 0.0 ], [ 526821.086276989430189, 6046660.256699341349304, 0.0 ], [ 526817.670362163335085, 6046669.655648864805698, 0.0 ], [ 526814.286447182297707, 6046679.068598078563809, 0.0 ], [ 526810.941531956195831, 6046688.49054698087275, 0.0 ], [ 526810.941531956195831, 6046688.49054698087275, 0.0 ] ], [ [ 527039.832129415124655, 6046266.443339358083904, 0.0 ], [ 527033.121299181133509, 6046285.295237229205668, 0.0 ], [ 527029.705384358763695, 6046294.694186753593385, 0.0 ], [ 527026.259469673037529, 6046304.07913657091558, 0.0 ], [ 527022.782555140554905, 6046313.450086692348123, 0.0 ], [ 527019.273640763014555, 6046322.807037118822336, 0.0 ], [ 527015.734726533293724, 6046332.150987837463617, 0.0 ], [ 527012.164812453091145, 6046341.480938856489956, 0.0 ], [ 527008.564898520708084, 6046350.796890170313418, 0.0 ], [ 527004.932984746992588, 6046360.098841791972518, 0.0 ], [ 527001.27107110992074, 6046369.386793709360063, 0.0 ], [ 526997.577157624065876, 6046378.661745926365256, 0.0 ], [ 526993.853244289755821, 6046387.92269844096154, 0.0 ], [ 526990.099331095814705, 6046397.169651248492301, 0.0 ], [ 526986.313418075442314, 6046406.40260436758399, 0.0 ], [ 526982.497505180537701, 6046415.622557772323489, 0.0 ], [ 526978.650592431426048, 6046424.827511488460004, 0.0 ], [ 526974.773679841309786, 6046434.019465491175652, 0.0 ], [ 526970.864767394959927, 6046443.19741980265826, 0.0 ], [ 526966.925855103880167, 6046452.36237440072, 0.0 ], [ 526962.956942964345217, 6046461.513329292647541, 0.0 ], [ 526958.956030964851379, 6046470.650284495204687, 0.0 ], [ 526954.925119109451771, 6046479.773239992558956, 0.0 ], [ 526950.915206290781498, 6046488.767196346074343, 0.0 ], [ 526950.915206290781498, 6046488.767196346074343, 0.0 ], [ 526950.863207407295704, 6046488.882195794023573, 0.0 ], [ 526946.771295852959156, 6046497.978151880204678, 0.0 ], [ 526942.64838445186615, 6046507.06010827049613, 0.0 ], [ 526938.494473196566105, 6046516.128064962103963, 0.0 ], [ 526934.309562109410763, 6046525.183021947741508, 0.0 ], [ 526930.094651143997908, 6046534.223979229107499, 0.0 ], [ 526925.848740331828594, 6046543.250936812721193, 0.0 ], [ 526921.571829684078693, 6046552.263894696719944, 0.0 ], [ 526917.264919154345989, 6046561.262852876447141, 0.0 ], [ 526912.927008803933859, 6046570.248811350204051, 0.0 ], [ 526908.558098588138819, 6046579.220770127139986, 0.0 ], [ 526904.158188514411449, 6046588.178729206323624, 0.0 ], [ 526899.72827859967947, 6046597.123688571155071, 0.0 ], [ 526895.267368838191032, 6046606.053648246452212, 0.0 ], [ 526890.775459215044975, 6046614.970608217641711, 0.0 ], [ 526886.25254974514246, 6046623.873568488284945, 0.0 ], [ 526881.698640421032906, 6046632.762529062107205, 0.0 ], [ 526877.114731263369322, 6046641.638489925302565, 0.0 ], [ 526872.49882223457098, 6046650.499451100826263, 0.0 ], [ 526867.852913372218609, 6046659.347412566654384, 0.0 ], [ 526863.176004640758038, 6046668.181374332867563, 0.0 ], [ 526858.468096066266298, 6046677.00133640319109, 0.0 ], [ 526853.729187656193972, 6046685.807298772968352, 0.0 ], [ 526848.959279369562864, 6046694.599261446855962, 0.0 ], [ 526844.133371315896511, 6046703.358224723488092, 0.0 ], [ 526844.133371315896511, 6046703.358224723488092, 0.0 ] ], [ [ 526810.941531956195831, 6046688.49054698087275, 0.0 ], [ 526844.133371315896511, 6046703.358224723488092, 0.0 ] ], [ [ 526810.941531956195831, 6046688.49054698087275, 0.0 ], [ 526801.456715766340494, 6046706.198471030220389, 0.0 ], [ 526796.788807310163975, 6046715.085432335734367, 0.0 ], [ 526792.151898700743914, 6046723.986393339000642, 0.0 ], [ 526787.547989934682846, 6046732.902354018762708, 0.0 ], [ 526782.975081019103527, 6046741.83231440000236, 0.0 ], [ 526778.434171948581934, 6046750.776274468749762, 0.0 ], [ 526773.925262723118067, 6046759.735234225168824, 0.0 ], [ 526769.448353342711926, 6046768.707193681038916, 0.0 ], [ 526765.003443814814091, 6046777.695152811706066, 0.0 ], [ 526760.59053411334753, 6046786.696111641824245, 0.0 ], [ 526756.208624273538589, 6046795.711070170626044, 0.0 ], [ 526751.858714282512665, 6046804.741028384305537, 0.0 ], [ 526747.540804140269756, 6046813.784986289218068, 0.0 ], [ 526743.254893828183413, 6046822.843943879008293, 0.0 ], [ 526739.000983361154795, 6046831.915901168249547, 0.0 ], [ 526734.778072766959667, 6046841.002858146093786, 0.0 ], [ 526730.587161991745234, 6046850.103814817965031, 0.0 ], [ 526726.428251080214977, 6046859.218771182000637, 0.0 ], [ 526722.301339987665415, 6046868.34772723633796, 0.0 ], [ 526720.306383162736893, 6046872.790705763734877, 0.0 ], [ 526720.306383162736893, 6046872.790705763734877, 0.0 ], [ 526718.205428779125214, 6046877.491682981140912, 0.0 ], [ 526714.141517389565706, 6046886.64963841997087, 0.0 ], [ 526710.109605863690376, 6046895.821593546308577, 0.0 ], [ 526706.108694169670343, 6046905.007548375055194, 0.0 ], [ 526702.140782326459885, 6046914.208502879366279, 0.0 ], [ 526698.203870322555304, 6046923.422457092441618, 0.0 ], [ 526694.29895817860961, 6046932.651410984806716, 0.0 ], [ 526690.425045881420374, 6046941.895364571362734, 0.0 ], [ 526686.584133427590132, 6046951.152317850850523, 0.0 ], [ 526682.774220809340477, 6046960.424270822666585, 0.0 ], [ 526678.99630805850029, 6046969.71022348292172, 0.0 ], [ 526675.250395126640797, 6046979.010175835341215, 0.0 ], [ 526671.535482056438923, 6046988.324127888306975, 0.0 ], [ 526667.853568829596043, 6046997.653079616837204, 0.0 ], [ 526664.202655449509621, 6047006.996031044982374, 0.0 ], [ 526660.583741929382086, 6047016.352982165291905, 0.0 ], [ 526656.997828226536512, 6047025.724932960234582, 0.0 ], [ 526653.442914377897978, 6047035.109883464872837, 0.0 ], [ 526649.919000387191772, 6047044.509833658114076, 0.0 ], [ 526646.42808623611927, 6047053.92478352971375, 0.0 ], [ 526643.041171293705702, 6047063.338732755742967, 0.0 ], [ 526643.041171293705702, 6047063.338732755742967, 0.0 ] ], [ [ 526844.133371315896511, 6046703.358224723488092, 0.0 ], [ 526837.210542801767588, 6046722.22612380515784, 0.0 ], [ 526833.685628857463598, 6046731.632073959335685, 0.0 ], [ 526830.129715070128441, 6046741.02402441482991, 0.0 ], [ 526826.540801420807838, 6046750.400975191034377, 0.0 ], [ 526822.920887939631939, 6046759.764926264993846, 0.0 ], [ 526819.268974602222443, 6046769.112877660430968, 0.0 ], [ 526815.584061436355114, 6046778.447829361073673, 0.0 ], [ 526811.868148408830166, 6046787.767781373113394, 0.0 ], [ 526808.120235543698072, 6046797.073733693920076, 0.0 ], [ 526804.340322829782963, 6046806.365686323493719, 0.0 ], [ 526800.529410261660814, 6046815.642639260739088, 0.0 ], [ 526796.685497872531414, 6046824.905592512339354, 0.0 ], [ 526792.810585606843233, 6046834.154546067118645, 0.0 ], [ 526788.9026735201478, 6046843.388499942608178, 0.0 ], [ 526784.963761571794748, 6046852.609454112127423, 0.0 ], [ 526780.992849785834551, 6046861.815408597700298, 0.0 ], [ 526776.990938145667315, 6046871.007363386452198, 0.0 ], [ 526772.956026669591665, 6046880.184318494983017, 0.0 ], [ 526768.890115335583687, 6046889.348273898474872, 0.0 ], [ 526766.850159619003534, 6046893.913251775316894, 0.0 ], [ 526766.850159619003534, 6046893.913251775316894, 0.0 ], [ 526764.792204171419144, 6046898.497229618020356, 0.0 ], [ 526760.662293151021004, 6046907.632185647264123, 0.0 ], [ 526756.500382278114557, 6046916.752141992561519, 0.0 ], [ 526752.307471569627523, 6046925.859098630025983, 0.0 ], [ 526748.081561014056206, 6046934.951055587269366, 0.0 ], [ 526743.82465061172843, 6046944.02901284955442, 0.0 ], [ 526739.535740356892347, 6046953.091970428824425, 0.0 ], [ 526735.215830270200968, 6046962.141928299330175, 0.0 ], [ 526730.862920321524143, 6046971.176886493340135, 0.0 ], [ 526726.479010529816151, 6046980.197844987735152, 0.0 ], [ 526722.062100898474455, 6046989.203803806565702, 0.0 ], [ 526717.614191431552172, 6046998.196762917563319, 0.0 ], [ 526713.134282093495131, 6047007.174722345545888, 0.0 ], [ 526708.622372932732105, 6047016.137682090513408, 0.0 ], [ 526704.07946389913559, 6047025.087642125785351, 0.0 ], [ 526699.503555048257113, 6047034.022602486424148, 0.0 ], [ 526694.895646333694458, 6047042.943563153967261, 0.0 ], [ 526690.256737783551216, 6047051.850524123758078, 0.0 ], [ 526685.584829393774271, 6047060.742485415190458, 0.0 ], [ 526680.881921134889126, 6047069.620447010733187, 0.0 ], [ 526676.103013470768929, 6047078.498409079387784, 0.0 ], [ 526676.103013470768929, 6047078.498409079387784, 0.0 ] ], [ [ 526643.041171293705702, 6047063.338732755742967, 0.0 ], [ 526676.103013470768929, 6047078.498409079387784, 0.0 ] ], [ [ 526643.041171293705702, 6047063.338732755742967, 0.0 ], [ 526633.612353976815939, 6047080.937657288275659, 0.0 ], [ 526628.962444756180048, 6047089.723619252443314, 0.0 ], [ 526624.343535359948874, 6047098.522580924443901, 0.0 ], [ 526619.754625830799341, 6047107.334542307071388, 0.0 ], [ 526615.196716152131557, 6047116.161503379233181, 0.0 ], [ 526610.669806320220232, 6047125.001464159227908, 0.0 ], [ 526606.172896336764097, 6047133.854424648918211, 0.0 ], [ 526601.705986212939024, 6047142.721384845674038, 0.0 ], [ 526597.270075954496861, 6047151.602344739250839, 0.0 ], [ 526592.865165520459414, 6047160.496304338797927, 0.0 ], [ 526588.489254951477051, 6047169.403263656422496, 0.0 ], [ 526584.145344242453575, 6047178.325222657993436, 0.0 ], [ 526579.830433379858732, 6047187.259181384928524, 0.0 ], [ 526575.546522360295057, 6047196.20813980512321, 0.0 ], [ 526571.293611191213131, 6047205.169097937643528, 0.0 ], [ 526567.06969989836216, 6047214.145055771805346, 0.0 ], [ 526562.876788452267647, 6047223.133013320155442, 0.0 ], [ 526558.714876834303141, 6047232.135970559902489, 0.0 ], [ 526554.582965083420277, 6047241.15092751942575, 0.0 ], [ 526550.481053188443184, 6047250.180884175933897, 0.0 ], [ 526546.409141138195992, 6047259.222840547561646, 0.0 ], [ 526546.17314625158906, 6047259.748838006518781, 0.0 ], [ 526543.116212669759989, 6047266.596804797649384, 0.0 ], [ 526542.368228953331709, 6047268.279796613380313, 0.0 ], [ 526538.357316616922617, 6047277.348752400837839, 0.0 ], [ 526534.376404121518135, 6047286.431707892566919, 0.0 ], [ 526530.426491487771273, 6047295.528663080185652, 0.0 ], [ 526526.506578713655472, 6047304.63861798029393, 0.0 ], [ 526522.616665784269571, 6047313.762572582811117, 0.0 ], [ 526518.757752701640129, 6047322.89952689409256, 0.0 ], [ 526514.92883949354291, 6047332.050480909645557, 0.0 ], [ 526511.130926102399826, 6047341.214434631168842, 0.0 ], [ 526507.363012585788965, 6047350.39238805603236, 0.0 ], [ 526503.625098921358585, 6047359.5833411924541, 0.0 ], [ 526499.917185120284557, 6047368.78829403501004, 0.0 ], [ 526496.240271162241697, 6047378.006246581673622, 0.0 ], [ 526492.594357036054134, 6047387.238198828883469, 0.0 ], [ 526488.977442793548107, 6047396.483150793239474, 0.0 ], [ 526485.391528394073248, 6047405.742102453485131, 0.0 ], [ 526481.836613830178976, 6047415.014053821563721, 0.0 ], [ 526478.311699122190475, 6047424.30000489577651, 0.0 ], [ 526474.817784272134304, 6047433.599955664947629, 0.0 ], [ 526471.353869277983904, 6047442.912906148470938, 0.0 ], [ 526467.919954139739275, 6047452.239856332540512, 0.0 ], [ 526464.517038844525814, 6047461.579806227236986, 0.0 ], [ 526461.145123396068811, 6047470.933755817823112, 0.0 ], [ 526457.80320780724287, 6047480.300705121830106, 0.0 ], [ 526454.492292065173388, 6047489.681654122658074, 0.0 ], [ 526451.080381188541651, 6047499.712598782964051, 0.0 ], [ 526451.080381188541651, 6047499.712598782964051, 0.0 ] ], [ [ 526676.103013470768929, 6047078.498409079387784, 0.0 ], [ 526669.363184187561274, 6047097.466306247748435, 0.0 ], [ 526665.921270072460175, 6047106.946255314163864, 0.0 ], [ 526662.448356099426746, 6047116.411204689182341, 0.0 ], [ 526658.943442281335592, 6047125.862154373899102, 0.0 ], [ 526655.40752861648798, 6047135.300104351714253, 0.0 ], [ 526651.839615106582642, 6047144.723054645583034, 0.0 ], [ 526648.240701746195555, 6047154.132005240768194, 0.0 ], [ 526644.610788535326719, 6047163.526956140063703, 0.0 ], [ 526640.948875483125448, 6047172.907907345332205, 0.0 ], [ 526637.255962580442429, 6047182.27585884463042, 0.0 ], [ 526633.53204982727766, 6047191.628810654394329, 0.0 ], [ 526629.776137225329876, 6047200.967762771062553, 0.0 ], [ 526625.989224776625633, 6047210.292715192772448, 0.0 ], [ 526622.170312497764826, 6047219.603667917661369, 0.0 ], [ 526618.321400351822376, 6047228.90162093564868, 0.0 ], [ 526614.44048834592104, 6047238.184574265964329, 0.0 ], [ 526610.527576509863138, 6047247.453527906909585, 0.0 ], [ 526606.584664829075336, 6047256.70948183350265, 0.0 ], [ 526602.609753280878067, 6047265.950436074286699, 0.0 ], [ 526598.60384189710021, 6047275.178390612825751, 0.0 ], [ 526594.566930666565895, 6047284.391345459967852, 0.0 ], [ 526590.49901957437396, 6047293.591300602070987, 0.0 ], [ 526588.304067313671112, 6047298.517276688478887, 0.0 ], [ 526586.876098316162825, 6047301.712261205539107, 0.0 ], [ 526586.399108652025461, 6047302.776256057433784, 0.0 ], [ 526582.268197871744633, 6047311.948211808688939, 0.0 ], [ 526578.106287233531475, 6047321.106167861260474, 0.0 ], [ 526573.912376761436462, 6047330.250124223530293, 0.0 ], [ 526569.688466425985098, 6047339.379080886952579, 0.0 ], [ 526565.432556267827749, 6047348.495037850923836, 0.0 ], [ 526561.144646249711514, 6047357.596995122730732, 0.0 ], [ 526556.826736375689507, 6047366.684952692128718, 0.0 ], [ 526552.476826645433903, 6047375.75891056843102, 0.0 ], [ 526548.095917075872421, 6047384.818868746049702, 0.0 ], [ 526543.684007655829191, 6047393.864827227778733, 0.0 ], [ 526539.240098398178816, 6047402.896786016412079, 0.0 ], [ 526534.765189282596111, 6047411.914745105430484, 0.0 ], [ 526530.259280327707529, 6047420.919704491272569, 0.0 ], [ 526525.72137152031064, 6047429.909664189442992, 0.0 ], [ 526521.152462873607874, 6047438.885624192655087, 0.0 ], [ 526516.552554354071617, 6047447.847584495320916, 0.0 ], [ 526511.920646004378796, 6047456.79554510768503, 0.0 ], [ 526507.257737807929516, 6047465.729506021365523, 0.0 ], [ 526502.56282976269722, 6047474.649467243812978, 0.0 ], [ 526497.836921866983175, 6047483.555428767576814, 0.0 ], [ 526493.080014120787382, 6047492.447390593588352, 0.0 ], [ 526488.290106542408466, 6047501.324352740310133, 0.0 ], [ 526483.618194092065096, 6047509.572318961843848, 0.0 ], [ 526483.618194092065096, 6047509.572318961843848, 0.0 ] ], [ [ 526451.080381188541651, 6047499.712598782964051, 0.0 ], [ 526483.618194092065096, 6047509.572318961843848, 0.0 ] ], [ [ 526451.080381188541651, 6047499.712598782964051, 0.0 ], [ 526446.303542543202639, 6047519.5834767119959, 0.0 ], [ 526444.091620024293661, 6047529.224416820332408, 0.0 ], [ 526441.91369728371501, 6047538.871356669813395, 0.0 ], [ 526439.770774323493242, 6047548.524296252988279, 0.0 ], [ 526437.661851111799479, 6047558.182235584594309, 0.0 ], [ 526435.586927689611912, 6047567.846174657344818, 0.0 ], [ 526433.547004036605358, 6047577.51611346565187, 0.0 ], [ 526431.541080165654421, 6047587.1910520195961, 0.0 ], [ 526429.570156060159206, 6047596.872990300878882, 0.0 ], [ 526427.633231714367867, 6047606.559928330592811, 0.0 ], [ 526425.730307161808014, 6047616.252866100519896, 0.0 ], [ 526423.861382368952036, 6047625.950803619809449, 0.0 ], [ 526422.027457375079393, 6047635.655740864574909, 0.0 ], [ 526420.227532122284174, 6047645.365677855908871, 0.0 ], [ 526418.462606653571129, 6047655.08161458466202, 0.0 ], [ 526416.731680955737829, 6047664.802551059983671, 0.0 ], [ 526415.034755036234856, 6047674.529487275518477, 0.0 ], [ 526413.371828895062208, 6047684.262423233129084, 0.0 ], [ 526413.347829982638359, 6047684.404422297142446, 0.0 ], [ 526412.683859828859568, 6047688.349396276287735, 0.0 ], [ 526411.742902539670467, 6047694.001358930952847, 0.0 ], [ 526410.148975934833288, 6047703.746294361539185, 0.0 ], [ 526408.589049119502306, 6047713.496229542419314, 0.0 ], [ 526407.063122063875198, 6047723.252164463512599, 0.0 ], [ 526405.572194788604975, 6047733.014099116437137, 0.0 ], [ 526404.115267291665077, 6047742.781033518724144, 0.0 ], [ 526402.692339561879635, 6047752.553967662155628, 0.0 ], [ 526401.303411602973938, 6047762.332901547662914, 0.0 ], [ 526399.949483420699835, 6047772.117835163138807, 0.0 ], [ 526398.628555025905371, 6047781.908768529072404, 0.0 ], [ 526397.343626394867897, 6047791.704701628535986, 0.0 ], [ 526396.091697532683611, 6047801.506634476594627, 0.0 ], [ 526394.874768439680338, 6047811.313567066565156, 0.0 ], [ 526393.691839132457972, 6047821.127499389462173, 0.0 ], [ 526392.543909598141909, 6047830.946431450545788, 0.0 ], [ 526391.429979827255011, 6047840.771363255567849, 0.0 ], [ 526390.350049830973148, 6047850.602294801734388, 0.0 ], [ 526389.30511961132288, 6047860.43822608795017, 0.0 ], [ 526388.294189170002937, 6047870.280157117173076, 0.0 ], [ 526387.352258216589689, 6047880.12708767130971, 0.0 ], [ 526387.352258216589689, 6047880.12708767130971, 0.0 ] ], [ [ 526483.618194092065096, 6047509.572318961843848, 0.0 ], [ 526481.742330569773912, 6047529.016181936487556, 0.0 ], [ 526480.639401886612177, 6047539.027112250216305, 0.0 ], [ 526479.501473445445299, 6047549.032042825594544, 0.0 ], [ 526478.326545231044292, 6047559.030973681248724, 0.0 ], [ 526477.116617266088724, 6047569.023904803209007, 0.0 ], [ 526475.869689512997866, 6047579.009836212731898, 0.0 ], [ 526474.587762024253607, 6047588.99076787661761, 0.0 ], [ 526473.270834740251303, 6047598.964699815958738, 0.0 ], [ 526471.917907696217299, 6047608.932632026262581, 0.0 ], [ 526470.527980912476778, 6047618.895564509555697, 0.0 ], [ 526469.104054339230061, 6047628.851497257128358, 0.0 ], [ 526467.643128018826246, 6047638.801430284045637, 0.0 ], [ 526466.148201912641525, 6047648.745363571681082, 0.0 ], [ 526464.616276055574417, 6047658.683297137729824, 0.0 ], [ 526463.049350440502167, 6047668.615230968222022, 0.0 ], [ 526461.446425050497055, 6047678.541165071539581, 0.0 ], [ 526459.807499881833792, 6047688.4600994521752, 0.0 ], [ 526458.933539260178804, 6047693.665065108798444, 0.0 ], [ 526458.264569152146578, 6047697.609039125964046, 0.0 ], [ 526458.133574958890676, 6047698.374034092761576, 0.0 ], [ 526456.424650277942419, 6047708.281969000585377, 0.0 ], [ 526454.678725823760033, 6047718.182904193177819, 0.0 ], [ 526452.897801604121923, 6047728.078839642927051, 0.0 ], [ 526451.081877615302801, 6047737.967775366269052, 0.0 ], [ 526449.229953855276108, 6047747.850711361505091, 0.0 ], [ 526447.342030357569456, 6047757.728647622279823, 0.0 ], [ 526445.419107057154179, 6047767.599584157578647, 0.0 ], [ 526443.460184022784233, 6047777.464520961046219, 0.0 ], [ 526441.465261198580265, 6047787.323458039201796, 0.0 ], [ 526439.435338631272316, 6047797.176395382732153, 0.0 ], [ 526437.369416277855635, 6047807.023332998156548, 0.0 ], [ 526435.26849415525794, 6047816.863270887173712, 0.0 ], [ 526433.130572289228439, 6047826.69820904545486, 0.0 ], [ 526430.958650656044483, 6047836.527147465385497, 0.0 ], [ 526428.749729245901108, 6047846.349086170084774, 0.0 ], [ 526426.505808085203171, 6047856.166025132872164, 0.0 ], [ 526424.224887147545815, 6047865.97596438229084, 0.0 ], [ 526421.908966448158026, 6047875.779903897084296, 0.0 ], [ 526419.526046130806208, 6047885.562843994237483, 0.0 ], [ 526419.526046130806208, 6047885.562843994237483, 0.0 ] ], [ [ 526387.352258216589689, 6047880.12708767130971, 0.0 ], [ 526419.526046130806208, 6047885.562843994237483, 0.0 ] ], [ [ 526387.352258216589689, 6047880.12708767130971, 0.0 ], [ 526382.791414551436901, 6047899.460968351922929, 0.0 ], [ 526380.581492263823748, 6047909.139908157289028, 0.0 ], [ 526378.406569737941027, 6047918.82484769821167, 0.0 ], [ 526376.265646990388632, 6047928.515786977484822, 0.0 ], [ 526374.160724014043808, 6047938.212725986726582, 0.0 ], [ 526372.090800788253546, 6047947.914664736017585, 0.0 ], [ 526370.05487734079361, 6047957.623603220097721, 0.0 ], [ 526368.054953660815954, 6047967.337541438639164, 0.0 ], [ 526366.089029774069786, 6047977.058479390107095, 0.0 ], [ 526364.159105621278286, 6047986.784417076967657, 0.0 ], [ 526362.263181265443563, 6047996.516354504972696, 0.0 ], [ 526360.402256667613983, 6048006.254291667602956, 0.0 ], [ 526358.576331831514835, 6048015.998228562995791, 0.0 ], [ 526356.785406786948442, 6048025.748165192082524, 0.0 ], [ 526355.029481485486031, 6048035.504101557657123, 0.0 ], [ 526353.308555975556374, 6048045.265037665143609, 0.0 ], [ 526351.621630225330591, 6048055.032973505556583, 0.0 ], [ 526350.8116663582623, 6048059.798942116089165, 0.0 ], [ 526350.769668240100145, 6048060.044940498657525, 0.0 ], [ 526349.969704251736403, 6048064.805909086018801, 0.0 ], [ 526348.352778058499098, 6048074.585844394750893, 0.0 ], [ 526346.771851621568203, 6048084.370779437944293, 0.0 ], [ 526345.223924960941076, 6048094.161714228801429, 0.0 ], [ 526343.711998049169779, 6048103.95864874869585, 0.0 ], [ 526342.235070940107107, 6048113.761583000421524, 0.0 ], [ 526340.79214359074831, 6048123.570516993291676, 0.0 ], [ 526339.385215986520052, 6048133.384450721554458, 0.0 ], [ 526338.012288175523281, 6048143.205384184606373, 0.0 ], [ 526336.674360129982233, 6048153.031317386776209, 0.0 ], [ 526335.37143187224865, 6048162.864250318147242, 0.0 ], [ 526334.103503357619047, 6048172.702182989567518, 0.0 ], [ 526332.870574619621038, 6048182.546115398406982, 0.0 ], [ 526331.672645650804043, 6048192.396047538146377, 0.0 ], [ 526330.509716454893351, 6048202.251979412510991, 0.0 ], [ 526329.381787031888962, 6048212.113911021500826, 0.0 ], [ 526328.288857370615005, 6048221.981842365115881, 0.0 ], [ 526327.230927482247353, 6048231.854773450642824, 0.0 ], [ 526326.246997024863958, 6048241.728704064153135, 0.0 ], [ 526326.246997024863958, 6048241.728704064153135, 0.0 ] ], [ [ 526419.526046130806208, 6047885.562843994237483, 0.0 ], [ 526417.482185885310173, 6047905.322705603204668, 0.0 ], [ 526416.389256224036217, 6047915.190636946819723, 0.0 ], [ 526415.262326788157225, 6047925.052568550221622, 0.0 ], [ 526414.100397583097219, 6047934.908500419929624, 0.0 ], [ 526412.903468605130911, 6047944.758432552218437, 0.0 ], [ 526411.670539878308773, 6047954.603364952839911, 0.0 ], [ 526410.403611361980438, 6047964.441297619603574, 0.0 ], [ 526409.100683089345694, 6047974.27323055639863, 0.0 ], [ 526407.763755045831203, 6047984.100163746625185, 0.0 ], [ 526406.391827236860991, 6047993.921097203157842, 0.0 ], [ 526404.984899632632732, 6048003.735030930489302, 0.0 ], [ 526403.542972274124622, 6048013.543964917771518, 0.0 ], [ 526402.066045146435499, 6048023.346899171359837, 0.0 ], [ 526400.554118264466524, 6048033.14383368846029, 0.0 ], [ 526399.007191587239504, 6048042.934768473729491, 0.0 ], [ 526397.425265152007341, 6048052.719703524373472, 0.0 ], [ 526395.808338962495327, 6048062.499638832174242, 0.0 ], [ 526395.007375031709671, 6048067.266607381403446, 0.0 ], [ 526395.007375031709671, 6048067.266607381403446, 0.0 ], [ 526394.157412983477116, 6048072.272574407979846, 0.0 ], [ 526392.470487236976624, 6048082.040510247461498, 0.0 ], [ 526390.749561708420515, 6048091.801446354016662, 0.0 ], [ 526388.993636418133974, 6048101.557382718659937, 0.0 ], [ 526387.201711386442184, 6048111.307319355197251, 0.0 ], [ 526385.375786546617746, 6048121.051256252452731, 0.0 ], [ 526383.514861959964037, 6048130.789193414151669, 0.0 ], [ 526381.618937585502863, 6048140.521130841225386, 0.0 ], [ 526379.689013451337814, 6048150.24706852901727, 0.0 ], [ 526377.723089545965195, 6048159.968006480485201, 0.0 ], [ 526375.722165871411562, 6048169.681944706477225, 0.0 ], [ 526373.686242442578077, 6048179.390883188694715, 0.0 ], [ 526371.615319218486547, 6048189.092821944504976, 0.0 ], [ 526369.510396230965853, 6048198.789760953746736, 0.0 ], [ 526367.369473483413458, 6048208.480700233951211, 0.0 ], [ 526365.19355096668005, 6048218.16563977766782, 0.0 ], [ 526362.982628684490919, 6048227.843579597771168, 0.0 ], [ 526360.736706614494324, 6048237.516519677825272, 0.0 ], [ 526358.420784935355186, 6048247.164460387080908, 0.0 ], [ 526358.420784935355186, 6048247.164460387080908, 0.0 ] ], [ [ 526326.246997024863958, 6048241.728704064153135, 0.0 ], [ 526358.420784935355186, 6048247.164460387080908, 0.0 ] ], [ [ 526326.246997024863958, 6048241.728704064153135, 0.0 ], [ 526321.38115756586194, 6048261.359584386460483, 0.0 ], [ 526319.020237430930138, 6048271.199523907154799, 0.0 ], [ 526316.695317067205906, 6048281.045463160611689, 0.0 ], [ 526314.406396467238665, 6048290.898402129299939, 0.0 ], [ 526312.153475631028414, 6048300.757340825162828, 0.0 ], [ 526309.936554569751024, 6048310.62227925285697, 0.0 ], [ 526307.75663324072957, 6048320.493217401206493, 0.0 ], [ 526305.612711690366268, 6048330.371155267581344, 0.0 ], [ 526303.503789912909269, 6048340.255092871375382, 0.0 ], [ 526301.431867882609367, 6048350.145030193962157, 0.0 ], [ 526299.395945623517036, 6048360.041967239230871, 0.0 ], [ 526297.396023128181696, 6048369.944904012605548, 0.0 ], [ 526295.432100400328636, 6048379.853840512223542, 0.0 ], [ 526293.504177432507277, 6048389.768776739947498, 0.0 ], [ 526291.612254213541746, 6048399.689712695777416, 0.0 ], [ 526289.756330776959658, 6048409.617648373357952, 0.0 ], [ 526287.93640710413456, 6048419.551583777181804, 0.0 ], [ 526286.152483183890581, 6048429.492518903687596, 0.0 ], [ 526284.405559025704861, 6048439.438453756272793, 0.0 ], [ 526284.401559181511402, 6048439.458453627303243, 0.0 ], [ 526282.693634640425444, 6048449.391388336196542, 0.0 ], [ 526282.205656472593546, 6048452.271369361318648, 0.0 ], [ 526281.017710015177727, 6048459.350322646088898, 0.0 ], [ 526279.378785148262978, 6048469.316256669349968, 0.0 ], [ 526277.774860061705112, 6048479.288190426304936, 0.0 ], [ 526276.207934722304344, 6048489.266123902983963, 0.0 ], [ 526274.677009154111147, 6048499.250057110562921, 0.0 ], [ 526273.181083336472511, 6048509.239990052767098, 0.0 ], [ 526271.722157303243876, 6048519.236922708339989, 0.0 ], [ 526270.299231011420488, 6048529.239855089224875, 0.0 ], [ 526268.91330448910594, 6048539.249787186272442, 0.0 ], [ 526267.562377735972404, 6048549.264719027094543, 0.0 ], [ 526266.247450735419989, 6048559.286650585010648, 0.0 ], [ 526264.969523500651121, 6048569.314581866376102, 0.0 ], [ 526263.727596033364534, 6048579.349512868560851, 0.0 ], [ 526262.521668326109648, 6048589.390443596057594, 0.0 ], [ 526261.3527403883636, 6048599.437374047003686, 0.0 ], [ 526260.191812507808208, 6048609.505304288119078, 0.0 ], [ 526260.191812507808208, 6048609.505304288119078, 0.0 ] ], [ [ 526358.420784935355186, 6048247.164460387080908, 0.0 ], [ 526356.35992718860507, 6048267.301319218240678, 0.0 ], [ 526355.255998786538839, 6048277.356249200180173, 0.0 ], [ 526354.116070631891489, 6048287.406179445795715, 0.0 ], [ 526352.939142718911171, 6048297.44910997711122, 0.0 ], [ 526351.726215038448572, 6048307.486040780320764, 0.0 ], [ 526350.477287601679564, 6048317.516971856355667, 0.0 ], [ 526349.192360408604145, 6048327.541903205215931, 0.0 ], [ 526347.871433436870575, 6048337.560834826901555, 0.0 ], [ 526346.513506714254618, 6048347.573766721412539, 0.0 ], [ 526345.119580239057541, 6048357.580698893405497, 0.0 ], [ 526343.689653992652893, 6048367.580631342716515, 0.0 ], [ 526342.223727982491255, 6048377.575564057566226, 0.0 ], [ 526340.721802208572626, 6048387.563497050665319, 0.0 ], [ 526339.183876685798168, 6048397.545430316589773, 0.0 ], [ 526337.608951393514872, 6048407.521363862790167, 0.0 ], [ 526335.999026324599981, 6048417.491297673434019, 0.0 ], [ 526334.352101519703865, 6048427.455231760628521, 0.0 ], [ 526333.529138583689928, 6048432.355199430137873, 0.0 ], [ 526333.529138583689928, 6048432.355199430137873, 0.0 ], [ 526332.669176936149597, 6048437.413166122511029, 0.0 ], [ 526330.951252590864897, 6048447.365100746974349, 0.0 ], [ 526329.195328500121832, 6048457.310035665519536, 0.0 ], [ 526327.404404625296593, 6048467.249970840290189, 0.0 ], [ 526325.577481009066105, 6048477.18290629889816, 0.0 ], [ 526323.714557603001595, 6048487.10984202567488, 0.0 ], [ 526321.814634460955858, 6048497.031778026372194, 0.0 ], [ 526319.878711547702551, 6048506.946714303456247, 0.0 ], [ 526317.906788878142834, 6048516.855650855228305, 0.0 ], [ 526315.898866437375546, 6048526.757587684318423, 0.0 ], [ 526313.85394424945116, 6048536.65452478453517, 0.0 ], [ 526311.774022288620472, 6048546.545462150126696, 0.0 ], [ 526309.657100580632687, 6048556.429399804212153, 0.0 ], [ 526307.50417909398675, 6048566.308337721042335, 0.0 ], [ 526305.314257867634296, 6048576.180275922641158, 0.0 ], [ 526303.089336849749088, 6048586.046214392408729, 0.0 ], [ 526300.826416097581387, 6048595.906153147108853, 0.0 ], [ 526298.528495568782091, 6048605.759092173539102, 0.0 ], [ 526296.16157540678978, 6048615.584031845442951, 0.0 ], [ 526296.16157540678978, 6048615.584031845442951, 0.0 ] ], [ [ 526260.191812507808208, 6048609.505304288119078, 0.0 ], [ 526296.16157540678978, 6048615.584031845442951, 0.0 ] ], [ [ 526260.191812507808208, 6048609.505304288119078, 0.0 ], [ 526255.825967751443386, 6048628.903183252550662, 0.0 ], [ 526253.746044684201479, 6048638.61912195943296, 0.0 ], [ 526251.704121381044388, 6048648.342060373164713, 0.0 ], [ 526249.699197828769684, 6048658.070998509414494, 0.0 ], [ 526247.730274051427841, 6048667.805936371907592, 0.0 ], [ 526245.799350008368492, 6048677.546873950399458, 0.0 ], [ 526243.905425719916821, 6048687.294811242260039, 0.0 ], [ 526242.04750119894743, 6048697.048748263157904, 0.0 ], [ 526240.227576427161694, 6048706.808685000985861, 0.0 ], [ 526238.443651419132948, 6048716.574621465057135, 0.0 ], [ 526236.697726171463728, 6048726.347557635977864, 0.0 ], [ 526234.987800672650337, 6048736.126493535004556, 0.0 ], [ 526233.314874932169914, 6048745.911429159343243, 0.0 ], [ 526233.311875093728304, 6048745.933429008349776, 0.0 ], [ 526233.311875093728304, 6048745.933429008349776, 0.0 ], [ 526231.679948948323727, 6048755.702364494092762, 0.0 ], [ 526230.081022713333368, 6048765.500299553386867, 0.0 ], [ 526228.519096244126558, 6048775.304234329611063, 0.0 ], [ 526226.994169533252716, 6048785.114168832078576, 0.0 ], [ 526225.506242580711842, 6048794.930103054270148, 0.0 ], [ 526224.055315375328064, 6048804.753036990761757, 0.0 ], [ 526222.641387920826674, 6048814.58097065705806, 0.0 ], [ 526221.264460228383541, 6048824.415904034860432, 0.0 ], [ 526219.924532309174538, 6048834.257837130688131, 0.0 ], [ 526218.62160411849618, 6048844.104769951663911, 0.0 ], [ 526217.35567569360137, 6048853.958702490665019, 0.0 ], [ 526216.126747030764818, 6048863.818634749390185, 0.0 ], [ 526214.934818118810654, 6048873.684566728770733, 0.0 ], [ 526213.901888091117144, 6048883.566497589461505, 0.0 ], [ 526213.901888091117144, 6048883.566497589461505, 0.0 ] ], [ [ 526296.16157540678978, 6048615.584031845442951, 0.0 ], [ 526293.852717079222202, 6048635.32889523729682, 0.0 ], [ 526292.624788418412209, 6048645.18982748221606, 0.0 ], [ 526291.359859984368086, 6048655.042760021053255, 0.0 ], [ 526290.056931801140308, 6048664.890692836605012, 0.0 ], [ 526288.718003861606121, 6048674.732625924982131, 0.0 ], [ 526287.342076178640127, 6048684.567559297196567, 0.0 ], [ 526285.928148716688156, 6048694.396492954343557, 0.0 ], [ 526284.478221505880356, 6048704.218426894396544, 0.0 ], [ 526282.990294549614191, 6048714.035361109301448, 0.0 ], [ 526281.466367825865746, 6048723.84529560059309, 0.0 ], [ 526279.904441356658936, 6048733.649230382405221, 0.0 ], [ 526278.306515123695135, 6048743.446165438741446, 0.0 ], [ 526276.67058914154768, 6048753.238100776448846, 0.0 ], [ 526276.666589312255383, 6048753.259100640192628, 0.0 ], [ 526276.666589312255383, 6048753.259100640192628, 0.0 ], [ 526274.997663412243128, 6048763.023036397993565, 0.0 ], [ 526273.288737900555134, 6048772.801972292363644, 0.0 ], [ 526271.541812647134066, 6048782.573908476158977, 0.0 ], [ 526269.758887633681297, 6048792.339844934642315, 0.0 ], [ 526267.937962871044874, 6048802.100781669840217, 0.0 ], [ 526266.081038352102041, 6048811.853718692436814, 0.0 ], [ 526264.186114069074392, 6048821.60165598988533, 0.0 ], [ 526262.255190029740334, 6048831.342593570239842, 0.0 ], [ 526260.286266248673201, 6048841.07753143273294, 0.0 ], [ 526258.280342694371939, 6048850.806469575501978, 0.0 ], [ 526256.237419407814741, 6048860.529407994821668, 0.0 ], [ 526254.157496340572834, 6048870.245346700772643, 0.0 ], [ 526252.04057352989912, 6048879.955285684205592, 0.0 ], [ 526249.85165111720562, 6048889.641225304454565, 0.0 ], [ 526249.85165111720562, 6048889.641225304454565, 0.0 ] ], [ [ 526213.901888091117144, 6048883.566497589461505, 0.0 ], [ 526249.85165111720562, 6048889.641225304454565, 0.0 ] ], [ [ 526213.901888091117144, 6048883.566497589461505, 0.0 ], [ 526209.318047054111958, 6048903.290375430136919, 0.0 ], [ 526207.055126298218966, 6048913.148314197547734, 0.0 ], [ 526204.827205285429955, 6048923.011252708733082, 0.0 ], [ 526202.635284047573805, 6048932.88019094709307, 0.0 ], [ 526200.479362569749355, 6048942.75512891355902, 0.0 ], [ 526198.357440870255232, 6048952.636066621169448, 0.0 ], [ 526196.271518938243389, 6048962.523004055954516, 0.0 ], [ 526194.221596755087376, 6048972.415941219776869, 0.0 ], [ 526192.205674350261688, 6048982.313878127373755, 0.0 ], [ 526190.225751709192991, 6048992.217814766801894, 0.0 ], [ 526188.280828844755888, 6049002.128751134499907, 0.0 ], [ 526186.371905732899904, 6049012.044687234796584, 0.0 ], [ 526184.496982414275408, 6049021.966623078100383, 0.0 ], [ 526182.658058825880289, 6049031.893558654002845, 0.0 ], [ 526180.854135036468506, 6049041.827493959106505, 0.0 ], [ 526179.085210990160704, 6049051.767428997904062, 0.0 ], [ 526177.351286731660366, 6049061.71236377581954, 0.0 ], [ 526175.703359946608543, 6049071.362300274893641, 0.0 ], [ 526175.653362214565277, 6049071.66329828556627, 0.0 ], [ 526174.46441588550806, 6049078.759251445531845, 0.0 ], [ 526173.989437490701675, 6049081.620232533663511, 0.0 ], [ 526172.361512523144484, 6049091.583166510798037, 0.0 ], [ 526170.768587328493595, 6049101.552100220695138, 0.0 ], [ 526169.210661895573139, 6049111.526033674366772, 0.0 ], [ 526167.687736243009567, 6049121.506966852582991, 0.0 ], [ 526166.200810339301825, 6049131.492899768985808, 0.0 ], [ 526164.747884225100279, 6049141.484832422807813, 0.0 ], [ 526163.330957852303982, 6049151.482764809392393, 0.0 ], [ 526161.949031267315149, 6049161.48669692594558, 0.0 ], [ 526160.60210444778204, 6049171.495628785341978, 0.0 ], [ 526159.290177382528782, 6049181.511560372076929, 0.0 ], [ 526158.014250092208385, 6049191.532491694204509, 0.0 ], [ 526156.772322572767735, 6049201.559422756545246, 0.0 ], [ 526155.566394817084074, 6049211.592353546991944, 0.0 ], [ 526154.395466830581427, 6049221.631284070201218, 0.0 ], [ 526153.26053861528635, 6049231.676214322447777, 0.0 ], [ 526152.159610155969858, 6049241.726144324988127, 0.0 ], [ 526151.094681471586227, 6049251.783074046485126, 0.0 ], [ 526150.064752548933029, 6049261.845003510825336, 0.0 ], [ 526149.070823390036821, 6049271.91293270047754, 0.0 ], [ 526148.111894004046917, 6049281.98686162661761, 0.0 ], [ 526147.187964379787445, 6049292.066790285520256, 0.0 ], [ 526146.342041801661253, 6049303.36070916429162, 0.0 ], [ 526146.342041801661253, 6049303.36070916429162, 0.0 ] ], [ [ 526249.85165111720562, 6048889.641225304454565, 0.0 ], [ 526247.975790269672871, 6048909.511085019446909, 0.0 ], [ 526246.969860319048166, 6048919.43801536411047, 0.0 ], [ 526245.928930602967739, 6048929.359945966862142, 0.0 ], [ 526244.854001101106405, 6048939.274876838549972, 0.0 ], [ 526243.744071837514639, 6048949.18480796739459, 0.0 ], [ 526242.600142799317837, 6048959.088739354163408, 0.0 ], [ 526241.421214006841183, 6048968.987671000882983, 0.0 ], [ 526240.20828540623188, 6048978.879602916538715, 0.0 ], [ 526238.960357055068016, 6048988.766535088419914, 0.0 ], [ 526237.678428925573826, 6048998.647467520087957, 0.0 ], [ 526236.3625010214746, 6049008.5224002096802, 0.0 ], [ 526235.01157334446907, 6049018.391333166509867, 0.0 ], [ 526233.625645905733109, 6049028.255266380496323, 0.0 ], [ 526232.205718692392111, 6049038.113199855200946, 0.0 ], [ 526230.751791696995497, 6049047.965133588761091, 0.0 ], [ 526229.263864923268557, 6049057.811067580245435, 0.0 ], [ 526227.740938395261765, 6049067.652001831680536, 0.0 ], [ 526226.183012090623379, 6049077.486936347559094, 0.0 ], [ 526224.592086002230644, 6049087.315871117636561, 0.0 ], [ 526222.966160140931606, 6049097.138806154020131, 0.0 ], [ 526222.899163145571947, 6049097.536803528666496, 0.0 ], [ 526222.194194860756397, 6049101.727775880135596, 0.0 ], [ 526221.306234497576952, 6049106.956741439178586, 0.0 ], [ 526219.611309096217155, 6049116.768676993437111, 0.0 ], [ 526217.882383923977613, 6049126.574612804688513, 0.0 ], [ 526216.119458973407745, 6049136.374548880383372, 0.0 ], [ 526214.321534242480993, 6049146.169485208578408, 0.0 ], [ 526212.489609748125076, 6049155.95842179749161, 0.0 ], [ 526210.623685471713543, 6049165.741358647122979, 0.0 ], [ 526208.722761433571577, 6049175.518295760266483, 0.0 ], [ 526206.787837609648705, 6049185.290233127772808, 0.0 ], [ 526204.817914023995399, 6049195.056170761585236, 0.0 ], [ 526202.814990654587746, 6049204.816108645871282, 0.0 ], [ 526200.776067521423101, 6049214.570046803914011, 0.0 ], [ 526198.704144611954689, 6049224.317985213361681, 0.0 ], [ 526196.597221918404102, 6049234.060923885554075, 0.0 ], [ 526194.455299474298954, 6049243.797862817533314, 0.0 ], [ 526192.279377244412899, 6049253.529802003875375, 0.0 ], [ 526190.069455239921808, 6049263.254741459153593, 0.0 ], [ 526187.824533473700285, 6049272.974681169725955, 0.0 ], [ 526185.544611930847168, 6049282.688621147535741, 0.0 ], [ 526183.230690628290176, 6049292.396561383269727, 0.0 ], [ 526180.857762362807989, 6049300.926511004567146, 0.0 ], [ 526180.857762362807989, 6049300.926511004567146, 0.0 ] ], [ [ 526146.342041801661253, 6049303.36070916429162, 0.0 ], [ 526180.857762362807989, 6049300.926511004567146, 0.0 ] ], [ [ 526146.342041801661253, 6049303.36070916429162, 0.0 ], [ 526151.526131894439459, 6049324.021518483757973, 0.0 ], [ 526154.109173059463501, 6049333.724428001791239, 0.0 ], [ 526156.729213871061802, 6049343.415337378159165, 0.0 ], [ 526159.385254349559546, 6049353.094246623106301, 0.0 ], [ 526162.077294461429119, 6049362.762155724689364, 0.0 ], [ 526164.805334236472845, 6049372.418064692988992, 0.0 ], [ 526167.570373646914959, 6049382.061973518691957, 0.0 ], [ 526170.370412711054087, 6049391.694882209412754, 0.0 ], [ 526173.207451440393925, 6049401.315790761262178, 0.0 ], [ 526176.080489799380302, 6049410.924699176102877, 0.0 ], [ 526178.990527793765068, 6049420.521607453003526, 0.0 ], [ 526181.93556547537446, 6049430.107515592128038, 0.0 ], [ 526184.917602777481079, 6049439.681423590518534, 0.0 ], [ 526187.935639746487141, 6049449.243331456556916, 0.0 ], [ 526190.989676356315613, 6049458.794239181093872, 0.0 ], [ 526192.085689276456833, 6049462.189206315204501, 0.0 ], [ 526194.079712618142366, 6049468.3331467686221, 0.0 ], [ 526195.335727117955685, 6049472.174109485000372, 0.0 ], [ 526197.206748522818089, 6049477.86005421821028, 0.0 ], [ 526200.369784068316221, 6049487.374961532652378, 0.0 ], [ 526203.568819288164377, 6049496.87886870559305, 0.0 ], [ 526206.803854137659073, 6049506.37077574338764, 0.0 ], [ 526210.075888637453318, 6049515.850682640448213, 0.0 ], [ 526213.383922800421715, 6049525.319589396938682, 0.0 ], [ 526216.727956607937813, 6049534.776496016420424, 0.0 ], [ 526220.107990052551031, 6049544.221402505412698, 0.0 ], [ 526223.525023147463799, 6049553.65430885180831, 0.0 ], [ 526226.978055898100138, 6049563.076215056702495, 0.0 ], [ 526230.468088299036026, 6049572.486121119000018, 0.0 ], [ 526234.100119426846504, 6049581.867026512511075, 0.0 ], [ 526234.100119426846504, 6049581.867026512511075, 0.0 ] ], [ [ 526180.857762362807989, 6049300.926511004567146, 0.0 ], [ 526187.968819759786129, 6049318.730330089107156, 0.0 ], [ 526191.544852238148451, 6049328.261234684847295, 0.0 ], [ 526195.083885092288256, 6049337.804139424115419, 0.0 ], [ 526198.584918320178986, 6049347.360044301487505, 0.0 ], [ 526202.048951901495457, 6049356.927949319593608, 0.0 ], [ 526205.474985849112272, 6049366.507854484952986, 0.0 ], [ 526208.8640201613307, 6049376.099759791046381, 0.0 ], [ 526212.215054836124182, 6049385.703665241599083, 0.0 ], [ 526215.529089879244566, 6049395.31957083567977, 0.0 ], [ 526218.80612526461482, 6049404.94847656134516, 0.0 ], [ 526222.04516102746129, 6049414.589382434263825, 0.0 ], [ 526225.247197151184082, 6049424.242288446053863, 0.0 ], [ 526226.508211605250835, 6049428.080251155421138, 0.0 ], [ 526228.139230478554964, 6049433.07020272128284, 0.0 ], [ 526228.411233652383089, 6049433.907194606028497, 0.0 ], [ 526231.538270499557257, 6049443.584100907668471, 0.0 ], [ 526234.628307700157166, 6049453.274007341824472, 0.0 ], [ 526237.68034527823329, 6049462.975913922302425, 0.0 ], [ 526240.695383224636316, 6049472.689820643514395, 0.0 ], [ 526243.672421518713236, 6049482.415727510116994, 0.0 ], [ 526246.612460181117058, 6049492.153634517453611, 0.0 ], [ 526249.514499224722385, 6049501.904541665688157, 0.0 ], [ 526252.379538610577583, 6049511.666448962874711, 0.0 ], [ 526255.206578359007835, 6049521.441356395371258, 0.0 ], [ 526257.996618486940861, 6049531.228263972327113, 0.0 ], [ 526260.74865897372365, 6049541.028171686455607, 0.0 ], [ 526263.4636998064816, 6049550.839079549536109, 0.0 ], [ 526266.140741031616926, 6049560.662987551651895, 0.0 ], [ 526268.740782987326384, 6049570.510895854793489, 0.0 ], [ 526268.740782987326384, 6049570.510895854793489, 0.0 ] ], [ [ 526234.100119426846504, 6049581.867026512511075, 0.0 ], [ 526268.740782987326384, 6049570.510895854793489, 0.0 ] ], [ [ 526234.100119426846504, 6049581.867026512511075, 0.0 ], [ 526239.053203519433737, 6049601.293846729211509, 0.0 ], [ 526241.563245255500078, 6049610.996756705455482, 0.0 ], [ 526244.107286658138037, 6049620.688666552305222, 0.0 ], [ 526246.685327734798193, 6049630.368576278910041, 0.0 ], [ 526249.296368476003408, 6049640.038485872559249, 0.0 ], [ 526251.941408902406693, 6049649.69739533867687, 0.0 ], [ 526254.619448997080326, 6049659.344304690137506, 0.0 ], [ 526257.331488769501448, 6049668.98121390119195, 0.0 ], [ 526260.077528208494186, 6049678.607122986577451, 0.0 ], [ 526262.857567317783833, 6049688.221031949855387, 0.0 ], [ 526265.67060611769557, 6049697.824940781109035, 0.0 ], [ 526268.517644565552473, 6049707.416849489323795, 0.0 ], [ 526271.397682707756758, 6049716.998758070170879, 0.0 ], [ 526274.311720512807369, 6049726.568666526116431, 0.0 ], [ 526277.258758012205362, 6049736.128574852831662, 0.0 ], [ 526280.239795155823231, 6049745.67648305837065, 0.0 ], [ 526283.254831988364458, 6049755.214391126297414, 0.0 ], [ 526286.302868500351906, 6049764.740299076773226, 0.0 ], [ 526289.38490467146039, 6049774.256206893362105, 0.0 ], [ 526290.924922496080399, 6049778.970161145552993, 0.0 ], [ 526290.924922496080399, 6049778.970161145552993, 0.0 ], [ 526292.499940533190966, 6049783.760114595293999, 0.0 ], [ 526295.648976054042578, 6049793.254022156819701, 0.0 ], [ 526298.831011265516281, 6049802.735929604619741, 0.0 ], [ 526302.047046132385731, 6049812.207836914807558, 0.0 ], [ 526305.297080677002668, 6049821.667744102887809, 0.0 ], [ 526308.580114897340536, 6049831.11665116995573, 0.0 ], [ 526311.896148804575205, 6049840.555558104999363, 0.0 ], [ 526315.247182380408049, 6049849.982464912347496, 0.0 ], [ 526318.631215617060661, 6049859.399371585808694, 0.0 ], [ 526322.048248536884785, 6049868.804278147406876, 0.0 ], [ 526325.499281130731106, 6049878.199184571392834, 0.0 ], [ 526328.984313391149044, 6049887.582090874202549, 0.0 ], [ 526332.502345331013203, 6049896.953997053205967, 0.0 ], [ 526336.055376939475536, 6049906.315903089009225, 0.0 ], [ 526339.640408229082823, 6049915.665809014812112, 0.0 ], [ 526343.260439179837704, 6049925.004714804701507, 0.0 ], [ 526346.913469810038805, 6049934.332620475441217, 0.0 ], [ 526350.600500106811523, 6049943.649526013061404, 0.0 ], [ 526354.321530092507601, 6049952.955431421287358, 0.0 ], [ 526358.076559722423553, 6049962.250336701981723, 0.0 ], [ 526361.925588436424732, 6049971.511241652071476, 0.0 ], [ 526361.925588436424732, 6049971.511241652071476, 0.0 ] ], [ [ 526268.740782987326384, 6049570.510895854793489, 0.0 ], [ 526276.314841642975807, 6049589.078706178814173, 0.0 ], [ 526280.036871608346701, 6049598.384611581452191, 0.0 ], [ 526283.723901897668839, 6049607.701517120935023, 0.0 ], [ 526287.377932518720627, 6049617.029422784224153, 0.0 ], [ 526290.998963464051485, 6049626.368328566662967, 0.0 ], [ 526294.584994755685329, 6049635.718234485946596, 0.0 ], [ 526298.138026356697083, 6049645.07914053183049, 0.0 ], [ 526301.658058267086744, 6049654.451046696864069, 0.0 ], [ 526305.143090527504683, 6049663.833952999673784, 0.0 ], [ 526308.595123119652271, 6049673.227859424427152, 0.0 ], [ 526312.013156022876501, 6049682.63276597764343, 0.0 ], [ 526315.398189257830381, 6049692.048672656528652, 0.0 ], [ 526318.749222829937935, 6049701.475579464808106, 0.0 ], [ 526322.06625671684742, 6049710.914486393332481, 0.0 ], [ 526325.350290942937136, 6049720.363393452949822, 0.0 ], [ 526328.600325476378202, 6049729.823300641030073, 0.0 ], [ 526331.81736034154892, 6049739.294207954779267, 0.0 ], [ 526335.000395551323891, 6049748.777115386910737, 0.0 ], [ 526338.149431060999632, 6049758.270022957585752, 0.0 ], [ 526339.699448797851801, 6049762.981977160088718, 0.0 ], [ 526339.699448797851801, 6049762.981977160088718, 0.0 ], [ 526341.265466909855604, 6049767.77393065020442, 0.0 ], [ 526344.347503084689379, 6049777.289838465861976, 0.0 ], [ 526347.396539587527514, 6049786.815746412612498, 0.0 ], [ 526350.41157641261816, 6049796.35265448782593, 0.0 ], [ 526353.393613558262587, 6049805.90056268684566, 0.0 ], [ 526356.341651048511267, 6049815.460471006110311, 0.0 ], [ 526359.255688846111298, 6049825.030379463918507, 0.0 ], [ 526362.136726975440979, 6049834.612288036383688, 0.0 ], [ 526364.983765430748463, 6049844.204196746461093, 0.0 ], [ 526367.79680422693491, 6049853.807105585932732, 0.0 ], [ 526370.576843332499266, 6049863.422014540061355, 0.0 ], [ 526373.322882771492004, 6049873.046923631802201, 0.0 ], [ 526376.034922551363707, 6049882.683832844719291, 0.0 ], [ 526378.713962629437447, 6049892.331742180511355, 0.0 ], [ 526381.35900304839015, 6049901.989651654846966, 0.0 ], [ 526383.970043811947107, 6049911.659561249427497, 0.0 ], [ 526386.547084882855415, 6049921.340470973402262, 0.0 ], [ 526389.091126285493374, 6049931.032380822114646, 0.0 ], [ 526391.601168021559715, 6049940.734290805645287, 0.0 ], [ 526394.07721009477973, 6049950.449200903065503, 0.0 ], [ 526396.483252815902233, 6049960.183111296966672, 0.0 ], [ 526396.483252815902233, 6049960.183111296966672, 0.0 ] ], [ [ 526361.925588436424732, 6049971.511241652071476, 0.0 ], [ 526396.483252815902233, 6049960.183111296966672, 0.0 ] ], [ [ 526361.925588436424732, 6049971.511241652071476, 0.0 ], [ 526366.748673837631941, 6049990.986062315292656, 0.0 ], [ 526369.205716051161289, 6050000.700972531922162, 0.0 ], [ 526371.694757953286171, 6050010.404882634058595, 0.0 ], [ 526374.216799527406693, 6050020.09779261238873, 0.0 ], [ 526376.771840780973434, 6050029.779702466912568, 0.0 ], [ 526379.358881741762161, 6050039.451612198725343, 0.0 ], [ 526381.978922355920076, 6050049.112521803937852, 0.0 ], [ 526384.630962669849396, 6050058.762431295588613, 0.0 ], [ 526387.316002659499645, 6050068.401340660639107, 0.0 ], [ 526390.033042341470718, 6050078.03024990670383, 0.0 ], [ 526392.782081726938486, 6050087.648159032687545, 0.0 ], [ 526395.564120773226023, 6050097.255068034864962, 0.0 ], [ 526398.379159487783909, 6050106.850976915098727, 0.0 ], [ 526401.22619790583849, 6050116.436885670758784, 0.0 ], [ 526404.105236008763313, 6050126.011794309131801, 0.0 ], [ 526407.017273813486099, 6050135.576702816411853, 0.0 ], [ 526409.961311280727386, 6050145.129611215554178, 0.0 ], [ 526412.937348432838917, 6050154.67251949198544, 0.0 ], [ 526415.946385283023119, 6050164.20442764274776, 0.0 ], [ 526418.987421799451113, 6050173.726335669867694, 0.0 ], [ 526422.061458013951778, 6050183.237243574112654, 0.0 ], [ 526424.345484487712383, 6050190.234175679273903, 0.0 ], [ 526425.167493905872107, 6050192.737151360139251, 0.0 ], [ 526426.377507705241442, 6050196.408115666359663, 0.0 ], [ 526428.305529497563839, 6050202.227059023454785, 0.0 ], [ 526431.476564764976501, 6050211.705966564826667, 0.0 ], [ 526434.678599733859301, 6050221.1738739926368, 0.0 ], [ 526437.914634358137846, 6050230.630781292915344, 0.0 ], [ 526441.181668698787689, 6050240.077688472345471, 0.0 ], [ 526444.481702707707882, 6050249.513595531694591, 0.0 ], [ 526447.813736401498318, 6050258.939502465538681, 0.0 ], [ 526451.178769778460264, 6050268.354409276507795, 0.0 ], [ 526454.575802847743034, 6050277.758315971121192, 0.0 ], [ 526458.004835598170757, 6050287.151222547516227, 0.0 ], [ 526461.466868050396442, 6050296.534128994680941, 0.0 ], [ 526464.960900161415339, 6050305.906035323627293, 0.0 ], [ 526468.487931959331036, 6050315.266941532492638, 0.0 ], [ 526472.046963449567556, 6050324.617847613058984, 0.0 ], [ 526475.637994635850191, 6050333.956753585487604, 0.0 ], [ 526479.262025490403175, 6050343.286659420467913, 0.0 ], [ 526482.91905602812767, 6050352.604565140791237, 0.0 ], [ 526486.607086267322302, 6050361.912470743060112, 0.0 ], [ 526490.329116180539131, 6050371.209376215003431, 0.0 ], [ 526494.083145763725042, 6050380.495281567797065, 0.0 ], [ 526497.869175039231777, 6050389.770186807028949, 0.0 ], [ 526501.688204009085894, 6050399.035091914236546, 0.0 ], [ 526505.54023264721036, 6050408.288996899500489, 0.0 ], [ 526509.424260973930359, 6050417.531901766546071, 0.0 ], [ 526513.341288980096579, 6050426.763806509785354, 0.0 ], [ 526517.402315955609083, 6050436.006710266694427, 0.0 ], [ 526517.402315955609083, 6050436.006710266694427, 0.0 ] ], [ [ 526396.483252815902233, 6049960.183111296966672, 0.0 ], [ 526404.282309047877789, 6049978.640921051613986, 0.0 ], [ 526408.122337777167559, 6049987.892826127819717, 0.0 ], [ 526411.929366819560528, 6049997.155731325037777, 0.0 ], [ 526415.703396175056696, 6050006.429636645130813, 0.0 ], [ 526419.445425849407911, 6050015.713542092591524, 0.0 ], [ 526423.155455831438303, 6050025.00844765547663, 0.0 ], [ 526426.831486150622368, 6050034.314353346824646, 0.0 ], [ 526430.475516773760319, 6050043.631259155459702, 0.0 ], [ 526434.087547723203897, 6050052.95816508680582, 0.0 ], [ 526437.666578970849514, 6050062.296071143820882, 0.0 ], [ 526441.213610548526049, 6050071.64497731719166, 0.0 ], [ 526444.727642454206944, 6050081.004883613437414, 0.0 ], [ 526448.209674641489983, 6050090.374790035188198, 0.0 ], [ 526451.658707164227962, 6050099.754696584306657, 0.0 ], [ 526455.075739998370409, 6050109.146603244356811, 0.0 ], [ 526458.460773155093193, 6050118.54851002804935, 0.0 ], [ 526461.812806613743305, 6050127.961416939273477, 0.0 ], [ 526465.131840404123068, 6050137.384323976933956, 0.0 ], [ 526468.419874481856823, 6050146.818231125362217, 0.0 ], [ 526471.674908891320229, 6050156.263138398528099, 0.0 ], [ 526474.897943630814552, 6050165.719045786187053, 0.0 ], [ 526478.087978657335043, 6050175.184953306801617, 0.0 ], [ 526481.246014021337032, 6050184.661860941909254, 0.0 ], [ 526482.897032767534256, 6050189.659812322817743, 0.0 ], [ 526484.146047074347734, 6050193.45977539755404, 0.0 ], [ 526484.37104969099164, 6050194.148768709972501, 0.0 ], [ 526487.465085666626692, 6050203.646676587872207, 0.0 ], [ 526490.526121951639652, 6050213.155584588646889, 0.0 ], [ 526493.554158568382263, 6050222.674492720514536, 0.0 ], [ 526496.55019549280405, 6050232.2044009687379, 0.0 ], [ 526499.514232743531466, 6050241.745309335179627, 0.0 ], [ 526502.446270283311605, 6050251.296217824332416, 0.0 ], [ 526505.345308154821396, 6050260.858126438222826, 0.0 ], [ 526508.212346337735653, 6050270.431035166606307, 0.0 ], [ 526511.04638484492898, 6050280.013944026082754, 0.0 ], [ 526513.848423659801483, 6050289.607853003777564, 0.0 ], [ 526516.618462771177292, 6050299.211762104183435, 0.0 ], [ 526519.355502218008041, 6050308.827671321108937, 0.0 ], [ 526522.060541976243258, 6050318.453580663539469, 0.0 ], [ 526524.732582047581673, 6050328.089490135200322, 0.0 ], [ 526527.372622437775135, 6050337.737399717792869, 0.0 ], [ 526529.979663152247667, 6050347.395309427753091, 0.0 ], [ 526532.554704166948795, 6050357.064219256862998, 0.0 ], [ 526535.096745517104864, 6050366.743129218928516, 0.0 ], [ 526537.606787160038948, 6050376.433039291761816, 0.0 ], [ 526540.083829138427973, 6050386.133949492126703, 0.0 ], [ 526542.527871429920197, 6050395.845859816297889, 0.0 ], [ 526544.939914025366306, 6050405.567770263180137, 0.0 ], [ 526547.319956943392754, 6050415.300680825486779, 0.0 ], [ 526549.574000671505928, 6050425.008592371828854, 0.0 ], [ 526549.574000671505928, 6050425.008592371828854, 0.0 ] ], [ [ 526517.402315955609083, 6050436.006710266694427, 0.0 ], [ 526549.574000671505928, 6050425.008592371828854, 0.0 ] ], [ [ 526517.402315955609083, 6050436.006710266694427, 0.0 ], [ 526522.081403464078903, 6050455.640530616976321, 0.0 ], [ 526524.530446406453848, 6050465.46144007332623, 0.0 ], [ 526527.012489020824432, 6050475.271349408663809, 0.0 ], [ 526529.527531325817108, 6050485.071258610114455, 0.0 ], [ 526532.076573293656111, 6050494.859167692251503, 0.0 ], [ 526534.658614944666624, 6050504.637076642364264, 0.0 ], [ 526537.273656275123358, 6050514.403985470533371, 0.0 ], [ 526539.922697279602289, 6050524.159894168376923, 0.0 ], [ 526542.60473795607686, 6050533.904802744276822, 0.0 ], [ 526545.319778319448233, 6050543.639711188152432, 0.0 ], [ 526548.067818358540535, 6050553.362619516439736, 0.0 ], [ 526550.848858091980219, 6050563.075527715496719, 0.0 ], [ 526553.663897473365068, 6050572.777435783296824, 0.0 ], [ 526556.51193655282259, 6050582.46934372279793, 0.0 ], [ 526559.392975300550461, 6050592.149251544848084, 0.0 ], [ 526562.306013740599155, 6050601.819159243255854, 0.0 ], [ 526565.254051841795444, 6050611.478066804818809, 0.0 ], [ 526568.234089635312557, 6050621.126974245533347, 0.0 ], [ 526571.24712710827589, 6050630.763881566934288, 0.0 ], [ 526574.293164268136024, 6050640.390788757242262, 0.0 ], [ 526577.373201087117195, 6050650.006695821881294, 0.0 ], [ 526579.71822864562273, 6050657.25262564048171, 0.0 ], [ 526580.486237581819296, 6050659.611602760851383, 0.0 ], [ 526582.045255616307259, 6050664.382556457072496, 0.0 ], [ 526583.631273787468672, 6050669.20650957711041, 0.0 ], [ 526586.810309637337923, 6050678.789416268467903, 0.0 ], [ 526590.022345181554556, 6050688.362322831526399, 0.0 ], [ 526593.267380408942699, 6050697.925229264423251, 0.0 ], [ 526596.545415308326483, 6050707.476135580800474, 0.0 ], [ 526599.856449894607067, 6050717.017041767947376, 0.0 ], [ 526603.201484147459269, 6050726.546947822906077, 0.0 ], [ 526606.578518092632294, 6050736.065853761509061, 0.0 ], [ 526609.989551700651646, 6050745.573759573511779, 0.0 ], [ 526613.433585003018379, 6050755.071665252558887, 0.0 ], [ 526616.910617988556623, 6050764.558570808731019, 0.0 ], [ 526620.420650631189346, 6050774.034476242028177, 0.0 ], [ 526623.96368296444416, 6050783.499381552450359, 0.0 ], [ 526627.539714977145195, 6050792.954286732710898, 0.0 ], [ 526631.149746660143137, 6050802.397191789001226, 0.0 ], [ 526634.792778037488461, 6050811.830096716992557, 0.0 ], [ 526638.468809083104134, 6050821.25200152117759, 0.0 ], [ 526642.178839795291424, 6050830.66290619596839, 0.0 ], [ 526645.921870179474354, 6050840.063810740597546, 0.0 ], [ 526649.710900343954563, 6050849.482714856974781, 0.0 ], [ 526649.710900343954563, 6050849.482714856974781, 0.0 ] ], [ [ 526549.574000671505928, 6050425.008592371828854, 0.0 ], [ 526557.295059718191624, 6050443.819399914704263, 0.0 ], [ 526561.058089967817068, 6050453.220304335467517, 0.0 ], [ 526564.788120530545712, 6050462.631208882667124, 0.0 ], [ 526568.484151419252157, 6050472.05311356112361, 0.0 ], [ 526572.146182641386986, 6050481.48701836168766, 0.0 ], [ 526575.776214178651571, 6050490.930923285894096, 0.0 ], [ 526579.37224604934454, 6050500.385828339494765, 0.0 ], [ 526582.935278218239546, 6050509.850733526051044, 0.0 ], [ 526586.465310726314783, 6050519.327638824470341, 0.0 ], [ 526589.961343567818403, 6050528.814544262364507, 0.0 ], [ 526593.424376714974642, 6050538.313449814915657, 0.0 ], [ 526596.85441018640995, 6050547.82235549762845, 0.0 ], [ 526600.2514439933002, 6050557.342261304147542, 0.0 ], [ 526603.6144781075418, 6050566.873167237266898, 0.0 ], [ 526606.945512540638447, 6050576.414073298685253, 0.0 ], [ 526610.242547314614058, 6050585.96697948127985, 0.0 ], [ 526613.506582390516996, 6050595.529885794967413, 0.0 ], [ 526616.737617805600166, 6050605.103792230598629, 0.0 ], [ 526619.935653530061245, 6050614.688698789104819, 0.0 ], [ 526623.099689565598965, 6050624.283605483360589, 0.0 ], [ 526623.120689813047647, 6050624.346604870632291, 0.0 ], [ 526624.441705066710711, 6050628.386565655469894, 0.0 ], [ 526626.231725938618183, 6050633.890512289479375, 0.0 ], [ 526629.329762633889914, 6050643.507419232279062, 0.0 ], [ 526632.39579963684082, 6050653.135326290503144, 0.0 ], [ 526635.42783697322011, 6050662.774233478121459, 0.0 ], [ 526638.42687464132905, 6050672.42414078861475, 0.0 ], [ 526641.392912611365318, 6050682.084048230201006, 0.0 ], [ 526644.324950911104679, 6050691.75595579482615, 0.0 ], [ 526647.224989525973797, 6050701.437863484025002, 0.0 ], [ 526650.091028474271297, 6050711.130771300755441, 0.0 ], [ 526652.924067746847868, 6050720.834679240360856, 0.0 ], [ 526655.724107321351767, 6050730.548587311990559, 0.0 ], [ 526658.491147227585316, 6050740.27449549920857, 0.0 ], [ 526661.225187454372644, 6050750.0104038156569, 0.0 ], [ 526663.925228022038937, 6050759.75731226336211, 0.0 ], [ 526666.592268884181976, 6050769.515220833010972, 0.0 ], [ 526669.226310081779957, 6050779.284129526466131, 0.0 ], [ 526671.827351599931717, 6050789.063038350082934, 0.0 ], [ 526674.39439344778657, 6050798.853947294875979, 0.0 ], [ 526676.928435616195202, 6050808.654856369830668, 0.0 ], [ 526679.429478105157614, 6050818.467765562236309, 0.0 ], [ 526681.897520910948515, 6050828.290674886666238, 0.0 ], [ 526684.301564387977123, 6050838.141584395430982, 0.0 ], [ 526684.301564387977123, 6050838.141584395430982, 0.0 ] ], [ [ 526649.710900343954563, 6050849.482714856974781, 0.0 ], [ 526684.301564387977123, 6050838.141584395430982, 0.0 ] ], [ [ 526649.710900343954563, 6050849.482714856974781, 0.0 ], [ 526654.669983126223087, 6050868.705536595545709, 0.0 ], [ 526657.22902375087142, 6050878.291447157971561, 0.0 ], [ 526659.82206404581666, 6050887.86635759472847, 0.0 ], [ 526662.447104029357433, 6050897.430267911404371, 0.0 ], [ 526665.106143672019243, 6050906.983178101480007, 0.0 ], [ 526667.798183012753725, 6050916.525088167749345, 0.0 ], [ 526670.522222023457289, 6050926.056998108513653, 0.0 ], [ 526673.279260732233524, 6050935.577907927334309, 0.0 ], [ 526676.070299100130796, 6050945.087817613966763, 0.0 ], [ 526678.893337145447731, 6050954.586727187968791, 0.0 ], [ 526681.749374888837337, 6050964.074636636301875, 0.0 ], [ 526684.638412311673164, 6050973.552545956335962, 0.0 ], [ 526687.559449408203363, 6050983.019455158151686, 0.0 ], [ 526690.51448617875576, 6050992.475364229641855, 0.0 ], [ 526693.50152263790369, 6051001.920273184776306, 0.0 ], [ 526696.522558778524399, 6051011.355182004161179, 0.0 ], [ 526699.57559460401535, 6051020.779090704396367, 0.0 ], [ 526701.110612370073795, 6051025.476045118644834, 0.0 ], [ 526701.110612370073795, 6051025.476045118644834, 0.0 ], [ 526702.661630105227232, 6051030.191999284550548, 0.0 ], [ 526705.780665297061205, 6051039.593907738104463, 0.0 ], [ 526708.932700153440237, 6051048.985816064290702, 0.0 ], [ 526712.116734709590673, 6051058.365724278613925, 0.0 ], [ 526715.33376893773675, 6051067.73563236463815, 0.0 ], [ 526718.584802839905024, 6051077.095540313050151, 0.0 ], [ 526721.86783642321825, 6051086.443448150530457, 0.0 ], [ 526725.183869697153568, 6051095.781355858780444, 0.0 ], [ 526728.532902657985687, 6051105.108263444155455, 0.0 ], [ 526731.913935281336308, 6051114.424170912243426, 0.0 ], [ 526735.328967597335577, 6051123.729078250937164, 0.0 ], [ 526738.776999577879906, 6051133.022985463961959, 0.0 ], [ 526742.257031254470348, 6051142.306892557069659, 0.0 ], [ 526745.771062608808279, 6051151.579799518920481, 0.0 ], [ 526749.317093636840582, 6051160.841706364415586, 0.0 ], [ 526752.896124348044395, 6051170.092613087035716, 0.0 ], [ 526756.509154744446278, 6051179.333519669249654, 0.0 ], [ 526760.154184814542532, 6051188.563426139764488, 0.0 ], [ 526763.854214366525412, 6051197.776332390494645, 0.0 ], [ 526763.854214366525412, 6051197.776332390494645, 0.0 ] ], [ [ 526684.301564387977123, 6050838.141584395430982, 0.0 ], [ 526691.65862387791276, 6050856.578397086821496, 0.0 ], [ 526695.271654278039932, 6050865.819303669966757, 0.0 ], [ 526698.850684992969036, 6050875.070210393518209, 0.0 ], [ 526702.396716017276049, 6050884.332117237150669, 0.0 ], [ 526705.910747364163399, 6050893.605024199932814, 0.0 ], [ 526709.390779037028551, 6050902.888931290246546, 0.0 ], [ 526712.838811032474041, 6050912.183838499709964, 0.0 ], [ 526716.252843342721462, 6050921.48874584492296, 0.0 ], [ 526719.634875982999802, 6050930.804653307422996, 0.0 ], [ 526722.983908925205469, 6050940.131560890935361, 0.0 ], [ 526726.299942191690207, 6050949.468468605540693, 0.0 ], [ 526729.582975786179304, 6050958.817376437596977, 0.0 ], [ 526732.833009701222181, 6050968.176284398883581, 0.0 ], [ 526736.051043912768364, 6050977.546192478388548, 0.0 ], [ 526739.23507846519351, 6050986.927100686356425, 0.0 ], [ 526742.387113321572542, 6050996.318009017035365, 0.0 ], [ 526745.506148524582386, 6051005.72091746609658, 0.0 ], [ 526747.049166187644005, 6051010.414871849119663, 0.0 ], [ 526747.049166187644005, 6051010.414871849119663, 0.0 ], [ 526748.592184018343687, 6051015.133826046250761, 0.0 ], [ 526751.645219836384058, 6051024.556734754703939, 0.0 ], [ 526754.665255982428789, 6051033.991643578745425, 0.0 ], [ 526757.652292437851429, 6051043.436552533879876, 0.0 ], [ 526760.607329230755568, 6051052.893461599014699, 0.0 ], [ 526763.529366310685873, 6051062.359370800666511, 0.0 ], [ 526766.418403740972281, 6051071.837280120700598, 0.0 ], [ 526769.274441473186016, 6051081.326189562678337, 0.0 ], [ 526772.097479525953531, 6051090.825099132955074, 0.0 ], [ 526774.887517903000116, 6051100.335008827969432, 0.0 ], [ 526777.644556611776352, 6051109.85591864772141, 0.0 ], [ 526780.369595609605312, 6051119.38682859018445, 0.0 ], [ 526783.060634952038527, 6051128.929738656617701, 0.0 ], [ 526785.719674602150917, 6051138.482648844830692, 0.0 ], [ 526788.34471458569169, 6051148.046559162437916, 0.0 ], [ 526790.93775487691164, 6051157.62146959733218, 0.0 ], [ 526793.49779549241066, 6051167.206380164250731, 0.0 ], [ 526796.023836426436901, 6051176.803290852345526, 0.0 ], [ 526798.483878012746572, 6051186.422201785258949, 0.0 ], [ 526798.483878012746572, 6051186.422201785258949, 0.0 ] ], [ [ 526763.854214366525412, 6051197.776332390494645, 0.0 ], [ 526798.483878012746572, 6051186.422201785258949, 0.0 ] ], [ [ 526763.854214366525412, 6051197.776332390494645, 0.0 ], [ 526768.963297303766012, 6051217.207151595503092, 0.0 ], [ 526771.592338044196367, 6051226.898060915991664, 0.0 ], [ 526774.25537846237421, 6051236.577970107086003, 0.0 ], [ 526776.952418550848961, 6051246.246879172511399, 0.0 ], [ 526779.684458300471306, 6051255.904788099229336, 0.0 ], [ 526782.450497716665268, 6051265.550696903839707, 0.0 ], [ 526785.249536816030741, 6051275.186605577357113, 0.0 ], [ 526788.083575569093227, 6051284.810514123179018, 0.0 ], [ 526790.951613999903202, 6051294.42342253960669, 0.0 ], [ 526793.853652101010084, 6051304.02433083858341, 0.0 ], [ 526796.79068985208869, 6051313.615238989703357, 0.0 ], [ 526799.760727297514677, 6051323.194147025234997, 0.0 ], [ 526802.764764402061701, 6051332.762054933235049, 0.0 ], [ 526805.803801156580448, 6051342.318962706252933, 0.0 ], [ 526808.875837601721287, 6051351.864870353601873, 0.0 ], [ 526811.98287370800972, 6051361.399777865968645, 0.0 ], [ 526811.990873795002699, 6051361.422777639701962, 0.0 ], [ 526811.990873795002699, 6051361.422777639701962, 0.0 ], [ 526815.12390948459506, 6051370.922685256227851, 0.0 ], [ 526818.298944942653179, 6051380.435592511668801, 0.0 ], [ 526821.507980056107044, 6051389.936499644070864, 0.0 ], [ 526824.751014839857817, 6051399.426406648010015, 0.0 ], [ 526828.028049282729626, 6051408.904313530772924, 0.0 ], [ 526831.339083410799503, 6051418.372220273129642, 0.0 ], [ 526834.685117188841105, 6051427.828126889653504, 0.0 ], [ 526838.064150657504797, 6051437.274033376015723, 0.0 ], [ 526841.478183783590794, 6051446.707939733751118, 0.0 ], [ 526844.926216568797827, 6051456.129845970310271, 0.0 ], [ 526848.408249039202929, 6051465.541752067394555, 0.0 ], [ 526851.924281168729067, 6051474.941658045165241, 0.0 ], [ 526855.475312970578671, 6051484.330563887022436, 0.0 ], [ 526859.06034442409873, 6051493.70846960041672, 0.0 ], [ 526862.679375562816858, 6051503.075375182554126, 0.0 ], [ 526866.332406364381313, 6051512.431280637159944, 0.0 ], [ 526870.108436048030853, 6051521.75818554032594, 0.0 ], [ 526870.108436048030853, 6051521.75818554032594, 0.0 ] ], [ [ 526798.483878012746572, 6051186.422201785258949, 0.0 ], [ 526805.856938969343901, 6051205.111012448556721, 0.0 ], [ 526809.475970108062029, 6051214.477918029762805, 0.0 ], [ 526813.061001569032669, 6051223.855823741294444, 0.0 ], [ 526816.612033374607563, 6051233.244729584082961, 0.0 ], [ 526820.128065496683121, 6051242.644635561853647, 0.0 ], [ 526823.610097959637642, 6051252.056541659869254, 0.0 ], [ 526827.059130746871233, 6051261.479447883553803, 0.0 ], [ 526830.47316387668252, 6051270.912354248575866, 0.0 ], [ 526833.853197317570448, 6051280.357260734774172, 0.0 ], [ 526837.198231123387814, 6051289.814167350530624, 0.0 ], [ 526840.510265227407217, 6051299.281074094586074, 0.0 ], [ 526843.788299676030874, 6051308.759980962611735, 0.0 ], [ 526847.031334463506937, 6051318.249887966550887, 0.0 ], [ 526850.241369567811489, 6051327.750795093365014, 0.0 ], [ 526853.416405014693737, 6051337.262702356092632, 0.0 ], [ 526856.558440778404474, 6051346.785609740763903, 0.0 ], [ 526856.565440867096186, 6051346.808609520085156, 0.0 ], [ 526856.565440867096186, 6051346.808609520085156, 0.0 ], [ 526859.665476888418198, 6051356.319517262279987, 0.0 ], [ 526862.738513316959143, 6051365.865424901247025, 0.0 ], [ 526865.777550086379051, 6051375.422332674264908, 0.0 ], [ 526868.782587192952633, 6051384.990240574814379, 0.0 ], [ 526871.752624612301588, 6051394.56914861407131, 0.0 ], [ 526874.689662385731936, 6051404.16005676612258, 0.0 ], [ 526877.592700459063053, 6051413.760965054854751, 0.0 ], [ 526880.460738886147738, 6051423.373873471282423, 0.0 ], [ 526883.294777646660805, 6051432.997782017104328, 0.0 ], [ 526886.094816729426384, 6051442.632690692320466, 0.0 ], [ 526888.860856145620346, 6051452.278599498793483, 0.0 ], [ 526891.592895895242691, 6051461.936508424580097, 0.0 ], [ 526894.290935982018709, 6051471.605417480692267, 0.0 ], [ 526896.953976392745972, 6051481.285326672717929, 0.0 ], [ 526899.583017136901617, 6051490.976235995069146, 0.0 ], [ 526902.178058218210936, 6051500.679145437665284, 0.0 ], [ 526904.705100033432245, 6051510.415055053308606, 0.0 ], [ 526904.705100033432245, 6051510.415055053308606, 0.0 ] ], [ [ 526870.108436048030853, 6051521.75818554032594, 0.0 ], [ 526904.705100033432245, 6051510.415055053308606, 0.0 ] ], [ [ 526870.108436048030853, 6051521.75818554032594, 0.0 ], [ 526875.009521909058094, 6051541.400004434399307, 0.0 ], [ 526877.498564463108778, 6051551.20891373232007, 0.0 ], [ 526880.020606715232134, 6051561.006822904571891, 0.0 ], [ 526882.575648616999388, 6051570.793731958605349, 0.0 ], [ 526885.163690213114023, 6051580.569640886038542, 0.0 ], [ 526887.784731488674879, 6051590.334549692459404, 0.0 ], [ 526890.438772451132536, 6051600.089458366855979, 0.0 ], [ 526893.125813078135252, 6051609.833366917446256, 0.0 ], [ 526895.844853401184082, 6051619.566275351680815, 0.0 ], [ 526898.59789339825511, 6051629.289183648303151, 0.0 ], [ 526901.382933087646961, 6051639.000091837719083, 0.0 ], [ 526904.200972437858582, 6051648.700999896973372, 0.0 ], [ 526907.051011499017477, 6051658.390907837077975, 0.0 ], [ 526909.934050220996141, 6051668.070815647020936, 0.0 ], [ 526912.851088620722294, 6051677.738723333925009, 0.0 ], [ 526915.799126729369164, 6051687.3966309055686, 0.0 ], [ 526918.78116450086236, 6051697.044538336805999, 0.0 ], [ 526921.795201946049929, 6051706.680445663630962, 0.0 ], [ 526924.842239085584879, 6051716.306352854706347, 0.0 ], [ 526927.92227590456605, 6051725.921259925700724, 0.0 ], [ 526931.034312404692173, 6051735.525166880339384, 0.0 ], [ 526932.553329978138208, 6051740.172121776267886, 0.0 ], [ 526932.631330858916044, 6051740.409119471907616, 0.0 ], [ 526934.179348591715097, 6051745.119073701091111, 0.0 ], [ 526937.357384461909533, 6051754.70198040176183, 0.0 ], [ 526940.568420007824898, 6051764.273886979557574, 0.0 ], [ 526943.811455242335796, 6051773.835793429985642, 0.0 ], [ 526947.087490148842335, 6051783.385699766688049, 0.0 ], [ 526950.395524751394987, 6051792.925605978816748, 0.0 ], [ 526953.737559031695127, 6051802.455512054264545, 0.0 ], [ 526957.11159298941493, 6051811.973418022505939, 0.0 ], [ 526960.517626635730267, 6051821.481323863379657, 0.0 ], [ 526963.957659959793091, 6051830.978229574859142, 0.0 ], [ 526967.429692972451448, 6051840.46513516176492, 0.0 ], [ 526970.934725657105446, 6051849.940040635876358, 0.0 ], [ 526974.472758032381535, 6051859.404945977963507, 0.0 ], [ 526978.043790079653263, 6051868.858851196244359, 0.0 ], [ 526981.646821815520525, 6051878.301756299100816, 0.0 ], [ 526985.282853230834007, 6051887.734661269932985, 0.0 ], [ 526988.951884329319, 6051897.156566116027534, 0.0 ], [ 526992.653915103524923, 6051906.567470842041075, 0.0 ], [ 526996.388945560902357, 6051915.967375444248319, 0.0 ], [ 527000.156975701451302, 6051925.357279915362597, 0.0 ], [ 527003.958005513995886, 6051934.735184269957244, 0.0 ], [ 527007.792035005986691, 6051944.103088496252894, 0.0 ], [ 527011.682063829153776, 6051953.431992667727172, 0.0 ], [ 527011.682063829153776, 6051953.431992667727172, 0.0 ] ], [ [ 526904.705100033432245, 6051510.415055053308606, 0.0 ], [ 526912.433158449828625, 6051529.130863280966878, 0.0 ], [ 526916.234188258647919, 6051538.508767635561526, 0.0 ], [ 526920.003218378871679, 6051547.898672102019191, 0.0 ], [ 526923.738248843699694, 6051557.298576703295112, 0.0 ], [ 526927.440279621630907, 6051566.709481429308653, 0.0 ], [ 526931.110310692340136, 6051576.130386276170611, 0.0 ], [ 526934.746342115104198, 6051585.563291248865426, 0.0 ], [ 526938.350373852998018, 6051595.006196345202625, 0.0 ], [ 526941.921405889093876, 6051604.460101560689509, 0.0 ], [ 526945.459438245743513, 6051613.925006905570626, 0.0 ], [ 526948.964470945298672, 6051623.399912376888096, 0.0 ], [ 526952.437503948807716, 6051632.886817959137261, 0.0 ], [ 526955.87753726914525, 6051642.383723671548069, 0.0 ], [ 526959.284570921212435, 6051651.891629505902529, 0.0 ], [ 526962.658604871481657, 6051661.4095354732126, 0.0 ], [ 526965.99963915720582, 6051670.938441560603678, 0.0 ], [ 526969.30867375433445, 6051680.478347768075764, 0.0 ], [ 526972.584708657115698, 6051690.029254097491503, 0.0 ], [ 526975.828743886202574, 6051699.590160549618304, 0.0 ], [ 526979.038779433816671, 6051709.162067133933306, 0.0 ], [ 526982.216815315186977, 6051718.744973833672702, 0.0 ], [ 526983.743832785636187, 6051723.388928702101111, 0.0 ], [ 526983.821833673864603, 6051723.625926397740841, 0.0 ], [ 526985.362851493060589, 6051728.338880650699139, 0.0 ], [ 526988.474887985736132, 6051737.942787603475153, 0.0 ], [ 526991.554924812167883, 6051747.557694672606885, 0.0 ], [ 526994.601961955428123, 6051757.18360186740756, 0.0 ], [ 526997.616999391466379, 6051766.819509183987975, 0.0 ], [ 527000.599037166684866, 6051776.466416626237333, 0.0 ], [ 527003.548075247555971, 6051786.124324189499021, 0.0 ], [ 527006.464113671332598, 6051795.793231875635684, 0.0 ], [ 527009.348152376711369, 6051805.472139688208699, 0.0 ], [ 527012.198191437870264, 6051815.162047628313303, 0.0 ], [ 527015.016230791807175, 6051824.862955686636269, 0.0 ], [ 527017.802270479500294, 6051834.574863861314952, 0.0 ], [ 527020.554310478270054, 6051844.296772172674537, 0.0 ], [ 527023.27435078471899, 6051854.029680601321161, 0.0 ], [ 527025.961391419172287, 6051863.773589151911438, 0.0 ], [ 527028.615432374179363, 6051873.528497827239335, 0.0 ], [ 527031.236473646014929, 6051883.293406631797552, 0.0 ], [ 527033.825515244156122, 6051893.069315555505455, 0.0 ], [ 527036.380557153373957, 6051902.856224603950977, 0.0 ], [ 527038.903599377721548, 6051912.65413377340883, 0.0 ], [ 527041.392641942948103, 6051922.462043079547584, 0.0 ], [ 527043.849684804677963, 6051932.281952493824065, 0.0 ], [ 527046.235728230327368, 6051942.102862345054746, 0.0 ], [ 527046.235728230327368, 6051942.102862345054746, 0.0 ] ], [ [ 527011.682063829153776, 6051953.431992667727172, 0.0 ], [ 527046.235728230327368, 6051942.102862345054746, 0.0 ] ], [ [ 527011.682063829153776, 6051953.431992667727172, 0.0 ], [ 527016.50414926558733, 6051972.910813305526972, 0.0 ], [ 527018.978191386908293, 6051982.62972338590771, 0.0 ], [ 527021.484233185648918, 6051992.33763334993273, 0.0 ], [ 527024.022274669259787, 6052002.035543188452721, 0.0 ], [ 527026.593315824866295, 6052011.722452906891704, 0.0 ], [ 527029.196356687694788, 6052021.399362497031689, 0.0 ], [ 527031.831397224217653, 6052031.065271970815957, 0.0 ], [ 527034.49943744763732, 6052040.720181323587894, 0.0 ], [ 527037.198477365076542, 6052050.36509055737406, 0.0 ], [ 527039.930516973137856, 6052059.999999660998583, 0.0 ], [ 527042.694556273519993, 6052069.623908647336066, 0.0 ], [ 527045.490595251321793, 6052079.236817515455186, 0.0 ], [ 527048.318633917719126, 6052088.839726260863245, 0.0 ], [ 527051.17967226728797, 6052098.431634883396327, 0.0 ], [ 527054.07171032205224, 6052108.013543386943638, 0.0 ], [ 527056.995748050510883, 6052117.584451775066555, 0.0 ], [ 527059.952785465866327, 6052127.145360029302537, 0.0 ], [ 527062.941822569817305, 6052136.695268167182803, 0.0 ], [ 527065.961859378963709, 6052146.235176188871264, 0.0 ], [ 527069.014895863831043, 6052155.764084087684751, 0.0 ], [ 527072.099932041019201, 6052165.282991861924529, 0.0 ], [ 527073.611949536949396, 6052169.909946952946484, 0.0 ], [ 527073.689950421452522, 6052170.146944649517536, 0.0 ], [ 527075.216967903077602, 6052174.7908995160833, 0.0 ], [ 527078.366003461182117, 6052184.287807058542967, 0.0 ], [ 527081.547038704156876, 6052193.774714473634958, 0.0 ], [ 527084.760073624551296, 6052203.251621764153242, 0.0 ], [ 527088.006108235567808, 6052212.717528933659196, 0.0 ], [ 527091.283142559230328, 6052222.173435982316732, 0.0 ], [ 527094.592176552861929, 6052231.618342917412519, 0.0 ], [ 527097.934210229665041, 6052241.052249724976718, 0.0 ], [ 527101.308243587613106, 6052250.476156412623823, 0.0 ], [ 527104.714276645332575, 6052259.890062972903252, 0.0 ], [ 527108.152309387922287, 6052269.291969424113631, 0.0 ], [ 527111.622341826558113, 6052278.684875743463635, 0.0 ], [ 527115.124373950064182, 6052288.066781948320568, 0.0 ], [ 527118.659405764192343, 6052297.437688027508557, 0.0 ], [ 527122.226437244564295, 6052306.797593990340829, 0.0 ], [ 527125.825468428432941, 6052316.148499820381403, 0.0 ], [ 527129.456499300897121, 6052325.487405541352928, 0.0 ], [ 527133.119529869407415, 6052334.816311140544713, 0.0 ], [ 527136.815560091286898, 6052344.134216616861522, 0.0 ], [ 527140.543590031564236, 6052353.442121963948011, 0.0 ], [ 527144.304619640111923, 6052362.739027190953493, 0.0 ], [ 527148.096648935228586, 6052372.025932300835848, 0.0 ], [ 527151.955677635967731, 6052381.296837110072374, 0.0 ], [ 527151.955677635967731, 6052381.296837110072374, 0.0 ] ], [ [ 527046.235728230327368, 6051942.102862345054746, 0.0 ], [ 527053.880786262452602, 6051960.656672332435846, 0.0 ], [ 527057.641815863549709, 6051969.953577559441328, 0.0 ], [ 527061.369845803827047, 6051979.261482910253108, 0.0 ], [ 527065.065876040607691, 6051988.579388383775949, 0.0 ], [ 527068.728906597942114, 6051997.908293981105089, 0.0 ], [ 527072.3609374538064, 6052007.248199688270688, 0.0 ], [ 527075.959968648850918, 6052016.598105526529253, 0.0 ], [ 527079.52700012549758, 6052025.95801149122417, 0.0 ], [ 527083.061031948775053, 6052035.32891757786274, 0.0 ], [ 527086.564064051955938, 6052044.710823774337769, 0.0 ], [ 527090.034096483141184, 6052054.102730102837086, 0.0 ], [ 527093.473129231482744, 6052063.505636540241539, 0.0 ], [ 527096.879162274301052, 6052072.918543109670281, 0.0 ], [ 527100.253195654600859, 6052082.342449792660773, 0.0 ], [ 527103.59522932395339, 6052091.777356596663594, 0.0 ], [ 527106.905263315886259, 6052101.222263522446156, 0.0 ], [ 527110.183297615498304, 6052110.677170573733747, 0.0 ], [ 527113.428332228213549, 6052120.143077747896314, 0.0 ], [ 527116.642367154359818, 6052129.618985041044652, 0.0 ], [ 527119.823402389883995, 6052139.105892456136644, 0.0 ], [ 527122.973437938839197, 6052148.60379998292774, 0.0 ], [ 527124.571456249803305, 6052153.465752734802663, 0.0 ], [ 527124.571456249803305, 6052153.465752734802663, 0.0 ], [ 527126.090473800897598, 6052158.111707639880478, 0.0 ], [ 527129.175509981811047, 6052167.629615422338247, 0.0 ], [ 527132.229546450078487, 6052177.158523310907185, 0.0 ], [ 527135.250583242624998, 6052186.698431326076388, 0.0 ], [ 527138.239620346575975, 6052196.248339466750622, 0.0 ], [ 527141.196657776832581, 6052205.80924772284925, 0.0 ], [ 527144.121695496141911, 6052215.38015610165894, 0.0 ], [ 527147.01373353600502, 6052224.961064613424242, 0.0 ], [ 527149.874771896749735, 6052234.553973229601979, 0.0 ], [ 527152.702810555696487, 6052244.155881981365383, 0.0 ], [ 527155.499849535524845, 6052253.7697908366099, 0.0 ], [ 527158.263888821005821, 6052263.392699828371406, 0.0 ], [ 527160.995928429067135, 6052273.027608932927251, 0.0 ], [ 527163.694968350231647, 6052282.672518165782094, 0.0 ], [ 527166.363008569926023, 6052292.327427519485354, 0.0 ], [ 527168.998049113899469, 6052301.9933369923383, 0.0 ], [ 527171.601089969277382, 6052311.67024658434093, 0.0 ], [ 527174.172131136059761, 6052321.357156299985945, 0.0 ], [ 527176.711172629147768, 6052331.055066133849323, 0.0 ], [ 527179.217214416712523, 6052340.762976099736989, 0.0 ], [ 527181.691256519407034, 6052350.481886177323759, 0.0 ], [ 527184.132298961281776, 6052360.211796382442117, 0.0 ], [ 527186.511342026293278, 6052369.967706777155399, 0.0 ], [ 527186.511342026293278, 6052369.967706777155399, 0.0 ] ], [ [ 527151.955677635967731, 6052381.296837110072374, 0.0 ], [ 527186.511342026293278, 6052369.967706777155399, 0.0 ] ], [ [ 527151.955677635967731, 6052381.296837110072374, 0.0 ], [ 527156.885761462152004, 6052400.650658028200269, 0.0 ], [ 527159.411802731454372, 6052410.299568315967917, 0.0 ], [ 527161.969843689352274, 6052419.937478490173817, 0.0 ], [ 527164.558884337544441, 6052429.564388551749289, 0.0 ], [ 527167.1809246763587, 6052439.181298484094441, 0.0 ], [ 527169.833964720368385, 6052448.788208295591176, 0.0 ], [ 527172.519004445523024, 6052458.384117991663516, 0.0 ], [ 527175.236043840646744, 6052467.969027573242784, 0.0 ], [ 527177.985082935541868, 6052477.543937028385699, 0.0 ], [ 527180.766121737658978, 6052487.108846359886229, 0.0 ], [ 527183.578160222619772, 6052496.662755579687655, 0.0 ], [ 527186.423198379576206, 6052506.205664677545428, 0.0 ], [ 527189.299236249178648, 6052515.738573655486107, 0.0 ], [ 527192.207273799926043, 6052525.261482511647046, 0.0 ], [ 527195.146311048418283, 6052534.77339125610888, 0.0 ], [ 527198.118347976356745, 6052544.274299877695739, 0.0 ], [ 527201.121384602040052, 6052553.765208380296826, 0.0 ], [ 527204.156420920044184, 6052563.246116757392883, 0.0 ], [ 527207.222456939518452, 6052572.716025025583804, 0.0 ], [ 527208.983477305620909, 6052578.104972721077502, 0.0 ], [ 527210.320492636412382, 6052582.174933177419007, 0.0 ], [ 527211.093501433730125, 6052584.516910400241613, 0.0 ], [ 527213.450528029352427, 6052591.62384120374918, 0.0 ], [ 527216.612563114613295, 6052601.062749105505645, 0.0 ], [ 527219.806597895920277, 6052610.490656889975071, 0.0 ], [ 527223.031632356345654, 6052619.908564559184015, 0.0 ], [ 527226.287666518241167, 6052629.315472115762532, 0.0 ], [ 527229.576700370758772, 6052638.712379540316761, 0.0 ], [ 527232.896733913570642, 6052648.098286856897175, 0.0 ], [ 527236.248767148703337, 6052657.474194047041237, 0.0 ], [ 527239.632800068706274, 6052666.839101122692227, 0.0 ], [ 527243.047832697629929, 6052676.1940080774948, 0.0 ], [ 527246.494864992797375, 6052685.537914918735623, 0.0 ], [ 527249.973896995186806, 6052694.871821631677449, 0.0 ], [ 527253.483928691595793, 6052704.195728229358792, 0.0 ], [ 527257.026960074901581, 6052713.507634709589183, 0.0 ], [ 527260.600991152226925, 6052722.81054106540978, 0.0 ], [ 527264.207021914422512, 6052732.102447303943336, 0.0 ], [ 527267.844052370637655, 6052741.383353430777788, 0.0 ], [ 527271.514082502573729, 6052750.654259429313242, 0.0 ], [ 527275.215112347155809, 6052759.914165317080915, 0.0 ], [ 527278.94914186000824, 6052769.164071074686944, 0.0 ], [ 527282.714171089231968, 6052778.403976710513234, 0.0 ], [ 527286.511199980974197, 6052787.631882238201797, 0.0 ], [ 527290.340228579938412, 6052796.85078763589263, 0.0 ], [ 527294.08625203743577, 6052805.150700586847961, 0.0 ], [ 527294.08625203743577, 6052805.150700586847961, 0.0 ] ], [ [ 527186.511342026293278, 6052369.967706777155399, 0.0 ], [ 527194.226399857550859, 6052388.577515895478427, 0.0 ], [ 527198.021429412066936, 6052397.907420655712485, 0.0 ], [ 527201.78445927426219, 6052407.247325540520251, 0.0 ], [ 527205.514489464461803, 6052416.598230550065637, 0.0 ], [ 527209.212519958615303, 6052425.960135674104095, 0.0 ], [ 527212.878550782799721, 6052435.333040915429592, 0.0 ], [ 527216.511581905186176, 6052444.715946290642023, 0.0 ], [ 527220.112613346427679, 6052454.109851778484881, 0.0 ], [ 527223.680645108222961, 6052463.514757391065359, 0.0 ], [ 527227.215677198022604, 6052472.929663132876158, 0.0 ], [ 527230.71970958262682, 6052482.355568987317383, 0.0 ], [ 527234.190742276608944, 6052491.792474963702261, 0.0 ], [ 527237.629775300621986, 6052501.23938106559217, 0.0 ], [ 527241.035808637738228, 6052510.697287291288376, 0.0 ], [ 527244.409842282533646, 6052520.166193632408977, 0.0 ], [ 527247.75187623873353, 6052529.645100097171962, 0.0 ], [ 527251.060910530388355, 6052539.135006685741246, 0.0 ], [ 527254.337945111095905, 6052548.635913390666246, 0.0 ], [ 527257.582980018109083, 6052558.146820221096277, 0.0 ], [ 527260.796015229076147, 6052567.668727167882025, 0.0 ], [ 527263.976050760596991, 6052577.200634243898094, 0.0 ], [ 527265.679070062935352, 6052582.348584149964154, 0.0 ], [ 527267.124086607247591, 6052586.743541439063847, 0.0 ], [ 527267.241087939590216, 6052587.098537987098098, 0.0 ], [ 527270.240122772753239, 6052596.297448749653995, 0.0 ], [ 527273.324159249663353, 6052605.862356177531183, 0.0 ], [ 527276.375196039676666, 6052615.437263737432659, 0.0 ], [ 527279.394233129918575, 6052625.023171412758529, 0.0 ], [ 527282.381270539015532, 6052634.619079212658107, 0.0 ], [ 527285.335308272391558, 6052644.225987134501338, 0.0 ], [ 527288.25734631717205, 6052653.843895174562931, 0.0 ], [ 527291.14738468080759, 6052663.471803339198232, 0.0 ], [ 527294.005423344671726, 6052673.110711619257927, 0.0 ], [ 527296.830462329089642, 6052682.759620032273233, 0.0 ], [ 527299.623501632362604, 6052692.420528553426266, 0.0 ], [ 527302.384541228413582, 6052702.090437205508351, 0.0 ], [ 527305.11258115619421, 6052711.772345975041389, 0.0 ], [ 527307.808621402829885, 6052721.464254866354167, 0.0 ], [ 527310.472661953419447, 6052731.16716387681663, 0.0 ], [ 527313.103702828288078, 6052740.881073006428778, 0.0 ], [ 527315.702744007110596, 6052750.604982264339924, 0.0 ], [ 527318.268785513937473, 6052760.33989164698869, 0.0 ], [ 527320.802827335894108, 6052770.085801142267883, 0.0 ], [ 527323.304869469255209, 6052779.841710764914751, 0.0 ], [ 527325.773911915719509, 6052789.608620507642627, 0.0 ], [ 527328.339959233999252, 6052800.27052279561758, 0.0 ], [ 527328.339959233999252, 6052800.27052279561758, 0.0 ] ], [ [ 527294.08625203743577, 6052805.150700586847961, 0.0 ], [ 527328.339959233999252, 6052800.27052279561758, 0.0 ] ], [ [ 527294.08625203743577, 6052805.150700586847961, 0.0 ], [ 527291.467392481863499, 6052824.320570326410234, 0.0 ], [ 527290.281464759260416, 6052834.382500768639147, 0.0 ], [ 527289.130536772310734, 6052844.446430976502597, 0.0 ], [ 527288.014608532190323, 6052854.511360956355929, 0.0 ], [ 527286.932680040597916, 6052864.578290709294379, 0.0 ], [ 527285.886751290410757, 6052874.646220227703452, 0.0 ], [ 527284.874822277575731, 6052884.71714950632304, 0.0 ], [ 527283.897893022745848, 6052894.789078560657799, 0.0 ], [ 527282.955963499844074, 6052904.862007387913764, 0.0 ], [ 527282.048033714294434, 6052914.936935984529555, 0.0 ], [ 527281.175103701651096, 6052925.013864346779883, 0.0 ], [ 527280.337173398584127, 6052935.091792481020093, 0.0 ], [ 527279.534242872148752, 6052945.172720373608172, 0.0 ], [ 527278.765312060713768, 6052955.253648051992059, 0.0 ], [ 527278.03038102388382, 6052965.33757549431175, 0.0 ], [ 527277.331449713557959, 6052975.422502703033388, 0.0 ], [ 527276.666518166661263, 6052985.50942968018353, 0.0 ], [ 527276.036586336791515, 6052995.597356433048844, 0.0 ], [ 527275.440654270350933, 6053005.687282957136631, 0.0 ], [ 527274.879721947014332, 6053015.779209244996309, 0.0 ], [ 527274.353789366781712, 6053025.87213530484587, 0.0 ], [ 527273.978840202093124, 6053033.509079211391509, 0.0 ], [ 527273.861856549978256, 6053035.967061135917902, 0.0 ], [ 527273.652886629104614, 6053040.502027742564678, 0.0 ], [ 527273.40492345020175, 6053046.063986732624471, 0.0 ], [ 527272.982990100979805, 6053056.161912102252245, 0.0 ], [ 527272.595056504011154, 6053066.261837241239846, 0.0 ], [ 527272.242122657597065, 6053076.363762145861983, 0.0 ], [ 527271.923188559710979, 6053086.466686830855906, 0.0 ], [ 527271.640254184603691, 6053096.57161127217114, 0.0 ], [ 527271.391319569200277, 6053106.678535486571491, 0.0 ], [ 527271.176384702324867, 6053116.786459478549659, 0.0 ], [ 527270.997449565678835, 6053126.896383228711784, 0.0 ], [ 527270.852514196187258, 6053137.008306751027703, 0.0 ], [ 527270.741578564047813, 6053147.121230053715408, 0.0 ], [ 527270.666642665863037, 6053157.236153110861778, 0.0 ], [ 527270.626706507056952, 6053167.353075935505331, 0.0 ], [ 527270.62077010422945, 6053177.470998538658023, 0.0 ], [ 527270.64983344823122, 6053187.590920907445252, 0.0 ], [ 527270.71389652043581, 6053197.711843049153686, 0.0 ], [ 527270.811959352344275, 6053207.835764951072633, 0.0 ], [ 527270.946021921932697, 6053217.960686621256173, 0.0 ], [ 527271.11508422717452, 6053228.086608064360917, 0.0 ], [ 527271.35314616560936, 6053238.238528875634074, 0.0 ], [ 527271.35314616560936, 6053238.238528875634074, 0.0 ] ], [ [ 527328.339959233999252, 6052800.27052279561758, 0.0 ], [ 527328.937086246907711, 6052821.220358711667359, 0.0 ], [ 527329.12414762750268, 6052831.221280995756388, 0.0 ], [ 527329.278209265321493, 6052841.221203497610986, 0.0 ], [ 527329.397271137684584, 6052851.218126242980361, 0.0 ], [ 527329.483333274722099, 6052861.215049193240702, 0.0 ], [ 527329.535395637154579, 6052871.208972381427884, 0.0 ], [ 527329.553458262234926, 6052881.201895791105926, 0.0 ], [ 527329.537521135061979, 6052891.192819427698851, 0.0 ], [ 527329.48758427426219, 6052901.18274328764528, 0.0 ], [ 527329.404647633433342, 6052911.17066736984998, 0.0 ], [ 527329.287711251527071, 6052921.157591672614217, 0.0 ], [ 527329.136775121092796, 6052931.142516203224659, 0.0 ], [ 527328.951839234679937, 6052941.125440964475274, 0.0 ], [ 527328.733903598040342, 6052951.107365940697491, 0.0 ], [ 527328.481968209147453, 6052961.087291144765913, 0.0 ], [ 527328.196033082902431, 6052971.066216569393873, 0.0 ], [ 527327.876098193228245, 6052981.043142224662006, 0.0 ], [ 527327.523163538426161, 6052991.018068102188408, 0.0 ], [ 527327.136229142546654, 6053000.991994199343026, 0.0 ], [ 527326.715294994413853, 6053010.963920526206493, 0.0 ], [ 527326.508325755596161, 6053015.608886278234422, 0.0 ], [ 527326.288357235491276, 6053020.352851351723075, 0.0 ], [ 527326.261361103504896, 6053020.934847068972886, 0.0 ], [ 527325.772427450865507, 6053030.903773844242096, 0.0 ], [ 527325.251494038850069, 6053040.870700838975608, 0.0 ], [ 527324.69556088745594, 6053050.836628060787916, 0.0 ], [ 527324.106627993285656, 6053060.801555495709181, 0.0 ], [ 527323.483695320785046, 6053070.763483166694641, 0.0 ], [ 527322.826762910932302, 6053080.724411060102284, 0.0 ], [ 527322.135830760002136, 6053090.684339175932109, 0.0 ], [ 527321.411898840218782, 6053100.642267513088882, 0.0 ], [ 527320.653967171907425, 6053110.598196079023182, 0.0 ], [ 527319.862035758793354, 6053120.553124866448343, 0.0 ], [ 527319.036104589700699, 6053130.506053881719708, 0.0 ], [ 527318.177173681557178, 6053140.457983111962676, 0.0 ], [ 527317.284242998808622, 6053150.407912571914494, 0.0 ], [ 527316.356312580406666, 6053160.355842267163098, 0.0 ], [ 527315.395382411777973, 6053170.302772177383304, 0.0 ], [ 527314.401452489197254, 6053180.247702308930457, 0.0 ], [ 527313.372522819787264, 6053190.19163266941905, 0.0 ], [ 527312.30959339812398, 6053200.133563256822526, 0.0 ], [ 527311.212664227932692, 6053210.073494074866176, 0.0 ], [ 527310.082735285162926, 6053220.012425107881427, 0.0 ], [ 527308.91780661791563, 6053229.949356377124786, 0.0 ], [ 527307.686878465116024, 6053239.889288034290075, 0.0 ], [ 527307.686878465116024, 6053239.889288034290075, 0.0 ] ], [ [ 527271.35314616560936, 6053238.238528875634074, 0.0 ], [ 527307.686878465116024, 6053239.889288034290075, 0.0 ] ], [ [ 527271.35314616560936, 6053238.238528875634074, 0.0 ], [ 527269.000287853181362, 6053257.930392947979271, 0.0 ], [ 527267.889358222484589, 6053267.779324550181627, 0.0 ], [ 527266.810428347438574, 6053277.629255943000317, 0.0 ], [ 527265.765498206019402, 6053287.480187114328146, 0.0 ], [ 527264.754567835479975, 6053297.334118050523102, 0.0 ], [ 527263.775637228041887, 6053307.18804878462106, 0.0 ], [ 527262.829706363379955, 6053317.044979290105402, 0.0 ], [ 527261.917775258421898, 6053326.901909582316875, 0.0 ], [ 527261.038843918591738, 6053336.761839641258121, 0.0 ], [ 527260.192912325263023, 6053346.621769495308399, 0.0 ], [ 527259.379980482161045, 6053356.484699117951095, 0.0 ], [ 527258.601048395037651, 6053366.348628519102931, 0.0 ], [ 527257.854116071015596, 6053376.213557714596391, 0.0 ], [ 527257.141183502972126, 6053386.08048667665571, 0.0 ], [ 527256.460250694304705, 6053395.948415434919298, 0.0 ], [ 527255.813317634165287, 6053405.818343960680068, 0.0 ], [ 527255.199384339153767, 6053415.689272272400558, 0.0 ], [ 527254.618450786918402, 6053425.562200362794101, 0.0 ], [ 527254.070517010986805, 6053435.436128238216043, 0.0 ], [ 527253.555582966655493, 6053445.312055889517069, 0.0 ], [ 527253.073648687452078, 6053455.188983325846493, 0.0 ], [ 527252.844681456685066, 6053460.125946980901062, 0.0 ], [ 527252.844681456685066, 6053460.125946980901062, 0.0 ], [ 527252.62471416965127, 6053465.06791054084897, 0.0 ], [ 527252.208779413253069, 6053474.947837540879846, 0.0 ], [ 527251.825844407081604, 6053484.829764317721128, 0.0 ], [ 527251.476909153163433, 6053494.712690873071551, 0.0 ], [ 527251.159973673522472, 6053504.597617212682962, 0.0 ], [ 527250.877037923783064, 6053514.484543323516846, 0.0 ], [ 527250.626101944595575, 6053524.371469233185053, 0.0 ], [ 527250.409165721386671, 6053534.261394905857742, 0.0 ], [ 527250.225229252129793, 6053544.152320365421474, 0.0 ], [ 527250.073292545974255, 6053554.04424561560154, 0.0 ], [ 527249.95535559207201, 6053563.938170635141432, 0.0 ], [ 527249.870418395847082, 6053573.833095442503691, 0.0 ], [ 527249.819480948150158, 6053583.730020019225776, 0.0 ], [ 527249.800543248653412, 6053593.627944387495518, 0.0 ], [ 527249.815605323761702, 6053603.527868526056409, 0.0 ], [ 527249.863667152822018, 6053613.429792444221675, 0.0 ], [ 527249.944728709757328, 6053623.331716153770685, 0.0 ], [ 527250.058790050446987, 6053633.236639632843435, 0.0 ], [ 527250.205851141363382, 6053643.142562896944582, 0.0 ], [ 527250.386911980807781, 6053653.049485941417515, 0.0 ], [ 527250.600972577929497, 6053662.958408762700856, 0.0 ], [ 527250.849032919853926, 6053672.868331360630691, 0.0 ], [ 527251.09909326583147, 6053682.781253926455975, 0.0 ], [ 527251.09909326583147, 6053682.781253926455975, 0.0 ] ], [ [ 527307.686878465116024, 6053239.889288034290075, 0.0 ], [ 527308.246998701244593, 6053259.713132800534368, 0.0 ], [ 527308.461059287190437, 6053269.622055621817708, 0.0 ], [ 527308.64112015068531, 6053279.529978664591908, 0.0 ], [ 527308.789181225001812, 6053289.435901924036443, 0.0 ], [ 527308.903242565691471, 6053299.339825411327183, 0.0 ], [ 527308.983304142951965, 6053309.242749119177461, 0.0 ], [ 527309.031365960836411, 6053319.14367304276675, 0.0 ], [ 527309.045428045094013, 6053329.043597189709544, 0.0 ], [ 527309.027490347623825, 6053338.941521551460028, 0.0 ], [ 527308.975552894175053, 6053348.838446135632694, 0.0 ], [ 527308.890615709125996, 6053358.734370931051672, 0.0 ], [ 527308.771678749471903, 6053368.62729596812278, 0.0 ], [ 527308.620742037892342, 6053378.520221203565598, 0.0 ], [ 527308.436805579811335, 6053388.411146662198007, 0.0 ], [ 527308.218869347125292, 6053398.300072348676622, 0.0 ], [ 527307.968933362513781, 6053408.187998243607581, 0.0 ], [ 527307.684997629374266, 6053418.073924370110035, 0.0 ], [ 527307.369062133133411, 6053427.958850704133511, 0.0 ], [ 527307.019126892089844, 6053437.841777265071869, 0.0 ], [ 527306.636191882193089, 6053447.723704041913152, 0.0 ], [ 527306.220257114619017, 6053457.603631040081382, 0.0 ], [ 527306.000289808958769, 6053462.540594639256597, 0.0 ], [ 527306.000289808958769, 6053462.540594639256597, 0.0 ], [ 527305.771322604268789, 6053467.482558257877827, 0.0 ], [ 527305.290388315916061, 6053477.35948568675667, 0.0 ], [ 527304.77545428648591, 6053487.235413339920342, 0.0 ], [ 527304.226520504802465, 6053497.109341219067574, 0.0 ], [ 527303.645586971193552, 6053506.982269310392439, 0.0 ], [ 527303.031653665006161, 6053516.854197613894939, 0.0 ], [ 527302.384720597416162, 6053526.723126149736345, 0.0 ], [ 527301.704787787050009, 6053536.592054891400039, 0.0 ], [ 527300.99085521697998, 6053546.457983869127929, 0.0 ], [ 527300.244922891259193, 6053556.323913048021495, 0.0 ], [ 527299.464990824460983, 6053566.187842455692589, 0.0 ], [ 527298.652058977633715, 6053576.049772089347243, 0.0 ], [ 527297.807127378880978, 6053585.910701926797628, 0.0 ], [ 527296.92719604820013, 6053595.769632002338767, 0.0 ], [ 527296.015264928340912, 6053605.627562285400927, 0.0 ], [ 527295.070334065705538, 6053615.483492790721357, 0.0 ], [ 527294.09140345454216, 6053625.338423518463969, 0.0 ], [ 527293.079473085701466, 6053635.191354467533529, 0.0 ], [ 527292.034542959183455, 6053645.043285633437335, 0.0 ], [ 527290.956613071262836, 6053654.893217019736767, 0.0 ], [ 527289.844683434814215, 6053664.741148635745049, 0.0 ], [ 527288.699754051864147, 6053674.589080459438264, 0.0 ], [ 527287.487825177609921, 6053684.43501271866262, 0.0 ], [ 527287.487825177609921, 6053684.43501271866262, 0.0 ] ], [ [ 527251.09909326583147, 6053682.781253926455975, 0.0 ], [ 527287.487825177609921, 6053684.43501271866262, 0.0 ] ], [ [ 527251.09909326583147, 6053682.781253926455975, 0.0 ], [ 527248.998236432671547, 6053703.013112282380462, 0.0 ], [ 527248.054307218641043, 6053713.134040754288435, 0.0 ], [ 527247.147377725690603, 6053723.255968986079097, 0.0 ], [ 527246.277447983622551, 6053733.379896968603134, 0.0 ], [ 527245.444517944008112, 6053743.505824705585837, 0.0 ], [ 527244.649587634950876, 6053753.632752195000648, 0.0 ], [ 527243.891657050698996, 6053763.761679437942803, 0.0 ], [ 527243.170726209878922, 6053773.892606431618333, 0.0 ], [ 527242.486795075237751, 6053784.024533185176551, 0.0 ], [ 527241.839863680303097, 6053794.158459691330791, 0.0 ], [ 527241.229931998997927, 6053804.29438595008105, 0.0 ], [ 527240.65800004824996, 6053814.431311964057386, 0.0 ], [ 527240.123067829757929, 6053824.571237722411752, 0.0 ], [ 527239.625135332345963, 6053834.711163244210184, 0.0 ], [ 527239.39516818523407, 6053839.661126807332039, 0.0 ], [ 527239.39516818523407, 6053839.661126807332039, 0.0 ], [ 527239.164202556014061, 6053844.854088515043259, 0.0 ], [ 527238.740269515663385, 6053854.998013542965055, 0.0 ], [ 527238.353336203843355, 6053865.143938327208161, 0.0 ], [ 527238.004402611404657, 6053875.291862855665386, 0.0 ], [ 527237.692468751221895, 6053885.440787141211331, 0.0 ], [ 527237.417534608393908, 6053895.591711183078587, 0.0 ], [ 527237.179600186645985, 6053905.744634974747896, 0.0 ], [ 527236.978665504604578, 6053915.898558527231216, 0.0 ], [ 527236.814730547368526, 6053926.054481830447912, 0.0 ], [ 527236.688795309513807, 6053936.212404883466661, 0.0 ], [ 527236.599859796464443, 6053946.371327693574131, 0.0 ], [ 527236.547924015671015, 6053956.532250256277621, 0.0 ], [ 527236.533987957984209, 6053966.695172564126551, 0.0 ], [ 527236.557051628828049, 6053976.860094624571502, 0.0 ], [ 527236.617115009576082, 6053987.026016446761787, 0.0 ], [ 527236.831177201122046, 6053997.186937338672578, 0.0 ], [ 527236.831177201122046, 6053997.186937338672578, 0.0 ] ], [ [ 527287.487825177609921, 6053684.43501271866262, 0.0 ], [ 527287.680951423943043, 6053704.770855869166553, 0.0 ], [ 527287.704015083611012, 6053714.935777930542827, 0.0 ], [ 527287.689079020172358, 6053725.097700255922973, 0.0 ], [ 527287.63714324682951, 6053735.259622808545828, 0.0 ], [ 527287.548207744956017, 6053745.418545620515943, 0.0 ], [ 527287.422272492200136, 6053755.576468671672046, 0.0 ], [ 527287.258337538689375, 6053765.732391976751387, 0.0 ], [ 527287.058402840048075, 6053775.886315520852804, 0.0 ], [ 527286.820468433201313, 6053786.039239313453436, 0.0 ], [ 527286.545534301549196, 6053796.190163356252015, 0.0 ], [ 527286.232600431889296, 6053806.339087647385895, 0.0 ], [ 527285.883666839450598, 6053816.487012176774442, 0.0 ], [ 527285.497733518481255, 6053826.632936951704323, 0.0 ], [ 527285.073800474405289, 6053836.776861980557442, 0.0 ], [ 527284.853833258152008, 6053841.726825481280684, 0.0 ], [ 527284.853833258152008, 6053841.726825481280684, 0.0 ], [ 527284.612867712974548, 6053846.918787256814539, 0.0 ], [ 527284.114935215562582, 6053857.059712775051594, 0.0 ], [ 527283.580002978444099, 6053867.19863854162395, 0.0 ], [ 527283.008071031421423, 6053877.33656454551965, 0.0 ], [ 527282.399139363318682, 6053887.472490797750652, 0.0 ], [ 527281.752207953482866, 6053897.606417305767536, 0.0 ], [ 527281.068276826292276, 6053907.738344060257077, 0.0 ], [ 527280.347345981746912, 6053917.869271053001285, 0.0 ], [ 527279.589415390044451, 6053927.998198295012116, 0.0 ], [ 527278.794485084712505, 6053938.125125784426928, 0.0 ], [ 527277.961555056273937, 6053948.251053522340953, 0.0 ], [ 527277.092625301331282, 6053958.374981499277055, 0.0 ], [ 527276.185695808380842, 6053968.496909729205072, 0.0 ], [ 527275.240766618400812, 6053978.617838207632303, 0.0 ], [ 527274.258837670087814, 6053988.735766940750182, 0.0 ], [ 527273.204909201711416, 6053998.839696233160794, 0.0 ], [ 527273.204909201711416, 6053998.839696233160794, 0.0 ] ], [ [ 527236.831177201122046, 6053997.186937338672578, 0.0 ], [ 527273.204909201711416, 6053998.839696233160794, 0.0 ] ], [ [ 527236.831177201122046, 6053997.186937338672578, 0.0 ], [ 527234.553318999707699, 6054016.989800091832876, 0.0 ], [ 527233.438389651477337, 6054026.879731404595077, 0.0 ], [ 527232.357460055500269, 6054036.771662489511073, 0.0 ], [ 527231.30853021889925, 6054046.663593373261392, 0.0 ], [ 527230.292600125074387, 6054056.557524035684764, 0.0 ], [ 527229.310669794678688, 6054066.453454465605319, 0.0 ], [ 527228.3607392385602, 6054076.350384688936174, 0.0 ], [ 527227.443808414041996, 6054086.248314697295427, 0.0 ], [ 527226.558877367526293, 6054096.148244490846992, 0.0 ], [ 527225.707946062088013, 6054106.049174061045051, 0.0 ], [ 527224.889014523476362, 6054115.951103421859443, 0.0 ], [ 527224.104082733392715, 6054125.855032555758953, 0.0 ], [ 527223.351150713860989, 6054135.759961482137442, 0.0 ], [ 527222.630218449980021, 6054145.666890189982951, 0.0 ], [ 527221.943285945802927, 6054155.5748186763376, 0.0 ], [ 527221.288353193551302, 6054165.48374695610255, 0.0 ], [ 527220.666420191526413, 6054175.394675011746585, 0.0 ], [ 527220.077486962080002, 6054185.306602855212986, 0.0 ], [ 527219.520553480833769, 6054195.219530487433076, 0.0 ], [ 527218.996619772166014, 6054205.134457896463573, 0.0 ], [ 527218.505685813724995, 6054215.050385093316436, 0.0 ], [ 527218.163734428584576, 6054222.376331172883511, 0.0 ], [ 527218.047751601785421, 6054224.967312071472406, 0.0 ], [ 527217.705803819000721, 6054232.866253768093884, 0.0 ], [ 527217.621817160397768, 6054234.886238838545978, 0.0 ], [ 527217.22888246178627, 6054244.806165386922657, 0.0 ], [ 527216.86894753202796, 6054254.728091711178422, 0.0 ], [ 527216.54101238027215, 6054264.65101782977581, 0.0 ], [ 527216.246076956391335, 6054274.574943733401597, 0.0 ], [ 527215.984141305088997, 6054284.500869412906468, 0.0 ], [ 527215.754205420613289, 6054294.427794884890318, 0.0 ], [ 527215.557269290089607, 6054304.356720133684576, 0.0 ], [ 527215.393332902342081, 6054314.286645168438554, 0.0 ], [ 527215.262396290898323, 6054324.21756998822093, 0.0 ], [ 527215.163459423929453, 6054334.14949459861964, 0.0 ], [ 527215.09752232581377, 6054344.083418985828757, 0.0 ], [ 527215.064584985375404, 6054354.019343151710927, 0.0 ], [ 527215.063647389411926, 6054363.955267116427422, 0.0 ], [ 527215.096709564328194, 6054373.893190852366388, 0.0 ], [ 527215.161771487444639, 6054383.833114372566342, 0.0 ], [ 527215.259833171963692, 6054393.774037676863372, 0.0 ], [ 527215.390894610434771, 6054403.715960764326155, 0.0 ], [ 527215.553955812007189, 6054413.658883645199239, 0.0 ], [ 527215.751016769558191, 6054423.603806299157441, 0.0 ], [ 527215.980077490210533, 6054433.55072873365134, 0.0 ], [ 527216.243137955665588, 6054443.49765095859766, 0.0 ], [ 527216.538198180496693, 6054453.446572964079678, 0.0 ], [ 527216.866258181631565, 6054463.397494745440781, 0.0 ], [ 527217.228317905217409, 6054473.349416309967637, 0.0 ], [ 527217.622377403080463, 6054483.302337662316859, 0.0 ], [ 527218.078436255455017, 6054493.228258833289146, 0.0 ], [ 527218.078436255455017, 6054493.228258833289146, 0.0 ] ], [ [ 527273.204909201711416, 6053998.839696233160794, 0.0 ], [ 527273.908028870820999, 6054018.748539450578392, 0.0 ], [ 527274.195089165121317, 6054028.699461492709816, 0.0 ], [ 527274.450149703770876, 6054038.649383741430938, 0.0 ], [ 527274.671210493892431, 6054048.597306221723557, 0.0 ], [ 527274.85927153006196, 6054058.544228913262486, 0.0 ], [ 527275.014332812279463, 6054068.489151830784976, 0.0 ], [ 527275.137394323945045, 6054078.433074952103198, 0.0 ], [ 527275.226456083357334, 6054088.374998308718204, 0.0 ], [ 527275.283518083393574, 6054098.315921870060265, 0.0 ], [ 527275.307580325752497, 6054108.255845646373928, 0.0 ], [ 527275.298642810434103, 6054118.19276965316385, 0.0 ], [ 527275.25770553201437, 6054128.129693862050772, 0.0 ], [ 527275.182768505066633, 6054138.064618297852576, 0.0 ], [ 527275.075831711292267, 6054147.997542952187359, 0.0 ], [ 527274.935895174741745, 6054157.9294678196311, 0.0 ], [ 527274.762958865612745, 6054167.859392910264432, 0.0 ], [ 527274.558022785931826, 6054177.788318211212754, 0.0 ], [ 527274.320086963474751, 6054187.71624372433871, 0.0 ], [ 527274.049151379615068, 6054197.642169460654259, 0.0 ], [ 527273.746216028928757, 6054207.566095415502787, 0.0 ], [ 527273.409280933439732, 6054217.489021587185562, 0.0 ], [ 527273.040346067398787, 6054227.409947979263961, 0.0 ], [ 527272.639411438256502, 6054237.329874578863382, 0.0 ], [ 527272.214475747197866, 6054247.048802866600454, 0.0 ], [ 527272.214475747197866, 6054247.048802866600454, 0.0 ], [ 527272.205477058887482, 6054247.248801394365728, 0.0 ], [ 527271.738542918115854, 6054257.165728429332376, 0.0 ], [ 527271.238609027117491, 6054267.08165568113327, 0.0 ], [ 527270.706675369292498, 6054276.995583149604499, 0.0 ], [ 527270.14074195176363, 6054286.907510847784579, 0.0 ], [ 527269.54380876943469, 6054296.818438744172454, 0.0 ], [ 527268.912875842303038, 6054306.728366867639124, 0.0 ], [ 527268.249943140894175, 6054316.636295203119516, 0.0 ], [ 527267.554010704159737, 6054326.543223755434155, 0.0 ], [ 527266.826078478246927, 6054336.448152521625161, 0.0 ], [ 527266.064146503806114, 6054346.351081520318985, 0.0 ], [ 527265.270214777439833, 6054356.254010717384517, 0.0 ], [ 527264.443283285945654, 6054366.15394014492631, 0.0 ], [ 527263.584352042526007, 6054376.052869781851768, 0.0 ], [ 527262.691421031951904, 6054385.95079964119941, 0.0 ], [ 527261.766490273177624, 6054395.846729712560773, 0.0 ], [ 527260.808559749275446, 6054405.741660002619028, 0.0 ], [ 527259.817629471421242, 6054415.634590514935553, 0.0 ], [ 527258.794699434190989, 6054425.526521235704422, 0.0 ], [ 527257.73776962980628, 6054435.416452182456851, 0.0 ], [ 527256.647840082645416, 6054445.30538334697485, 0.0 ], [ 527255.525910768657923, 6054455.19231472723186, 0.0 ], [ 527254.370981700718403, 6054465.07824632152915, 0.0 ], [ 527253.182052884250879, 6054474.962178146466613, 0.0 ], [ 527251.961124293506145, 6054484.845110177993774, 0.0 ], [ 527250.680196054279804, 6054494.708042742684484, 0.0 ], [ 527250.680196054279804, 6054494.708042742684484, 0.0 ] ], [ [ 527218.078436255455017, 6054493.228258833289146, 0.0 ], [ 527250.680196054279804, 6054494.708042742684484, 0.0 ] ], [ [ 527218.078436255455017, 6054493.228258833289146, 0.0 ], [ 527215.818580128252506, 6054513.380118800327182, 0.0 ], [ 527214.757651545107365, 6054523.459048327989876, 0.0 ], [ 527213.732722707092762, 6054533.539977613836527, 0.0 ], [ 527212.743793603032827, 6054543.621906668879092, 0.0 ], [ 527211.788864240050316, 6054553.705835492350161, 0.0 ], [ 527210.87093460932374, 6054563.791764067485929, 0.0 ], [ 527209.988004725426435, 6054573.878692414611578, 0.0 ], [ 527209.140074592083693, 6054583.967620530165732, 0.0 ], [ 527208.327144179493189, 6054594.058548408560455, 0.0 ], [ 527207.550213515758514, 6054604.150476053357124, 0.0 ], [ 527206.808282591402531, 6054614.244403461925685, 0.0 ], [ 527206.102351397275925, 6054624.339330636896193, 0.0 ], [ 527205.431419961154461, 6054634.436257576569915, 0.0 ], [ 527204.795488249510527, 6054644.534184290096164, 0.0 ], [ 527204.19555627182126, 6054654.635110755451024, 0.0 ], [ 527203.630624040961266, 6054664.736036998219788, 0.0 ], [ 527203.100691556930542, 6054674.839962998405099, 0.0 ], [ 527202.606758810579777, 6054684.944888767786324, 0.0 ], [ 527202.373792130500078, 6054689.965851804241538, 0.0 ], [ 527202.373792130500078, 6054689.965851804241538, 0.0 ], [ 527202.146825794130564, 6054695.050814314745367, 0.0 ], [ 527201.723892521113157, 6054705.159739606082439, 0.0 ], [ 527201.334959004074335, 6054715.26866468321532, 0.0 ], [ 527200.98202520608902, 6054725.380589510314167, 0.0 ], [ 527200.664091166108847, 6054735.493514112196863, 0.0 ], [ 527200.381156846880913, 6054745.607438485138118, 0.0 ], [ 527200.134222272783518, 6054755.723362619057298, 0.0 ], [ 527199.922287438064814, 6054765.841286514885724, 0.0 ], [ 527199.745352357625961, 6054775.961210176348686, 0.0 ], [ 527199.604417003691196, 6054786.08213360235095, 0.0 ], [ 527199.498481400310993, 6054796.204056804999709, 0.0 ], [ 527199.42754553258419, 6054806.328979763202369, 0.0 ], [ 527199.392609391361475, 6054816.453902495093644, 0.0 ], [ 527199.393672987818718, 6054826.581824975088239, 0.0 ], [ 527199.428736336529255, 6054836.710747239179909, 0.0 ], [ 527199.49979942291975, 6054846.841669259592891, 0.0 ], [ 527199.606862243264914, 6054856.973591043613851, 0.0 ], [ 527199.748924817889929, 6054867.107512594200671, 0.0 ], [ 527199.926987107843161, 6054877.242433913052082, 0.0 ], [ 527200.174048859626055, 6054887.375354812480509, 0.0 ], [ 527200.174048859626055, 6054887.375354812480509, 0.0 ] ], [ [ 527250.680196054279804, 6054494.708042742684484, 0.0 ], [ 527251.103320147842169, 6054514.982884917408228, 0.0 ], [ 527251.245382711291313, 6054525.11680646892637, 0.0 ], [ 527251.352445527911186, 6054535.248728254809976, 0.0 ], [ 527251.423508610576391, 6054545.378650282509625, 0.0 ], [ 527251.459571957588196, 6054555.508572530001402, 0.0 ], [ 527251.459635559469461, 6054565.635495025664568, 0.0 ], [ 527251.424699429422617, 6054575.761417751200497, 0.0 ], [ 527251.353763557970524, 6054585.88534071482718, 0.0 ], [ 527251.24782794713974, 6054596.008263909257948, 0.0 ], [ 527251.106892593204975, 6054606.129187336191535, 0.0 ], [ 527250.929957501590252, 6054616.248111004941165, 0.0 ], [ 527250.718022681772709, 6054626.366034903563559, 0.0 ], [ 527250.471088111400604, 6054636.481959035620093, 0.0 ], [ 527250.188153795897961, 6054646.596883401274681, 0.0 ], [ 527249.870219759643078, 6054656.709808001294732, 0.0 ], [ 527249.516285970807076, 6054666.82073284406215, 0.0 ], [ 527249.12835243716836, 6054676.930657906457782, 0.0 ], [ 527248.704419158399105, 6054687.038583212532103, 0.0 ], [ 527248.480452414602041, 6054692.060546185821295, 0.0 ], [ 527248.480452414602041, 6054692.060546185821295, 0.0 ], [ 527248.245486151427031, 6054697.14550874568522, 0.0 ], [ 527247.750553406774998, 6054707.250434519723058, 0.0 ], [ 527247.220620919018984, 6054717.353360529057682, 0.0 ], [ 527246.655688688158989, 6054727.455286764539778, 0.0 ], [ 527246.055756714195013, 6054737.555213236249983, 0.0 ], [ 527245.419825006276369, 6054747.65313994884491, 0.0 ], [ 527244.748893555253744, 6054757.750066890381277, 0.0 ], [ 527244.041962392628193, 6054767.845994062721729, 0.0 ], [ 527243.300031457096338, 6054777.938921482302248, 0.0 ], [ 527242.523100789636374, 6054788.030849125236273, 0.0 ], [ 527241.711170371621847, 6054798.12177699804306, 0.0 ], [ 527240.863240227103233, 6054808.210705112665892, 0.0 ], [ 527239.980310339480639, 6054818.297633458860219, 0.0 ], [ 527239.061380729079247, 6054828.383562041446567, 0.0 ], [ 527238.107451356947422, 6054838.467490858398378, 0.0 ], [ 527237.118522256612778, 6054848.550419905222952, 0.0 ], [ 527236.093593422323465, 6054858.630349199287593, 0.0 ], [ 527235.032664846628904, 6054868.710278718732297, 0.0 ], [ 527233.936736520379782, 6054878.787208481691778, 0.0 ], [ 527232.771808665245771, 6054888.855138746090233, 0.0 ], [ 527232.771808665245771, 6054888.855138746090233, 0.0 ] ], [ [ 527200.174048859626055, 6054887.375354812480509, 0.0 ], [ 527232.771808665245771, 6054888.855138746090233, 0.0 ] ], [ [ 527200.174048859626055, 6054887.375354812480509, 0.0 ], [ 527197.724193878471851, 6054907.47921634092927, 0.0 ], [ 527196.568265940994024, 6054917.546146557666361, 0.0 ], [ 527195.447337761521339, 6054927.615076538175344, 0.0 ], [ 527194.362409312278032, 6054937.685006285086274, 0.0 ], [ 527193.313480619341135, 6054947.757935783825815, 0.0 ], [ 527192.29855165630579, 6054957.831865060143173, 0.0 ], [ 527191.319622427225113, 6054967.9067941037938, 0.0 ], [ 527190.375692952424288, 6054977.984722903929651, 0.0 ], [ 527189.467763189226389, 6054988.063651471398771, 0.0 ], [ 527188.594833187758923, 6054998.144579803571105, 0.0 ], [ 527187.756902929395437, 6055008.227507898584008, 0.0 ], [ 527186.953972414135933, 6055018.311435769312084, 0.0 ], [ 527186.187041632831097, 6055028.398363389074802, 0.0 ], [ 527185.455110594630241, 6055038.486290782690048, 0.0 ], [ 527184.758179314434528, 6055048.576217939145863, 0.0 ], [ 527184.096247751265764, 6055058.667144868522882, 0.0 ], [ 527183.470315936952829, 6055068.761071547865868, 0.0 ], [ 527182.879383873194456, 6055078.855998002924025, 0.0 ], [ 527182.323451526463032, 6055088.951924229040742, 0.0 ], [ 527181.820516597479582, 6055098.698852790519595, 0.0 ], [ 527181.802518956363201, 6055099.050850209780037, 0.0 ], [ 527181.317586090415716, 6055109.15077596064657, 0.0 ], [ 527181.201602902263403, 6055111.684757296927273, 0.0 ], [ 527180.867652993649244, 6055119.253701468929648, 0.0 ], [ 527180.452719621360302, 6055129.356626755557954, 0.0 ], [ 527180.072786010801792, 6055139.462551798671484, 0.0 ], [ 527179.72885212674737, 6055149.569476607255638, 0.0 ], [ 527179.419917989522219, 6055159.679401176050305, 0.0 ], [ 527179.145983576774597, 6055169.790325515903533, 0.0 ], [ 527178.907048918306828, 6055179.902249628677964, 0.0 ], [ 527178.704114001244307, 6055190.017173491418362, 0.0 ], [ 527178.537178814411163, 6055200.133097119629383, 0.0 ], [ 527178.404243391007185, 6055210.251020521856844, 0.0 ], [ 527178.307307682931423, 6055220.370943682268262, 0.0 ], [ 527178.246371727436781, 6055230.491866608150303, 0.0 ], [ 527178.219435505568981, 6055240.614789304323494, 0.0 ], [ 527178.229499034583569, 6055250.739711753092706, 0.0 ], [ 527178.273562293499708, 6055260.866633971221745, 0.0 ], [ 527178.354625288397074, 6055270.995555945672095, 0.0 ], [ 527178.541687782853842, 6055281.173476878553629, 0.0 ], [ 527178.541687782853842, 6055281.173476878553629, 0.0 ] ], [ [ 527232.771808665245771, 6054888.855138746090233, 0.0 ], [ 527233.193932712078094, 6054909.118981012143195, 0.0 ], [ 527233.335995245724916, 6054919.247902601957321, 0.0 ], [ 527233.441058047115803, 6054929.375824430957437, 0.0 ], [ 527233.512121111154556, 6054939.50074649695307, 0.0 ], [ 527233.54718441516161, 6054949.624668798409402, 0.0 ], [ 527233.547247998416424, 6054959.747591324150562, 0.0 ], [ 527233.511311832815409, 6054969.867514099925756, 0.0 ], [ 527233.441375929862261, 6054979.987437090836465, 0.0 ], [ 527233.335440285503864, 6054990.104360328987241, 0.0 ], [ 527233.193504903465509, 6055000.220283801667392, 0.0 ], [ 527233.017569780349731, 6055010.335207493975759, 0.0 ], [ 527232.805634923279285, 6055020.448131430894136, 0.0 ], [ 527232.557700332254171, 6055030.55905560683459, 0.0 ], [ 527232.275765981525183, 6055040.667980012483895, 0.0 ], [ 527231.957831904292107, 6055050.77590465079993, 0.0 ], [ 527231.604898076504469, 6055060.882829518057406, 0.0 ], [ 527231.216964513063431, 6055070.987754620611668, 0.0 ], [ 527230.794031202793121, 6055081.09067995660007, 0.0 ], [ 527230.566065095365047, 6055086.20764222741127, 0.0 ], [ 527230.566065095365047, 6055086.20764222741127, 0.0 ], [ 527230.335098158568144, 6055091.191605537198484, 0.0 ], [ 527229.841165371239185, 6055101.29153134021908, 0.0 ], [ 527229.312232851982117, 6055111.390457374043763, 0.0 ], [ 527228.748300574719906, 6055121.486383651383221, 0.0 ], [ 527228.148368589580059, 6055131.58231015317142, 0.0 ], [ 527227.513436838984489, 6055141.675236897543073, 0.0 ], [ 527226.843505341559649, 6055151.767163868993521, 0.0 ], [ 527226.13757412135601, 6055161.858091075904667, 0.0 ], [ 527225.396643154323101, 6055171.946018527261913, 0.0 ], [ 527224.620712455362082, 6055182.033946193754673, 0.0 ], [ 527223.808782007545233, 6055192.11887411121279, 0.0 ], [ 527222.961851827800274, 6055202.202802257612348, 0.0 ], [ 527222.079921901226044, 6055212.284730637446046, 0.0 ], [ 527221.161992240697145, 6055222.365659253671765, 0.0 ], [ 527220.209062840789557, 6055232.444588102400303, 0.0 ], [ 527219.221133694052696, 6055242.522517177276313, 0.0 ], [ 527218.197204817086458, 6055252.59844649862498, 0.0 ], [ 527217.137276202440262, 6055262.672376057133079, 0.0 ], [ 527216.042347855865955, 6055272.745305844582617, 0.0 ], [ 527214.875420082360506, 6055282.824236038140953, 0.0 ], [ 527214.875420082360506, 6055282.824236038140953, 0.0 ] ], [ [ 527178.541687782853842, 6055281.173476878553629, 0.0 ], [ 527214.875420082360506, 6055282.824236038140953, 0.0 ] ], [ [ 527178.541687782853842, 6055281.173476878553629, 0.0 ], [ 527176.039833232760429, 6055301.283338684588671, 0.0 ], [ 527174.835905607789755, 6055311.339269286952913, 0.0 ], [ 527173.665977749973536, 6055321.398199652321637, 0.0 ], [ 527172.530049614608288, 6055331.457129807211459, 0.0 ], [ 527171.429121237248182, 6055341.519059713929892, 0.0 ], [ 527170.361192621290684, 6055351.581989409402013, 0.0 ], [ 527169.327263735234737, 6055361.645918881520629, 0.0 ], [ 527168.328334610909224, 6055371.711848119273782, 0.0 ], [ 527167.362405229359865, 6055381.779777134768665, 0.0 ], [ 527166.430475614964962, 6055391.848705928772688, 0.0 ], [ 527165.53254572302103, 6055401.918634500354528, 0.0 ], [ 527164.668615601956844, 6055411.990562847815454, 0.0 ], [ 527163.838685218244791, 6055422.064490961842239, 0.0 ], [ 527163.042754586786032, 6055432.139418852515519, 0.0 ], [ 527162.279823716729879, 6055442.216346526518464, 0.0 ], [ 527161.550892595201731, 6055452.294273976236582, 0.0 ], [ 527160.856961216777563, 6055462.374201190657914, 0.0 ], [ 527160.195029605180025, 6055472.456128191202879, 0.0 ], [ 527159.568097732961178, 6055482.539054960943758, 0.0 ], [ 527158.975165605545044, 6055492.622981510125101, 0.0 ], [ 527158.415233239531517, 6055502.708907837979496, 0.0 ], [ 527157.889300622045994, 6055512.796833938919008, 0.0 ], [ 527157.397367756813765, 6055522.88575981464237, 0.0 ], [ 527157.162401396781206, 6055527.95572249032557, 0.0 ], [ 527157.162401396781206, 6055527.95572249032557, 0.0 ], [ 527156.939434636384249, 6055532.975685471668839, 0.0 ], [ 527156.514501269906759, 6055543.067610905505717, 0.0 ], [ 527156.123567670583725, 6055553.161536108702421, 0.0 ], [ 527155.766633797436953, 6055563.256461094133556, 0.0 ], [ 527155.443699695169926, 6055573.353385848924518, 0.0 ], [ 527155.153765339404345, 6055583.451310386881232, 0.0 ], [ 527154.897830724716187, 6055593.551234699785709, 0.0 ], [ 527154.675895862281322, 6055603.652158789336681, 0.0 ], [ 527154.487960755825043, 6055613.755082651041448, 0.0 ], [ 527154.334025397896767, 6055623.860006281174719, 0.0 ], [ 527154.213089797645807, 6055633.965929699130356, 0.0 ], [ 527154.127153936773539, 6055644.072852889075875, 0.0 ], [ 527154.074217848479748, 6055654.181775857694447, 0.0 ], [ 527154.055281486362219, 6055664.292698593810201, 0.0 ], [ 527154.070344880223274, 6055674.404621111229062, 0.0 ], [ 527154.118408031761646, 6055684.517543415538967, 0.0 ], [ 527154.201470941305161, 6055694.633465472608805, 0.0 ], [ 527154.318533580750227, 6055704.749387320131063, 0.0 ], [ 527154.46859597787261, 6055714.868308935314417, 0.0 ], [ 527154.653658118098974, 6055724.987230330705643, 0.0 ], [ 527154.871720019727945, 6055735.109151496551931, 0.0 ], [ 527155.124781675636768, 6055745.232072436250746, 0.0 ], [ 527155.411843057721853, 6055755.355993151664734, 0.0 ], [ 527155.731904204934835, 6055765.481913645751774, 0.0 ], [ 527156.083964988589287, 6055775.586834099143744, 0.0 ], [ 527156.083964988589287, 6055775.586834099143744, 0.0 ] ], [ [ 527214.875420082360506, 6055282.824236038140953, 0.0 ], [ 527215.580541912466288, 6055303.079076594673097, 0.0 ], [ 527215.867603302001953, 6055313.203997304663062, 0.0 ], [ 527216.120664943009615, 6055323.326918244361877, 0.0 ], [ 527216.339726835489273, 6055333.44783940911293, 0.0 ], [ 527216.52378898859024, 6055343.567760803736746, 0.0 ], [ 527216.674851380288601, 6055353.68568241968751, 0.0 ], [ 527216.791914023458958, 6055363.8026042599231, 0.0 ], [ 527216.874976921826601, 6055373.917526327073574, 0.0 ], [ 527216.923040077090263, 6055384.031448618508875, 0.0 ], [ 527216.938103470951319, 6055394.143371137790382, 0.0 ], [ 527216.91916711255908, 6055404.253293883055449, 0.0 ], [ 527216.867231003940105, 6055414.362216845154762, 0.0 ], [ 527216.780295167118311, 6055424.470140033401549, 0.0 ], [ 527216.659359566867352, 6055434.576063451357186, 0.0 ], [ 527216.505424194037914, 6055444.679987089708447, 0.0 ], [ 527216.317489087581635, 6055454.782910950481892, 0.0 ], [ 527216.09555422514677, 6055464.883835040964186, 0.0 ], [ 527215.839619625359774, 6055474.983759352937341, 0.0 ], [ 527215.549685265868902, 6055485.081683890894055, 0.0 ], [ 527215.226751167327166, 6055495.178608645685017, 0.0 ], [ 527214.868817299604416, 6055505.27353363763541, 0.0 ], [ 527214.477883696556091, 6055515.367458840832114, 0.0 ], [ 527214.052950326353312, 6055525.459384273737669, 0.0 ], [ 527213.838982254266739, 6055530.280348721891642, 0.0 ], [ 527213.838982254266739, 6055530.280348721891642, 0.0 ], [ 527213.595017209649086, 6055535.550309924408793, 0.0 ], [ 527213.103084351867437, 6055545.639235801063478, 0.0 ], [ 527212.576151728630066, 6055555.726161915808916, 0.0 ], [ 527212.017219353467226, 6055565.812088235281408, 0.0 ], [ 527211.423287250101566, 6055575.89701478369534, 0.0 ], [ 527210.796355374157429, 6055585.979941555298865, 0.0 ], [ 527210.13442375138402, 6055596.060868561267853, 0.0 ], [ 527209.439492378383875, 6055606.140795782208443, 0.0 ], [ 527208.711561255156994, 6055616.218723226338625, 0.0 ], [ 527207.948630377650261, 6055626.295650898478925, 0.0 ], [ 527207.152699749916792, 6055636.37057879101485, 0.0 ], [ 527206.321769382804632, 6055646.444506912492216, 0.0 ], [ 527205.457839254289865, 6055656.516435258090496, 0.0 ], [ 527204.559909377247095, 6055666.587363821454346, 0.0 ], [ 527203.627979747951031, 6055676.656292616389692, 0.0 ], [ 527202.66305036470294, 6055686.723221632651985, 0.0 ], [ 527201.663121238350868, 6055696.789150877855718, 0.0 ], [ 527200.629192367196083, 6055706.854080342687666, 0.0 ], [ 527199.562263734638691, 6055716.917010029777884, 0.0 ], [ 527198.460335370153189, 6055726.977939953096211, 0.0 ], [ 527197.325407229363918, 6055737.037870091386139, 0.0 ], [ 527196.155479367822409, 6055747.095800465904176, 0.0 ], [ 527194.952551741153002, 6055757.152731052599847, 0.0 ], [ 527193.714624356478453, 6055767.207661875523627, 0.0 ], [ 527192.414697300642729, 6055777.237593279220164, 0.0 ], [ 527192.414697300642729, 6055777.237593279220164, 0.0 ] ], [ [ 527156.083964988589287, 6055775.586834099143744, 0.0 ], [ 527192.414697300642729, 6055777.237593279220164, 0.0 ] ], [ [ 527156.083964988589287, 6055775.586834099143744, 0.0 ], [ 527153.780108608305454, 6055795.647695041261613, 0.0 ], [ 527152.714179787784815, 6055805.681624944321811, 0.0 ], [ 527151.682250715792179, 6055815.716554624959826, 0.0 ], [ 527150.686321374028921, 6055825.753484067507088, 0.0 ], [ 527149.724391788244247, 6055835.792413279414177, 0.0 ], [ 527148.797461941838264, 6055845.832342265173793, 0.0 ], [ 527147.905531838536263, 6055855.8742710147053, 0.0 ], [ 527147.047601494938135, 6055865.917199541814625, 0.0 ], [ 527146.225670862942934, 6055875.962127828039229, 0.0 ], [ 527145.437739998102188, 6055886.009055886417627, 0.0 ], [ 527144.685808870941401, 6055896.05698371026665, 0.0 ], [ 527143.967877477407455, 6055906.106911307200789, 0.0 ], [ 527143.283945847302675, 6055916.157838681712747, 0.0 ], [ 527142.636013939976692, 6055926.210765812546015, 0.0 ], [ 527142.022081788629293, 6055936.265692719258368, 0.0 ], [ 527141.443149380385876, 6055946.321619394235313, 0.0 ], [ 527140.89921672642231, 6055956.379545834846795, 0.0 ], [ 527140.390283800661564, 6055966.438472049310803, 0.0 ], [ 527139.92434936016798, 6055976.309399431571364, 0.0 ], [ 527139.92434936016798, 6055976.309399431571364, 0.0 ], [ 527139.915350627154112, 6055976.499398034065962, 0.0 ], [ 527139.475417178124189, 6055986.56132378987968, 0.0 ], [ 527139.070483490824699, 6055996.625249312259257, 0.0 ], [ 527138.700549554079771, 6056006.691174602136016, 0.0 ], [ 527138.364615339785814, 6056016.758099667727947, 0.0 ], [ 527138.06368089094758, 6056026.826024506241083, 0.0 ], [ 527137.797746177762747, 6056036.896949101239443, 0.0 ], [ 527137.566811203956604, 6056046.96887347009033, 0.0 ], [ 527137.369875967502594, 6056057.041797617450356, 0.0 ], [ 527137.208940479904413, 6056067.116721523925662, 0.0 ], [ 527137.082004744559526, 6056077.193645199760795, 0.0 ], [ 527136.99006874486804, 6056087.271568648517132, 0.0 ], [ 527136.933132488280535, 6056097.351491862908006, 0.0 ], [ 527136.910195991396904, 6056107.43241485580802, 0.0 ], [ 527136.92325920984149, 6056117.51533760689199, 0.0 ], [ 527136.97032219171524, 6056127.600260130129755, 0.0 ], [ 527137.053384903818369, 6056137.686182418838143, 0.0 ], [ 527137.170447379350662, 6056147.774104479700327, 0.0 ], [ 527137.322509575635195, 6056157.863026312552392, 0.0 ], [ 527137.510571509599686, 6056167.953947903588414, 0.0 ], [ 527137.79963281005621, 6056178.065868699923158, 0.0 ], [ 527137.79963281005621, 6056178.065868699923158, 0.0 ] ], [ [ 527192.414697300642729, 6055777.237593279220164, 0.0 ], [ 527192.856820695102215, 6055797.422436024993658, 0.0 ], [ 527193.008882906287909, 6055807.512357849627733, 0.0 ], [ 527193.126945354044437, 6055817.599279911257327, 0.0 ], [ 527193.20900809392333, 6055827.686202200129628, 0.0 ], [ 527193.25607106462121, 6055837.770124729722738, 0.0 ], [ 527193.269134286791086, 6055847.853047480806708, 0.0 ], [ 527193.247197769582272, 6055857.933970467187464, 0.0 ], [ 527193.190261527895927, 6055868.013893681578338, 0.0 ], [ 527193.098325528204441, 6055878.091817130334675, 0.0 ], [ 527192.971389777958393, 6055888.168740808963776, 0.0 ], [ 527192.810454290360212, 6055898.243664713576436, 0.0 ], [ 527192.613519079983234, 6055908.317588852718472, 0.0 ], [ 527192.38258409127593, 6055918.38851322978735, 0.0 ], [ 527192.116649381816387, 6055928.459437824785709, 0.0 ], [ 527191.816714927554131, 6055938.528362649492919, 0.0 ], [ 527191.480780716985464, 6055948.595287714153528, 0.0 ], [ 527191.110846772789955, 6055958.660213010385633, 0.0 ], [ 527190.705913070589304, 6055968.72413853276521, 0.0 ], [ 527190.266979645937681, 6055978.787064276635647, 0.0 ], [ 527190.263980034738779, 6055978.847063834778965, 0.0 ], [ 527190.263980034738779, 6055978.847063834778965, 0.0 ], [ 527189.792046453803778, 6055988.846990268677473, 0.0 ], [ 527189.283113531768322, 6055998.906916474923491, 0.0 ], [ 527188.739180862903595, 6056008.963842925615609, 0.0 ], [ 527188.161248460412025, 6056019.02076958771795, 0.0 ], [ 527187.547316305339336, 6056029.074696497991681, 0.0 ], [ 527186.899384394288063, 6056039.12762363255024, 0.0 ], [ 527186.21645275130868, 6056049.178550999611616, 0.0 ], [ 527185.498521365225315, 6056059.228478594683111, 0.0 ], [ 527184.74559023976326, 6056069.276406424120069, 0.0 ], [ 527183.958659376949072, 6056079.323334476910532, 0.0 ], [ 527183.136728744953871, 6056089.368262762203813, 0.0 ], [ 527182.278798386454582, 6056099.411191292107105, 0.0 ], [ 527181.386868286877871, 6056109.453120039775968, 0.0 ], [ 527180.460938438773155, 6056119.494049010798335, 0.0 ], [ 527179.499008856713772, 6056129.531978231854737, 0.0 ], [ 527178.502079527825117, 6056139.568907679058611, 0.0 ], [ 527177.470150448381901, 6056149.604837353341281, 0.0 ], [ 527176.404221639037132, 6056159.638767257332802, 0.0 ], [ 527175.302293069660664, 6056169.670697402209044, 0.0 ], [ 527174.130365133285522, 6056179.716627879999578, 0.0 ], [ 527174.130365133285522, 6056179.716627879999578, 0.0 ] ], [ [ 527137.79963281005621, 6056178.065868699923158, 0.0 ], [ 527174.130365133285522, 6056179.716627879999578, 0.0 ] ], [ [ 527137.79963281005621, 6056178.065868699923158, 0.0 ], [ 527135.302777908742428, 6056198.125730860047042, 0.0 ], [ 527134.104850094765425, 6056208.15766160748899, 0.0 ], [ 527132.939922034740448, 6056218.190592140890658, 0.0 ], [ 527131.808993704617023, 6056228.225522445514798, 0.0 ], [ 527130.712065152823925, 6056238.262452520430088, 0.0 ], [ 527129.648136332631111, 6056248.300382381305099, 0.0 ], [ 527128.619207266718149, 6056258.339312014169991, 0.0 ], [ 527127.623277951031923, 6056268.381241416558623, 0.0 ], [ 527126.661348383873701, 6056278.423170605674386, 0.0 ], [ 527125.732418585568666, 6056288.468099564313889, 0.0 ], [ 527124.837488520890474, 6056298.513028310611844, 0.0 ], [ 527123.976558219641447, 6056308.560956818051636, 0.0 ], [ 527123.149627655744553, 6056318.608885115012527, 0.0 ], [ 527122.355696860700846, 6056328.659813179634511, 0.0 ], [ 527121.595765814185143, 6056338.711741022765636, 0.0 ], [ 527120.869834519922733, 6056348.764668645337224, 0.0 ], [ 527120.17690296843648, 6056358.819596046581864, 0.0 ], [ 527119.51797116920352, 6056368.875523225404322, 0.0 ], [ 527118.892039142549038, 6056378.933450180105865, 0.0 ], [ 527118.300106853246689, 6056388.993376907892525, 0.0 ], [ 527117.742174305021763, 6056399.054303415119648, 0.0 ], [ 527117.217241529375315, 6056409.116229705512524, 0.0 ], [ 527116.72630850225687, 6056419.180155768059194, 0.0 ], [ 527116.487342797219753, 6056424.351117695681751, 0.0 ], [ 527116.487342797219753, 6056424.351117695681751, 0.0 ], [ 527116.269375205039978, 6056429.246081600897014, 0.0 ], [ 527115.845441676676273, 6056439.3130072215572, 0.0 ], [ 527115.455507904291153, 6056449.38193261064589, 0.0 ], [ 527115.098573885858059, 6056459.451857785694301, 0.0 ], [ 527114.775639615952969, 6056469.523782730102539, 0.0 ], [ 527114.485705111175776, 6056479.596707464195788, 0.0 ], [ 527114.230770330876112, 6056489.671631958335638, 0.0 ], [ 527114.007835321128368, 6056499.747556248679757, 0.0 ], [ 527113.819900058209896, 6056509.825480299070477, 0.0 ], [ 527113.664964556694031, 6056519.904404136352241, 0.0 ], [ 527113.544028799980879, 6056529.985327744856477, 0.0 ], [ 527113.456092789769173, 6056540.068251132033765, 0.0 ], [ 527113.403156541287899, 6056550.152174290269613, 0.0 ], [ 527113.38322002440691, 6056560.237097232602537, 0.0 ], [ 527113.396283283829689, 6056570.324019953608513, 0.0 ], [ 527113.444346278905869, 6056580.412942441180348, 0.0 ], [ 527113.525409035384655, 6056590.502864710986614, 0.0 ], [ 527113.640471529215574, 6056600.593786762095988, 0.0 ], [ 527113.789533782750368, 6056610.686708581633866, 0.0 ], [ 527113.972595792263746, 6056620.781630173325539, 0.0 ], [ 527114.189657546579838, 6056630.877551544457674, 0.0 ], [ 527114.440719038248062, 6056640.975472686812282, 0.0 ], [ 527114.724780298769474, 6056651.075393605977297, 0.0 ], [ 527115.043841306120157, 6056661.175314306281507, 0.0 ], [ 527115.390902109444141, 6056671.281234784051776, 0.0 ], [ 527115.390902109444141, 6056671.281234784051776, 0.0 ] ], [ [ 527174.130365133285522, 6056179.716627879999578, 0.0 ], [ 527174.830486677587032, 6056199.921468851156533, 0.0 ], [ 527175.114547938108444, 6056210.020389777608216, 0.0 ], [ 527175.364609446376562, 6056220.118310925550759, 0.0 ], [ 527175.580671209841967, 6056230.21423230227083, 0.0 ], [ 527175.763733211904764, 6056240.309153893962502, 0.0 ], [ 527175.912795454263687, 6056250.402075716294348, 0.0 ], [ 527176.027857959270477, 6056260.493997760117054, 0.0 ], [ 527176.108920715749264, 6056270.583920028991997, 0.0 ], [ 527176.155983712524176, 6056280.671842528507113, 0.0 ], [ 527176.170046966522932, 6056290.759765235707164, 0.0 ], [ 527176.150110468268394, 6056300.844688180834055, 0.0 ], [ 527176.09717420861125, 6056310.92861133813858, 0.0 ], [ 527176.009238194674253, 6056321.010534731671214, 0.0 ], [ 527175.888302449136972, 6056331.091458341106772, 0.0 ], [ 527175.734366927295923, 6056341.171382163651288, 0.0 ], [ 527175.54643165320158, 6056351.248306224122643, 0.0 ], [ 527175.324496645480394, 6056361.325230496935546, 0.0 ], [ 527175.068561881780624, 6056371.400154998525977, 0.0 ], [ 527174.779627364128828, 6056381.473079724237323, 0.0 ], [ 527174.456693094223738, 6056391.545004672370851, 0.0 ], [ 527174.100759066641331, 6056401.614929839037359, 0.0 ], [ 527173.710825283080339, 6056411.682855236344039, 0.0 ], [ 527173.287891753017902, 6056421.750780841335654, 0.0 ], [ 527173.056925997138023, 6056426.920742726884782, 0.0 ], [ 527173.056925997138023, 6056426.920742726884782, 0.0 ], [ 527172.829958487302065, 6056431.815706688910723, 0.0 ], [ 527172.340025447309017, 6056441.879632745869458, 0.0 ], [ 527171.815092653036118, 6056451.942559029906988, 0.0 ], [ 527171.257160119712353, 6056462.003485537134111, 0.0 ], [ 527170.666227828711271, 6056472.062412265688181, 0.0 ], [ 527170.040295779705048, 6056482.120339220389724, 0.0 ], [ 527169.381363999098539, 6056492.177266390994191, 0.0 ], [ 527168.689432438462973, 6056502.232193786650896, 0.0 ], [ 527167.963501136749983, 6056512.285121409222484, 0.0 ], [ 527167.20357009395957, 6056522.337049252353609, 0.0 ], [ 527166.409639280289412, 6056532.386977325193584, 0.0 ], [ 527165.582708723843098, 6056542.435905613005161, 0.0 ], [ 527164.721778433769941, 6056552.483834120444953, 0.0 ], [ 527163.826848365366459, 6056562.528762865811586, 0.0 ], [ 527162.89891854673624, 6056572.572691828012466, 0.0 ], [ 527161.93698899820447, 6056582.615621008910239, 0.0 ], [ 527160.941059678792953, 6056592.656550419516861, 0.0 ], [ 527159.911130622029305, 6056602.696480050683022, 0.0 ], [ 527158.847201813012362, 6056612.734409910626709, 0.0 ], [ 527157.749273244291544, 6056622.770340000279248, 0.0 ], [ 527156.618344929069281, 6056632.805270304903388, 0.0 ], [ 527155.453416865319014, 6056642.839200829155743, 0.0 ], [ 527154.253489054739475, 6056652.871131590567529, 0.0 ], [ 527153.02056148275733, 6056662.901062573306262, 0.0 ], [ 527151.723634414374828, 6056672.931993950158358, 0.0 ], [ 527151.723634414374828, 6056672.931993950158358, 0.0 ] ], [ [ 527115.390902109444141, 6056671.281234784051776, 0.0 ], [ 527151.723634414374828, 6056672.931993950158358, 0.0 ] ], [ [ 527115.390902109444141, 6056671.281234784051776, 0.0 ], [ 527113.313042625784874, 6056691.120096003636718, 0.0 ], [ 527112.361112136393785, 6056701.027026164345443, 0.0 ], [ 527111.442181386053562, 6056710.934956108219922, 0.0 ], [ 527110.558250401169062, 6056720.845885808579624, 0.0 ], [ 527109.708319164812565, 6056730.756815298460424, 0.0 ], [ 527108.892387665808201, 6056740.669744556769729, 0.0 ], [ 527108.11045591160655, 6056750.583673595450819, 0.0 ], [ 527107.362523917108774, 6056760.499602404423058, 0.0 ], [ 527106.648591667413712, 6056770.41653099283576, 0.0 ], [ 527105.968659166246653, 6056780.334459359757602, 0.0 ], [ 527105.322726417332888, 6056790.254387497901917, 0.0 ], [ 527104.711793407797813, 6056800.176315400749445, 0.0 ], [ 527104.133860148489475, 6056810.098243097774684, 0.0 ], [ 527103.589926637709141, 6056820.022170563228428, 0.0 ], [ 527103.079992897808552, 6056829.94809780176729, 0.0 ], [ 527102.604058872908354, 6056839.874024826101959, 0.0 ], [ 527102.498074147850275, 6056842.176007874310017, 0.0 ], [ 527102.162124615162611, 6056849.80295161344111, 0.0 ], [ 527101.947158358991146, 6056854.913913848809898, 0.0 ], [ 527101.754190109670162, 6056859.731878188438714, 0.0 ], [ 527101.380255337804556, 6056869.662804533727467, 0.0 ], [ 527101.040320325642824, 6056879.595730650238693, 0.0 ], [ 527100.734385069459677, 6056889.529656546190381, 0.0 ], [ 527100.461449548602104, 6056899.464582225307822, 0.0 ], [ 527100.223513774573803, 6056909.400507679209113, 0.0 ], [ 527100.019577752798796, 6056919.338432902470231, 0.0 ], [ 527099.849641494452953, 6056929.278357899747789, 0.0 ], [ 527099.713704958558083, 6056939.218282680958509, 0.0 ], [ 527099.611768186092377, 6056949.161207227036357, 0.0 ], [ 527099.543831154704094, 6056959.104131558910012, 0.0 ], [ 527099.509893879294395, 6056969.049055661074817, 0.0 ], [ 527099.509956356137991, 6056978.995979537256062, 0.0 ], [ 527099.544018566608429, 6056988.942903195507824, 0.0 ], [ 527099.612080533057451, 6056998.891826626844704, 0.0 ], [ 527099.715142257511616, 6057008.842749824747443, 0.0 ], [ 527099.851203709840775, 6057018.794672805815935, 0.0 ], [ 527100.022264923900366, 6057028.747595560736954, 0.0 ], [ 527100.22732587903738, 6057038.7025180850178, 0.0 ], [ 527100.466386567801237, 6057048.658440388739109, 0.0 ], [ 527100.73944703489542, 6057058.61636246368289, 0.0 ], [ 527101.080506924539804, 6057068.569284152239561, 0.0 ], [ 527101.080506924539804, 6057068.569284152239561, 0.0 ] ], [ [ 527151.723634414374828, 6056672.931993950158358, 0.0 ], [ 527152.148756261914968, 6056692.847838860936463, 0.0 ], [ 527152.292817682027817, 6056702.80276176892221, 0.0 ], [ 527152.402879346162081, 6056712.755684906616807, 0.0 ], [ 527152.478941265493631, 6056722.707608264870942, 0.0 ], [ 527152.521003436297178, 6056732.657531852833927, 0.0 ], [ 527152.529065862298012, 6056742.606455659493804, 0.0 ], [ 527152.503128536045551, 6056752.553379699587822, 0.0 ], [ 527152.443191461265087, 6056762.498303963802755, 0.0 ], [ 527152.349254634231329, 6056772.442228451371193, 0.0 ], [ 527152.221318066120148, 6056782.385153160430491, 0.0 ], [ 527152.058381758630276, 6056792.326078105717897, 0.0 ], [ 527151.862445671111345, 6056802.265003271400928, 0.0 ], [ 527151.632509849965572, 6056812.20292865857482, 0.0 ], [ 527151.368574284017086, 6056822.138854275457561, 0.0 ], [ 527151.070638954639435, 6056832.07378011289984, 0.0 ], [ 527150.73870388045907, 6056842.006706179119647, 0.0 ], [ 527150.372769072651863, 6056851.938632466830313, 0.0 ], [ 527149.97283449023962, 6056861.868558982387185, 0.0 ], [ 527149.538900107145309, 6056871.786485805176198, 0.0 ], [ 527149.538900107145309, 6056871.786485805176198, 0.0 ], [ 527149.538900170475245, 6056871.796485727652907, 0.0 ], [ 527149.070966098457575, 6056881.723412695340812, 0.0 ], [ 527148.569032281637192, 6056891.649339883588254, 0.0 ], [ 527148.033098723739386, 6056901.573267299681902, 0.0 ], [ 527147.463165394961834, 6056911.4951949454844, 0.0 ], [ 527146.859232325106859, 6056921.416122812777758, 0.0 ], [ 527146.221299510449171, 6056931.335050906985998, 0.0 ], [ 527145.54936695471406, 6056941.252979221753776, 0.0 ], [ 527144.843434628099203, 6056951.16890776809305, 0.0 ], [ 527144.103502560406923, 6056961.083836535923183, 0.0 ], [ 527143.32957074791193, 6056970.996765531599522, 0.0 ], [ 527142.521639190614223, 6056980.907694756053388, 0.0 ], [ 527141.679707877337933, 6056990.817624200135469, 0.0 ], [ 527140.803776815533638, 6057000.726553868502378, 0.0 ], [ 527139.893846001476049, 6057010.63348376378417, 0.0 ], [ 527138.94891544431448, 6057020.538413896225393, 0.0 ], [ 527137.970985129475594, 6057030.44234424084425, 0.0 ], [ 527136.958055082708597, 6057040.344274820759892, 0.0 ], [ 527135.911125268787146, 6057050.24520562402904, 0.0 ], [ 527134.830195710062981, 6057060.144136654213071, 0.0 ], [ 527133.682266715914011, 6057070.049068060703576, 0.0 ], [ 527133.682266715914011, 6057070.049068060703576, 0.0 ] ], [ [ 527101.080506924539804, 6057068.569284152239561, 0.0 ], [ 527133.682266715914011, 6057070.049068060703576, 0.0 ] ], [ [ 527101.080506924539804, 6057068.569284152239561, 0.0 ], [ 527098.587650630623102, 6057088.410147963091731, 0.0 ], [ 527097.406721994280815, 6057098.333079438656569, 0.0 ], [ 527096.258793123066425, 6057108.259010684676468, 0.0 ], [ 527095.144863981753588, 6057118.184941713698208, 0.0 ], [ 527094.06293461471796, 6057128.112872529774904, 0.0 ], [ 527093.015005003660917, 6057138.042803115211427, 0.0 ], [ 527092.000075154006481, 6057147.973733487538993, 0.0 ], [ 527091.018145058304071, 6057157.906663636676967, 0.0 ], [ 527090.069214701652527, 6057167.840593570843339, 0.0 ], [ 527089.154284119606018, 6057177.776523274369538, 0.0 ], [ 527088.271353282034397, 6057187.713452773168683, 0.0 ], [ 527087.422422211617231, 6057197.652382040396333, 0.0 ], [ 527086.605490885674953, 6057207.592311099171638, 0.0 ], [ 527085.82255931198597, 6057217.533239938318729, 0.0 ], [ 527085.072627507150173, 6057227.477168544195592, 0.0 ], [ 527084.354695472866297, 6057237.421096951700747, 0.0 ], [ 527083.670763168483973, 6057247.368025121279061, 0.0 ], [ 527083.019830625504255, 6057257.314953085035086, 0.0 ], [ 527082.401897851377726, 6057267.263880824670196, 0.0 ], [ 527081.816964820027351, 6057277.214808342978358, 0.0 ], [ 527081.265031561255455, 6057287.166735644452274, 0.0 ], [ 527080.746098037809134, 6057297.120662724599242, 0.0 ], [ 527080.26016429439187, 6057307.075589589774609, 0.0 ], [ 527080.027197699993849, 6057312.112552505917847, 0.0 ], [ 527080.027197699993849, 6057312.112552505917847, 0.0 ], [ 527079.807230286300182, 6057317.032516233623028, 0.0 ], [ 527079.38829604908824, 6057326.990442653186619, 0.0 ], [ 527079.001361563801765, 6057336.950368858873844, 0.0 ], [ 527078.647426825016737, 6057346.91129485052079, 0.0 ], [ 527078.327491864562035, 6057356.874220613390207, 0.0 ], [ 527078.039556637406349, 6057366.838146165013313, 0.0 ], [ 527077.785621173679829, 6057376.804071488790214, 0.0 ], [ 527077.564685463905334, 6057386.770996597595513, 0.0 ], [ 527077.376749519258738, 6057396.739921483211219, 0.0 ], [ 527077.221813324838877, 6057406.709846155717969, 0.0 ], [ 527077.099876884371042, 6057416.681770604103804, 0.0 ], [ 527077.010940212756395, 6057426.654694838449359, 0.0 ], [ 527076.956003278493881, 6057436.629618844948709, 0.0 ], [ 527076.934066105633974, 6057446.605542635545135, 0.0 ], [ 527076.945128690451384, 6057456.58346620388329, 0.0 ], [ 527076.989191029220819, 6057466.562389555387199, 0.0 ], [ 527077.06725312769413, 6057476.543312679976225, 0.0 ], [ 527077.178314961493015, 6057486.525235588662326, 0.0 ], [ 527077.322376564145088, 6057496.509158275090158, 0.0 ], [ 527077.500437926501036, 6057506.49408074002713, 0.0 ], [ 527077.711499027907848, 6057516.481002983637154, 0.0 ], [ 527077.956559892743826, 6057526.469924996607006, 0.0 ], [ 527078.23462050780654, 6057536.4598467964679, 0.0 ], [ 527078.54568088799715, 6057546.45076838042587, 0.0 ], [ 527078.916740726679564, 6057556.431689662858844, 0.0 ], [ 527078.916740726679564, 6057556.431689662858844, 0.0 ] ], [ [ 527133.682266715914011, 6057070.049068060703576, 0.0 ], [ 527134.365387011319399, 6057090.034910814836621, 0.0 ], [ 527134.641447644680738, 6057100.024832625873387, 0.0 ], [ 527134.884508512914181, 6057110.012754661031067, 0.0 ], [ 527135.094569634646177, 6057119.999676909297705, 0.0 ], [ 527135.271630998700857, 6057129.984599379822612, 0.0 ], [ 527135.414692606776953, 6057139.968522072769701, 0.0 ], [ 527135.524754457175732, 6057149.950444987975061, 0.0 ], [ 527135.601816553622484, 6057159.931368120014668, 0.0 ], [ 527135.645878899842501, 6057169.911291463300586, 0.0 ], [ 527135.656941492110491, 6057179.888215039856732, 0.0 ], [ 527135.635004322975874, 6057189.865138822235167, 0.0 ], [ 527135.580067377537489, 6057199.839062835089862, 0.0 ], [ 527135.491130702197552, 6057209.812987063080072, 0.0 ], [ 527135.370194248855114, 6057219.783911514095962, 0.0 ], [ 527135.215258073061705, 6057229.754836176522076, 0.0 ], [ 527135.028322100639343, 6057239.722761063836515, 0.0 ], [ 527134.807386409491301, 6057249.690686166286469, 0.0 ], [ 527134.553450930863619, 6057259.65561149828136, 0.0 ], [ 527134.267515704035759, 6057269.620537028647959, 0.0 ], [ 527133.947580736130476, 6057279.582462798804045, 0.0 ], [ 527133.594645995646715, 6057289.544388776645064, 0.0 ], [ 527133.208711501210928, 6057299.503314982168376, 0.0 ], [ 527132.789777252823114, 6057309.462241396307945, 0.0 ], [ 527132.56581062078476, 6057314.499204255640507, 0.0 ], [ 527132.56581062078476, 6057314.499204255640507, 0.0 ], [ 527132.337843246757984, 6057319.418168039992452, 0.0 ], [ 527131.852909486740828, 6057329.374094892293215, 0.0 ], [ 527131.334975969046354, 6057339.327021973207593, 0.0 ], [ 527130.784042697399855, 6057349.279949261806905, 0.0 ], [ 527130.200109656900167, 6057359.229876780882478, 0.0 ], [ 527129.583176873624325, 6057369.179804506711662, 0.0 ], [ 527128.932244330644608, 6057379.126732469536364, 0.0 ], [ 527128.248312037438154, 6057389.073660638183355, 0.0 ], [ 527127.532379973679781, 6057399.017589034512639, 0.0 ], [ 527126.782448168843985, 6057408.961517642252147, 0.0 ], [ 527125.999516602605581, 6057418.902446480467916, 0.0 ], [ 527125.183585274964571, 6057428.842375531792641, 0.0 ], [ 527124.333654202520847, 6057438.781304807402194, 0.0 ], [ 527123.451723366975784, 6057448.718234296888113, 0.0 ], [ 527122.535792790353298, 6057458.65416400693357, 0.0 ], [ 527121.586862437427044, 6057468.588093942031264, 0.0 ], [ 527120.603932347148657, 6057478.521024098619819, 0.0 ], [ 527119.588002495467663, 6057488.451954475603998, 0.0 ], [ 527118.539072882384062, 6057498.380885074846447, 0.0 ], [ 527117.457143537700176, 6057508.309815883636475, 0.0 ], [ 527116.341214410960674, 6057518.235746926628053, 0.0 ], [ 527115.19128554686904, 6057528.160678192973137, 0.0 ], [ 527114.008356932550669, 6057538.084609672427177, 0.0 ], [ 527112.792428556829691, 6057548.006541376933455, 0.0 ], [ 527111.518500525504351, 6057557.911473572254181, 0.0 ], [ 527111.518500525504351, 6057557.911473572254181, 0.0 ] ], [ [ 527078.916740726679564, 6057556.431689662858844, 0.0 ], [ 527111.518500525504351, 6057557.911473572254181, 0.0 ] ], [ [ 527078.916740726679564, 6057556.431689662858844, 0.0 ], [ 527076.44388435035944, 6057576.285553250461817, 0.0 ], [ 527075.277955714613199, 6057586.22648449242115, 0.0 ], [ 527074.146026823669672, 6057596.169415507465601, 0.0 ], [ 527073.050097685307264, 6057606.114346280694008, 0.0 ], [ 527071.988168276846409, 6057616.061276825144887, 0.0 ], [ 527070.960238624364138, 6057626.009207149036229, 0.0 ], [ 527069.968308717012405, 6057635.959137230180204, 0.0 ], [ 527069.010378547012806, 6057645.911067083477974, 0.0 ], [ 527068.087448123842478, 6057655.863996708765626, 0.0 ], [ 527067.198517449200153, 6057665.818926104344428, 0.0 ], [ 527066.3445865213871, 6057675.775855266489089, 0.0 ], [ 527065.525655344128609, 6057685.734784191474319, 0.0 ], [ 527064.740723915398121, 6057695.694712897762656, 0.0 ], [ 527063.989792231470346, 6057705.656641372479498, 0.0 ], [ 527063.273860290646553, 6057715.620569614693522, 0.0 ], [ 527062.591928087174892, 6057725.585497634485364, 0.0 ], [ 527061.944995641708374, 6057735.552425418049097, 0.0 ], [ 527061.333062939345837, 6057745.521352967247367, 0.0 ], [ 527060.754130002111197, 6057755.492280294187367, 0.0 ], [ 527060.210196785628796, 6057765.464207394979894, 0.0 ], [ 527059.761255256831646, 6057774.226143158040941, 0.0 ], [ 527059.701263327151537, 6057775.438134259544313, 0.0 ], [ 527059.226329617202282, 6057785.414060895331204, 0.0 ], [ 527059.167338237166405, 6057786.712051331996918, 0.0 ], [ 527058.785395663231611, 6057795.390987309627235, 0.0 ], [ 527058.379461441189051, 6057805.369913487695158, 0.0 ], [ 527058.007526975125074, 6057815.350839438848197, 0.0 ], [ 527057.669592261314392, 6057825.333765160292387, 0.0 ], [ 527057.366657290607691, 6057835.317690652795136, 0.0 ], [ 527057.097722075879574, 6057845.303615916520357, 0.0 ], [ 527056.86278660595417, 6057855.291540956124663, 0.0 ], [ 527056.662850867956877, 6057865.280465763062239, 0.0 ], [ 527056.496914885938168, 6057875.271390344016254, 0.0 ], [ 527056.36597865074873, 6057885.264314686879516, 0.0 ], [ 527056.268042169511318, 6057895.258238818496466, 0.0 ], [ 527056.206105444580317, 6057905.255162698216736, 0.0 ], [ 527056.177168451249599, 6057915.253086365759373, 0.0 ], [ 527056.183231208473444, 6057925.252009803429246, 0.0 ], [ 527056.22429371252656, 6057935.253932999446988, 0.0 ], [ 527056.298355985432863, 6057945.256855980493128, 0.0 ], [ 527056.407417982816696, 6057955.260778734460473, 0.0 ], [ 527056.528480108827353, 6057965.301701129414141, 0.0 ], [ 527056.528480108827353, 6057965.301701129414141, 0.0 ] ], [ [ 527111.518500525504351, 6057557.911473572254181, 0.0 ], [ 527111.996622577309608, 6057577.928317378275096, 0.0 ], [ 527112.164684131741524, 6057587.933239752426744, 0.0 ], [ 527112.297745950520039, 6057597.936162361875176, 0.0 ], [ 527112.396807998418808, 6057607.938085193745792, 0.0 ], [ 527112.460870318114758, 6057617.938008260913193, 0.0 ], [ 527112.489932905882597, 6057627.936931553296745, 0.0 ], [ 527112.483995746821165, 6057637.93385508377105, 0.0 ], [ 527112.444058824330568, 6057647.928778841160238, 0.0 ], [ 527112.369122158735991, 6057657.922702827490866, 0.0 ], [ 527112.259185757488012, 6057667.914627047255635, 0.0 ], [ 527112.115249618887901, 6057677.905551490373909, 0.0 ], [ 527111.937313709408045, 6057687.894476160407066, 0.0 ], [ 527111.724378071725368, 6057697.882401059381664, 0.0 ], [ 527111.476442687213421, 6057707.868326189927757, 0.0 ], [ 527111.194507572799921, 6057717.853251544758677, 0.0 ], [ 527110.878572683781385, 6057727.836177128367126, 0.0 ], [ 527110.527638051658869, 6057737.81710294727236, 0.0 ], [ 527110.141703687608242, 6057747.79702899325639, 0.0 ], [ 527109.721769575029612, 6057757.77495526894927, 0.0 ], [ 527109.50980107113719, 6057762.52992020919919, 0.0 ], [ 527109.50980107113719, 6057762.52992020919919, 0.0 ], [ 527109.267835713922977, 6057767.751881765201688, 0.0 ], [ 527108.778902102261782, 6057777.726808493956923, 0.0 ], [ 527108.255968742072582, 6057787.699735455214977, 0.0 ], [ 527107.699035637080669, 6057797.671662637032568, 0.0 ], [ 527107.107102796435356, 6057807.642590044997633, 0.0 ], [ 527106.481170192360878, 6057817.610517689958215, 0.0 ], [ 527105.82023786380887, 6057827.578445554710925, 0.0 ], [ 527105.125305764377117, 6057837.54337365552783, 0.0 ], [ 527104.396373927593231, 6057847.50830197148025, 0.0 ], [ 527103.632442343980074, 6057857.470230529084802, 0.0 ], [ 527102.834511023014784, 6057867.431159309111536, 0.0 ], [ 527102.002579938620329, 6057877.391088309697807, 0.0 ], [ 527101.135649114847183, 6057887.349017541855574, 0.0 ], [ 527100.234718542546034, 6057897.304947008378804, 0.0 ], [ 527099.299788225442171, 6057907.259876691736281, 0.0 ], [ 527098.329858157783747, 6057917.212806613184512, 0.0 ], [ 527097.324928354471922, 6057927.164736761711538, 0.0 ], [ 527096.286998800933361, 6057937.114667130634189, 0.0 ], [ 527095.214069496840239, 6057947.062597738578916, 0.0 ], [ 527094.106140449643135, 6057957.009528571739793, 0.0 ], [ 527092.932211890816689, 6057966.955459824763238, 0.0 ], [ 527092.932211890816689, 6057966.955459824763238, 0.0 ] ], [ [ 527056.528480108827353, 6057965.301701129414141, 0.0 ], [ 527092.932211890816689, 6057966.955459824763238, 0.0 ] ], [ [ 527056.528480108827353, 6057965.301701129414141, 0.0 ], [ 527054.667620796710253, 6057985.434558735229075, 0.0 ], [ 527053.835690341889858, 6057995.490487000904977, 0.0 ], [ 527053.040759593248367, 6058005.5484150191769, 0.0 ], [ 527052.282828573137522, 6058015.607342797331512, 0.0 ], [ 527051.560897279530764, 6058025.668270332738757, 0.0 ], [ 527050.876965716481209, 6058035.730197622440755, 0.0 ], [ 527050.230033874511719, 6058045.794124666601419, 0.0 ], [ 527049.619101781398058, 6058055.860051465220749, 0.0 ], [ 527049.046169381588697, 6058065.9269780209288, 0.0 ], [ 527048.509236726909876, 6058075.994904339313507, 0.0 ], [ 527048.010303787887096, 6058086.064830407500267, 0.0 ], [ 527047.718345336616039, 6058092.323784342035651, 0.0 ], [ 527047.547370590269566, 6058096.135756242088974, 0.0 ], [ 527047.22941967472434, 6058103.56370139028877, 0.0 ], [ 527047.1214371137321, 6058106.208681827411056, 0.0 ], [ 527046.732503373175859, 6058116.283607165329158, 0.0 ], [ 527046.380569357424974, 6058126.359532262198627, 0.0 ], [ 527046.065635055303574, 6058136.437457111664116, 0.0 ], [ 527045.787700489163399, 6058146.516381722874939, 0.0 ], [ 527045.546765647828579, 6058156.596306092105806, 0.0 ], [ 527045.342830531299114, 6058166.679230205714703, 0.0 ], [ 527045.174895144999027, 6058176.762154094874859, 0.0 ], [ 527045.044959489256144, 6058186.848077721893787, 0.0 ], [ 527044.952023547142744, 6058196.934001116082072, 0.0 ], [ 527044.895087350159883, 6058207.022924262098968, 0.0 ], [ 527044.876150868833065, 6058217.111847168765962, 0.0 ], [ 527044.894214119762182, 6058227.203769818879664, 0.0 ], [ 527044.949277080595493, 6058237.296692230738699, 0.0 ], [ 527045.04133977368474, 6058247.390614403411746, 0.0 ], [ 527045.170402195304632, 6058257.486536326818168, 0.0 ], [ 527045.33646434545517, 6058267.583458011038601, 0.0 ], [ 527045.761519085615873, 6058276.817384670488536, 0.0 ], [ 527045.761519085615873, 6058276.817384670488536, 0.0 ] ], [ [ 527092.932211890816689, 6057966.955459824763238, 0.0 ], [ 527093.170334536582232, 6057986.772306668572128, 0.0 ], [ 527093.217396404594183, 6057996.680230544880033, 0.0 ], [ 527093.229458548128605, 6058006.587154650129378, 0.0 ], [ 527093.205520946532488, 6058016.493078989908099, 0.0 ], [ 527093.146583594381809, 6058026.397003564052284, 0.0 ], [ 527093.051646519452333, 6058036.29892837908119, 0.0 ], [ 527092.921709701418877, 6058046.199853420257568, 0.0 ], [ 527092.755773145705462, 6058056.098778705112636, 0.0 ], [ 527092.554836850613356, 6058065.996704217046499, 0.0 ], [ 527092.318900801241398, 6058075.892629963345826, 0.0 ], [ 527092.045965045690536, 6058085.787555949762464, 0.0 ], [ 527091.73902952671051, 6058095.680482166819274, 0.0 ], [ 527091.396094270050526, 6058105.571408623829484, 0.0 ], [ 527091.017159298062325, 6058115.461335313506424, 0.0 ], [ 527090.603224564343691, 6058125.349262239411473, 0.0 ], [ 527090.575228855013847, 6058125.997257455252111, 0.0 ], [ 527090.396255310624838, 6058129.99322799872607, 0.0 ], [ 527090.154290094971657, 6058135.23618939332664, 0.0 ], [ 527089.669355891644955, 6058145.121116787195206, 0.0 ], [ 527089.148421958088875, 6058155.005044417455792, 0.0 ], [ 527088.592488288879395, 6058164.886972279287875, 0.0 ], [ 527088.001554872840643, 6058174.767900370061398, 0.0 ], [ 527087.373621713370085, 6058184.646828710101545, 0.0 ], [ 527086.711688827723265, 6058194.523757277056575, 0.0 ], [ 527086.013756185770035, 6058204.399686079472303, 0.0 ], [ 527085.279823821038008, 6058214.273615120910108, 0.0 ], [ 527084.510891713202, 6058224.146544393151999, 0.0 ], [ 527083.705959871411324, 6058234.017473903484643, 0.0 ], [ 527082.86502829939127, 6058243.887403648346663, 0.0 ], [ 527081.989096980541945, 6058253.755333629436791, 0.0 ], [ 527081.077165927737951, 6058263.621263850480318, 0.0 ], [ 527080.129235152155161, 6058273.486194308847189, 0.0 ], [ 527078.951311454176903, 6058284.201119703240693, 0.0 ], [ 527078.951311454176903, 6058284.201119703240693, 0.0 ] ], [ [ 527045.761519085615873, 6058276.817384670488536, 0.0 ], [ 527078.951311454176903, 6058284.201119703240693, 0.0 ] ], [ [ 527045.761519085615873, 6058276.817384670488536, 0.0 ], [ 527037.647688791155815, 6058293.950304511003196, 0.0 ], [ 527033.571776550263166, 6058302.956261187791824, 0.0 ], [ 527029.529864143580198, 6058311.977217534556985, 0.0 ], [ 527025.523951552808285, 6058321.011173555627465, 0.0 ], [ 527021.55203877389431, 6058330.060129250399768, 0.0 ], [ 527017.615125823765993, 6058339.123084618709981, 0.0 ], [ 527013.713212706148624, 6058348.200039656832814, 0.0 ], [ 527009.846299394965172, 6058357.29099436942488, 0.0 ], [ 527006.014385912567377, 6058366.395948755554855, 0.0 ], [ 527002.216472242027521, 6058375.514902821741998, 0.0 ], [ 526998.454558413475752, 6058384.648856544867158, 0.0 ], [ 526996.954592939466238, 6058388.31783788651228, 0.0 ], [ 526995.163634262979031, 6058392.716815468855202, 0.0 ], [ 526994.72664438560605, 6058393.795809955336154, 0.0 ], [ 526991.033730201423168, 6058402.957763032056391, 0.0 ], [ 526987.374815821647644, 6058412.133715788833797, 0.0 ], [ 526983.751901268959045, 6058421.32366821076721, 0.0 ], [ 526980.162986550480127, 6058430.527620311826468, 0.0 ], [ 526976.609071642160416, 6058439.745572088286281, 0.0 ], [ 526973.090156555175781, 6058448.977523535490036, 0.0 ], [ 526969.606241300702095, 6058458.224474649876356, 0.0 ], [ 526966.157325852662325, 6058467.484425444155931, 0.0 ], [ 526962.742410253733397, 6058476.759375908412039, 0.0 ], [ 526959.363494444638491, 6058486.048326043412089, 0.0 ], [ 526956.018578480929136, 6058495.351275853812695, 0.0 ], [ 526952.708662323653698, 6058504.668225336819887, 0.0 ], [ 526949.473745718598366, 6058514.004174206405878, 0.0 ], [ 526949.473745718598366, 6058514.004174206405878, 0.0 ] ], [ [ 527078.951311454176903, 6058284.201119703240693, 0.0 ], [ 527072.014488644897938, 6058303.960012053139508, 0.0 ], [ 527068.580574184656143, 6058313.394961414858699, 0.0 ], [ 527065.109659932553768, 6058322.815911114215851, 0.0 ], [ 527061.603745825588703, 6058332.221861148253083, 0.0 ], [ 527058.061831917613745, 6058341.612811523489654, 0.0 ], [ 527054.483918201178312, 6058350.989762233570218, 0.0 ], [ 527050.870004661381245, 6058360.351713282987475, 0.0 ], [ 527047.221091292798519, 6058369.698664667084813, 0.0 ], [ 527043.53617811575532, 6058379.031616385094821, 0.0 ], [ 527039.815265107899904, 6058388.349568443372846, 0.0 ], [ 527036.058352287858725, 6058397.652520842850208, 0.0 ], [ 527034.417390190064907, 6058401.68550028372556, 0.0 ], [ 527032.619431551545858, 6058406.082477926276624, 0.0 ], [ 527032.266439653933048, 6058406.941473568789661, 0.0 ], [ 527028.438527196645737, 6058416.215426634997129, 0.0 ], [ 527024.574614923447371, 6058425.474380046129227, 0.0 ], [ 527020.675702836364508, 6058434.719333779066801, 0.0 ], [ 527016.739790931344032, 6058443.94928786251694, 0.0 ], [ 527012.768879193812609, 6058453.165242271497846, 0.0 ], [ 527008.761967644095421, 6058462.365197030827403, 0.0 ], [ 527004.720056276768446, 6058471.551152113825083, 0.0 ], [ 527000.641145102679729, 6058480.723107539117336, 0.0 ], [ 526996.527234088629484, 6058489.879063305445015, 0.0 ], [ 526992.377323273569345, 6058499.021019404754043, 0.0 ], [ 526988.192412633448839, 6058508.148975832387805, 0.0 ], [ 526983.97050216794014, 6058517.260932614095509, 0.0 ], [ 526979.683591946959496, 6058526.329890132881701, 0.0 ], [ 526979.683591946959496, 6058526.329890132881701, 0.0 ] ], [ [ 526949.473745718598366, 6058514.004174206405878, 0.0 ], [ 526979.683591946959496, 6058526.329890132881701, 0.0 ] ], [ [ 526949.473745718598366, 6058514.004174206405878, 0.0 ], [ 526940.469928175210953, 6058532.08209240436554, 0.0 ], [ 526936.031019080430269, 6058541.147050909698009, 0.0 ], [ 526931.625109829008579, 6058550.225009105168283, 0.0 ], [ 526927.25220038741827, 6058559.316966989077628, 0.0 ], [ 526922.911290794610977, 6058568.421924573369324, 0.0 ], [ 526918.603381037712097, 6058577.539881848730147, 0.0 ], [ 526914.328471109271049, 6058586.670838818885386, 0.0 ], [ 526910.085561010986567, 6058595.815795477479696, 0.0 ], [ 526905.875650759786367, 6058604.973751832731068, 0.0 ], [ 526901.697740331292152, 6058614.145707878284156, 0.0 ], [ 526897.552829749882221, 6058623.330663618631661, 0.0 ], [ 526893.440918982028961, 6058632.528619050979614, 0.0 ], [ 526889.361008059233427, 6058641.739574183709919, 0.0 ], [ 526885.313096970319748, 6058650.963529014028609, 0.0 ], [ 526881.298185728490353, 6058660.201483531855047, 0.0 ], [ 526877.315274305641651, 6058669.452437748201191, 0.0 ], [ 526873.365362729877234, 6058678.716391659341753, 0.0 ], [ 526869.448450967669487, 6058687.994345254264772, 0.0 ], [ 526865.562539074569941, 6058697.285298556089401, 0.0 ], [ 526861.710626989603043, 6058706.589251543395221, 0.0 ], [ 526857.905714385211468, 6058715.869204422459006, 0.0 ], [ 526857.905714385211468, 6058715.869204422459006, 0.0 ], [ 526857.889714751392603, 6058715.906204238533974, 0.0 ], [ 526854.102802321314812, 6058725.236156620085239, 0.0 ], [ 526850.34688975289464, 6058734.580108699388802, 0.0 ], [ 526846.623977016657591, 6058743.937060471624136, 0.0 ], [ 526842.934064105153084, 6058753.307011937722564, 0.0 ], [ 526839.276151034981012, 6058762.689963102340698, 0.0 ], [ 526835.650237802416086, 6058772.086913962848485, 0.0 ], [ 526832.057324402034283, 6058781.496864508837461, 0.0 ], [ 526828.496410839259624, 6058790.919814760796726, 0.0 ], [ 526824.968497101217508, 6058800.355764704756439, 0.0 ], [ 526821.472583211958408, 6058809.805714339017868, 0.0 ], [ 526818.009669158607721, 6058819.268663668073714, 0.0 ], [ 526814.578754924237728, 6058828.744612696580589, 0.0 ], [ 526811.180840533226728, 6058838.234561407007277, 0.0 ], [ 526807.814925983548164, 6058847.736509828828275, 0.0 ], [ 526804.482011247426271, 6058857.252457936294377, 0.0 ], [ 526801.181096360087395, 6058866.781405741348863, 0.0 ], [ 526797.913181308656931, 6058876.324353233911097, 0.0 ], [ 526794.678266085684299, 6058885.88030041847378, 0.0 ], [ 526791.475350696593523, 6058895.449247303418815, 0.0 ], [ 526788.305435139685869, 6058905.031193878501654, 0.0 ], [ 526785.167519431561232, 6058914.627140148542821, 0.0 ], [ 526782.092603411525488, 6058924.251085808500648, 0.0 ], [ 526782.092603411525488, 6058924.251085808500648, 0.0 ] ], [ [ 526979.683591946959496, 6058526.329890132881701, 0.0 ], [ 526973.471760168671608, 6058545.54678207822144, 0.0 ], [ 526970.301844622939825, 6058555.129728646948934, 0.0 ], [ 526967.099929235875607, 6058564.698675525374711, 0.0 ], [ 526963.865014009177685, 6058574.255622702650726, 0.0 ], [ 526960.598098941147327, 6058583.797570197843015, 0.0 ], [ 526957.297184061259031, 6058593.327517991885543, 0.0 ], [ 526953.965269338339567, 6058602.843466091901064, 0.0 ], [ 526950.599354784935713, 6058612.346414507366717, 0.0 ], [ 526947.201440379023552, 6058621.835363227874041, 0.0 ], [ 526943.771526150405407, 6058631.311312249861658, 0.0 ], [ 526940.307612095028162, 6058640.774261584505439, 0.0 ], [ 526936.812698192894459, 6058650.224211213178933, 0.0 ], [ 526933.284784454852343, 6058659.660161156207323, 0.0 ], [ 526929.723870903253555, 6058669.084111399017274, 0.0 ], [ 526926.130957491695881, 6058678.493061956949532, 0.0 ], [ 526922.505044266581535, 6058687.890012812800705, 0.0 ], [ 526918.847131196409464, 6058697.272963979281485, 0.0 ], [ 526915.157218299806118, 6058706.643915439024568, 0.0 ], [ 526911.434305548667908, 6058716.000867211259902, 0.0 ], [ 526907.678392983973026, 6058725.343819297850132, 0.0 ], [ 526903.905480224639177, 6058734.637771866284311, 0.0 ], [ 526903.905480224639177, 6058734.637771866284311, 0.0 ], [ 526903.890480570495129, 6058734.67477167584002, 0.0 ], [ 526900.070568319410086, 6058743.991724363528192, 0.0 ], [ 526896.217656247317791, 6058753.29567736107856, 0.0 ], [ 526892.332744333893061, 6058762.586630656383932, 0.0 ], [ 526888.414832595735788, 6058771.863584265112877, 0.0 ], [ 526884.4649210087955, 6058781.12753817345947, 0.0 ], [ 526880.483009573072195, 6058790.378492386080325, 0.0 ], [ 526876.468098323792219, 6058799.616446901112795, 0.0 ], [ 526872.420187246054411, 6058808.841401727870107, 0.0 ], [ 526868.340276323258877, 6058818.052356860600412, 0.0 ], [ 526864.228365559130907, 6058827.25031229108572, 0.0 ], [ 526860.083454985171556, 6058836.435268030501902, 0.0 ], [ 526855.905544549226761, 6058845.606224084272981, 0.0 ], [ 526851.696634277701378, 6058854.764180432073772, 0.0 ], [ 526847.453724186867476, 6058863.909137095324695, 0.0 ], [ 526843.178814262151718, 6058873.041094054467976, 0.0 ], [ 526838.871904496103525, 6058882.160051317885518, 0.0 ], [ 526834.530994914472103, 6058891.265008900314569, 0.0 ], [ 526830.159085482358932, 6058900.356966776773334, 0.0 ], [ 526825.75317620486021, 6058909.434924974106252, 0.0 ], [ 526821.315267104655504, 6058918.499883473850787, 0.0 ], [ 526816.845358181744814, 6058927.551842271350324, 0.0 ], [ 526812.310449592769146, 6058936.580801652744412, 0.0 ], [ 526812.310449592769146, 6058936.580801652744412, 0.0 ] ], [ [ 526782.092603411525488, 6058924.251085808500648, 0.0 ], [ 526812.310449592769146, 6058936.580801652744412, 0.0 ] ], [ [ 526782.092603411525488, 6058924.251085808500648, 0.0 ], [ 526773.020784664899111, 6058942.056006522849202, 0.0 ], [ 526768.542875066399574, 6058950.991966259665787, 0.0 ], [ 526764.09796528890729, 6058959.941925682127476, 0.0 ], [ 526759.684055369347334, 6058968.905884800478816, 0.0 ], [ 526755.302145298570395, 6058977.881843627430499, 0.0 ], [ 526750.952235031872988, 6058986.870802155695856, 0.0 ], [ 526746.634324625134468, 6058995.873760375194252, 0.0 ], [ 526742.348414052277803, 6059004.889718294143677, 0.0 ], [ 526738.094503320753574, 6059013.918675910681486, 0.0 ], [ 526733.871592424809933, 6059022.960633235052228, 0.0 ], [ 526729.680681385099888, 6059032.015590257942677, 0.0 ], [ 526725.521770164370537, 6059041.083546981215477, 0.0 ], [ 526721.394858781248331, 6059050.164503404870629, 0.0 ], [ 526717.298947244882584, 6059059.259459525346756, 0.0 ], [ 526713.235035549849272, 6059068.366415350697935, 0.0 ], [ 526709.203123684972525, 6059077.48637087829411, 0.0 ], [ 526705.202211674302816, 6059086.620326101779938, 0.0 ], [ 526701.233299501240253, 6059095.767281029373407, 0.0 ], [ 526697.296387158334255, 6059104.926235661841929, 0.0 ], [ 526693.390474669635296, 6059114.099189990200102, 0.0 ], [ 526689.516562014818192, 6059123.28514401987195, 0.0 ], [ 526685.674649186432362, 6059132.484097748994827, 0.0 ], [ 526682.723716523498297, 6059139.610061747021973, 0.0 ], [ 526681.864736203104258, 6059141.696051179431379, 0.0 ], [ 526678.453814569860697, 6059150.018008911982179, 0.0 ], [ 526678.085823059082031, 6059150.921004312112927, 0.0 ], [ 526674.337909765541553, 6059160.158957153558731, 0.0 ], [ 526670.622996311634779, 6059169.409909685142338, 0.0 ], [ 526666.939082682132721, 6059178.673861925490201, 0.0 ], [ 526663.286168910562992, 6059187.951813864521682, 0.0 ], [ 526659.665254969149828, 6059197.241765508428216, 0.0 ], [ 526656.07634087651968, 6059206.544716853648424, 0.0 ], [ 526652.519426606595516, 6059215.861667889170349, 0.0 ], [ 526648.993512194603682, 6059225.190618639811873, 0.0 ], [ 526645.499597612768412, 6059234.533569081686437, 0.0 ], [ 526642.037682861089706, 6059243.889519221149385, 0.0 ], [ 526638.607767950743437, 6059253.257469068281353, 0.0 ], [ 526635.208852902054787, 6059262.639418615028262, 0.0 ], [ 526631.84193767234683, 6059272.034367860294878, 0.0 ], [ 526628.506022293120623, 6059281.44231681432575, 0.0 ], [ 526625.203106734901667, 6059290.863265458494425, 0.0 ], [ 526621.93119103461504, 6059300.298213802278042, 0.0 ], [ 526618.691275164484978, 6059309.745161850936711, 0.0 ], [ 526615.483359146863222, 6059319.206109592691064, 0.0 ], [ 526612.30744294822216, 6059328.679057043045759, 0.0 ], [ 526609.130526810884476, 6059338.161004429683089, 0.0 ], [ 526609.130526810884476, 6059338.161004429683089, 0.0 ] ], [ [ 526812.310449592769146, 6058936.580801652744412, 0.0 ], [ 526806.175616037100554, 6058955.608694561757147, 0.0 ], [ 526803.045699596405029, 6058965.097641598433256, 0.0 ], [ 526799.883783310651779, 6058974.573588939383626, 0.0 ], [ 526796.690867189317942, 6058984.035536576993763, 0.0 ], [ 526793.464951228350401, 6058993.485484518110752, 0.0 ], [ 526790.207035426050425, 6059002.922432757914066, 0.0 ], [ 526786.91811978071928, 6059012.345381299965084, 0.0 ], [ 526783.597204297780991, 6059021.756330131553113, 0.0 ], [ 526780.244288988411427, 6059031.154279266484082, 0.0 ], [ 526776.859373833984137, 6059040.538228712044656, 0.0 ], [ 526773.442458849400282, 6059049.910178447142243, 0.0 ], [ 526769.993544023483992, 6059059.269128483720124, 0.0 ], [ 526766.513629350811243, 6059068.614078821614385, 0.0 ], [ 526763.00171484798193, 6059077.947029452770948, 0.0 ], [ 526759.457800514996052, 6059087.266980386339128, 0.0 ], [ 526755.882886320352554, 6059096.573931609280407, 0.0 ], [ 526752.274972323328257, 6059105.867883143946528, 0.0 ], [ 526748.637058440595865, 6059115.148834963329136, 0.0 ], [ 526744.966144748032093, 6059124.416787089779973, 0.0 ], [ 526741.263231225311756, 6059133.67173951677978, 0.0 ], [ 526737.52931784465909, 6059142.914692232385278, 0.0 ], [ 526735.662360951304436, 6059147.502668847329915, 0.0 ], [ 526735.662360951304436, 6059147.502668847329915, 0.0 ], [ 526733.764404624700546, 6059152.143645249307156, 0.0 ], [ 526729.96649157628417, 6059161.359598570503294, 0.0 ], [ 526726.137578684836626, 6059170.563552179373801, 0.0 ], [ 526722.276665963232517, 6059179.753506098873913, 0.0 ], [ 526718.38475339114666, 6059188.931460302323103, 0.0 ], [ 526714.460840988904238, 6059198.096414806321263, 0.0 ], [ 526710.504928737878799, 6059207.247369618155062, 0.0 ], [ 526706.517016652971506, 6059216.386324722319841, 0.0 ], [ 526702.498104725033045, 6059225.512280124239624, 0.0 ], [ 526698.447192963212729, 6059234.625235823914409, 0.0 ], [ 526694.364281363785267, 6059243.725191825069487, 0.0 ], [ 526690.250369925051928, 6059252.81214811746031, 0.0 ], [ 526686.103458665311337, 6059261.886104720644653, 0.0 ], [ 526681.925547551363707, 6059270.947061616927385, 0.0 ], [ 526677.716636586934328, 6059279.995018806308508, 0.0 ], [ 526673.474725786596537, 6059289.029976302757859, 0.0 ], [ 526669.201815165579319, 6059298.052934086881578, 0.0 ], [ 526664.895904701203108, 6059307.061892183497548, 0.0 ], [ 526660.558994401246309, 6059316.057850575074553, 0.0 ], [ 526656.190084248781204, 6059325.04080926720053, 0.0 ], [ 526651.790174260735512, 6059334.010768252424896, 0.0 ], [ 526647.357264459133148, 6059342.968727540224791, 0.0 ], [ 526642.85435513406992, 6059351.920687309466302, 0.0 ], [ 526642.85435513406992, 6059351.920687309466302, 0.0 ] ], [ [ 526609.130526810884476, 6059338.161004429683089, 0.0 ], [ 526642.85435513406992, 6059351.920687309466302, 0.0 ] ], [ [ 526609.130526810884476, 6059338.161004429683089, 0.0 ], [ 526600.470706462860107, 6059356.210920680314302, 0.0 ], [ 526596.237795788794756, 6059365.274877899326384, 0.0 ], [ 526592.038884934037924, 6059374.353834788314998, 0.0 ], [ 526587.873973917216063, 6059383.445791366510093, 0.0 ], [ 526583.742062728852034, 6059392.551747627556324, 0.0 ], [ 526579.645151361823082, 6059401.671703562140465, 0.0 ], [ 526575.582239836454391, 6059410.805659175850451, 0.0 ], [ 526571.55332812666893, 6059419.953614472411573, 0.0 ], [ 526567.558416239917278, 6059429.115569445304573, 0.0 ], [ 526563.59650420024991, 6059438.290524112991989, 0.0 ], [ 526559.669591952115297, 6059447.479478451423347, 0.0 ], [ 526555.776679549366236, 6059456.682432469911873, 0.0 ], [ 526551.916766993701458, 6059465.899386174976826, 0.0 ], [ 526548.090854238718748, 6059475.130339559167624, 0.0 ], [ 526544.345940254628658, 6059484.262293191626668, 0.0 ], [ 526544.345940254628658, 6059484.262293191626668, 0.0 ], [ 526544.299941319972277, 6059484.375292615965009, 0.0 ], [ 526540.542028233408928, 6059493.633245365694165, 0.0 ], [ 526536.818114966154099, 6059502.906197789125144, 0.0 ], [ 526533.129201527684927, 6059512.192149889655411, 0.0 ], [ 526529.473287913948298, 6059521.492101679556072, 0.0 ], [ 526525.851374130696058, 6059530.806053144857287, 0.0 ], [ 526522.263460177928209, 6059540.134004292078316, 0.0 ], [ 526518.70954605191946, 6059549.474955125711858, 0.0 ], [ 526515.189631756395102, 6059558.830905631184578, 0.0 ], [ 526511.703717265278101, 6059568.199855824932456, 0.0 ], [ 526508.251802623271942, 6059577.583805685862899, 0.0 ], [ 526504.833887804299593, 6059586.980755235999823, 0.0 ], [ 526501.449972819536924, 6059596.391704467125237, 0.0 ], [ 526498.100057642906904, 6059605.816653377376497, 0.0 ], [ 526494.785142287611961, 6059615.254601966589689, 0.0 ], [ 526491.503226783126593, 6059624.707550237886608, 0.0 ], [ 526488.329310659319162, 6059634.195497558452189, 0.0 ], [ 526488.329310659319162, 6059634.195497558452189, 0.0 ] ], [ [ 526642.85435513406992, 6059351.920687309466302, 0.0 ], [ 526636.357523780316114, 6059370.853583219461143, 0.0 ], [ 526633.041608426719904, 6059380.291531817056239, 0.0 ], [ 526629.691693261265755, 6059389.716480725444853, 0.0 ], [ 526626.306778274476528, 6059399.127429960295558, 0.0 ], [ 526622.888863455504179, 6059408.524379513226449, 0.0 ], [ 526619.43694880604744, 6059417.90732938516885, 0.0 ], [ 526615.951034337282181, 6059427.276279577985406, 0.0 ], [ 526612.430120032280684, 6059436.632230088114738, 0.0 ], [ 526608.876205913722515, 6059445.973180921748281, 0.0 ], [ 526605.288291960954666, 6059455.301132067106664, 0.0 ], [ 526601.666378170251846, 6059464.615083535201848, 0.0 ], [ 526598.011464547365904, 6059473.915035317651927, 0.0 ], [ 526594.321551114320755, 6059483.200987426564097, 0.0 ], [ 526590.597637861967087, 6059492.473939847201109, 0.0 ], [ 526586.885723702609539, 6059501.618893171660602, 0.0 ], [ 526586.885723702609539, 6059501.618893171660602, 0.0 ], [ 526586.839724764227867, 6059501.731892596930265, 0.0 ], [ 526583.048811841756105, 6059510.976845653727651, 0.0 ], [ 526579.222899109125137, 6059520.207799040712416, 0.0 ], [ 526575.363986525684595, 6059529.424752736464143, 0.0 ], [ 526571.471074119210243, 6059538.627706755883992, 0.0 ], [ 526567.543161895126104, 6059547.816661099903286, 0.0 ], [ 526563.582249838858843, 6059556.992615752853453, 0.0 ], [ 526559.587337967008352, 6059566.153570734895766, 0.0 ], [ 526555.558426257222891, 6059575.301526029594243, 0.0 ], [ 526551.495514720678329, 6059584.435481642372906, 0.0 ], [ 526547.398603342473507, 6059593.55543757788837, 0.0 ], [ 526543.266692157834768, 6059602.661393841728568, 0.0 ], [ 526539.101781137287617, 6059611.753350417129695, 0.0 ], [ 526534.902870297431946, 6059620.8323073098436, 0.0 ], [ 526530.669959630817175, 6059629.896264525130391, 0.0 ], [ 526526.402049139142036, 6059638.947222063317895, 0.0 ], [ 526522.07113891094923, 6059647.96318026445806, 0.0 ], [ 526522.07113891094923, 6059647.96318026445806, 0.0 ] ], [ [ 526488.329310659319162, 6059634.195497558452189, 0.0 ], [ 526522.07113891094923, 6059647.96318026445806, 0.0 ] ], [ [ 526488.329310659319162, 6059634.195497558452189, 0.0 ], [ 526479.742489345371723, 6059652.181413840502501, 0.0 ], [ 526475.498578362166882, 6059661.18137161899358, 0.0 ], [ 526471.286667212843895, 6059670.195329087786376, 0.0 ], [ 526467.107755891978741, 6059679.222286247648299, 0.0 ], [ 526462.961844388395548, 6059688.262243105098605, 0.0 ], [ 526458.846932742744684, 6059697.314199673943222, 0.0 ], [ 526454.765020914375782, 6059706.380155927501619, 0.0 ], [ 526450.716108921915293, 6059715.45911187492311, 0.0 ], [ 526446.699196789413691, 6059724.552067514508963, 0.0 ], [ 526442.714284460991621, 6059733.657022860832512, 0.0 ], [ 526438.761371992528439, 6059742.774977908469737, 0.0 ], [ 526434.841459330171347, 6059751.905932648107409, 0.0 ], [ 526430.953546535223722, 6059761.050887078978121, 0.0 ], [ 526427.097633544355631, 6059770.207841217517853, 0.0 ], [ 526423.274720404297113, 6059779.378795040771365, 0.0 ], [ 526419.482807114720345, 6059788.561748579144478, 0.0 ], [ 526416.980864658951759, 6059794.674717510119081, 0.0 ], [ 526415.723893634974957, 6059797.758701801300049, 0.0 ], [ 526413.499945122748613, 6059803.244673786684871, 0.0 ], [ 526411.997979987412691, 6059806.967654728330672, 0.0 ], [ 526408.303066201508045, 6059816.190607349388301, 0.0 ], [ 526404.641152232885361, 6059825.425559671595693, 0.0 ], [ 526401.011238105595112, 6059834.674511686898768, 0.0 ], [ 526397.413323804736137, 6059843.936463401652873, 0.0 ], [ 526393.848409343510866, 6059853.210414817556739, 0.0 ], [ 526390.315494704991579, 6059862.498365924693644, 0.0 ], [ 526386.814579926431179, 6059871.799316730350256, 0.0 ], [ 526383.345664974302053, 6059881.113267238251865, 0.0 ], [ 526379.909749839454889, 6059890.4402174372226, 0.0 ], [ 526376.504834562540054, 6059899.780167344026268, 0.0 ], [ 526373.133919108659029, 6059909.133116934448481, 0.0 ], [ 526369.794003494083881, 6059918.499066233634949, 0.0 ], [ 526366.487087711691856, 6059927.878015224821866, 0.0 ], [ 526363.212171770632267, 6059937.269963916391134, 0.0 ], [ 526359.969255663454533, 6059946.67491230648011, 0.0 ], [ 526356.759339369833469, 6059956.092860388569534, 0.0 ], [ 526353.581422936171293, 6059965.524808164685965, 0.0 ], [ 526350.435506325215101, 6059974.968755648471415, 0.0 ], [ 526347.322589557617903, 6059984.425702824257314, 0.0 ], [ 526344.241672612726688, 6059993.896649693138897, 0.0 ], [ 526342.021741535514593, 6060002.165600352920592, 0.0 ], [ 526342.021741535514593, 6060002.165600352920592, 0.0 ] ], [ [ 526522.07113891094923, 6059647.96318026445806, 0.0 ], [ 526515.758308134973049, 6059667.215072576887906, 0.0 ], [ 526512.534393116831779, 6059676.817019338719547, 0.0 ], [ 526509.277478270232677, 6059686.405966411344707, 0.0 ], [ 526505.987563576549292, 6059695.979913801886141, 0.0 ], [ 526502.663649074733257, 6059705.54186150059104, 0.0 ], [ 526499.305734742432833, 6059715.088809526525438, 0.0 ], [ 526495.914820566773415, 6059724.622757858596742, 0.0 ], [ 526492.490906581282616, 6059734.14370649959892, 0.0 ], [ 526489.033992737531662, 6059743.650655452162027, 0.0 ], [ 526485.54307908192277, 6059753.143604728393257, 0.0 ], [ 526482.019165597856045, 6059762.623554308898747, 0.0 ], [ 526478.462252266705036, 6059772.089504204690456, 0.0 ], [ 526474.871339119970798, 6059781.542454412207007, 0.0 ], [ 526471.247426141053438, 6059790.9814049359411, 0.0 ], [ 526467.590513329952955, 6059800.407355766743422, 0.0 ], [ 526463.899600699543953, 6059809.81930691935122, 0.0 ], [ 526460.176688212901354, 6059819.218258367851377, 0.0 ], [ 526456.419775921851397, 6059828.603210140950978, 0.0 ], [ 526452.629863772541285, 6059837.974162225611508, 0.0 ], [ 526452.50886657461524, 6059838.271160712465644, 0.0 ], [ 526451.282894853502512, 6059841.281145378015935, 0.0 ], [ 526448.805951826274395, 6059847.33211462572217, 0.0 ], [ 526444.949040025472641, 6059856.677067332901061, 0.0 ], [ 526441.060128394514322, 6059866.008020346052945, 0.0 ], [ 526437.137216944247484, 6059875.325973672792315, 0.0 ], [ 526433.180305670946836, 6059884.629927322268486, 0.0 ], [ 526429.191394548863173, 6059893.91988127771765, 0.0 ], [ 526425.168483588844538, 6059903.196835545822978, 0.0 ], [ 526421.112572815269232, 6059912.45979013107717, 0.0 ], [ 526417.022662218660116, 6059921.709745026193559, 0.0 ], [ 526412.900751769542694, 6059930.946700222790241, 0.0 ], [ 526408.744841504842043, 6059940.1696557411924, 0.0 ], [ 526404.555931411683559, 6059949.378611573949456, 0.0 ], [ 526400.333021491765976, 6059958.574567720293999, 0.0 ], [ 526396.078111715614796, 6059967.756524173542857, 0.0 ], [ 526391.788202129304409, 6059976.925480944104493, 0.0 ], [ 526387.466292709112167, 6059986.080438026227057, 0.0 ], [ 526383.110383458435535, 6059995.221395426429808, 0.0 ], [ 526378.721474390476942, 6060004.349353135563433, 0.0 ], [ 526374.298565492033958, 6060013.4643111564219, 0.0 ], [ 526369.039670526981354, 6060023.779265244491398, 0.0 ], [ 526369.039670526981354, 6060023.779265244491398, 0.0 ] ], [ [ 526342.021741535514593, 6060002.165600352920592, 0.0 ], [ 526369.039670526981354, 6060023.779265244491398, 0.0 ] ], [ [ 526342.021741535514593, 6060002.165600352920592, 0.0 ], [ 526326.216925475746393, 6060012.191622888669372, 0.0 ], [ 526317.938023492693901, 6060017.711632639169693, 0.0 ], [ 526309.680121548473835, 6060023.259642046876252, 0.0 ], [ 526301.442219611257315, 6060028.834651121869683, 0.0 ], [ 526293.225317675620317, 6060034.435659864917397, 0.0 ], [ 526285.029415745288134, 6060040.064668262377381, 0.0 ], [ 526276.853513844311237, 6060045.719676336273551, 0.0 ], [ 526268.697611942887306, 6060051.402684069238603, 0.0 ], [ 526260.562710057944059, 6060057.111691470257938, 0.0 ], [ 526252.448808193206787, 6060062.848698523826897, 0.0 ], [ 526244.35490633174777, 6060068.61170525662601, 0.0 ], [ 526236.282004483044147, 6060074.401711649261415, 0.0 ], [ 526228.229102648794651, 6060080.218717709183693, 0.0 ], [ 526220.196200828999281, 6060086.062723437324166, 0.0 ], [ 526212.184299018234015, 6060091.933728827163577, 0.0 ], [ 526204.193397216498852, 6060097.831733878701925, 0.0 ], [ 526196.222495436668396, 6060103.756738596595824, 0.0 ], [ 526188.271593667566776, 6060109.707742990925908, 0.0 ], [ 526180.341691914945841, 6060115.686747038736939, 0.0 ], [ 526176.253742668777704, 6060118.785748996771872, 0.0 ], [ 526172.87078470364213, 6060121.357750561088324, 0.0 ], [ 526172.432790149003267, 6060121.691750756464899, 0.0 ], [ 526164.543888412415981, 6060127.723754141479731, 0.0 ], [ 526156.674986694008112, 6060133.783757186494768, 0.0 ], [ 526148.827084984630346, 6060139.86975990049541, 0.0 ], [ 526141.000183284282684, 6060145.98276227619499, 0.0 ], [ 526133.193281590938568, 6060152.12276431825012, 0.0 ], [ 526125.40637993067503, 6060158.28976603038609, 0.0 ], [ 526117.640478260815144, 6060164.482767409645021, 0.0 ], [ 526109.895576603710651, 6060170.703768445178866, 0.0 ], [ 526102.170674957334995, 6060176.95176914613694, 0.0 ], [ 526094.466773342341185, 6060183.226769507862628, 0.0 ], [ 526086.782871715724468, 6060189.528769540600479, 0.0 ], [ 526079.119970105588436, 6060195.856769241392612, 0.0 ], [ 526071.477068528532982, 6060202.212768599390984, 0.0 ], [ 526063.85516694188118, 6060208.59576762188226, 0.0 ], [ 526056.254265371710062, 6060215.005766306072474, 0.0 ], [ 526048.673363830894232, 6060221.442764655686915, 0.0 ], [ 526041.113462280482054, 6060227.906762667931616, 0.0 ], [ 526033.573560748249292, 6060234.397760348394513, 0.0 ], [ 526026.054659232497215, 6060240.915757690556347, 0.0 ], [ 526018.556757729500532, 6060247.461754683405161, 0.0 ], [ 526011.098856262862682, 6060254.060751023702323, 0.0 ], [ 526011.098856262862682, 6060254.060751023702323, 0.0 ] ], [ [ 526369.039670526981354, 6060023.779265244491398, 0.0 ], [ 526352.975882600992918, 6060037.972257517278194, 0.0 ], [ 526345.331982504576445, 6060044.565255069173872, 0.0 ], [ 526337.667082402855158, 6060051.130252968519926, 0.0 ], [ 526329.981182299554348, 6060057.66825120523572, 0.0 ], [ 526322.274282153695822, 6060064.177249795757234, 0.0 ], [ 526314.546382006257772, 6060070.659248726442456, 0.0 ], [ 526306.7974818572402, 6060077.113248002715409, 0.0 ], [ 526299.027581676840782, 6060083.540247617289424, 0.0 ], [ 526291.236681487411261, 6060089.938247586600482, 0.0 ], [ 526283.424781285226345, 6060096.309247892349958, 0.0 ], [ 526275.591881077736616, 6060102.653248536400497, 0.0 ], [ 526267.737980857491493, 6060108.968249537050724, 0.0 ], [ 526259.863080613315105, 6060115.256250875070691, 0.0 ], [ 526251.967180363833904, 6060121.517252551391721, 0.0 ], [ 526244.050280094146729, 6060127.749254580587149, 0.0 ], [ 526236.113379817456007, 6060133.954256943427026, 0.0 ], [ 526228.154479522258043, 6060140.132259650155902, 0.0 ], [ 526220.175579205155373, 6060146.281262705102563, 0.0 ], [ 526212.174678895622492, 6060152.404266096651554, 0.0 ], [ 526207.781733505427837, 6060155.746268109418452, 0.0 ], [ 526204.594773091375828, 6060158.163269628770649, 0.0 ], [ 526204.153778571635485, 6060158.498269835487008, 0.0 ], [ 526196.110878229141235, 6060164.565273919142783, 0.0 ], [ 526188.047977857291698, 6060170.604278343729675, 0.0 ], [ 526179.963077500462532, 6060176.615283119492233, 0.0 ], [ 526171.858177099376917, 6060182.59928822889924, 0.0 ], [ 526163.732276692986488, 6060188.555293685756624, 0.0 ], [ 526155.585376277565956, 6060194.483299487270415, 0.0 ], [ 526147.416475858539343, 6060200.384305632673204, 0.0 ], [ 526139.227575417608023, 6060206.257312116213143, 0.0 ], [ 526131.017674960196018, 6060212.102318949997425, 0.0 ], [ 526122.7867744974792, 6060217.920326121151447, 0.0 ], [ 526114.534874007105827, 6060223.709333645179868, 0.0 ], [ 526106.260973516851664, 6060229.471341514959931, 0.0 ], [ 526097.967073008418083, 6060235.20534972473979, 0.0 ], [ 526089.652172494679689, 6060240.912358270958066, 0.0 ], [ 526081.315271966159344, 6060246.590367179363966, 0.0 ], [ 526072.958371415734291, 6060252.241376418620348, 0.0 ], [ 526064.579470857977867, 6060257.864386011846364, 0.0 ], [ 526056.180570263415575, 6060263.459395944140851, 0.0 ], [ 526047.759669687598944, 6060269.026406228542328, 0.0 ], [ 526039.317769072949886, 6060274.565416859462857, 0.0 ], [ 526030.83486844599247, 6060280.050428163260221, 0.0 ], [ 526030.83486844599247, 6060280.050428163260221, 0.0 ] ], [ [ 526011.098856262862682, 6060254.060751023702323, 0.0 ], [ 526030.83486844599247, 6060280.050428163260221, 0.0 ] ], [ [ 526011.098856262862682, 6060254.060751023702323, 0.0 ], [ 525994.478051621466875, 6060264.913772356696427, 0.0 ], [ 525986.208149336278439, 6060270.392782366834581, 0.0 ], [ 525977.959247045218945, 6060275.899792029522359, 0.0 ], [ 525969.730344776064157, 6060281.432801369577646, 0.0 ], [ 525961.521442517638206, 6060286.992810376919806, 0.0 ], [ 525953.332540277391672, 6060292.579819051548839, 0.0 ], [ 525945.164638064801693, 6060298.193827387876809, 0.0 ], [ 525937.017735823988914, 6060303.833835392259061, 0.0 ], [ 525928.889833621680737, 6060309.50084307231009, 0.0 ], [ 525920.782931428402662, 6060315.194850411266088, 0.0 ], [ 525912.696029253304005, 6060320.915857422165573, 0.0 ], [ 525904.63012708351016, 6060326.662864098325372, 0.0 ], [ 525896.584224935621023, 6060332.437870437279344, 0.0 ], [ 525888.55832277983427, 6060338.237876457162201, 0.0 ], [ 525880.552420653402805, 6060344.065882137976587, 0.0 ], [ 525872.567518532276154, 6060349.9198874887079, 0.0 ], [ 525864.602616425603628, 6060355.800892507657409, 0.0 ], [ 525856.657714329659939, 6060361.707897199317813, 0.0 ], [ 525848.732812255620956, 6060367.64290155377239, 0.0 ], [ 525840.828910190612078, 6060373.603905575349927, 0.0 ], [ 525836.963958166539669, 6060376.533907427452505, 0.0 ], [ 525836.963958166539669, 6060376.533907427452505, 0.0 ], [ 525832.945008125156164, 6060379.590909275226295, 0.0 ], [ 525825.081106085330248, 6060385.604912637732923, 0.0 ], [ 525817.237204056233168, 6060391.645915671251714, 0.0 ], [ 525809.414302043616772, 6060397.71391836553812, 0.0 ], [ 525801.611400034278631, 6060403.807920738123357, 0.0 ], [ 525793.828498039394617, 6060409.928922774270177, 0.0 ], [ 525786.066596060991287, 6060416.076924473978579, 0.0 ], [ 525778.323694106191397, 6060422.250925856642425, 0.0 ], [ 525770.601792152971029, 6060428.451926898211241, 0.0 ], [ 525762.900890193879604, 6060434.679927600547671, 0.0 ], [ 525755.218988262116909, 6060440.933927986770868, 0.0 ], [ 525747.558086343109608, 6060447.214928034693003, 0.0 ], [ 525739.917184449732304, 6060453.522927748970687, 0.0 ], [ 525732.297282546758652, 6060459.857927126809955, 0.0 ], [ 525724.696380671113729, 6060466.218926184810698, 0.0 ], [ 525717.117478795349598, 6060472.606924897991121, 0.0 ], [ 525709.557576939463615, 6060479.02192328684032, 0.0 ], [ 525702.018675100058317, 6060485.463921332731843, 0.0 ], [ 525694.499773275107145, 6060491.932919051498175, 0.0 ], [ 525687.001871462911367, 6060498.427916435524821, 0.0 ], [ 525679.523969653993845, 6060504.949913490563631, 0.0 ], [ 525672.090067803859711, 6060511.520909890532494, 0.0 ], [ 525672.090067803859711, 6060511.520909890532494, 0.0 ] ], [ [ 526030.83486844599247, 6060280.050428163260221, 0.0 ], [ 526015.919064857065678, 6060293.147421611472964, 0.0 ], [ 526008.421163041144609, 6060299.643418988212943, 0.0 ], [ 526000.902261212468147, 6060306.111416712403297, 0.0 ], [ 525993.36335938051343, 6060312.553414761088789, 0.0 ], [ 525985.803457524627447, 6060318.967413157224655, 0.0 ], [ 525978.223555643111467, 6060325.355411877855659, 0.0 ], [ 525970.623653776943684, 6060331.717410920187831, 0.0 ], [ 525963.002751875668764, 6060338.051410311833024, 0.0 ], [ 525955.361849967390299, 6060344.359410026110709, 0.0 ], [ 525947.700948052108288, 6060350.640410074032843, 0.0 ], [ 525940.019046120345592, 6060356.89441046025604, 0.0 ], [ 525932.317144192755222, 6060363.122411169111729, 0.0 ], [ 525924.595242235809565, 6060369.323412214405835, 0.0 ], [ 525916.853340264409781, 6060375.497413587756455, 0.0 ], [ 525909.090438269078732, 6060381.64441530033946, 0.0 ], [ 525901.307536277920008, 6060387.765417339280248, 0.0 ], [ 525893.504634272307158, 6060393.859419707208872, 0.0 ], [ 525885.681732255965471, 6060399.927422403357923, 0.0 ], [ 525877.83783021941781, 6060405.967425445094705, 0.0 ], [ 525869.973928183317184, 6060411.982428803108633, 0.0 ], [ 525866.113976165652275, 6060414.918430576100945, 0.0 ], [ 525866.113976165652275, 6060414.918430576100945, 0.0 ], [ 525862.090026125311852, 6060417.969432500191033, 0.0 ], [ 525854.186124060302973, 6060423.930436523631215, 0.0 ], [ 525846.26122197508812, 6060429.86444088537246, 0.0 ], [ 525838.316319890320301, 6060435.771445577964187, 0.0 ], [ 525830.351417783647776, 6060441.652450595982373, 0.0 ], [ 525822.365515656769276, 6060447.506455952301621, 0.0 ], [ 525814.360613539814949, 6060453.334461627528071, 0.0 ], [ 525806.334711387753487, 6060459.135467640124261, 0.0 ], [ 525798.288809232413769, 6060464.909473985433578, 0.0 ], [ 525790.221907064318657, 6060470.656480669043958, 0.0 ], [ 525782.135004885494709, 6060476.377487678080797, 0.0 ], [ 525774.028102692216635, 6060482.071495017036796, 0.0 ], [ 525765.901200484484434, 6060487.738502691499889, 0.0 ], [ 525757.75329827144742, 6060493.379510695114732, 0.0 ], [ 525749.585396036505699, 6060498.992519037798047, 0.0 ], [ 525741.397493787109852, 6060504.579527708701789, 0.0 ], [ 525733.188591539859772, 6060510.140536707825959, 0.0 ], [ 525724.959689278155565, 6060515.673546045087278, 0.0 ], [ 525716.710786987096071, 6060521.180555710569024, 0.0 ], [ 525708.440884701907635, 6060526.659565720707178, 0.0 ], [ 525700.150982387363911, 6060532.112576055340469, 0.0 ], [ 525691.82608000934124, 6060537.510587030090392, 0.0 ], [ 525691.82608000934124, 6060537.510587030090392, 0.0 ] ], [ [ 525672.090067803859711, 6060511.520909890532494, 0.0 ], [ 525691.82608000934124, 6060537.510587030090392, 0.0 ] ], [ [ 525672.090067803859711, 6060511.520909890532494, 0.0 ], [ 525655.218266628682613, 6060522.617930933833122, 0.0 ], [ 525646.824366066604853, 6060528.221940765157342, 0.0 ], [ 525638.451465517282486, 6060533.853950249962509, 0.0 ], [ 525630.099564995616674, 6060539.513959389179945, 0.0 ], [ 525621.769664466381073, 6060545.200968185439706, 0.0 ], [ 525613.460763949900866, 6060550.916976626031101, 0.0 ], [ 525605.17386344820261, 6060556.660984714515507, 0.0 ], [ 525596.906962968409061, 6060562.432992465794086, 0.0 ], [ 525588.662062495946884, 6060568.232999861240387, 0.0 ], [ 525580.438162043690681, 6060574.060006918385625, 0.0 ], [ 525572.235261593014002, 6060579.916013622656465, 0.0 ], [ 525564.054361160844564, 6060585.800019974820316, 0.0 ], [ 525555.893460746854544, 6060591.71102599427104, 0.0 ], [ 525547.754560340195894, 6060597.650031659752131, 0.0 ], [ 525539.636659942567348, 6060603.618036973290145, 0.0 ], [ 525531.539759572595358, 6060609.613041948527098, 0.0 ], [ 525523.4638592004776, 6060615.636046575382352, 0.0 ], [ 525515.409958850592375, 6060621.687050851993263, 0.0 ], [ 525507.377058491110802, 6060627.765054788440466, 0.0 ], [ 525507.361058697104454, 6060627.778054789640009, 0.0 ], [ 525507.361058697104454, 6060627.778054789640009, 0.0 ], [ 525499.364158187061548, 6060633.872058377601206, 0.0 ], [ 525491.374257862567902, 6060640.007061609998345, 0.0 ], [ 525483.404357552528381, 6060646.169064507819712, 0.0 ], [ 525475.455457273870707, 6060652.359067060984671, 0.0 ], [ 525467.528556998819113, 6060658.578069252893329, 0.0 ], [ 525459.621656745672226, 6060664.824071114882827, 0.0 ], [ 525451.73675649613142, 6060671.098072620108724, 0.0 ], [ 525443.873856242746115, 6060677.400073775090277, 0.0 ], [ 525436.030956014990807, 6060683.729074598290026, 0.0 ], [ 525428.209055814892054, 6060690.087075066752732, 0.0 ], [ 525420.409155618399382, 6060696.473075185902417, 0.0 ], [ 525412.630255438387394, 6060702.887074955739081, 0.0 ], [ 525404.87235526368022, 6060709.328074387274683, 0.0 ], [ 525397.136455111205578, 6060715.798073457553983, 0.0 ], [ 525389.421554964035749, 6060722.295072192326188, 0.0 ], [ 525381.727654825896025, 6060728.821070570498705, 0.0 ], [ 525374.054754704236984, 6060735.374068611301482, 0.0 ], [ 525366.402854606509209, 6060741.956066300161183, 0.0 ], [ 525358.772954516112804, 6060748.566063634119928, 0.0 ], [ 525351.173054605722427, 6060755.240060292184353, 0.0 ], [ 525351.173054605722427, 6060755.240060292184353, 0.0 ] ], [ [ 525691.82608000934124, 6060537.510587030090392, 0.0 ], [ 525676.607279844582081, 6060550.784581028856337, 0.0 ], [ 525668.956379745155573, 6060557.36557871568948, 0.0 ], [ 525661.283479619771242, 6060563.919576751068234, 0.0 ], [ 525653.589579496532679, 6060570.445575130172074, 0.0 ], [ 525645.874679338186979, 6060576.942573862150311, 0.0 ], [ 525638.13777918368578, 6060583.412572941742837, 0.0 ], [ 525630.379879016429186, 6060589.853572372347116, 0.0 ], [ 525622.600978843867779, 6060596.267572144046426, 0.0 ], [ 525614.801078639924526, 6060602.652572268620133, 0.0 ], [ 525606.98017842322588, 6060609.010572731494904, 0.0 ], [ 525599.137278214097023, 6060615.340573546476662, 0.0 ], [ 525591.273377981036901, 6060621.642574707046151, 0.0 ], [ 525583.388477716594934, 6060627.916576214134693, 0.0 ], [ 525575.482577450573444, 6060634.162578066810966, 0.0 ], [ 525567.554677192121744, 6060640.380580275319517, 0.0 ], [ 525559.606776885688305, 6060646.570582820102572, 0.0 ], [ 525551.636876598000526, 6060652.733585712499917, 0.0 ], [ 525543.645976271480322, 6060658.867588956840336, 0.0 ], [ 525535.817073680460453, 6060664.835592456161976, 0.0 ], [ 525535.634075943380594, 6060664.974592540413141, 0.0 ], [ 525535.618076156824827, 6060664.986592548899353, 0.0 ], [ 525527.601175613701344, 6060671.053596468642354, 0.0 ], [ 525519.54627525433898, 6060677.104600751772523, 0.0 ], [ 525511.47137488424778, 6060683.127605373039842, 0.0 ], [ 525503.374474510550499, 6060689.122610347345471, 0.0 ], [ 525495.256574112921953, 6060695.089615669101477, 0.0 ], [ 525487.117673702538013, 6060701.029621329158545, 0.0 ], [ 525478.956773288547993, 6060706.940627346746624, 0.0 ], [ 525470.775872848927975, 6060712.824633699841797, 0.0 ], [ 525462.572972420603037, 6060718.680640404112637, 0.0 ], [ 525454.349071945995092, 6060724.50764745939523, 0.0 ], [ 525446.104171477258205, 6060730.307654858566821, 0.0 ], [ 525437.837270993739367, 6060736.079662607051432, 0.0 ], [ 525429.550370495766401, 6060741.823670694604516, 0.0 ], [ 525421.241469986736774, 6060747.539679135195911, 0.0 ], [ 525412.911569464951754, 6060753.227687924169004, 0.0 ], [ 525404.559668932110071, 6060758.88769706338644, 0.0 ], [ 525396.187768377363682, 6060764.519706541672349, 0.0 ], [ 525387.793867811560631, 6060770.123716373927891, 0.0 ], [ 525379.378967247903347, 6060775.699726553633809, 0.0 ], [ 525370.909066800028086, 6060781.229737428948283, 0.0 ], [ 525370.909066800028086, 6060781.229737428948283, 0.0 ] ], [ [ 525351.173054605722427, 6060755.240060292184353, 0.0 ], [ 525370.909066800028086, 6060781.229737428948283, 0.0 ] ], [ [ 525351.173054605722427, 6060755.240060292184353, 0.0 ], [ 525334.356251772493124, 6060766.14208247885108, 0.0 ], [ 525325.98835039883852, 6060771.647092904895544, 0.0 ], [ 525317.641449008136988, 6060777.178103, 0.0 ], [ 525309.314547643065453, 6060782.736112764105201, 0.0 ], [ 525301.008646305650473, 6060788.322122181765735, 0.0 ], [ 525292.722744956612587, 6060793.934131273068488, 0.0 ], [ 525284.457843642681837, 6060799.574140020646155, 0.0 ], [ 525276.212942320853472, 6060805.240148443728685, 0.0 ], [ 525267.989041022956371, 6060810.934156517498195, 0.0 ], [ 525259.785139743238688, 6060816.654164269566536, 0.0 ], [ 525251.602238461375237, 6060822.402171674184501, 0.0 ], [ 525243.439337212592363, 6060828.176178755238652, 0.0 ], [ 525235.297435954213142, 6060833.978185488842428, 0.0 ], [ 525227.175534717738628, 6060839.806191897951066, 0.0 ], [ 525219.074633490294218, 6060845.66119796782732, 0.0 ], [ 525210.993732281029224, 6060851.544203700497746, 0.0 ], [ 525202.933831080794334, 6060857.453209098428488, 0.0 ], [ 525194.893929895013571, 6060863.38921416644007, 0.0 ], [ 525186.874028734862804, 6060869.352218905463815, 0.0 ], [ 525178.87512756511569, 6060875.342223301529884, 0.0 ], [ 525170.896226417273283, 6060881.35822737403214, 0.0 ], [ 525166.988274931907654, 6060884.321229241788387, 0.0 ], [ 525166.988274931907654, 6060884.321229241788387, 0.0 ], [ 525162.938325278460979, 6060887.402231100015342, 0.0 ], [ 525155.000424169003963, 6060893.473234497010708, 0.0 ], [ 525147.0835230499506, 6060899.570237557403743, 0.0 ], [ 525139.186621949076653, 6060905.695240279659629, 0.0 ], [ 525131.309720873832703, 6060911.846242680214345, 0.0 ], [ 525123.453819796442986, 6060918.024244740605354, 0.0 ], [ 525115.618918724358082, 6060924.229246459901333, 0.0 ], [ 525107.804017689079046, 6060930.462247842922807, 0.0 ], [ 525100.009116649627686, 6060936.721248901449144, 0.0 ], [ 525092.235215626657009, 6060943.007249619811773, 0.0 ], [ 525084.481314614415169, 6060949.320250005461276, 0.0 ], [ 525076.748413633555174, 6060955.660250053741038, 0.0 ], [ 525069.035512629896402, 6060962.026249775663018, 0.0 ], [ 525061.343611657619476, 6060968.420249153859913, 0.0 ], [ 525053.671710710972548, 6060974.841248200275004, 0.0 ], [ 525046.020809754729271, 6060981.289246905595064, 0.0 ], [ 525038.389908824115992, 6060987.76424527913332, 0.0 ], [ 525030.780007902532816, 6060994.266243315301836, 0.0 ], [ 525023.190107010304928, 6061000.795241017825902, 0.0 ], [ 525015.621206097304821, 6061007.351238382048905, 0.0 ], [ 525008.07330521941185, 6061013.935235400684178, 0.0 ], [ 525000.545404348522425, 6061020.545232095755637, 0.0 ], [ 524993.043503686785698, 6061027.220228129066527, 0.0 ], [ 524993.043503686785698, 6061027.220228129066527, 0.0 ] ], [ [ 525370.909066800028086, 6060781.229737428948283, 0.0 ], [ 525355.893265075981617, 6060794.502730159088969, 0.0 ], [ 525348.344364192336798, 6060801.085727193392813, 0.0 ], [ 525340.775463301688433, 6060807.641724559478462, 0.0 ], [ 525333.186562392860651, 6060814.170722254551947, 0.0 ], [ 525325.575661469250917, 6060820.672720295377076, 0.0 ], [ 525317.945760529488325, 6060827.147718663327396, 0.0 ], [ 525310.293859589844942, 6060833.595717377029359, 0.0 ], [ 525302.62295862659812, 6060840.016716415993869, 0.0 ], [ 525294.930057670921087, 6060846.410715798847377, 0.0 ], [ 525287.218156684190035, 6060852.777715507894754, 0.0 ], [ 525279.484255690127611, 6060859.117715561762452, 0.0 ], [ 525271.731354665011168, 6060865.430715941824019, 0.0 ], [ 525263.957453642040491, 6060871.716716661117971, 0.0 ], [ 525256.162552617490292, 6060877.975717717781663, 0.0 ], [ 525248.347651571035385, 6060884.207719108089805, 0.0 ], [ 525240.511750504374504, 6060890.412720834836364, 0.0 ], [ 525232.655849438160658, 6060896.591722888872027, 0.0 ], [ 525224.779948346316814, 6060902.742725281044841, 0.0 ], [ 525216.883047264069319, 6060908.867728003300726, 0.0 ], [ 525208.966146137565374, 6060914.96473106648773, 0.0 ], [ 525201.028245028108358, 6060921.035734460689127, 0.0 ], [ 525197.125293541699648, 6060924.0047362530604, 0.0 ], [ 525197.125293541699648, 6060924.0047362530604, 0.0 ], [ 525193.070343881845474, 6060927.079738187603652, 0.0 ], [ 525185.091442745178938, 6060933.09674225281924, 0.0 ], [ 525177.092541575431824, 6060939.08674664888531, 0.0 ], [ 525169.073640398681164, 6060945.049751379527152, 0.0 ], [ 525161.03373920917511, 6060950.985756447538733, 0.0 ], [ 525152.972838014364243, 6060956.894761851988733, 0.0 ], [ 525144.892936799675226, 6060962.777767578139901, 0.0 ], [ 525136.791035581380129, 6060968.632773655466735, 0.0 ], [ 525128.670134343206882, 6060974.461780049838126, 0.0 ], [ 525120.527233093976974, 6060980.262786800041795, 0.0 ], [ 525112.365331832319498, 6060986.037793865427375, 0.0 ], [ 525104.182430554181337, 6060991.78480127826333, 0.0 ], [ 525095.978529281914234, 6060997.505809022113681, 0.0 ], [ 525087.754627976566553, 6061003.198817105032504, 0.0 ], [ 525079.509726662188768, 6061008.865825518965721, 0.0 ], [ 525071.244825348258018, 6061014.505834265612066, 0.0 ], [ 525062.95992399007082, 6061020.117843352258205, 0.0 ], [ 525054.653022654354572, 6061025.703852774575353, 0.0 ], [ 525046.327121280133724, 6061031.261862533167005, 0.0 ], [ 525037.979219924658537, 6061036.793872627429664, 0.0 ], [ 525029.611318528652191, 6061042.297883059829473, 0.0 ], [ 525021.223417121917009, 6061047.774893825873733, 0.0 ], [ 525012.779515881091356, 6061053.20990526676178, 0.0 ], [ 525012.779515881091356, 6061053.20990526676178, 0.0 ] ], [ [ 524993.043503686785698, 6061027.220228129066527, 0.0 ], [ 525012.779515881091356, 6061053.20990526676178, 0.0 ] ], [ [ 524993.043503686785698, 6061027.220228129066527, 0.0 ], [ 524976.132701024413109, 6061038.03425158187747, 0.0 ], [ 524967.710799816995859, 6061043.501262637786567, 0.0 ], [ 524959.308898638933897, 6061048.997273345477879, 0.0 ], [ 524950.928997460752726, 6061054.520283710211515, 0.0 ], [ 524942.569096297025681, 6061060.070293742232025, 0.0 ], [ 524934.230195160955191, 6061065.648303427733481, 0.0 ], [ 524925.912294030189514, 6061071.254312767647207, 0.0 ], [ 524917.614392917603254, 6061076.887321775779128, 0.0 ], [ 524909.337491806596518, 6061082.547330445609987, 0.0 ], [ 524901.081590715795755, 6061088.235338766127825, 0.0 ], [ 524892.845689631998539, 6061093.950346757657826, 0.0 ], [ 524884.630788575857878, 6061099.693354400806129, 0.0 ], [ 524876.435887541621923, 6061105.463361711241305, 0.0 ], [ 524868.262986496090889, 6061111.26136867236346, 0.0 ], [ 524860.110085491091013, 6061117.086375298909843, 0.0 ], [ 524851.977184478193521, 6061122.938381594605744, 0.0 ], [ 524843.865283492952585, 6061128.818387544713914, 0.0 ], [ 524835.774382513016462, 6061134.725393151864409, 0.0 ], [ 524827.703481562435627, 6061140.65939843095839, 0.0 ], [ 524819.653580605983734, 6061146.621403363533318, 0.0 ], [ 524811.623679671436548, 6061152.610407961532474, 0.0 ], [ 524804.925762519240379, 6061157.639411541633308, 0.0 ], [ 524803.614778753370047, 6061158.626412224024534, 0.0 ], [ 524795.62687785923481, 6061164.670416138134897, 0.0 ], [ 524795.35488124191761, 6061164.877416260540485, 0.0 ], [ 524787.658976957201958, 6061170.741419720463455, 0.0 ], [ 524779.712076086550951, 6061176.839422965422273, 0.0 ], [ 524771.7851752191782, 6061182.965425868518651, 0.0 ], [ 524763.879274372011423, 6061189.118428433313966, 0.0 ], [ 524755.99437353760004, 6061195.299430652521551, 0.0 ], [ 524748.129472728818655, 6061201.507432542741299, 0.0 ], [ 524740.285571910440922, 6061207.742434090003371, 0.0 ], [ 524732.461671117693186, 6061214.004435306414962, 0.0 ], [ 524724.658770345151424, 6061220.294436176307499, 0.0 ], [ 524716.876869574189186, 6061226.611436706967652, 0.0 ], [ 524709.114968828856945, 6061232.956436900421977, 0.0 ], [ 524701.374068092554808, 6061239.328436751849949, 0.0 ], [ 524693.654167365282774, 6061245.727436266839504, 0.0 ], [ 524685.954266671091318, 6061252.154435442760587, 0.0 ], [ 524678.275365989655256, 6061258.609434271231294, 0.0 ], [ 524670.616465292870998, 6061265.090432776138186, 0.0 ], [ 524662.978564634919167, 6061271.600430925376713, 0.0 ], [ 524655.361663982272148, 6061278.136428746394813, 0.0 ], [ 524647.69376439973712, 6061284.781426048837602, 0.0 ], [ 524647.69376439973712, 6061284.781426048837602, 0.0 ] ], [ [ 525012.779515881091356, 6061053.20990526676178, 0.0 ], [ 524997.704714518040419, 6061066.467898482456803, 0.0 ], [ 524990.125813812017441, 6061073.04189577139914, 0.0 ], [ 524982.524913094937801, 6061079.587893416173756, 0.0 ], [ 524974.904012370854616, 6061086.107891383580863, 0.0 ], [ 524967.262111626565456, 6061092.598889702931046, 0.0 ], [ 524959.60021086409688, 6061099.063888349570334, 0.0 ], [ 524951.916310105472803, 6061105.500887347385287, 0.0 ], [ 524944.212409324944019, 6061111.909886685200036, 0.0 ], [ 524936.487508520483971, 6061118.291886359453201, 0.0 ], [ 524928.74160772562027, 6061124.646886374801397, 0.0 ], [ 524920.975706901401281, 6061130.974886721931398, 0.0 ], [ 524913.188806068152189, 6061137.274887414649129, 0.0 ], [ 524905.380905210971832, 6061143.5478884447366, 0.0 ], [ 524897.552004359662533, 6061149.793889816850424, 0.0 ], [ 524889.703103482723236, 6061156.011891527101398, 0.0 ], [ 524881.833202604204416, 6061162.203893567435443, 0.0 ], [ 524873.942301720380783, 6061168.367895954288542, 0.0 ], [ 524866.030400812625885, 6061174.503898689523339, 0.0 ], [ 524858.09849987924099, 6061180.613901746459305, 0.0 ], [ 524850.145598948001862, 6061186.695905150845647, 0.0 ], [ 524846.36664592474699, 6061189.570906882174313, 0.0 ], [ 524846.36664592474699, 6061189.570906882174313, 0.0 ], [ 524842.172697994858027, 6061192.750908887945116, 0.0 ], [ 524834.177797041833401, 6061198.77891296800226, 0.0 ], [ 524826.163896061480045, 6061204.778917383402586, 0.0 ], [ 524818.127995073795319, 6061210.751922141760588, 0.0 ], [ 524810.072094079107046, 6061216.698927227407694, 0.0 ], [ 524801.995193064212799, 6061222.616932664997876, 0.0 ], [ 524793.89729205518961, 6061228.508938434533775, 0.0 ], [ 524785.779390998184681, 6061234.372944542206824, 0.0 ], [ 524777.6404899507761, 6061240.209950990974903, 0.0 ], [ 524769.480588905513287, 6061246.019957775250077, 0.0 ], [ 524761.300687823444605, 6061251.802964894101024, 0.0 ], [ 524753.099786724895239, 6061257.557972360402346, 0.0 ], [ 524744.877885635942221, 6061263.285980162210763, 0.0 ], [ 524736.634984519332647, 6061268.986988303251565, 0.0 ], [ 524728.372083403170109, 6061274.660996776074171, 0.0 ], [ 524720.088182259351015, 6061280.307005597278476, 0.0 ], [ 524711.784281093627214, 6061285.926014749333262, 0.0 ], [ 524703.458379935473204, 6061291.51702425442636, 0.0 ], [ 524695.112478755414486, 6061297.082034081220627, 0.0 ], [ 524686.745577573776245, 6061302.619044258259237, 0.0 ], [ 524678.357676360756159, 6061308.128054778091609, 0.0 ], [ 524669.955774813890457, 6061313.565065940842032, 0.0 ], [ 524669.955774813890457, 6061313.565065940842032, 0.0 ] ], [ [ 524647.69376439973712, 6061284.781426048837602, 0.0 ], [ 524669.955774813890457, 6061313.565065940842032, 0.0 ] ], [ [ 524647.69376439973712, 6061284.781426048837602, 0.0 ], [ 524630.879962425678968, 6061295.820447170175612, 0.0 ], [ 524622.494061753153801, 6061301.418456997722387, 0.0 ], [ 524614.129161115735769, 6061307.044466480612755, 0.0 ], [ 524605.786260467022657, 6061312.698475609533489, 0.0 ], [ 524597.464359853416681, 6061318.381484386511147, 0.0 ], [ 524589.163459241390228, 6061324.091492822393775, 0.0 ], [ 524580.884558640420437, 6061329.829500905238092, 0.0 ], [ 524572.62665805593133, 6061335.595508643426001, 0.0 ], [ 524564.3887575045228, 6061341.389516042545438, 0.0 ], [ 524556.173856936395168, 6061347.210523089393973, 0.0 ], [ 524547.978956382721663, 6061353.060529788956046, 0.0 ], [ 524539.805055860430002, 6061358.938536142930388, 0.0 ], [ 524531.653155334293842, 6061364.843542151153088, 0.0 ], [ 524523.522254828363657, 6061370.776547813788056, 0.0 ], [ 524515.412354335188866, 6061376.738553121685982, 0.0 ], [ 524507.323453862220049, 6061382.72755809314549, 0.0 ], [ 524499.255553394556046, 6061388.744562717154622, 0.0 ], [ 524491.209652941673994, 6061394.789566987194121, 0.0 ], [ 524483.207752209156752, 6061400.843570914119482, 0.0 ], [ 524483.207752209156752, 6061400.843570914119482, 0.0 ], [ 524483.183752503246069, 6061400.861570926383138, 0.0 ], [ 524475.179852079600096, 6061406.962574505247176, 0.0 ], [ 524467.196951664984226, 6061413.090577745810151, 0.0 ], [ 524459.235051274299622, 6061419.247580633498728, 0.0 ], [ 524451.29415088891983, 6061425.431583181023598, 0.0 ], [ 524443.37525050342083, 6061431.643585377372801, 0.0 ], [ 524435.476350143551826, 6061437.883587232790887, 0.0 ], [ 524427.599449798464775, 6061444.151588736101985, 0.0 ], [ 524419.743549458682537, 6061450.44658990111202, 0.0 ], [ 524411.908649139106274, 6061456.770590711385012, 0.0 ], [ 524404.095748823136091, 6061463.12159117963165, 0.0 ], [ 524396.302848532795906, 6061469.501591297797859, 0.0 ], [ 524388.531948246061802, 6061475.908591070212424, 0.0 ], [ 524380.782047979533672, 6061482.344590490683913, 0.0 ], [ 524373.053147733211517, 6061488.807589573785663, 0.0 ], [ 524365.346247471868992, 6061495.298588300123811, 0.0 ], [ 524357.660347256809473, 6061501.818586677312851, 0.0 ], [ 524349.995447028428316, 6061508.365584714338183, 0.0 ], [ 524342.351546827703714, 6061514.940582402981818, 0.0 ], [ 524334.729646634310484, 6061521.544579732231796, 0.0 ], [ 524327.144746601581573, 6061528.216576311737299, 0.0 ], [ 524327.144746601581573, 6061528.216576311737299, 0.0 ] ], [ [ 524669.955774813890457, 6061313.565065940842032, 0.0 ], [ 524654.70897501334548, 6061326.862059937790036, 0.0 ], [ 524647.061074879020452, 6061333.441057623364031, 0.0 ], [ 524639.392174705862999, 6061339.992055653594434, 0.0 ], [ 524631.701274540275335, 6061346.51605402957648, 0.0 ], [ 524623.989374350756407, 6061353.011052759364247, 0.0 ], [ 524616.256474155932665, 6061359.478051837533712, 0.0 ], [ 524608.501573942601681, 6061365.917051264084876, 0.0 ], [ 524600.726673729717731, 6061372.329051026143134, 0.0 ], [ 524592.929773490875959, 6061378.71205114480108, 0.0 ], [ 524585.110873240977526, 6061385.068051612004638, 0.0 ], [ 524577.271972976624966, 6061391.395052422769368, 0.0 ], [ 524569.411072701215744, 6061397.695053581148386, 0.0 ], [ 524561.530172407627106, 6061403.967055079527199, 0.0 ], [ 524553.627272099256516, 6061410.210056938230991, 0.0 ], [ 524545.703371785581112, 6061416.426059136167169, 0.0 ], [ 524537.757471472024918, 6061422.614061684347689, 0.0 ], [ 524529.791571117937565, 6061428.774064573459327, 0.0 ], [ 524521.803670771420002, 6061434.907067805528641, 0.0 ], [ 524513.914768908172846, 6061440.920071336440742, 0.0 ], [ 524513.794770412147045, 6061441.011071394197643, 0.0 ], [ 524513.714771389961243, 6061441.071071437560022, 0.0 ], [ 524505.764870032668114, 6061447.08707532659173, 0.0 ], [ 524497.713969632983208, 6061453.136079600080848, 0.0 ], [ 524489.641069237142801, 6061459.157084225676954, 0.0 ], [ 524481.548168800771236, 6061465.149089198559523, 0.0 ], [ 524473.433268383145332, 6061471.114094514399767, 0.0 ], [ 524465.297367926687002, 6061477.051100176759064, 0.0 ], [ 524457.140467464923859, 6061482.96010618750006, 0.0 ], [ 524448.961566995829344, 6061488.841112548485398, 0.0 ], [ 524440.761666513979435, 6061494.694119256921113, 0.0 ], [ 524432.5417660176754, 6061500.519126303493977, 0.0 ], [ 524424.298865508288145, 6061506.317133702337742, 0.0 ], [ 524416.035964988172054, 6061512.086141451261938, 0.0 ], [ 524407.751064442098141, 6061517.827149549499154, 0.0 ], [ 524399.446163892745972, 6061523.540157987736166, 0.0 ], [ 524391.118263341486454, 6061529.226166778244078, 0.0 ], [ 524382.770362757146358, 6061534.883175915107131, 0.0 ], [ 524374.400462161749601, 6061540.512185405939817, 0.0 ], [ 524366.009561564773321, 6061546.113195242360234, 0.0 ], [ 524357.597660951316357, 6061551.686205424368382, 0.0 ], [ 524349.153760183602571, 6061557.199216268025339, 0.0 ], [ 524349.153760183602571, 6061557.199216268025339, 0.0 ] ], [ [ 524327.144746601581573, 6061528.216576311737299, 0.0 ], [ 524349.153760183602571, 6061557.199216268025339, 0.0 ] ], [ [ 524327.144746601581573, 6061528.216576311737299, 0.0 ], [ 524310.253945242613554, 6061539.263597856275737, 0.0 ], [ 524301.84904458001256, 6061544.838607976213098, 0.0 ], [ 524293.464143957942724, 6061550.441617760807276, 0.0 ], [ 524285.101243317127228, 6061556.07262719143182, 0.0 ], [ 524276.758342709392309, 6061561.731636282987893, 0.0 ], [ 524268.437442105263472, 6061567.417645028792322, 0.0 ], [ 524260.137541513890028, 6061573.13165342900902, 0.0 ], [ 524251.858640935271978, 6061578.873661480844021, 0.0 ], [ 524243.600740384310484, 6061584.643669189885259, 0.0 ], [ 524235.363839834928513, 6061590.440676559694111, 0.0 ], [ 524227.147939287126064, 6061596.265683581121266, 0.0 ], [ 524218.953038763254881, 6061602.118690258823335, 0.0 ], [ 524210.779138263314962, 6061607.999696590006351, 0.0 ], [ 524202.626237772405148, 6061613.90770258102566, 0.0 ], [ 524194.494337279349566, 6061619.843708226457238, 0.0 ], [ 524186.384436801075935, 6061625.806713527999818, 0.0 ], [ 524178.294536348432302, 6061631.797718490473926, 0.0 ], [ 524170.225635897368193, 6061637.816723103635013, 0.0 ], [ 524162.177735466510057, 6061643.863727373071015, 0.0 ], [ 524154.259833704680204, 6061649.855731245130301, 0.0 ], [ 524154.259833704680204, 6061649.855731245130301, 0.0 ], [ 524154.151835046708584, 6061649.937731297686696, 0.0 ], [ 524146.145934641361237, 6061656.039734882302582, 0.0 ], [ 524138.161034245043993, 6061662.168738125823438, 0.0 ], [ 524130.197133861482143, 6061668.325741024687886, 0.0 ], [ 524122.254233498126268, 6061674.510743577964604, 0.0 ], [ 524114.333333153277636, 6061680.723745779134333, 0.0 ], [ 524106.432432804256678, 6061686.96374764572829, 0.0 ], [ 524098.552532475441694, 6061693.23074917588383, 0.0 ], [ 524090.693632159382105, 6061699.526750353164971, 0.0 ], [ 524082.856731854379177, 6061705.849751183763146, 0.0 ], [ 524075.039831563830376, 6061712.20075167529285, 0.0 ], [ 524067.243931286036968, 6061718.578751827590168, 0.0 ], [ 524059.470031023025513, 6061724.985751619562507, 0.0 ], [ 524051.716130767017603, 6061731.418751087971032, 0.0 ], [ 524043.984230540692806, 6061737.880750197917223, 0.0 ], [ 524036.272330313920975, 6061744.370748966000974, 0.0 ], [ 524028.582430094480515, 6061750.887747388333082, 0.0 ], [ 524020.913529895246029, 6061757.43274546507746, 0.0 ], [ 524013.265629719942808, 6061764.005743194371462, 0.0 ], [ 524005.63872953504324, 6061770.605740588158369, 0.0 ], [ 523998.032829377800226, 6061777.234737628139555, 0.0 ], [ 523990.463929135352373, 6061783.892734211869538, 0.0 ], [ 523990.463929135352373, 6061783.892734211869538, 0.0 ] ], [ [ 524349.153760183602571, 6061557.199216268025339, 0.0 ], [ 524333.983959898352623, 6061570.510209674015641, 0.0 ], [ 524326.357059713453054, 6061577.111207058653235, 0.0 ], [ 524318.709159526973963, 6061583.683204798027873, 0.0 ], [ 524311.03925934061408, 6061590.228202882222831, 0.0 ], [ 524303.34935911744833, 6061596.746201297268271, 0.0 ], [ 524295.638458896428347, 6061603.235200066119432, 0.0 ], [ 524287.905558660626411, 6061609.697199180722237, 0.0 ], [ 524280.15265841782093, 6061616.131198635324836, 0.0 ], [ 524272.377758152782917, 6061622.537198441103101, 0.0 ], [ 524264.581857863813639, 6061628.915198594331741, 0.0 ], [ 524256.764957580715418, 6061635.266199084930122, 0.0 ], [ 524248.928057268261909, 6061641.58919991645962, 0.0 ], [ 524241.069156967103481, 6061647.884201100096107, 0.0 ], [ 524233.189256638288498, 6061654.152202622964978, 0.0 ], [ 524225.28835628926754, 6061660.392204490490258, 0.0 ], [ 524217.366455934941769, 6061666.604206703603268, 0.0 ], [ 524209.423555567860603, 6061672.78920925874263, 0.0 ], [ 524201.459655176848173, 6061678.945212164893746, 0.0 ], [ 524193.4747547917068, 6061685.075215403921902, 0.0 ], [ 524185.57785303145647, 6061691.094218937680125, 0.0 ], [ 524185.57785303145647, 6061691.094218937680125, 0.0 ], [ 524185.469854384660721, 6061691.176218989305198, 0.0 ], [ 524177.442953951656818, 6061697.250222920440137, 0.0 ], [ 524169.395053524523973, 6061703.297227187082171, 0.0 ], [ 524161.326153077185154, 6061709.315231808461249, 0.0 ], [ 524153.23625261709094, 6061715.306236770935357, 0.0 ], [ 524145.125352159142494, 6061721.270242069847882, 0.0 ], [ 524136.993451669812202, 6061727.206247717142105, 0.0 ], [ 524128.840551171451807, 6061733.114253709092736, 0.0 ], [ 524120.666650667786598, 6061738.994260046631098, 0.0 ], [ 524112.471750147640705, 6061744.847266723401845, 0.0 ], [ 524104.255849614739418, 6061750.672273746691644, 0.0 ], [ 524096.018949054181576, 6061756.469281112775207, 0.0 ], [ 524087.761048495769501, 6061762.239288822747767, 0.0 ], [ 524079.482147917151451, 6061767.981296876445413, 0.0 ], [ 524071.182247336953878, 6061773.695305274799466, 0.0 ], [ 524062.861346729099751, 6061779.38131402246654, 0.0 ], [ 524054.518446121364832, 6061785.040323114022613, 0.0 ], [ 524046.155545491725206, 6061790.671332544647157, 0.0 ], [ 524037.7706448584795, 6061796.27434232737869, 0.0 ], [ 524029.365744184702635, 6061801.849352450110018, 0.0 ], [ 524020.93884351849556, 6061807.396362925879657, 0.0 ], [ 524012.480942711234093, 6061812.883374054916203, 0.0 ], [ 524012.480942711234093, 6061812.883374054916203, 0.0 ] ], [ [ 523990.463929135352373, 6061783.892734211869538, 0.0 ], [ 524012.480942711234093, 6061812.883374054916203, 0.0 ] ], [ [ 523990.463929135352373, 6061783.892734211869538, 0.0 ], [ 523973.92712439969182, 6061794.831754359416664, 0.0 ], [ 523965.706222053617239, 6061800.364763647317886, 0.0 ], [ 523957.506319742649794, 6061805.924772595986724, 0.0 ], [ 523949.32741741836071, 6061811.511781209148467, 0.0 ], [ 523941.168515119701624, 6061817.12578948866576, 0.0 ], [ 523933.030612837523222, 6061822.767797421664, 0.0 ], [ 523924.913710568100214, 6061828.437805009074509, 0.0 ], [ 523916.81780830770731, 6061834.133812264539301, 0.0 ], [ 523908.74290606379509, 6061839.857819176279008, 0.0 ], [ 523900.688003823161125, 6061845.608825754374266, 0.0 ], [ 523892.654101602733135, 6061851.38783198595047, 0.0 ], [ 523884.641199395060539, 6061857.193837880156934, 0.0 ], [ 523876.648297198116779, 6061863.026843438856304, 0.0 ], [ 523868.676395017653704, 6061868.886848662979901, 0.0 ], [ 523860.725492849946022, 6061874.7748535387218, 0.0 ], [ 523852.794590707868338, 6061880.689858083613217, 0.0 ], [ 523844.885688543319702, 6061886.631862282752991, 0.0 ], [ 523836.996786426752806, 6061892.60186614189297, 0.0 ], [ 523836.969786752015352, 6061892.621866160072386, 0.0 ], [ 523836.969786752015352, 6061892.621866160072386, 0.0 ], [ 523829.127884317189455, 6061898.598869668319821, 0.0 ], [ 523821.280982196331024, 6061904.622872849926353, 0.0 ], [ 523813.4540800973773, 6061910.673875700682402, 0.0 ], [ 523805.648178022354841, 6061916.752878203988075, 0.0 ], [ 523797.862275958061218, 6061922.858880377374589, 0.0 ], [ 523790.098373897373676, 6061928.991882202215493, 0.0 ], [ 523782.354471862316132, 6061935.151883698068559, 0.0 ], [ 523774.631569821387529, 6061941.339884845539927, 0.0 ], [ 523766.928667809814215, 6061947.554885661229491, 0.0 ], [ 523759.246765822172165, 6061953.79788613319397, 0.0 ], [ 523751.585863821208477, 6061960.067886263132095, 0.0 ], [ 523743.945961840450764, 6061966.364886056631804, 0.0 ], [ 523736.327059868723154, 6061972.688885511830449, 0.0 ], [ 523728.728157926350832, 6061979.040884626097977, 0.0 ], [ 523721.150256000459194, 6061985.420883393846452, 0.0 ], [ 523713.593354064971209, 6061991.82788182143122, 0.0 ], [ 523706.057452164590359, 6061998.261879913508892, 0.0 ], [ 523698.542550254613161, 6062004.722877666354179, 0.0 ], [ 523691.091648317873478, 6062011.258874443359673, 0.0 ], [ 523691.091648317873478, 6062011.258874443359673, 0.0 ] ], [ [ 524012.480942711234093, 6061812.883374054916203, 0.0 ], [ 523997.491138949990273, 6061825.861368880607188, 0.0 ], [ 523989.955237034708261, 6061832.29536697268486, 0.0 ], [ 523982.398335091769695, 6061838.701365408487618, 0.0 ], [ 523974.820433150976896, 6061845.080364185385406, 0.0 ], [ 523967.221531204879284, 6061851.432363300584257, 0.0 ], [ 523959.602629240602255, 6061857.757362746633589, 0.0 ], [ 523951.962727259844542, 6061864.054362539201975, 0.0 ], [ 523944.301825281232595, 6061870.324362671002746, 0.0 ], [ 523936.619923267513514, 6061876.566363147459924, 0.0 ], [ 523928.918021254241467, 6061882.782363951206207, 0.0 ], [ 523921.195119224488735, 6061888.970365099608898, 0.0 ], [ 523913.45121718943119, 6061895.130366593599319, 0.0 ], [ 523905.686315141618252, 6061901.264368417672813, 0.0 ], [ 523897.901413064450026, 6061907.370370584540069, 0.0 ], [ 523890.095510981976986, 6061913.44937308691442, 0.0 ], [ 523882.268608890473843, 6061919.500375938601792, 0.0 ], [ 523874.421706777065992, 6061925.524379121139646, 0.0 ], [ 523866.553804658353329, 6061931.521382641978562, 0.0 ], [ 523866.526804994791746, 6061931.541382658295333, 0.0 ], [ 523866.526804994791746, 6061931.541382658295333, 0.0 ], [ 523858.664902530610561, 6061937.491386500187218, 0.0 ], [ 523850.75500039383769, 6061943.43439069762826, 0.0 ], [ 523842.825098238885403, 6061949.349395235069096, 0.0 ], [ 523834.874196074903011, 6061955.237400111742318, 0.0 ], [ 523826.902293886989355, 6061961.097405335865915, 0.0 ], [ 523818.910391684621572, 6061966.931410881690681, 0.0 ], [ 523810.897489473223686, 6061972.737416774965823, 0.0 ], [ 523802.863587252795696, 6061978.515423014760017, 0.0 ], [ 523794.808685023337603, 6061984.267429585568607, 0.0 ], [ 523786.732782781124115, 6061989.991436501964927, 0.0 ], [ 523778.636880524456501, 6061995.687443756498396, 0.0 ], [ 523770.519978247582912, 6062001.357451344840229, 0.0 ], [ 523762.38207596540451, 6062006.999459278769791, 0.0 ], [ 523754.224173661321402, 6062012.613467552699149, 0.0 ], [ 523746.04527135565877, 6062018.201476156711578, 0.0 ], [ 523737.844369027763605, 6062023.760485121048987, 0.0 ], [ 523729.623466700315475, 6062029.293494409881532, 0.0 ], [ 523721.382564347237349, 6062034.798504038713872, 0.0 ], [ 523713.103661924600601, 6062040.244514357298613, 0.0 ], [ 523713.103661924600601, 6062040.244514357298613, 0.0 ] ], [ [ 523691.091648317873478, 6062011.258874443359673, 0.0 ], [ 523713.103661924600601, 6062040.244514357298613, 0.0 ] ], [ [ 523691.091648317873478, 6062011.258874443359673, 0.0 ], [ 523674.118847664445639, 6062022.314896434545517, 0.0 ], [ 523665.663947351276875, 6062027.885906902141869, 0.0 ], [ 523657.231047052890062, 6062033.483917024917901, 0.0 ], [ 523648.819146763533354, 6062039.109926800243556, 0.0 ], [ 523640.427246510982513, 6062044.763936238363385, 0.0 ], [ 523632.057346243411303, 6062050.445945320650935, 0.0 ], [ 523623.708445996046066, 6062056.154954068362713, 0.0 ], [ 523615.380545765161514, 6062061.891962469555438, 0.0 ], [ 523607.073645543307066, 6062067.655970530584455, 0.0 ], [ 523598.787745330482721, 6062073.447978244163096, 0.0 ], [ 523590.521845158189535, 6062079.26798562053591, 0.0 ], [ 523582.277944963425398, 6062085.114992649294436, 0.0 ], [ 523574.055044792592525, 6062090.989999333396554, 0.0 ], [ 523565.853144641965628, 6062096.893005671910942, 0.0 ], [ 523557.671244513243437, 6062102.823011678643525, 0.0 ], [ 523549.511344384402037, 6062108.781017332337797, 0.0 ], [ 523541.37244425714016, 6062114.766022644937038, 0.0 ], [ 523533.25354415923357, 6062120.779027620330453, 0.0 ], [ 523525.156644068658352, 6062126.820032243616879, 0.0 ], [ 523517.07974399253726, 6062132.888036533258855, 0.0 ], [ 523509.024843938648701, 6062138.984040469862521, 0.0 ], [ 523509.019843988120556, 6062138.988040470518172, 0.0 ], [ 523509.019843988120556, 6062138.988040470518172, 0.0 ], [ 523500.989943888038397, 6062145.107044075615704, 0.0 ], [ 523492.976043842732906, 6062151.258047335781157, 0.0 ], [ 523484.983143832534552, 6062157.437050247564912, 0.0 ], [ 523477.012243803590536, 6062163.643052817322314, 0.0 ], [ 523469.061343800276518, 6062169.876055052503943, 0.0 ], [ 523461.131443817168474, 6062176.138056934811175, 0.0 ], [ 523453.222543843090534, 6062182.426058484241366, 0.0 ], [ 523445.334643885493279, 6062188.743059681728482, 0.0 ], [ 523437.467743940651417, 6062195.087060541845858, 0.0 ], [ 523429.621844004839659, 6062201.459061053581536, 0.0 ], [ 523421.796944081783295, 6062207.858061229810119, 0.0 ], [ 523413.993044171482325, 6062214.285061057657003, 0.0 ], [ 523406.210144277662039, 6062220.740060539916158, 0.0 ], [ 523398.448244389146566, 6062227.222059682011604, 0.0 ], [ 523390.707344532012939, 6062233.73205847851932, 0.0 ], [ 523382.987444669008255, 6062240.270056930370629, 0.0 ], [ 523375.288544833660126, 6062246.836055036634207, 0.0 ], [ 523367.611644994467497, 6062253.429052795283496, 0.0 ], [ 523359.954745173454285, 6062260.050050214864314, 0.0 ], [ 523352.319845370948315, 6062266.699047282338142, 0.0 ], [ 523344.704945586621761, 6062273.376044011674821, 0.0 ], [ 523337.11004600673914, 6062280.1100401757285, 0.0 ], [ 523337.11004600673914, 6062280.1100401757285, 0.0 ] ], [ [ 523713.103661924600601, 6062040.244514357298613, 0.0 ], [ 523697.914862349629402, 6062053.649507166817784, 0.0 ], [ 523690.278962548822165, 6062060.298504238948226, 0.0 ], [ 523682.62306272611022, 6062066.919501652941108, 0.0 ], [ 523674.945162892341614, 6062073.512499419972301, 0.0 ], [ 523667.246263064444065, 6062080.078497524373233, 0.0 ], [ 523659.526363201439381, 6062086.616495973430574, 0.0 ], [ 523651.78646332398057, 6062093.126494765281677, 0.0 ], [ 523644.024563442915678, 6062099.609493901021779, 0.0 ], [ 523636.241663549095392, 6062106.064493385143578, 0.0 ], [ 523628.437763653695583, 6062112.491493211127818, 0.0 ], [ 523620.612863730639219, 6062118.890493386425078, 0.0 ], [ 523612.766963787376881, 6062125.262493898160756, 0.0 ], [ 523604.901063848286867, 6062131.607494743540883, 0.0 ], [ 523597.013163886964321, 6062137.923495947383344, 0.0 ], [ 523589.104263909161091, 6062144.213497484102845, 0.0 ], [ 523581.174363918602467, 6062150.474499373696744, 0.0 ], [ 523573.224463917315006, 6062156.708501596003771, 0.0 ], [ 523565.252563912421465, 6062162.915504163131118, 0.0 ], [ 523557.260663878172636, 6062169.093507075682282, 0.0 ], [ 523549.246763847768307, 6062175.245510328561068, 0.0 ], [ 523541.212863799184561, 6062181.368513927794993, 0.0 ], [ 523541.207863856106997, 6062181.372513927519321, 0.0 ], [ 523541.207863856106997, 6062181.372513927519321, 0.0 ], [ 523533.156963735818863, 6062187.464517870917916, 0.0 ], [ 523525.08106366917491, 6062193.533522146753967, 0.0 ], [ 523516.98416356742382, 6062199.574526770040393, 0.0 ], [ 523508.866263467818499, 6062205.587531737051904, 0.0 ], [ 523500.727363348007202, 6062211.573537047021091, 0.0 ], [ 523492.566463228315115, 6062217.531542705371976, 0.0 ], [ 523484.385563094168901, 6062223.461548706516623, 0.0 ], [ 523476.183662928640842, 6062229.364555043168366, 0.0 ], [ 523467.96076275780797, 6062235.239561726339161, 0.0 ], [ 523459.716862592846155, 6062241.087568748742342, 0.0 ], [ 523451.451962385326624, 6062246.907576117664576, 0.0 ], [ 523443.166062194854021, 6062252.699583834968507, 0.0 ], [ 523434.859161976724863, 6062258.464591886848211, 0.0 ], [ 523426.531261742115021, 6062264.201600286178291, 0.0 ], [ 523418.182361494749784, 6062269.910609033890069, 0.0 ], [ 523409.812461223453283, 6062275.592618117108941, 0.0 ], [ 523401.421560950577259, 6062281.24562755599618, 0.0 ], [ 523393.008660688996315, 6062286.872637329623103, 0.0 ], [ 523384.575760375708342, 6062292.470647453330457, 0.0 ], [ 523376.120860066264868, 6062298.040657931007445, 0.0 ], [ 523367.645959738641977, 6062303.583668736740947, 0.0 ], [ 523359.112059593200684, 6062309.082680252380669, 0.0 ], [ 523359.112059593200684, 6062309.082680252380669, 0.0 ] ], [ [ 523337.11004600673914, 6062280.1100401757285, 0.0 ], [ 523359.112059593200684, 6062309.082680252380669, 0.0 ] ], [ [ 523337.11004600673914, 6062280.1100401757285, 0.0 ], [ 523320.212244842201471, 6062291.176061617210507, 0.0 ], [ 523311.808344278484583, 6062296.769071598537266, 0.0 ], [ 523303.426443729549646, 6062302.390081223100424, 0.0 ], [ 523295.064543202519417, 6062308.038090518675745, 0.0 ], [ 523286.724642686545849, 6062313.714099460281432, 0.0 ], [ 523278.405742164701223, 6062319.418108056299388, 0.0 ], [ 523270.107841685414314, 6062325.151116297580302, 0.0 ], [ 523261.830941207706928, 6062330.910124208778143, 0.0 ], [ 523253.576040726155043, 6062336.698131758719683, 0.0 ], [ 523245.341140285134315, 6062342.514138972386718, 0.0 ], [ 523237.128239840269089, 6062348.357145837508142, 0.0 ], [ 523228.935339409857988, 6062354.228152364492416, 0.0 ], [ 523220.76443899795413, 6062360.12715853843838, 0.0 ], [ 523212.614538583904505, 6062366.053164373151958, 0.0 ], [ 523204.485638208687305, 6062372.008169854059815, 0.0 ], [ 523196.377737820148468, 6062377.990174997597933, 0.0 ], [ 523188.290837466716766, 6062384.000179792754352, 0.0 ], [ 523180.225937116891146, 6062390.038184238597751, 0.0 ], [ 523172.18103676661849, 6062396.1031883507967, 0.0 ], [ 523168.19608623161912, 6062399.123190266080201, 0.0 ], [ 523168.19608623161912, 6062399.123190266080201, 0.0 ], [ 523164.15713644400239, 6062402.196192116476595, 0.0 ], [ 523156.155236128717661, 6062408.317195530049503, 0.0 ], [ 523148.173335839062929, 6062414.466198604553938, 0.0 ], [ 523140.213435560464859, 6062420.642201332375407, 0.0 ], [ 523132.274535279721022, 6062426.847203707322478, 0.0 ], [ 523124.355635024607182, 6062433.079205749556422, 0.0 ], [ 523116.458734780550003, 6062439.339207439683378, 0.0 ], [ 523108.582834541797638, 6062445.626208791509271, 0.0 ], [ 523100.728934321552515, 6062451.942209783941507, 0.0 ], [ 523092.895034112036228, 6062458.285210443660617, 0.0 ], [ 523085.082133922725916, 6062464.656210755929351, 0.0 ], [ 523077.291233748197556, 6062471.055210716091096, 0.0 ], [ 523069.521333567798138, 6062477.482210329733789, 0.0 ], [ 523061.771433416754007, 6062483.936209612526, 0.0 ], [ 523054.043533280491829, 6062490.419208534061909, 0.0 ], [ 523046.337633136659861, 6062496.929207110777497, 0.0 ], [ 523038.65173302963376, 6062503.468205342069268, 0.0 ], [ 523030.987832922488451, 6062510.034203225746751, 0.0 ], [ 523023.344932831823826, 6062516.628200764767826, 0.0 ], [ 523015.723032757639885, 6062523.25019795820117, 0.0 ], [ 523008.149132777005434, 6062529.946194280870259, 0.0 ], [ 523008.149132777005434, 6062529.946194280870259, 0.0 ] ], [ [ 523359.112059593200684, 6062309.082680252380669, 0.0 ], [ 523343.909259460866451, 6062322.379673973657191, 0.0 ], [ 523336.266359373927116, 6062328.974671504460275, 0.0 ], [ 523328.601459283381701, 6062335.540669396519661, 0.0 ], [ 523320.916559163480997, 6062342.078667627647519, 0.0 ], [ 523313.209659025073051, 6062348.588666210882366, 0.0 ], [ 523305.481758885085583, 6062355.071665133349597, 0.0 ], [ 523297.732858739793301, 6062361.52666440140456, 0.0 ], [ 523289.962958555668592, 6062367.952664023265243, 0.0 ], [ 523282.171058386564255, 6062374.352663983590901, 0.0 ], [ 523274.359158184379339, 6062380.723664290271699, 0.0 ], [ 523266.525257978588343, 6062387.066664949059486, 0.0 ], [ 523258.670357763767242, 6062393.382665947079659, 0.0 ], [ 523250.795457534492016, 6062399.670667284168303, 0.0 ], [ 523242.898557279258966, 6062405.930668975226581, 0.0 ], [ 523234.980657026171684, 6062412.162671010941267, 0.0 ], [ 523227.041756760329008, 6062418.367673384957016, 0.0 ], [ 523219.080856464803219, 6062424.543676119297743, 0.0 ], [ 523211.099956162273884, 6062430.692679188214242, 0.0 ], [ 523203.098055865615606, 6062436.814682594500482, 0.0 ], [ 523199.119105327874422, 6062439.84168441966176, 0.0 ], [ 523199.119105327874422, 6062439.84168441966176, 0.0 ], [ 523195.074155535548925, 6062442.907686359249055, 0.0 ], [ 523187.030255194753408, 6062448.973690458573401, 0.0 ], [ 523178.964354857802391, 6062455.011694910936058, 0.0 ], [ 523170.878454476594925, 6062461.021699700504541, 0.0 ], [ 523162.770554106682539, 6062467.003704842180014, 0.0 ], [ 523154.64165373146534, 6062472.958710323087871, 0.0 ], [ 523146.491753324866295, 6062478.885716151446104, 0.0 ], [ 523138.320852901786566, 6062484.784722325392067, 0.0 ], [ 523130.128952469676733, 6062490.655728846788406, 0.0 ], [ 523121.916052032262087, 6062496.498735711909831, 0.0 ], [ 523113.681151587516069, 6062502.314742923714221, 0.0 ], [ 523105.425251111388206, 6062508.102750481106341, 0.0 ], [ 523097.149350628256798, 6062513.862758375704288, 0.0 ], [ 523088.851450134068727, 6062519.594766627065837, 0.0 ], [ 523080.532549634575844, 6062525.298775222152472, 0.0 ], [ 523072.192649114876986, 6062530.974784164689481, 0.0 ], [ 523063.830748576670885, 6062536.623793451115489, 0.0 ], [ 523055.447848029434681, 6062542.24380309227854, 0.0 ], [ 523047.04494746029377, 6062547.835813073441386, 0.0 ], [ 523038.619046896696091, 6062553.400823403149843, 0.0 ], [ 523030.147146362811327, 6062558.913834421895444, 0.0 ], [ 523030.147146362811327, 6062558.913834421895444, 0.0 ] ], [ [ 523008.149132777005434, 6062529.946194280870259, 0.0 ], [ 523030.147146362811327, 6062558.913834421895444, 0.0 ] ], [ [ 523008.149132777005434, 6062529.946194280870259, 0.0 ], [ 522991.217332378029823, 6062541.092215326614678, 0.0 ], [ 522982.796432051807642, 6062546.703225273638964, 0.0 ], [ 522974.397531755268574, 6062552.341234877705574, 0.0 ], [ 522966.018631469458342, 6062558.007244140841067, 0.0 ], [ 522957.660731188952923, 6062563.700253065675497, 0.0 ], [ 522949.324830908328295, 6062569.421261638402939, 0.0 ], [ 522941.008930653333664, 6062575.169269877485931, 0.0 ], [ 522932.714030418545008, 6062580.944277780130506, 0.0 ], [ 522924.441130176186562, 6062586.747285331599414, 0.0 ], [ 522916.188229944556952, 6062592.577292545698583, 0.0 ], [ 522907.956329733133316, 6062598.43429942522198, 0.0 ], [ 522899.745429534465075, 6062604.319305956363678, 0.0 ], [ 522891.555529352277517, 6062610.231312150135636, 0.0 ], [ 522883.385629184544086, 6062616.17031801212579, 0.0 ], [ 522875.237729016691446, 6062622.137323521077633, 0.0 ], [ 522867.1108288615942, 6062628.131328691728413, 0.0 ], [ 522859.003928709775209, 6062634.152333530597389, 0.0 ], [ 522850.918028589338064, 6062640.200338030233979, 0.0 ], [ 522842.853128463029861, 6062646.276342182420194, 0.0 ], [ 522837.824190881103277, 6062650.086344610899687, 0.0 ], [ 522834.809228368103504, 6062652.379345998167992, 0.0 ], [ 522828.877302192151546, 6062656.907348601147532, 0.0 ], [ 522826.786328256130219, 6062658.509349473752081, 0.0 ], [ 522818.784428168088198, 6062664.666352611966431, 0.0 ], [ 522810.802528113126755, 6062670.851355409249663, 0.0 ], [ 522802.84262803196907, 6062677.062357871793211, 0.0 ], [ 522794.902727983891964, 6062683.30135999340564, 0.0 ], [ 522786.983827952295542, 6062689.568361767567694, 0.0 ], [ 522779.085927933454514, 6062695.861363211646676, 0.0 ], [ 522771.209027908742428, 6062702.18236430734396, 0.0 ], [ 522763.352127905935049, 6062708.530365074984729, 0.0 ], [ 522755.517227914184332, 6062714.906365487724543, 0.0 ], [ 522747.702327936887741, 6062721.308365576900542, 0.0 ], [ 522739.909427959471941, 6062727.738365312106907, 0.0 ], [ 522732.136528011411428, 6062734.195364717394114, 0.0 ], [ 522724.384628061205149, 6062740.680363772436976, 0.0 ], [ 522716.653728120028973, 6062747.191362497396767, 0.0 ], [ 522708.943828202784061, 6062753.731360872276127, 0.0 ], [ 522701.254928287118673, 6062760.297358914278448, 0.0 ], [ 522693.586028404533863, 6062766.891356616280973, 0.0 ], [ 522685.939128499478102, 6062773.5123539743945, 0.0 ], [ 522678.313228625804186, 6062780.161350986920297, 0.0 ], [ 522670.707328766584396, 6062786.837347663938999, 0.0 ], [ 522663.123428907245398, 6062793.540343997068703, 0.0 ], [ 522655.560529060661793, 6062800.271339984610677, 0.0 ], [ 522648.017629247158766, 6062807.029335640370846, 0.0 ], [ 522640.524729337543249, 6062813.835330614820123, 0.0 ], [ 522640.524729337543249, 6062813.835330614820123, 0.0 ] ], [ [ 523030.147146362811327, 6062558.913834421895444, 0.0 ], [ 523015.000346720218658, 6062572.357826667837799, 0.0 ], [ 523007.386446878314018, 6062579.026823450811207, 0.0 ], [ 522999.751547023653984, 6062585.667820578441024, 0.0 ], [ 522992.094647157937288, 6062592.280818059109151, 0.0 ], [ 522984.417747274041176, 6062598.866815873421729, 0.0 ], [ 522976.71984738856554, 6062605.424814033322036, 0.0 ], [ 522969.000947486609221, 6062611.955812532454729, 0.0 ], [ 522961.262047551572323, 6062618.459811362437904, 0.0 ], [ 522953.501147620379925, 6062624.935810543596745, 0.0 ], [ 522945.7202476747334, 6062631.383810066618025, 0.0 ], [ 522937.918347708880901, 6062637.804809927940369, 0.0 ], [ 522930.094447743147612, 6062644.198810135945678, 0.0 ], [ 522922.251547750085592, 6062650.564810676500201, 0.0 ], [ 522914.386647753417492, 6062656.9038115600124, 0.0 ], [ 522906.501747757196426, 6062663.215812777169049, 0.0 ], [ 522898.595847729593515, 6062669.499814339913428, 0.0 ], [ 522890.66894768550992, 6062675.756816241890192, 0.0 ], [ 522882.721047643572092, 6062681.986818481236696, 0.0 ], [ 522874.752147581428289, 6062688.188821069896221, 0.0 ], [ 522866.76324750483036, 6062694.363823987543583, 0.0 ], [ 522858.753347411751747, 6062700.510827250778675, 0.0 ], [ 522850.907445035874844, 6062706.491830755956471, 0.0 ], [ 522850.723447322845459, 6062706.631830841302872, 0.0 ], [ 522850.70744751393795, 6062706.642830857075751, 0.0 ], [ 522842.671547204256058, 6062712.724834780208766, 0.0 ], [ 522834.59964707121253, 6062718.789839064702392, 0.0 ], [ 522826.506746932864189, 6062724.827843682840466, 0.0 ], [ 522818.392846792936325, 6062730.838848643004894, 0.0 ], [ 522810.258946619927883, 6062736.822853934019804, 0.0 ], [ 522802.104046437889338, 6062742.778859571553767, 0.0 ], [ 522793.928146250545979, 6062748.707865545526147, 0.0 ], [ 522785.731246054172516, 6062754.60987186152488, 0.0 ], [ 522777.513345837593079, 6062760.483878522180021, 0.0 ], [ 522769.275445610284805, 6062766.330885514616966, 0.0 ], [ 522761.016545381397009, 6062772.150892845354974, 0.0 ], [ 522752.736645128577948, 6062777.942900522612035, 0.0 ], [ 522744.435744848102331, 6062783.706908547319472, 0.0 ], [ 522736.11484457179904, 6062789.444916895590723, 0.0 ], [ 522727.772944275289774, 6062795.154925588518381, 0.0 ], [ 522719.409043978899717, 6062800.836934635415673, 0.0 ], [ 522711.025143649429083, 6062806.49194401409477, 0.0 ], [ 522702.621243316680193, 6062812.119953725486994, 0.0 ], [ 522694.195342972874641, 6062817.719963788986206, 0.0 ], [ 522685.748442623764277, 6062823.292974190786481, 0.0 ], [ 522677.281542249023914, 6062828.837984932586551, 0.0 ], [ 522668.792641878128052, 6062834.354996027424932, 0.0 ], [ 522660.258741531521082, 6062839.82300778105855, 0.0 ], [ 522660.258741531521082, 6062839.82300778105855, 0.0 ] ], [ [ 522640.524729337543249, 6062813.835330614820123, 0.0 ], [ 522660.258741531521082, 6062839.82300778105855, 0.0 ] ], [ [ 522640.524729337543249, 6062813.835330614820123, 0.0 ], [ 522624.063924707472324, 6062824.885349434800446, 0.0 ], [ 522615.876022424548864, 6062830.466358149424195, 0.0 ], [ 522607.709120165556669, 6062836.075366517528892, 0.0 ], [ 522599.564217898994684, 6062841.712374533526599, 0.0 ], [ 522591.440315648913383, 6062847.377382202073932, 0.0 ], [ 522583.337413419038057, 6062853.070389525964856, 0.0 ], [ 522575.255511209368706, 6062858.790396511554718, 0.0 ], [ 522567.195609003305435, 6062864.539403135888278, 0.0 ], [ 522559.15570680052042, 6062870.315409428440034, 0.0 ], [ 522551.137804623693228, 6062876.120415360666811, 0.0 ], [ 522543.140902455896139, 6062881.952420952729881, 0.0 ], [ 522535.165000297129154, 6062887.812426201067865, 0.0 ], [ 522527.210098158568144, 6062893.699431111104786, 0.0 ], [ 522519.276196043938398, 6062899.615435666404665, 0.0 ], [ 522511.363293927162886, 6062905.558439882472157, 0.0 ], [ 522503.657389514148235, 6062911.389443657360971, 0.0 ], [ 522503.472391817718744, 6062911.530443740077317, 0.0 ], [ 522503.458391986787319, 6062911.54044375102967, 0.0 ], [ 522495.602489732205868, 6062917.529447258450091, 0.0 ], [ 522487.752587668597698, 6062923.556450435891747, 0.0 ], [ 522479.924685601145029, 6062929.610453269444406, 0.0 ], [ 522472.117783542722464, 6062935.693455747328699, 0.0 ], [ 522464.331881508231163, 6062941.803457889705896, 0.0 ], [ 522456.567979484796524, 6062947.941459678113461, 0.0 ], [ 522448.824077468365431, 6062954.107461125589907, 0.0 ], [ 522441.10217547044158, 6062960.301462220959365, 0.0 ], [ 522433.401273492723703, 6062966.523462972603738, 0.0 ], [ 522425.720371525734663, 6062972.772463390603662, 0.0 ], [ 522418.061469573527575, 6062979.050463449209929, 0.0 ], [ 522410.424567624926567, 6062985.355463159270585, 0.0 ], [ 522402.807665683329105, 6062991.688462533056736, 0.0 ], [ 522395.212763760238886, 6062998.049461553804576, 0.0 ], [ 522387.637861859053373, 6063004.438460235483944, 0.0 ], [ 522380.084959976375103, 6063010.855458561331034, 0.0 ], [ 522372.581058036535978, 6063017.324456186033785, 0.0 ], [ 522372.581058036535978, 6063017.324456186033785, 0.0 ] ], [ [ 522660.258741531521082, 6062839.82300778105855, 0.0 ], [ 522645.196937754750252, 6062852.713003732264042, 0.0 ], [ 522637.62203585729003, 6062859.10300240572542, 0.0 ], [ 522630.02713393419981, 6062865.464001423679292, 0.0 ], [ 522622.411232002079487, 6062871.797000792808831, 0.0 ], [ 522614.773330058902502, 6062878.103000504896045, 0.0 ], [ 522607.114428099244833, 6062884.380000568926334, 0.0 ], [ 522599.434526134282351, 6062890.630000972189009, 0.0 ], [ 522591.733624145388603, 6062896.851001728326082, 0.0 ], [ 522584.010722149163485, 6062903.045002831146121, 0.0 ], [ 522576.267820131033659, 6062909.211004274897277, 0.0 ], [ 522568.502918116748333, 6062915.349006070755422, 0.0 ], [ 522560.717016093432903, 6062921.460008203051984, 0.0 ], [ 522552.910114038735628, 6062927.542010691016912, 0.0 ], [ 522545.082211971282959, 6062933.597013516351581, 0.0 ], [ 522537.233309883624315, 6062939.62301669549197, 0.0 ], [ 522529.362407799810171, 6062945.622020220384002, 0.0 ], [ 522529.348407991230488, 6062945.63302022498101, 0.0 ], [ 522529.348407991230488, 6062945.63302022498101, 0.0 ], [ 522521.471505701541901, 6062951.594024076126516, 0.0 ], [ 522513.558603588491678, 6062957.537028293125331, 0.0 ], [ 522505.624701458960772, 6062963.452032854780555, 0.0 ], [ 522497.669799316674471, 6062969.340037758462131, 0.0 ], [ 522489.693897176533937, 6062975.200043005868793, 0.0 ], [ 522481.696995008736849, 6062981.032048598863184, 0.0 ], [ 522473.678092822432518, 6062986.836054544895887, 0.0 ], [ 522465.639190621674061, 6062992.612060829997063, 0.0 ], [ 522457.578288421034813, 6062998.361067461781204, 0.0 ], [ 522449.496386207640171, 6063004.081074447371066, 0.0 ], [ 522441.393483970314264, 6063009.77408177126199, 0.0 ], [ 522433.269581723958254, 6063015.439089440740645, 0.0 ], [ 522425.124679461121559, 6063021.076097456738353, 0.0 ], [ 522416.957777194678783, 6063026.685105823911726, 0.0 ], [ 522408.770874906331301, 6063032.266114532016218, 0.0 ], [ 522400.561972610652447, 6063037.819123592227697, 0.0 ], [ 522392.315070223063231, 6063043.31213335134089, 0.0 ], [ 522392.315070223063231, 6063043.31213335134089, 0.0 ] ], [ [ 522372.581058036535978, 6063017.324456186033785, 0.0 ], [ 522392.315070223063231, 6063043.31213335134089, 0.0 ] ], [ [ 522372.581058036535978, 6063017.324456186033785, 0.0 ], [ 522355.607255578041077, 6063028.095480361953378, 0.0 ], [ 522347.154354464262724, 6063033.539491788484156, 0.0 ], [ 522338.720453377813101, 6063039.010502889752388, 0.0 ], [ 522330.307552307844162, 6063044.509513643570244, 0.0 ], [ 522321.915651228278875, 6063050.035524061881006, 0.0 ], [ 522313.543750189244747, 6063055.588534146547318, 0.0 ], [ 522305.192849144339561, 6063061.168543891981244, 0.0 ], [ 522296.861948113888502, 6063066.776553296484053, 0.0 ], [ 522288.552047099918127, 6063072.410562373697758, 0.0 ], [ 522280.262146104127169, 6063078.072571107186377, 0.0 ], [ 522271.992245141416788, 6063083.761579509824514, 0.0 ], [ 522263.74334416911006, 6063089.477587575092912, 0.0 ], [ 522255.515443202108145, 6063095.220595299266279, 0.0 ], [ 522247.307542271912098, 6063100.991602687165141, 0.0 ], [ 522239.119641333818436, 6063106.788609747774899, 0.0 ], [ 522230.952740415930748, 6063112.612616471014917, 0.0 ], [ 522222.805839527398348, 6063118.464622853323817, 0.0 ], [ 522214.678938649594784, 6063124.343628904782236, 0.0 ], [ 522206.573037780821323, 6063130.248634623363614, 0.0 ], [ 522198.487136926501989, 6063136.181640003807843, 0.0 ], [ 522190.422236073762178, 6063142.141645045019686, 0.0 ], [ 522182.377335242927074, 6063148.128649753518403, 0.0 ], [ 522174.352434437721968, 6063154.142654131166637, 0.0 ], [ 522172.292459934949875, 6063155.692655205726624, 0.0 ], [ 522166.348533645272255, 6063160.183658169582486, 0.0 ], [ 522163.320571236312389, 6063162.479659616015851, 0.0 ], [ 522158.364632844924927, 6063166.251661876216531, 0.0 ], [ 522150.401732068508863, 6063172.346665242686868, 0.0 ], [ 522142.458831310272217, 6063178.468668278306723, 0.0 ], [ 522134.535930566489697, 6063184.617670980282128, 0.0 ], [ 522126.63402982801199, 6063190.793673344887793, 0.0 ], [ 522118.752129126340151, 6063196.997675370424986, 0.0 ], [ 522110.890228424221277, 6063203.227677070535719, 0.0 ], [ 522103.049327723681927, 6063209.484678431414068, 0.0 ], [ 522095.229427043348551, 6063215.769679447636008, 0.0 ], [ 522087.428526390343904, 6063222.081680135801435, 0.0 ], [ 522079.649625737220049, 6063228.42068047914654, 0.0 ], [ 522071.889725107699633, 6063234.786680499091744, 0.0 ], [ 522064.15082449093461, 6063241.179680177941918, 0.0 ], [ 522056.432923875749111, 6063247.599679521284997, 0.0 ], [ 522048.73502329364419, 6063254.046678529120982, 0.0 ], [ 522041.057122711092234, 6063260.521677198819816, 0.0 ], [ 522033.40122214704752, 6063267.023675522767007, 0.0 ], [ 522025.764321599155664, 6063273.552673521451652, 0.0 ], [ 522018.148421064019203, 6063280.108671180903912, 0.0 ], [ 522010.553520549088717, 6063286.692668493837118, 0.0 ], [ 522002.978620123118162, 6063293.31766536924988, 0.0 ], [ 522002.978620123118162, 6063293.31766536924988, 0.0 ] ], [ [ 522392.315070223063231, 6063043.31213335134089, 0.0 ], [ 522377.267269205302, 6063056.657125730998814, 0.0 ], [ 522369.702368676662445, 6063063.277122581377625, 0.0 ], [ 522362.116468153893948, 6063069.870119770057499, 0.0 ], [ 522354.510567598044872, 6063076.435117296874523, 0.0 ], [ 522346.883667033165693, 6063082.973115166649222, 0.0 ], [ 522339.236766435205936, 6063089.484113364480436, 0.0 ], [ 522331.568865854293108, 6063095.968111901544034, 0.0 ], [ 522323.880965232849121, 6063102.424110778607428, 0.0 ], [ 522316.171064633876085, 6063108.85410999506712, 0.0 ], [ 522308.442163988947868, 6063115.257109534926713, 0.0 ], [ 522300.692263338714838, 6063121.632109422236681, 0.0 ], [ 522292.921362690627575, 6063127.980109645985067, 0.0 ], [ 522285.130462013185024, 6063134.302110196091235, 0.0 ], [ 522277.318561341613531, 6063140.596111092716455, 0.0 ], [ 522269.485660646110773, 6063146.864112320356071, 0.0 ], [ 522261.633759930729866, 6063153.104113880544901, 0.0 ], [ 522253.759859215468168, 6063159.317115786485374, 0.0 ], [ 522245.865958485752344, 6063165.504118015989661, 0.0 ], [ 522237.952057737857103, 6063171.663120584562421, 0.0 ], [ 522230.017156988382339, 6063177.795123494230211, 0.0 ], [ 522222.062256217002869, 6063183.901126726530492, 0.0 ], [ 522214.201354011893272, 6063189.892130250111222, 0.0 ], [ 522214.201354011893272, 6063189.892130250111222, 0.0 ], [ 522214.086355436593294, 6063189.979130306281149, 0.0 ], [ 522206.090454641729593, 6063196.031134210526943, 0.0 ], [ 522198.073553826659918, 6063202.055138459429145, 0.0 ], [ 522190.035653010010719, 6063208.053143041208386, 0.0 ], [ 522181.978752166032791, 6063214.023147956468165, 0.0 ], [ 522173.899851322174072, 6063219.966153215616941, 0.0 ], [ 522165.800950471311808, 6063225.883158799260855, 0.0 ], [ 522157.682049605995417, 6063231.772164722904563, 0.0 ], [ 522149.54214871302247, 6063237.635170976631343, 0.0 ], [ 522141.382247820496559, 6063243.470177572220564, 0.0 ], [ 522133.201346915215254, 6063249.279184497892857, 0.0 ], [ 522125.000445991754532, 6063255.060191761702299, 0.0 ], [ 522116.778545048087835, 6063260.815199360251427, 0.0 ], [ 522108.535644114017487, 6063266.542207301594317, 0.0 ], [ 522100.27274314314127, 6063272.242215575650334, 0.0 ], [ 522091.989842180162668, 6063277.916224175132811, 0.0 ], [ 522083.685941178351641, 6063283.562233121134341, 0.0 ], [ 522075.361040197312832, 6063289.181242406368256, 0.0 ], [ 522067.016139168292284, 6063294.772252028807998, 0.0 ], [ 522058.650238156318665, 6063300.337261985987425, 0.0 ], [ 522050.2633371129632, 6063305.875272277742624, 0.0 ], [ 522041.856436062604189, 6063311.385282909497619, 0.0 ], [ 522033.428535010665655, 6063316.868293881416321, 0.0 ], [ 522024.977633714675903, 6063322.287305487319827, 0.0 ], [ 522024.977633714675903, 6063322.287305487319827, 0.0 ] ], [ [ 522002.978620123118162, 6063293.31766536924988, 0.0 ], [ 522024.977633714675903, 6063322.287305487319827, 0.0 ] ], [ [ 522002.978620123118162, 6063293.31766536924988, 0.0 ], [ 521986.299817513674498, 6063304.421685145236552, 0.0 ], [ 521978.014916140586138, 6063310.02969426382333, 0.0 ], [ 521969.751014772802591, 6063315.664703040383756, 0.0 ], [ 521961.5081134326756, 6063321.327711472287774, 0.0 ], [ 521953.285212092101574, 6063327.016719578765333, 0.0 ], [ 521945.084310762584209, 6063332.733727335929871, 0.0 ], [ 521936.903409454971552, 6063338.478734750300646, 0.0 ], [ 521928.744508143514395, 6063344.249741829000413, 0.0 ], [ 521920.605606853961945, 6063350.048748567700386, 0.0 ], [ 521912.486705582588911, 6063355.874754974618554, 0.0 ], [ 521904.389804314821959, 6063361.728761026635766, 0.0 ], [ 521896.3139030598104, 6063367.609766742214561, 0.0 ], [ 521888.258001826703548, 6063373.517772124148905, 0.0 ], [ 521880.223100587725639, 6063379.452777166850865, 0.0 ], [ 521872.209199365228415, 6063385.41478187404573, 0.0 ], [ 521864.216298170387745, 6063391.404786234721541, 0.0 ], [ 521856.244396962225437, 6063397.421790255233645, 0.0 ], [ 521853.283433739095926, 6063399.667791664600372, 0.0 ], [ 521848.292495779693127, 6063403.465793943963945, 0.0 ], [ 521847.11751040443778, 6063404.362794457934797, 0.0 ], [ 521840.361594628542662, 6063409.537797284312546, 0.0 ], [ 521832.451693452894688, 6063415.635800297372043, 0.0 ], [ 521824.562792312353849, 6063421.761802962981164, 0.0 ], [ 521816.694891169667244, 6063427.915805282071233, 0.0 ], [ 521808.846990056335926, 6063434.095807276666164, 0.0 ], [ 521801.020088940858841, 6063440.303808926604688, 0.0 ], [ 521793.215187843888998, 6063446.538810229860246, 0.0 ], [ 521785.43028674647212, 6063452.801811194047332, 0.0 ], [ 521777.666385669261217, 6063459.090811825357378, 0.0 ], [ 521769.92248460650444, 6063465.407812118530273, 0.0 ], [ 521762.200583554804325, 6063471.752812059596181, 0.0 ], [ 521754.498682525008917, 6063478.123811675235629, 0.0 ], [ 521746.818781483918428, 6063484.522810939699411, 0.0 ], [ 521739.158880468457937, 6063490.949809863232076, 0.0 ], [ 521731.519979473203421, 6063497.402808453887701, 0.0 ], [ 521723.902078475803137, 6063503.88480669260025, 0.0 ], [ 521716.305177502334118, 6063510.392804600298405, 0.0 ], [ 521708.729276522994041, 6063516.928802164271474, 0.0 ], [ 521701.17437557131052, 6063523.492799378931522, 0.0 ], [ 521693.640474621206522, 6063530.083796256221831, 0.0 ], [ 521686.127573691308498, 6063536.701792796142399, 0.0 ], [ 521678.628673698753119, 6063543.487787959165871, 0.0 ], [ 521678.628673698753119, 6063543.487787959165871, 0.0 ] ], [ [ 522024.977633714675903, 6063322.287305487319827, 0.0 ], [ 522009.943831566721201, 6063335.470299021340907, 0.0 ], [ 522002.382930513471365, 6063342.010296457447112, 0.0 ], [ 521994.800029452890158, 6063348.52229424752295, 0.0 ], [ 521987.197128362953663, 6063355.007292370311916, 0.0 ], [ 521979.574227262288332, 6063361.465290822088718, 0.0 ], [ 521971.929326172918081, 6063367.896289620548487, 0.0 ], [ 521964.264425039291382, 6063374.299288759939373, 0.0 ], [ 521956.577523916959763, 6063380.675288244150579, 0.0 ], [ 521948.870622783899307, 6063387.02428806014359, 0.0 ], [ 521941.143721610307693, 6063393.345288215205073, 0.0 ], [ 521933.394820459187031, 6063399.640288706868887, 0.0 ], [ 521925.6259192712605, 6063405.907289539463818, 0.0 ], [ 521917.836018074303865, 6063412.146290719509125, 0.0 ], [ 521910.025116886943579, 6063418.359292228706181, 0.0 ], [ 521902.193215668201447, 6063424.54429408442229, 0.0 ], [ 521894.341314431279898, 6063430.702296272851527, 0.0 ], [ 521886.468413189053535, 6063436.833298799581826, 0.0 ], [ 521878.57451194152236, 6063442.93730166554451, 0.0 ], [ 521870.660610664635897, 6063449.013304871506989, 0.0 ], [ 521866.13766698166728, 6063452.466306852176785, 0.0 ], [ 521862.725709389895201, 6063455.062308413907886, 0.0 ], [ 521862.556711487472057, 6063455.190308497287333, 0.0 ], [ 521854.76980809867382, 6063461.084312295541167, 0.0 ], [ 521846.792906802147627, 6063467.079316515475512, 0.0 ], [ 521838.795005492866039, 6063473.046321084722877, 0.0 ], [ 521830.777104161679745, 6063478.986325982026756, 0.0 ], [ 521822.738202832639217, 6063484.899331221356988, 0.0 ], [ 521814.678301475942135, 6063490.785336798988283, 0.0 ], [ 521806.597400113940239, 6063496.643342718482018, 0.0 ], [ 521798.496498733758926, 6063502.474348973482847, 0.0 ], [ 521790.374597351998091, 6063508.278355565853417, 0.0 ], [ 521782.2316959425807, 6063514.054362506605685, 0.0 ], [ 521774.067794531583786, 6063519.803369785659015, 0.0 ], [ 521765.882893107831478, 6063525.525377401150763, 0.0 ], [ 521757.676991671323776, 6063531.219385363161564, 0.0 ], [ 521749.451090235263109, 6063536.886393657885492, 0.0 ], [ 521741.204188764095306, 6063542.526402290910482, 0.0 ], [ 521732.935287293046713, 6063548.138411278836429, 0.0 ], [ 521724.646385814994574, 6063553.723420595750213, 0.0 ], [ 521716.33648431673646, 6063559.280430260114372, 0.0 ], [ 521708.005582798272371, 6063564.810440262779593, 0.0 ], [ 521699.668680436909199, 6063570.197451395913959, 0.0 ], [ 521699.668680436909199, 6063570.197451395913959, 0.0 ] ], [ [ 521678.628673698753119, 6063543.487787959165871, 0.0 ], [ 521699.668680436909199, 6063570.197451395913959, 0.0 ] ], [ [ 527892.279127646237612, 6041573.134903981350362, 0.0 ], [ 527845.887583013623953, 6042066.75041763111949, 0.0 ], [ 527805.057406451553106, 6042466.533614471554756, 0.0 ], [ 527755.279848638921976, 6042953.92719701025635, 0.0 ], [ 527713.703723676502705, 6043361.015342625789344, 0.0 ], [ 527670.745694261044264, 6043781.631393391638994, 0.0 ], [ 527624.039924032986164, 6044238.94618683308363, 0.0 ], [ 527582.815774738788605, 6044642.591356589458883, 0.0 ], [ 527533.644175000488758, 6045124.047980758361518, 0.0 ], [ 527392.831227209419012, 6045438.424459202215075, 0.0 ], [ 527197.135469045490026, 6045875.332344601862133, 0.0 ], [ 527024.940201487392187, 6046259.772483945824206, 0.0 ], [ 526829.241443388164043, 6046696.687369309365749, 0.0 ], [ 526661.270084269344807, 6047071.696554298512638, 0.0 ], [ 526467.349287636578083, 6047504.642458871006966, 0.0 ], [ 526403.439152173697948, 6047882.84496583044529, 0.0 ], [ 526342.333890989422798, 6048244.44658222515136, 0.0 ], [ 526280.076681423932314, 6048612.866153674200177, 0.0 ], [ 526233.765757150948048, 6048886.923347136937082, 0.0 ], [ 526163.59990207105875, 6049302.143610084429383, 0.0 ], [ 526253.238933525979519, 6049575.5919543299824, 0.0 ], [ 526380.97740339115262, 6049965.265169793739915, 0.0 ], [ 526533.48815831169486, 6050430.507651319727302, 0.0 ], [ 526668.797714967280626, 6050843.224642870947719, 0.0 ], [ 526782.981028597801924, 6051191.505260252393782, 0.0 ], [ 526889.201250612735748, 6051515.49811353161931, 0.0 ], [ 527030.729878839105368, 6051947.186920825392008, 0.0 ], [ 527171.005492620170116, 6052375.051765255630016, 0.0 ], [ 527311.213105641305447, 6052802.710611690767109, 0.0 ], [ 527291.385998573154211, 6053239.149396079592407, 0.0 ], [ 527271.189945250749588, 6053683.695120744407177, 0.0 ], [ 527256.906029298901558, 6053998.099804266355932, 0.0 ], [ 527234.379316158592701, 6054493.968150787986815, 0.0 ], [ 527216.472928758710623, 6054888.115246779285371, 0.0 ], [ 527198.574540197849274, 6055282.084344082511961, 0.0 ], [ 527176.113817416131496, 6055776.497701324522495, 0.0 ], [ 527157.829485241323709, 6056178.976735925301909, 0.0 ], [ 527135.422754529863596, 6056672.192101997323334, 0.0 ], [ 527117.381386827677488, 6057069.309176105074584, 0.0 ], [ 527095.217620629817247, 6057557.171581617556512, 0.0 ], [ 527076.634331975132227, 6057966.215567853301764, 0.0 ], [ 527062.356415268033743, 6058280.509252187795937, 0.0 ], [ 526964.578668836504221, 6058520.167032170109451, 0.0 ], [ 526797.201526492834091, 6058930.41594373062253, 0.0 ], [ 526627.747432038187981, 6059345.756829367950559, 0.0 ], [ 526506.965215794742107, 6059641.799322315491736, 0.0 ], [ 526355.530706025660038, 6060012.972432798705995, 0.0 ], [ 526020.966862350702286, 6060267.055589593015611, 0.0 ], [ 525681.958073906600475, 6060524.515748460777104, 0.0 ], [ 525361.041060708463192, 6060768.23489885777235, 0.0 ], [ 525002.911509782075882, 6061040.215066698379815, 0.0 ], [ 524659.972770150750875, 6061300.658227420412004, 0.0 ], [ 524339.285754088312387, 6061544.204377697780728, 0.0 ], [ 524002.612936615943909, 6061799.88953547924757, 0.0 ], [ 523703.235655814409256, 6062027.249675788916647, 0.0 ], [ 523349.24405350908637, 6062296.087841683067381, 0.0 ], [ 523020.279140263795853, 6062545.918995853513479, 0.0 ], [ 522650.391735423356295, 6062826.829169197008014, 0.0 ], [ 522382.448064133524895, 6063030.318294768221676, 0.0 ], [ 522015.109627615660429, 6063309.292466919869184, 0.0 ], [ 521689.148677069693804, 6063556.842619678936899, 0.0 ] ], [ [ 547187.406934026628733, 6015856.015532183460891, 0.0 ], [ 547205.557875946164131, 6015868.885319686494768, 0.0 ], [ 547214.009846098721027, 6015874.431224157102406, 0.0 ], [ 547220.932821106165648, 6015878.888146565295756, 0.0 ], [ 547222.509815365076065, 6015879.893128969706595, 0.0 ], [ 547231.058783706277609, 6015885.271034116856754, 0.0 ], [ 547239.655751168727875, 6015890.564939606934786, 0.0 ], [ 547248.300717711448669, 6015895.773845444433391, 0.0 ], [ 547256.995683379471302, 6015900.899751604534686, 0.0 ], [ 547261.549665089696646, 6015903.538702803663909, 0.0 ], [ 547265.738648109138012, 6015905.939658118411899, 0.0 ], [ 547274.529611960053444, 6015910.895564974285662, 0.0 ], [ 547283.370574902743101, 6015915.766472170129418, 0.0 ], [ 547292.260536905378103, 6015920.551379713229835, 0.0 ], [ 547301.200498010963202, 6015925.251287595368922, 0.0 ], [ 547310.189458195120096, 6015929.865195824764669, 0.0 ], [ 547319.227417476475239, 6015934.393104407005012, 0.0 ], [ 547328.31637579575181, 6015938.834013333544135, 0.0 ], [ 547336.094334356486797, 6015941.711942456662655, 0.0 ], [ 547336.094334356486797, 6015941.711942456662655, 0.0 ] ], [ [ 547204.207726318389177, 6015843.416523084975779, 0.0 ], [ 547220.762647684663534, 6015851.068360544741154, 0.0 ], [ 547229.612609371542931, 6015855.751269121654332, 0.0 ], [ 547238.414571929723024, 6015860.516177370212972, 0.0 ], [ 547247.167535375803709, 6015865.362085306085646, 0.0 ], [ 547255.870499718934298, 6015870.288992938585579, 0.0 ], [ 547264.52346495911479, 6015875.298900249414146, 0.0 ], [ 547273.127431087195873, 6015880.389807248488069, 0.0 ], [ 547277.646413594484329, 6015883.108758056536317, 0.0 ], [ 547281.682398103177547, 6015885.562713926658034, 0.0 ], [ 547290.186366036534309, 6015890.818620291538537, 0.0 ], [ 547298.641334861516953, 6015896.156526334583759, 0.0 ], [ 547298.668334774672985, 6015896.174526027403772, 0.0 ], [ 547307.045304596424103, 6015901.577432063408196, 0.0 ], [ 547315.399275217205286, 6015907.081337471492589, 0.0 ], [ 547323.703246779739857, 6015912.669242549687624, 0.0 ], [ 547331.956219222396612, 6015918.340147314593196, 0.0 ], [ 547340.158192597329617, 6015924.095051756128669, 0.0 ], [ 547349.575166132301092, 6015931.354937047697604, 0.0 ], [ 547349.575166132301092, 6015931.354937047697604, 0.0 ] ], [ [ 547187.406934026628733, 6015856.015532183460891, 0.0 ], [ 547204.207726318389177, 6015843.416523084975779, 0.0 ] ], [ [ 547336.094334356486797, 6015941.711942456662655, 0.0 ], [ 547349.575166132301092, 6015931.354937047697604, 0.0 ] ], [ [ 547190.006901882588863, 6015854.065530778840184, 0.0 ], [ 547332.129383832216263, 6015944.757944046519697, 0.0 ] ], [ [ 529365.588292304426432, 6029383.674938404001296, 0.0 ], [ 529352.82550310343504, 6029401.685880725272, 0.0 ], [ 529347.202598199248314, 6029409.974852603860199, 0.0 ], [ 529341.608693178743124, 6029418.280824171379209, 0.0 ], [ 529336.045788045972586, 6029426.604795405641198, 0.0 ], [ 529330.511882767081261, 6029434.944766337051988, 0.0 ], [ 529325.006977401673794, 6029443.301736954599619, 0.0 ], [ 529319.533071883022785, 6029451.676707240752876, 0.0 ], [ 529314.087166264653206, 6029460.067677227780223, 0.0 ], [ 529308.672260519117117, 6029468.476646882481873, 0.0 ], [ 529303.286354653537273, 6029476.901616231538355, 0.0 ], [ 529297.930448673665524, 6029485.344585256651044, 0.0 ], [ 529292.603542577475309, 6029493.804553967900574, 0.0 ], [ 529287.306636348366737, 6029502.280522369779646, 0.0 ], [ 529282.039730004966259, 6029510.774490443989635, 0.0 ], [ 529276.801823548972607, 6029519.285458204336464, 0.0 ], [ 529271.5929169729352, 6029527.812425664626062, 0.0 ], [ 529266.414010275155306, 6029536.357392797246575, 0.0 ], [ 529261.265103451907635, 6029544.918359617702663, 0.0 ], [ 529256.145196527242661, 6029553.497326117008924, 0.0 ], [ 529251.054289471358061, 6029562.092292312532663, 0.0 ], [ 529245.993382290005684, 6029570.705258182249963, 0.0 ], [ 529243.097435589879751, 6029575.6632384294644, 0.0 ], [ 529240.962475001811981, 6029579.334223745390773, 0.0 ], [ 529235.960567582398653, 6029587.981188983656466, 0.0 ], [ 529235.079583916813135, 6029589.509182823821902, 0.0 ], [ 529230.987660046666861, 6029596.644153918139637, 0.0 ], [ 529226.044752392917871, 6029605.324118533171713, 0.0 ], [ 529221.130844622850418, 6029614.021082838065922, 0.0 ], [ 529216.246936738491058, 6029622.736046815291047, 0.0 ], [ 529211.392028734087944, 6029631.467010488733649, 0.0 ], [ 529206.567120607942343, 6029640.214973844587803, 0.0 ], [ 529201.771212358027697, 6029648.979936885647476, 0.0 ], [ 529197.004304010421038, 6029657.761899615637958, 0.0 ], [ 529192.26739551499486, 6029666.560862028971314, 0.0 ], [ 529187.560486923903227, 6029675.376824120990932, 0.0 ], [ 529182.882578186690807, 6029684.208785910159349, 0.0 ], [ 529178.233669348061085, 6029693.058747378177941, 0.0 ], [ 529173.614760391414165, 6029701.925708526745439, 0.0 ], [ 529169.025851309299469, 6029710.809669360518456, 0.0 ], [ 529164.465942114591599, 6029719.710629878565669, 0.0 ], [ 529159.93603278324008, 6029728.62759008910507, 0.0 ], [ 529155.435123350471258, 6029737.562549976631999, 0.0 ], [ 529150.96421380341053, 6029746.514509547501802, 0.0 ], [ 529146.522304121404886, 6029755.483468803577125, 0.0 ], [ 529142.110394321382046, 6029764.469427745789289, 0.0 ], [ 529137.727484416216612, 6029773.472386372275651, 0.0 ], [ 529133.401574034243822, 6029782.470344681292772, 0.0 ], [ 529133.401574034243822, 6029782.470344681292772, 0.0 ] ], [ [ 529391.778313931077719, 6029419.030503327026963, 0.0 ], [ 529384.268474146723747, 6029435.388425305485725, 0.0 ], [ 529379.775564193725586, 6029444.250385702587664, 0.0 ], [ 529375.253654345870018, 6029453.094346419908106, 0.0 ], [ 529370.702744632959366, 6029461.922307440079749, 0.0 ], [ 529366.121835008263588, 6029470.731268797069788, 0.0 ], [ 529361.511925514787436, 6029479.524230455979705, 0.0 ], [ 529356.873016133904457, 6029488.29919243697077, 0.0 ], [ 529352.205106865614653, 6029497.057154728099704, 0.0 ], [ 529347.508197702467442, 6029505.797117340378463, 0.0 ], [ 529342.782288659363985, 6029514.520080263726413, 0.0 ], [ 529338.027379732578993, 6029523.226043501868844, 0.0 ], [ 529333.242470923811197, 6029531.915007056668401, 0.0 ], [ 529328.429562218487263, 6029540.585970925167203, 0.0 ], [ 529323.586653649806976, 6029549.239935113117099, 0.0 ], [ 529318.715745158493519, 6029557.87589961104095, 0.0 ], [ 529313.814836803823709, 6029566.495864423923194, 0.0 ], [ 529308.885928548872471, 6029575.097829548642039, 0.0 ], [ 529303.92702043056488, 6029583.681795, 0.0 ], [ 529300.835077505558729, 6029589.001773706637323, 0.0 ], [ 529298.940112397074699, 6029592.249760750681162, 0.0 ], [ 529293.924204487353563, 6029600.799726820550859, 0.0 ], [ 529288.878296699374914, 6029609.33269320987165, 0.0 ], [ 529286.750335466116667, 6029612.912679176777601, 0.0 ], [ 529283.804389014840126, 6029617.848659901879728, 0.0 ], [ 529278.701481461524963, 6029626.347626909613609, 0.0 ], [ 529273.568574000149965, 6029634.828594244085252, 0.0 ], [ 529268.40766666457057, 6029643.29256188031286, 0.0 ], [ 529263.217759426683187, 6029651.739529831334949, 0.0 ], [ 529257.99885231629014, 6029660.169498095288873, 0.0 ], [ 529252.750945318490267, 6029668.581466677598655, 0.0 ], [ 529247.474038429558277, 6029676.976435573771596, 0.0 ], [ 529242.168131653219461, 6029685.354404780082405, 0.0 ], [ 529236.83322499319911, 6029693.714374307543039, 0.0 ], [ 529231.469318460673094, 6029702.058344138786197, 0.0 ], [ 529226.076412014663219, 6029710.384314292110503, 0.0 ], [ 529220.655505690723658, 6029718.693284748122096, 0.0 ], [ 529215.204599488526583, 6029726.984255533665419, 0.0 ], [ 529209.724693410098553, 6029735.259226623922586, 0.0 ], [ 529204.215787421911955, 6029743.516198029741645, 0.0 ], [ 529198.677881557494402, 6029751.755169757641852, 0.0 ], [ 529193.110975798219442, 6029759.978141790255904, 0.0 ], [ 529187.515070162713528, 6029768.183114144019783, 0.0 ], [ 529181.890164632350206, 6029776.370086816139519, 0.0 ], [ 529176.23625922203064, 6029784.541059795767069, 0.0 ], [ 529170.553353916853666, 6029792.694033090025187, 0.0 ], [ 529164.831448514014482, 6029800.783007123507559, 0.0 ], [ 529164.831448514014482, 6029800.783007123507559, 0.0 ] ], [ [ 529365.588292304426432, 6029383.674938404001296, 0.0 ], [ 529391.778313931077719, 6029419.030503327026963, 0.0 ] ], [ [ 529133.401574034243822, 6029782.470344681292772, 0.0 ], [ 529164.831448514014482, 6029800.783007123507559, 0.0 ] ], [ [ 529133.401574034243822, 6029782.470344681292772, 0.0 ], [ 529122.067765206098557, 6029799.097288616932929, 0.0 ], [ 529116.469860512763262, 6029807.450259848497808, 0.0 ], [ 529110.90195569768548, 6029815.821230755187571, 0.0 ], [ 529105.365050759166479, 6029824.210201328620315, 0.0 ], [ 529099.858145721256733, 6029832.617171576246619, 0.0 ], [ 529094.381240546703339, 6029841.041141506284475, 0.0 ], [ 529088.935335237532854, 6029849.483111103065312, 0.0 ], [ 529083.519429817795753, 6029857.94308037403971, 0.0 ], [ 529078.133524280041456, 6029866.420049326494336, 0.0 ], [ 529072.778618630021811, 6029874.915017946623266, 0.0 ], [ 529067.453712839633226, 6029883.427986240014434, 0.0 ], [ 529062.158806942403316, 6029891.957954213954508, 0.0 ], [ 529056.894900910556316, 6029900.505921857431531, 0.0 ], [ 529051.659994781017303, 6029909.070889187976718, 0.0 ], [ 529046.457088511437178, 6029917.65485617145896, 0.0 ], [ 529041.283182114362717, 6029926.254822850227356, 0.0 ], [ 529036.140275608748198, 6029934.873789189383388, 0.0 ], [ 529031.026368986815214, 6029943.509755218401551, 0.0 ], [ 529025.944462236016989, 6029952.163720903918147, 0.0 ], [ 529023.407508935779333, 6029956.50770359672606, 0.0 ], [ 529023.407508935779333, 6029956.50770359672606, 0.0 ], [ 529020.89155537635088, 6029960.83468628115952, 0.0 ], [ 529015.86964837834239, 6029969.523651325143874, 0.0 ], [ 529010.877741266041994, 6029978.230616042390466, 0.0 ], [ 529005.915834039449692, 6029986.954580442048609, 0.0 ], [ 529000.983926687389612, 6029995.696544514037669, 0.0 ], [ 528996.083019208163023, 6030004.455508260987699, 0.0 ], [ 528991.212111614644527, 6030013.232471683993936, 0.0 ], [ 528986.371203899383545, 6030022.027434780262411, 0.0 ], [ 528981.561296071857214, 6030030.840397541411221, 0.0 ], [ 528976.780388113111258, 6030039.670359993353486, 0.0 ], [ 528972.031480029225349, 6030048.518322105519474, 0.0 ], [ 528967.311571832746267, 6030057.383283906616271, 0.0 ], [ 528962.622663509100676, 6030066.266245372593403, 0.0 ], [ 528957.963755078613758, 6030075.167206513695419, 0.0 ], [ 528953.334846507757902, 6030084.085167336277664, 0.0 ], [ 528948.736937835812569, 6030093.022127819247544, 0.0 ], [ 528944.170029010623693, 6030101.975087985396385, 0.0 ], [ 528939.632120091468096, 6030110.94704782217741, 0.0 ], [ 528935.126211032271385, 6030119.93600732833147, 0.0 ], [ 528930.649301867932081, 6030128.943966508843005, 0.0 ], [ 528926.229392621666193, 6030138.004924924112856, 0.0 ], [ 528926.229392621666193, 6030138.004924924112856, 0.0 ] ], [ [ 529164.831448514014482, 6029800.783007123507559, 0.0 ], [ 529155.940629936754704, 6029818.832924827001989, 0.0 ], [ 529151.434720873832703, 6029827.822884324938059, 0.0 ], [ 529146.897811945527792, 6029836.794844156131148, 0.0 ], [ 529142.330903138965368, 6029845.748804314061999, 0.0 ], [ 529137.732994459569454, 6029854.68476480524987, 0.0 ], [ 529133.105085890740156, 6029863.603725614026189, 0.0 ], [ 529128.447177447378635, 6029872.504686748608947, 0.0 ], [ 529123.758269131183624, 6029881.388648209162056, 0.0 ], [ 529119.039360921829939, 6029890.253610002808273, 0.0 ], [ 529114.289452850818634, 6029899.101572120562196, 0.0 ], [ 529109.509544882923365, 6029907.931534564122558, 0.0 ], [ 529104.699637051671743, 6029916.744497326202691, 0.0 ], [ 529099.859729338437319, 6029925.539460417814553, 0.0 ], [ 529094.988821744918823, 6029934.316423838026822, 0.0 ], [ 529090.087914258241653, 6029943.076387579552829, 0.0 ], [ 529085.156006906181574, 6029951.818351651541889, 0.0 ], [ 529080.194099679589272, 6029960.542316051200032, 0.0 ], [ 529075.202192567288876, 6029969.249280767515302, 0.0 ], [ 529070.180285576730967, 6029977.938245810568333, 0.0 ], [ 529067.651332248002291, 6029982.286228419281542, 0.0 ], [ 529067.651332248002291, 6029982.286228419281542, 0.0 ], [ 529065.127378705888987, 6029986.609211187809706, 0.0 ], [ 529060.044471960514784, 6029995.26317688357085, 0.0 ], [ 529054.931565333157778, 6030003.899142903275788, 0.0 ], [ 529049.788658827543259, 6030012.517109249718487, 0.0 ], [ 529044.614752437919378, 6030021.118075921200216, 0.0 ], [ 529039.410846173763275, 6030029.701042920351028, 0.0 ], [ 529034.175940029323101, 6030038.266010249964893, 0.0 ], [ 529028.911034010350704, 6030046.813977898098528, 0.0 ], [ 529023.616128109395504, 6030055.343945875763893, 0.0 ], [ 529018.291222330182791, 6030063.855914173647761, 0.0 ], [ 529012.935316670686007, 6030072.350882800295949, 0.0 ], [ 529007.549411132931709, 6030080.827851752750576, 0.0 ], [ 529002.132505726069212, 6030089.287821028381586, 0.0 ], [ 528996.686600431799889, 6030097.728790635243058, 0.0 ], [ 528991.208695255219936, 6030106.15276057086885, 0.0 ], [ 528985.701790206134319, 6030114.558730825781822, 0.0 ], [ 528980.162885282188654, 6030122.947701411321759, 0.0 ], [ 528974.594980467110872, 6030131.317672326229513, 0.0 ], [ 528968.9960757791996, 6030139.670643567107618, 0.0 ], [ 528963.366171203553677, 6030148.005615137517452, 0.0 ], [ 528957.668267052620649, 6030156.32258727401495, 0.0 ], [ 528957.668267052620649, 6030156.32258727401495, 0.0 ] ], [ [ 528926.229392621666193, 6030138.004924924112856, 0.0 ], [ 528957.668267052620649, 6030156.32258727401495, 0.0 ] ], [ [ 528926.229392621666193, 6030138.004924924112856, 0.0 ], [ 528914.890583500266075, 6030154.581869276240468, 0.0 ], [ 528909.277678728103638, 6030162.903840839862823, 0.0 ], [ 528903.694773841649294, 6030171.242812084034085, 0.0 ], [ 528898.141868818551302, 6030179.599783004261553, 0.0 ], [ 528892.618963677436113, 6030187.97375360596925, 0.0 ], [ 528887.127058420330286, 6030196.365723874419928, 0.0 ], [ 528881.664153043180704, 6030204.774693831801414, 0.0 ], [ 528876.232247542589903, 6030213.201663454063237, 0.0 ], [ 528870.830341923981905, 6030221.64663275051862, 0.0 ], [ 528865.458436198532581, 6030230.1086017312482, 0.0 ], [ 528860.115530326962471, 6030238.587570398114622, 0.0 ], [ 528854.803624350577593, 6030247.084538730792701, 0.0 ], [ 528849.521718256175518, 6030255.59950674045831, 0.0 ], [ 528844.269812043756247, 6030264.131474428810179, 0.0 ], [ 528839.047905694693327, 6030272.680441800504923, 0.0 ], [ 528833.855999246239662, 6030281.247408845461905, 0.0 ], [ 528828.693092670291662, 6030289.831375579349697, 0.0 ], [ 528823.561185970902443, 6030298.433341979049146, 0.0 ], [ 528818.459279160946608, 6030307.052308061160147, 0.0 ], [ 528813.386372230947018, 6030315.689273823052645, 0.0 ], [ 528810.9094178378582, 6030319.932256908155978, 0.0 ], [ 528810.9094178378582, 6030319.932256908155978, 0.0 ], [ 528808.344465158879757, 6030324.343239259906113, 0.0 ], [ 528803.331557985395193, 6030333.014204384759068, 0.0 ], [ 528798.34965068846941, 6030341.703169177286327, 0.0 ], [ 528793.396743278950453, 6030350.410133650526404, 0.0 ], [ 528788.473835751414299, 6030359.13409780152142, 0.0 ], [ 528783.580928109586239, 6030367.875061638653278, 0.0 ], [ 528778.719020318239927, 6030376.634025141596794, 0.0 ], [ 528773.886112425476313, 6030385.409988331608474, 0.0 ], [ 528769.083204418420792, 6030394.203951195813715, 0.0 ], [ 528764.310296285897493, 6030403.014913742430508, 0.0 ], [ 528759.567388035356998, 6030411.843875962309539, 0.0 ], [ 528754.854479674249887, 6030420.689837862737477, 0.0 ], [ 528750.171571169048548, 6030429.552799446508288, 0.0 ], [ 528745.518662557005882, 6030438.433760705403984, 0.0 ], [ 528740.895753834396601, 6030447.332721633836627, 0.0 ], [ 528736.302844990044832, 6030456.248682243749499, 0.0 ], [ 528731.739936005324125, 6030465.181642538867891, 0.0 ], [ 528727.207026932388544, 6030474.132602507248521, 0.0 ], [ 528722.704117722809315, 6030483.101562147028744, 0.0 ], [ 528718.232208374887705, 6030492.087521462701261, 0.0 ], [ 528713.789298932999372, 6030501.09148046001792, 0.0 ], [ 528709.408389277756214, 6030510.137438745237887, 0.0 ], [ 528709.408389277756214, 6030510.137438745237887, 0.0 ] ], [ [ 528957.668267052620649, 6030156.32258727401495, 0.0 ], [ 528948.844447907060385, 6030174.365504609420896, 0.0 ], [ 528944.373538576066494, 6030183.352463911287487, 0.0 ], [ 528939.871629357337952, 6030192.321423545479774, 0.0 ], [ 528935.339720264077187, 6030201.273383500054479, 0.0 ], [ 528930.777811288833618, 6030210.207343781366944, 0.0 ], [ 528926.185902431607246, 6030219.123304383829236, 0.0 ], [ 528921.562993712723255, 6030228.022265314124525, 0.0 ], [ 528916.911085084080696, 6030236.903226565569639, 0.0 ], [ 528912.228176608681679, 6030245.767188140191138, 0.0 ], [ 528907.515268225222826, 6030254.61315004248172, 0.0 ], [ 528902.773359969258308, 6030263.442112254910171, 0.0 ], [ 528898.00045183673501, 6030272.253074800595641, 0.0 ], [ 528893.197543829679489, 6030281.047037666663527, 0.0 ], [ 528888.364635933190584, 6030289.823000856675208, 0.0 ], [ 528883.502728160470724, 6030298.581964359618723, 0.0 ], [ 528878.609820514917374, 6030307.323928186669946, 0.0 ], [ 528873.686912979930639, 6030316.04689234867692, 0.0 ], [ 528868.734005566686392, 6030324.753856821916997, 0.0 ], [ 528863.751098275184631, 6030333.442821620032191, 0.0 ], [ 528858.739191092550755, 6030342.113786738365889, 0.0 ], [ 528856.268236685544252, 6030346.361769747920334, 0.0 ], [ 528856.268236685544252, 6030346.361769747920334, 0.0 ], [ 528853.696284040808678, 6030350.767752181738615, 0.0 ], [ 528848.623377121984959, 6030359.404717943631113, 0.0 ], [ 528843.521470304578543, 6030368.023684024810791, 0.0 ], [ 528838.388563595712185, 6030376.624650440178812, 0.0 ], [ 528833.226657032966614, 6030385.209617159329355, 0.0 ], [ 528828.03375057131052, 6030393.775584218092263, 0.0 ], [ 528822.811844225972891, 6030402.324551588855684, 0.0 ], [ 528817.558938026428223, 6030410.856519284658134, 0.0 ], [ 528812.277031909674406, 6030419.370487300679088, 0.0 ], [ 528806.964125942438841, 6030427.867455640807748, 0.0 ], [ 528801.62222008779645, 6030436.347424294799566, 0.0 ], [ 528796.249314356595278, 6030444.809393279254436, 0.0 ], [ 528790.847408730536699, 6030453.253362582996488, 0.0 ], [ 528785.415503229945898, 6030461.680332208052278, 0.0 ], [ 528779.952597852796316, 6030470.089302164502442, 0.0 ], [ 528774.459692612290382, 6030478.481272439472377, 0.0 ], [ 528768.9377874545753, 6030486.855243034660816, 0.0 ], [ 528763.384882442653179, 6030495.212213953025639, 0.0 ], [ 528757.801977552473545, 6030503.551185199059546, 0.0 ], [ 528752.189072780311108, 6030511.873156762681901, 0.0 ], [ 528746.546168118715286, 6030520.177128654904664, 0.0 ], [ 528740.838263757526875, 6030528.450101190246642, 0.0 ], [ 528740.838263757526875, 6030528.450101190246642, 0.0 ] ], [ [ 528709.408389277756214, 6030510.137438745237887, 0.0 ], [ 528740.838263757526875, 6030528.450101190246642, 0.0 ] ], [ [ 528709.408389277756214, 6030510.137438745237887, 0.0 ], [ 528698.107579160481691, 6030526.600383729673922, 0.0 ], [ 528692.516673866659403, 6030534.866355583071709, 0.0 ], [ 528686.956768460571766, 6030543.151327098719776, 0.0 ], [ 528681.425862919539213, 6030551.452298308722675, 0.0 ], [ 528675.924957267940044, 6030559.77126919105649, 0.0 ], [ 528670.454051498323679, 6030568.107239757664502, 0.0 ], [ 528665.01214561611414, 6030576.460210011340678, 0.0 ], [ 528659.600239604711533, 6030584.830179946497083, 0.0 ], [ 528654.218333479017019, 6030593.218149551190436, 0.0 ], [ 528648.865427229553461, 6030601.623118848539889, 0.0 ], [ 528643.542520862072706, 6030610.045087826438248, 0.0 ], [ 528638.249614380300045, 6030618.485056476667523, 0.0 ], [ 528632.98570778220892, 6030626.942024818621576, 0.0 ], [ 528627.751801066100597, 6030635.415992839261889, 0.0 ], [ 528622.54689422622323, 6030643.906960546039045, 0.0 ], [ 528617.371987272053957, 6030652.415927928872406, 0.0 ], [ 528612.226080201566219, 6030660.940895005129278, 0.0 ], [ 528607.110173020511866, 6030669.483861757442355, 0.0 ], [ 528602.023265704512596, 6030678.043828195892274, 0.0 ], [ 528596.966358281672001, 6030686.621794307604432, 0.0 ], [ 528591.966450233012438, 6030695.169760294258595, 0.0 ], [ 528591.966450233012438, 6030695.169760294258595, 0.0 ], [ 528591.939450744539499, 6030695.215760111808777, 0.0 ], [ 528586.941543072462082, 6030703.827725592069328, 0.0 ], [ 528581.972635295242071, 6030712.456690762192011, 0.0 ], [ 528577.03472738713026, 6030721.10265560913831, 0.0 ], [ 528572.124819379299879, 6030729.766620140522718, 0.0 ], [ 528567.245911240577698, 6030738.446584354154766, 0.0 ], [ 528562.395002990961075, 6030747.144548254087567, 0.0 ], [ 528557.575094617903233, 6030755.85951182898134, 0.0 ], [ 528552.784186143428087, 6030764.592475085519254, 0.0 ], [ 528548.022277530282736, 6030773.341438038274646, 0.0 ], [ 528543.291368812322617, 6030782.108400657773018, 0.0 ], [ 528538.588459961116314, 6030790.89236296992749, 0.0 ], [ 528533.916551001369953, 6030799.694324949756265, 0.0 ], [ 528529.273641925305128, 6030808.512286625802517, 0.0 ], [ 528524.659732725471258, 6030817.348247981630266, 0.0 ], [ 528520.076823402196169, 6030826.201209012418985, 0.0 ], [ 528515.522913970053196, 6030835.072169724851847, 0.0 ], [ 528510.998004417866468, 6030843.95913013163954, 0.0 ], [ 528506.504094749689102, 6030852.865090196952224, 0.0 ], [ 528502.039184965193272, 6030861.78704996034503, 0.0 ], [ 528497.604275058954954, 6030870.727009397000074, 0.0 ], [ 528493.199365027248859, 6030879.683968513272703, 0.0 ], [ 528488.852454788982868, 6030888.680926959961653, 0.0 ], [ 528488.852454788982868, 6030888.680926959961653, 0.0 ] ], [ [ 528740.838263757526875, 6030528.450101190246642, 0.0 ], [ 528732.091443441808224, 6030546.401018744334579, 0.0 ], [ 528727.656533543020487, 6030555.340978180989623, 0.0 ], [ 528723.191623743623495, 6030564.262937941588461, 0.0 ], [ 528718.696714073419571, 6030573.167898024432361, 0.0 ], [ 528714.172804530709982, 6030582.055858416482806, 0.0 ], [ 528709.618895079940557, 6030590.925819137133658, 0.0 ], [ 528705.034985769540071, 6030599.778780173510313, 0.0 ], [ 528700.421076573431492, 6030608.614741529338062, 0.0 ], [ 528695.778167497366667, 6030617.433703197166324, 0.0 ], [ 528691.105258539319038, 6030626.234665191732347, 0.0 ], [ 528686.403349693864584, 6030635.018627498298883, 0.0 ], [ 528681.671440970152617, 6030643.785590123385191, 0.0 ], [ 528676.909532368183136, 6030652.534553076140583, 0.0 ], [ 528672.118623875081539, 6030661.266516339033842, 0.0 ], [ 528667.2977155148983, 6030669.981479920446873, 0.0 ], [ 528662.447807252407074, 6030678.679443815723062, 0.0 ], [ 528657.567899122834206, 6030687.360408026725054, 0.0 ], [ 528652.658991102129221, 6030696.02337256167084, 0.0 ], [ 528647.719083223491907, 6030704.669337420724332, 0.0 ], [ 528642.751175433397293, 6030713.298302582465112, 0.0 ], [ 528637.780267268419266, 6030721.863268255256116, 0.0 ], [ 528637.780267268419266, 6030721.863268255256116, 0.0 ], [ 528637.753267768770456, 6030721.909268072806299, 0.0 ], [ 528632.725360240787268, 6030730.504233873449266, 0.0 ], [ 528627.667452808469534, 6030739.081199998036027, 0.0 ], [ 528622.580545503646135, 6030747.641166440211236, 0.0 ], [ 528617.464638311415911, 6030756.184133190661669, 0.0 ], [ 528612.318731248378754, 6030764.709100268781185, 0.0 ], [ 528607.142824288457632, 6030773.217067663557827, 0.0 ], [ 528601.937917452305555, 6030781.708035372197628, 0.0 ], [ 528596.703010752797127, 6030790.182003400288522, 0.0 ], [ 528591.43910413980484, 6030798.638971737585962, 0.0 ], [ 528586.145197659730911, 6030807.077940403483808, 0.0 ], [ 528580.82129130885005, 6030815.49990938603878, 0.0 ], [ 528575.468385066837072, 6030823.904878681525588, 0.0 ], [ 528570.085478942841291, 6030832.29184830468148, 0.0 ], [ 528564.672572929412127, 6030840.66181824542582, 0.0 ], [ 528559.230667050927877, 6030849.014788499101996, 0.0 ], [ 528553.758761286735535, 6030857.350759069435298, 0.0 ], [ 528548.256855625659227, 6030865.668729968369007, 0.0 ], [ 528542.725950092077255, 6030873.969701177440584, 0.0 ], [ 528537.165044672787189, 6030882.252672713249922, 0.0 ], [ 528531.574139378964901, 6030890.518644566647708, 0.0 ], [ 528525.953234206885099, 6030898.767616740427911, 0.0 ], [ 528520.275329291820526, 6030906.988589487038553, 0.0 ], [ 528520.275329291820526, 6030906.988589487038553, 0.0 ] ], [ [ 528488.852454788982868, 6030888.680926959961653, 0.0 ], [ 528520.275329291820526, 6030906.988589487038553, 0.0 ] ], [ [ 528488.852454788982868, 6030888.680926959961653, 0.0 ], [ 528477.478645294904709, 6030905.151872342452407, 0.0 ], [ 528471.848740309476852, 6030913.420844417996705, 0.0 ], [ 528466.247835215181112, 6030921.706816181540489, 0.0 ], [ 528460.675930012017488, 6030930.009787634946406, 0.0 ], [ 528455.135024674236774, 6030938.329758762381971, 0.0 ], [ 528449.623119227588177, 6030946.667729571461678, 0.0 ], [ 528444.141213666647673, 6030955.022700059227645, 0.0 ], [ 528438.688307974487543, 6030963.394670235924423, 0.0 ], [ 528433.265402179211378, 6030971.784640084952116, 0.0 ], [ 528427.872496247291565, 6030980.191609619185328, 0.0 ], [ 528422.508590206503868, 6030988.615578837692738, 0.0 ], [ 528417.174684051424265, 6030997.056547740474343, 0.0 ], [ 528411.869777776300907, 6031005.515516320243478, 0.0 ], [ 528406.594871379435062, 6031013.991484582424164, 0.0 ], [ 528401.349964860826731, 6031022.484452526085079, 0.0 ], [ 528396.134058229625225, 6031030.994420157745481, 0.0 ], [ 528390.948151472955942, 6031039.521387471817434, 0.0 ], [ 528385.791244611144066, 6031048.066354467533529, 0.0 ], [ 528380.664337627589703, 6031056.628321141004562, 0.0 ], [ 528375.566430535167456, 6031065.207287503406405, 0.0 ], [ 528370.49852329492569, 6031073.803253547288477, 0.0 ], [ 528365.468615800142288, 6031082.402219330891967, 0.0 ], [ 528365.468615800142288, 6031082.402219330891967, 0.0 ], [ 528365.459615960717201, 6031082.417219271883368, 0.0 ], [ 528360.450708508491516, 6031091.048184677958488, 0.0 ], [ 528355.470800932496786, 6031099.696149772033095, 0.0 ], [ 528350.52089324221015, 6031108.361114546656609, 0.0 ], [ 528345.600985422730446, 6031117.043079002760351, 0.0 ], [ 528340.710077498108149, 6031125.743043140508235, 0.0 ], [ 528335.848169445991516, 6031134.45900697261095, 0.0 ], [ 528331.017261281609535, 6031143.193970463238657, 0.0 ], [ 528326.214353002607822, 6031151.94493365753442, 0.0 ], [ 528321.4424445964396, 6031160.71289652492851, 0.0 ], [ 528316.699536073952913, 6031169.498859075829387, 0.0 ], [ 528311.985627442598343, 6031178.301821310073137, 0.0 ], [ 528307.302718676626682, 6031187.121783223934472, 0.0 ], [ 528302.647809810936451, 6031195.95974482037127, 0.0 ], [ 528298.023900829255581, 6031204.814706093631685, 0.0 ], [ 528293.428991708904505, 6031213.686667053960264, 0.0 ], [ 528288.864082470536232, 6031222.575627698563039, 0.0 ], [ 528284.329173132777214, 6031231.482588014565408, 0.0 ], [ 528279.82326365634799, 6031240.406548020429909, 0.0 ], [ 528275.34735407307744, 6031249.348507698625326, 0.0 ], [ 528270.901444368064404, 6031258.307467056438327, 0.0 ], [ 528266.48553454130888, 6031267.283426097594202, 0.0 ], [ 528262.098624598234892, 6031276.276384826749563, 0.0 ], [ 528257.72771454975009, 6031285.272343430668116, 0.0 ], [ 528257.72771454975009, 6031285.272343430668116, 0.0 ] ], [ [ 528520.275329291820526, 6030906.988589487038553, 0.0 ], [ 528511.56050917506218, 6030925.009506305679679, 0.0 ], [ 528507.143599357455969, 6030933.985465353354812, 0.0 ], [ 528502.696689657866955, 6030942.94442471768707, 0.0 ], [ 528498.220780070871115, 6030951.8853844050318, 0.0 ], [ 528493.714870605617762, 6030960.809344409033656, 0.0 ], [ 528489.178961265832186, 6030969.715304740704596, 0.0 ], [ 528484.614052023738623, 6030978.604265381582081, 0.0 ], [ 528480.019142922013998, 6030987.476226342841983, 0.0 ], [ 528475.39423393458128, 6030996.331187621690333, 0.0 ], [ 528470.740325044840574, 6031005.168149222619832, 0.0 ], [ 528466.056416306644678, 6031013.989111132919788, 0.0 ], [ 528461.342507656663656, 6031022.792073368094862, 0.0 ], [ 528456.599599130451679, 6031031.577035926282406, 0.0 ], [ 528451.82669074088335, 6031040.345998795703053, 0.0 ], [ 528447.024782452732325, 6031049.096961980685592, 0.0 ], [ 528442.192874290049076, 6031057.830925486981869, 0.0 ], [ 528437.330966260284185, 6031066.547889310866594, 0.0 ], [ 528432.440058324486017, 6031075.246853454969823, 0.0 ], [ 528427.520150516182184, 6031083.929817905649543, 0.0 ], [ 528422.570242818444967, 6031092.594782679341733, 0.0 ], [ 528417.590335238724947, 6031101.242747774347663, 0.0 ], [ 528412.589427627623081, 6031109.858713243156672, 0.0 ], [ 528412.589427627623081, 6031109.858713243156672, 0.0 ], [ 528412.581427775323391, 6031109.872713186778128, 0.0 ], [ 528407.542520441114902, 6031118.486678911373019, 0.0 ], [ 528402.474613219499588, 6031127.082644954323769, 0.0 ], [ 528397.37670611590147, 6031135.661611318588257, 0.0 ], [ 528392.249799139797688, 6031144.223577993921936, 0.0 ], [ 528387.092892270535231, 6031152.767544994130731, 0.0 ], [ 528381.905985526740551, 6031161.295512304641306, 0.0 ], [ 528376.690078884363174, 6031169.805479938164353, 0.0 ], [ 528371.444172374904156, 6031178.298447889275849, 0.0 ], [ 528366.169265974313021, 6031186.77341615781188, 0.0 ], [ 528360.864359702914953, 6031195.232384740374982, 0.0 ], [ 528355.529453549534082, 6031203.673353649675846, 0.0 ], [ 528350.165547512471676, 6031212.0963228745386, 0.0 ], [ 528344.771641585975885, 6031220.503292412497103, 0.0 ], [ 528339.347735792398453, 6031228.892262276262045, 0.0 ], [ 528333.894830100238323, 6031237.26423245575279, 0.0 ], [ 528328.411924540996552, 6031245.619202948175371, 0.0 ], [ 528322.899019092321396, 6031253.956173770129681, 0.0 ], [ 528317.357113763689995, 6031262.276144904084504, 0.0 ], [ 528311.78520855307579, 6031270.579116356559098, 0.0 ], [ 528306.183303460478783, 6031278.864088134840131, 0.0 ], [ 528300.551398493349552, 6031287.132060231640935, 0.0 ], [ 528294.889493640512228, 6031295.382032654248178, 0.0 ], [ 528289.179588939994574, 6031303.597005646675825, 0.0 ], [ 528289.179588939994574, 6031303.597005646675825, 0.0 ] ], [ [ 528257.72771454975009, 6031285.272343430668116, 0.0 ], [ 528289.179588939994574, 6031303.597005646675825, 0.0 ] ], [ [ 528257.72771454975009, 6031285.272343430668116, 0.0 ], [ 528246.403906960040331, 6031302.108285706490278, 0.0 ], [ 528240.826002825051546, 6031310.575255940668285, 0.0 ], [ 528235.281098570674658, 6031319.061225822195411, 0.0 ], [ 528229.768194172531366, 6031327.566195359453559, 0.0 ], [ 528224.287289645522833, 6031336.08916455693543, 0.0 ], [ 528218.837385028600693, 6031344.6321334047243, 0.0 ], [ 528213.420480243861675, 6031353.192101915366948, 0.0 ], [ 528208.036575328558683, 6031361.772070067003369, 0.0 ], [ 528202.683670308440924, 6031370.370037886314094, 0.0 ], [ 528197.36276514083147, 6031378.987005361355841, 0.0 ], [ 528192.073859859257936, 6031387.622972486540675, 0.0 ], [ 528186.81695444509387, 6031396.276939271017909, 0.0 ], [ 528181.593048896640539, 6031404.949905707500875, 0.0 ], [ 528176.400143228471279, 6031413.641871800646186, 0.0 ], [ 528171.239237446337938, 6031422.351837558671832, 0.0 ], [ 528166.111331511288881, 6031431.08080296125263, 0.0 ], [ 528163.644376926124096, 6031435.30478612985462, 0.0 ], [ 528163.644376926124096, 6031435.30478612985462, 0.0 ], [ 528161.014425449073315, 6031439.827768033370376, 0.0 ], [ 528155.949519276618958, 6031448.593732756562531, 0.0 ], [ 528150.917612958699465, 6031457.378697128966451, 0.0 ], [ 528145.916706524789333, 6031466.18266115989536, 0.0 ], [ 528140.94779996573925, 6031475.004624851047993, 0.0 ], [ 528136.011893264949322, 6031483.845588192343712, 0.0 ], [ 528131.106986444443464, 6031492.704551200382411, 0.0 ], [ 528126.235079493373632, 6031501.582513856701553, 0.0 ], [ 528121.394172418862581, 6031510.479476170614362, 0.0 ], [ 528116.586265224963427, 6031519.395438134670258, 0.0 ], [ 528111.809357888996601, 6031528.329399762675166, 0.0 ], [ 528107.065450422465801, 6031537.282361038029194, 0.0 ], [ 528102.35354283824563, 6031546.25332197919488, 0.0 ], [ 528097.673635110259056, 6031555.243282568641007, 0.0 ], [ 528093.025727275758982, 6031564.252242815680802, 0.0 ], [ 528088.409819304943085, 6031573.280202714726329, 0.0 ], [ 528083.825911194086075, 6031582.326162274926901, 0.0 ], [ 528079.340002655982971, 6031591.423120830208063, 0.0 ], [ 528079.340002655982971, 6031591.423120830208063, 0.0 ] ], [ [ 528289.179588939994574, 6031303.597005646675825, 0.0 ], [ 528280.077772472053766, 6031321.72792405448854, 0.0 ], [ 528275.46186451241374, 6031330.755883953534067, 0.0 ], [ 528270.813956655561924, 6031339.764844200573862, 0.0 ], [ 528266.133048947900534, 6031348.754804795607924, 0.0 ], [ 528261.420141361653805, 6031357.7257657404989, 0.0 ], [ 528256.676233906298876, 6031366.678727020509541, 0.0 ], [ 528251.89932656288147, 6031375.611688657663763, 0.0 ], [ 528247.090419366955757, 6031384.527650624513626, 0.0 ], [ 528242.249512288719416, 6031393.423612947575748, 0.0 ], [ 528237.376605354249477, 6031402.301575608551502, 0.0 ], [ 528232.471698518842459, 6031411.160538617521524, 0.0 ], [ 528227.534791834652424, 6031420.001501963473856, 0.0 ], [ 528222.56588527187705, 6031428.823465655557811, 0.0 ], [ 528217.564978834241629, 6031437.626429695636034, 0.0 ], [ 528212.531072527170181, 6031446.410394086502492, 0.0 ], [ 528207.466166350990534, 6031455.17635881062597, 0.0 ], [ 528205.007211729884148, 6031459.405341890640557, 0.0 ], [ 528205.007211729884148, 6031459.405341890640557, 0.0 ], [ 528202.369260292500257, 6031463.923323882743716, 0.0 ], [ 528197.240354374051094, 6031472.652289291843772, 0.0 ], [ 528192.078448593616486, 6031481.362255054526031, 0.0 ], [ 528186.885542921721935, 6031490.053221155889332, 0.0 ], [ 528181.660637382417917, 6031498.726187597028911, 0.0 ], [ 528176.40373196080327, 6031507.38015438336879, 0.0 ], [ 528171.113826677203178, 6031516.015121524222195, 0.0 ], [ 528165.792921524494886, 6031524.631089005619287, 0.0 ], [ 528160.439016498625278, 6031533.229056830517948, 0.0 ], [ 528155.0541115924716, 6031541.809024988673627, 0.0 ], [ 528149.636206820607185, 6031550.368993504904211, 0.0 ], [ 528144.18730217218399, 6031558.910962357185781, 0.0 ], [ 528138.705397669225931, 6031567.433931560255587, 0.0 ], [ 528133.191493265330791, 6031575.937901109457016, 0.0 ], [ 528127.645589016377926, 6031584.423870995640755, 0.0 ], [ 528122.06768487393856, 6031592.890841229818761, 0.0 ], [ 528116.456780888140202, 6031601.338811818510294, 0.0 ], [ 528110.792877055704594, 6031609.748783029615879, 0.0 ], [ 528110.792877055704594, 6031609.748783029615879, 0.0 ] ], [ [ 528079.340002655982971, 6031591.423120830208063, 0.0 ], [ 528110.792877055704594, 6031609.748783029615879, 0.0 ] ], [ [ 528079.340002655982971, 6031591.423120830208063, 0.0 ], [ 528067.873195070773363, 6031608.085065335035324, 0.0 ], [ 528062.183291114866734, 6031616.442037113010883, 0.0 ], [ 528056.524387016892433, 6031624.817008561454713, 0.0 ], [ 528050.896482802927494, 6031633.209979675710201, 0.0 ], [ 528045.298578463494778, 6031641.619950473308563, 0.0 ], [ 528039.731674019247293, 6031650.048920928500593, 0.0 ], [ 528034.196769420057535, 6031658.494891055859625, 0.0 ], [ 528028.690864715725183, 6031666.958860859274864, 0.0 ], [ 528023.216959897428751, 6031675.441830319352448, 0.0 ], [ 528017.77305493876338, 6031683.941799459047616, 0.0 ], [ 528012.359149869531393, 6031692.459768272936344, 0.0 ], [ 528006.977244667708874, 6031700.994736757129431, 0.0 ], [ 528001.625339359045029, 6031709.548704906366765, 0.0 ], [ 527996.303433913737535, 6031718.119672738015652, 0.0 ], [ 527991.012528356164694, 6031726.709640227258205, 0.0 ], [ 527985.752622678875923, 6031735.316607393324375, 0.0 ], [ 527980.522716861218214, 6031743.940574241802096, 0.0 ], [ 527975.323810946196318, 6031752.583540748804808, 0.0 ], [ 527970.15590488165617, 6031761.244506923481822, 0.0 ], [ 527965.017998706549406, 6031769.922472780570388, 0.0 ], [ 527959.910092417150736, 6031778.618438309058547, 0.0 ], [ 527957.450137712061405, 6031782.832421509549022, 0.0 ], [ 527957.450137712061405, 6031782.832421509549022, 0.0 ], [ 527954.833186015486717, 6031787.332403508014977, 0.0 ], [ 527949.787279468029737, 6031796.064368372783065, 0.0 ], [ 527944.771372802555561, 6031804.813332920894027, 0.0 ], [ 527939.786466017365456, 6031813.580297134816647, 0.0 ], [ 527934.831559132784605, 6031822.366261013783514, 0.0 ], [ 527929.907652091234922, 6031831.168224577791989, 0.0 ], [ 527925.013744946569204, 6031839.989187806844711, 0.0 ], [ 527920.150837685912848, 6031848.828150703571737, 0.0 ], [ 527915.31893027946353, 6031857.684113276191056, 0.0 ], [ 527910.517022769898176, 6031866.558075523003936, 0.0 ], [ 527905.745115134865046, 6031875.450037442147732, 0.0 ], [ 527901.005207370966673, 6031884.359999023377895, 0.0 ], [ 527896.295299492776394, 6031893.287960277870297, 0.0 ], [ 527891.615391492843628, 6031902.232921214774251, 0.0 ], [ 527886.966483373194933, 6031911.196881810203195, 0.0 ], [ 527882.348575118929148, 6031920.177842082455754, 0.0 ], [ 527877.761666748672724, 6031929.176802021451294, 0.0 ], [ 527873.204758260399103, 6031938.193761634640396, 0.0 ], [ 527868.678849652409554, 6031947.228720916435122, 0.0 ], [ 527864.183940913528204, 6031956.28167986124754, 0.0 ], [ 527859.720032047480345, 6031965.35263847745955, 0.0 ], [ 527855.286123052239418, 6031974.440596774220467, 0.0 ], [ 527850.851214151829481, 6031983.541554976254702, 0.0 ], [ 527850.851214151829481, 6031983.541554976254702, 0.0 ] ], [ [ 528110.792877055704594, 6031609.748783029615879, 0.0 ], [ 528101.989058841019869, 6031627.963698923587799, 0.0 ], [ 528097.524149965494871, 6031637.033657553605735, 0.0 ], [ 528093.029241222888231, 6031646.08661650121212, 0.0 ], [ 528088.503332611173391, 6031655.121575783006847, 0.0 ], [ 528083.945424120873213, 6031664.137535408139229, 0.0 ], [ 528079.358515743166208, 6031673.136495348066092, 0.0 ], [ 528074.739607509225607, 6031682.117455624975264, 0.0 ], [ 528070.090699385851622, 6031691.08141622133553, 0.0 ], [ 528065.410791385918856, 6031700.026377156376839, 0.0 ], [ 528060.699883505702019, 6031708.953338426537812, 0.0 ], [ 528055.958975750952959, 6031717.863300013355911, 0.0 ], [ 528051.187068112194538, 6031726.754261940717697, 0.0 ], [ 528046.385160606354475, 6031735.628224186599255, 0.0 ], [ 528041.55225320532918, 6031744.484186764806509, 0.0 ], [ 528036.688345942646265, 6031753.32214967533946, 0.0 ], [ 528031.794438801705837, 6031762.143112907186151, 0.0 ], [ 528026.869531773030758, 6031770.945076474919915, 0.0 ], [ 528021.91362489014864, 6031779.730040368624032, 0.0 ], [ 528016.927718099206686, 6031788.497004589997232, 0.0 ], [ 528011.91181144118309, 6031797.245969138108194, 0.0 ], [ 528006.864904902875423, 6031805.976934015750885, 0.0 ], [ 528004.411950174719095, 6031810.195917134173214, 0.0 ], [ 528004.411950174719095, 6031810.195917134173214, 0.0 ], [ 528001.786998499184847, 6031814.689899227581918, 0.0 ], [ 527996.679092198610306, 6031823.3858647570014, 0.0 ], [ 527991.540186028927565, 6031832.063830620609224, 0.0 ], [ 527986.37127997726202, 6031840.723796808160841, 0.0 ], [ 527981.171374052762985, 6031849.365763329900801, 0.0 ], [ 527975.940468262881041, 6031857.990730175748467, 0.0 ], [ 527970.679562576115131, 6031866.596697355620563, 0.0 ], [ 527965.388657011091709, 6031875.185664853081107, 0.0 ], [ 527960.066751576960087, 6031883.756632685661316, 0.0 ], [ 527954.713846273720264, 6031892.309600848704576, 0.0 ], [ 527949.3299410790205, 6031900.845569337718189, 0.0 ], [ 527943.916036006063223, 6031909.362538157962263, 0.0 ], [ 527938.472131054848433, 6031917.862507299520075, 0.0 ], [ 527932.996226232498884, 6031926.343476785346866, 0.0 ], [ 527927.49132152274251, 6031934.807446586899459, 0.0 ], [ 527921.954416953027248, 6031943.253416723571718, 0.0 ], [ 527916.387512490153313, 6031951.682387181557715, 0.0 ], [ 527910.789608154445887, 6031960.092357976362109, 0.0 ], [ 527905.16070393845439, 6031968.484329106286168, 0.0 ], [ 527899.500799857079983, 6031976.859300560317934, 0.0 ], [ 527893.810895882546902, 6031985.215272346511483, 0.0 ], [ 527888.089992046356201, 6031993.554244458675385, 0.0 ], [ 527882.3130885027349, 6032001.872217083349824, 0.0 ], [ 527882.3130885027349, 6032001.872217083349824, 0.0 ] ], [ [ 527850.851214151829481, 6031983.541554976254702, 0.0 ], [ 527882.3130885027349, 6032001.872217083349824, 0.0 ] ], [ [ 527850.851214151829481, 6031983.541554976254702, 0.0 ], [ 527839.820401843637228, 6031999.983498428016901, 0.0 ], [ 527834.392495349049568, 6032008.255469212308526, 0.0 ], [ 527828.996588718146086, 6032016.546439651399851, 0.0 ], [ 527823.63268194720149, 6032024.855409750714898, 0.0 ], [ 527818.299775067716837, 6032033.182379519566894, 0.0 ], [ 527812.997868064790964, 6032041.528348946012557, 0.0 ], [ 527807.726960927248001, 6032049.892318041995168, 0.0 ], [ 527802.488053668290377, 6032058.274286795407534, 0.0 ], [ 527797.280146293342113, 6032066.67425521928817, 0.0 ], [ 527792.10323878005147, 6032075.09322330262512, 0.0 ], [ 527786.958331141620874, 6032083.52919105719775, 0.0 ], [ 527781.84442338347435, 6032091.984158469364047, 0.0 ], [ 527776.761515513062477, 6032100.45712554641068, 0.0 ], [ 527771.709607508033514, 6032108.949092286638916, 0.0 ], [ 527766.689699359238148, 6032117.458058696240187, 0.0 ], [ 527761.805789165198803, 6032125.805025490000844, 0.0 ], [ 527761.805789165198803, 6032125.805025490000844, 0.0 ], [ 527761.700791101902723, 6032125.986024764366448, 0.0 ], [ 527756.74288272112608, 6032134.531990500167012, 0.0 ], [ 527751.815974228084087, 6032143.095955904573202, 0.0 ], [ 527746.920065596699715, 6032151.678920965641737, 0.0 ], [ 527742.0561568364501, 6032160.278885699808598, 0.0 ], [ 527737.223247952759266, 6032168.897850093431771, 0.0 ], [ 527732.421338960528374, 6032177.534814152866602, 0.0 ], [ 527727.651429817080498, 6032186.189777871593833, 0.0 ], [ 527722.911520570516586, 6032194.862741269171238, 0.0 ], [ 527718.203611191362143, 6032203.554704315960407, 0.0 ], [ 527713.526701688766479, 6032212.264667031355202, 0.0 ], [ 527708.881792053580284, 6032220.992629409767687, 0.0 ], [ 527704.26788229867816, 6032229.738591454923153, 0.0 ], [ 527699.684972416609526, 6032238.502553166821599, 0.0 ], [ 527695.133062429726124, 6032247.285514538176358, 0.0 ], [ 527690.613152287900448, 6032256.086475572548807, 0.0 ], [ 527686.124242037534714, 6032264.905436273664236, 0.0 ], [ 527681.626331776380539, 6032273.713397114537656, 0.0 ], [ 527681.626331776380539, 6032273.713397114537656, 0.0 ] ], [ [ 527882.3130885027349, 6032001.872217083349824, 0.0 ], [ 527873.40226773917675, 6032019.55013776011765, 0.0 ], [ 527868.881357613950968, 6032028.35009880643338, 0.0 ], [ 527864.328447602689266, 6032037.132060192525387, 0.0 ], [ 527859.745537724345922, 6032045.897021898068488, 0.0 ], [ 527855.130627978593111, 6032054.641983956098557, 0.0 ], [ 527850.483718361705542, 6032063.369946345686913, 0.0 ], [ 527845.806808847934008, 6032072.078909069299698, 0.0 ], [ 527841.097899470478296, 6032080.769872130826116, 0.0 ], [ 527836.357990220189095, 6032089.442835527472198, 0.0 ], [ 527831.586081102490425, 6032098.097799259237945, 0.0 ], [ 527826.783172100782394, 6032106.73376333527267, 0.0 ], [ 527821.949263229966164, 6032115.351727740839124, 0.0 ], [ 527817.084354467689991, 6032123.951692478731275, 0.0 ], [ 527812.188445847481489, 6032132.533657550811768, 0.0 ], [ 527807.260537333786488, 6032141.096622969023883, 0.0 ], [ 527802.407627005130053, 6032149.460589438676834, 0.0 ], [ 527802.407627005130053, 6032149.460589438676834, 0.0 ], [ 527802.301628962159157, 6032149.642588711343706, 0.0 ], [ 527797.311720713973045, 6032158.16955479234457, 0.0 ], [ 527792.289812583476305, 6032166.678521213121712, 0.0 ], [ 527787.236904583871365, 6032175.169487967155874, 0.0 ], [ 527782.15399669483304, 6032183.641455055214465, 0.0 ], [ 527777.038088962435722, 6032192.096422480419278, 0.0 ], [ 527771.892181318253279, 6032200.532390237785876, 0.0 ], [ 527766.715273812413216, 6032208.95035832747817, 0.0 ], [ 527761.506366446614265, 6032217.350326758809388, 0.0 ], [ 527756.266459178179502, 6032225.73129552975297, 0.0 ], [ 527750.994552064687014, 6032234.095264631323516, 0.0 ], [ 527745.69264504685998, 6032242.44023406598717, 0.0 ], [ 527740.358738176524639, 6032250.767203840427101, 0.0 ], [ 527734.992831416428089, 6032259.075173958204687, 0.0 ], [ 527729.596924781799316, 6032267.366144396364689, 0.0 ], [ 527724.169018279761076, 6032275.638115181587636, 0.0 ], [ 527718.710111901164055, 6032283.892086300067604, 0.0 ], [ 527713.195205707103014, 6032292.10605807416141, 0.0 ], [ 527713.195205707103014, 6032292.10605807416141, 0.0 ] ], [ [ 527681.626331776380539, 6032273.713397114537656, 0.0 ], [ 527713.195205707103014, 6032292.10605807416141, 0.0 ] ], [ [ 527681.626331776380539, 6032273.713397114537656, 0.0 ], [ 527670.494524493813515, 6032290.830336032435298, 0.0 ], [ 527665.036620397120714, 6032299.451304335147142, 0.0 ], [ 527659.614716175943613, 6032308.094272243790329, 0.0 ], [ 527654.229811809957027, 6032316.757239765487611, 0.0 ], [ 527648.879907295107841, 6032325.442206901498139, 0.0 ], [ 527643.566002637147903, 6032334.147173656150699, 0.0 ], [ 527638.288097839802504, 6032342.874140015803277, 0.0 ], [ 527633.047192890197039, 6032351.621105990372598, 0.0 ], [ 527627.841287817806005, 6032360.390071578323841, 0.0 ], [ 527622.672382574528456, 6032369.180036772042513, 0.0 ], [ 527620.234427437186241, 6032373.353020148351789, 0.0 ], [ 527620.108429759740829, 6032373.569019285961986, 0.0 ], [ 527617.538477197289467, 6032377.99000159278512, 0.0 ], [ 527612.441571675240993, 6032386.821966012939811, 0.0 ], [ 527607.3796660117805, 6032395.673930060118437, 0.0 ], [ 527602.354760207235813, 6032404.547893706709146, 0.0 ], [ 527597.365854255855083, 6032413.442856967449188, 0.0 ], [ 527592.412948150187731, 6032422.35781984962523, 0.0 ], [ 527587.496041912585497, 6032431.294782334938645, 0.0 ], [ 527582.615135543048382, 6032440.25274443347007, 0.0 ], [ 527577.770228996872902, 6032449.230706152506173, 0.0 ], [ 527572.961322329938412, 6032458.230667479336262, 0.0 ], [ 527568.189415507018566, 6032467.25162841193378, 0.0 ], [ 527563.522508192807436, 6032476.321588310413063, 0.0 ], [ 527563.522508192807436, 6032476.321588310413063, 0.0 ] ], [ [ 527713.195205707103014, 6032292.10605807416141, 0.0 ], [ 527703.722391773015261, 6032310.189979171380401, 0.0 ], [ 527698.91348510608077, 6032319.189940497279167, 0.0 ], [ 527694.067578587681055, 6032328.167902224697173, 0.0 ], [ 527689.186672195792198, 6032337.124864333309233, 0.0 ], [ 527684.268765963613987, 6032346.061826824210584, 0.0 ], [ 527679.314859870821238, 6032354.976789711974561, 0.0 ], [ 527674.325953911989927, 6032363.870752978138626, 0.0 ], [ 527669.300048112869263, 6032372.744716630317271, 0.0 ], [ 527664.23814244940877, 6032381.596680678427219, 0.0 ], [ 527659.140236929059029, 6032390.427645111456513, 0.0 ], [ 527656.711281768977642, 6032394.60662838537246, 0.0 ], [ 527656.58528408780694, 6032394.82262752391398, 0.0 ], [ 527654.00633155927062, 6032399.238609924912453, 0.0 ], [ 527648.836426336318254, 6032408.027575133368373, 0.0 ], [ 527643.63052124157548, 6032416.795540726743639, 0.0 ], [ 527638.388616301119328, 6032425.543506703339517, 0.0 ], [ 527633.110711500048637, 6032434.269473070278764, 0.0 ], [ 527627.796806842088699, 6032442.974439825862646, 0.0 ], [ 527622.445902336388826, 6032451.658406974747777, 0.0 ], [ 527617.059997964650393, 6032460.321374502032995, 0.0 ], [ 527611.637093756347895, 6032468.964342417195439, 0.0 ], [ 527606.179189682006836, 6032477.585310718044639, 0.0 ], [ 527600.6842857375741, 6032486.185279414989054, 0.0 ], [ 527595.126381978392601, 6032494.735248887911439, 0.0 ], [ 527595.126381978392601, 6032494.735248887911439, 0.0 ] ], [ [ 527563.522508192807436, 6032476.321588310413063, 0.0 ], [ 527595.126381978392601, 6032494.735248887911439, 0.0 ] ], [ [ 527563.522508192807436, 6032476.321588310413063, 0.0 ], [ 527552.625699575990438, 6032493.515525163151324, 0.0 ], [ 527547.240794900804758, 6032502.129493060521781, 0.0 ], [ 527541.8898900821805, 6032510.76346059050411, 0.0 ], [ 527536.574985098093748, 6032519.416427749209106, 0.0 ], [ 527531.29407999292016, 6032528.09039453510195, 0.0 ], [ 527526.047174766659737, 6032536.784360952675343, 0.0 ], [ 527520.836269371211529, 6032545.49832699354738, 0.0 ], [ 527515.659363832324743, 6032554.231292674317956, 0.0 ], [ 527510.51745817065239, 6032562.985257972963154, 0.0 ], [ 527508.511495117098093, 6032566.423244261182845, 0.0 ], [ 527505.410552371293306, 6032571.759222900494933, 0.0 ], [ 527502.369608692824841, 6032577.02220171969384, 0.0 ], [ 527500.337646421045065, 6032580.55318745970726, 0.0 ], [ 527495.299740344285965, 6032589.367151647806168, 0.0 ], [ 527490.296834114938974, 6032598.201115461997688, 0.0 ], [ 527485.327927745878696, 6032607.055078911595047, 0.0 ], [ 527480.395021226257086, 6032615.928041987121105, 0.0 ], [ 527475.496114578098059, 6032624.822004688903689, 0.0 ], [ 527470.631207801401615, 6032633.735967024229467, 0.0 ], [ 527465.802300866693258, 6032642.669928980059922, 0.0 ], [ 527461.007393810898066, 6032651.623890571296215, 0.0 ], [ 527456.247486595064402, 6032660.597851787693799, 0.0 ], [ 527451.521579254418612, 6032669.59181263577193, 0.0 ], [ 527446.831671770662069, 6032678.605773108080029, 0.0 ], [ 527442.175764132291079, 6032687.639733213931322, 0.0 ], [ 527437.554856363683939, 6032696.693692944943905, 0.0 ], [ 527432.96894845739007, 6032705.767652303911746, 0.0 ], [ 527427.986052341759205, 6032716.236603479832411, 0.0 ], [ 527427.986052341759205, 6032716.236603479832411, 0.0 ] ], [ [ 527595.126381978392601, 6032494.735248887911439, 0.0 ], [ 527586.069561928510666, 6032512.349170969799161, 0.0 ], [ 527581.469652205705643, 6032521.119132742285728, 0.0 ], [ 527576.837742619216442, 6032529.870094861835241, 0.0 ], [ 527572.171833172440529, 6032538.602057341486216, 0.0 ], [ 527567.473923858255148, 6032547.315020167268813, 0.0 ], [ 527562.742014661431313, 6032556.007983358576894, 0.0 ], [ 527557.977105621248484, 6032564.681946901604533, 0.0 ], [ 527553.179196685552597, 6032573.336910799145699, 0.0 ], [ 527548.347287908196449, 6032581.97287505492568, 0.0 ], [ 527543.483379259705544, 6032590.588839665055275, 0.0 ], [ 527538.586470723152161, 6032599.185804627835751, 0.0 ], [ 527533.655562337487936, 6032607.764769942499697, 0.0 ], [ 527530.710616838186979, 6032612.851749506779015, 0.0 ], [ 527528.692654084414244, 6032616.322735618799925, 0.0 ], [ 527528.574656259268522, 6032616.525734804570675, 0.0 ], [ 527523.695745956152678, 6032624.862701643258333, 0.0 ], [ 527518.665837962180376, 6032633.382668030448258, 0.0 ], [ 527513.60293010622263, 6032641.884634763933718, 0.0 ], [ 527508.507022392004728, 6032650.366601856425405, 0.0 ], [ 527503.37811478599906, 6032658.828569307923317, 0.0 ], [ 527498.216207325458527, 6032667.272537105716765, 0.0 ], [ 527493.0202999971807, 6032675.696505271829665, 0.0 ], [ 527487.792392797768116, 6032684.101473780348897, 0.0 ], [ 527482.530485741794109, 6032692.487442650832236, 0.0 ], [ 527477.236578807234764, 6032700.854411870241165, 0.0 ], [ 527471.908672004938126, 6032709.201381450518966, 0.0 ], [ 527466.547765344381332, 6032717.529351385310292, 0.0 ], [ 527461.591846872121096, 6032724.470329392701387, 0.0 ], [ 527461.591846872121096, 6032724.470329392701387, 0.0 ] ], [ [ 527427.986052341759205, 6032716.236603479832411, 0.0 ], [ 527461.591846872121096, 6032724.470329392701387, 0.0 ] ], [ [ 527427.986052341759205, 6032716.236603479832411, 0.0 ], [ 527427.14219481125474, 6032737.892443042248487, 0.0 ], [ 527426.896260354667902, 6032748.027367022819817, 0.0 ], [ 527426.685325615108013, 6032758.161290792748332, 0.0 ], [ 527426.511390592902899, 6032768.294214334338903, 0.0 ], [ 527426.373455286026001, 6032778.425137667916715, 0.0 ], [ 527426.270519692450762, 6032788.555060788057745, 0.0 ], [ 527426.203583817929029, 6032798.683983691968024, 0.0 ], [ 527426.173647664487362, 6032808.810906374827027, 0.0 ], [ 527426.178711216896772, 6032818.936828847974539, 0.0 ], [ 527426.219774499535561, 6032829.060751109384, 0.0 ], [ 527426.296837478876114, 6032839.183673154562712, 0.0 ], [ 527426.409900184720755, 6032849.305594979785383, 0.0 ], [ 527426.558962613344193, 6032859.426516585983336, 0.0 ], [ 527426.743024758994579, 6032869.54543798789382, 0.0 ], [ 527426.964086625725031, 6032879.663359164260328, 0.0 ], [ 527427.22014819458127, 6032889.779280138202012, 0.0 ], [ 527427.512209493666887, 6032899.895200884900987, 0.0 ], [ 527427.840270511806011, 6032910.008121429011226, 0.0 ], [ 527428.050306491553783, 6032915.994074298068881, 0.0 ], [ 527428.170325975865126, 6032919.242048685438931, 0.0 ], [ 527428.203331250697374, 6032920.121041752398014, 0.0 ], [ 527428.60339168459177, 6032930.231961858458817, 0.0 ], [ 527429.038451861590147, 6032940.341881754808128, 0.0 ], [ 527429.509511731564999, 6032950.449801437556744, 0.0 ], [ 527430.016571342945099, 6032960.556720902211964, 0.0 ], [ 527430.558630667626858, 6032970.66264015622437, 0.0 ], [ 527431.13768969476223, 6032980.767559183761477, 0.0 ], [ 527431.751748450100422, 6032990.870478007942438, 0.0 ], [ 527432.401806928217411, 6033000.971396620385349, 0.0 ], [ 527433.087865117937326, 6033011.072315006516874, 0.0 ], [ 527433.809923011809587, 6033021.171233184635639, 0.0 ], [ 527434.566980641335249, 6033031.269151147454977, 0.0 ], [ 527435.361037973314524, 6033041.365068895742297, 0.0 ], [ 527436.190095033496618, 6033051.459986429661512, 0.0 ], [ 527437.056151811033487, 6033061.553903738968074, 0.0 ], [ 527437.957208290696144, 6033071.645820844918489, 0.0 ], [ 527438.894264500588179, 6033081.736737732775509, 0.0 ], [ 527439.868320424109697, 6033091.826654393225908, 0.0 ], [ 527440.877376068383455, 6033101.914570852182806, 0.0 ], [ 527441.922431413084269, 6033112.00148709025234, 0.0 ], [ 527443.038486186414957, 6033122.082402930594981, 0.0 ], [ 527443.038486186414957, 6033122.082402930594981, 0.0 ] ], [ [ 527461.591846872121096, 6032724.470329392701387, 0.0 ], [ 527463.842945676296949, 6032742.945173864252865, 0.0 ], [ 527464.799000699073076, 6032752.869091908447444, 0.0 ], [ 527465.720055982470512, 6032762.793010175228119, 0.0 ], [ 527466.607111524790525, 6032772.718928638845682, 0.0 ], [ 527467.458167374134064, 6032782.64684731233865, 0.0 ], [ 527468.274223476648331, 6032792.574766207486391, 0.0 ], [ 527469.05527987703681, 6032802.504685305990279, 0.0 ], [ 527469.802336521446705, 6032812.435604610480368, 0.0 ], [ 527470.514393452554941, 6032822.367524127475917, 0.0 ], [ 527471.190450664609671, 6032832.300443863496184, 0.0 ], [ 527471.832508165389299, 6032842.235363799147308, 0.0 ], [ 527472.439565915614367, 6032852.171283944509923, 0.0 ], [ 527473.012623950839043, 6032862.108204294927418, 0.0 ], [ 527473.54968224838376, 6032872.046124866232276, 0.0 ], [ 527474.052740827202797, 6032881.986045632511377, 0.0 ], [ 527474.520799677819014, 6032891.925966622307897, 0.0 ], [ 527474.953858818858862, 6032901.86788781452924, 0.0 ], [ 527475.352918211370707, 6032911.810809212736785, 0.0 ], [ 527475.564952243119478, 6032917.488764427602291, 0.0 ], [ 527475.689973250031471, 6032920.985736878588796, 0.0 ], [ 527475.716977875679731, 6032921.755730817094445, 0.0 ], [ 527476.04503783211112, 6032931.700652646832168, 0.0 ], [ 527476.340098045766354, 6032941.647574668750167, 0.0 ], [ 527476.59915854409337, 6032951.595496905967593, 0.0 ], [ 527476.824219319969416, 6032961.544419351965189, 0.0 ], [ 527477.01428035646677, 6032971.495342003181577, 0.0 ], [ 527477.169341672211885, 6032981.447264865040779, 0.0 ], [ 527477.289403263479471, 6032991.399187948554754, 0.0 ], [ 527477.374465145170689, 6033001.354111227206886, 0.0 ], [ 527477.425527270883322, 6033011.309034717269242, 0.0 ], [ 527477.441589687019587, 6033021.26595841627568, 0.0 ], [ 527477.422652371227741, 6033031.222882334142923, 0.0 ], [ 527477.368715345859528, 6033041.181806456297636, 0.0 ], [ 527477.280778579413891, 6033051.142730773426592, 0.0 ], [ 527477.156842079013586, 6033061.103655321523547, 0.0 ], [ 527476.99890586361289, 6033071.0665800627321, 0.0 ], [ 527476.805969920009375, 6033081.030505019240081, 0.0 ], [ 527476.57803425565362, 6033090.995430190116167, 0.0 ], [ 527476.314098868519068, 6033100.96135557629168, 0.0 ], [ 527476.016163755208254, 6033110.929281161166728, 0.0 ], [ 527475.647229209542274, 6033120.900207168422639, 0.0 ], [ 527475.647229209542274, 6033120.900207168422639, 0.0 ] ], [ [ 527443.038486186414957, 6033122.082402930594981, 0.0 ], [ 527475.647229209542274, 6033120.900207168422639, 0.0 ] ], [ [ 527443.038486186414957, 6033122.082402930594981, 0.0 ], [ 527442.668614041060209, 6033141.9882529117167, 0.0 ], [ 527442.556677397340536, 6033151.939177457243204, 0.0 ], [ 527442.479740489274263, 6033161.888101799413562, 0.0 ], [ 527442.439803265035152, 6033171.836025919765234, 0.0 ], [ 527442.436865761876106, 6033181.78294981084764, 0.0 ], [ 527442.469927970319986, 6033191.727873492985964, 0.0 ], [ 527442.538989897817373, 6033201.67179695609957, 0.0 ], [ 527442.645051546394825, 6033211.614720194600523, 0.0 ], [ 527442.787112891674042, 6033221.556643215939403, 0.0 ], [ 527442.965173970907927, 6033231.496566025540233, 0.0 ], [ 527443.180234745144844, 6033241.434488616883755, 0.0 ], [ 527443.431295230984688, 6033251.372410984709859, 0.0 ], [ 527443.718355447053909, 6033261.308333141729236, 0.0 ], [ 527444.042415358126163, 6033271.243255073204637, 0.0 ], [ 527444.215444788336754, 6033276.140216507017612, 0.0 ], [ 527444.215444788336754, 6033276.140216507017612, 0.0 ], [ 527444.402474991977215, 6033281.176176792010665, 0.0 ], [ 527444.798534341156483, 6033291.108098293654621, 0.0 ], [ 527445.231593400239944, 6033301.039019571617246, 0.0 ], [ 527445.700652189552784, 6033310.96894062962383, 0.0 ], [ 527446.206710658967495, 6033320.896861471235752, 0.0 ], [ 527446.747768871486187, 6033330.823782099410892, 0.0 ], [ 527447.32682678475976, 6033340.748702506534755, 0.0 ], [ 527447.940884411334991, 6033350.673622692003846, 0.0 ], [ 527448.592941734939814, 6033360.595542662777007, 0.0 ], [ 527449.279998801648617, 6033370.517462411895394, 0.0 ], [ 527450.004055570811033, 6033380.437381945550442, 0.0 ], [ 527450.765112038701773, 6033390.356301255524158, 0.0 ], [ 527451.56216824054718, 6033400.274220344610512, 0.0 ], [ 527452.395224146544933, 6033410.190139223821461, 0.0 ], [ 527453.265279751271009, 6033420.105057880282402, 0.0 ], [ 527454.20933473482728, 6033430.009976146742702, 0.0 ], [ 527454.20933473482728, 6033430.009976146742702, 0.0 ] ], [ [ 527475.647229209542274, 6033120.900207168422639, 0.0 ], [ 527477.460339859127998, 6033140.72704404219985, 0.0 ], [ 527478.293395765125751, 6033150.643962913192809, 0.0 ], [ 527479.091451946645975, 6033160.56088200584054, 0.0 ], [ 527479.852508421987295, 6033170.479801313951612, 0.0 ], [ 527480.576565183699131, 6033180.399720846675336, 0.0 ], [ 527481.264622237533331, 6033190.321640592068434, 0.0 ], [ 527481.916679568588734, 6033200.244560554623604, 0.0 ], [ 527482.531737193465233, 6033210.16848074272275, 0.0 ], [ 527483.110795103013515, 6033220.0944011406973, 0.0 ], [ 527483.652853306382895, 6033230.021321764215827, 0.0 ], [ 527484.158911786973476, 6033239.949242603965104, 0.0 ], [ 527484.628970563411713, 6033249.878163665533066, 0.0 ], [ 527485.063029605895281, 6033259.80908493604511, 0.0 ], [ 527485.460088960826397, 6033269.741006431169808, 0.0 ], [ 527485.642118312418461, 6033274.637967810034752, 0.0 ], [ 527485.651119820773602, 6033274.887965841218829, 0.0 ], [ 527485.820148583501577, 6033279.674928145483136, 0.0 ], [ 527486.144208498299122, 6033289.60885008238256, 0.0 ], [ 527486.43226870521903, 6033299.545772223733366, 0.0 ], [ 527486.684329185634851, 6033309.482694591395557, 0.0 ], [ 527486.899389963597059, 6033319.421617177315056, 0.0 ], [ 527487.077451035380363, 6033329.361539986915886, 0.0 ], [ 527487.220512378960848, 6033339.302463008090854, 0.0 ], [ 527487.325574025511742, 6033349.245386254042387, 0.0 ], [ 527487.395635940134525, 6033359.189309711568058, 0.0 ], [ 527487.428698152303696, 6033369.134233394637704, 0.0 ], [ 527487.424760665744543, 6033379.081157291308045, 0.0 ], [ 527487.384823441505432, 6033389.029081410728395, 0.0 ], [ 527487.307886518537998, 6033398.978005753830075, 0.0 ], [ 527487.194949883967638, 6033408.92893030680716, 0.0 ], [ 527487.045013539493084, 6033418.880855084396899, 0.0 ], [ 527486.821077726781368, 6033428.827780363149941, 0.0 ], [ 527486.821077726781368, 6033428.827780363149941, 0.0 ] ], [ [ 527454.20933473482728, 6033430.009976146742702, 0.0 ], [ 527486.821077726781368, 6033428.827780363149941, 0.0 ] ], [ [ 527454.20933473482728, 6033430.009976146742702, 0.0 ], [ 527453.19646779447794, 6033449.960829820483923, 0.0 ], [ 527452.755533870309591, 6033459.943756189197302, 0.0 ], [ 527452.348599679768085, 6033469.925682350993156, 0.0 ], [ 527451.974665220826864, 6033479.905608321540058, 0.0 ], [ 527451.635730497539043, 6033489.885534070432186, 0.0 ], [ 527451.330795500427485, 6033499.863459623418748, 0.0 ], [ 527451.058860246092081, 6033509.840384978801012, 0.0 ], [ 527450.82092472538352, 6033519.816310125403106, 0.0 ], [ 527450.616988938301802, 6033529.791235066018999, 0.0 ], [ 527450.447052881121635, 6033539.765159799717367, 0.0 ], [ 527450.310116570442915, 6033549.738084336742759, 0.0 ], [ 527450.207179982215166, 6033559.709008673205972, 0.0 ], [ 527450.13824313133955, 6033569.679932796396315, 0.0 ], [ 527450.103306014090776, 6033579.648856724612415, 0.0 ], [ 527450.101368639618158, 6033589.617780440486968, 0.0 ], [ 527450.133430998772383, 6033599.584703962318599, 0.0 ], [ 527450.199493087828159, 6033609.550627275370061, 0.0 ], [ 527450.298554915934801, 6033619.515550389885902, 0.0 ], [ 527450.431616488844156, 6033629.479473300278187, 0.0 ], [ 527450.597677785903215, 6033639.442396006546915, 0.0 ], [ 527450.797738824039698, 6033649.404318511486053, 0.0 ], [ 527451.031799588352442, 6033659.364240817725658, 0.0 ], [ 527451.298860099166632, 6033669.324162914417684, 0.0 ], [ 527451.599920351058245, 6033679.282084813341498, 0.0 ], [ 527451.661931961774826, 6033681.20606969948858, 0.0 ], [ 527451.93498032912612, 6033689.240006500855088, 0.0 ], [ 527452.040998108685017, 6033692.199983180500567, 0.0 ], [ 527452.303040035068989, 6033699.195927992463112, 0.0 ], [ 527452.705099482089281, 6033709.150849280878901, 0.0 ], [ 527453.140158679336309, 6033719.104770367965102, 0.0 ], [ 527453.6092176027596, 6033729.057691251859069, 0.0 ], [ 527454.112276248633862, 6033739.009611927904189, 0.0 ], [ 527454.648334644734859, 6033748.96053240634501, 0.0 ], [ 527455.217392798513174, 6033758.91045268252492, 0.0 ], [ 527455.821450643241405, 6033768.858372756280005, 0.0 ], [ 527456.458508260548115, 6033778.806292622350156, 0.0 ], [ 527457.129565589129925, 6033788.752212287858129, 0.0 ], [ 527457.833622664213181, 6033798.698131749406457, 0.0 ], [ 527458.571679469197989, 6033808.642051010392606, 0.0 ], [ 527459.3437360227108, 6033818.584970067255199, 0.0 ], [ 527460.148792304098606, 6033828.526888922788203, 0.0 ], [ 527460.987848311662674, 6033838.467807572335005, 0.0 ], [ 527461.860904060304165, 6033848.407726020552218, 0.0 ], [ 527462.767959553748369, 6033858.346644257195294, 0.0 ], [ 527463.708014760166407, 6033868.283562304452062, 0.0 ], [ 527464.683069709688425, 6033878.220480130985379, 0.0 ], [ 527465.691124405711889, 6033888.155397766269743, 0.0 ], [ 527466.733178813010454, 6033898.089315193705261, 0.0 ], [ 527467.817232981324196, 6033908.033232283778489, 0.0 ], [ 527467.817232981324196, 6033908.033232283778489, 0.0 ] ], [ [ 527486.821077726781368, 6033428.827780363149941, 0.0 ], [ 527489.123184833675623, 6033448.683613945730031, 0.0 ], [ 527490.210238877683878, 6033458.613531122915447, 0.0 ], [ 527491.262293189764023, 6033468.544448511675, 0.0 ], [ 527492.281347781419754, 6033478.477366093546152, 0.0 ], [ 527493.266402624547482, 6033488.410283887758851, 0.0 ], [ 527494.216457773, 6033498.346201878972352, 0.0 ], [ 527495.133513160049915, 6033508.282120077870786, 0.0 ], [ 527496.016568802297115, 6033518.219038483686745, 0.0 ], [ 527496.866624724119902, 6033528.157957079820335, 0.0 ], [ 527497.681680914014578, 6033538.097875889390707, 0.0 ], [ 527498.463737368583679, 6033548.0387948974967, 0.0 ], [ 527499.211794093251228, 6033557.981714102439582, 0.0 ], [ 527499.925851076841354, 6033567.924633522517979, 0.0 ], [ 527500.606908325105906, 6033577.869553136639297, 0.0 ], [ 527501.253965854644775, 6033587.815472954884171, 0.0 ], [ 527501.867023635655642, 6033597.76339297182858, 0.0 ], [ 527502.447081673890352, 6033607.7113131955266, 0.0 ], [ 527502.993139989674091, 6033617.661233616992831, 0.0 ], [ 527503.505198583006859, 6033627.612154243513942, 0.0 ], [ 527503.984257411211729, 6033637.564075072295964, 0.0 ], [ 527504.429316516965628, 6033647.516996105201542, 0.0 ], [ 527504.840375896543264, 6033657.471917336806655, 0.0 ], [ 527505.214434862136841, 6033667.315839649178088, 0.0 ], [ 527505.214434862136841, 6033667.315839649178088, 0.0 ], [ 527505.218435537070036, 6033667.427838768810034, 0.0 ], [ 527505.562495447695255, 6033677.384760404005647, 0.0 ], [ 527505.873555600643158, 6033687.342682243324816, 0.0 ], [ 527506.15061604604125, 6033697.302604276686907, 0.0 ], [ 527506.393676739186049, 6033707.262526525184512, 0.0 ], [ 527506.603737693279982, 6033717.224448963999748, 0.0 ], [ 527506.779798939824104, 6033727.188371603377163, 0.0 ], [ 527506.92286042869091, 6033737.152294448576868, 0.0 ], [ 527507.031922180205584, 6033747.118217493407428, 0.0 ], [ 527507.106984198093414, 6033757.084140749648213, 0.0 ], [ 527507.14904648438096, 6033767.052064201794565, 0.0 ], [ 527507.157109048217535, 6033777.021987847983837, 0.0 ], [ 527507.131171859800816, 6033786.991911708377302, 0.0 ], [ 527507.072234950959682, 6033796.963835761882365, 0.0 ], [ 527506.979298289865255, 6033806.93676002137363, 0.0 ], [ 527506.852361906319857, 6033816.910684486851096, 0.0 ], [ 527506.692425776273012, 6033826.885609152726829, 0.0 ], [ 527506.49748994410038, 6033836.862534021958709, 0.0 ], [ 527506.270554341375828, 6033846.840459084138274, 0.0 ], [ 527506.008619025349617, 6033856.819384357891977, 0.0 ], [ 527505.712683971971273, 6033866.799309839494526, 0.0 ], [ 527505.383749190717936, 6033876.781235512346029, 0.0 ], [ 527505.020814653486013, 6033886.763161397539079, 0.0 ], [ 527504.62388039752841, 6033896.747087481431663, 0.0 ], [ 527504.161946550011635, 6033906.7150140972808, 0.0 ], [ 527504.161946550011635, 6033906.7150140972808, 0.0 ] ], [ [ 527467.817232981324196, 6033908.033232283778489, 0.0 ], [ 527504.161946550011635, 6033906.7150140972808, 0.0 ] ], [ [ 527467.817232981324196, 6033908.033232283778489, 0.0 ], [ 527467.12036295235157, 6033927.879084777086973, 0.0 ], [ 527466.850427333265543, 6033937.800010545179248, 0.0 ], [ 527466.614491436630487, 6033947.718936115503311, 0.0 ], [ 527466.412555273622274, 6033957.63686147890985, 0.0 ], [ 527466.244618847966194, 6033967.552786647342145, 0.0 ], [ 527466.111682131886482, 6033977.467711600475013, 0.0 ], [ 527466.011745177209377, 6033987.382636348716915, 0.0 ], [ 527465.946807932108641, 6033997.294560899026692, 0.0 ], [ 527465.914870422333479, 6034007.206485241651535, 0.0 ], [ 527465.917932655662298, 6034017.117409372702241, 0.0 ], [ 527465.953994609415531, 6034027.026333312503994, 0.0 ], [ 527466.025056291371584, 6034036.934257038868964, 0.0 ], [ 527466.129117723554373, 6034046.840180573984981, 0.0 ], [ 527466.268178876489401, 6034056.746103886514902, 0.0 ], [ 527466.440239764750004, 6034066.650027011521161, 0.0 ], [ 527466.647300370037556, 6034076.552949920296669, 0.0 ], [ 527466.887360725551844, 6034086.454872632399201, 0.0 ], [ 527467.161420810967684, 6034096.355795138515532, 0.0 ], [ 527467.469480626285076, 6034106.254717445932329, 0.0 ], [ 527467.811540178954601, 6034116.152639544568956, 0.0 ], [ 527467.812540270388126, 6034116.168639418669045, 0.0 ], [ 527467.812540270388126, 6034116.168639418669045, 0.0 ], [ 527468.187599457800388, 6034126.049561441875994, 0.0 ], [ 527468.597658473998308, 6034135.94548312947154, 0.0 ], [ 527469.04171722009778, 6034145.839404622092843, 0.0 ], [ 527469.519775707274675, 6034155.732325906865299, 0.0 ], [ 527470.031833905726671, 6034165.624246985651553, 0.0 ], [ 527470.576891865581274, 6034175.515167866833508, 0.0 ], [ 527471.156949531286955, 6034185.404088540002704, 0.0 ], [ 527471.771006938070059, 6034195.29300900362432, 0.0 ], [ 527472.418064098805189, 6034205.179929273203015, 0.0 ], [ 527473.100120961666107, 6034215.064849337562919, 0.0 ], [ 527473.81517756357789, 6034224.949769196100533, 0.0 ], [ 527474.565233897417784, 6034234.832688848488033, 0.0 ], [ 527475.348289970308542, 6034244.714608301408589, 0.0 ], [ 527476.166345771402121, 6034254.595527542755008, 0.0 ], [ 527477.017401311546564, 6034264.475446585565805, 0.0 ], [ 527477.903456572443247, 6034274.353365422226489, 0.0 ], [ 527478.823511566966772, 6034284.230284055694938, 0.0 ], [ 527479.77756629511714, 6034294.106202480383217, 0.0 ], [ 527480.765620764344931, 6034303.981120699085295, 0.0 ], [ 527481.787674952298403, 6034313.854038723744452, 0.0 ], [ 527482.899728424847126, 6034323.722956207580864, 0.0 ], [ 527482.899728424847126, 6034323.722956207580864, 0.0 ] ], [ [ 527504.161946550011635, 6033906.7150140972808, 0.0 ], [ 527506.273054402321577, 6033926.458849735558033, 0.0 ], [ 527507.261108856648207, 6033936.333767955191433, 0.0 ], [ 527508.215163584798574, 6033946.209686380811036, 0.0 ], [ 527509.136218570172787, 6033956.086605004966259, 0.0 ], [ 527510.021273832768202, 6033965.964523849077523, 0.0 ], [ 527510.873329367488623, 6033975.844442885369062, 0.0 ], [ 527511.691385176032782, 6033985.725362127646804, 0.0 ], [ 527512.475441228598356, 6033995.607281574048102, 0.0 ], [ 527513.224497571587563, 6034005.490201233886182, 0.0 ], [ 527513.940554171800613, 6034015.375121084973216, 0.0 ], [ 527514.622611057013273, 6034025.261041142977774, 0.0 ], [ 527515.269668202847242, 6034035.147961411625147, 0.0 ], [ 527515.883725598454475, 6034045.035881880670786, 0.0 ], [ 527516.463783271610737, 6034054.924802556633949, 0.0 ], [ 527517.009841222316027, 6034064.815723431296647, 0.0 ], [ 527517.520899433642626, 6034074.707644516602159, 0.0 ], [ 527517.998957917094231, 6034084.600565800443292, 0.0 ], [ 527518.443016670644283, 6034094.495487283915281, 0.0 ], [ 527518.853075668215752, 6034104.390408981591463, 0.0 ], [ 527519.229134950786829, 6034114.287330876104534, 0.0 ], [ 527519.230135045945644, 6034114.303330748341978, 0.0 ], [ 527519.230135045945644, 6034114.303330748341978, 0.0 ], [ 527519.571194496005774, 6034124.185252978466451, 0.0 ], [ 527519.879254337400198, 6034134.085175276733935, 0.0 ], [ 527520.153314415365458, 6034143.985097790136933, 0.0 ], [ 527520.394374754279852, 6034153.887020495720208, 0.0 ], [ 527520.600435372442007, 6034163.789943411946297, 0.0 ], [ 527520.77249626070261, 6034173.69386653508991, 0.0 ], [ 527520.911557421088219, 6034183.599789849482477, 0.0 ], [ 527521.015618838369846, 6034193.505713382735848, 0.0 ], [ 527521.086680520325899, 6034203.413637110032141, 0.0 ], [ 527521.122742496430874, 6034213.323561042547226, 0.0 ], [ 527521.125804707407951, 6034223.2334851808846, 0.0 ], [ 527521.09386720508337, 6034233.145409523509443, 0.0 ], [ 527521.028929963707924, 6034243.058334066532552, 0.0 ], [ 527520.928992997854948, 6034252.972258821129799, 0.0 ], [ 527520.796056292951107, 6034262.887183776125312, 0.0 ], [ 527520.628119871020317, 6034272.804108936339617, 0.0 ], [ 527520.426183700561523, 6034282.722034299746156, 0.0 ], [ 527520.190247803926468, 6034292.640959868207574, 0.0 ], [ 527519.92031217366457, 6034302.560885645449162, 0.0 ], [ 527519.6163768209517, 6034312.481811627745628, 0.0 ], [ 527519.244441982358694, 6034322.404738022014499, 0.0 ], [ 527519.244441982358694, 6034322.404738022014499, 0.0 ] ], [ [ 527482.899728424847126, 6034323.722956207580864, 0.0 ], [ 527519.244441982358694, 6034322.404738022014499, 0.0 ] ], [ [ 527482.899728424847126, 6034323.722956207580864, 0.0 ], [ 527482.066860266029835, 6034343.699808553792536, 0.0 ], [ 527481.70592575147748, 6034353.686734389513731, 0.0 ], [ 527481.3779909722507, 6034363.671660033985972, 0.0 ], [ 527481.084055937826633, 6034373.656585460528731, 0.0 ], [ 527480.824120629578829, 6034383.639510693028569, 0.0 ], [ 527480.598185051232576, 6034393.620435727760196, 0.0 ], [ 527480.40524921938777, 6034403.601360552944243, 0.0 ], [ 527480.246313102543354, 6034413.580285181291401, 0.0 ], [ 527480.121376737952232, 6034423.558209603652358, 0.0 ], [ 527480.029440093785524, 6034433.535133824683726, 0.0 ], [ 527479.97150319814682, 6034443.511057841591537, 0.0 ], [ 527479.947566036134958, 6034453.484981661662459, 0.0 ], [ 527479.9566285982728, 6034463.458905269391835, 0.0 ], [ 527479.999690901488066, 6034473.430828683078289, 0.0 ], [ 527480.075752936303616, 6034483.400751902721822, 0.0 ], [ 527480.185814712196589, 6034493.370674911886454, 0.0 ], [ 527480.328876234591007, 6034503.338597727008164, 0.0 ], [ 527480.505937468260527, 6034513.305520334281027, 0.0 ], [ 527480.71699845418334, 6034523.271442739292979, 0.0 ], [ 527480.961059171706438, 6034533.236364942975342, 0.0 ], [ 527481.238119632005692, 6034543.200286948122084, 0.0 ], [ 527481.549179822206497, 6034553.162208753637969, 0.0 ], [ 527481.886238496750593, 6034562.915131996385753, 0.0 ], [ 527481.894239742308855, 6034563.123130351305008, 0.0 ], [ 527481.895240008831024, 6034563.165130025707185, 0.0 ], [ 527482.272299412637949, 6034573.08305175229907, 0.0 ], [ 527482.683358803391457, 6034583.040972962044179, 0.0 ], [ 527483.129417933523655, 6034592.998893951997161, 0.0 ], [ 527483.607476804405451, 6034602.954814755357802, 0.0 ], [ 527484.11953541263938, 6034612.909735350869596, 0.0 ], [ 527484.66559375077486, 6034622.863655742257833, 0.0 ], [ 527485.244651827961206, 6034632.815575941465795, 0.0 ], [ 527485.857709642499685, 6034642.767495929263532, 0.0 ], [ 527486.504767179489136, 6034652.717415715567768, 0.0 ], [ 527487.183824472129345, 6034662.666335308924317, 0.0 ], [ 527487.897881492972374, 6034672.61325469892472, 0.0 ], [ 527488.644938241690397, 6034682.560173881240189, 0.0 ], [ 527489.425994727760553, 6034692.505092865787446, 0.0 ], [ 527490.240050952881575, 6034702.449011649936438, 0.0 ], [ 527491.088106922805309, 6034712.39193022903055, 0.0 ], [ 527491.970162600278854, 6034722.332848609425128, 0.0 ], [ 527492.885218031704426, 6034732.273766781203449, 0.0 ], [ 527493.835273187607527, 6034742.212684751488268, 0.0 ], [ 527494.817328095436096, 6034752.150602526962757, 0.0 ], [ 527495.834382712841034, 6034762.086520096287131, 0.0 ], [ 527496.884437080472708, 6034772.022437458857894, 0.0 ], [ 527497.969491168856621, 6034781.956354619003832, 0.0 ], [ 527499.087545000016689, 6034791.88927158061415, 0.0 ], [ 527500.242598503828049, 6034801.814188365824521, 0.0 ], [ 527500.242598503828049, 6034801.814188365824521, 0.0 ] ], [ [ 527519.244441982358694, 6034322.404738022014499, 0.0 ], [ 527521.545549143105745, 6034342.268571548163891, 0.0 ], [ 527522.6296032294631, 6034352.20248871203512, 0.0 ], [ 527523.679657593369484, 6034362.13740608561784, 0.0 ], [ 527524.696712221950293, 6034372.074323646724224, 0.0 ], [ 527525.679767124354839, 6034382.012241416610777, 0.0 ], [ 527526.628822278231382, 6034391.951159392483532, 0.0 ], [ 527527.544877707958221, 6034401.891077565960586, 0.0 ], [ 527528.425933409482241, 6034411.832995944656432, 0.0 ], [ 527529.273989368230104, 6034421.775914523750544, 0.0 ], [ 527530.089045587927103, 6034431.719833301380277, 0.0 ], [ 527530.870102062821388, 6034441.664752285927534, 0.0 ], [ 527531.617158807814121, 6034451.610671475529671, 0.0 ], [ 527532.330215837806463, 6034461.558590866625309, 0.0 ], [ 527533.01027312874794, 6034471.507510452531278, 0.0 ], [ 527533.6573306620121, 6034481.457430238835514, 0.0 ], [ 527534.270388480275869, 6034491.408350233919919, 0.0 ], [ 527534.849446550011635, 6034501.361270425841212, 0.0 ], [ 527535.395504888147116, 6034511.315190815366805, 0.0 ], [ 527535.907563496381044, 6034521.270111412741244, 0.0 ], [ 527536.385622374713421, 6034531.226032217033207, 0.0 ], [ 527536.831681493669748, 6034541.182953213341534, 0.0 ], [ 527537.242740895599127, 6034551.141874414868653, 0.0 ], [ 527537.613799307495356, 6034560.893797448836267, 0.0 ], [ 527537.62080056220293, 6034561.101795814931393, 0.0 ], [ 527537.622800815850496, 6034561.143795480020344, 0.0 ], [ 527537.965860478579998, 6034571.062717415392399, 0.0 ], [ 527538.276920668780804, 6034581.024639219045639, 0.0 ], [ 527538.553981121629477, 6034590.987561232410371, 0.0 ], [ 527538.798041854053736, 6034600.952483436092734, 0.0 ], [ 527539.009102828800678, 6034610.918405839242041, 0.0 ], [ 527539.186164069920778, 6034620.885328449308872, 0.0 ], [ 527539.329225596040487, 6034630.854251256212592, 0.0 ], [ 527539.439287357032299, 6034640.823174271732569, 0.0 ], [ 527539.51534940302372, 6034650.794097485020757, 0.0 ], [ 527539.557411715388298, 6034660.766020903363824, 0.0 ], [ 527539.566474288702011, 6034670.738944521173835, 0.0 ], [ 527539.542537126690149, 6034680.713868333026767, 0.0 ], [ 527539.484600219875574, 6034690.688792355358601, 0.0 ], [ 527539.392663586884737, 6034700.665716578252614, 0.0 ], [ 527539.266727212816477, 6034710.643641006201506, 0.0 ], [ 527539.107791107147932, 6034720.623565629124641, 0.0 ], [ 527538.914855267852545, 6034730.603490460664034, 0.0 ], [ 527538.687919698655605, 6034740.585415491834283, 0.0 ], [ 527538.42798438668251, 6034750.568340723402798, 0.0 ], [ 527538.134049355983734, 6034760.552266160026193, 0.0 ], [ 527537.806114576756954, 6034770.538191798143089, 0.0 ], [ 527537.444180075079203, 6034780.524117647670209, 0.0 ], [ 527537.049245819449425, 6034790.512043688446283, 0.0 ], [ 527536.590312037616968, 6034800.495970161631703, 0.0 ], [ 527536.590312037616968, 6034800.495970161631703, 0.0 ] ], [ [ 527500.242598503828049, 6034801.814188365824521, 0.0 ], [ 527536.590312037616968, 6034800.495970161631703, 0.0 ] ], [ [ 527500.242598503828049, 6034801.814188365824521, 0.0 ], [ 527499.558729235082865, 6034821.796039737761021, 0.0 ], [ 527499.297793973237276, 6034831.783964936621487, 0.0 ], [ 527499.071858417242765, 6034841.770889924839139, 0.0 ], [ 527498.880922593176365, 6034851.755814707837999, 0.0 ], [ 527498.724986493587494, 6034861.739739278331399, 0.0 ], [ 527498.603050131350756, 6034871.722663642838597, 0.0 ], [ 527498.516113486140966, 6034881.704587795771658, 0.0 ], [ 527498.464176572859287, 6034891.68551173619926, 0.0 ], [ 527498.44623938575387, 6034901.664435476996005, 0.0 ], [ 527498.462301932275295, 6034911.642359014600515, 0.0 ], [ 527498.51336420699954, 6034921.619282338768244, 0.0 ], [ 527498.599426198750734, 6034931.594205459579825, 0.0 ], [ 527498.719487924128771, 6034941.568128370679915, 0.0 ], [ 527498.874549373984337, 6034951.541051073931158, 0.0 ], [ 527499.063610572367907, 6034961.512973570264876, 0.0 ], [ 527499.287671465426683, 6034971.482895861379802, 0.0 ], [ 527499.545732099562883, 6034981.451817947439849, 0.0 ], [ 527499.838792465627193, 6034991.419739819131792, 0.0 ], [ 527500.165852565318346, 6035001.3866614876315, 0.0 ], [ 527500.33588145300746, 6035006.193623629398644, 0.0 ], [ 527500.34488295763731, 6035006.443621660582721, 0.0 ], [ 527500.526912402361631, 6035011.352582948282361, 0.0 ], [ 527500.923971936106682, 6035021.316504199057817, 0.0 ], [ 527501.354031223803759, 6035031.279425249435008, 0.0 ], [ 527501.819090228527784, 6035041.240346097387373, 0.0 ], [ 527502.319148972630501, 6035051.201266722753644, 0.0 ], [ 527502.853207424283028, 6035061.160187151283026, 0.0 ], [ 527503.422265615314245, 6035071.118107367306948, 0.0 ], [ 527504.025323536247015, 6035081.07502737827599, 0.0 ], [ 527504.662381183356047, 6035091.029947189614177, 0.0 ], [ 527505.334438562393188, 6035100.983866788446903, 0.0 ], [ 527506.04149567335844, 6035110.936786177568138, 0.0 ], [ 527506.782552495598793, 6035120.888705359771848, 0.0 ], [ 527507.558609060943127, 6035130.838624335825443, 0.0 ], [ 527508.369665335863829, 6035140.787543100304902, 0.0 ], [ 527509.214721348136663, 6035150.735461659729481, 0.0 ], [ 527510.093777094036341, 6035160.682380015030503, 0.0 ], [ 527511.007832556962967, 6035170.627298161387444, 0.0 ], [ 527511.956887759268284, 6035180.571216098964214, 0.0 ], [ 527512.940942667424679, 6035190.514133823104203, 0.0 ], [ 527513.958997320383787, 6035200.456051343120635, 0.0 ], [ 527515.062051232904196, 6035210.381968449801207, 0.0 ], [ 527515.062051232904196, 6035210.381968449801207, 0.0 ] ], [ [ 527536.590312037616968, 6034800.495970161631703, 0.0 ], [ 527538.695420809090137, 6034820.376804788596928, 0.0 ], [ 527539.679475713521242, 6034830.319722513668239, 0.0 ], [ 527540.627530917525291, 6034840.263640455901623, 0.0 ], [ 527541.541586384177208, 6034850.208558605983853, 0.0 ], [ 527542.421642120927572, 6034860.15547695197165, 0.0 ], [ 527543.266698136925697, 6034870.103395511396229, 0.0 ], [ 527544.076754435896873, 6034880.052314282394946, 0.0 ], [ 527544.852810978889465, 6034890.002233259379864, 0.0 ], [ 527545.59386782348156, 6034899.954152440652251, 0.0 ], [ 527546.299924928694963, 6034909.907071837224066, 0.0 ], [ 527546.971982300281525, 6034919.860991436056793, 0.0 ], [ 527547.609039943665266, 6034929.815911249257624, 0.0 ], [ 527548.212097868323326, 6034939.772831257432699, 0.0 ], [ 527548.781156066805124, 6034949.730751475319266, 0.0 ], [ 527549.314214527606964, 6034959.689671909436584, 0.0 ], [ 527549.8142732642591, 6034969.650592537596822, 0.0 ], [ 527550.278332285583019, 6034979.61151338648051, 0.0 ], [ 527550.709391552954912, 6034989.57443443313241, 0.0 ], [ 527551.105451110750437, 6034999.539355680346489, 0.0 ], [ 527551.283479940146208, 6035004.345317782834172, 0.0 ], [ 527551.283479940146208, 6035004.345317782834172, 0.0 ], [ 527551.466510932892561, 6035009.504277150146663, 0.0 ], [ 527551.793571032583714, 6035019.471198817715049, 0.0 ], [ 527552.085631411522627, 6035029.439120696857572, 0.0 ], [ 527552.343692041933537, 6035039.408042781986296, 0.0 ], [ 527552.566752955317497, 6035049.377965079620481, 0.0 ], [ 527552.755814149975777, 6035059.349887575022876, 0.0 ], [ 527552.910875592380762, 6035069.322810278274119, 0.0 ], [ 527553.029937323182821, 6035079.296733197756112, 0.0 ], [ 527553.115999322384596, 6035089.27265630941838, 0.0 ], [ 527553.16706158593297, 6035099.248579641804099, 0.0 ], [ 527553.183124136179686, 6035109.226503176614642, 0.0 ], [ 527553.165186956524849, 6035119.206426913850009, 0.0 ], [ 527553.112250041216612, 6035129.186350867152214, 0.0 ], [ 527553.024313408881426, 6035139.168275025673211, 0.0 ], [ 527552.902377050369978, 6035149.151199390180409, 0.0 ], [ 527552.746440943330526, 6035159.135123961605132, 0.0 ], [ 527552.554505132138729, 6035169.121048743836582, 0.0 ], [ 527552.328569583594799, 6035179.106973737478256, 0.0 ], [ 527552.068634301424026, 6035189.09489893168211, 0.0 ], [ 527551.772699322551489, 6035199.084824335761368, 0.0 ], [ 527551.412764742970467, 6035209.06375022791326, 0.0 ], [ 527551.412764742970467, 6035209.06375022791326, 0.0 ] ], [ [ 527515.062051232904196, 6035210.381968449801207, 0.0 ], [ 527551.412764742970467, 6035209.06375022791326, 0.0 ] ], [ [ 527515.062051232904196, 6035210.381968449801207, 0.0 ], [ 527514.266182120889425, 6035230.253821365535259, 0.0 ], [ 527513.923247143626213, 6035240.187747494317591, 0.0 ], [ 527513.614311903715134, 6035250.120673416182399, 0.0 ], [ 527513.338376391679049, 6035260.051599147729576, 0.0 ], [ 527513.096440605819225, 6035269.982524663209915, 0.0 ], [ 527512.887504562735558, 6035279.911449985578656, 0.0 ], [ 527512.712568260729313, 6035289.839375105686486, 0.0 ], [ 527512.57163167744875, 6035299.765300025232136, 0.0 ], [ 527512.463694848120213, 6035309.691224738024175, 0.0 ], [ 527512.38875775411725, 6035319.615149258635938, 0.0 ], [ 527512.347820390015841, 6035329.538073575124145, 0.0 ], [ 527512.339882768690586, 6035339.459997692145407, 0.0 ], [ 527512.365944873541594, 6035349.379921609535813, 0.0 ], [ 527512.425006739795208, 6035359.299845319241285, 0.0 ], [ 527512.517068326473236, 6035369.217768835835159, 0.0 ], [ 527512.643129639327526, 6035379.134692149236798, 0.0 ], [ 527512.802190713584423, 6035389.050615262240171, 0.0 ], [ 527512.99525149166584, 6035398.964538176544011, 0.0 ], [ 527513.221312023699284, 6035408.877460890449584, 0.0 ], [ 527513.480372302234173, 6035418.790383397601545, 0.0 ], [ 527513.773432318121195, 6035428.701305707916617, 0.0 ], [ 527514.09949205070734, 6035438.610227826051414, 0.0 ], [ 527514.274521823972464, 6035443.562188828364015, 0.0 ], [ 527514.274521823972464, 6035443.562188828364015, 0.0 ], [ 527514.458551548421383, 6035448.519149734638631, 0.0 ], [ 527514.851610749959946, 6035458.426071447320282, 0.0 ], [ 527515.277669716626406, 6035468.331992959603667, 0.0 ], [ 527515.736728418618441, 6035478.236914273351431, 0.0 ], [ 527516.229786843061447, 6035488.14083538018167, 0.0 ], [ 527516.755845006555319, 6035498.042756294831634, 0.0 ], [ 527517.315902914851904, 6035507.943677002564073, 0.0 ], [ 527517.908960543572903, 6035517.84359751176089, 0.0 ], [ 527518.535017926245928, 6035527.742517822422087, 0.0 ], [ 527519.195075042545795, 6035537.640437925234437, 0.0 ], [ 527519.888131905347109, 6035547.536357838660479, 0.0 ], [ 527520.615188475698233, 6035557.431277542375028, 0.0 ], [ 527521.375244803726673, 6035567.325197050347924, 0.0 ], [ 527522.169300872832537, 6035577.218116349540651, 0.0 ], [ 527522.996356654912233, 6035587.109035458415747, 0.0 ], [ 527523.857412196695805, 6035596.99995435308665, 0.0 ], [ 527524.751467455178499, 6035606.888873056508601, 0.0 ], [ 527525.679522462189198, 6035616.776791554875672, 0.0 ], [ 527526.6405771933496, 6035626.662709859199822, 0.0 ], [ 527527.635631669312716, 6035636.548627951182425, 0.0 ], [ 527528.664685882627964, 6035646.432545843534172, 0.0 ], [ 527529.726739820092916, 6035656.315463539212942, 0.0 ], [ 527530.822793498635292, 6035666.197381025180221, 0.0 ], [ 527531.955846812576056, 6035676.06729837320745, 0.0 ], [ 527531.955846812576056, 6035676.06729837320745, 0.0 ] ], [ [ 527551.412764742970467, 6035209.06375022791326, 0.0 ], [ 527553.668871592730284, 6035228.824584822170436, 0.0 ], [ 527554.730925533920527, 6035238.707502515055239, 0.0 ], [ 527555.758979760110378, 6035248.591420416720212, 0.0 ], [ 527556.754034224897623, 6035258.477338508702815, 0.0 ], [ 527557.715088963508606, 6035268.363256813958287, 0.0 ], [ 527558.643143970519304, 6035278.251175307668746, 0.0 ], [ 527559.53719924017787, 6035288.140094012953341, 0.0 ], [ 527560.397254783660173, 6035298.03101291321218, 0.0 ], [ 527561.22431056573987, 6035307.921932022087276, 0.0 ], [ 527562.018366623669863, 6035317.814851323142648, 0.0 ], [ 527562.778422947973013, 6035327.708770829252899, 0.0 ], [ 527563.505479533225298, 6035337.603690534830093, 0.0 ], [ 527564.19853638112545, 6035347.49961044639349, 0.0 ], [ 527564.858593497425318, 6035357.397530551999807, 0.0 ], [ 527565.484650880098343, 6035367.296450859867036, 0.0 ], [ 527566.077708519995213, 6035377.196371369995177, 0.0 ], [ 527566.637766432017088, 6035387.097292077727616, 0.0 ], [ 527567.163824588060379, 6035396.999212995171547, 0.0 ], [ 527567.656883019953966, 6035406.903134102001786, 0.0 ], [ 527568.116941709071398, 6035416.808055407367647, 0.0 ], [ 527568.543000664561987, 6035426.713976920582354, 0.0 ], [ 527568.936059881001711, 6035436.620898632332683, 0.0 ], [ 527569.120089575648308, 6035441.572859578765929, 0.0 ], [ 527569.120089575648308, 6035441.572859578765929, 0.0 ], [ 527569.29611935839057, 6035446.529820535331964, 0.0 ], [ 527569.622179102152586, 6035456.438742651604116, 0.0 ], [ 527569.914239123463631, 6035466.349664969369769, 0.0 ], [ 527570.174299389123917, 6035476.261587476357818, 0.0 ], [ 527570.40035991743207, 6035486.17551018577069, 0.0 ], [ 527570.592420715838671, 6035496.089433106593788, 0.0 ], [ 527570.752481769770384, 6035506.005356209352612, 0.0 ], [ 527570.877543110400438, 6035515.922279528342187, 0.0 ], [ 527570.970604687929153, 6035525.840203040279448, 0.0 ], [ 527571.029666535556316, 6035535.760126752778888, 0.0 ], [ 527571.054728645831347, 6035545.680050676688552, 0.0 ], [ 527571.046791024506092, 6035555.601974790915847, 0.0 ], [ 527571.005853664129972, 6035565.524899107404053, 0.0 ], [ 527570.93091656640172, 6035575.448823627084494, 0.0 ], [ 527570.822979737073183, 6035585.374748339876533, 0.0 ], [ 527570.681043177843094, 6035595.300673266872764, 0.0 ], [ 527570.505106877535582, 6035605.228598392568529, 0.0 ], [ 527570.296170841902494, 6035615.157523715868592, 0.0 ], [ 527570.054235056042671, 6035625.0884492341429, 0.0 ], [ 527569.778299544006586, 6035635.019374963827431, 0.0 ], [ 527569.468364298343658, 6035644.952300892211497, 0.0 ], [ 527569.124429322779179, 6035654.886227024719119, 0.0 ], [ 527568.747494619339705, 6035664.821153359487653, 0.0 ], [ 527568.308560322970152, 6035674.74908013548702, 0.0 ], [ 527568.308560322970152, 6035674.74908013548702, 0.0 ] ], [ [ 527531.955846812576056, 6035676.06729837320745, 0.0 ], [ 527568.308560322970152, 6035674.74908013548702, 0.0 ] ], [ [ 527531.955846812576056, 6035676.06729837320745, 0.0 ], [ 527531.275979179888964, 6035696.313147697597742, 0.0 ], [ 527531.019044708460569, 6035706.433071862906218, 0.0 ], [ 527530.797109972685575, 6035716.551995814777911, 0.0 ], [ 527530.612174931913614, 6035726.668919549323618, 0.0 ], [ 527530.462239604443312, 6035736.784843072295189, 0.0 ], [ 527530.3473040163517, 6035746.8997663827613, 0.0 ], [ 527530.269368134438992, 6035757.013689468614757, 0.0 ], [ 527530.226431973278522, 6035767.125612350180745, 0.0 ], [ 527530.218495540320873, 6035777.236535019241273, 0.0 ], [ 527530.247558806091547, 6035787.345457471907139, 0.0 ], [ 527530.310621831566095, 6035797.454379710368812, 0.0 ], [ 527530.410684529691935, 6035807.561301732435822, 0.0 ], [ 527530.545746970921755, 6035817.667223541997373, 0.0 ], [ 527530.716809123754501, 6035827.771145138889551, 0.0 ], [ 527530.922871004790068, 6035837.874066526070237, 0.0 ], [ 527531.164932604879141, 6035847.975987693294883, 0.0 ], [ 527531.441993918269873, 6035858.076908649876714, 0.0 ], [ 527531.755054950714111, 6035868.175829395651817, 0.0 ], [ 527532.101115226745605, 6035878.19375055283308, 0.0 ], [ 527532.101115226745605, 6035878.19375055283308, 0.0 ], [ 527532.104115702211857, 6035878.273749923333526, 0.0 ], [ 527532.488176185637712, 6035888.370670236647129, 0.0 ], [ 527532.907236389815807, 6035898.465590345673263, 0.0 ], [ 527533.363296296447515, 6035908.559510231018066, 0.0 ], [ 527533.854355920106173, 6035918.652429904788733, 0.0 ], [ 527534.380415294319391, 6035928.744349364191294, 0.0 ], [ 527534.942474361509085, 6035938.83426861371845, 0.0 ], [ 527535.540533144026995, 6035948.923187645152211, 0.0 ], [ 527536.173591651022434, 6035959.010106472298503, 0.0 ], [ 527536.842649888247252, 6035969.097025074064732, 0.0 ], [ 527537.546707842499018, 6035979.181943469680846, 0.0 ], [ 527538.28676550835371, 6035989.265861648134887, 0.0 ], [ 527539.06282290443778, 6035999.347779614850879, 0.0 ], [ 527539.874880004674196, 6036009.428697362542152, 0.0 ], [ 527540.721936833113432, 6036019.508614899590611, 0.0 ], [ 527541.604993369430304, 6036029.58753221668303, 0.0 ], [ 527542.524049628525972, 6036039.664449326694012, 0.0 ], [ 527543.478105619549751, 6036049.740366219542921, 0.0 ], [ 527544.469161301851273, 6036059.815282889641821, 0.0 ], [ 527545.495216727256775, 6036069.88819935452193, 0.0 ], [ 527546.610271401703358, 6036079.95311532355845, 0.0 ], [ 527546.610271401703358, 6036079.95311532355845, 0.0 ] ], [ [ 527568.308560322970152, 6035674.74908013548702, 0.0 ], [ 527570.431670591235161, 6035694.89291263744235, 0.0 ], [ 527571.421726301312447, 6035704.967829314991832, 0.0 ], [ 527572.375782281160355, 6035715.043746207840741, 0.0 ], [ 527573.293838556855917, 6035725.120663323439658, 0.0 ], [ 527574.17689510434866, 6035735.199580641463399, 0.0 ], [ 527575.023951917886734, 6035745.279498177580535, 0.0 ], [ 527575.835009030997753, 6035755.36041593272239, 0.0 ], [ 527576.611066415905952, 6035765.443333891220391, 0.0 ], [ 527577.351124092936516, 6035775.526252076029778, 0.0 ], [ 527578.055182047188282, 6035785.611170471645892, 0.0 ], [ 527578.724240280687809, 6035795.698089074343443, 0.0 ], [ 527579.357298783957958, 6035805.786007894203067, 0.0 ], [ 527579.954357583075762, 6035815.874926932156086, 0.0 ], [ 527580.516416657716036, 6035825.96484618075192, 0.0 ], [ 527581.0434760004282, 6035836.055765642784536, 0.0 ], [ 527581.534535635262728, 6035846.148685315623879, 0.0 ], [ 527581.989595547318459, 6035856.242605207487941, 0.0 ], [ 527582.408655755221844, 6035866.338525308296084, 0.0 ], [ 527582.790715746581554, 6035876.354446255601943, 0.0 ], [ 527582.790715746581554, 6035876.354446255601943, 0.0 ], [ 527582.793716218322515, 6035876.434445625171065, 0.0 ], [ 527583.141776982694864, 6035886.532366157509387, 0.0 ], [ 527583.454838015139103, 6035896.632286895997822, 0.0 ], [ 527583.731899339705706, 6035906.732207858003676, 0.0 ], [ 527583.973960928618908, 6035916.834129026159644, 0.0 ], [ 527584.180022805929184, 6035926.93705041334033, 0.0 ], [ 527584.351084977388382, 6035937.04197200294584, 0.0 ], [ 527584.486147411167622, 6035947.147893813438714, 0.0 ], [ 527584.585210125893354, 6035957.254815842024982, 0.0 ], [ 527584.649273119866848, 6035967.362738082185388, 0.0 ], [ 527584.677336413413286, 6035977.472660532221198, 0.0 ], [ 527584.669399973005056, 6035987.582583208568394, 0.0 ], [ 527584.626463823020458, 6035997.695506081916392, 0.0 ], [ 527584.547527931630611, 6036007.808429181575775, 0.0 ], [ 527584.432592339813709, 6036017.923352493904531, 0.0 ], [ 527584.282657027244568, 6036028.039276015944779, 0.0 ], [ 527584.09672199934721, 6036038.157199749723077, 0.0 ], [ 527583.874787256121635, 6036048.27512370981276, 0.0 ], [ 527583.616852793842554, 6036058.395047879777849, 0.0 ], [ 527583.322918605059385, 6036068.51697226241231, 0.0 ], [ 527582.962984908372164, 6036078.634897087700665, 0.0 ], [ 527582.962984908372164, 6036078.634897087700665, 0.0 ] ], [ [ 527546.610271401703358, 6036079.95311532355845, 0.0 ], [ 527582.962984908372164, 6036078.634897087700665, 0.0 ] ], [ [ 527546.610271401703358, 6036079.95311532355845, 0.0 ], [ 527545.808402258902788, 6036099.808968399651349, 0.0 ], [ 527545.463467232882977, 6036109.734894601628184, 0.0 ], [ 527545.152531947940588, 6036119.659820596687496, 0.0 ], [ 527544.874596416950226, 6036129.583746394142509, 0.0 ], [ 527544.630660589784384, 6036139.505671991966665, 0.0 ], [ 527544.420724518597126, 6036149.426597383804619, 0.0 ], [ 527544.243788164108992, 6036159.346522577106953, 0.0 ], [ 527544.100851569324732, 6036169.265447562560439, 0.0 ], [ 527543.990914698690176, 6036179.182372356764972, 0.0 ], [ 527543.914977554231882, 6036189.099296938627958, 0.0 ], [ 527543.873040150851011, 6036199.014221322722733, 0.0 ], [ 527543.864102486521006, 6036208.928145505487919, 0.0 ], [ 527543.888164557516575, 6036218.840069497004151, 0.0 ], [ 527543.946226369589567, 6036228.751993273384869, 0.0 ], [ 527544.038287904113531, 6036238.661916852928698, 0.0 ], [ 527544.163349185138941, 6036248.570840233005583, 0.0 ], [ 527544.321410212665796, 6036258.47876341175288, 0.0 ], [ 527544.513470966368914, 6036268.384686395525932, 0.0 ], [ 527544.739531453698874, 6036278.290609163232148, 0.0 ], [ 527544.998591672629118, 6036288.19453173968941, 0.0 ], [ 527545.290651626884937, 6036298.097454116679728, 0.0 ], [ 527545.616711318492889, 6036307.998376294970512, 0.0 ], [ 527545.789740689098835, 6036312.884337816387415, 0.0 ], [ 527545.789740689098835, 6036312.884337816387415, 0.0 ], [ 527545.975770760327578, 6036317.899298266507685, 0.0 ], [ 527546.368829932063818, 6036327.798220040276647, 0.0 ], [ 527546.794888827949762, 6036337.696141614578664, 0.0 ], [ 527547.253947474062443, 6036347.593062989413738, 0.0 ], [ 527547.748005855828524, 6036357.488984148018062, 0.0 ], [ 527548.274063963443041, 6036367.382905125617981, 0.0 ], [ 527548.834121812134981, 6036377.275825896300375, 0.0 ], [ 527549.428179409354925, 6036387.167746459133923, 0.0 ], [ 527550.055236730724573, 6036397.058666824363172, 0.0 ], [ 527550.715293787419796, 6036406.9475869955495, 0.0 ], [ 527551.409350577741861, 6036416.836506957188249, 0.0 ], [ 527552.137407101690769, 6036426.723426717333496, 0.0 ], [ 527552.898463383316994, 6036436.609346278011799, 0.0 ], [ 527553.692519377917051, 6036446.494265640154481, 0.0 ], [ 527554.521575108170509, 6036456.377184797078371, 0.0 ], [ 527555.382630586624146, 6036466.259103760123253, 0.0 ], [ 527556.278685785830021, 6036476.140022511593997, 0.0 ], [ 527557.207740731537342, 6036486.019941066391766, 0.0 ], [ 527558.170795407146215, 6036495.89885941054672, 0.0 ], [ 527559.166849818080664, 6036505.775777564384043, 0.0 ], [ 527560.197903957217932, 6036515.651695505715907, 0.0 ], [ 527561.261957839131355, 6036525.526613249443471, 0.0 ], [ 527562.359011471271515, 6036535.400530791841447, 0.0 ], [ 527563.468064982444048, 6036545.273448267020285, 0.0 ], [ 527563.468064982444048, 6036545.273448267020285, 0.0 ] ], [ [ 527582.962984908372164, 6036078.634897087700665, 0.0 ], [ 527585.226091612130404, 6036098.379731765016913, 0.0 ], [ 527586.289145484566689, 6036108.254649512469769, 0.0 ], [ 527587.31919964402914, 6036118.130567461252213, 0.0 ], [ 527588.315254043787718, 6036128.007485614158213, 0.0 ], [ 527589.277308732271194, 6036137.886403964832425, 0.0 ], [ 527590.206363674253225, 6036147.766322520561516, 0.0 ], [ 527591.101418890058994, 6036157.647241277620196, 0.0 ], [ 527591.96247436106205, 6036167.529160239733756, 0.0 ], [ 527592.790530104190111, 6036177.413079395890236, 0.0 ], [ 527593.585586111992598, 6036187.296998757869005, 0.0 ], [ 527594.3466423638165, 6036197.182918320409954, 0.0 ], [ 527595.073698900640011, 6036207.069838088005781, 0.0 ], [ 527595.767755698412657, 6036216.958758046850562, 0.0 ], [ 527596.42781275510788, 6036226.847678218968213, 0.0 ], [ 527597.054870080202818, 6036236.738598584197462, 0.0 ], [ 527597.647927682846785, 6036246.630519155412912, 0.0 ], [ 527598.207985531538725, 6036256.523439924232662, 0.0 ], [ 527598.734043654054403, 6036266.41836089361459, 0.0 ], [ 527599.227102030068636, 6036276.313282068818808, 0.0 ], [ 527599.686160679906607, 6036286.210203443653882, 0.0 ], [ 527600.112219572067261, 6036296.108125016093254, 0.0 ], [ 527600.505278736352921, 6036306.007046788930893, 0.0 ], [ 527600.686308041214943, 6036310.893008259125054, 0.0 ], [ 527600.686308041214943, 6036310.893008259125054, 0.0 ], [ 527600.864338178187609, 6036315.907968759536743, 0.0 ], [ 527601.190397873520851, 6036325.809890932403505, 0.0 ], [ 527601.482457835227251, 6036335.712813308462501, 0.0 ], [ 527601.740518074482679, 6036345.616735893301666, 0.0 ], [ 527601.966578550636768, 6036355.521658666431904, 0.0 ], [ 527602.157639313489199, 6036365.428581648506224, 0.0 ], [ 527602.31670031324029, 6036375.335504829883575, 0.0 ], [ 527602.440761603415012, 6036385.244428217411041, 0.0 ], [ 527602.532823145389557, 6036395.15535178873688, 0.0 ], [ 527602.589884959161282, 6036405.066275577992201, 0.0 ], [ 527602.614947039633989, 6036414.979199557565153, 0.0 ], [ 527602.605009380728006, 6036424.893123745918274, 0.0 ], [ 527602.563071966171265, 6036434.808048129081726, 0.0 ], [ 527602.486134845763445, 6036444.723972725681961, 0.0 ], [ 527602.376197963953018, 6036454.640897518023849, 0.0 ], [ 527602.23226136341691, 6036464.559822511859238, 0.0 ], [ 527602.055325023829937, 6036474.479747705161572, 0.0 ], [ 527601.844388950616121, 6036484.400673101656139, 0.0 ], [ 527601.60045313835144, 6036494.323598692193627, 0.0 ], [ 527601.322517588734627, 6036504.246524496935308, 0.0 ], [ 527601.010582312941551, 6036514.171450498513877, 0.0 ], [ 527600.664647303521633, 6036524.097376707009971, 0.0 ], [ 527600.284712564200163, 6036534.024303122423589, 0.0 ], [ 527599.844778299331665, 6036543.954229887574911, 0.0 ], [ 527599.844778299331665, 6036543.954229887574911, 0.0 ] ], [ [ 527563.468064982444048, 6036545.273448267020285, 0.0 ], [ 527599.844778299331665, 6036543.954229887574911, 0.0 ] ], [ [ 527563.468064982444048, 6036545.273448267020285, 0.0 ], [ 527562.915195018053055, 6036565.304298439994454, 0.0 ], [ 527562.736259281635284, 6036575.316222940571606, 0.0 ], [ 527562.594323236495256, 6036585.327147217467427, 0.0 ], [ 527562.488386921584606, 6036595.337071275338531, 0.0 ], [ 527562.419450301676989, 6036605.344995114952326, 0.0 ], [ 527562.385513424873352, 6036615.351918743923306, 0.0 ], [ 527562.38757624104619, 6036625.35684216208756, 0.0 ], [ 527562.426638770848513, 6036635.360765352845192, 0.0 ], [ 527562.501701034605503, 6036645.363688329234719, 0.0 ], [ 527562.611763004213572, 6036655.365611091256142, 0.0 ], [ 527562.758824698626995, 6036665.365533635020256, 0.0 ], [ 527562.941886097192764, 6036675.364455965347588, 0.0 ], [ 527563.16094720736146, 6036685.361378078348935, 0.0 ], [ 527563.415008042007685, 6036695.358299974352121, 0.0 ], [ 527563.706068590283394, 6036705.353221654891968, 0.0 ], [ 527564.033128868788481, 6036715.347143116407096, 0.0 ], [ 527564.201157495379448, 6036720.111105601303279, 0.0 ], [ 527564.201157495379448, 6036720.111105601303279, 0.0 ], [ 527564.396188836544752, 6036725.339064366184175, 0.0 ], [ 527564.795248534530401, 6036735.329985397867858, 0.0 ], [ 527565.22930795699358, 6036745.319906214252114, 0.0 ], [ 527565.700367085635662, 6036755.307826819829643, 0.0 ], [ 527566.207425933331251, 6036765.29574719350785, 0.0 ], [ 527566.750484496355057, 6036775.280667366459966, 0.0 ], [ 527567.328542783856392, 6036785.265587318688631, 0.0 ], [ 527567.943600777536631, 6036795.248507055453956, 0.0 ], [ 527568.594658493995667, 6036805.230426573194563, 0.0 ], [ 527569.281715929508209, 6036815.211345871910453, 0.0 ], [ 527570.004773065447807, 6036825.190264958888292, 0.0 ], [ 527570.763829931616783, 6036835.168183829635382, 0.0 ], [ 527571.558886501938105, 6036845.145102481357753, 0.0 ], [ 527572.389942791312933, 6036855.120020922273397, 0.0 ], [ 527573.256998814642429, 6036865.094939136877656, 0.0 ], [ 527574.160054538398981, 6036875.066857147030532, 0.0 ], [ 527575.100109964609146, 6036885.038774927146733, 0.0 ], [ 527576.130164638161659, 6036894.998692231252789, 0.0 ], [ 527576.130164638161659, 6036894.998692231252789, 0.0 ] ], [ [ 527599.844778299331665, 6036543.954229887574911, 0.0 ], [ 527601.798888590186834, 6036563.894065011292696, 0.0 ], [ 527602.701944317668676, 6036573.866983015090227, 0.0 ], [ 527603.569000326097012, 6036583.840901237912476, 0.0 ], [ 527604.400056622922421, 6036593.816819669678807, 0.0 ], [ 527605.194113194942474, 6036603.792738335207105, 0.0 ], [ 527605.95317005366087, 6036613.770657204091549, 0.0 ], [ 527606.675227209925652, 6036623.750576292164624, 0.0 ], [ 527607.362284634262323, 6036633.730495598167181, 0.0 ], [ 527608.012342352420092, 6036643.712415121495724, 0.0 ], [ 527608.626400370150805, 6036653.696334856562316, 0.0 ], [ 527609.204458646476269, 6036663.680254817008972, 0.0 ], [ 527609.747517220675945, 6036673.666174983605742, 0.0 ], [ 527610.253576077520847, 6036683.654095365665853, 0.0 ], [ 527610.723635204136372, 6036693.642015973106027, 0.0 ], [ 527611.157694634050131, 6036703.631936791352928, 0.0 ], [ 527611.555754330009222, 6036713.622857830487192, 0.0 ], [ 527611.732782907783985, 6036718.38682025950402, 0.0 ], [ 527611.732782907783985, 6036718.38682025950402, 0.0 ], [ 527611.917814325541258, 6036723.614779086783528, 0.0 ], [ 527612.243874590843916, 6036733.608700553886592, 0.0 ], [ 527612.533935148268938, 6036743.603622238151729, 0.0 ], [ 527612.788995988667011, 6036753.600544129498303, 0.0 ], [ 527613.00705710798502, 6036763.59746624995023, 0.0 ], [ 527613.189118526875973, 6036773.596388584934175, 0.0 ], [ 527613.335180211812258, 6036783.596311135217547, 0.0 ], [ 527613.445242181420326, 6036793.598233896307647, 0.0 ], [ 527613.519304439425468, 6036803.60115687828511, 0.0 ], [ 527613.557366985827684, 6036813.605080078355968, 0.0 ], [ 527613.559429813176394, 6036823.611003486439586, 0.0 ], [ 527613.526492912322283, 6036833.616927116177976, 0.0 ], [ 527613.455556314438581, 6036843.625850962474942, 0.0 ], [ 527613.349620003253222, 6036853.634775028564036, 0.0 ], [ 527613.207683954387903, 6036863.645699305459857, 0.0 ], [ 527613.029748201370239, 6036873.657623798586428, 0.0 ], [ 527612.814812734723091, 6036883.670548516325653, 0.0 ], [ 527612.531877771019936, 6036893.678473701700568, 0.0 ], [ 527612.531877771019936, 6036893.678473701700568, 0.0 ] ], [ [ 527576.130164638161659, 6036894.998692231252789, 0.0 ], [ 527612.531877771019936, 6036893.678473701700568, 0.0 ] ], [ [ 527576.130164638161659, 6036894.998692231252789, 0.0 ], [ 527575.518293984234333, 6036914.847544168122113, 0.0 ], [ 527575.271358203142881, 6036924.770469777286053, 0.0 ], [ 527575.059422135353088, 6036934.691395182162523, 0.0 ], [ 527574.881485801190138, 6036944.611320380121469, 0.0 ], [ 527574.738549198955297, 6036954.530245367437601, 0.0 ], [ 527574.630612317472696, 6036964.447170149534941, 0.0 ], [ 527574.556675154715776, 6036974.363094723783433, 0.0 ], [ 527574.517737727612257, 6036984.278019087389112, 0.0 ], [ 527574.513800024986267, 6036994.191943241283298, 0.0 ], [ 527574.54386205971241, 6037004.103867193683982, 0.0 ], [ 527574.608923815190792, 6037014.015790928155184, 0.0 ], [ 527574.708985287696123, 6037023.924714465625584, 0.0 ], [ 527574.843046486377716, 6037033.833637789823115, 0.0 ], [ 527575.012107420712709, 6037043.741560899652541, 0.0 ], [ 527575.215168088674545, 6037053.647483812645078, 0.0 ], [ 527575.453228484839201, 6037063.552406513132155, 0.0 ], [ 527575.726288583129644, 6037073.455329009331763, 0.0 ], [ 527576.033348429948092, 6037083.358251291327178, 0.0 ], [ 527576.370407167822123, 6037093.119174472987652, 0.0 ], [ 527576.375408001244068, 6037093.25917337089777, 0.0 ], [ 527576.379408665001392, 6037093.369172502309084, 0.0 ], [ 527576.751467298716307, 6037103.159095242619514, 0.0 ], [ 527577.163526326417923, 6037113.057016902603209, 0.0 ], [ 527577.608585070818663, 6037122.953938364051282, 0.0 ], [ 527578.088643569499254, 6037132.850859606638551, 0.0 ], [ 527578.603701766580343, 6037142.74478065315634, 0.0 ], [ 527579.153759699314833, 6037152.638701478950679, 0.0 ], [ 527579.737817350775003, 6037162.530622105114162, 0.0 ], [ 527580.356874734163284, 6037172.42154252063483, 0.0 ], [ 527581.010931856930256, 6037182.311462722718716, 0.0 ], [ 527581.698988702148199, 6037192.200382720679045, 0.0 ], [ 527582.422045256942511, 6037202.087302512489259, 0.0 ], [ 527583.179101552814245, 6037211.973222098313272, 0.0 ], [ 527583.972157571464777, 6037221.858141466975212, 0.0 ], [ 527584.79921331256628, 6037231.741060636937618, 0.0 ], [ 527585.661268796771765, 6037241.623979585245252, 0.0 ], [ 527586.558323994278908, 6037251.504898332059383, 0.0 ], [ 527587.489378903061152, 6037261.383816877380013, 0.0 ], [ 527588.456433549523354, 6037271.262735200114548, 0.0 ], [ 527589.457487925887108, 6037281.139653322286904, 0.0 ], [ 527590.509541977196932, 6037291.02757104113698, 0.0 ], [ 527590.509541977196932, 6037291.02757104113698, 0.0 ] ], [ [ 527612.531877771019936, 6036893.678473701700568, 0.0 ], [ 527614.603985957801342, 6036913.430309525690973, 0.0 ], [ 527615.569040615111589, 6036923.308227865025401, 0.0 ], [ 527616.500095542520285, 6036933.188146404922009, 0.0 ], [ 527617.39615074545145, 6036943.069065157324076, 0.0 ], [ 527618.257206216454506, 6036952.950984120368958, 0.0 ], [ 527619.084261979907751, 6036962.834903283044696, 0.0 ], [ 527619.876318000257015, 6036972.719822658225894, 0.0 ], [ 527620.63337429240346, 6036982.605742244049907, 0.0 ], [ 527621.356430858373642, 6036992.492662036791444, 0.0 ], [ 527622.044487703591585, 6037002.381582032889128, 0.0 ], [ 527622.697544813156128, 6037012.270502248778939, 0.0 ], [ 527623.316602203994989, 6037022.162422657012939, 0.0 ], [ 527623.900659866631031, 6037032.054343283176422, 0.0 ], [ 527624.449717812240124, 6037041.947264124639332, 0.0 ], [ 527624.964776005595922, 6037051.842185160145164, 0.0 ], [ 527625.44583448022604, 6037061.738106402568519, 0.0 ], [ 527625.890893239527941, 6037071.636027857661247, 0.0 ], [ 527626.301952261477709, 6037081.533949525095522, 0.0 ], [ 527626.674010712653399, 6037091.293872494250536, 0.0 ], [ 527626.674010712653399, 6037091.293872494250536, 0.0 ], [ 527626.679011553525925, 6037091.433871393091977, 0.0 ], [ 527627.021071121096611, 6037101.3347934698686, 0.0 ], [ 527627.328130967915058, 6037111.237715750932693, 0.0 ], [ 527627.601191088557243, 6037121.140638247132301, 0.0 ], [ 527627.839251480996609, 6037131.045560949482024, 0.0 ], [ 527628.042312130331993, 6037140.951483862474561, 0.0 ], [ 527628.211373068392277, 6037150.859406973235309, 0.0 ], [ 527628.34543427079916, 6037160.767330303788185, 0.0 ], [ 527628.444495756179094, 6037170.677253839559853, 0.0 ], [ 527628.509557507932186, 6037180.588177582249045, 0.0 ], [ 527628.539619546383619, 6037190.501101527363062, 0.0 ], [ 527628.53568184748292, 6037200.415025677531958, 0.0 ], [ 527628.495744410902262, 6037210.328950055874884, 0.0 ], [ 527628.421807270497084, 6037220.245874625630677, 0.0 ], [ 527628.312870394438505, 6037230.162799413315952, 0.0 ], [ 527628.169933777302504, 6037240.081724401563406, 0.0 ], [ 527627.990997448563576, 6037250.00164960604161, 0.0 ], [ 527627.778061389923096, 6037259.922575015574694, 0.0 ], [ 527627.530125610530376, 6037269.845500631257892, 0.0 ], [ 527627.247190102934837, 6037279.76842646766454, 0.0 ], [ 527626.902255170047283, 6037289.707352568395436, 0.0 ], [ 527626.902255170047283, 6037289.707352568395436, 0.0 ] ], [ [ 527590.509541977196932, 6037291.02757104113698, 0.0 ], [ 527626.902255170047283, 6037289.707352568395436, 0.0 ] ], [ [ 527590.509541977196932, 6037291.02757104113698, 0.0 ], [ 527590.106670740991831, 6037311.037420431151986, 0.0 ], [ 527589.979734469205141, 6037321.029344759881496, 0.0 ], [ 527589.888797920197248, 6037331.019268875010312, 0.0 ], [ 527589.833861079066992, 6037341.008192773908377, 0.0 ], [ 527589.814923949539661, 6037350.995116461999714, 0.0 ], [ 527589.83098653703928, 6037360.98103993665427, 0.0 ], [ 527589.883048851042986, 6037370.96596319321543, 0.0 ], [ 527589.971110880374908, 6037380.948886239901185, 0.0 ], [ 527590.094172634184361, 6037390.930809071287513, 0.0 ], [ 527590.254234090447426, 6037400.910731690004468, 0.0 ], [ 527590.448295291513205, 6037410.889654099941254, 0.0 ], [ 527590.679356183856726, 6037420.867576286196709, 0.0 ], [ 527590.945416815578938, 6037430.843498268164694, 0.0 ], [ 527591.247477140277624, 6037440.818420032039285, 0.0 ], [ 527591.584537215530872, 6037450.79234158154577, 0.0 ], [ 527591.650548215955496, 6037452.626327130943537, 0.0 ], [ 527591.957596994936466, 6037460.764262920245528, 0.0 ], [ 527591.971599120646715, 6037461.120260111056268, 0.0 ], [ 527592.365656487643719, 6037470.734184056520462, 0.0 ], [ 527592.809715710580349, 6037480.704104968346655, 0.0 ], [ 527593.289774626493454, 6037490.671025674790144, 0.0 ], [ 527593.804833292961121, 6037500.637946158647537, 0.0 ], [ 527594.355891663581133, 6037510.602866436354816, 0.0 ], [ 527594.942949742078781, 6037520.566786492243409, 0.0 ], [ 527595.565007548779249, 6037530.528706345707178, 0.0 ], [ 527596.222065094858408, 6037540.489625984802842, 0.0 ], [ 527596.916122335940599, 6037550.448545410297811, 0.0 ], [ 527597.64517929032445, 6037560.406464620493352, 0.0 ], [ 527598.4092359803617, 6037570.363383620977402, 0.0 ], [ 527599.210292372852564, 6037580.318302401341498, 0.0 ], [ 527600.046348493546247, 6037590.272220971994102, 0.0 ], [ 527600.917404342442751, 6037600.225139329209924, 0.0 ], [ 527601.824459910392761, 6037610.176057477481663, 0.0 ], [ 527602.767515167593956, 6037620.124975412152708, 0.0 ], [ 527603.746570166200399, 6037630.073893121443689, 0.0 ], [ 527604.761624861508608, 6037640.019810629077256, 0.0 ], [ 527605.811679292470217, 6037649.965727914124727, 0.0 ], [ 527607.007733389735222, 6037660.03464334551245, 0.0 ], [ 527607.007733389735222, 6037660.03464334551245, 0.0 ] ], [ [ 527626.902255170047283, 6037289.707352568395436, 0.0 ], [ 527628.939364235848188, 6037309.55318788997829, 0.0 ], [ 527629.888419330120087, 6037319.483105934225023, 0.0 ], [ 527630.803474716842175, 6037329.415024176239967, 0.0 ], [ 527631.681530386209488, 6037339.347942643798888, 0.0 ], [ 527632.524586316198111, 6037349.2818613210693, 0.0 ], [ 527633.331642538309097, 6037359.216780219227076, 0.0 ], [ 527634.102699048817158, 6037369.153699328191578, 0.0 ], [ 527634.838755834847689, 6037379.091618647798896, 0.0 ], [ 527635.539812911301851, 6037389.031538172625005, 0.0 ], [ 527636.204870246350765, 6037398.972457916475832, 0.0 ], [ 527636.833927877247334, 6037408.914377878420055, 0.0 ], [ 527637.427985787391663, 6037418.858298043720424, 0.0 ], [ 527637.986043985933065, 6037428.803218428045511, 0.0 ], [ 527638.509102441370487, 6037438.749139023944736, 0.0 ], [ 527638.997161198407412, 6037448.697059826925397, 0.0 ], [ 527639.4482202231884, 6037458.645980854518712, 0.0 ], [ 527639.865279536694288, 6037468.595902087166905, 0.0 ], [ 527640.089313827455044, 6037474.329856797121465, 0.0 ], [ 527640.246339127421379, 6037478.547823527827859, 0.0 ], [ 527640.26534228771925, 6037479.075819368474185, 0.0 ], [ 527640.591398987919092, 6037488.500745189376175, 0.0 ], [ 527640.901459142565727, 6037498.454667063429952, 0.0 ], [ 527641.176519557833672, 6037508.410589140839875, 0.0 ], [ 527641.41558026522398, 6037518.367511438205838, 0.0 ], [ 527641.618641257286072, 6037528.325433952733874, 0.0 ], [ 527641.786702539771795, 6037538.28535667154938, 0.0 ], [ 527641.919764071702957, 6037548.246279603801668, 0.0 ], [ 527642.016825906932354, 6037558.209202746860683, 0.0 ], [ 527642.078888010233641, 6037568.173126100562513, 0.0 ], [ 527642.104950401932001, 6037578.138049674220383, 0.0 ], [ 527642.095013089478016, 6037588.104973456822336, 0.0 ], [ 527642.050076022744179, 6037598.071897460147738, 0.0 ], [ 527641.970139253884554, 6037608.041821660473943, 0.0 ], [ 527641.854202773422003, 6037618.011746087111533, 0.0 ], [ 527641.702266562730074, 6037627.983670725487173, 0.0 ], [ 527641.515330627560616, 6037637.957595567218959, 0.0 ], [ 527641.292394980788231, 6037647.931520635262132, 0.0 ], [ 527640.931459411978722, 6037657.748447772115469, 0.0 ], [ 527640.931459411978722, 6037657.748447772115469, 0.0 ] ], [ [ 527607.007733389735222, 6037660.03464334551245, 0.0 ], [ 527640.931459411978722, 6037657.748447772115469, 0.0 ] ], [ [ 527607.007733389735222, 6037660.03464334551245, 0.0 ], [ 527606.756860490888357, 6037679.966492377221584, 0.0 ], [ 527606.73192323371768, 6037689.925416317768395, 0.0 ], [ 527606.741985712200403, 6037699.883340044878423, 0.0 ], [ 527606.785047892481089, 6037709.838263588026166, 0.0 ], [ 527606.863109819591045, 6037719.791186926886439, 0.0 ], [ 527606.974171459674835, 6037729.742110071703792, 0.0 ], [ 527607.120232839137316, 6037739.69103301409632, 0.0 ], [ 527607.299293927848339, 6037749.63695577159524, 0.0 ], [ 527607.513354759663343, 6037759.58087832480669, 0.0 ], [ 527607.760415308177471, 6037769.522800683043897, 0.0 ], [ 527608.042475573718548, 6037779.461722848936915, 0.0 ], [ 527608.357535574585199, 6037789.398644822649658, 0.0 ], [ 527608.706595294177532, 6037799.333566597662866, 0.0 ], [ 527609.089654751121998, 6037809.266488172113895, 0.0 ], [ 527609.506713926792145, 6037819.196409557014704, 0.0 ], [ 527609.957772828638554, 6037829.124330742284656, 0.0 ], [ 527610.441831469535828, 6037839.050251737236977, 0.0 ], [ 527610.96088982000947, 6037848.973172537051141, 0.0 ], [ 527611.512947909533978, 6037858.895093135535717, 0.0 ], [ 527612.099005728960037, 6037868.814013542607427, 0.0 ], [ 527612.720063254237175, 6037878.72993375454098, 0.0 ], [ 527613.237108860164881, 6037886.620870117098093, 0.0 ], [ 527613.373120527714491, 6037888.644853772595525, 0.0 ], [ 527613.748151946812868, 6037894.103809637948871, 0.0 ], [ 527614.061177529394627, 6037898.556773592717946, 0.0 ], [ 527614.783234246075153, 6037908.466693216003478, 0.0 ], [ 527615.538290686905384, 6037918.374612645246089, 0.0 ], [ 527616.328346852213144, 6037928.279531880281866, 0.0 ], [ 527617.151402749121189, 6037938.182450921274722, 0.0 ], [ 527618.008458375930786, 6037948.083369764499366, 0.0 ], [ 527618.899513728916645, 6037957.982288408093154, 0.0 ], [ 527619.824568808078766, 6037967.878206863999367, 0.0 ], [ 527620.782623615115881, 6037977.772125126793981, 0.0 ], [ 527621.775678157806396, 6037987.664043186232448, 0.0 ], [ 527622.801732406020164, 6037997.552961059845984, 0.0 ], [ 527623.862786389887333, 6038007.440878720954061, 0.0 ], [ 527624.956840094178915, 6038017.324796206317842, 0.0 ], [ 527626.085893522948027, 6038027.207713479176164, 0.0 ], [ 527627.247946690768003, 6038037.088630559854209, 0.0 ], [ 527628.44499958306551, 6038046.966547445394099, 0.0 ], [ 527629.675052188336849, 6038056.842464136891067, 0.0 ], [ 527630.940104514360428, 6038066.715380631387234, 0.0 ], [ 527632.23915658518672, 6038076.586296929977834, 0.0 ], [ 527633.619207989424467, 6038086.45421274099499, 0.0 ], [ 527633.619207989424467, 6038086.45421274099499, 0.0 ] ], [ [ 527640.931459411978722, 6037657.748447772115469, 0.0 ], [ 527643.75756161659956, 6037677.466279117390513, 0.0 ], [ 527645.074613515287638, 6037687.334195326082408, 0.0 ], [ 527646.357665691524744, 6037697.203111737966537, 0.0 ], [ 527647.60571813210845, 6037707.075028346851468, 0.0 ], [ 527648.820770867168903, 6037716.949945141561329, 0.0 ], [ 527650.000823866575956, 6037726.825862146914005, 0.0 ], [ 527651.147877119481564, 6037736.704779337160289, 0.0 ], [ 527652.259930688887835, 6037746.58669672627002, 0.0 ], [ 527653.338984504342079, 6037756.469614312984049, 0.0 ], [ 527654.384038586169481, 6037766.355532091110945, 0.0 ], [ 527655.395092952996492, 6037776.243450066074729, 0.0 ], [ 527656.372147601097822, 6037786.134368232451379, 0.0 ], [ 527657.315202515572309, 6037796.026286604814231, 0.0 ], [ 527658.224257711321115, 6037805.922205160371959, 0.0 ], [ 527659.099313173443079, 6037815.819123920053244, 0.0 ], [ 527659.940368924289942, 6037825.719042873010039, 0.0 ], [ 527660.748424924910069, 6037835.620962017215788, 0.0 ], [ 527661.522481203079224, 6037845.524881360121071, 0.0 ], [ 527662.262537762522697, 6037855.43180089071393, 0.0 ], [ 527662.960593942552805, 6037865.226721543818712, 0.0 ], [ 527662.9685945995152, 6037865.340720620937645, 0.0 ], [ 527663.269619781523943, 6037869.715685246512294, 0.0 ], [ 527663.640651702880859, 6037875.251640550792217, 0.0 ], [ 527664.278709087520838, 6037885.164560676552355, 0.0 ], [ 527664.883766733109951, 6037895.080480990000069, 0.0 ], [ 527665.454824656248093, 6037904.998401498422027, 0.0 ], [ 527665.990882858633995, 6037914.919322204776108, 0.0 ], [ 527666.493941344320774, 6037924.842243104241788, 0.0 ], [ 527666.964000072330236, 6037934.767164193093777, 0.0 ], [ 527667.399059094488621, 6037944.694085489958525, 0.0 ], [ 527667.800118394196033, 6037954.624006976373494, 0.0 ], [ 527668.168177958577871, 6037964.555928652174771, 0.0 ], [ 527668.50123780220747, 6037974.489850535988808, 0.0 ], [ 527668.801297914236784, 6037984.42577260825783, 0.0 ], [ 527669.067358300089836, 6037994.364694873802364, 0.0 ], [ 527669.299418963491917, 6038004.305617334321141, 0.0 ], [ 527669.496479917317629, 6038014.249539996497333, 0.0 ], [ 527669.660541132092476, 6038024.19546284712851, 0.0 ], [ 527669.79060260951519, 6038034.14338589925319, 0.0 ], [ 527669.886664375662804, 6038044.093309146352112, 0.0 ], [ 527669.948726415634155, 6038054.046232585795224, 0.0 ], [ 527669.976788718253374, 6038064.001156222075224, 0.0 ], [ 527669.969851311296225, 6038073.959080055356026, 0.0 ], [ 527669.89691449329257, 6038083.930004204623401, 0.0 ], [ 527669.89691449329257, 6038083.930004204623401, 0.0 ] ], [ [ 527633.619207989424467, 6038086.45421274099499, 0.0 ], [ 527669.89691449329257, 6038083.930004204623401, 0.0 ] ], [ [ 527633.619207989424467, 6038086.45421274099499, 0.0 ], [ 527633.459336094558239, 6038106.656059135682881, 0.0 ], [ 527633.439399663358927, 6038116.7529819868505, 0.0 ], [ 527633.453462958335876, 6038126.846904650330544, 0.0 ], [ 527633.501525975763798, 6038136.93882711417973, 0.0 ], [ 527633.583588730543852, 6038147.028749377466738, 0.0 ], [ 527633.700651176273823, 6038157.115671444684267, 0.0 ], [ 527633.852713357657194, 6038167.200593308545649, 0.0 ], [ 527634.03777527436614, 6038177.282514987513423, 0.0 ], [ 527634.257836885750294, 6038187.362436462193727, 0.0 ], [ 527634.512898243963718, 6038197.440357730723917, 0.0 ], [ 527634.800959318876266, 6038207.515278817154467, 0.0 ], [ 527635.124020103365183, 6038217.588199697434902, 0.0 ], [ 527635.481080614030361, 6038227.658120389096439, 0.0 ], [ 527635.872140862047672, 6038237.727040874771774, 0.0 ], [ 527636.297200828790665, 6038247.791961174458265, 0.0 ], [ 527636.757260527461767, 6038257.855881264433265, 0.0 ], [ 527637.25131993740797, 6038267.916801163926721, 0.0 ], [ 527637.779379066079855, 6038277.974720872938633, 0.0 ], [ 527638.341437913477421, 6038288.030640381388366, 0.0 ], [ 527638.937496498227119, 6038298.084559695795178, 0.0 ], [ 527639.568554811179638, 6038308.136478800326586, 0.0 ], [ 527640.233612831681967, 6038318.185397719033062, 0.0 ], [ 527640.56664078310132, 6038323.040358469821513, 0.0 ], [ 527640.583642214536667, 6038323.290356450714171, 0.0 ], [ 527640.931670591235161, 6038328.232316444627941, 0.0 ], [ 527641.664728064090014, 6038338.276234969496727, 0.0 ], [ 527642.432785257697105, 6038348.318153293803334, 0.0 ], [ 527643.233842186629772, 6038358.358071424998343, 0.0 ], [ 527644.06889883428812, 6038368.394989367574453, 0.0 ], [ 527644.938955202698708, 6038378.429907104931772, 0.0 ], [ 527645.843011297285557, 6038388.461824649013579, 0.0 ], [ 527646.781067110598087, 6038398.491741996258497, 0.0 ], [ 527647.753122664988041, 6038408.519659144803882, 0.0 ], [ 527648.760177914053202, 6038418.544576099142432, 0.0 ], [ 527649.801232896745205, 6038428.567492852918804, 0.0 ], [ 527650.87628760933876, 6038438.588409407995641, 0.0 ], [ 527651.985342040657997, 6038448.60632577445358, 0.0 ], [ 527653.129396196454763, 6038458.622241934761405, 0.0 ], [ 527654.306450080126524, 6038468.635157911106944, 0.0 ], [ 527655.51950367167592, 6038478.646073677577078, 0.0 ], [ 527656.765556998550892, 6038488.654989250004292, 0.0 ], [ 527658.046610042452812, 6038498.660904628224671, 0.0 ], [ 527659.361662816256285, 6038508.664819805882871, 0.0 ], [ 527660.711715288460255, 6038518.665734788402915, 0.0 ], [ 527662.095767494291067, 6038528.664649572223425, 0.0 ], [ 527663.514819428324699, 6038538.661564151756465, 0.0 ], [ 527664.967871088534594, 6038548.65547853987664, 0.0 ], [ 527666.467922285199165, 6038558.636392732150853, 0.0 ], [ 527666.467922285199165, 6038558.636392732150853, 0.0 ] ], [ [ 527669.89691449329257, 6038083.930004204623401, 0.0 ], [ 527672.869017262011766, 6038103.913832599297166, 0.0 ], [ 527674.287069201469421, 6038113.910747181624174, 0.0 ], [ 527675.671121422201395, 6038123.909661967307329, 0.0 ], [ 527677.021173894405365, 6038133.91057694889605, 0.0 ], [ 527678.336226657032967, 6038143.914492128416896, 0.0 ], [ 527679.617279700934887, 6038153.92040750477463, 0.0 ], [ 527680.864333033561707, 6038163.929323071613908, 0.0 ], [ 527682.076386623084545, 6038173.9402388446033, 0.0 ], [ 527683.254440497606993, 6038183.953154814429581, 0.0 ], [ 527684.397494658827782, 6038193.969070981256664, 0.0 ], [ 527685.507549080997705, 6038203.986987340264022, 0.0 ], [ 527686.582603793591261, 6038214.007903896272182, 0.0 ], [ 527687.623658776283264, 6038224.030820650048554, 0.0 ], [ 527688.629714045673609, 6038234.05573760997504, 0.0 ], [ 527689.602769583463669, 6038244.083654752001166, 0.0 ], [ 527690.540825396776199, 6038254.11357210110873, 0.0 ], [ 527691.444881498813629, 6038264.14548964612186, 0.0 ], [ 527692.314937856048346, 6038274.180407382547855, 0.0 ], [ 527693.149994511157274, 6038284.218325315974653, 0.0 ], [ 527693.952051427215338, 6038294.257243448868394, 0.0 ], [ 527694.719108626246452, 6038304.299161777831614, 0.0 ], [ 527695.452166110277176, 6038314.343080305494368, 0.0 ], [ 527695.794193979352713, 6038319.198041004128754, 0.0 ], [ 527695.81119541451335, 6038319.448038982227445, 0.0 ], [ 527696.151223853230476, 6038324.389999025501311, 0.0 ], [ 527696.816281884908676, 6038334.438917940482497, 0.0 ], [ 527697.446340192109346, 6038344.49083705432713, 0.0 ], [ 527698.043398782610893, 6038354.544756361283362, 0.0 ], [ 527698.60545763745904, 6038364.60067587159574, 0.0 ], [ 527699.133516758680344, 6038374.658595577813685, 0.0 ], [ 527699.62657617777586, 6038384.719515484757721, 0.0 ], [ 527700.086635876446962, 6038394.783435573801398, 0.0 ], [ 527700.511695835739374, 6038404.849355867132545, 0.0 ], [ 527700.903756063431501, 6038414.917276354506612, 0.0 ], [ 527701.259816594421864, 6038424.987197053618729, 0.0 ], [ 527701.58287737891078, 6038435.060117932967842, 0.0 ], [ 527701.870938464999199, 6038445.135039016604424, 0.0 ], [ 527702.124999821186066, 6038455.212960294447839, 0.0 ], [ 527702.345061432570219, 6038465.292881768196821, 0.0 ], [ 527702.531123332679272, 6038475.374803440645337, 0.0 ], [ 527702.682185519486666, 6038485.459725310094655, 0.0 ], [ 527702.798247989267111, 6038495.547647376544774, 0.0 ], [ 527702.881310723721981, 6038505.636569642461836, 0.0 ], [ 527702.929373748600483, 6038515.728492106311023, 0.0 ], [ 527702.942437052726746, 6038525.823414765298367, 0.0 ], [ 527702.921500615775585, 6038535.919337630271912, 0.0 ], [ 527702.865564480423927, 6038546.019260686822236, 0.0 ], [ 527702.745628800243139, 6038556.112184196710587, 0.0 ], [ 527702.745628800243139, 6038556.112184196710587, 0.0 ] ], [ [ 527666.467922285199165, 6038558.636392732150853, 0.0 ], [ 527702.745628800243139, 6038556.112184196710587, 0.0 ] ], [ [ 527666.467922285199165, 6038558.636392732150853, 0.0 ], [ 527666.404048133641481, 6038578.595240384340286, 0.0 ], [ 527666.448110438883305, 6038588.569163776002824, 0.0 ], [ 527666.52617247775197, 6038598.540086977183819, 0.0 ], [ 527666.639234218746424, 6038608.510009964928031, 0.0 ], [ 527666.785295698791742, 6038618.475932776927948, 0.0 ], [ 527666.9663568995893, 6038628.440855376422405, 0.0 ], [ 527667.180417839437723, 6038638.402777791954577, 0.0 ], [ 527667.429478477686644, 6038648.362700001336634, 0.0 ], [ 527667.712538853287697, 6038658.319622023031116, 0.0 ], [ 527668.029598962515593, 6038668.274543844163418, 0.0 ], [ 527668.38065879046917, 6038678.227465467527509, 0.0 ], [ 527668.765718325972557, 6038688.177386901341379, 0.0 ], [ 527669.184777606278658, 6038698.125308136455715, 0.0 ], [ 527669.637836597859859, 6038708.071229171939194, 0.0 ], [ 527670.124895323067904, 6038718.01415001694113, 0.0 ], [ 527670.644953791052103, 6038727.955070672556758, 0.0 ], [ 527671.200011946260929, 6038737.892991131171584, 0.0 ], [ 527671.789069846272469, 6038747.828911389224231, 0.0 ], [ 527672.41212747246027, 6038757.762831449508667, 0.0 ], [ 527673.069184821099043, 6038767.693751319311559, 0.0 ], [ 527673.393212016671896, 6038772.41971311531961, 0.0 ], [ 527673.411213453859091, 6038772.668711096048355, 0.0 ], [ 527673.760241903364658, 6038777.62267099134624, 0.0 ], [ 527674.484298698604107, 6038787.549590471200645, 0.0 ], [ 527675.243355233222246, 6038797.473509754054248, 0.0 ], [ 527676.036411467939615, 6038807.39542883913964, 0.0 ], [ 527676.862467464059591, 6038817.315347731113434, 0.0 ], [ 527677.723523151129484, 6038827.232266427949071, 0.0 ], [ 527678.617578580975533, 6038837.147184932604432, 0.0 ], [ 527679.54663372412324, 6038847.059103239327669, 0.0 ], [ 527680.508688602596521, 6038856.96902135387063, 0.0 ], [ 527681.505743205547333, 6038866.876939263194799, 0.0 ], [ 527682.535797540098429, 6038876.781856991350651, 0.0 ], [ 527683.600851576775312, 6038886.684774513356388, 0.0 ], [ 527684.6999053619802, 6038896.585691837593913, 0.0 ], [ 527685.831958867609501, 6038906.483608976006508, 0.0 ], [ 527686.99901207536459, 6038916.379525911062956, 0.0 ], [ 527688.200065024197102, 6038926.272442656569183, 0.0 ], [ 527689.435117699205875, 6038936.164359194226563, 0.0 ], [ 527690.704170104116201, 6038946.052275548689067, 0.0 ], [ 527692.007222216576338, 6038955.939191698096693, 0.0 ], [ 527693.345274064689875, 6038965.823107651434839, 0.0 ], [ 527694.716325625777245, 6038975.704023419879377, 0.0 ], [ 527696.170376542955637, 6038985.582938681356609, 0.0 ], [ 527696.170376542955637, 6038985.582938681356609, 0.0 ] ], [ [ 527702.745628800243139, 6038556.112184196710587, 0.0 ], [ 527705.556731376796961, 6038575.871015323325992, 0.0 ], [ 527706.894783217459917, 6038585.754931274801493, 0.0 ], [ 527708.197835337370634, 6038595.640847432427108, 0.0 ], [ 527709.466887734830379, 6038605.529763780534267, 0.0 ], [ 527710.701940406113863, 6038615.420680328272283, 0.0 ], [ 527711.902993362396955, 6038625.314597062766552, 0.0 ], [ 527713.070046573877335, 6038635.209514004178345, 0.0 ], [ 527714.203100070357323, 6038645.108431130647659, 0.0 ], [ 527715.302153836935759, 6038655.008348462171853, 0.0 ], [ 527716.366207897663116, 6038664.911265990696847, 0.0 ], [ 527717.39726223424077, 6038674.817183702252805, 0.0 ], [ 527718.393316835165024, 6038684.7241016253829, 0.0 ], [ 527719.356371700763702, 6038694.635019728913903, 0.0 ], [ 527720.284426856786013, 6038704.546938043087721, 0.0 ], [ 527721.179482277482748, 6038714.461856541223824, 0.0 ], [ 527722.039537992328405, 6038724.378775240853429, 0.0 ], [ 527722.866593960672617, 6038734.298694127239287, 0.0 ], [ 527723.65865021571517, 6038744.220613219775259, 0.0 ], [ 527724.417706746608019, 6038754.144532502628863, 0.0 ], [ 527725.141763549298048, 6038764.070451989769936, 0.0 ], [ 527725.49279210716486, 6038769.0454117115587, 0.0 ], [ 527725.49279210716486, 6038769.0454117115587, 0.0 ], [ 527725.832820609211922, 6038773.999371662735939, 0.0 ], [ 527726.489877969026566, 6038783.931291526183486, 0.0 ], [ 527727.111935593187809, 6038793.865211590193212, 0.0 ], [ 527727.700993493199348, 6038803.801131851971149, 0.0 ], [ 527728.256051663309336, 6038813.739052307792008, 0.0 ], [ 527728.777110114693642, 6038823.679972955957055, 0.0 ], [ 527729.264168843626976, 6038833.622893800027668, 0.0 ], [ 527729.716227844357491, 6038843.568814844824374, 0.0 ], [ 527730.135287117213011, 6038853.51673607993871, 0.0 ], [ 527730.520346663892269, 6038863.466657512821257, 0.0 ], [ 527730.871406488120556, 6038873.419579136185348, 0.0 ], [ 527731.187466606497765, 6038883.374500965699553, 0.0 ], [ 527731.470526967197657, 6038893.331422983668745, 0.0 ], [ 527731.719587616622448, 6038903.291345193982124, 0.0 ], [ 527731.933648556470871, 6038913.253267610445619, 0.0 ], [ 527732.114709742367268, 6038923.217190217226744, 0.0 ], [ 527732.260771226137877, 6038933.184113021939993, 0.0 ], [ 527732.372832983732224, 6038943.153036024421453, 0.0 ], [ 527732.450895015150309, 6038953.124959216453135, 0.0 ], [ 527732.494957327842712, 6038963.098882608115673, 0.0 ], [ 527732.504019912332296, 6038973.074806203134358, 0.0 ], [ 527732.448083057999611, 6038983.058730145916343, 0.0 ], [ 527732.448083057999611, 6038983.058730145916343, 0.0 ] ], [ [ 527696.170376542955637, 6038985.582938681356609, 0.0 ], [ 527732.448083057999611, 6038983.058730145916343, 0.0 ] ], [ [ 527696.170376542955637, 6038985.582938681356609, 0.0 ], [ 527696.008504655212164, 6039005.782785106450319, 0.0 ], [ 527695.987568225711584, 6039015.878707971423864, 0.0 ], [ 527696.000631518661976, 6039025.971630645915866, 0.0 ], [ 527696.048694528639317, 6039036.062553117051721, 0.0 ], [ 527696.130757268518209, 6039046.151475390419364, 0.0 ], [ 527696.246819727122784, 6039056.237397471442819, 0.0 ], [ 527696.397881906479597, 6039066.321319348178804, 0.0 ], [ 527696.582943804562092, 6039076.402241036295891, 0.0 ], [ 527696.803005434572697, 6039086.482162510976195, 0.0 ], [ 527697.057066772133112, 6039096.558083800598979, 0.0 ], [ 527697.34512785077095, 6039106.633004886098206, 0.0 ], [ 527697.667188636958599, 6039116.703925788402557, 0.0 ], [ 527698.024249151349068, 6039126.773846479132771, 0.0 ], [ 527698.415309388190508, 6039136.840766980312765, 0.0 ], [ 527698.84036935120821, 6039146.905687281861901, 0.0 ], [ 527699.299429044127464, 6039156.967607391998172, 0.0 ], [ 527699.793488439172506, 6039167.027527298778296, 0.0 ], [ 527700.320547573268414, 6039177.085447014309466, 0.0 ], [ 527700.88260642811656, 6039187.140366531908512, 0.0 ], [ 527701.479665003716946, 6039197.193285845220089, 0.0 ], [ 527702.109723296016455, 6039207.243204973638058, 0.0 ], [ 527702.774781331419945, 6039217.292123890481889, 0.0 ], [ 527703.109809394925833, 6039222.170084453187883, 0.0 ], [ 527703.109809394925833, 6039222.170084453187883, 0.0 ], [ 527703.473839063197374, 6039227.337042625062168, 0.0 ], [ 527704.206896536052227, 6039237.380961150862277, 0.0 ], [ 527704.973953738808632, 6039247.42187948897481, 0.0 ], [ 527705.775010645389557, 6039257.459797636605799, 0.0 ], [ 527706.611067283898592, 6039267.495715579949319, 0.0 ], [ 527707.481123644858599, 6039277.52963332273066, 0.0 ], [ 527708.385179731994867, 6039287.561550868675113, 0.0 ], [ 527709.323235556483269, 6039297.590468222275376, 0.0 ], [ 527710.295291073620319, 6039307.616385390050709, 0.0 ], [ 527711.302346341311932, 6039317.64130234066397, 0.0 ], [ 527712.343401312828064, 6039327.663219102658331, 0.0 ], [ 527713.419456005096436, 6039337.682135667651892, 0.0 ], [ 527714.528510432690382, 6039347.699052039533854, 0.0 ], [ 527715.672564577311277, 6039357.713968208990991, 0.0 ], [ 527716.850618444383144, 6039367.725884187966585, 0.0 ], [ 527718.063672035932541, 6039377.735799960792065, 0.0 ], [ 527719.31072535738349, 6039387.743715536780655, 0.0 ], [ 527720.592778384685516, 6039397.748630914837122, 0.0 ], [ 527721.907831136137247, 6039407.751546101644635, 0.0 ], [ 527723.258883602917194, 6039417.751461084932089, 0.0 ], [ 527724.642935816198587, 6039427.749375875107944, 0.0 ], [ 527726.062987722456455, 6039437.745290456339717, 0.0 ], [ 527727.516039375215769, 6039447.738204852677882, 0.0 ], [ 527729.015090569853783, 6039457.716119075194001, 0.0 ], [ 527729.015090569853783, 6039457.716119075194001, 0.0 ] ], [ [ 527732.448083057999611, 6038983.058730145916343, 0.0 ], [ 527735.42218578979373, 6039003.040558541193604, 0.0 ], [ 527736.841237708926201, 6039013.036473128944635, 0.0 ], [ 527738.226289916783571, 6039023.034387912601233, 0.0 ], [ 527739.576342381536961, 6039033.034302903339267, 0.0 ], [ 527740.89239514619112, 6039043.037218082696199, 0.0 ], [ 527742.173448175191879, 6039053.042133467271924, 0.0 ], [ 527743.420501485466957, 6039063.050049043260515, 0.0 ], [ 527744.633555073291063, 6039073.059964816085994, 0.0 ], [ 527745.81160894036293, 6039083.071880795061588, 0.0 ], [ 527746.955663084983826, 6039093.086796961724758, 0.0 ], [ 527748.065717503428459, 6039103.103713328950107, 0.0 ], [ 527749.140772208571434, 6039113.122629902325571, 0.0 ], [ 527750.181827191263437, 6039123.144546662457287, 0.0 ], [ 527751.188882447779179, 6039133.16946361400187, 0.0 ], [ 527752.161937963217497, 6039143.1953807733953, 0.0 ], [ 527753.099993772804737, 6039153.224298128858209, 0.0 ], [ 527754.004049863666296, 6039163.256215673871338, 0.0 ], [ 527754.874106228351593, 6039173.290133418515325, 0.0 ], [ 527755.710162863135338, 6039183.326051361858845, 0.0 ], [ 527756.511219777166843, 6039193.363969507627189, 0.0 ], [ 527757.278276972472668, 6039203.4048878448084, 0.0 ], [ 527758.01133444532752, 6039213.448806373402476, 0.0 ], [ 527758.355362452566624, 6039218.326766881160438, 0.0 ], [ 527758.355362452566624, 6039218.326766881160438, 0.0 ], [ 527758.710392192006111, 6039223.494725099764764, 0.0 ], [ 527759.37545021250844, 6039233.542644024826586, 0.0 ], [ 527760.00550851598382, 6039243.592563152313232, 0.0 ], [ 527760.601567093282938, 6039253.645482474006712, 0.0 ], [ 527761.163625951856375, 6039263.700401990674436, 0.0 ], [ 527761.691685073077679, 6039273.758321699686348, 0.0 ], [ 527762.184744499623775, 6039283.818241611123085, 0.0 ], [ 527762.643804173916578, 6039293.880161722190678, 0.0 ], [ 527763.068864144384861, 6039303.945082024671137, 0.0 ], [ 527763.45992437005043, 6039314.012002523988485, 0.0 ], [ 527763.816984880715609, 6039324.081923215650022, 0.0 ], [ 527764.139045678079128, 6039334.153844109736383, 0.0 ], [ 527764.427106749266386, 6039344.2277652034536, 0.0 ], [ 527764.680168103426695, 6039354.304686492308974, 0.0 ], [ 527764.899229738861322, 6039364.383607979863882, 0.0 ], [ 527765.084291640669107, 6039374.464529667980969, 0.0 ], [ 527765.234353817999363, 6039384.548451551236212, 0.0 ], [ 527765.350416272878647, 6039394.634373633190989, 0.0 ], [ 527765.432479023933411, 6039404.723295907489955, 0.0 ], [ 527765.479542031884193, 6039414.814218383282423, 0.0 ], [ 527765.491605348885059, 6039424.908141056075692, 0.0 ], [ 527765.470668904483318, 6039435.003063928335905, 0.0 ], [ 527765.413732767105103, 6039445.101986998692155, 0.0 ], [ 527765.293797064572573, 6039455.191910532303154, 0.0 ], [ 527765.293797064572573, 6039455.191910532303154, 0.0 ] ], [ [ 527729.015090569853783, 6039457.716119075194001, 0.0 ], [ 527765.293797064572573, 6039455.191910532303154, 0.0 ] ], [ [ 527729.015090569853783, 6039457.716119075194001, 0.0 ], [ 527728.953215673565865, 6039477.559967594221234, 0.0 ], [ 527728.999277602881193, 6039487.476891408674419, 0.0 ], [ 527729.078339286148548, 6039497.391815032809973, 0.0 ], [ 527729.191400673240423, 6039507.303738464601338, 0.0 ], [ 527729.33846178278327, 6039517.212661704979837, 0.0 ], [ 527729.519522618502378, 6039527.120584743097425, 0.0 ], [ 527729.734583180397749, 6039537.025507587008178, 0.0 ], [ 527729.982643488794565, 6039546.927430247887969, 0.0 ], [ 527730.265703488141298, 6039556.82735270448029, 0.0 ], [ 527730.581763248890638, 6039566.725274967961013, 0.0 ], [ 527730.931822713464499, 6039576.621197032742202, 0.0 ], [ 527731.314881924539804, 6039586.514118914492428, 0.0 ], [ 527731.731940854340792, 6039596.405040599405766, 0.0 ], [ 527732.182999506592751, 6039606.293962085619569, 0.0 ], [ 527732.668057888746262, 6039616.179883379489183, 0.0 ], [ 527733.187115989625454, 6039626.063804475590587, 0.0 ], [ 527733.739173829555511, 6039635.944725387729704, 0.0 ], [ 527734.32523138821125, 6039645.823646103963256, 0.0 ], [ 527734.944288700819016, 6039655.700566624291241, 0.0 ], [ 527735.597345713526011, 6039665.575486947782338, 0.0 ], [ 527735.935374040156603, 6039670.497447157278657, 0.0 ], [ 527735.935374040156603, 6039670.497447157278657, 0.0 ], [ 527736.284402456134558, 6039675.447407081723213, 0.0 ], [ 527737.005458932369947, 6039685.3173270188272, 0.0 ], [ 527737.759515132755041, 6039695.184246767312288, 0.0 ], [ 527738.547571063041687, 6039705.04916631989181, 0.0 ], [ 527739.368626732379198, 6039714.912085680291057, 0.0 ], [ 527740.224682103842497, 6039724.772004845552146, 0.0 ], [ 527741.112737219780684, 6039734.629923823289573, 0.0 ], [ 527742.035792071372271, 6039744.485842594876885, 0.0 ], [ 527742.992846619337797, 6039754.338761177845299, 0.0 ], [ 527743.982900928705931, 6039764.190679563209414, 0.0 ], [ 527745.005954947322607, 6039774.038597769103944, 0.0 ], [ 527746.064008694142103, 6039783.885515763424337, 0.0 ], [ 527747.155062172561884, 6039793.729433572851121, 0.0 ], [ 527748.280115373432636, 6039803.57035119086504, 0.0 ], [ 527749.439168307930231, 6039813.410268605686724, 0.0 ], [ 527750.632220961153507, 6039823.246185837313533, 0.0 ], [ 527751.859273329377174, 6039833.081102862022817, 0.0 ], [ 527753.119325444102287, 6039842.913019702769816, 0.0 ], [ 527754.413377277553082, 6039852.742936344817281, 0.0 ], [ 527755.741428840905428, 6039862.570852789096534, 0.0 ], [ 527757.103480122983456, 6039872.395769041962922, 0.0 ], [ 527758.527531001716852, 6039882.230684829875827, 0.0 ], [ 527758.527531001716852, 6039882.230684829875827, 0.0 ] ], [ [ 527765.293797064572573, 6039455.191910532303154, 0.0 ], [ 527768.086899075657129, 6039474.837742635048926, 0.0 ], [ 527769.414950642734766, 6039484.664659089408815, 0.0 ], [ 527770.710002459585667, 6039494.494575724005699, 0.0 ], [ 527771.971054576337337, 6039504.326492556370795, 0.0 ], [ 527773.197106949985027, 6039514.16140958853066, 0.0 ], [ 527774.390159603208303, 6039523.998326811939478, 0.0 ], [ 527775.549212541431189, 6039533.837244233116508, 0.0 ], [ 527776.674265738576651, 6039543.679161844775081, 0.0 ], [ 527777.766319215297699, 6039553.523079650476575, 0.0 ], [ 527778.823372967541218, 6039563.368997657671571, 0.0 ], [ 527779.847426988184452, 6039573.217915848828852, 0.0 ], [ 527780.837481271475554, 6039583.068834242410958, 0.0 ], [ 527781.794535841792822, 6039592.921752823516726, 0.0 ], [ 527782.71659068018198, 6039602.777671603485942, 0.0 ], [ 527783.605645790696144, 6039612.635590573772788, 0.0 ], [ 527784.460701182484627, 6039622.496509736403823, 0.0 ], [ 527785.282756835222244, 6039632.358429099433124, 0.0 ], [ 527786.069812770932913, 6039642.223348657600582, 0.0 ], [ 527786.823868986219168, 6039652.091268399730325, 0.0 ], [ 527787.544925458729267, 6039661.961188334040344, 0.0 ], [ 527787.873952284455299, 6039666.633150514215231, 0.0 ], [ 527787.890953715890646, 6039666.883148494176567, 0.0 ], [ 527788.230982214212418, 6039671.8331084754318, 0.0 ], [ 527788.884039223194122, 6039681.707028807140887, 0.0 ], [ 527789.503096517175436, 6039691.58394933026284, 0.0 ], [ 527790.089154083281755, 6039701.462870043702424, 0.0 ], [ 527790.641211919486523, 6039711.344790948554873, 0.0 ], [ 527791.159270036965609, 6039721.22871204931289, 0.0 ], [ 527791.643328424543142, 6039731.114633351564407, 0.0 ], [ 527792.094387095421553, 6039741.003554836846888, 0.0 ], [ 527792.51144602149725, 6039750.893476528115571, 0.0 ], [ 527792.894505228847265, 6039760.787398402579129, 0.0 ], [ 527793.244564685970545, 6039770.682320475578308, 0.0 ], [ 527793.560624435544014, 6039780.580242740921676, 0.0 ], [ 527793.841684468090534, 6039790.481165204197168, 0.0 ], [ 527794.090744756162167, 6039800.383087855763733, 0.0 ], [ 527794.30480533093214, 6039810.28801070805639, 0.0 ], [ 527794.48586617410183, 6039820.19593374338001, 0.0 ], [ 527794.63192730396986, 6039830.104856992140412, 0.0 ], [ 527794.744988679885864, 6039840.016780423931777, 0.0 ], [ 527794.824050363153219, 6039849.931704045273364, 0.0 ], [ 527794.86911229416728, 6039859.848627868108451, 0.0 ], [ 527794.88017451018095, 6039869.767551885917783, 0.0 ], [ 527794.826237343251705, 6039879.704476175829768, 0.0 ], [ 527794.826237343251705, 6039879.704476175829768, 0.0 ] ], [ [ 527758.527531001716852, 6039882.230684829875827, 0.0 ], [ 527794.826237343251705, 6039879.704476175829768, 0.0 ] ], [ [ 527758.527531001716852, 6039882.230684829875827, 0.0 ], [ 527758.490657489746809, 6039902.324531278572977, 0.0 ], [ 527758.545720282942057, 6039912.387453919276595, 0.0 ], [ 527758.635782763361931, 6039922.447376362979412, 0.0 ], [ 527758.761844988912344, 6039932.506298589520156, 0.0 ], [ 527758.921906922012568, 6039942.562220623716712, 0.0 ], [ 527759.116968564689159, 6039952.616142454557121, 0.0 ], [ 527759.347029931843281, 6039962.667064088396728, 0.0 ], [ 527759.61309102922678, 6039972.71698550414294, 0.0 ], [ 527759.913151822984219, 6039982.763906729407609, 0.0 ], [ 527760.248212352395058, 6039992.80882774759084, 0.0 ], [ 527760.619272589683533, 6040002.851748555898666, 0.0 ], [ 527761.024332549422979, 6040012.891669176518917, 0.0 ], [ 527761.464392233639956, 6040022.930589583702385, 0.0 ], [ 527761.93945163115859, 6040032.96650979295373, 0.0 ], [ 527762.450510740280151, 6040043.000429789535701, 0.0 ], [ 527762.995569583028555, 6040053.031349600292742, 0.0 ], [ 527763.575628127902746, 6040063.061269193887711, 0.0 ], [ 527764.190686400979757, 6040073.088188594207168, 0.0 ], [ 527764.292695812880993, 6040074.711175533011556, 0.0 ], [ 527764.840744387358427, 6040083.113107787445188, 0.0 ], [ 527765.422793708741665, 6040091.673038623295724, 0.0 ], [ 527765.52480211108923, 6040093.135026792995632, 0.0 ], [ 527766.244859527796507, 6040103.155945579521358, 0.0 ], [ 527766.999916672706604, 6040113.173864167183638, 0.0 ], [ 527767.789973545819521, 6040123.189782553352416, 0.0 ], [ 527768.615030113607645, 6040133.203700731508434, 0.0 ], [ 527769.474086426198483, 6040143.215618713758886, 0.0 ], [ 527770.369142439216375, 6040153.224536490626633, 0.0 ], [ 527771.299198180437088, 6040163.231454065069556, 0.0 ], [ 527772.264253627508879, 6040173.236371434293687, 0.0 ], [ 527773.264308795332909, 6040183.239288600161672, 0.0 ], [ 527774.299363683909178, 6040193.239205568097532, 0.0 ], [ 527775.369418296962976, 6040203.238122323527932, 0.0 ], [ 527776.474472623318434, 6040213.233038891106844, 0.0 ], [ 527777.61452667042613, 6040223.226955244317651, 0.0 ], [ 527778.790580429136753, 6040233.218871387653053, 0.0 ], [ 527780.000633895397186, 6040243.207787340506911, 0.0 ], [ 527781.246687084436417, 6040253.194703082554042, 0.0 ], [ 527782.527739994227886, 6040263.179618622176349, 0.0 ], [ 527783.844792608171701, 6040273.161533954553306, 0.0 ], [ 527785.19584496691823, 6040283.142449083738029, 0.0 ], [ 527786.904902204871178, 6040294.33935265801847, 0.0 ], [ 527786.904902204871178, 6040294.33935265801847, 0.0 ] ], [ [ 527794.826237343251705, 6039879.704476175829768, 0.0 ], [ 527797.819339890033007, 6039899.680304497480392, 0.0 ], [ 527799.247391890734434, 6039909.699218853376806, 0.0 ], [ 527800.640444170683622, 6039919.721133403480053, 0.0 ], [ 527801.996496766805649, 6039929.746048166416585, 0.0 ], [ 527803.318549633026123, 6039939.773963116109371, 0.0 ], [ 527804.60460278019309, 6039949.803878278471529, 0.0 ], [ 527805.854656238108873, 6039959.836793643422425, 0.0 ], [ 527807.069709971547127, 6039969.872709203511477, 0.0 ], [ 527808.248764000833035, 6039979.911624969914556, 0.0 ], [ 527809.392818305641413, 6039989.953540930524468, 0.0 ], [ 527810.500872928649187, 6039999.998457095585763, 0.0 ], [ 527811.573927819728851, 6040010.045373466797173, 0.0 ], [ 527812.611983001232147, 6040020.096290025860071, 0.0 ], [ 527813.614038471132517, 6040030.149206794798374, 0.0 ], [ 527814.581094235181808, 6040040.205123760737479, 0.0 ], [ 527815.512150276452303, 6040050.263040939345956, 0.0 ], [ 527816.408206608146429, 6040060.324958304874599, 0.0 ], [ 527817.26826323568821, 6040070.388875883072615, 0.0 ], [ 527818.093320153653622, 6040080.456793650053442, 0.0 ], [ 527818.131322875618935, 6040080.934789751656353, 0.0 ], [ 527818.882377363741398, 6040090.526711625978351, 0.0 ], [ 527819.636434860527515, 6040100.599629798904061, 0.0 ], [ 527820.350492224097252, 6040110.602548761293292, 0.0 ], [ 527820.355492644011974, 6040110.675548172555864, 0.0 ], [ 527821.038550712168217, 6040120.753466753289104, 0.0 ], [ 527821.685609083622694, 6040130.835385529324412, 0.0 ], [ 527822.298667725175619, 6040140.919304504990578, 0.0 ], [ 527822.874726671725512, 6040151.006223691627383, 0.0 ], [ 527823.415785904973745, 6040161.096143073402345, 0.0 ], [ 527823.92184542119503, 6040171.189062652178109, 0.0 ], [ 527824.391905229538679, 6040181.283982439897954, 0.0 ], [ 527824.825965337455273, 6040191.382902424782515, 0.0 ], [ 527825.225025724619627, 6040201.483822615817189, 0.0 ], [ 527825.588086415082216, 6040211.587743007577956, 0.0 ], [ 527825.916147377341986, 6040221.694663597270846, 0.0 ], [ 527826.2082086391747, 6040231.804584388621151, 0.0 ], [ 527826.464270208030939, 6040241.917505385354161, 0.0 ], [ 527826.685332056134939, 6040252.03342657815665, 0.0 ], [ 527826.870394185185432, 6040262.151347981765866, 0.0 ], [ 527827.019456602632999, 6040272.27226958796382, 0.0 ], [ 527826.814514588564634, 6040281.253202143125236, 0.0 ], [ 527826.814514588564634, 6040281.253202143125236, 0.0 ] ], [ [ 527786.904902204871178, 6040294.33935265801847, 0.0 ], [ 527826.814514588564634, 6040281.253202143125236, 0.0 ] ], [ [ 529378.683303121477365, 6029401.352720866911113, 0.0 ], [ 529150.732504833489656, 6029792.56815854460001, 0.0 ], [ 528943.569323368370533, 6030148.107738696970046, 0.0 ], [ 528726.739320069551468, 6030520.235252611339092, 0.0 ], [ 528506.175385616719723, 6030898.773740915581584, 0.0 ], [ 528275.081645239144564, 6031295.383157054893672, 0.0 ], [ 528096.694933351129293, 6031601.534934438765049, 0.0 ], [ 527868.21514480561018, 6031993.658368492498994, 0.0 ], [ 527699.102261982858181, 6032283.895209429785609, 0.0 ], [ 527581.034438267350197, 6032486.525400228798389, 0.0 ], [ 527444.788949601352215, 6032720.353466436266899, 0.0 ], [ 527459.343357693403959, 6033121.49130504578352, 0.0 ], [ 527470.51520624011755, 6033429.418878255411983, 0.0 ], [ 527487.854075074195862, 6033907.306112000718713, 0.0 ], [ 527502.936570506542921, 6034322.995835925452411, 0.0 ], [ 527520.282440558075905, 6034801.087068065069616, 0.0 ], [ 527535.10589325428009, 6035209.654848123900592, 0.0 ], [ 527552.001688834279776, 6035675.340178033336997, 0.0 ], [ 527566.656113427132368, 6036079.225994984619319, 0.0 ], [ 527583.538906801491976, 6036544.545327777974308, 0.0 ], [ 527596.227006252855062, 6036894.269571587443352, 0.0 ], [ 527610.596383668482304, 6037290.298450458794832, 0.0 ], [ 527623.969596389681101, 6037658.891545557416975, 0.0 ], [ 527653.618046198040247, 6038085.063097778707743, 0.0 ], [ 527686.466760501265526, 6038557.245277769863605, 0.0 ], [ 527716.169214747846127, 6038984.191823719069362, 0.0 ], [ 527749.014928761869669, 6039456.325004106387496, 0.0 ], [ 527778.548369023948908, 6039880.837569743394852, 0.0 ], [ 527806.859708391129971, 6040287.796277401968837, 0.0 ] ], [ [ 547157.820299688726664, 6015878.181548370979726, 0.0 ], [ 547176.214233204722404, 6015890.010342314839363, 0.0 ], [ 547184.657199796289206, 6015894.97925125900656, 0.0 ], [ 547193.14116557687521, 6015899.868160556070507, 0.0 ], [ 547201.667130522429943, 6015904.676070211455226, 0.0 ], [ 547210.233094666153193, 6015909.402980233542621, 0.0 ], [ 547218.841057956218719, 6015914.048890612088144, 0.0 ], [ 547227.49002043530345, 6015918.613801353611052, 0.0 ], [ 547236.180982083082199, 6015923.097712451592088, 0.0 ], [ 547236.393981151282787, 6015923.20671028085053, 0.0 ], [ 547244.912942923605442, 6015927.500623911619186, 0.0 ], [ 547253.685902912169695, 6015931.821535740979016, 0.0 ], [ 547262.501862064003944, 6015936.060447928495705, 0.0 ], [ 547271.358820401132107, 6015940.21736048720777, 0.0 ], [ 547280.257777888327837, 6015944.292273406870663, 0.0 ], [ 547289.198734525591135, 6015948.284186700358987, 0.0 ], [ 547298.182690318673849, 6015952.193100358359516, 0.0 ], [ 547307.208645269274712, 6015956.019014386460185, 0.0 ], [ 547313.220308225601912, 6015958.052706655114889, 0.0 ], [ 547314.683601520955563, 6015958.160951046273112, 0.0 ], [ 547314.683601520955563, 6015958.160951046273112, 0.0 ] ], [ [ 547174.618091970682144, 6015865.578539319336414, 0.0 ], [ 547182.496047589927912, 6015868.112470447085798, 0.0 ], [ 547191.862002436071634, 6015872.333379318937659, 0.0 ], [ 547201.180958166718483, 6015876.642287812195718, 0.0 ], [ 547210.451914824545383, 6015881.038195939734578, 0.0 ], [ 547219.676872406154871, 6015885.52310367487371, 0.0 ], [ 547228.854830872267485, 6015890.095011040568352, 0.0 ], [ 547237.98479026183486, 6015894.754918034188449, 0.0 ], [ 547247.067750569432974, 6015899.50282465107739, 0.0 ], [ 547251.929729621857405, 6015902.091774298809469, 0.0 ], [ 547256.103711809962988, 6015904.339730877429247, 0.0 ], [ 547265.091673951596022, 6015909.26563672721386, 0.0 ], [ 547274.032637022435665, 6015914.280542191118002, 0.0 ], [ 547282.92560102045536, 6015919.384447274729609, 0.0 ], [ 547291.770565941929817, 6015924.577351978048682, 0.0 ], [ 547300.5665318146348, 6015929.861256293952465, 0.0 ], [ 547309.315498605370522, 6015935.2341602249071, 0.0 ], [ 547318.014466360211372, 6015940.699063763953745, 0.0 ], [ 547328.164433296769857, 6015947.803945638239384, 0.0 ], [ 547328.164433296769857, 6015947.803945638239384, 0.0 ] ], [ [ 547157.820299688726664, 6015878.181548370979726, 0.0 ], [ 547174.618091970682144, 6015865.578539319336414, 0.0 ] ], [ [ 547314.683601520955563, 6015958.160951046273112, 0.0 ], [ 547328.164433296769857, 6015947.803945638239384, 0.0 ] ], [ [ 547314.683601520955563, 6015958.160951046273112, 0.0 ], [ 547328.769590325653553, 6015973.542744854465127, 0.0 ], [ 547335.652583364397287, 6015980.819645933806896, 0.0 ], [ 547342.569575905799866, 6015988.060547071509063, 0.0 ], [ 547349.519567959010601, 6015995.265448279678822, 0.0 ], [ 547356.502559546381235, 6016002.435349548235536, 0.0 ], [ 547363.519550655037165, 6016009.56925087980926, 0.0 ], [ 547370.569541279226542, 6016016.667152277193964, 0.0 ], [ 547377.653531424701214, 6016023.730053731240332, 0.0 ], [ 547384.770521096885204, 6016030.757955244742334, 0.0 ], [ 547391.920510303229094, 6016037.749856826849282, 0.0 ], [ 547399.104499008506536, 6016044.706758461892605, 0.0 ], [ 547402.357493750751019, 6016047.833714099600911, 0.0 ], [ 547406.321487251669168, 6016051.627660165540874, 0.0 ], [ 547413.572475001215935, 6016058.513561924919486, 0.0 ], [ 547417.220468685030937, 6016061.952512695454061, 0.0 ], [ 547420.855462286621332, 6016065.363463760353625, 0.0 ], [ 547428.173449080437422, 6016072.178365641273558, 0.0 ], [ 547435.523435425013304, 6016078.957267596386373, 0.0 ], [ 547442.907421257346869, 6016085.701169607229531, 0.0 ], [ 547450.324406635016203, 6016092.409071686677635, 0.0 ], [ 547457.775391522794962, 6016099.081973818130791, 0.0 ], [ 547465.259375926107168, 6016105.719876011833549, 0.0 ], [ 547472.776359863579273, 6016112.321778274141252, 0.0 ], [ 547480.327343314886093, 6016118.887680597603321, 0.0 ], [ 547487.911326300352812, 6016125.418582982383668, 0.0 ], [ 547495.529308788478374, 6016131.913485429249704, 0.0 ], [ 547503.180290803313255, 6016138.373387935571373, 0.0 ], [ 547510.865272346884012, 6016144.797290502116084, 0.0 ], [ 547518.583253394812346, 6016151.18519314005971, 0.0 ], [ 547526.044232662767172, 6016156.976101960986853, 0.0 ], [ 547526.044232662767172, 6016156.976101960986853, 0.0 ] ], [ [ 547349.575166132301092, 6015931.354937047697604, 0.0 ], [ 547364.332130510360003, 6015943.666750138625503, 0.0 ], [ 547371.832114156335592, 6015950.199653035961092, 0.0 ], [ 547379.299098256975412, 6015956.766555877402425, 0.0 ], [ 547386.732082825154066, 6015963.368458666838706, 0.0 ], [ 547394.131067883223295, 6015970.005361402407289, 0.0 ], [ 547401.497053410857916, 6015976.676264085806906, 0.0 ], [ 547408.828039422631264, 6015983.382166718132794, 0.0 ], [ 547416.126025903970003, 6015990.122069299221039, 0.0 ], [ 547423.391012851148844, 6015996.895971828140318, 0.0 ], [ 547430.621000289916992, 6016003.704874307848513, 0.0 ], [ 547437.817988179624081, 6016010.547776733525097, 0.0 ], [ 547440.772983346134424, 6016013.376736523583531, 0.0 ], [ 547444.980976566672325, 6016017.425679108127952, 0.0 ], [ 547452.110965419560671, 6016024.33758142683655, 0.0 ], [ 547455.673959996551275, 6016027.816532423719764, 0.0 ], [ 547459.20695473626256, 6016031.283483700826764, 0.0 ], [ 547466.268944535404444, 6016038.264385919086635, 0.0 ], [ 547473.296934813261032, 6016045.280288084410131, 0.0 ], [ 547480.291925542056561, 6016052.329190203920007, 0.0 ], [ 547487.252916771918535, 6016059.413092268630862, 0.0 ], [ 547494.180908463895321, 6016066.531994272023439, 0.0 ], [ 547501.07490062713623, 6016073.684896230697632, 0.0 ], [ 547507.934893265366554, 6016080.871798141859472, 0.0 ], [ 547514.760886374861002, 6016088.093699998222291, 0.0 ], [ 547521.553879965096712, 6016095.349601801484823, 0.0 ], [ 547528.31187404692173, 6016102.640503557398915, 0.0 ], [ 547535.036868572235107, 6016109.965405260212719, 0.0 ], [ 547541.728863585740328, 6016117.325306901708245, 0.0 ], [ 547548.385859079658985, 6016124.720208497717977, 0.0 ], [ 547555.239856459200382, 6016132.65410472638905, 0.0 ], [ 547555.239856459200382, 6016132.65410472638905, 0.0 ] ], [ [ 547314.683601520955563, 6015958.160951046273112, 0.0 ], [ 547349.575166132301092, 6015931.354937047697604, 0.0 ] ], [ [ 547526.044232662767172, 6016156.976101960986853, 0.0 ], [ 547555.239856459200382, 6016132.65410472638905, 0.0 ] ], [ [ 547526.044232662767172, 6016156.976101960986853, 0.0 ], [ 547535.50526624545455, 6016173.851913383230567, 0.0 ], [ 547540.503281988203526, 6016182.447816207073629, 0.0 ], [ 547545.538297291845083, 6016191.019718979485333, 0.0 ], [ 547550.610312152653933, 6016199.566621713340282, 0.0 ], [ 547555.720326572656631, 6016208.088524397462606, 0.0 ], [ 547560.868340544402599, 6016216.586427028290927, 0.0 ], [ 547566.05335408449173, 6016225.059329617768526, 0.0 ], [ 547571.276367172598839, 6016233.507232159376144, 0.0 ], [ 547576.53637982904911, 6016241.93013465963304, 0.0 ], [ 547581.833392031490803, 6016250.329037111252546, 0.0 ], [ 547587.168403800576925, 6016258.703939509578049, 0.0 ], [ 547592.505415063351393, 6016266.998842506669462, 0.0 ], [ 547592.54041513428092, 6016267.052841873839498, 0.0 ], [ 547597.949426017701626, 6016275.377744189463556, 0.0 ], [ 547602.890435516834259, 6016282.910655504092574, 0.0 ], [ 547603.396436467766762, 6016283.678646448068321, 0.0 ], [ 547608.88044648617506, 6016291.954548667185009, 0.0 ], [ 547614.401456046849489, 6016300.205450845882297, 0.0 ], [ 547619.960465174168348, 6016308.432352967560291, 0.0 ], [ 547625.556473862379789, 6016316.634255050681531, 0.0 ], [ 547631.189482118934393, 6016324.812157083302736, 0.0 ], [ 547636.859489947557449, 6016332.966059068217874, 0.0 ], [ 547642.566497307270765, 6016341.093961018137634, 0.0 ], [ 547648.311504248529673, 6016349.198862908408046, 0.0 ], [ 547654.092510752379894, 6016357.278764761053026, 0.0 ], [ 547659.911516819149256, 6016365.33366656769067, 0.0 ], [ 547665.767522435635328, 6016373.364568324759603, 0.0 ], [ 547671.661527618765831, 6016381.370470035821199, 0.0 ], [ 547677.591532360762358, 6016389.352371702902019, 0.0 ], [ 547683.559536658227444, 6016397.309273322112858, 0.0 ], [ 547689.572540029883385, 6016405.172175381332636, 0.0 ], [ 547689.572540029883385, 6016405.172175381332636, 0.0 ] ], [ [ 547555.239856459200382, 6016132.65410472638905, 0.0 ], [ 547567.541867431253195, 6016149.390899371355772, 0.0 ], [ 547573.400873921811581, 6016157.56380002386868, 0.0 ], [ 547579.22088086605072, 6016165.760700736194849, 0.0 ], [ 547585.001888267695904, 6016173.983601495623589, 0.0 ], [ 547590.743896123021841, 6016182.229502324946225, 0.0 ], [ 547596.447904419153929, 6016190.501403192058206, 0.0 ], [ 547602.113913159817457, 6016198.797304115258157, 0.0 ], [ 547607.739922367036343, 6016207.117205105721951, 0.0 ], [ 547613.327932015061378, 6016215.462106144055724, 0.0 ], [ 547618.877942100167274, 6016223.831007236614823, 0.0 ], [ 547624.388952638953924, 6016232.224908383563161, 0.0 ], [ 547629.860963631421328, 6016240.642809590324759, 0.0 ], [ 547630.121964164078236, 6016241.045804864726961, 0.0 ], [ 547635.294975072145462, 6016249.085710844025016, 0.0 ], [ 547640.100985631346703, 6016256.623622969724238, 0.0 ], [ 547640.68998695909977, 6016257.552612161263824, 0.0 ], [ 547646.046999294310808, 6016266.043513532727957, 0.0 ], [ 547651.366012074053288, 6016274.559414951130748, 0.0 ], [ 547656.64602530375123, 6016283.099316431209445, 0.0 ], [ 547661.888038977980614, 6016291.664217957295477, 0.0 ], [ 547667.092053107917309, 6016300.253119539469481, 0.0 ], [ 547672.257067665457726, 6016308.866021185182035, 0.0 ], [ 547677.383082680404186, 6016317.502922887913883, 0.0 ], [ 547682.472098141908646, 6016326.164824634790421, 0.0 ], [ 547687.522114049643278, 6016334.851726432330906, 0.0 ], [ 547692.534130398184061, 6016343.561628295108676, 0.0 ], [ 547697.507147211581469, 6016352.296530211344361, 0.0 ], [ 547702.442164447158575, 6016361.055432181805372, 0.0 ], [ 547707.339182149618864, 6016369.839334200136364, 0.0 ], [ 547712.197200279682875, 6016378.647236278280616, 0.0 ], [ 547716.960219290107489, 6016387.476138793863356, 0.0 ], [ 547716.960219290107489, 6016387.476138793863356, 0.0 ] ], [ [ 547689.572540029883385, 6016405.172175381332636, 0.0 ], [ 547716.960219290107489, 6016387.476138793863356, 0.0 ] ], [ [ 547689.572540029883385, 6016405.172175381332636, 0.0 ], [ 547699.417572855949402, 6016422.3949817372486, 0.0 ], [ 547704.412588462233543, 6016430.965884769335389, 0.0 ], [ 547709.44060368090868, 6016439.515787755139172, 0.0 ], [ 547714.500618536025286, 6016448.044690701179206, 0.0 ], [ 547719.594632975757122, 6016456.552593594416976, 0.0 ], [ 547724.720647048205137, 6016465.039496446959674, 0.0 ], [ 547729.880660731345415, 6016473.505399246700108, 0.0 ], [ 547735.072674032300711, 6016481.949302013963461, 0.0 ], [ 547740.297686953097582, 6016490.373204726725817, 0.0 ], [ 547745.555699482560158, 6016498.775107401423156, 0.0 ], [ 547750.845711637288332, 6016507.156010035425425, 0.0 ], [ 547756.169723395258188, 6016515.515912616625428, 0.0 ], [ 547759.358730219304562, 6016520.48785453569144, 0.0 ], [ 547761.52673477306962, 6016523.85481514967978, 0.0 ], [ 547762.473736733198166, 6016525.320797982625663, 0.0 ], [ 547766.91574577614665, 6016532.171717650257051, 0.0 ], [ 547772.337756380438805, 6016540.468620100058615, 0.0 ], [ 547777.792766608297825, 6016548.743522509001195, 0.0 ], [ 547783.28077644854784, 6016556.997424870729446, 0.0 ], [ 547788.801785912364721, 6016565.231327179819345, 0.0 ], [ 547794.355794977396727, 6016573.442229456268251, 0.0 ], [ 547799.942803673446178, 6016581.633131678216159, 0.0 ], [ 547805.562811970710754, 6016589.803033854812384, 0.0 ], [ 547811.214819889515638, 6016597.950935998000205, 0.0 ], [ 547816.900827422738075, 6016606.078838082030416, 0.0 ], [ 547822.61883457377553, 6016614.184740130789578, 0.0 ], [ 547828.370841339230537, 6016622.268642134964466, 0.0 ], [ 547834.469846908003092, 6016630.589540148153901, 0.0 ], [ 547834.469846908003092, 6016630.589540148153901, 0.0 ] ], [ [ 547716.960219290107489, 6016387.476138793863356, 0.0 ], [ 547728.530230868607759, 6016403.417944119311869, 0.0 ], [ 547734.251237444579601, 6016411.437846810556948, 0.0 ], [ 547739.938244432210922, 6016419.479749544523656, 0.0 ], [ 547745.594251777976751, 6016427.541652319952846, 0.0 ], [ 547751.217259522527456, 6016435.625555136241019, 0.0 ], [ 547756.808267638087273, 6016443.730457990430295, 0.0 ], [ 547762.366276133805513, 6016451.855360900983214, 0.0 ], [ 547767.892285022884607, 6016460.002263844013214, 0.0 ], [ 547773.386294256895781, 6016468.169166835956275, 0.0 ], [ 547778.847303904592991, 6016476.358069864101708, 0.0 ], [ 547784.276313912123442, 6016484.567972933873534, 0.0 ], [ 547789.673324313014746, 6016492.797876050695777, 0.0 ], [ 547792.976330898702145, 6016497.871816473081708, 0.0 ], [ 547795.037335075438023, 6016501.049779207445681, 0.0 ], [ 547796.102337270975113, 6016502.696759914048016, 0.0 ], [ 547800.369346231222153, 6016509.322682404890656, 0.0 ], [ 547805.668357774615288, 6016517.615585654042661, 0.0 ], [ 547810.936369672417641, 6016525.930488932877779, 0.0 ], [ 547816.170381970703602, 6016534.266392262652516, 0.0 ], [ 547821.373394630849361, 6016542.622295632958412, 0.0 ], [ 547826.543407686054707, 6016551.000199043191969, 0.0 ], [ 547831.681421130895615, 6016559.399102494120598, 0.0 ], [ 547836.786434933543205, 6016567.818005999550223, 0.0 ], [ 547841.859449114650488, 6016576.25890953745693, 0.0 ], [ 547846.900463692843914, 6016584.720813115127385, 0.0 ], [ 547851.908478636294603, 6016593.203716740012169, 0.0 ], [ 547856.884493961930275, 6016601.707620404660702, 0.0 ], [ 547861.525510516017675, 6016609.997527811676264, 0.0 ], [ 547861.525510516017675, 6016609.997527811676264, 0.0 ] ], [ [ 547834.469846908003092, 6016630.589540148153901, 0.0 ], [ 547861.525510516017675, 6016609.997527811676264, 0.0 ] ], [ [ 547834.472846921533346, 6016630.593540098518133, 0.0 ], [ 547846.855853039771318, 6016646.657339385710657, 0.0 ], [ 547852.9998550824821, 6016654.469241010025144, 0.0 ], [ 547859.168856788426638, 6016662.256142667494714, 0.0 ], [ 547865.365858115255833, 6016670.020044327713549, 0.0 ], [ 547871.58985910192132, 6016677.758946008980274, 0.0 ], [ 547877.840859711170197, 6016685.474847696721554, 0.0 ], [ 547884.117859985679388, 6016693.166749403811991, 0.0 ], [ 547890.421859890222549, 6016700.833651134744287, 0.0 ], [ 547896.752859450876713, 6016708.477552868425846, 0.0 ], [ 547903.110858649015427, 6016716.097454618662596, 0.0 ], [ 547909.494857504963875, 6016723.693356390111148, 0.0 ], [ 547915.90685598179698, 6016731.26525816693902, 0.0 ], [ 547922.344854112714529, 6016738.812159974128008, 0.0 ], [ 547928.808851901441813, 6016746.336061792448163, 0.0 ], [ 547935.300849329680204, 6016753.836963613517582, 0.0 ], [ 547941.818846397101879, 6016761.312865459360182, 0.0 ], [ 547948.363843116909266, 6016768.764767319895327, 0.0 ], [ 547954.935839470475912, 6016776.192669197916985, 0.0 ], [ 547958.297837473452091, 6016779.971619159914553, 0.0 ], [ 547961.127835735678673, 6016783.142577117308974, 0.0 ], [ 547961.534835487604141, 6016783.597571079619229, 0.0 ], [ 547968.159831125289202, 6016790.977472988888621, 0.0 ], [ 547974.812826417386532, 6016798.33437489811331, 0.0 ], [ 547981.490821365267038, 6016805.666276843287051, 0.0 ], [ 547988.196815945208073, 6016812.975178786553442, 0.0 ], [ 547994.929810170084238, 6016820.260080746375024, 0.0 ], [ 548001.688804041594267, 6016827.519982732832432, 0.0 ], [ 548008.474797558039427, 6016834.756884726695716, 0.0 ], [ 548015.287790723145008, 6016841.969786733388901, 0.0 ], [ 548022.12778352573514, 6016849.158688755705953, 0.0 ], [ 548028.993775982409716, 6016856.32359079644084, 0.0 ], [ 548035.88776807487011, 6016863.464492845349014, 0.0 ], [ 548042.807759802788496, 6016870.580394923686981, 0.0 ], [ 548049.754751190543175, 6016877.673297007568181, 0.0 ], [ 548056.728742215782404, 6016884.742199105210602, 0.0 ], [ 548063.729732885956764, 6016891.787101216614246, 0.0 ], [ 548070.757723189890385, 6016898.807003350928426, 0.0 ], [ 548077.812713142484426, 6016905.803905490785837, 0.0 ], [ 548084.894702728837729, 6016912.775807653553784, 0.0 ], [ 548092.003691971302032, 6016919.723709830082953, 0.0 ], [ 548099.162680510431528, 6016926.624612051993608, 0.0 ], [ 548099.162680510431528, 6016926.624612051993608, 0.0 ] ], [ [ 547861.522510509938002, 6016609.993527862243354, 0.0 ], [ 547875.839488014578819, 6016623.856331843882799, 0.0 ], [ 547883.038477804511786, 6016631.003231931477785, 0.0 ], [ 547890.210467960685492, 6016638.175131996162236, 0.0 ], [ 547897.35445849224925, 6016645.372032049112022, 0.0 ], [ 547904.469449408352375, 6016652.593932090327144, 0.0 ], [ 547911.55644067376852, 6016659.840832116082311, 0.0 ], [ 547918.616432327777147, 6016667.112732119858265, 0.0 ], [ 547925.647424336522818, 6016674.409632115624845, 0.0 ], [ 547932.650416731834412, 6016681.731532094068825, 0.0 ], [ 547939.626409497112036, 6016689.078432051464915, 0.0 ], [ 547946.573402624577284, 6016696.449332008138299, 0.0 ], [ 547953.492396123707294, 6016703.846231942996383, 0.0 ], [ 547960.383389994502068, 6016711.267131867818534, 0.0 ], [ 547967.24738423153758, 6016718.713031771592796, 0.0 ], [ 547974.082378849387169, 6016726.183931666426361, 0.0 ], [ 547980.889373831450939, 6016733.679831543937325, 0.0 ], [ 547987.668369185179472, 6016741.200731410644948, 0.0 ], [ 547994.420364905148745, 6016748.746631251648068, 0.0 ], [ 547994.503364857286215, 6016748.839630017988384, 0.0 ], [ 547997.328363187611103, 6016752.014587975107133, 0.0 ], [ 548001.143361002206802, 6016756.316531090065837, 0.0 ], [ 548007.838357467204332, 6016763.912430908530951, 0.0 ], [ 548014.505354307591915, 6016771.532330716960132, 0.0 ], [ 548021.145351503044367, 6016779.177230506204069, 0.0 ], [ 548027.756349094212055, 6016786.847130284644663, 0.0 ], [ 548034.339347034692764, 6016794.542030047625303, 0.0 ], [ 548040.894345350563526, 6016802.261929795145988, 0.0 ], [ 548047.421344045549631, 6016810.006829527206719, 0.0 ], [ 548053.920343108475208, 6016817.776729242876172, 0.0 ], [ 548060.391342543065548, 6016825.57162894308567, 0.0 ], [ 548066.83434235304594, 6016833.390528636984527, 0.0 ], [ 548073.249342519789934, 6016841.235428307205439, 0.0 ], [ 548079.636343069374561, 6016849.105327961966395, 0.0 ], [ 548085.994343999773264, 6016856.999227616004646, 0.0 ], [ 548092.324345301836729, 6016864.919127244502306, 0.0 ], [ 548098.627346940338612, 6016872.863026861101389, 0.0 ], [ 548104.901348993182182, 6016880.832926460541785, 0.0 ], [ 548111.146351419389248, 6016888.827826051041484, 0.0 ], [ 548117.364354189485312, 6016896.84772561956197, 0.0 ], [ 548123.522357683628798, 6016904.907625257968903, 0.0 ], [ 548123.522357683628798, 6016904.907625257968903, 0.0 ] ], [ [ 547834.472846921533346, 6016630.593540098518133, 0.0 ], [ 547861.522510509938002, 6016609.993527862243354, 0.0 ] ], [ [ 548099.162680510431528, 6016926.624612051993608, 0.0 ], [ 548123.522357683628798, 6016904.907625257968903, 0.0 ] ], [ [ 548099.162680510431528, 6016926.624612051993608, 0.0 ], [ 548111.210687883198261, 6016942.4784150486812, 0.0 ], [ 548117.289690859615803, 6016950.357316570356488, 0.0 ], [ 548123.393693473190069, 6016958.213218107819557, 0.0 ], [ 548129.525695726275444, 6016966.044119664467871, 0.0 ], [ 548135.682697653770447, 6016973.853021229617298, 0.0 ], [ 548141.866699226200581, 6016981.636922817677259, 0.0 ], [ 548148.077700424939394, 6016989.397824413143098, 0.0 ], [ 548154.314701307564974, 6016997.135726018808782, 0.0 ], [ 548160.577701810747385, 6017004.849627644754946, 0.0 ], [ 548166.866701986640692, 6017012.540529286488891, 0.0 ], [ 548173.182701803743839, 6017020.207430940121412, 0.0 ], [ 548179.524701278656721, 6017027.851332607679069, 0.0 ], [ 548185.893700405955315, 6017035.471234288997948, 0.0 ], [ 548192.288699176162481, 6017043.068135981447995, 0.0 ], [ 548198.709697600454092, 6017050.641037696041167, 0.0 ], [ 548205.156695678830147, 6017058.190939423628151, 0.0 ], [ 548211.630693394690752, 6017065.716841163113713, 0.0 ], [ 548218.130690775811672, 6017073.219742917455733, 0.0 ], [ 548224.657687801867723, 6017080.699644676409662, 0.0 ], [ 548231.209684487432241, 6017088.155546464957297, 0.0 ], [ 548237.788680829107761, 6017095.588448257185519, 0.0 ], [ 548241.031678888946772, 6017099.23240000102669, 0.0 ], [ 548241.031678888946772, 6017099.23240000102669, 0.0 ], [ 548244.394676797091961, 6017102.997350064106286, 0.0 ], [ 548251.025672439485788, 6017110.382251897826791, 0.0 ], [ 548257.683667723089457, 6017117.745153730735183, 0.0 ], [ 548264.367662664502859, 6017125.084055584855378, 0.0 ], [ 548271.078657247126102, 6017132.39895745087415, 0.0 ], [ 548277.81565148755908, 6017139.69085933174938, 0.0 ], [ 548284.578645389527082, 6017146.958761231973767, 0.0 ], [ 548291.367638930678368, 6017154.203663145191967, 0.0 ], [ 548298.183632109314203, 6017161.42456507217139, 0.0 ], [ 548305.025624956935644, 6017168.622467013075948, 0.0 ], [ 548311.894617453217506, 6017175.797368958592415, 0.0 ], [ 548318.789609596133232, 6017182.948270924389362, 0.0 ], [ 548325.710601389408112, 6017190.075172912329435, 0.0 ], [ 548332.658592835068703, 6017197.179074906744063, 0.0 ], [ 548339.633583921939135, 6017204.258976913057268, 0.0 ], [ 548346.633574686944485, 6017211.315878939814866, 0.0 ], [ 548353.66156505420804, 6017218.347780982963741, 0.0 ], [ 548360.714555103331804, 6017225.357683035545051, 0.0 ], [ 548367.795544788241386, 6017232.343585097230971, 0.0 ], [ 548374.901534132659435, 6017239.305487184785306, 0.0 ], [ 548382.035523109138012, 6017246.243389280512929, 0.0 ], [ 548389.195511747151613, 6017253.158291387371719, 0.0 ], [ 548396.414499707520008, 6017260.038193394429982, 0.0 ], [ 548396.414499707520008, 6017260.038193394429982, 0.0 ] ], [ [ 548123.522357683628798, 6016904.907625257968903, 0.0 ], [ 548137.895334240049124, 6016918.688429516740143, 0.0 ], [ 548145.028323229402304, 6016925.627331609837711, 0.0 ], [ 548152.133312590420246, 6016932.590233697555959, 0.0 ], [ 548159.213302288204432, 6016939.577135757543147, 0.0 ], [ 548166.266292341053486, 6016946.587037810124457, 0.0 ], [ 548173.293282736092806, 6016953.619939849711955, 0.0 ], [ 548180.293273497372866, 6016960.676841876469553, 0.0 ], [ 548187.26726458594203, 6016967.757743883877993, 0.0 ], [ 548194.214256037026644, 6016974.861645883880556, 0.0 ], [ 548201.135247834026814, 6016981.988547871820629, 0.0 ], [ 548208.030239976942539, 6016989.139449839480221, 0.0 ], [ 548214.899232469499111, 6016996.314351783134043, 0.0 ], [ 548221.741225317120552, 6017003.512253723107278, 0.0 ], [ 548228.557218506932259, 6017010.733155649155378, 0.0 ], [ 548235.346212055534124, 6017017.978057563304901, 0.0 ], [ 548242.109205950051546, 6017025.246959456242621, 0.0 ], [ 548248.846200186759233, 6017032.537861344404519, 0.0 ], [ 548255.557194773107767, 6017039.853763203136623, 0.0 ], [ 548262.241189707070589, 6017047.191665065474808, 0.0 ], [ 548268.899184998124838, 6017054.5545668983832, 0.0 ], [ 548275.531180627644062, 6017061.939468725584447, 0.0 ], [ 548278.780178610235453, 6017065.577420476824045, 0.0 ], [ 548278.780178610235453, 6017065.577420476824045, 0.0 ], [ 548282.136176612228155, 6017069.348370539955795, 0.0 ], [ 548288.715172942727804, 6017076.781272333115339, 0.0 ], [ 548295.26816963404417, 6017084.237174114212394, 0.0 ], [ 548301.79516664519906, 6017091.716075879521668, 0.0 ], [ 548308.29516402259469, 6017099.218977633863688, 0.0 ], [ 548314.769161742180586, 6017106.744879375211895, 0.0 ], [ 548321.216159824281931, 6017114.294781100936234, 0.0 ], [ 548327.637158256024122, 6017121.868682807311416, 0.0 ], [ 548334.032157026231289, 6017129.465584500692785, 0.0 ], [ 548340.400156158953905, 6017137.085486187599599, 0.0 ], [ 548346.742155626416206, 6017144.729387855157256, 0.0 ], [ 548353.058155439794064, 6017152.3962895097211, 0.0 ], [ 548359.347155626863241, 6017160.087191150523722, 0.0 ], [ 548365.610156137496233, 6017167.802092770114541, 0.0 ], [ 548371.846157014369965, 6017175.539994382299483, 0.0 ], [ 548378.056158244609833, 6017183.30089598428458, 0.0 ], [ 548384.240159809589386, 6017191.086797555908561, 0.0 ], [ 548390.396161742508411, 6017198.895699128508568, 0.0 ], [ 548396.52716401219368, 6017206.727600681595504, 0.0 ], [ 548402.631166636943817, 6017214.583502221852541, 0.0 ], [ 548408.708169635385275, 6017222.46340374648571, 0.0 ], [ 548414.75817296653986, 6017230.367305256426334, 0.0 ], [ 548420.770176954567432, 6017238.328206569887698, 0.0 ], [ 548420.770176954567432, 6017238.328206569887698, 0.0 ] ], [ [ 548396.414499707520008, 6017260.038193394429982, 0.0 ], [ 548420.770176954567432, 6017238.328206569887698, 0.0 ] ], [ [ 548396.414499707520008, 6017260.038193394429982, 0.0 ], [ 548409.021501738578081, 6017275.720994188450277, 0.0 ], [ 548415.39050192758441, 6017283.511894562281668, 0.0 ], [ 548421.788501713424921, 6017291.275794956833124, 0.0 ], [ 548428.218501102179289, 6017299.011695370078087, 0.0 ], [ 548434.67750009894371, 6017306.721595795825124, 0.0 ], [ 548441.167498670518398, 6017314.40449623670429, 0.0 ], [ 548447.688496842980385, 6017322.059396693482995, 0.0 ], [ 548454.239494625478983, 6017329.688297163695097, 0.0 ], [ 548460.820491999387741, 6017337.289197657257318, 0.0 ], [ 548467.432488974183798, 6017344.864098156802356, 0.0 ], [ 548474.074485551565886, 6017352.411998673342168, 0.0 ], [ 548477.954483360052109, 6017356.791940783150494, 0.0 ], [ 548480.747481718659401, 6017359.931899211369455, 0.0 ], [ 548481.111481491476297, 6017360.34089379478246, 0.0 ], [ 548487.450477477163076, 6017367.425799759104848, 0.0 ], [ 548494.183472853153944, 6017374.892700324766338, 0.0 ], [ 548500.947467800229788, 6017382.331600908190012, 0.0 ], [ 548507.741462364792824, 6017389.744501505047083, 0.0 ], [ 548514.565456531941891, 6017397.130402119830251, 0.0 ], [ 548521.420450288802385, 6017404.489302744157612, 0.0 ], [ 548528.305443644523621, 6017411.821203389205039, 0.0 ], [ 548535.220436614006758, 6017419.126104051247239, 0.0 ], [ 548542.166429169476032, 6017426.404004725627601, 0.0 ], [ 548549.142421312630177, 6017433.654905418865383, 0.0 ], [ 548556.148413065820932, 6017440.878806130029261, 0.0 ], [ 548562.745402954518795, 6017447.307715494185686, 0.0 ], [ 548562.745402954518795, 6017447.307715494185686, 0.0 ] ], [ [ 548420.770176954567432, 6017238.328206569887698, 0.0 ], [ 548434.598158989101648, 6017252.317012661136687, 0.0 ], [ 548441.456150788813829, 6017259.367915626615286, 0.0 ], [ 548448.285142965614796, 6017266.443818582221866, 0.0 ], [ 548455.085135530680418, 6017273.545721519738436, 0.0 ], [ 548461.856128484010696, 6017280.673624440096319, 0.0 ], [ 548468.59812181442976, 6017287.827527344226837, 0.0 ], [ 548475.311115548014641, 6017295.007430231198668, 0.0 ], [ 548481.995109643787146, 6017302.212333111092448, 0.0 ], [ 548488.651104114949703, 6017309.44423596188426, 0.0 ], [ 548495.278098978102207, 6017316.70113879814744, 0.0 ], [ 548501.876094233244658, 6017323.9840416200459, 0.0 ], [ 548508.445089858025312, 6017331.292944425716996, 0.0 ], [ 548508.944089543074369, 6017331.850937020964921, 0.0 ], [ 548512.108087591826916, 6017335.393890032544732, 0.0 ], [ 548514.985085867345333, 6017338.62684722058475, 0.0 ], [ 548521.49608227238059, 6017345.987749992869794, 0.0 ], [ 548527.97907904908061, 6017353.373652748763561, 0.0 ], [ 548534.432076223194599, 6017360.785555494017899, 0.0 ], [ 548540.857073750346899, 6017368.22245822288096, 0.0 ], [ 548547.253071691840887, 6017375.68636092916131, 0.0 ], [ 548553.621069990098476, 6017383.175263619050384, 0.0 ], [ 548559.959068678319454, 6017390.690166298300028, 0.0 ], [ 548566.269067760556936, 6017398.23106895480305, 0.0 ], [ 548572.550067197531462, 6017405.796971601434052, 0.0 ], [ 548578.802067037671804, 6017413.389874224551022, 0.0 ], [ 548585.025067262351513, 6017421.007776835933328, 0.0 ], [ 548591.659069322049618, 6017429.417670806869864, 0.0 ], [ 548591.659069322049618, 6017429.417670806869864, 0.0 ] ], [ [ 548562.745402954518795, 6017447.307715494185686, 0.0 ], [ 548591.659069322049618, 6017429.417670806869864, 0.0 ] ], [ [ 548562.745402954518795, 6017447.307715494185686, 0.0 ], [ 548568.988471254706383, 6017465.788534845225513, 0.0 ], [ 548572.39250523597002, 6017475.345440325327218, 0.0 ], [ 548575.832538839429617, 6017484.887345692142844, 0.0 ], [ 548579.308572072535753, 6017494.41525094024837, 0.0 ], [ 548582.819604951888323, 6017503.927156092599034, 0.0 ], [ 548586.366637449711561, 6017513.425061126239598, 0.0 ], [ 548589.948669597506523, 6017522.907966054044664, 0.0 ], [ 548593.567701380699873, 6017532.375870862975717, 0.0 ], [ 548597.220732789486647, 6017541.829775566235185, 0.0 ], [ 548600.909763839095831, 6017551.268680159933865, 0.0 ], [ 548604.634794522076845, 6017560.692584639415145, 0.0 ], [ 548608.39582484215498, 6017570.101489008404315, 0.0 ], [ 548612.191854782402515, 6017579.495393274351954, 0.0 ], [ 548616.022884376347065, 6017588.875297425314784, 0.0 ], [ 548618.029899630695581, 6017593.748247528448701, 0.0 ], [ 548619.559911124408245, 6017597.444209630601108, 0.0 ], [ 548619.889913599938154, 6017598.240201467648149, 0.0 ], [ 548623.791942469775677, 6017607.591105394996703, 0.0 ], [ 548627.729970961809158, 6017616.926009219139814, 0.0 ], [ 548631.70399909093976, 6017626.246912925504148, 0.0 ], [ 548635.713026858866215, 6017635.552816525101662, 0.0 ], [ 548639.75805427134037, 6017644.844720005057752, 0.0 ], [ 548643.838081296533346, 6017654.120623390190303, 0.0 ], [ 548647.953107986599207, 6017663.382526661269367, 0.0 ], [ 548652.105134289711714, 6017672.629429815337062, 0.0 ], [ 548656.291160240769386, 6017681.86233286280185, 0.0 ], [ 548660.514185816049576, 6017691.079235800541937, 0.0 ], [ 548664.772211030125618, 6017700.282138624228537, 0.0 ], [ 548669.065235871821642, 6017709.470041343942285, 0.0 ], [ 548673.394260365515947, 6017718.643943945877254, 0.0 ], [ 548677.759284470230341, 6017727.801846441812813, 0.0 ], [ 548682.160308219492435, 6017736.945748820900917, 0.0 ], [ 548686.624331213533878, 6017746.046651134267449, 0.0 ], [ 548686.624331213533878, 6017746.046651134267449, 0.0 ] ], [ [ 548591.659069322049618, 6017429.417670806869864, 0.0 ], [ 548600.740116942673922, 6017448.065471056848764, 0.0 ], [ 548604.996140886098146, 6017457.064375455491245, 0.0 ], [ 548609.219165176153183, 6017466.078279945999384, 0.0 ], [ 548613.407189838588238, 6017475.105184557847679, 0.0 ], [ 548617.561214823275805, 6017484.147089267149568, 0.0 ], [ 548621.681240167468786, 6017493.201994092203677, 0.0 ], [ 548625.766265869140625, 6017502.271899019367993, 0.0 ], [ 548629.818291921168566, 6017511.355804050341249, 0.0 ], [ 548633.835318312048912, 6017520.453709190711379, 0.0 ], [ 548637.818345051258802, 6017529.564614447765052, 0.0 ], [ 548641.767372149974108, 6017538.690519804134965, 0.0 ], [ 548645.682399593293667, 6017547.830425264313817, 0.0 ], [ 548649.56342738494277, 6017556.984330831095576, 0.0 ], [ 548653.410455524921417, 6017566.152236504480243, 0.0 ], [ 548657.222484022378922, 6017575.334142290987074, 0.0 ], [ 548657.290484547615051, 6017575.499140601605177, 0.0 ], [ 548658.814496107399464, 6017579.197102729231119, 0.0 ], [ 548661.001512859016657, 6017584.530048177577555, 0.0 ], [ 548664.74554205685854, 6017593.739954178221524, 0.0 ], [ 548668.455571595579386, 6017602.9638602854684, 0.0 ], [ 548672.131601475179195, 6017612.201766497455537, 0.0 ], [ 548675.774631701409817, 6017621.453672806732357, 0.0 ], [ 548679.381662297993898, 6017630.719579238444567, 0.0 ], [ 548682.955693233758211, 6017640.000485763885081, 0.0 ], [ 548686.495724517852068, 6017649.294392401352525, 0.0 ], [ 548690.001756146550179, 6017658.602299146354198, 0.0 ], [ 548693.472788136452436, 6017667.924206002615392, 0.0 ], [ 548696.909820470958948, 6017677.261112958192825, 0.0 ], [ 548700.312853153795004, 6017686.611020026728511, 0.0 ], [ 548703.681886177510023, 6017695.974927203729749, 0.0 ], [ 548707.016919564455748, 6017705.353834479115903, 0.0 ], [ 548710.317953303456306, 6017714.745741868391633, 0.0 ], [ 548713.583987388759851, 6017724.152649360708892, 0.0 ], [ 548716.782022178173065, 6017733.590557046234608, 0.0 ], [ 548716.782022178173065, 6017733.590557046234608, 0.0 ] ], [ [ 548686.624331213533878, 6017746.046651134267449, 0.0 ], [ 548716.782022178173065, 6017733.590557046234608, 0.0 ] ], [ [ 548686.624331213533878, 6017746.046651134267449, 0.0 ], [ 548693.109402488917112, 6017765.296463078819215, 0.0 ], [ 548696.416437570005655, 6017774.910368732176721, 0.0 ], [ 548699.759472280740738, 6017784.509274270385504, 0.0 ], [ 548703.138506609946489, 6017794.093179700896144, 0.0 ], [ 548706.55354056507349, 6017803.662085019052029, 0.0 ], [ 548710.004574179649353, 6017813.216990219429135, 0.0 ], [ 548713.491607401520014, 6017822.756895307451487, 0.0 ], [ 548717.014640267938375, 6017832.282800275832415, 0.0 ], [ 548720.573672764003277, 6017841.793705133721232, 0.0 ], [ 548724.169704884290695, 6017851.289609872736037, 0.0 ], [ 548727.800736662000418, 6017860.771514501422644, 0.0 ], [ 548731.467768050730228, 6017870.238419016823173, 0.0 ], [ 548735.17079908400774, 6017879.690323421731591, 0.0 ], [ 548738.90982973575592, 6017889.128227707929909, 0.0 ], [ 548742.685860022902489, 6017898.551131877116859, 0.0 ], [ 548745.905885357409716, 6017906.508050755597651, 0.0 ], [ 548746.49688995629549, 6017907.959035938605666, 0.0 ], [ 548750.34391950070858, 6017917.35293988417834, 0.0 ], [ 548751.308926817029715, 6017919.692915914580226, 0.0 ], [ 548754.226948704570532, 6017926.731843717396259, 0.0 ], [ 548758.146977506577969, 6017936.095747432671487, 0.0 ], [ 548762.102005962282419, 6017945.44565103482455, 0.0 ], [ 548766.094034042209387, 6017954.780554519966245, 0.0 ], [ 548770.121061768382788, 6017964.100457901135087, 0.0 ], [ 548774.185089107602835, 6017973.406361155211926, 0.0 ], [ 548778.285116091370583, 6017982.697264300659299, 0.0 ], [ 548782.421142686158419, 6017991.973167330957949, 0.0 ], [ 548786.593168944120407, 6018001.235070244409144, 0.0 ], [ 548790.801194809377193, 6018010.481973047368228, 0.0 ], [ 548795.046220302581787, 6018019.713875730521977, 0.0 ], [ 548799.326245434582233, 6018028.930778311565518, 0.0 ], [ 548803.643270205706358, 6018038.133680764585733, 0.0 ], [ 548808.060294110327959, 6018047.322582697495818, 0.0 ], [ 548808.060294110327959, 6018047.322582697495818, 0.0 ] ], [ [ 548716.782022178173065, 6017733.590557046234608, 0.0 ], [ 548725.764067873358727, 6017751.810361190699041, 0.0 ], [ 548730.201091360300779, 6017760.956263329833746, 0.0 ], [ 548734.602115221321583, 6017770.118165567517281, 0.0 ], [ 548738.967139456421137, 6017779.295067920349538, 0.0 ], [ 548743.296164054423571, 6017788.486970382742584, 0.0 ], [ 548747.590189021080732, 6017797.693872950971127, 0.0 ], [ 548751.848214365541935, 6017806.915775630623102, 0.0 ], [ 548756.070240061730146, 6017816.152678420767188, 0.0 ], [ 548760.256266139447689, 6017825.404581324197352, 0.0 ], [ 548764.407292567193508, 6017834.671484330669045, 0.0 ], [ 548768.521319378167391, 6017843.953387454152107, 0.0 ], [ 548772.600346554070711, 6017853.250290684401989, 0.0 ], [ 548776.643374092876911, 6017862.561194032430649, 0.0 ], [ 548780.65140200778842, 6017871.888097477145493, 0.0 ], [ 548784.622430294752121, 6017881.230001041665673, 0.0 ], [ 548787.760453063994646, 6017888.680924310348928, 0.0 ], [ 548788.558458931744099, 6017890.586904710158706, 0.0 ], [ 548792.458487953990698, 6017899.958808489143848, 0.0 ], [ 548793.235493805259466, 6017901.836789237335324, 0.0 ], [ 548796.322517331689596, 6017909.345712382346392, 0.0 ], [ 548800.151547078043222, 6017918.747616377659142, 0.0 ], [ 548803.943577203899622, 6017928.164520491845906, 0.0 ], [ 548807.700607690960169, 6017937.596424710005522, 0.0 ], [ 548811.421638548374176, 6017947.043329040519893, 0.0 ], [ 548815.106669772416353, 6017956.505233481526375, 0.0 ], [ 548818.755701377987862, 6017965.983138025738299, 0.0 ], [ 548822.368733342736959, 6017975.475042690522969, 0.0 ], [ 548825.945765681564808, 6017984.981947466731071, 0.0 ], [ 548829.487798385322094, 6017994.503852346912026, 0.0 ], [ 548832.992831457406282, 6018004.041757335886359, 0.0 ], [ 548836.461864914745092, 6018013.59366244636476, 0.0 ], [ 548839.895898725837469, 6018023.161567652598023, 0.0 ], [ 548843.24793354049325, 6018032.789472914300859, 0.0 ], [ 548843.24793354049325, 6018032.789472914300859, 0.0 ] ], [ [ 548808.060294110327959, 6018047.322582697495818, 0.0 ], [ 548843.24793354049325, 6018032.789472914300859, 0.0 ] ], [ [ 548808.060294110327959, 6018047.322582697495818, 0.0 ], [ 548814.519363563507795, 6018066.249397279694676, 0.0 ], [ 548817.796397686004639, 6018075.67730454262346, 0.0 ], [ 548821.106431491672993, 6018085.091211706399918, 0.0 ], [ 548824.449464935809374, 6018094.491118771024048, 0.0 ], [ 548827.826498046517372, 6018103.878025722689927, 0.0 ], [ 548831.235530830919743, 6018113.249932585284114, 0.0 ], [ 548834.677563261240721, 6018122.608839341439307, 0.0 ], [ 548838.152595363557339, 6018131.953745995648205, 0.0 ], [ 548841.659627135843039, 6018141.28465255908668, 0.0 ], [ 548845.200658559799194, 6018150.602559007704258, 0.0 ], [ 548848.773689638823271, 6018159.905465367250144, 0.0 ], [ 548852.380720380693674, 6018169.195371616631746, 0.0 ], [ 548856.01975080370903, 6018178.472277761436999, 0.0 ], [ 548859.691780872642994, 6018187.734183815307915, 0.0 ], [ 548863.395810607820749, 6018196.983089766465127, 0.0 ], [ 548867.133839998394251, 6018206.2179956138134, 0.0 ], [ 548870.903869077563286, 6018215.439901358447969, 0.0 ], [ 548872.782883353531361, 6018220.001854642294347, 0.0 ], [ 548874.706897791475058, 6018224.646807009354234, 0.0 ], [ 548877.966921966522932, 6018232.466726686805487, 0.0 ], [ 548878.541926186531782, 6018233.840712558478117, 0.0 ], [ 548882.410954240709543, 6018243.021617996506393, 0.0 ], [ 548886.311981953680515, 6018252.1875233463943, 0.0 ], [ 548890.246009346097708, 6018261.340428588911891, 0.0 ], [ 548894.21203638240695, 6018270.479333736933768, 0.0 ], [ 548898.2120630890131, 6018279.605238770134747, 0.0 ], [ 548902.24408945068717, 6018288.716143719851971, 0.0 ], [ 548906.309115495532751, 6018297.814048562198877, 0.0 ], [ 548910.406141202896833, 6018306.898953300900757, 0.0 ], [ 548914.53716654330492, 6018315.96885793749243, 0.0 ], [ 548918.70019156858325, 6018325.025762476027012, 0.0 ], [ 548922.896216258406639, 6018334.068666917271912, 0.0 ], [ 548927.125240597873926, 6018343.098571248352528, 0.0 ], [ 548931.386264611035585, 6018352.113475492224097, 0.0 ], [ 548935.681288275867701, 6018361.115379622206092, 0.0 ], [ 548940.008311629295349, 6018370.104283650405705, 0.0 ], [ 548944.368334624916315, 6018379.078187588602304, 0.0 ], [ 548948.76135727763176, 6018388.039091418497264, 0.0 ], [ 548953.186379615217447, 6018396.985995152965188, 0.0 ], [ 548957.645401585847139, 6018405.918898781761527, 0.0 ], [ 548962.137423228472471, 6018414.837802308611572, 0.0 ], [ 548966.370430637151003, 6018421.173727232962847, 0.0 ], [ 548966.370430637151003, 6018421.173727232962847, 0.0 ] ], [ [ 548843.24793354049325, 6018032.789472914300859, 0.0 ], [ 548852.119979128241539, 6018050.859278899617493, 0.0 ], [ 548856.497002422809601, 6018059.902182201854885, 0.0 ], [ 548860.841026067733765, 6018068.960085595026612, 0.0 ], [ 548865.15205005556345, 6018078.030989097431302, 0.0 ], [ 548869.429074365645647, 6018087.114892712794244, 0.0 ], [ 548873.674099024385214, 6018096.212796424515545, 0.0 ], [ 548877.885124038904905, 6018105.324700240045786, 0.0 ], [ 548882.063149373978376, 6018114.449604165740311, 0.0 ], [ 548886.208175033330917, 6018123.587508196942508, 0.0 ], [ 548890.320201046764851, 6018132.739412328228354, 0.0 ], [ 548894.399227395653725, 6018141.905316560529172, 0.0 ], [ 548898.444254104048014, 6018151.084220906719565, 0.0 ], [ 548902.457281112670898, 6018160.276125355623662, 0.0 ], [ 548906.436308488249779, 6018169.482029909268022, 0.0 ], [ 548910.383336175233126, 6018178.70093456376344, 0.0 ], [ 548914.297364212572575, 6018187.933839320205152, 0.0 ], [ 548918.177392587065697, 6018197.179744188673794, 0.0 ], [ 548922.025421310216188, 6018206.439649152569473, 0.0 ], [ 548922.402424141764641, 6018207.351639805361629, 0.0 ], [ 548925.839450348168612, 6018215.712554231286049, 0.0 ], [ 548927.431462660431862, 6018219.610514399595559, 0.0 ], [ 548929.621479738503695, 6018224.999459400773048, 0.0 ], [ 548933.369509465992451, 6018234.299364686943591, 0.0 ], [ 548937.085539516061544, 6018243.612270073033869, 0.0 ], [ 548940.767569929361343, 6018252.939175568521023, 0.0 ], [ 548944.417600646615028, 6018262.279081162065268, 0.0 ], [ 548948.034631729125977, 6018271.632986859418452, 0.0 ], [ 548951.617663133889437, 6018281.00089265871793, 0.0 ], [ 548955.168694868683815, 6018290.380798568949103, 0.0 ], [ 548958.685726951807737, 6018299.774704588577151, 0.0 ], [ 548962.170759383589029, 6018309.182610698975623, 0.0 ], [ 548965.62279212102294, 6018318.603516915813088, 0.0 ], [ 548969.040825229138136, 6018328.038423240184784, 0.0 ], [ 548972.426858652383089, 6018337.485329674556851, 0.0 ], [ 548975.778892416507006, 6018346.947236208245158, 0.0 ], [ 548979.097926538437605, 6018356.422142849303782, 0.0 ], [ 548982.384960975497961, 6018365.910049590282142, 0.0 ], [ 548985.63799574971199, 6018375.411956438794732, 0.0 ], [ 548988.858030881732702, 6018384.927863386459649, 0.0 ], [ 548992.045066334307194, 6018394.455770453438163, 0.0 ], [ 548995.199102122336626, 6018403.998677609488368, 0.0 ], [ 548998.319138262420893, 6018413.554584878496826, 0.0 ], [ 549001.686188522726297, 6018425.659471091814339, 0.0 ], [ 549001.686188522726297, 6018425.659471091814339, 0.0 ] ], [ [ 548966.370430637151003, 6018421.173727232962847, 0.0 ], [ 549001.686188522726297, 6018425.659471091814339, 0.0 ] ], [ [ 548966.370430637151003, 6018421.173727232962847, 0.0 ], [ 548954.728602256625891, 6018434.31369979120791, 0.0 ], [ 548948.549698457121849, 6018442.101678997278214, 0.0 ], [ 548942.404794551432133, 6018449.913657805882394, 0.0 ], [ 548936.292890541255474, 6018457.749636222608387, 0.0 ], [ 548930.214986432343721, 6018465.61061423458159, 0.0 ], [ 548924.170082211494446, 6018473.494591866619885, 0.0 ], [ 548918.158177897334099, 6018481.403569096699357, 0.0 ], [ 548912.180273480713367, 6018489.336545930244029, 0.0 ], [ 548906.23636893555522, 6018497.2935223672539, 0.0 ], [ 548900.324464309960604, 6018505.274498417973518, 0.0 ], [ 548894.44755956158042, 6018513.279474065639079, 0.0 ], [ 548888.602654725313187, 6018521.308449328877032, 0.0 ], [ 548886.318692039698362, 6018524.466439507901669, 0.0 ], [ 548885.73370161280036, 6018525.276436982676387, 0.0 ], [ 548882.792749773710966, 6018529.362424182705581, 0.0 ], [ 548877.014844723045826, 6018537.439398658461869, 0.0 ], [ 548871.270939569920301, 6018545.541372728534043, 0.0 ], [ 548865.561034318059683, 6018553.667346401140094, 0.0 ], [ 548859.88412894308567, 6018561.81731968652457, 0.0 ], [ 548854.240223474800587, 6018569.9922925690189, 0.0 ], [ 548848.630317904055119, 6018578.190265064127743, 0.0 ], [ 548843.054412230849266, 6018586.41323715262115, 0.0 ], [ 548837.511506445705891, 6018594.660208851099014, 0.0 ], [ 548832.002600558102131, 6018602.931180153042078, 0.0 ], [ 548826.5266945771873, 6018611.227151055820286, 0.0 ], [ 548821.084788464009762, 6018619.546121568419039, 0.0 ], [ 548815.675882279872894, 6018627.890091683715582, 0.0 ], [ 548810.339975763112307, 6018636.274061032570899, 0.0 ], [ 548810.339975763112307, 6018636.274061032570899, 0.0 ] ], [ [ 549001.686188522726297, 6018425.659471091814339, 0.0 ], [ 548990.03039850667119, 6018444.889397128485143, 0.0 ], [ 548984.559493131935596, 6018453.288367212750018, 0.0 ], [ 548979.0535878688097, 6018461.663337698206306, 0.0 ], [ 548973.515682701021433, 6018470.014308569952846, 0.0 ], [ 548967.942777663469315, 6018478.341279845684767, 0.0 ], [ 548962.336872696876526, 6018486.643251516856253, 0.0 ], [ 548956.696967855095863, 6018494.921223589219153, 0.0 ], [ 548951.024063102900982, 6018503.174196057021618, 0.0 ], [ 548945.317158471792936, 6018511.404168914072216, 0.0 ], [ 548939.576253943145275, 6018519.609142179600894, 0.0 ], [ 548933.802349511533976, 6018527.790115834213793, 0.0 ], [ 548927.994445189833641, 6018535.946089893579483, 0.0 ], [ 548922.697532068938017, 6018543.323066705837846, 0.0 ], [ 548922.152540981769562, 6018544.079064343124628, 0.0 ], [ 548922.112541634589434, 6018544.134064172394574, 0.0 ], [ 548916.277636867016554, 6018552.187039189040661, 0.0 ], [ 548910.368732862174511, 6018560.271014434285462, 0.0 ], [ 548904.425828959792852, 6018568.329990084283054, 0.0 ], [ 548898.449925169348717, 6018576.365966116078198, 0.0 ], [ 548892.440021477639675, 6018584.376942553557456, 0.0 ], [ 548886.396117899566889, 6018592.362919397652149, 0.0 ], [ 548880.319214418530464, 6018600.325896622613072, 0.0 ], [ 548874.207311045378447, 6018608.263874259777367, 0.0 ], [ 548868.062407772988081, 6018616.176852295175195, 0.0 ], [ 548861.884504608809948, 6018624.066830716095865, 0.0 ], [ 548855.671601567417383, 6018631.931809546425939, 0.0 ], [ 548849.425698600709438, 6018639.771788774989545, 0.0 ], [ 548843.144795764237642, 6018647.587768405675888, 0.0 ], [ 548836.793893203139305, 6018655.361748799681664, 0.0 ], [ 548836.793893203139305, 6018655.361748799681664, 0.0 ] ], [ [ 548810.339975763112307, 6018636.274061032570899, 0.0 ], [ 548836.793893203139305, 6018655.361748799681664, 0.0 ] ], [ [ 548810.339975763112307, 6018636.274061032570899, 0.0 ], [ 548797.585169523954391, 6018651.582023989409208, 0.0 ], [ 548791.264266360551119, 6018659.296004653908312, 0.0 ], [ 548784.976363074034452, 6018667.033984927460551, 0.0 ], [ 548778.721459697932005, 6018674.796964800916612, 0.0 ], [ 548772.499556217342615, 6018682.582944292575121, 0.0 ], [ 548766.311652638018131, 6018690.394923372194171, 0.0 ], [ 548760.156748957931995, 6018698.229902066290379, 0.0 ], [ 548754.034845177084208, 6018706.089880364015698, 0.0 ], [ 548747.946941297501326, 6018713.973858261480927, 0.0 ], [ 548741.891037315130234, 6018721.882835770025849, 0.0 ], [ 548735.869133222848177, 6018729.814812888391316, 0.0 ], [ 548729.880229018628597, 6018737.77178960852325, 0.0 ], [ 548723.924324728548527, 6018745.752765935845673, 0.0 ], [ 548718.001420345157385, 6018753.758741864934564, 0.0 ], [ 548712.895503114908934, 6018760.715720692649484, 0.0 ], [ 548712.112515840679407, 6018761.787717405706644, 0.0 ], [ 548706.255611248314381, 6018769.841692552901804, 0.0 ], [ 548703.933649212121964, 6018773.054682547226548, 0.0 ], [ 548700.43270654976368, 6018777.919667305424809, 0.0 ], [ 548694.642801746726036, 6018786.021641663275659, 0.0 ], [ 548688.885896850377321, 6018794.148615622892976, 0.0 ], [ 548683.161991860717535, 6018802.299589194357395, 0.0 ], [ 548677.471086751669645, 6018810.474562373943627, 0.0 ], [ 548671.813181549310684, 6018818.673535160720348, 0.0 ], [ 548666.189276237040758, 6018826.896507552824914, 0.0 ], [ 548660.597370836883783, 6018835.144479550421238, 0.0 ], [ 548655.039465330541134, 6018843.416451151482761, 0.0 ], [ 548649.514559730887413, 6018851.712422362528741, 0.0 ], [ 548644.077654246240854, 6018860.137392033822834, 0.0 ], [ 548644.077654246240854, 6018860.137392033822834, 0.0 ] ], [ [ 548836.793893203139305, 6018655.361748799681664, 0.0 ], [ 548826.039081007242203, 6018672.159687791019678, 0.0 ], [ 548820.595175128430128, 6018680.511658063158393, 0.0 ], [ 548815.119269356131554, 6018688.839628723450005, 0.0 ], [ 548809.609363675117493, 6018697.143599775619805, 0.0 ], [ 548804.065458100289106, 6018705.423571228981018, 0.0 ], [ 548798.48955262824893, 6018713.679543066769838, 0.0 ], [ 548792.879647254943848, 6018721.910515307448804, 0.0 ], [ 548787.235742006450891, 6018730.118487940169871, 0.0 ], [ 548781.558836843818426, 6018738.301460969261825, 0.0 ], [ 548775.848931796848774, 6018746.461434382013977, 0.0 ], [ 548770.106026839464903, 6018754.596408193930984, 0.0 ], [ 548764.329122010618448, 6018762.708382395096123, 0.0 ], [ 548758.614215709269047, 6018770.664357402361929, 0.0 ], [ 548758.614215709269047, 6018770.664357402361929, 0.0 ], [ 548758.519217260181904, 6018770.795356997288764, 0.0 ], [ 548752.676312629133463, 6018778.858331986702979, 0.0 ], [ 548746.799408089369535, 6018786.898307366296649, 0.0 ], [ 548740.889503672719002, 6018794.913283145055175, 0.0 ], [ 548734.946599341928959, 6018802.905259307473898, 0.0 ], [ 548728.970695115625858, 6018810.872235869057477, 0.0 ], [ 548722.960790999233723, 6018818.815212828107178, 0.0 ], [ 548716.918886981904507, 6018826.735190163366497, 0.0 ], [ 548710.842983067035675, 6018834.630167903378606, 0.0 ], [ 548704.733079273253679, 6018842.50214603357017, 0.0 ], [ 548698.591175563633442, 6018850.349124554544687, 0.0 ], [ 548692.41527197137475, 6018858.172103472985327, 0.0 ], [ 548686.205368474125862, 6018865.972082782536745, 0.0 ], [ 548679.963465087115765, 6018873.74706248473376, 0.0 ], [ 548673.655561901628971, 6018881.477042941376567, 0.0 ], [ 548673.655561901628971, 6018881.477042941376567, 0.0 ] ], [ [ 548644.077654246240854, 6018860.137392033822834, 0.0 ], [ 548673.655561901628971, 6018881.477042941376567, 0.0 ] ], [ [ 548644.077654246240854, 6018860.137392033822834, 0.0 ], [ 548631.260848931968212, 6018875.51735482737422, 0.0 ], [ 548624.884946186095476, 6018883.231335837393999, 0.0 ], [ 548618.541043315082788, 6018890.967316476628184, 0.0 ], [ 548612.228140361607075, 6018898.726296747103333, 0.0 ], [ 548605.947237309068441, 6018906.508276639506221, 0.0 ], [ 548599.697334155440331, 6018914.312256169505417, 0.0 ], [ 548593.478430919349194, 6018922.13923532795161, 0.0 ], [ 548587.291527561843395, 6018929.989214108325541, 0.0 ], [ 548581.135624125599861, 6018937.861192528158426, 0.0 ], [ 548575.01072058826685, 6018945.756170574575663, 0.0 ], [ 548568.917816936969757, 6018953.674148246645927, 0.0 ], [ 548562.855913214385509, 6018961.614125553518534, 0.0 ], [ 548556.825009383261204, 6018969.577102491632104, 0.0 ], [ 548550.826105434447527, 6018977.56207905896008, 0.0 ], [ 548544.858201403170824, 6018985.570055254735053, 0.0 ], [ 548538.921297274529934, 6018993.600031089968979, 0.0 ], [ 548533.015393063426018, 6019001.65300655271858, 0.0 ], [ 548527.14148873090744, 6019009.728981639258564, 0.0 ], [ 548524.202536769211292, 6019013.793968989513814, 0.0 ], [ 548524.202536769211292, 6019013.793968989513814, 0.0 ], [ 548521.298584315925837, 6019017.826956362463534, 0.0 ], [ 548515.487679798156023, 6019025.947930708527565, 0.0 ], [ 548509.706775184720755, 6019034.090904695913196, 0.0 ], [ 548503.957870461046696, 6019042.256878309883177, 0.0 ], [ 548498.239965654909611, 6019050.4448515586555, 0.0 ], [ 548492.554060734808445, 6019058.655824431218207, 0.0 ], [ 548486.899155728518963, 6019066.889796933159232, 0.0 ], [ 548481.275250636041164, 6019075.145769071765244, 0.0 ], [ 548475.682345431298018, 6019083.424740838818252, 0.0 ], [ 548470.121440123766661, 6019091.725712237879634, 0.0 ], [ 548464.591534730046988, 6019100.049683264456689, 0.0 ], [ 548459.092629238963127, 6019108.396653923206031, 0.0 ], [ 548453.625723652541637, 6019116.765624208375812, 0.0 ], [ 548448.190817955881357, 6019125.15759411919862, 0.0 ], [ 548442.785912159830332, 6019133.572563666850328, 0.0 ], [ 548437.413006272166967, 6019142.00953284278512, 0.0 ], [ 548432.072100285440683, 6019150.469501642510295, 0.0 ], [ 548426.762194201350212, 6019158.952470071613789, 0.0 ], [ 548421.483288031071424, 6019167.457438136450946, 0.0 ], [ 548416.184382043778896, 6019175.970406266860664, 0.0 ], [ 548416.184382043778896, 6019175.970406266860664, 0.0 ] ], [ [ 548673.655561901628971, 6018881.477042941376567, 0.0 ], [ 548663.156749375164509, 6018898.529978374950588, 0.0 ], [ 548657.846843276172876, 6018907.011946812272072, 0.0 ], [ 548652.504937294870615, 6018915.471915617585182, 0.0 ], [ 548647.132031407207251, 6018923.908884794451296, 0.0 ], [ 548641.727125629782677, 6018932.323854340240359, 0.0 ], [ 548636.292219925671816, 6018940.715824251994491, 0.0 ], [ 548630.824314337223768, 6018949.084794544614851, 0.0 ], [ 548625.326408844441175, 6018957.430765204131603, 0.0 ], [ 548619.796503435820341, 6018965.754736232571304, 0.0 ], [ 548614.234598144888878, 6018974.056707628071308, 0.0 ], [ 548608.642692930996418, 6018982.334679396823049, 0.0 ], [ 548603.018787831068039, 6018990.591651526279747, 0.0 ], [ 548597.363882824778557, 6018998.824624036438763, 0.0 ], [ 548591.676977925002575, 6019007.03559691645205, 0.0 ], [ 548585.959073111414909, 6019015.224570157937706, 0.0 ], [ 548580.210168395191431, 6019023.390543770045042, 0.0 ], [ 548574.430263787508011, 6019031.533517751842737, 0.0 ], [ 548568.619359254837036, 6019039.654492098838091, 0.0 ], [ 548565.688407257199287, 6019043.724479359574616, 0.0 ], [ 548565.688407257199287, 6019043.724479359574616, 0.0 ], [ 548562.776454832404852, 6019047.752466821111739, 0.0 ], [ 548556.902550511062145, 6019055.828441909514368, 0.0 ], [ 548550.996646288782358, 6019063.881417370401323, 0.0 ], [ 548545.060742147266865, 6019071.911393198184669, 0.0 ], [ 548539.092838127166033, 6019079.919369395822287, 0.0 ], [ 548533.093934200704098, 6019087.905345955863595, 0.0 ], [ 548527.063030358403921, 6019095.86832289211452, 0.0 ], [ 548521.001126624643803, 6019103.808300200849771, 0.0 ], [ 548514.908222980797291, 6019111.726277871057391, 0.0 ], [ 548508.784319449216127, 6019119.621255912818015, 0.0 ], [ 548502.628416001796722, 6019127.493234330788255, 0.0 ], [ 548496.441512644290924, 6019135.343213113024831, 0.0 ], [ 548490.223609406501055, 6019143.171192256733775, 0.0 ], [ 548483.973706245422363, 6019150.975171787664294, 0.0 ], [ 548477.69280318915844, 6019158.757151679135859, 0.0 ], [ 548471.379900250583887, 6019166.516131947748363, 0.0 ], [ 548465.03599738702178, 6019174.253112581558526, 0.0 ], [ 548458.66109462082386, 6019181.967093583196402, 0.0 ], [ 548452.253191970288754, 6019189.658074969425797, 0.0 ], [ 548445.775289677083492, 6019197.321057013235986, 0.0 ], [ 548445.775289677083492, 6019197.321057013235986, 0.0 ] ], [ [ 548416.184382043778896, 6019175.970406266860664, 0.0 ], [ 548445.775289677083492, 6019197.321057013235986, 0.0 ] ], [ [ 548416.184382043778896, 6019175.970406266860664, 0.0 ], [ 548403.898573707789183, 6019191.516364455223083, 0.0 ], [ 548397.865669086575508, 6019199.349342402070761, 0.0 ], [ 548391.86576434597373, 6019207.207319946959615, 0.0 ], [ 548385.899859502911568, 6019215.088297102600336, 0.0 ], [ 548379.967954561114311, 6019222.993273860774934, 0.0 ], [ 548374.069049499928951, 6019230.922250230796635, 0.0 ], [ 548368.20314434170723, 6019238.875226207077503, 0.0 ], [ 548362.371239084750414, 6019246.852201786823571, 0.0 ], [ 548356.607333142310381, 6019254.804177132435143, 0.0 ], [ 548356.572333708405495, 6019254.853176976554096, 0.0 ], [ 548350.807428233325481, 6019262.878151767887175, 0.0 ], [ 548350.482433568686247, 6019263.332150334492326, 0.0 ], [ 548345.075522650033236, 6019270.92612617649138, 0.0 ], [ 548339.377616956830025, 6019278.999100180342793, 0.0 ], [ 548333.712711162865162, 6019287.095073802396655, 0.0 ], [ 548328.080805271863937, 6019295.216047021560371, 0.0 ], [ 548322.482899263501167, 6019303.360019856132567, 0.0 ], [ 548316.917993161827326, 6019311.527992295101285, 0.0 ], [ 548311.387086946517229, 6019319.719964341260493, 0.0 ], [ 548305.88918062672019, 6019327.935935995541513, 0.0 ], [ 548300.425274185836315, 6019336.17590724863112, 0.0 ], [ 548294.994367651641369, 6019344.439878114499152, 0.0 ], [ 548289.596461024135351, 6019352.726848594844341, 0.0 ], [ 548284.232554279267788, 6019361.038818671368062, 0.0 ], [ 548278.902647420763969, 6019369.374788352288306, 0.0 ], [ 548273.60574047267437, 6019377.733757648617029, 0.0 ], [ 548267.903843231499195, 6019387.147721415385604, 0.0 ], [ 548267.903843231499195, 6019387.147721415385604, 0.0 ] ], [ [ 548445.775289677083492, 6019197.321057013235986, 0.0 ], [ 548434.896479271352291, 6019214.251995764672756, 0.0 ], [ 548429.383574370294809, 6019222.673965934664011, 0.0 ], [ 548423.837669555097818, 6019231.070936505682766, 0.0 ], [ 548418.255764845758677, 6019239.442907489836216, 0.0 ], [ 548412.638860262930393, 6019247.789878888055682, 0.0 ], [ 548406.987955778837204, 6019256.111850692890584, 0.0 ], [ 548401.302051402628422, 6019264.408822905272245, 0.0 ], [ 548395.581147138029337, 6019272.6807955307886, 0.0 ], [ 548389.826242983341217, 6019280.927768560126424, 0.0 ], [ 548384.036338947713375, 6019289.149742001667619, 0.0 ], [ 548378.211435008794069, 6019297.34671585354954, 0.0 ], [ 548374.67349311709404, 6019302.28970024548471, 0.0 ], [ 548372.35153117403388, 6019305.519690110348165, 0.0 ], [ 548371.169550519436598, 6019307.159684982150793, 0.0 ], [ 548366.457627464085817, 6019313.666664779186249, 0.0 ], [ 548360.527723856270313, 6019321.789639856666327, 0.0 ], [ 548354.564820345491171, 6019329.886615340597928, 0.0 ], [ 548348.565916959196329, 6019337.959591235034168, 0.0 ], [ 548342.533013671636581, 6019346.006567543372512, 0.0 ], [ 548336.464110508561134, 6019354.029544257558882, 0.0 ], [ 548330.362207442522049, 6019362.027521372772753, 0.0 ], [ 548324.224304493516684, 6019370.000498906709254, 0.0 ], [ 548318.052401658147573, 6019377.9484768435359, 0.0 ], [ 548311.844498921185732, 6019385.871455200016499, 0.0 ], [ 548305.603596288710833, 6019393.769433952867985, 0.0 ], [ 548299.775683876127005, 6019400.613418177701533, 0.0 ], [ 548299.775683876127005, 6019400.613418177701533, 0.0 ] ], [ [ 548267.903843231499195, 6019387.147721415385604, 0.0 ], [ 548299.775683876127005, 6019400.613418177701533, 0.0 ] ], [ [ 548267.903843231499195, 6019387.147721415385604, 0.0 ], [ 548262.324013352394104, 6019407.433601209893823, 0.0 ], [ 548259.800093177706003, 6019417.069543316029012, 0.0 ], [ 548257.316172759979963, 6019426.713485111482441, 0.0 ], [ 548254.87325206771493, 6019436.363426600582898, 0.0 ], [ 548252.470331128686666, 6019446.022367771714926, 0.0 ], [ 548250.107409909367561, 6019455.687308644875884, 0.0 ], [ 548247.784488439559937, 6019465.360249208286405, 0.0 ], [ 548245.502566698938608, 6019475.040189456194639, 0.0 ], [ 548243.26064470037818, 6019484.727129402570426, 0.0 ], [ 548241.058722458779812, 6019494.422069035470486, 0.0 ], [ 548238.897799920290709, 6019504.124008356593549, 0.0 ], [ 548236.775877151638269, 6019513.832947378978133, 0.0 ], [ 548234.694954100996256, 6019523.548886091448367, 0.0 ], [ 548232.654030792415142, 6019533.272824492305517, 0.0 ], [ 548230.653107225894928, 6019543.003762586973608, 0.0 ], [ 548228.693183392286301, 6019552.742700363509357, 0.0 ], [ 548226.772259298712015, 6019562.488637841306627, 0.0 ], [ 548224.892334949225187, 6019572.241575006395578, 0.0 ], [ 548223.052410330623388, 6019582.001511870883405, 0.0 ], [ 548221.253485441207886, 6019591.769448413513601, 0.0 ], [ 548220.997496232390404, 6019593.174439267255366, 0.0 ], [ 548219.845545217394829, 6019599.571397545747459, 0.0 ], [ 548219.493560310453176, 6019601.54338466282934, 0.0 ], [ 548217.774634897708893, 6019611.32632059045136, 0.0 ], [ 548216.095709227025509, 6019621.115256219170988, 0.0 ], [ 548214.457783296704292, 6019630.912191528826952, 0.0 ], [ 548212.859857104718685, 6019640.716126532293856, 0.0 ], [ 548211.301930651068687, 6019650.528061226010323, 0.0 ], [ 548209.784003939479589, 6019660.346995613537729, 0.0 ], [ 548208.307076968252659, 6019670.172929691150784, 0.0 ], [ 548206.870149716734886, 6019680.005863464437425, 0.0 ], [ 548205.473222214728594, 6019689.846796922385693, 0.0 ], [ 548204.117294449359179, 6019699.694730071350932, 0.0 ], [ 548202.802366424351931, 6019709.550662901252508, 0.0 ], [ 548201.527438122779131, 6019719.412595434114337, 0.0 ], [ 548200.292509570717812, 6019729.28352764621377, 0.0 ], [ 548199.098580732941628, 6019739.16045955568552, 0.0 ], [ 548197.944651659578085, 6019749.045391151681542, 0.0 ], [ 548196.832722302526236, 6019758.937322431243956, 0.0 ], [ 548195.759792689234018, 6019768.837253401987255, 0.0 ], [ 548194.728862795978785, 6019778.744184060022235, 0.0 ], [ 548193.775932498276234, 6019788.681113995611668, 0.0 ], [ 548193.775932498276234, 6019788.681113995611668, 0.0 ] ], [ [ 548299.775683876127005, 6019400.613418177701533, 0.0 ], [ 548298.32381435111165, 6019419.618281848728657, 0.0 ], [ 548297.331884898245335, 6019429.641211372800171, 0.0 ], [ 548296.298955727368593, 6019439.658141197636724, 0.0 ], [ 548295.225026801228523, 6019449.667071343399584, 0.0 ], [ 548294.10909815877676, 6019459.669001805596054, 0.0 ], [ 548292.952169794589281, 6019469.663932579569519, 0.0 ], [ 548291.753241706639528, 6019479.65086367726326, 0.0 ], [ 548290.513313863426447, 6019489.630795088596642, 0.0 ], [ 548289.232386317104101, 6019499.603726808913052, 0.0 ], [ 548287.910459011793137, 6019509.568658848293126, 0.0 ], [ 548286.54653200507164, 6019519.52759119682014, 0.0 ], [ 548285.141605265438557, 6019529.47852386534214, 0.0 ], [ 548283.695678777992725, 6019539.422456846572459, 0.0 ], [ 548282.208752565085888, 6019549.358390142209828, 0.0 ], [ 548280.679826628416777, 6019559.287323757074773, 0.0 ], [ 548279.109900958836079, 6019569.209257681854069, 0.0 ], [ 548277.497975569218397, 6019579.124191927723587, 0.0 ], [ 548275.846050452440977, 6019589.032126475125551, 0.0 ], [ 548274.152125585824251, 6019598.93206134904176, 0.0 ], [ 548273.142169639468193, 6019604.714023441076279, 0.0 ], [ 548272.416201014071703, 6019608.824996539391577, 0.0 ], [ 548271.965220388025045, 6019611.360979963093996, 0.0 ], [ 548270.640276703983545, 6019618.710932034999132, 0.0 ], [ 548268.822352655231953, 6019628.588867856189609, 0.0 ], [ 548266.962428886443377, 6019638.459803992882371, 0.0 ], [ 548265.062505383044481, 6019648.323740436695516, 0.0 ], [ 548263.120582140982151, 6019658.180677196010947, 0.0 ], [ 548261.136659182608128, 6019668.029614282771945, 0.0 ], [ 548259.111736506223679, 6019677.871551675722003, 0.0 ], [ 548257.045814082026482, 6019687.706489383243024, 0.0 ], [ 548254.937891930341721, 6019697.533427416346967, 0.0 ], [ 548252.788970053195953, 6019707.353365760296583, 0.0 ], [ 548250.598048467189074, 6019717.16630442161113, 0.0 ], [ 548248.365127146244049, 6019726.972243399359286, 0.0 ], [ 548246.091206077486277, 6019736.770182695239782, 0.0 ], [ 548243.776285286992788, 6019746.561122302897274, 0.0 ], [ 548241.418364778161049, 6019756.344062242656946, 0.0 ], [ 548239.019444547593594, 6019766.121002484112978, 0.0 ], [ 548236.579524580389261, 6019775.889943046495318, 0.0 ], [ 548234.096604887396097, 6019785.650883939117193, 0.0 ], [ 548231.524685937911272, 6019795.421825313940644, 0.0 ], [ 548231.524685937911272, 6019795.421825313940644, 0.0 ] ], [ [ 548193.775932498276234, 6019788.681113995611668, 0.0 ], [ 548231.524685937911272, 6019795.421825313940644, 0.0 ] ], [ [ 548193.775932498276234, 6019788.681113995611668, 0.0 ], [ 548188.693091791123152, 6019807.849999216385186, 0.0 ], [ 548186.239170871675014, 6019817.449941162019968, 0.0 ], [ 548183.825249683111906, 6019827.0568827977404, 0.0 ], [ 548181.452328227460384, 6019836.670824125409126, 0.0 ], [ 548179.119406513869762, 6019846.292765138670802, 0.0 ], [ 548176.827484540641308, 6019855.921705841086805, 0.0 ], [ 548174.576562281697989, 6019865.557646235451102, 0.0 ], [ 548172.36563978344202, 6019875.201586312614381, 0.0 ], [ 548170.194717012345791, 6019884.852526088245213, 0.0 ], [ 548168.064793959259987, 6019894.509465560317039, 0.0 ], [ 548165.974870663136244, 6019904.175404712557793, 0.0 ], [ 548163.925947092473507, 6019913.847343558445573, 0.0 ], [ 548161.917023275047541, 6019923.527282094582915, 0.0 ], [ 548159.949099157005548, 6019933.213220327161252, 0.0 ], [ 548158.020174816250801, 6019942.90715825278312, 0.0 ], [ 548156.133250184357166, 6019952.609095853753388, 0.0 ], [ 548154.285325311124325, 6019962.31703316513449, 0.0 ], [ 548152.478400155901909, 6019972.03297015465796, 0.0 ], [ 548150.711474742740393, 6019981.754906849004328, 0.0 ], [ 548150.339490629732609, 6019983.831893289461732, 0.0 ], [ 548150.339490629732609, 6019983.831893289461732, 0.0 ], [ 548148.985549069941044, 6019991.484843224287033, 0.0 ], [ 548147.298623140901327, 6020001.22277929354459, 0.0 ], [ 548145.652696929872036, 6020010.966715059243143, 0.0 ], [ 548144.047770474106073, 6020020.718650506809354, 0.0 ], [ 548142.482843726873398, 6020030.476585657335818, 0.0 ], [ 548140.957916736602783, 6020040.242520494386554, 0.0 ], [ 548139.472989499568939, 6020050.016455020755529, 0.0 ], [ 548138.028061982244253, 6020059.79638924729079, 0.0 ], [ 548136.624134194105864, 6020069.58432315569371, 0.0 ], [ 548135.261206138879061, 6020079.378256761468947, 0.0 ], [ 548133.937277834862471, 6020089.180190061219037, 0.0 ], [ 548132.654349263757467, 6020098.99012304097414, 0.0 ], [ 548131.412420425564051, 6020108.806055719032884, 0.0 ], [ 548130.209491342306137, 6020118.629988088272512, 0.0 ], [ 548129.047561969608068, 6020128.460920149460435, 0.0 ], [ 548127.926632337272167, 6020138.29885189794004, 0.0 ], [ 548126.845702454447746, 6020148.143783343024552, 0.0 ], [ 548125.804772298783064, 6020157.996714473702013, 0.0 ], [ 548124.988840743899345, 6020167.898643818683922, 0.0 ], [ 548124.988840743899345, 6020167.898643818683922, 0.0 ] ], [ [ 548231.524685937911272, 6019795.421825313940644, 0.0 ], [ 548229.445825826376677, 6019815.161687298677862, 0.0 ], [ 548228.322896234691143, 6019825.002619036473334, 0.0 ], [ 548227.15996690094471, 6019834.836551080457866, 0.0 ], [ 548225.955037835985422, 6019844.661483456380665, 0.0 ], [ 548224.711109019815922, 6019854.480416123755276, 0.0 ], [ 548223.425180494785309, 6019864.291349115781486, 0.0 ], [ 548222.100252199918032, 6019874.095282406546175, 0.0 ], [ 548220.733324185013771, 6019883.891216021031141, 0.0 ], [ 548219.327396430075169, 6019893.680149935185909, 0.0 ], [ 548217.880468942224979, 6019903.461084168404341, 0.0 ], [ 548216.392541721463203, 6019913.235018712468445, 0.0 ], [ 548214.864614747464657, 6019923.001953560858965, 0.0 ], [ 548213.296688042581081, 6019932.760888722725213, 0.0 ], [ 548211.688761599361897, 6019942.51282418705523, 0.0 ], [ 548210.039835419505835, 6019952.256759972311556, 0.0 ], [ 548208.350909501314163, 6019961.99369606282562, 0.0 ], [ 548207.172960311174393, 6019968.646652544848621, 0.0 ], [ 548206.620983853936195, 6019971.723632462322712, 0.0 ], [ 548205.214043274521828, 6019979.470582010224462, 0.0 ], [ 548204.851058468222618, 6019981.445569175295532, 0.0 ], [ 548203.04113332554698, 6019991.160506192594767, 0.0 ], [ 548201.191208463162184, 6020000.86744352336973, 0.0 ], [ 548199.300283849239349, 6020010.567381165921688, 0.0 ], [ 548197.370359499007463, 6020020.260319104418159, 0.0 ], [ 548195.398435417562723, 6020029.945257367566228, 0.0 ], [ 548193.387511592358351, 6020039.623195932246745, 0.0 ], [ 548191.335588037967682, 6020049.294134807772934, 0.0 ], [ 548189.243664737790823, 6020058.957073993049562, 0.0 ], [ 548187.111741699278355, 6020068.61301348451525, 0.0 ], [ 548184.93881893157959, 6020078.260953294113278, 0.0 ], [ 548182.725896418094635, 6020087.90189341083169, 0.0 ], [ 548180.472974181175232, 6020097.535833831876516, 0.0 ], [ 548178.180052176117897, 6020107.161774563603103, 0.0 ], [ 548175.846130453050137, 6020116.780715607106686, 0.0 ], [ 548173.47120900452137, 6020126.391656967811286, 0.0 ], [ 548171.05728779733181, 6020135.995598630048335, 0.0 ], [ 548168.602366853505373, 6020145.592540603131056, 0.0 ], [ 548166.10644619166851, 6020155.181482892483473, 0.0 ], [ 548163.570525769144297, 6020164.763425488956273, 0.0 ], [ 548160.9876056201756, 6020174.329368500038981, 0.0 ], [ 548160.9876056201756, 6020174.329368500038981, 0.0 ] ], [ [ 548124.988840743899345, 6020167.898643818683922, 0.0 ], [ 548160.9876056201756, 6020174.329368500038981, 0.0 ] ], [ [ 548124.988840743899345, 6020167.898643818683922, 0.0 ], [ 548120.475996978580952, 6020187.274523877538741, 0.0 ], [ 548118.205075114965439, 6020196.949464094825089, 0.0 ], [ 548115.968153044581413, 6020206.63140404690057, 0.0 ], [ 548113.766230747103691, 6020216.318343739956617, 0.0 ], [ 548111.599308211356401, 6020226.01128316950053, 0.0 ], [ 548109.466385453939438, 6020235.710222338326275, 0.0 ], [ 548107.368462469428778, 6020245.416161235421896, 0.0 ], [ 548105.304539244621992, 6020255.127099877223372, 0.0 ], [ 548103.275615822523832, 6020264.845038246363401, 0.0 ], [ 548101.280692145228386, 6020274.567976365797222, 0.0 ], [ 548099.319768268615007, 6020284.29791421815753, 0.0 ], [ 548097.393844164907932, 6020294.032851810567081, 0.0 ], [ 548095.502919811755419, 6020303.77478913217783, 0.0 ], [ 548093.644995246082544, 6020313.521726205013692, 0.0 ], [ 548091.822070475667715, 6020323.275663007050753, 0.0 ], [ 548090.034145448356867, 6020333.035599541850388, 0.0 ], [ 548088.69120255485177, 6020340.491550916805863, 0.0 ], [ 548088.280220210552216, 6020342.801535817794502, 0.0 ], [ 548087.252264592796564, 6020348.615497778169811, 0.0 ], [ 548086.56029474362731, 6020352.572471840307117, 0.0 ], [ 548084.87436905875802, 6020362.350407596677542, 0.0 ], [ 548083.223443143069744, 6020372.134343087673187, 0.0 ], [ 548081.606517009437084, 6020381.924278319813311, 0.0 ], [ 548080.02359065413475, 6020391.720213292166591, 0.0 ], [ 548078.475664056837559, 6020401.522147998213768, 0.0 ], [ 548076.961737256497145, 6020411.330082446336746, 0.0 ], [ 548075.481810212135315, 6020421.14401663467288, 0.0 ], [ 548074.036882951855659, 6020430.963950553908944, 0.0 ], [ 548072.625955458730459, 6020440.789884217083454, 0.0 ], [ 548071.249027747660875, 6020450.62181762047112, 0.0 ], [ 548069.906099818646908, 6020460.459750763140619, 0.0 ], [ 548068.598171658813953, 6020470.303683641366661, 0.0 ], [ 548067.324243277311325, 6020480.153616260737181, 0.0 ], [ 548066.08531466498971, 6020490.009548611007631, 0.0 ], [ 548064.88038582727313, 6020499.872480696067214, 0.0 ], [ 548063.709456764161587, 6020509.740412531420588, 0.0 ], [ 548062.573527477681637, 6020519.614344098605216, 0.0 ], [ 548061.471597973257303, 6020529.494275405071676, 0.0 ], [ 548060.403668235987425, 6020539.381206447258592, 0.0 ], [ 548059.37073827907443, 6020549.273137230426073, 0.0 ], [ 548058.845797017216682, 6020557.987073838710785, 0.0 ], [ 548058.845797017216682, 6020557.987073838710785, 0.0 ] ], [ [ 548160.9876056201756, 6020174.329368500038981, 0.0 ], [ 548158.862747985869646, 6020194.407228188589215, 0.0 ], [ 548157.725819692015648, 6020204.437158566899598, 0.0 ], [ 548156.553891617804766, 6020214.460089220665395, 0.0 ], [ 548155.346963759511709, 6020224.47702013887465, 0.0 ], [ 548154.103036161512136, 6020234.487951337359846, 0.0 ], [ 548152.825108781456947, 6020244.491882803849876, 0.0 ], [ 548151.511181626468897, 6020254.489814539439976, 0.0 ], [ 548150.161254718899727, 6020264.481746546924114, 0.0 ], [ 548148.776328027248383, 6020274.467678822577, 0.0 ], [ 548147.356401570141315, 6020284.446611371822655, 0.0 ], [ 548145.900475349277258, 6020294.419544190168381, 0.0 ], [ 548144.409549359232187, 6020304.386477276682854, 0.0 ], [ 548142.882623601704836, 6020314.34641064144671, 0.0 ], [ 548141.321698077023029, 6020324.30034426599741, 0.0 ], [ 548139.723772775381804, 6020334.248278168030083, 0.0 ], [ 548138.091847710311413, 6020344.190212331712246, 0.0 ], [ 548136.423922874033451, 6020354.125146772712469, 0.0 ], [ 548134.720998268574476, 6020364.05408148188144, 0.0 ], [ 548132.983073897659779, 6020373.977016455493867, 0.0 ], [ 548132.892077811062336, 6020374.48901310749352, 0.0 ], [ 548132.192107912153006, 6020378.426987366750836, 0.0 ], [ 548131.210149750113487, 6020383.893951695412397, 0.0 ], [ 548129.401225846260786, 6020393.803887215442955, 0.0 ], [ 548127.557302162051201, 6020403.708822988905013, 0.0 ], [ 548125.677378710359335, 6020413.605759054422379, 0.0 ], [ 548123.763455484062433, 6020423.497695372439921, 0.0 ], [ 548121.813532501459122, 6020433.383631958626211, 0.0 ], [ 548119.828609749674797, 6020443.262568822130561, 0.0 ], [ 548117.808687210083008, 6020453.135505949147046, 0.0 ], [ 548115.752764906734228, 6020463.001443357206881, 0.0 ], [ 548113.661842845380306, 6020472.862381021492183, 0.0 ], [ 548111.535921007394791, 6020482.716318961232901, 0.0 ], [ 548109.374999407678843, 6020492.564257165417075, 0.0 ], [ 548107.178078036755323, 6020502.406195641495287, 0.0 ], [ 548104.946156889200211, 6020512.24113439116627, 0.0 ], [ 548102.679235957562923, 6020522.070073408074677, 0.0 ], [ 548100.376315284520388, 6020531.893012695945799, 0.0 ], [ 548098.038394849747419, 6020541.709952247329056, 0.0 ], [ 548095.664474621415138, 6020551.519892080686986, 0.0 ], [ 548093.256554625928402, 6020561.323832172900438, 0.0 ], [ 548090.351645737886429, 6020572.290766487829387, 0.0 ], [ 548090.351645737886429, 6020572.290766487829387, 0.0 ] ], [ [ 548058.845797017216682, 6020557.987073838710785, 0.0 ], [ 548090.351645737886429, 6020572.290766487829387, 0.0 ] ], [ [ 548058.845797017216682, 6020557.987073838710785, 0.0 ], [ 548046.081981208175421, 6020571.760048598051071, 0.0 ], [ 548039.507078446447849, 6020579.229032733477652, 0.0 ], [ 548032.969175565987825, 6020586.727016412653029, 0.0 ], [ 548026.466272596269846, 6020594.251999664120376, 0.0 ], [ 548019.999369546771049, 6020601.805982473306358, 0.0 ], [ 548013.56946636736393, 6020609.386964838951826, 0.0 ], [ 548007.174563102424145, 6020616.996946762315929, 0.0 ], [ 548000.816659726202488, 6020624.634928241372108, 0.0 ], [ 547994.494756270200014, 6020632.300909278914332, 0.0 ], [ 547988.209852676838636, 6020639.993889877572656, 0.0 ], [ 547981.959949016571045, 6020647.715870034880936, 0.0 ], [ 547975.747045241296291, 6020655.465849745087326, 0.0 ], [ 547969.569141369313002, 6020663.244829013943672, 0.0 ], [ 547963.428237397223711, 6020671.050807843916118, 0.0 ], [ 547960.185288298875093, 6020675.203796426765621, 0.0 ], [ 547957.730326924473047, 6020678.361787675879896, 0.0 ], [ 547957.324333325028419, 6020678.884786223992705, 0.0 ], [ 547951.256429143249989, 6020686.747764160856605, 0.0 ], [ 547945.223524875938892, 6020694.638741659000516, 0.0 ], [ 547939.228620491921902, 6020702.557718709111214, 0.0 ], [ 547933.269716009497643, 6020710.504695317707956, 0.0 ], [ 547927.346811428666115, 6020718.479671482928097, 0.0 ], [ 547921.459906760603189, 6020726.483647202141583, 0.0 ], [ 547915.610001977533102, 6020734.515622473321855, 0.0 ], [ 547909.797097079455853, 6020742.575597298331559, 0.0 ], [ 547904.020192109048367, 6020750.664571676403284, 0.0 ], [ 547898.27928701788187, 6020758.781545613892376, 0.0 ], [ 547892.575381834059954, 6020766.92751909699291, 0.0 ], [ 547886.908476542681456, 6020775.101492131128907, 0.0 ], [ 547881.278571154922247, 6020783.303464720956981, 0.0 ], [ 547875.684665650129318, 6020791.534436863847077, 0.0 ], [ 547870.127760052680969, 6020799.793408557772636, 0.0 ], [ 547864.66585399210453, 6020808.094379332847893, 0.0 ], [ 547864.66585399210453, 6020808.094379332847893, 0.0 ] ], [ [ 548090.351645737886429, 6020572.290766487829387, 0.0 ], [ 548078.489848878234625, 6020590.179704081267118, 0.0 ], [ 548072.761945206671953, 6020598.535676109604537, 0.0 ], [ 548066.996041625738144, 6020606.862648595124483, 0.0 ], [ 548061.194138154387474, 6020615.160621531307697, 0.0 ], [ 548055.354234777390957, 6020623.428594931960106, 0.0 ], [ 548049.477331507951021, 6020631.668568782508373, 0.0 ], [ 548043.562428347766399, 6020639.879543093033135, 0.0 ], [ 548037.611525259912014, 6020648.06051786057651, 0.0 ], [ 548031.622622296214104, 6020656.212493085302413, 0.0 ], [ 548025.596719440072775, 6020664.336468760855496, 0.0 ], [ 548019.533816676586866, 6020672.430444895289838, 0.0 ], [ 548013.433914016932249, 6020680.495421485044062, 0.0 ], [ 548007.296011473983526, 6020688.53139853477478, 0.0 ], [ 548001.121109001338482, 6020696.537376047112048, 0.0 ], [ 547997.848160520195961, 6020700.750364361330867, 0.0 ], [ 547995.233201581984758, 6020704.101355140097439, 0.0 ], [ 547994.90920665115118, 6020704.515354007482529, 0.0 ], [ 547988.659304402768612, 6020712.463332434184849, 0.0 ], [ 547982.372402265667915, 6020720.382311315275729, 0.0 ], [ 547976.048500221222639, 6020728.27229065168649, 0.0 ], [ 547969.686598282307386, 6020736.133270447142422, 0.0 ], [ 547963.287696436047554, 6020743.964250707067549, 0.0 ], [ 547956.851794686168432, 6020751.76623141951859, 0.0 ], [ 547950.376893058419228, 6020759.539212599396706, 0.0 ], [ 547943.865991517901421, 6020767.28219423443079, 0.0 ], [ 547937.316090110689402, 6020774.996176336891949, 0.0 ], [ 547930.730188768357038, 6020782.681158887222409, 0.0 ], [ 547924.105287551879883, 6020790.336141913197935, 0.0 ], [ 547917.443386424332857, 6020797.961125399917364, 0.0 ], [ 547910.743485409766436, 6020805.557109348475933, 0.0 ], [ 547904.005584515631199, 6020813.124093755148351, 0.0 ], [ 547897.229683708399534, 6020820.66007864009589, 0.0 ], [ 547890.379783011972904, 6020828.12606452126056, 0.0 ], [ 547890.379783011972904, 6020828.12606452126056, 0.0 ] ], [ [ 547864.66585399210453, 6020808.094379332847893, 0.0 ], [ 547890.379783011972904, 6020828.12606452126056, 0.0 ] ], [ [ 547864.66585399210453, 6020808.094379332847893, 0.0 ], [ 547851.326049409806728, 6020822.953349400311708, 0.0 ], [ 547844.731146909296513, 6020830.441333515569568, 0.0 ], [ 547838.172244310379028, 6020837.957317188382149, 0.0 ], [ 547831.650341615080833, 6020845.502300408668816, 0.0 ], [ 547825.165438812226057, 6020853.07528318092227, 0.0 ], [ 547818.716535910964012, 6020860.677265507169068, 0.0 ], [ 547812.30363292247057, 6020868.307247392833233, 0.0 ], [ 547805.927729815244675, 6020875.966228824108839, 0.0 ], [ 547799.588826596736908, 6020883.652209815569222, 0.0 ], [ 547793.285923298448324, 6020891.368190350010991, 0.0 ], [ 547787.019019894301891, 6020899.111170453950763, 0.0 ], [ 547780.788116402924061, 6020906.883150107227266, 0.0 ], [ 547774.594212785363197, 6020914.6831293143332, 0.0 ], [ 547768.437309078872204, 6020922.512108070775867, 0.0 ], [ 547765.452355936169624, 6020926.334097567945719, 0.0 ], [ 547765.298358350992203, 6020926.532097019255161, 0.0 ], [ 547762.316405273973942, 6020930.369086384773254, 0.0 ], [ 547756.231501366943121, 6020938.254064256325364, 0.0 ], [ 547750.182597368955612, 6020946.168041682802141, 0.0 ], [ 547744.170693255960941, 6020954.110018659383059, 0.0 ], [ 547738.19578904286027, 6020962.08099518250674, 0.0 ], [ 547732.25688473880291, 6020970.079971267841756, 0.0 ], [ 547726.353980340063572, 6020978.106946911662817, 0.0 ], [ 547720.488075826317072, 6020986.161922106519341, 0.0 ], [ 547714.658171221613884, 6020994.24589685536921, 0.0 ], [ 547708.864266518503428, 6021002.358871156349778, 0.0 ], [ 547703.108361687511206, 6021010.49984500464052, 0.0 ], [ 547697.387456782162189, 6021018.668818417936563, 0.0 ], [ 547691.703551765531301, 6021026.865791385062039, 0.0 ], [ 547686.056646659970284, 6021035.092763889580965, 0.0 ], [ 547680.445741444826126, 6021043.346735961735249, 0.0 ], [ 547674.913836002349854, 6021051.662707063369453, 0.0 ], [ 547674.913836002349854, 6021051.662707063369453, 0.0 ] ], [ [ 547890.379783011972904, 6020828.12606452126056, 0.0 ], [ 547879.233972374349833, 6020844.694007731974125, 0.0 ], [ 547873.587067257612944, 6020852.919980243779719, 0.0 ], [ 547867.902162257581949, 6020861.116953215561807, 0.0 ], [ 547862.18225734308362, 6020869.285926623269916, 0.0 ], [ 547856.424352526664734, 6020877.426900484599173, 0.0 ], [ 547850.631447814404964, 6020885.538874786347151, 0.0 ], [ 547844.801543202251196, 6020893.62284953519702, 0.0 ], [ 547838.934638697654009, 6020901.677824736572802, 0.0 ], [ 547833.032734289765358, 6020909.705800365656614, 0.0 ], [ 547827.093829970806837, 6020917.703776457346976, 0.0 ], [ 547821.117925770580769, 6020925.674752988852561, 0.0 ], [ 547815.106021676212549, 6020933.616729966364801, 0.0 ], [ 547809.058117654174566, 6020941.53070738632232, 0.0 ], [ 547802.973213747143745, 6020949.415685256943107, 0.0 ], [ 547799.997260577976704, 6020953.245674638077617, 0.0 ], [ 547799.997260577976704, 6020953.245674638077617, 0.0 ], [ 547796.852309957146645, 6020957.273663563653827, 0.0 ], [ 547790.69540623575449, 6020965.10264231916517, 0.0 ], [ 547784.501502633094788, 6020972.902621526271105, 0.0 ], [ 547778.271599132567644, 6020980.674601175822318, 0.0 ], [ 547772.005695730447769, 6020988.418581265024841, 0.0 ], [ 547765.702792424708605, 6020996.13456179946661, 0.0 ], [ 547759.363889209926128, 6021003.821542784571648, 0.0 ], [ 547752.988986112177372, 6021011.480524207465351, 0.0 ], [ 547746.577083095908165, 6021019.110506085678935, 0.0 ], [ 547740.128180202096701, 6021026.713488403707743, 0.0 ], [ 547733.644277393817902, 6021034.286471171304584, 0.0 ], [ 547727.122374705970287, 6021041.83245438337326, 0.0 ], [ 547720.565472096204758, 6021049.349438037723303, 0.0 ], [ 547713.97156960144639, 6021056.837422144599259, 0.0 ], [ 547707.340667199343443, 6021064.298406693153083, 0.0 ], [ 547700.631765011698008, 6021071.696392212063074, 0.0 ], [ 547700.631765011698008, 6021071.696392212063074, 0.0 ] ], [ [ 547674.913836002349854, 6021051.662707063369453, 0.0 ], [ 547700.631765011698008, 6021071.696392212063074, 0.0 ] ], [ [ 547674.913836002349854, 6021051.662707063369453, 0.0 ], [ 547661.21203375980258, 6021066.45267993118614, 0.0 ], [ 547654.43313243240118, 6021073.902665494009852, 0.0 ], [ 547647.689231015741825, 6021081.38165061082691, 0.0 ], [ 547640.981329508125782, 6021088.887635299004614, 0.0 ], [ 547634.309427887201309, 6021096.422619536519051, 0.0 ], [ 547627.673526167869568, 6021103.984603341668844, 0.0 ], [ 547621.073624357581139, 6021111.57558669988066, 0.0 ], [ 547614.50972244143486, 6021119.193569627590477, 0.0 ], [ 547607.980820424854755, 6021126.839552116580307, 0.0 ], [ 547601.487918317317963, 6021134.513534165918827, 0.0 ], [ 547595.031016118824482, 6021142.215515778400004, 0.0 ], [ 547588.61011379212141, 6021149.944496953859925, 0.0 ], [ 547582.224211387336254, 6021157.702477689832449, 0.0 ], [ 547575.874308884143829, 6021165.487457992509007, 0.0 ], [ 547569.559406284242868, 6021173.300437862984836, 0.0 ], [ 547563.280503578484058, 6021181.140417298302054, 0.0 ], [ 547557.03760077059269, 6021189.008396293967962, 0.0 ], [ 547550.829697892069817, 6021196.905374846421182, 0.0 ], [ 547547.959742933511734, 6021200.581364738754928, 0.0 ], [ 547547.805745359510183, 6021200.778364199213684, 0.0 ], [ 547544.657794889062643, 6021204.828352975659072, 0.0 ], [ 547538.520891789346933, 6021212.780330662615597, 0.0 ], [ 547532.419988598674536, 6021220.759307917207479, 0.0 ], [ 547526.35508530959487, 6021228.766284732148051, 0.0 ], [ 547520.325181927531958, 6021236.800261118449271, 0.0 ], [ 547514.330278441309929, 6021244.862237070687115, 0.0 ], [ 547508.371374860405922, 6021252.952212584204972, 0.0 ], [ 547502.448471166193485, 6021261.07018765527755, 0.0 ], [ 547496.560567393898964, 6021269.215162303298712, 0.0 ], [ 547490.707663506269455, 6021277.388136514462531, 0.0 ], [ 547484.890759542584419, 6021285.589110285975039, 0.0 ], [ 547479.109855454415083, 6021293.817083625122905, 0.0 ], [ 547473.363951280713081, 6021302.073056530207396, 0.0 ], [ 547467.654047012329102, 6021310.357028993777931, 0.0 ], [ 547461.980142645537853, 6021318.668001024983823, 0.0 ], [ 547456.341238174587488, 6021327.006972623057663, 0.0 ], [ 547450.737333603203297, 6021335.373943787068129, 0.0 ], [ 547445.169428944587708, 6021343.768914508633316, 0.0 ], [ 547439.637524180114269, 6021352.190884798765182, 0.0 ], [ 547434.181619182229042, 6021360.668854182586074, 0.0 ], [ 547434.181619182229042, 6021360.668854182586074, 0.0 ] ], [ [ 547700.631765011698008, 6021071.696392212063074, 0.0 ], [ 547689.640955280512571, 6021088.598331890068948, 0.0 ], [ 547684.074050612747669, 6021096.993302607908845, 0.0 ], [ 547678.471146050840616, 6021105.361273755319417, 0.0 ], [ 547672.833241570740938, 6021113.700245345942676, 0.0 ], [ 547667.159337215125561, 6021122.012217370793223, 0.0 ], [ 547661.448432952165604, 6021130.296189841814339, 0.0 ], [ 547655.703528761863708, 6021138.552162739448249, 0.0 ], [ 547649.921624690294266, 6021146.780136084184051, 0.0 ], [ 547644.104720707982779, 6021154.980109862983227, 0.0 ], [ 547638.25181683152914, 6021163.152084083296359, 0.0 ], [ 547632.362913057208061, 6021171.297058735974133, 0.0 ], [ 547626.439009372144938, 6021179.414033823646605, 0.0 ], [ 547620.479105800390244, 6021187.503009349107742, 0.0 ], [ 547614.483202304691076, 6021195.563985316082835, 0.0 ], [ 547608.452298924326897, 6021203.597961708903313, 0.0 ], [ 547602.385395638644695, 6021211.603938543237746, 0.0 ], [ 547596.28349244594574, 6021219.581915811635554, 0.0 ], [ 547590.145589366555214, 6021227.532893513329327, 0.0 ], [ 547587.130636800080538, 6021231.412882755510509, 0.0 ], [ 547587.130636800080538, 6021231.412882755510509, 0.0 ], [ 547583.972686361521482, 6021235.45587164722383, 0.0 ], [ 547577.76378346607089, 6021243.350850223563612, 0.0 ], [ 547571.519880682229996, 6021251.218829224817455, 0.0 ], [ 547565.239977981895208, 6021259.058808667585254, 0.0 ], [ 547558.925075370818377, 6021266.870788543485105, 0.0 ], [ 547552.574172865599394, 6021274.655768852680922, 0.0 ], [ 547546.188270457088947, 6021282.412749596871436, 0.0 ], [ 547539.767368141561747, 6021290.141730771400034, 0.0 ], [ 547533.309465948492289, 6021297.843712389469147, 0.0 ], [ 547526.817563842982054, 6021305.517694432288408, 0.0 ], [ 547520.289661817252636, 6021313.163676919415593, 0.0 ], [ 547513.725759897381067, 6021320.782659836113453, 0.0 ], [ 547507.126858089119196, 6021328.37364318780601, 0.0 ], [ 547500.491956375539303, 6021335.937626970931888, 0.0 ], [ 547493.822054743766785, 6021343.473611189983785, 0.0 ], [ 547487.117153223603964, 6021350.981595842167735, 0.0 ], [ 547480.375251792371273, 6021358.461580940522254, 0.0 ], [ 547473.599350456148386, 6021365.914566460065544, 0.0 ], [ 547466.786449238657951, 6021373.339552427642047, 0.0 ], [ 547459.901548184454441, 6021380.704539303667843, 0.0 ], [ 547459.901548184454441, 6021380.704539303667843, 0.0 ] ], [ [ 547434.181619182229042, 6021360.668854182586074, 0.0 ], [ 547459.901548184454441, 6021380.704539303667843, 0.0 ] ], [ [ 547434.181619182229042, 6021360.668854182586074, 0.0 ], [ 547420.469817753881216, 6021375.576826211065054, 0.0 ], [ 547413.684916879981756, 6021383.091811312362552, 0.0 ], [ 547406.936015907675028, 6021390.634795973077416, 0.0 ], [ 547400.224114846438169, 6021398.2067801784724, 0.0 ], [ 547393.549213651567698, 6021405.806763938628137, 0.0 ], [ 547386.909312382340431, 6021413.435747258365154, 0.0 ], [ 547380.307411003857851, 6021421.0927301235497, 0.0 ], [ 547373.740509524941444, 6021428.777712555602193, 0.0 ], [ 547367.210607953369617, 6021436.491694530472159, 0.0 ], [ 547360.716706275939941, 6021444.233676065690815, 0.0 ], [ 547354.259804498404264, 6021452.00465714931488, 0.0 ], [ 547347.838902622461319, 6021459.80363779142499, 0.0 ], [ 547341.454000648111105, 6021467.630617992952466, 0.0 ], [ 547335.105098582804203, 6021475.486597746610641, 0.0 ], [ 547328.793196406215429, 6021483.370577050372958, 0.0 ], [ 547322.517294138669968, 6021491.283555909991264, 0.0 ], [ 547316.277391761541367, 6021499.223534336313605, 0.0 ], [ 547315.835398696362972, 6021499.789532779715955, 0.0 ], [ 547313.682432513684034, 6021502.548525189049542, 0.0 ], [ 547310.074489284306765, 6021507.192512308247387, 0.0 ], [ 547303.906586732715368, 6021515.190489836968482, 0.0 ], [ 547297.77568406239152, 6021523.216466919519007, 0.0 ], [ 547291.68178128823638, 6021531.270443556830287, 0.0 ], [ 547285.622878406196833, 6021539.352419757284224, 0.0 ], [ 547279.600975435227156, 6021547.463395508006215, 0.0 ], [ 547273.61507236585021, 6021555.602370812557638, 0.0 ], [ 547267.665169198065996, 6021563.769345680251718, 0.0 ], [ 547261.752265930175781, 6021571.965320091694593, 0.0 ], [ 547255.87436256557703, 6021580.189294071868062, 0.0 ], [ 547250.033459115773439, 6021588.442267596721649, 0.0 ], [ 547244.229555543512106, 6021596.723240673542023, 0.0 ], [ 547238.461651872843504, 6021605.032213312573731, 0.0 ], [ 547232.729748100042343, 6021613.370185500942171, 0.0 ], [ 547227.033844236284494, 6021621.7361572496593, 0.0 ], [ 547221.374940261244774, 6021630.130128550343215, 0.0 ], [ 547215.753036204725504, 6021638.55309939943254, 0.0 ], [ 547211.65811351314187, 6021645.872069105505943, 0.0 ], [ 547211.65811351314187, 6021645.872069105505943, 0.0 ] ], [ [ 547459.901548184454441, 6021380.704539303667843, 0.0 ], [ 547448.847739115357399, 6021397.633479171432555, 0.0 ], [ 547443.244834817945957, 6021406.043449998833239, 0.0 ], [ 547437.606930617243052, 6021414.426421252079308, 0.0 ], [ 547431.932026512920856, 6021422.780392962507904, 0.0 ], [ 547426.22112251073122, 6021431.106365109793842, 0.0 ], [ 547420.474218610674143, 6021439.404337699525058, 0.0 ], [ 547414.690314833074808, 6021447.67531073000282, 0.0 ], [ 547408.871411126106977, 6021455.917284200899303, 0.0 ], [ 547403.015507530421019, 6021464.131258117035031, 0.0 ], [ 547397.123604033142328, 6021472.317232474684715, 0.0 ], [ 547391.196700628846884, 6021480.474207271821797, 0.0 ], [ 547385.232797335833311, 6021488.604182510636747, 0.0 ], [ 547379.232894141227007, 6021496.706158189103007, 0.0 ], [ 547373.196991041302681, 6021504.780134309083223, 0.0 ], [ 547367.126088045537472, 6021512.827110854908824, 0.0 ], [ 547361.018185161054134, 6021520.845087855122983, 0.0 ], [ 547354.874282356351614, 6021528.835065293125808, 0.0 ], [ 547351.305338602513075, 6021533.44205245282501, 0.0 ], [ 547349.310369983315468, 6021536.007045350968838, 0.0 ], [ 547348.694379661232233, 6021536.797043173573911, 0.0 ], [ 547342.479477059096098, 6021544.731021489016712, 0.0 ], [ 547336.227574575692415, 6021552.637000250630081, 0.0 ], [ 547329.93967217579484, 6021560.515979442745447, 0.0 ], [ 547323.615769878029823, 6021568.365959087386727, 0.0 ], [ 547317.256867673248053, 6021576.188939154148102, 0.0 ], [ 547310.860965583473444, 6021583.98291967716068, 0.0 ], [ 547304.429063588380814, 6021591.749900632537901, 0.0 ], [ 547297.961161691695452, 6021599.487882035784423, 0.0 ], [ 547291.457259885966778, 6021607.198863873258233, 0.0 ], [ 547284.918358188122511, 6021614.880846151150763, 0.0 ], [ 547278.342456586658955, 6021622.535828866995871, 0.0 ], [ 547271.730555091053247, 6021630.16181203443557, 0.0 ], [ 547265.082653690129519, 6021637.760795630514622, 0.0 ], [ 547258.398752398788929, 6021645.330779677256942, 0.0 ], [ 547251.67785120382905, 6021652.873764162883162, 0.0 ], [ 547244.921950101852417, 6021660.387749089859426, 0.0 ], [ 547238.129049103707075, 6021667.873734461143613, 0.0 ], [ 547229.79416710883379, 6021676.50372076779604, 0.0 ], [ 547229.79416710883379, 6021676.50372076779604, 0.0 ] ], [ [ 547211.65811351314187, 6021645.872069105505943, 0.0 ], [ 547229.79416710883379, 6021676.50372076779604, 0.0 ] ], [ [ 547211.656113527715206, 6021645.872069117613137, 0.0 ], [ 547193.460263065993786, 6021647.511170858517289, 0.0 ], [ 547183.523346960544586, 6021648.758223726414144, 0.0 ], [ 547173.592431031167507, 6021650.043276267126203, 0.0 ], [ 547163.668515287339687, 6021651.367328464053571, 0.0 ], [ 547153.750599753111601, 6021652.730380323715508, 0.0 ], [ 547143.839684404432774, 6021654.131431850604713, 0.0 ], [ 547133.935769245028496, 6021655.570483041927218, 0.0 ], [ 547124.037854269146919, 6021657.047533904202282, 0.0 ], [ 547114.145939506590366, 6021658.563584432005882, 0.0 ], [ 547104.261024910956621, 6021660.118634616956115, 0.0 ], [ 547094.382110524922609, 6021661.710684479214251, 0.0 ], [ 547086.31318062543869, 6021663.040724979713559, 0.0 ], [ 547084.510196320712566, 6021663.341734000481665, 0.0 ], [ 547080.889227841049433, 6021663.94975208863616, 0.0 ], [ 547074.644282307475805, 6021665.010783194564283, 0.0 ], [ 547064.785368483513594, 6021666.718832042068243, 0.0 ], [ 547054.932454861700535, 6021668.464880565181375, 0.0 ], [ 547045.086541410535574, 6021670.248928751796484, 0.0 ], [ 547035.246628180146217, 6021672.071976602077484, 0.0 ], [ 547025.412715114653111, 6021673.93302412237972, 0.0 ], [ 547015.585802260786295, 6021675.832071309909225, 0.0 ], [ 547005.765889577567577, 6021677.770118156448007, 0.0 ], [ 546995.951977103948593, 6021679.746164673008025, 0.0 ], [ 546986.144064802676439, 6021681.760210861451924, 0.0 ], [ 546976.343152709305286, 6021683.813256706111133, 0.0 ], [ 546966.549240816384554, 6021685.90530220977962, 0.0 ], [ 546956.761329095810652, 6021688.034347392618656, 0.0 ], [ 546947.005417548120022, 6021690.231391853652894, 0.0 ], [ 546947.005417548120022, 6021690.231391853652894, 0.0 ] ], [ [ 547229.796167079359293, 6021676.503720754757524, 0.0 ], [ 547208.543360829353333, 6021681.452816364355385, 0.0 ], [ 547198.767448514699936, 6021683.503862067125738, 0.0 ], [ 547188.985536027699709, 6021685.516908098943532, 0.0 ], [ 547179.197623334825039, 6021687.491954459808767, 0.0 ], [ 547169.40271046385169, 6021689.429001155309379, 0.0 ], [ 547159.60179740563035, 6021691.328048179857433, 0.0 ], [ 547149.794884145259857, 6021693.189095531590283, 0.0 ], [ 547139.981970697641373, 6021695.012143213301897, 0.0 ], [ 547130.163057051599026, 6021696.797191221266985, 0.0 ], [ 547120.33714322373271, 6021698.544239566661417, 0.0 ], [ 547110.505229208618402, 6021700.254288232885301, 0.0 ], [ 547100.667315002530813, 6021701.926337225362659, 0.0 ], [ 547097.19234524667263, 6021702.507354605011642, 0.0 ], [ 547091.766392402350903, 6021703.404381820000708, 0.0 ], [ 547090.822400607168674, 6021703.559386561624706, 0.0 ], [ 547080.972486007958651, 6021705.155436212196946, 0.0 ], [ 547071.115571230649948, 6021706.713486198335886, 0.0 ], [ 547061.252656266093254, 6021708.233536511659622, 0.0 ], [ 547051.383741106837988, 6021709.7155871540308, 0.0 ], [ 547041.507825750857592, 6021711.159638131968677, 0.0 ], [ 547031.625910215079784, 6021712.566689430736005, 0.0 ], [ 547021.738994479179382, 6021713.934741058386862, 0.0 ], [ 547011.844078563153744, 6021715.265793019905686, 0.0 ], [ 547001.94416244328022, 6021716.557845309376717, 0.0 ], [ 546992.037246145308018, 6021717.812897928059101, 0.0 ], [ 546982.124329656362534, 6021719.029950875788927, 0.0 ], [ 546972.205412968993187, 6021720.209004152566195, 0.0 ], [ 546962.280496098101139, 6021721.350057757459581, 0.0 ], [ 546952.363578695803881, 6021722.417111876420677, 0.0 ], [ 546952.363578695803881, 6021722.417111876420677, 0.0 ] ], [ [ 547211.656113527715206, 6021645.872069117613137, 0.0 ], [ 547229.796167079359293, 6021676.503720754757524, 0.0 ] ], [ [ 546947.005417548120022, 6021690.231391853652894, 0.0 ], [ 546952.363578695803881, 6021722.417111876420677, 0.0 ] ], [ [ 546947.005417548120022, 6021690.231391853652894, 0.0 ], [ 546926.919582549482584, 6021692.025504278019071, 0.0 ], [ 546916.887665379792452, 6021692.989559908397496, 0.0 ], [ 546906.86174837872386, 6021693.987615241669118, 0.0 ], [ 546896.840831562876701, 6021695.022670259699225, 0.0 ], [ 546886.826914913952351, 6021696.091724971309304, 0.0 ], [ 546876.818998456001282, 6021697.197779366746545, 0.0 ], [ 546866.816082179546356, 6021698.337833468802273, 0.0 ], [ 546856.81916606798768, 6021699.513887256383896, 0.0 ], [ 546846.829250119626522, 6021700.72494073305279, 0.0 ], [ 546836.844334363937378, 6021701.97099391091615, 0.0 ], [ 546826.865418788045645, 6021703.253046774305403, 0.0 ], [ 546816.892503384500742, 6021704.570099332369864, 0.0 ], [ 546806.924588158726692, 6021705.922151590697467, 0.0 ], [ 546796.963673107326031, 6021707.309203539043665, 0.0 ], [ 546787.007758229970932, 6021708.731255187653005, 0.0 ], [ 546777.058843530714512, 6021710.189306515268981, 0.0 ], [ 546767.114929012954235, 6021711.682357547804713, 0.0 ], [ 546757.177014674991369, 6021713.210408270359039, 0.0 ], [ 546747.245100494474173, 6021714.773458687588573, 0.0 ], [ 546737.318186514079571, 6021716.372508798725903, 0.0 ], [ 546727.398272685706615, 6021718.005558606237173, 0.0 ], [ 546727.337273214012384, 6021718.015558912418783, 0.0 ], [ 546727.337273214012384, 6021718.015558912418783, 0.0 ], [ 546717.483359050005674, 6021719.674608105793595, 0.0 ], [ 546707.575445577502251, 6021721.378657294437289, 0.0 ], [ 546697.67253228649497, 6021723.117706183344126, 0.0 ], [ 546687.775619182735682, 6021724.891754767857492, 0.0 ], [ 546677.884706240147352, 6021726.70080304518342, 0.0 ], [ 546667.998793482780457, 6021728.545851017348468, 0.0 ], [ 546658.119880888611078, 6021730.424898684956133, 0.0 ], [ 546648.245968479663134, 6021732.339946043677628, 0.0 ], [ 546638.379056241363287, 6021734.289993092417717, 0.0 ], [ 546628.517144184559584, 6021736.275039840489626, 0.0 ], [ 546618.661232307553291, 6021738.296086278744042, 0.0 ], [ 546608.81132061034441, 6021740.351132416166365, 0.0 ], [ 546598.96640907600522, 6021742.442178245633841, 0.0 ], [ 546589.12849772721529, 6021744.56822376511991, 0.0 ], [ 546579.295586559921503, 6021746.730268977582455, 0.0 ], [ 546569.469675567001104, 6021748.927313878200948, 0.0 ], [ 546559.648764744400978, 6021751.159358480013907, 0.0 ], [ 546549.833854101598263, 6021753.42640277557075, 0.0 ], [ 546540.024943623691797, 6021755.729446758516133, 0.0 ], [ 546530.222033329308033, 6021758.0674904352054, 0.0 ], [ 546520.425123229622841, 6021760.441533798351884, 0.0 ], [ 546510.641213428229094, 6021762.88257656712085, 0.0 ], [ 546510.641213428229094, 6021762.88257656712085, 0.0 ] ], [ [ 546952.363578695803881, 6021722.417111876420677, 0.0 ], [ 546932.779758792370558, 6021727.227198067121208, 0.0 ], [ 546922.976848509162664, 6021729.566241735592484, 0.0 ], [ 546913.168938029557467, 6021731.870285703800619, 0.0 ], [ 546903.354027394205332, 6021734.138329990208149, 0.0 ], [ 546893.533116571605206, 6021736.37037459295243, 0.0 ], [ 546883.706205576658249, 6021738.567419500090182, 0.0 ], [ 546873.874294403940439, 6021740.729464706033468, 0.0 ], [ 546864.036383055150509, 6021742.856510217301548, 0.0 ], [ 546854.191471543163061, 6021744.947556049562991, 0.0 ], [ 546844.341559831053019, 6021747.003602178767323, 0.0 ], [ 546834.485647942870855, 6021749.023648622445762, 0.0 ], [ 546824.62473588809371, 6021751.009695357643068, 0.0 ], [ 546814.756823655217886, 6021752.959742412902415, 0.0 ], [ 546804.882911246269941, 6021754.874789774417877, 0.0 ], [ 546795.003998659551144, 6021756.754837432876229, 0.0 ], [ 546785.119085904210806, 6021758.599885396659374, 0.0 ], [ 546775.22717297449708, 6021760.408933681435883, 0.0 ], [ 546765.33025985956192, 6021762.182982263155282, 0.0 ], [ 546755.428346566855907, 6021763.92203114554286, 0.0 ], [ 546745.519433096051216, 6021765.626080339774489, 0.0 ], [ 546735.790517844259739, 6021767.264128911308944, 0.0 ], [ 546735.790517844259739, 6021767.264128911308944, 0.0 ], [ 546735.604519460350275, 6021767.295129842124879, 0.0 ], [ 546725.684605643153191, 6021768.929179641418159, 0.0 ], [ 546715.758691653609276, 6021770.527229755185544, 0.0 ], [ 546705.826777476817369, 6021772.09128016512841, 0.0 ], [ 546695.888863131403923, 6021773.619330889545381, 0.0 ], [ 546685.944948621094227, 6021775.112381918355823, 0.0 ], [ 546675.995033919811249, 6021776.570433253422379, 0.0 ], [ 546666.040119040757418, 6021777.993484888225794, 0.0 ], [ 546656.078203994780779, 6021779.380536841228604, 0.0 ], [ 546646.111288774758577, 6021780.732589094899595, 0.0 ], [ 546636.138373367488384, 6021782.050641645677388, 0.0 ], [ 546626.159457799047232, 6021783.332694509997964, 0.0 ], [ 546616.174542043358088, 6021784.578747686930001, 0.0 ], [ 546606.183626115322113, 6021785.790801161900163, 0.0 ], [ 546596.187709990888834, 6021786.96685494389385, 0.0 ], [ 546586.184793718159199, 6021788.107909037731588, 0.0 ], [ 546576.176877252757549, 6021789.213963431306183, 0.0 ], [ 546566.162960615009069, 6021790.284018136560917, 0.0 ], [ 546556.143043801188469, 6021791.319073149934411, 0.0 ], [ 546546.117126822471619, 6021792.319128467701375, 0.0 ], [ 546536.085209637880325, 6021793.283184098079801, 0.0 ], [ 546526.047292299568653, 6021794.212240035645664, 0.0 ], [ 546516.003374580293894, 6021795.072296533733606, 0.0 ], [ 546516.003374580293894, 6021795.072296533733606, 0.0 ] ], [ [ 546510.641213428229094, 6021762.88257656712085, 0.0 ], [ 546516.003374580293894, 6021795.072296533733606, 0.0 ] ], [ [ 546510.641213428229094, 6021762.88257656712085, 0.0 ], [ 546490.900376416742802, 6021764.776686059311032, 0.0 ], [ 546481.026458319276571, 6021765.78574035409838, 0.0 ], [ 546471.159540385007858, 6021766.830794328823686, 0.0 ], [ 546461.29762265086174, 6021767.911847996525466, 0.0 ], [ 546451.441705107688904, 6021769.028901350684464, 0.0 ], [ 546441.591787725687027, 6021770.18295438401401, 0.0 ], [ 546431.747870530933142, 6021771.372007112018764, 0.0 ], [ 546421.90895352512598, 6021772.597059533, 0.0 ], [ 546412.077036689966917, 6021773.858111633919179, 0.0 ], [ 546402.250120043754578, 6021775.155163429677486, 0.0 ], [ 546392.429203573614359, 6021776.487214917317033, 0.0 ], [ 546382.613287296146154, 6021777.856266091577709, 0.0 ], [ 546372.804371189326048, 6021779.261316946707666, 0.0 ], [ 546363.000455271452665, 6021780.702367493882775, 0.0 ], [ 546353.202539525926113, 6021782.17841773852706, 0.0 ], [ 546343.410623978823423, 6021783.691467658616602, 0.0 ], [ 546333.624708604067564, 6021785.24051726795733, 0.0 ], [ 546330.508735582232475, 6021785.740533012896776, 0.0 ], [ 546323.844793386757374, 6021786.824566571041942, 0.0 ], [ 546316.939853399991989, 6021787.965601206757128, 0.0 ], [ 546314.069878380745649, 6021788.445615560747683, 0.0 ], [ 546304.300963543355465, 6021790.101664242334664, 0.0 ], [ 546294.538048893213272, 6021791.794712604023516, 0.0 ], [ 546284.781134430319071, 6021793.522760661318898, 0.0 ], [ 546275.029220137745142, 6021795.287808403372765, 0.0 ], [ 546265.284306019544601, 6021797.087855832651258, 0.0 ], [ 546255.544392112642527, 6021798.924902947619557, 0.0 ], [ 546245.810478359460831, 6021800.797949749976397, 0.0 ], [ 546236.082564793527126, 6021802.705996247939765, 0.0 ], [ 546226.359651423990726, 6021804.651042429730296, 0.0 ], [ 546216.643738221377134, 6021806.632088292390108, 0.0 ], [ 546206.932825222611427, 6021808.649133847095072, 0.0 ], [ 546197.22791238874197, 6021810.703179080039263, 0.0 ], [ 546187.528999745845795, 6021812.792224011383951, 0.0 ], [ 546177.836087271571159, 6021814.918268620967865, 0.0 ], [ 546168.1151755861938, 6021817.134312717244029, 0.0 ], [ 546168.1151755861938, 6021817.134312717244029, 0.0 ] ], [ [ 546516.003374580293894, 6021795.072296533733606, 0.0 ], [ 546496.711551118642092, 6021799.674382483586669, 0.0 ], [ 546487.042639214545488, 6021801.91742604598403, 0.0 ], [ 546477.367727119475603, 6021804.124469920992851, 0.0 ], [ 546467.685814846307039, 6021806.296514109708369, 0.0 ], [ 546457.998902395367622, 6021808.431558610871434, 0.0 ], [ 546448.305989764630795, 6021810.530603426508605, 0.0 ], [ 546438.606076963245869, 6021812.594648552127182, 0.0 ], [ 546428.900163970887661, 6021814.621694000437856, 0.0 ], [ 546419.188250806182623, 6021816.613739755004644, 0.0 ], [ 546409.470337461680174, 6021818.568785827606916, 0.0 ], [ 546399.745423942804337, 6021820.488832214847207, 0.0 ], [ 546390.015510246157646, 6021822.372878906317055, 0.0 ], [ 546380.278596382588148, 6021824.220925918780267, 0.0 ], [ 546370.535682316869497, 6021826.03297324385494, 0.0 ], [ 546360.786768093705177, 6021827.809020884335041, 0.0 ], [ 546351.031853683292866, 6021829.55006882827729, 0.0 ], [ 546341.270939089357853, 6021831.254117093980312, 0.0 ], [ 546338.916959643363953, 6021831.660128771327436, 0.0 ], [ 546331.503024317324162, 6021832.923165672458708, 0.0 ], [ 546325.360077798366547, 6021833.953196369111538, 0.0 ], [ 546321.730109374970198, 6021834.556214554235339, 0.0 ], [ 546311.950194250792265, 6021836.152263765223324, 0.0 ], [ 546302.16427893564105, 6021837.71331328060478, 0.0 ], [ 546292.372363466769457, 6021839.238363112322986, 0.0 ], [ 546282.573447797447443, 6021840.727413261309266, 0.0 ], [ 546272.769531954079866, 6021842.180463717319071, 0.0 ], [ 546262.958615943789482, 6021843.597514493390918, 0.0 ], [ 546253.141699738800526, 6021844.977565589360893, 0.0 ], [ 546243.318783365190029, 6021846.322616991586983, 0.0 ], [ 546233.489866815507412, 6021847.631668707355857, 0.0 ], [ 546223.653950080275536, 6021848.904720742255449, 0.0 ], [ 546213.812033172696829, 6021850.141773090697825, 0.0 ], [ 546203.965116068720818, 6021851.341825753450394, 0.0 ], [ 546194.110198803246021, 6021852.505878739990294, 0.0 ], [ 546184.250281352549791, 6021853.634932027198374, 0.0 ], [ 546174.360363647341728, 6021854.68498610984534, 0.0 ], [ 546174.360363647341728, 6021854.68498610984534, 0.0 ] ], [ [ 546168.1151755861938, 6021817.134312717244029, 0.0 ], [ 546174.360363647341728, 6021854.68498610984534, 0.0 ] ], [ [ 546168.1151755861938, 6021817.134312717244029, 0.0 ], [ 546148.040342073887587, 6021819.179423151537776, 0.0 ], [ 546138.022425565868616, 6021820.267477743327618, 0.0 ], [ 546128.010509245097637, 6021821.390532033517957, 0.0 ], [ 546118.004593104124069, 6021822.550585999153554, 0.0 ], [ 546108.004677150398493, 6021823.746639654040337, 0.0 ], [ 546098.011761382222176, 6021824.979692980647087, 0.0 ], [ 546088.024845782667398, 6021826.248745994642377, 0.0 ], [ 546078.042930372059345, 6021827.553798701614141, 0.0 ], [ 546068.06801513582468, 6021828.894851089455187, 0.0 ], [ 546058.099100071936846, 6021830.271903161890805, 0.0 ], [ 546048.13718518987298, 6021831.685954910703003, 0.0 ], [ 546038.180270507931709, 6021833.135006357915699, 0.0 ], [ 546028.229355994611979, 6021834.621057485230267, 0.0 ], [ 546018.285441648215055, 6021836.143108292482793, 0.0 ], [ 546008.347527492791414, 6021837.701158787123859, 0.0 ], [ 545998.414613530039787, 6021839.295208973810077, 0.0 ], [ 545988.488699719309807, 6021840.925258843228221, 0.0 ], [ 545988.056703481823206, 6021840.997261004522443, 0.0 ], [ 545980.166772175580263, 6021842.320300433784723, 0.0 ], [ 545978.568786107003689, 6021842.591308395378292, 0.0 ], [ 545968.654872674494982, 6021844.294357631355524, 0.0 ], [ 545958.746959432959557, 6021846.032406559213996, 0.0 ], [ 545948.846046339720488, 6021847.807455159723759, 0.0 ], [ 545938.950133454054594, 6021849.617503461427987, 0.0 ], [ 545929.061220727860928, 6021851.464551438577473, 0.0 ], [ 545919.177308198064566, 6021853.347599104046822, 0.0 ], [ 545909.300395850092173, 6021855.266646453179419, 0.0 ], [ 545899.429483663290739, 6021857.221693485975266, 0.0 ], [ 545889.564571674913168, 6021859.212740208953619, 0.0 ], [ 545879.705659847706556, 6021861.239786617457867, 0.0 ], [ 545869.852748211473227, 6021863.302832713350654, 0.0 ], [ 545860.005836769938469, 6021865.402878489345312, 0.0 ], [ 545850.164925500750542, 6021867.538923950865865, 0.0 ], [ 545840.331014387309551, 6021869.709969100542367, 0.0 ], [ 545830.503103483468294, 6021871.918013928458095, 0.0 ], [ 545820.6801927536726, 6021874.163058442994952, 0.0 ], [ 545810.864282205700874, 6021876.443102646619081, 0.0 ], [ 545801.054371826350689, 6021878.760146527551115, 0.0 ], [ 545791.250461634248495, 6021881.113190094940364, 0.0 ], [ 545781.304553270339966, 6021883.583233660086989, 0.0 ], [ 545781.304553270339966, 6021883.583233660086989, 0.0 ] ], [ [ 546174.360363647341728, 6021854.68498610984534, 0.0 ], [ 546154.741542406380177, 6021859.242074456065893, 0.0 ], [ 546144.929631397128105, 6021861.453119158744812, 0.0 ], [ 546135.1117201782763, 6021863.627164186909795, 0.0 ], [ 546125.288808796554804, 6021865.766209512017667, 0.0 ], [ 546115.458897221833467, 6021867.868255163542926, 0.0 ], [ 546105.622985474765301, 6021869.934301131404936, 0.0 ], [ 546095.782073531299829, 6021871.963347410783172, 0.0 ], [ 546085.935161415487528, 6021873.957393997348845, 0.0 ], [ 546076.081249125301838, 6021875.914440910331905, 0.0 ], [ 546066.222336646169424, 6021877.836488123051822, 0.0 ], [ 546056.35742399096489, 6021879.721535655669868, 0.0 ], [ 546046.486511155962944, 6021881.571583495475352, 0.0 ], [ 546036.609598133713007, 6021883.384631655178964, 0.0 ], [ 546026.726684931665659, 6021885.161680127494037, 0.0 ], [ 546016.838771533221006, 6021886.90272890496999, 0.0 ], [ 546006.943857971578836, 6021888.607778005301952, 0.0 ], [ 545997.043944232165813, 6021890.277827402576804, 0.0 ], [ 545996.027953073382378, 6021890.446832492016256, 0.0 ], [ 545988.381019502878189, 6021891.707870870828629, 0.0 ], [ 545987.138030290603638, 6021891.910877123475075, 0.0 ], [ 545977.225116189569235, 6021893.507927161641419, 0.0 ], [ 545967.307201895862818, 6021895.068977506831288, 0.0 ], [ 545957.383287440985441, 6021896.595028160139918, 0.0 ], [ 545947.45437278226018, 6021898.084079125896096, 0.0 ], [ 545937.518457945436239, 6021899.537130410782993, 0.0 ], [ 545927.576542925089598, 6021900.95418200828135, 0.0 ], [ 545917.629627730697393, 6021902.336233906447887, 0.0 ], [ 545907.676712349057198, 6021903.681286126375198, 0.0 ], [ 545897.716796807944775, 6021904.99033866263926, 0.0 ], [ 545887.751881066709757, 6021906.26339150685817, 0.0 ], [ 545877.780965134501457, 6021907.500444664619863, 0.0 ], [ 545867.804049044847488, 6021908.702498129568994, 0.0 ], [ 545857.822132762521505, 6021909.867551908828318, 0.0 ], [ 545847.833216287195683, 6021910.996606005355716, 0.0 ], [ 545837.838299658149481, 6021912.089660417288542, 0.0 ], [ 545827.838382810354233, 6021913.145715142600238, 0.0 ], [ 545817.831465810537338, 6021914.166770178824663, 0.0 ], [ 545807.8195486292243, 6021915.151825523935258, 0.0 ], [ 545797.80163124576211, 6021916.09988118801266, 0.0 ], [ 545787.926712036132812, 6021916.93093685247004, 0.0 ], [ 545787.926712036132812, 6021916.93093685247004, 0.0 ] ], [ [ 545781.304553270339966, 6021883.583233660086989, 0.0 ], [ 545787.926712036132812, 6021916.93093685247004, 0.0 ] ], [ [ 545781.303553275763988, 6021883.583233666606247, 0.0 ], [ 545761.29372926056385, 6021887.2203315095976, 0.0 ], [ 545751.439816519618034, 6021889.107378959655762, 0.0 ], [ 545741.5949039272964, 6021891.02742609847337, 0.0 ], [ 545731.758991483598948, 6021892.981472920626402, 0.0 ], [ 545721.931079175323248, 6021894.969519433565438, 0.0 ], [ 545712.112167023122311, 6021896.991565627977252, 0.0 ], [ 545702.302255012094975, 6021899.047611507587135, 0.0 ], [ 545692.500343162566423, 6021901.137657076120377, 0.0 ], [ 545682.706431444734335, 6021903.26070234272629, 0.0 ], [ 545672.92151989415288, 6021905.418747283518314, 0.0 ], [ 545663.145608462393284, 6021907.60979191493243, 0.0 ], [ 545653.378697190433741, 6021909.835836224257946, 0.0 ], [ 545643.619786076247692, 6021912.094880228862166, 0.0 ], [ 545633.868875093758106, 6021914.387923923321068, 0.0 ], [ 545624.126964271068573, 6021916.714967302046716, 0.0 ], [ 545614.394053593277931, 6021919.076010363176465, 0.0 ], [ 545604.669143054634333, 6021921.471053114160895, 0.0 ], [ 545595.229230113327503, 6021923.830094351433218, 0.0 ], [ 545594.953232672065496, 6021923.899095554836094, 0.0 ], [ 545590.866270422935486, 6021924.931113327853382, 0.0 ], [ 545585.245322424918413, 6021926.36113768722862, 0.0 ], [ 545575.546412330120802, 6021928.858179494738579, 0.0 ], [ 545565.856502391397953, 6021931.388220991007984, 0.0 ], [ 545556.174592584371567, 6021933.951262186281383, 0.0 ], [ 545546.501682929694653, 6021936.549303056672215, 0.0 ], [ 545536.836773421615362, 6021939.181343617849052, 0.0 ], [ 545527.180864058434963, 6021941.846383868716657, 0.0 ], [ 545517.532954853028059, 6021944.545423809438944, 0.0 ], [ 545507.894045781344175, 6021947.278463435359299, 0.0 ], [ 545498.264136869460344, 6021950.045502739958465, 0.0 ], [ 545488.642228089272976, 6021952.84654173720628, 0.0 ], [ 545479.02931946516037, 6021955.681580416858196, 0.0 ], [ 545469.424410991370678, 6021958.550618786364794, 0.0 ], [ 545459.828502658754587, 6021961.45265684556216, 0.0 ], [ 545450.241594482213259, 6021964.389694582670927, 0.0 ], [ 545440.662686441093683, 6021967.359732015989721, 0.0 ], [ 545431.092778563499451, 6021970.36476912535727, 0.0 ], [ 545421.530870832502842, 6021973.403805923648179, 0.0 ], [ 545411.97896322235465, 6021976.475842407904565, 0.0 ], [ 545402.456055793911219, 6021979.611878218129277, 0.0 ], [ 545402.456055793911219, 6021979.611878218129277, 0.0 ] ], [ [ 545787.92771203070879, 6021916.930936845950782, 0.0 ], [ 545769.12789436802268, 6021923.054008062928915, 0.0 ], [ 545759.584986187517643, 6021926.046045101247728, 0.0 ], [ 545750.033077873289585, 6021929.004082458093762, 0.0 ], [ 545740.473169419914484, 6021931.929120115935802, 0.0 ], [ 545730.90426079928875, 6021934.819158096797764, 0.0 ], [ 545721.327352039515972, 6021937.676196382381022, 0.0 ], [ 545711.741443123668432, 6021940.499234985560179, 0.0 ], [ 545702.14753407984972, 6021943.289273891597986, 0.0 ], [ 545692.545624859631062, 6021946.04431311506778, 0.0 ], [ 545682.934715505689383, 6021948.76635264698416, 0.0 ], [ 545673.31580600515008, 6021951.454392489045858, 0.0 ], [ 545663.687896378338337, 6021954.109432639554143, 0.0 ], [ 545654.051986582577229, 6021956.730473103001714, 0.0 ], [ 545644.408076629042625, 6021959.31751387566328, 0.0 ], [ 545634.755166541785002, 6021961.870554964058101, 0.0 ], [ 545625.093256313353777, 6021964.390596363693476, 0.0 ], [ 545615.424345925450325, 6021966.876638065092266, 0.0 ], [ 545606.178431406617165, 6021969.219678205437958, 0.0 ], [ 545605.745435409247875, 6021969.328680091537535, 0.0 ], [ 545601.571473922580481, 6021970.375698294490576, 0.0 ], [ 545596.059524726122618, 6021971.747722414322197, 0.0 ], [ 545586.364613901823759, 6021974.132765052840114, 0.0 ], [ 545576.660702932626009, 6021976.483808008953929, 0.0 ], [ 545566.948791813105345, 6021978.800851275213063, 0.0 ], [ 545557.228880546987057, 6021981.084894843399525, 0.0 ], [ 545547.499969143420458, 6021983.335938720963895, 0.0 ], [ 545537.763057582080364, 6021985.551982917822897, 0.0 ], [ 545528.018145877867937, 6021987.735027415677905, 0.0 ], [ 545518.264234025031328, 6021989.884072232060134, 0.0 ], [ 545508.501322016119957, 6021991.999117364175618, 0.0 ], [ 545498.731409873813391, 6021994.081162791699171, 0.0 ], [ 545488.951497573405504, 6021996.129208545200527, 0.0 ], [ 545479.164585124701262, 6021998.14325460139662, 0.0 ], [ 545469.36767253652215, 6022000.123300978913903, 0.0 ], [ 545459.563759796321392, 6022002.070347654633224, 0.0 ], [ 545449.750846918672323, 6022003.983394647948444, 0.0 ], [ 545439.928933896124363, 6022005.862441956065595, 0.0 ], [ 545430.099020704627037, 6022007.707489575259387, 0.0 ], [ 545420.261107381433249, 6022009.518537506461143, 0.0 ], [ 545410.420193627476692, 6022011.259585989639163, 0.0 ], [ 545410.420193627476692, 6022011.259585989639163, 0.0 ] ], [ [ 545781.303553275763988, 6021883.583233666606247, 0.0 ], [ 545787.92771203070879, 6021916.930936845950782, 0.0 ] ], [ [ 545402.456055793911219, 6021979.611878218129277, 0.0 ], [ 545410.420193627476692, 6022011.259585989639163, 0.0 ] ], [ [ 545402.456055793911219, 6021979.611878218129277, 0.0 ], [ 545382.558228198438883, 6021982.814978676848114, 0.0 ], [ 545372.616314768791199, 6021984.484028348699212, 0.0 ], [ 545362.683401484042406, 6021986.186077708378434, 0.0 ], [ 545352.758488330990076, 6021987.921126767992973, 0.0 ], [ 545342.84157533198595, 6021989.689175523817539, 0.0 ], [ 545332.933662477880716, 6021991.490223967470229, 0.0 ], [ 545323.032749772071838, 6021993.324272118508816, 0.0 ], [ 545313.140837199985981, 6021995.192319951020181, 0.0 ], [ 545303.256924785673618, 6021997.092367487959564, 0.0 ], [ 545293.381012495607138, 6021999.025414721108973, 0.0 ], [ 545283.513100385665894, 6022000.992461647838354, 0.0 ], [ 545273.654188394546509, 6022002.991508270613849, 0.0 ], [ 545263.8022765442729, 6022005.023554597049952, 0.0 ], [ 545253.959364864975214, 6022007.089600606821477, 0.0 ], [ 545244.124453295022249, 6022009.187646321952343, 0.0 ], [ 545234.29754189029336, 6022011.318691734224558, 0.0 ], [ 545224.478630635887384, 6022013.4827368427068, 0.0 ], [ 545214.668719511479139, 6022015.67978164087981, 0.0 ], [ 545204.86580853164196, 6022017.909826145507395, 0.0 ], [ 545195.071897696703672, 6022020.172870340757072, 0.0 ], [ 545185.285987012088299, 6022022.467914240434766, 0.0 ], [ 545175.508076466619968, 6022024.796957829035819, 0.0 ], [ 545165.738166075199842, 6022027.159001114778221, 0.0 ], [ 545155.97625583037734, 6022029.553044106811285, 0.0 ], [ 545154.059273477643728, 6022030.027052517049015, 0.0 ], [ 545146.223345704376698, 6022031.980086787603796, 0.0 ], [ 545143.387371890246868, 6022032.693099142052233, 0.0 ], [ 545136.47843573987484, 6022034.441129158250988, 0.0 ], [ 545126.740525927394629, 6022036.9341712417081, 0.0 ], [ 545117.011616248637438, 6022039.460213013924658, 0.0 ], [ 545107.290706723928452, 6022042.019254485145211, 0.0 ], [ 545097.578797332942486, 6022044.611295646987855, 0.0 ], [ 545087.873888082802296, 6022047.236336510628462, 0.0 ], [ 545078.177978981286287, 6022049.894377066753805, 0.0 ], [ 545068.490070022642612, 6022052.584417328238487, 0.0 ], [ 545058.810161225497723, 6022055.308457277715206, 0.0 ], [ 545049.138252552598715, 6022058.06549692619592, 0.0 ], [ 545039.474344037473202, 6022060.85553627088666, 0.0 ], [ 545029.819435659796, 6022063.678575305268168, 0.0 ], [ 545020.171527434140444, 6022066.534614044241607, 0.0 ], [ 545010.532619342207909, 6022069.42365247476846, 0.0 ], [ 545000.901711415499449, 6022072.345690601505339, 0.0 ], [ 544991.279803603887558, 6022075.300728419795632, 0.0 ], [ 544981.664895962923765, 6022078.289765933528543, 0.0 ], [ 544972.058988451957703, 6022081.31080314796418, 0.0 ], [ 544962.461081102490425, 6022084.365840048529208, 0.0 ], [ 544952.871173895895481, 6022087.45387664809823, 0.0 ], [ 544943.290266823023558, 6022090.575912931933999, 0.0 ], [ 544933.67036010697484, 6022093.704949403181672, 0.0 ], [ 544933.67036010697484, 6022093.704949403181672, 0.0 ] ], [ [ 545410.420193627476692, 6022011.259585989639163, 0.0 ], [ 545391.316380359232426, 6022017.713656582869589, 0.0 ], [ 545381.747473448514938, 6022020.874692493118346, 0.0 ], [ 545372.170566394925117, 6022024.003728696145117, 0.0 ], [ 545362.585659194737673, 6022027.099765202961862, 0.0 ], [ 545352.991751849651337, 6022030.161802026443183, 0.0 ], [ 545343.389844376593828, 6022033.191839144565165, 0.0 ], [ 545333.779936730861664, 6022036.18787657469511, 0.0 ], [ 545324.161028955131769, 6022039.150914311408997, 0.0 ], [ 545314.534121040254831, 6022042.081952344626188, 0.0 ], [ 545304.899212975054979, 6022044.978990688920021, 0.0 ], [ 545295.255304776132107, 6022047.844029332511127, 0.0 ], [ 545285.604396417737007, 6022050.675068282522261, 0.0 ], [ 545275.9434879347682, 6022053.474107539281249, 0.0 ], [ 545266.275579296052456, 6022056.240147094242275, 0.0 ], [ 545256.598670516163111, 6022058.972186964936554, 0.0 ], [ 545246.913761597126722, 6022061.672227129340172, 0.0 ], [ 545237.22085253149271, 6022064.339267595671117, 0.0 ], [ 545227.519943315535784, 6022066.973308369517326, 0.0 ], [ 545217.810033973306417, 6022069.574349449016154, 0.0 ], [ 545208.092124473303556, 6022072.143390824086964, 0.0 ], [ 545198.366214826703072, 6022074.678432511165738, 0.0 ], [ 545188.631305046379566, 6022077.180474502965808, 0.0 ], [ 545178.888395123183727, 6022079.650516793131828, 0.0 ], [ 545178.863395355641842, 6022079.656516904011369, 0.0 ], [ 545178.863395355641842, 6022079.656516904011369, 0.0 ], [ 545169.137485057115555, 6022082.087559387087822, 0.0 ], [ 545159.377574846148491, 6022084.491602288559079, 0.0 ], [ 545149.610664486885071, 6022086.862645485438406, 0.0 ], [ 545139.83475399389863, 6022089.200688993558288, 0.0 ], [ 545130.049843356013298, 6022091.505732809193432, 0.0 ], [ 545120.257932558655739, 6022093.77777692116797, 0.0 ], [ 545110.457021649926901, 6022096.017821337096393, 0.0 ], [ 545100.648110564798117, 6022098.22386606130749, 0.0 ], [ 545090.83119935542345, 6022100.397911082021892, 0.0 ], [ 545081.005287989974022, 6022102.537956418469548, 0.0 ], [ 545071.171376492828131, 6022104.646002049557865, 0.0 ], [ 545061.329464852809906, 6022106.720047991722822, 0.0 ], [ 545051.478553060442209, 6022108.762094235979021, 0.0 ], [ 545041.619641128927469, 6022110.771140782162547, 0.0 ], [ 545031.752729058265686, 6022112.746187640354037, 0.0 ], [ 545021.876816846430302, 6022114.689234798774123, 0.0 ], [ 545011.992904465645552, 6022116.598282267339528, 0.0 ], [ 545002.100991953164339, 6022118.474330039694905, 0.0 ], [ 544992.201079312711954, 6022120.318378105759621, 0.0 ], [ 544982.292166505008936, 6022122.128426490351558, 0.0 ], [ 544972.374253563582897, 6022123.904475189745426, 0.0 ], [ 544962.449340473860502, 6022125.648524179123342, 0.0 ], [ 544952.515427239239216, 6022127.358573485165834, 0.0 ], [ 544942.555513832718134, 6022129.009623405523598, 0.0 ], [ 544942.555513832718134, 6022129.009623405523598, 0.0 ] ], [ [ 544933.67036010697484, 6022093.704949403181672, 0.0 ], [ 544942.555513832718134, 6022129.009623405523598, 0.0 ] ], [ [ 544933.67036010697484, 6022093.704949403181672, 0.0 ], [ 544913.840535197407007, 6022097.422045503742993, 0.0 ], [ 544903.950623203068972, 6022099.383092612028122, 0.0 ], [ 544894.070711359381676, 6022101.380139381624758, 0.0 ], [ 544884.199799675494432, 6022103.413185821846128, 0.0 ], [ 544874.336888149380684, 6022105.481231941841543, 0.0 ], [ 544864.482976775616407, 6022107.585277728736401, 0.0 ], [ 544854.639065559953451, 6022109.724323187023401, 0.0 ], [ 544844.803154483437538, 6022111.89936831779778, 0.0 ], [ 544834.976243574172258, 6022114.109413125552237, 0.0 ], [ 544825.159332804381847, 6022116.354457601904869, 0.0 ], [ 544815.350422199815512, 6022118.635501752607524, 0.0 ], [ 544805.550511755049229, 6022120.952545572072268, 0.0 ], [ 544795.75860146805644, 6022123.30358908046037, 0.0 ], [ 544785.97669131308794, 6022125.690632252022624, 0.0 ], [ 544776.203781321644783, 6022128.113675088621676, 0.0 ], [ 544771.454825162887573, 6022129.304695800878108, 0.0 ], [ 544771.454825162887573, 6022129.304695800878108, 0.0 ], [ 544766.438871495425701, 6022130.571717609651387, 0.0 ], [ 544756.683961812406778, 6022133.064759797416627, 0.0 ], [ 544746.93705228716135, 6022135.592801667749882, 0.0 ], [ 544737.200142908841372, 6022138.156843202188611, 0.0 ], [ 544727.471233692020178, 6022140.756884407252073, 0.0 ], [ 544717.751324627548456, 6022143.390925298444927, 0.0 ], [ 544708.040415715426207, 6022146.060965857468545, 0.0 ], [ 544698.338506959378719, 6022148.766006090678275, 0.0 ], [ 544688.644598361104727, 6022151.507045998238027, 0.0 ], [ 544678.960689924657345, 6022154.2830855762586, 0.0 ], [ 544669.285781621932983, 6022157.094124828465283, 0.0 ], [ 544659.618873484432697, 6022159.941163756884634, 0.0 ], [ 544649.96196549013257, 6022162.823202352970839, 0.0 ], [ 544640.313057661056519, 6022165.741240624338388, 0.0 ], [ 544630.673149988055229, 6022168.694278569892049, 0.0 ], [ 544621.042242452502251, 6022171.682316191494465, 0.0 ], [ 544611.429335400462151, 6022174.767352958209813, 0.0 ], [ 544611.429335400462151, 6022174.767352958209813, 0.0 ] ], [ [ 544942.555513832718134, 6022129.009623405523598, 0.0 ], [ 544923.312699105590582, 6022135.059697965160012, 0.0 ], [ 544913.672791425138712, 6022138.012735910713673, 0.0 ], [ 544904.02388359606266, 6022140.930774179287255, 0.0 ], [ 544894.366975605487823, 6022143.812812777236104, 0.0 ], [ 544884.700067471712828, 6022146.65985170379281, 0.0 ], [ 544875.025159168988466, 6022149.470890956930816, 0.0 ], [ 544865.340250741690397, 6022152.246930541470647, 0.0 ], [ 544855.647342119365931, 6022154.986970451660454, 0.0 ], [ 544845.945433367043734, 6022157.692010683938861, 0.0 ], [ 544836.234524451196194, 6022160.36105125118047, 0.0 ], [ 544826.513615380972624, 6022162.995092147029936, 0.0 ], [ 544816.78470616042614, 6022165.594133362174034, 0.0 ], [ 544807.047796774655581, 6022168.157174902968109, 0.0 ], [ 544797.300887249410152, 6022170.685216774232686, 0.0 ], [ 544787.544977568089962, 6022173.177258976735175, 0.0 ], [ 544782.79802143201232, 6022174.377279608510435, 0.0 ], [ 544782.79802143201232, 6022174.377279608510435, 0.0 ], [ 544777.780067749321461, 6022175.63530149590224, 0.0 ], [ 544768.007157746702433, 6022178.056344348937273, 0.0 ], [ 544758.225247591733932, 6022180.443387520499527, 0.0 ], [ 544748.433337297290564, 6022182.79443102888763, 0.0 ], [ 544738.633426837623119, 6022185.109474861994386, 0.0 ], [ 544728.824516236782074, 6022187.390519014559686, 0.0 ], [ 544719.006605472415686, 6022189.635563494637609, 0.0 ], [ 544709.179694563150406, 6022191.845608303323388, 0.0 ], [ 544699.343783501535654, 6022194.019653442315757, 0.0 ], [ 544689.499872267246246, 6022196.158698899671435, 0.0 ], [ 544679.64596088975668, 6022198.261744693852961, 0.0 ], [ 544669.784049358218908, 6022200.33079080004245, 0.0 ], [ 544659.912137683480978, 6022202.362837255001068, 0.0 ], [ 544650.032225839793682, 6022204.360884016379714, 0.0 ], [ 544640.143313836306334, 6022206.322931112721562, 0.0 ], [ 544630.245401702821255, 6022208.249978528358042, 0.0 ], [ 544620.323489297181368, 6022210.108026627451181, 0.0 ], [ 544620.323489297181368, 6022210.108026627451181, 0.0 ] ], [ [ 544611.429335400462151, 6022174.767352958209813, 0.0 ], [ 544620.323489297181368, 6022210.108026627451181, 0.0 ] ], [ [ 544611.429335400462151, 6022174.767352958209813, 0.0 ], [ 544591.663509614765644, 6022178.421449138782918, 0.0 ], [ 544581.79459697380662, 6022180.304496712982655, 0.0 ], [ 544571.934684485197067, 6022182.221543971449137, 0.0 ], [ 544562.082772132009268, 6022184.173590909689665, 0.0 ], [ 544552.239859938621521, 6022186.159637530334294, 0.0 ], [ 544542.405947893857956, 6022188.179683835245669, 0.0 ], [ 544532.580035984516144, 6022190.233729830011725, 0.0 ], [ 544522.763124234974384, 6022192.322775500826538, 0.0 ], [ 544512.955212630331516, 6022194.445820854045451, 0.0 ], [ 544503.155301190912724, 6022196.603865888901055, 0.0 ], [ 544493.364389881491661, 6022198.794910617172718, 0.0 ], [ 544483.581478733569384, 6022201.02095502614975, 0.0 ], [ 544473.807567730545998, 6022203.280999115668237, 0.0 ], [ 544464.042656872421503, 6022205.575042891316116, 0.0 ], [ 544454.285746164619923, 6022207.903086356818676, 0.0 ], [ 544444.537835605442524, 6022210.266129498369992, 0.0 ], [ 544434.797925196588039, 6022212.662172334268689, 0.0 ], [ 544425.135014314204454, 6022215.076214550063014, 0.0 ], [ 544425.135014314204454, 6022215.076214550063014, 0.0 ], [ 544425.067014943808317, 6022215.093214846216142, 0.0 ], [ 544415.345104824751616, 6022217.558257043361664, 0.0 ], [ 544405.631194870918989, 6022220.058298921212554, 0.0 ], [ 544395.926285050809383, 6022222.591340491548181, 0.0 ], [ 544386.229375392198563, 6022225.159381742589176, 0.0 ], [ 544376.541465882211924, 6022227.761422676034272, 0.0 ], [ 544366.862556509673595, 6022230.397463293746114, 0.0 ], [ 544357.191647291183472, 6022233.067503600381315, 0.0 ], [ 544347.529738217592239, 6022235.771543590351939, 0.0 ], [ 544337.875829305499792, 6022238.510583262890577, 0.0 ], [ 544328.230920538306236, 6022241.283622617833316, 0.0 ], [ 544318.595011919736862, 6022244.090661657042801, 0.0 ], [ 544308.967103455215693, 6022246.931700385175645, 0.0 ], [ 544299.348195131868124, 6022249.807738788425922, 0.0 ], [ 544289.738286953419447, 6022252.716776884160936, 0.0 ], [ 544280.136378925293684, 6022255.660814658738673, 0.0 ], [ 544270.543471042066813, 6022258.639852112159133, 0.0 ], [ 544260.958563324064016, 6022261.652889254502952, 0.0 ], [ 544251.383655738085508, 6022264.699926073662937, 0.0 ], [ 544241.836748443543911, 6022267.824962120503187, 0.0 ], [ 544241.836748443543911, 6022267.824962120503187, 0.0 ] ], [ [ 544620.323489297181368, 6022210.108026627451181, 0.0 ], [ 544601.188674446195364, 6022216.271099643781781, 0.0 ], [ 544591.604766719043255, 6022219.28413677867502, 0.0 ], [ 544582.011858846992254, 6022222.26317423209548, 0.0 ], [ 544572.409950818866491, 6022225.207212008535862, 0.0 ], [ 544562.799042653292418, 6022228.117250101640821, 0.0 ], [ 544553.180134329944849, 6022230.992288513109088, 0.0 ], [ 544543.553225859999657, 6022233.834327227436006, 0.0 ], [ 544533.916317235678434, 6022236.641366271302104, 0.0 ], [ 544524.272408463060856, 6022239.414405620656908, 0.0 ], [ 544514.618499536067247, 6022242.152445301413536, 0.0 ], [ 544504.956590477377176, 6022244.857485284097493, 0.0 ], [ 544495.285681258887053, 6022247.527525590732694, 0.0 ], [ 544485.606771890074015, 6022250.163566208444536, 0.0 ], [ 544475.918862372636795, 6022252.764607151038945, 0.0 ], [ 544466.221952710300684, 6022255.332648400217295, 0.0 ], [ 544456.517042905092239, 6022257.865689970552921, 0.0 ], [ 544446.803132932633162, 6022260.364731855690479, 0.0 ], [ 544437.149222191423178, 6022262.812773756682873, 0.0 ], [ 544437.149222191423178, 6022262.812773756682873, 0.0 ], [ 544437.08122281730175, 6022262.829774052836001, 0.0 ], [ 544427.350312564522028, 6022265.260816566646099, 0.0 ], [ 544417.610402148216963, 6022267.656859401613474, 0.0 ], [ 544407.862491592764854, 6022270.019902541302145, 0.0 ], [ 544398.105580899864435, 6022272.347946006804705, 0.0 ], [ 544388.340670026838779, 6022274.641989783383906, 0.0 ], [ 544378.566759034991264, 6022276.902033873833716, 0.0 ], [ 544368.783847875893116, 6022279.128078281879425, 0.0 ], [ 544358.992936566472054, 6022281.319123008288443, 0.0 ], [ 544349.193025123327971, 6022283.477168045006692, 0.0 ], [ 544339.384113531559706, 6022285.600213403813541, 0.0 ], [ 544329.567201782017946, 6022287.688259083777666, 0.0 ], [ 544319.742289870977402, 6022289.743305063806474, 0.0 ], [ 544309.907377827912569, 6022291.763351373374462, 0.0 ], [ 544300.064465645700693, 6022293.750397990457714, 0.0 ], [ 544290.213553283363581, 6022295.701444929465652, 0.0 ], [ 544280.353640798479319, 6022297.619492178782821, 0.0 ], [ 544270.484728146344423, 6022299.502539752051234, 0.0 ], [ 544260.606815356761217, 6022301.351587643846869, 0.0 ], [ 544250.721902184188366, 6022303.129636120051146, 0.0 ], [ 544250.721902184188366, 6022303.129636120051146, 0.0 ] ], [ [ 544241.836748443543911, 6022267.824962120503187, 0.0 ], [ 544250.721902184188366, 6022303.129636120051146, 0.0 ] ], [ [ 544241.836748443543911, 6022267.824962120503187, 0.0 ], [ 544222.067922089248896, 6022271.386059029959142, 0.0 ], [ 544212.19900918379426, 6022273.225106941536069, 0.0 ], [ 544202.338096406310797, 6022275.099154532887042, 0.0 ], [ 544192.485183790326118, 6022277.006201824173331, 0.0 ], [ 544182.642271313816309, 6022278.947248789481819, 0.0 ], [ 544172.806358989328146, 6022280.921295458450913, 0.0 ], [ 544162.979446813464165, 6022282.930341803468764, 0.0 ], [ 544153.160534795373678, 6022284.972387846559286, 0.0 ], [ 544143.350622892379761, 6022287.047433581203222, 0.0 ], [ 544133.549711145460606, 6022289.156478997319937, 0.0 ], [ 544123.756799560040236, 6022291.29952410236001, 0.0 ], [ 544113.97188812866807, 6022293.476568900048733, 0.0 ], [ 544104.195976812392473, 6022295.686613386496902, 0.0 ], [ 544094.428065665066242, 6022297.930657562799752, 0.0 ], [ 544084.669154655188322, 6022300.207701428793371, 0.0 ], [ 544074.918243803083897, 6022302.518744987435639, 0.0 ], [ 544065.175333078950644, 6022304.862788242287934, 0.0 ], [ 544055.441422510892153, 6022307.24083117954433, 0.0 ], [ 544045.716512087732553, 6022309.652873800136149, 0.0 ], [ 544040.769557733088732, 6022310.892895380966365, 0.0 ], [ 544040.769557733088732, 6022310.892895380966365, 0.0 ], [ 544035.999601807445288, 6022312.097916117869318, 0.0 ], [ 544026.290691692382097, 6022314.576958124525845, 0.0 ], [ 544016.590781699866056, 6022317.089999815449119, 0.0 ], [ 544006.89887186512351, 6022319.636041204445064, 0.0 ], [ 543997.215962171554565, 6022322.215082282200456, 0.0 ], [ 543987.541052624583244, 6022324.828123051673174, 0.0 ], [ 543977.875143226236105, 6022327.475163501687348, 0.0 ], [ 543968.21723397821188, 6022330.156203643418849, 0.0 ], [ 543958.568324867635965, 6022332.87024347577244, 0.0 ], [ 543948.927415903657675, 6022335.617283003404737, 0.0 ], [ 543939.29450710490346, 6022338.399322217330337, 0.0 ], [ 543929.670598443597555, 6022341.214361117221415, 0.0 ], [ 543920.055689919739962, 6022344.062399710528553, 0.0 ], [ 543910.448781546205282, 6022346.945437987335026, 0.0 ], [ 543900.849873319268227, 6022349.861475957557559, 0.0 ], [ 543891.259965240955353, 6022352.811513613909483, 0.0 ], [ 543881.67905730009079, 6022355.794550959020853, 0.0 ], [ 543872.105149526149035, 6022358.812587994150817, 0.0 ], [ 543862.541241880506277, 6022361.863624714314938, 0.0 ], [ 543852.985334392637014, 6022364.948661122471094, 0.0 ], [ 543843.439427442848682, 6022368.131696718744934, 0.0 ], [ 543843.439427442848682, 6022368.131696718744934, 0.0 ] ], [ [ 544250.721902184188366, 6022303.129636120051146, 0.0 ], [ 544231.626087486743927, 6022309.36470833979547, 0.0 ], [ 544222.062179833650589, 6022312.41574505995959, 0.0 ], [ 544212.48927204683423, 6022315.432782095856965, 0.0 ], [ 544202.907364122569561, 6022318.416819439269602, 0.0 ], [ 544193.317456051707268, 6022321.366857094690204, 0.0 ], [ 544183.71954783052206, 6022324.283895053900778, 0.0 ], [ 544174.11263944581151, 6022327.165933337062597, 0.0 ], [ 544164.496730927377939, 6022330.014971926808357, 0.0 ], [ 544154.872822280973196, 6022332.831010822206736, 0.0 ], [ 544145.240913450717926, 6022335.612050033174455, 0.0 ], [ 544135.600004505366087, 6022338.360089555382729, 0.0 ], [ 544125.951095405966043, 6022341.075129381380975, 0.0 ], [ 544116.293186146765947, 6022343.756169522181153, 0.0 ], [ 544106.627276759594679, 6022346.403209974057972, 0.0 ], [ 544096.952367220073938, 6022349.017250733450055, 0.0 ], [ 544087.269457519054413, 6022351.597291804850101, 0.0 ], [ 544077.577547691762447, 6022354.143333193846047, 0.0 ], [ 544067.877637706696987, 6022356.656374883837998, 0.0 ], [ 544058.169727571308613, 6022359.135416885837913, 0.0 ], [ 544053.2247732616961, 6022360.384438384324312, 0.0 ], [ 544053.2247732616961, 6022360.384438384324312, 0.0 ], [ 544048.452817305922508, 6022361.581459197215736, 0.0 ], [ 544038.727906875312328, 6022363.99350181594491, 0.0 ], [ 544028.993996310979128, 6022366.372544745914638, 0.0 ], [ 544019.251085612922907, 6022368.717587992548943, 0.0 ], [ 544009.501174740493298, 6022371.028631542809308, 0.0 ], [ 543999.74126373976469, 6022373.306675408966839, 0.0 ], [ 543989.974352583289146, 6022375.550719579681754, 0.0 ], [ 543980.198441281914711, 6022377.7607640651986, 0.0 ], [ 543970.413529846817255, 6022379.937808862887323, 0.0 ], [ 543960.620618265122175, 6022382.081853960640728, 0.0 ], [ 543950.818706512451172, 6022384.190899382345378, 0.0 ], [ 543941.008794635534286, 6022386.266945109702647, 0.0 ], [ 543931.190882608294487, 6022388.308991146273911, 0.0 ], [ 543921.363970428705215, 6022390.318037491291761, 0.0 ], [ 543911.52905810624361, 6022392.293084147386253, 0.0 ], [ 543901.685145623981953, 6022394.234131121076643, 0.0 ], [ 543891.832233007997274, 6022396.141178410500288, 0.0 ], [ 543881.971320245414972, 6022398.015226000919938, 0.0 ], [ 543872.102407325059175, 6022399.854273913428187, 0.0 ], [ 543862.224494267255068, 6022401.660322130657732, 0.0 ], [ 543852.314581044018269, 6022403.401371048763394, 0.0 ], [ 543852.314581044018269, 6022403.401371048763394, 0.0 ] ], [ [ 543843.439427442848682, 6022368.131696718744934, 0.0 ], [ 543852.314581044018269, 6022403.401371048763394, 0.0 ] ], [ [ 543843.439427442848682, 6022368.131696718744934, 0.0 ], [ 543823.505601335316896, 6022371.528795921243727, 0.0 ], [ 543813.551688510924578, 6022373.277845052070916, 0.0 ], [ 543803.605775810778141, 6022375.059893883764744, 0.0 ], [ 543793.667863272130489, 6022376.875942403450608, 0.0 ], [ 543783.738950867205858, 6022378.723990621045232, 0.0 ], [ 543773.819038618355989, 6022380.606038522906601, 0.0 ], [ 543763.906126499176025, 6022382.521086126565933, 0.0 ], [ 543754.002214539796114, 6022384.470133414492011, 0.0 ], [ 543744.107302710413933, 6022386.451180403120816, 0.0 ], [ 543734.219391036778688, 6022388.465227093547583, 0.0 ], [ 543724.340479500591755, 6022390.513273467309773, 0.0 ], [ 543714.470568109303713, 6022392.594319531694055, 0.0 ], [ 543704.607656862586737, 6022394.707365307956934, 0.0 ], [ 543694.753745764493942, 6022396.854410767555237, 0.0 ], [ 543684.907834820449352, 6022399.034455922432244, 0.0 ], [ 543675.070923984050751, 6022401.246500778011978, 0.0 ], [ 543665.242013312876225, 6022403.492545323446393, 0.0 ], [ 543655.421102788299322, 6022405.77158956322819, 0.0 ], [ 543645.608192410320044, 6022408.083633503876626, 0.0 ], [ 543635.804282162338495, 6022410.427677140571177, 0.0 ], [ 543626.008372068405151, 6022412.805720465257764, 0.0 ], [ 543616.221462123095989, 6022415.216763484291732, 0.0 ], [ 543606.606550794094801, 6022417.618805489502847, 0.0 ], [ 543606.441552303731441, 6022417.659806213341653, 0.0 ], [ 543606.364553019404411, 6022417.679806545376778, 0.0 ], [ 543596.670642640441656, 6022420.136848624795675, 0.0 ], [ 543586.908733114600182, 6022422.646890725940466, 0.0 ], [ 543577.153823748230934, 6022425.188932543620467, 0.0 ], [ 543567.407914504408836, 6022427.764974039979279, 0.0 ], [ 543557.670005414634943, 6022430.373015242628753, 0.0 ], [ 543547.941096473485231, 6022433.015056128613651, 0.0 ], [ 543538.219187662005424, 6022435.689096724614501, 0.0 ], [ 543528.506279017776251, 6022438.397137003019452, 0.0 ], [ 543518.802370488643646, 6022441.137176983058453, 0.0 ], [ 543509.105462115257978, 6022443.911216657608747, 0.0 ], [ 543499.417553890496492, 6022446.717256030999124, 0.0 ], [ 543489.738645795732737, 6022449.557295086793602, 0.0 ], [ 543480.066737856715918, 6022452.429333854466677, 0.0 ], [ 543470.4038300588727, 6022455.33537230361253, 0.0 ], [ 543460.749922402203083, 6022458.274410446174443, 0.0 ], [ 543451.103014897555113, 6022461.24644829146564, 0.0 ], [ 543441.465107530355453, 6022464.251485827378929, 0.0 ], [ 543431.836200304329395, 6022467.289523053914309, 0.0 ], [ 543422.214293237775564, 6022470.361559976823628, 0.0 ], [ 543412.601386301219463, 6022473.465596595779061, 0.0 ], [ 543402.997479520738125, 6022476.603632901795208, 0.0 ], [ 543393.400572873651981, 6022479.774668909609318, 0.0 ], [ 543383.813666384667158, 6022482.979704595170915, 0.0 ], [ 543374.243759948760271, 6022486.216739928349853, 0.0 ], [ 543374.243759948760271, 6022486.216739928349853, 0.0 ] ], [ [ 543852.314581044018269, 6022403.401371048763394, 0.0 ], [ 543833.154768321663141, 6022409.871441873721778, 0.0 ], [ 543823.558861665427685, 6022413.04247787501663, 0.0 ], [ 543813.953954882919788, 6022416.180514184758067, 0.0 ], [ 543804.341047957539558, 6022419.2855507992208, 0.0 ], [ 543794.720140885561705, 6022422.356587721966207, 0.0 ], [ 543785.091233655810356, 6022425.395624940283597, 0.0 ], [ 543775.453326292335987, 6022428.40066247805953, 0.0 ], [ 543765.806418795138597, 6022431.372700321488082, 0.0 ], [ 543756.15251112729311, 6022434.311738464049995, 0.0 ], [ 543746.489603336900473, 6022437.217776915058494, 0.0 ], [ 543736.817695401608944, 6022440.090815674513578, 0.0 ], [ 543727.138787314295769, 6022442.930854731239378, 0.0 ], [ 543717.450879089534283, 6022445.736894103698432, 0.0 ], [ 543707.753970716148615, 6022448.510933778248727, 0.0 ], [ 543698.050062190741301, 6022451.250973757356405, 0.0 ], [ 543688.337153535336256, 6022453.959014036692679, 0.0 ], [ 543678.616244733333588, 6022456.634054620750248, 0.0 ], [ 543668.886335793882608, 6022459.275095519609749, 0.0 ], [ 543659.148426704108715, 6022461.884136714972556, 0.0 ], [ 543649.402517452836037, 6022464.459178219549358, 0.0 ], [ 543639.648608077317476, 6022467.002220020629466, 0.0 ], [ 543629.885698553174734, 6022469.511262135580182, 0.0 ], [ 543620.279787369072437, 6022471.947303825058043, 0.0 ], [ 543620.11478890106082, 6022471.988304547965527, 0.0 ], [ 543620.036789610981941, 6022472.008304885588586, 0.0 ], [ 543610.33587907999754, 6022474.432347262278199, 0.0 ], [ 543600.547969125211239, 6022476.842390296049416, 0.0 ], [ 543590.752059027552605, 6022479.22043361980468, 0.0 ], [ 543580.948148787021637, 6022481.565477251075208, 0.0 ], [ 543571.135238420218229, 6022483.877521189861, 0.0 ], [ 543561.314327891916037, 6022486.155565438792109, 0.0 ], [ 543551.48541722074151, 6022488.401609984226525, 0.0 ], [ 543541.64850639551878, 6022490.614654831588268, 0.0 ], [ 543531.802595436573029, 6022492.793699995614588, 0.0 ], [ 543521.948684331029654, 6022494.940745453350246, 0.0 ], [ 543512.086773093789816, 6022497.054791215807199, 0.0 ], [ 543502.215861689299345, 6022499.134837293997407, 0.0 ], [ 543492.336950168013573, 6022501.182883666828275, 0.0 ], [ 543482.450038477778435, 6022503.196930353529751, 0.0 ], [ 543472.554126661270857, 6022505.178977337665856, 0.0 ], [ 543462.650214694440365, 6022507.127024633809924, 0.0 ], [ 543452.738302577286959, 6022509.042072232812643, 0.0 ], [ 543442.817390333861113, 6022510.924120141193271, 0.0 ], [ 543432.888477940112352, 6022512.773168350569904, 0.0 ], [ 543422.950565382838249, 6022514.588216878473759, 0.0 ], [ 543413.005652692168951, 6022516.371265694499016, 0.0 ], [ 543403.051739864051342, 6022518.120314825326204, 0.0 ], [ 543393.08882687613368, 6022519.835364274680614, 0.0 ], [ 543383.119913555681705, 6022521.487414246425033, 0.0 ], [ 543383.119913555681705, 6022521.487414246425033, 0.0 ] ], [ [ 543374.243759948760271, 6022486.216739928349853, 0.0 ], [ 543383.119913555681705, 6022521.487414246425033, 0.0 ] ], [ [ 543374.243759948760271, 6022486.216739928349853, 0.0 ], [ 543354.638931963592768, 6022489.71583628281951, 0.0 ], [ 543344.857018325477839, 6022491.544883724302053, 0.0 ], [ 543335.083104819059372, 6022493.407930855639279, 0.0 ], [ 543325.31719146296382, 6022495.302977688610554, 0.0 ], [ 543315.560278259217739, 6022497.23202420771122, 0.0 ], [ 543305.811365179717541, 6022499.194070423021913, 0.0 ], [ 543296.070452261716127, 6022501.189116335473955, 0.0 ], [ 543286.338539488613605, 6022503.217161938548088, 0.0 ], [ 543276.614626847207546, 6022505.279207231476903, 0.0 ], [ 543266.898714359849691, 6022507.37325223069638, 0.0 ], [ 543257.191802017390728, 6022509.500296916812658, 0.0 ], [ 543247.492889806628227, 6022511.661341296508908, 0.0 ], [ 543237.801977753639221, 6022513.854385380633175, 0.0 ], [ 543228.120065834373236, 6022516.081429146230221, 0.0 ], [ 543218.446154072880745, 6022518.341472608037293, 0.0 ], [ 543208.780242443084717, 6022520.63351577706635, 0.0 ], [ 543199.123330947011709, 6022522.959558631293476, 0.0 ], [ 543189.474419604986906, 6022525.317601185292006, 0.0 ], [ 543179.833508413285017, 6022527.709643432870507, 0.0 ], [ 543175.138551738113165, 6022528.886663913726807, 0.0 ], [ 543175.138551738113165, 6022528.886663913726807, 0.0 ], [ 543170.200597360730171, 6022530.133685383945704, 0.0 ], [ 543160.576686453074217, 6022532.591727016493678, 0.0 ], [ 543150.960775684565306, 6022535.08176835719496, 0.0 ], [ 543141.35286507755518, 6022537.605809385888278, 0.0 ], [ 543131.753954581916332, 6022540.161850112490356, 0.0 ], [ 543122.16304424777627, 6022542.750890538096428, 0.0 ], [ 543112.580134060233831, 6022545.373930652625859, 0.0 ], [ 543103.006224017590284, 6022548.028970465064049, 0.0 ], [ 543093.439314108341932, 6022550.717009980231524, 0.0 ], [ 543083.88240434601903, 6022553.439049172215164, 0.0 ], [ 543074.332494739443064, 6022556.193088077940047, 0.0 ], [ 543064.791585255414248, 6022558.981126665137708, 0.0 ], [ 543055.258675925433636, 6022561.801164958626032, 0.0 ], [ 543045.733766742050648, 6022564.65420294739306, 0.0 ], [ 543036.217857703566551, 6022567.541240617632866, 0.0 ], [ 543026.709948815405369, 6022570.460277996957302, 0.0 ], [ 543017.210040051490068, 6022573.413315064273775, 0.0 ], [ 543007.71913144364953, 6022576.399351821281016, 0.0 ], [ 542998.236222986131907, 6022579.418388276360929, 0.0 ], [ 542988.761314664036036, 6022582.470424430444837, 0.0 ], [ 542979.313406527042389, 6022585.583459946326911, 0.0 ], [ 542979.313406527042389, 6022585.583459946326911, 0.0 ] ], [ [ 543383.119913555681705, 6022521.487414246425033, 0.0 ], [ 543364.188097193837166, 6022527.65848592389375, 0.0 ], [ 543354.705188732594252, 6022530.677522380836308, 0.0 ], [ 543345.214280121028423, 6022533.663559139706194, 0.0 ], [ 543335.714371383190155, 6022536.616596207022667, 0.0 ], [ 543326.206462476402521, 6022539.536633576266468, 0.0 ], [ 543316.690553434193134, 6022542.422671256586909, 0.0 ], [ 543307.166644249111414, 6022545.276709233410656, 0.0 ], [ 543297.633734915405512, 6022548.096747524105012, 0.0 ], [ 543288.091825447976589, 6022550.883786126039922, 0.0 ], [ 543278.54291583225131, 6022553.638825017958879, 0.0 ], [ 543268.98500606790185, 6022556.359864223748446, 0.0 ], [ 543259.419096160680056, 6022559.047903733327985, 0.0 ], [ 543249.84418611228466, 6022561.702943552285433, 0.0 ], [ 543240.261275921016932, 6022564.324983671307564, 0.0 ], [ 543230.67036559432745, 6022566.914024097844958, 0.0 ], [ 543221.071455098688602, 6022569.470064824447036, 0.0 ], [ 543211.463544487953186, 6022571.993105862289667, 0.0 ], [ 543201.847633708268404, 6022574.483147199265659, 0.0 ], [ 543192.222722798585892, 6022576.940188848413527, 0.0 ], [ 543187.530766166746616, 6022578.125209247693419, 0.0 ], [ 543187.530766166746616, 6022578.125209247693419, 0.0 ], [ 543182.590811744332314, 6022579.364230792038143, 0.0 ], [ 543172.949900545179844, 6022581.755273047834635, 0.0 ], [ 543163.299989219754934, 6022584.113315612077713, 0.0 ], [ 543153.643077719956636, 6022586.438358468003571, 0.0 ], [ 543143.977166090160608, 6022588.730401638895273, 0.0 ], [ 543134.303254324942827, 6022590.989445107989013, 0.0 ], [ 543124.620342411100864, 6022593.215488891117275, 0.0 ], [ 543114.929430339485407, 6022595.408532973378897, 0.0 ], [ 543105.230518132448196, 6022597.568577359430492, 0.0 ], [ 543095.523605786263943, 6022599.69662204105407, 0.0 ], [ 543085.807693306356668, 6022601.790667036548257, 0.0 ], [ 543076.08378067240119, 6022603.851712339557707, 0.0 ], [ 543066.351867880672216, 6022605.879757942631841, 0.0 ], [ 543056.610954958945513, 6022607.874803855083883, 0.0 ], [ 543046.862041901797056, 6022609.83685006853193, 0.0 ], [ 543037.105128679424524, 6022611.765896588563919, 0.0 ], [ 543027.339215330779552, 6022613.660943421535194, 0.0 ], [ 543017.565301831811666, 6022615.523990551941097, 0.0 ], [ 543007.783388182520866, 6022617.354037983343005, 0.0 ], [ 542997.992474395781755, 6022619.15008573513478, 0.0 ], [ 542988.195560239255428, 6022620.880134027451277, 0.0 ], [ 542988.195560239255428, 6022620.880134027451277, 0.0 ] ], [ [ 542979.313406527042389, 6022585.583459946326911, 0.0 ], [ 542988.195560239255428, 6022620.880134027451277, 0.0 ] ], [ [ 542979.313406527042389, 6022585.583459946326911, 0.0 ], [ 542959.775578167289495, 6022589.103555721230805, 0.0 ], [ 542950.0226642601192, 6022590.928603009320796, 0.0 ], [ 542940.278750509023666, 6022592.78764998074621, 0.0 ], [ 542930.542836900800467, 6022594.678696657530963, 0.0 ], [ 542920.815923422574997, 6022596.602743026800454, 0.0 ], [ 542911.097010102123022, 6022598.56078908406198, 0.0 ], [ 542901.386096931993961, 6022600.550834846682847, 0.0 ], [ 542891.683183893561363, 6022602.57388030551374, 0.0 ], [ 542881.989271000027657, 6022604.629925457760692, 0.0 ], [ 542872.302358236163855, 6022606.717970317229629, 0.0 ], [ 542862.625445626676083, 6022608.840014856308699, 0.0 ], [ 542852.955533165484667, 6022610.995059099048376, 0.0 ], [ 542843.294620838016272, 6022613.18210303876549, 0.0 ], [ 542833.6417086571455, 6022615.402146676555276, 0.0 ], [ 542823.996796622872353, 6022617.655190012417734, 0.0 ], [ 542814.359884727746248, 6022619.940233049914241, 0.0 ], [ 542804.731972981244326, 6022622.259275773540139, 0.0 ], [ 542795.112061366438866, 6022624.610318202525377, 0.0 ], [ 542785.50014990568161, 6022626.994360327720642, 0.0 ], [ 542780.708194125443697, 6022628.196381225250661, 0.0 ], [ 542780.708194125443697, 6022628.196381225250661, 0.0 ], [ 542775.897238578647375, 6022629.411402142606676, 0.0 ], [ 542766.301327403634787, 6022631.861443664878607, 0.0 ], [ 542756.71441637352109, 6022634.343484882265329, 0.0 ], [ 542747.135505471378565, 6022636.858525798656046, 0.0 ], [ 542737.565594714134932, 6022639.406566404737532, 0.0 ], [ 542728.003684110939503, 6022641.987606707029045, 0.0 ], [ 542718.449773643165827, 6022644.601646709255874, 0.0 ], [ 542708.903863318264484, 6022647.247686414048076, 0.0 ], [ 542699.365953143686056, 6022649.927725809626281, 0.0 ], [ 542689.837043099105358, 6022652.639764903113246, 0.0 ], [ 542680.316133208572865, 6022655.38480369374156, 0.0 ], [ 542670.803223460912704, 6022658.162842180579901, 0.0 ], [ 542661.299313850700855, 6022660.973880361765623, 0.0 ], [ 542651.803404379636049, 6022663.816918244585395, 0.0 ], [ 542642.315495062619448, 6022666.693955818191171, 0.0 ], [ 542632.83558588847518, 6022669.602993096224964, 0.0 ], [ 542623.364676855504513, 6022672.546030058525503, 0.0 ], [ 542613.90176797285676, 6022675.521066724322736, 0.0 ], [ 542604.446859214454889, 6022678.529103088192642, 0.0 ], [ 542595.000950615853071, 6022681.571139135397971, 0.0 ], [ 542585.559042520821095, 6022684.69917449913919, 0.0 ], [ 542585.559042520821095, 6022684.69917449913919, 0.0 ] ], [ [ 542988.195560239255428, 6022620.880134027451277, 0.0 ], [ 542969.319743316620588, 6022627.028205530717969, 0.0 ], [ 542959.864834565669298, 6022630.036241893656552, 0.0 ], [ 542950.401925694197416, 6022633.012278554961085, 0.0 ], [ 542940.931016657501459, 6022635.955315515398979, 0.0 ], [ 542931.452107463032007, 6022638.864352786913514, 0.0 ], [ 542921.964198153465986, 6022641.741390359587967, 0.0 ], [ 542912.46828867867589, 6022644.585428236983716, 0.0 ], [ 542902.963379073888063, 6022647.39546643011272, 0.0 ], [ 542893.451469320803881, 6022650.174504904076457, 0.0 ], [ 542883.930559437721968, 6022652.919543695636094, 0.0 ], [ 542874.400649394840002, 6022655.631582796573639, 0.0 ], [ 542864.863739218562841, 6022658.311622182838619, 0.0 ], [ 542855.31782890483737, 6022660.957661888562143, 0.0 ], [ 542845.763918437063694, 6022663.57170188985765, 0.0 ], [ 542836.202007818967104, 6022666.152742193080485, 0.0 ], [ 542826.63209705799818, 6022668.700782798230648, 0.0 ], [ 542817.053186170756817, 6022671.21682370826602, 0.0 ], [ 542807.46627514064312, 6022673.698864925652742, 0.0 ], [ 542797.871363956481218, 6022676.148906438611448, 0.0 ], [ 542793.081408217549324, 6022677.358927262946963, 0.0 ], [ 542793.081408217549324, 6022677.358927262946963, 0.0 ], [ 542788.267452646046877, 6022678.565948260948062, 0.0 ], [ 542778.655541185289621, 6022680.949990387074649, 0.0 ], [ 542769.035629566758871, 6022683.302032807841897, 0.0 ], [ 542759.407717827707529, 6022685.621075531467795, 0.0 ], [ 542749.771805915981531, 6022687.906118563376367, 0.0 ], [ 542740.126893889158964, 6022690.159161899238825, 0.0 ], [ 542730.473981715738773, 6022692.380205527879298, 0.0 ], [ 542720.81206938624382, 6022694.567249475978315, 0.0 ], [ 542711.143156930804253, 6022696.722293713130057, 0.0 ], [ 542701.465244308114052, 6022698.84333826508373, 0.0 ], [ 542691.779331557452679, 6022700.932383112609386, 0.0 ], [ 542682.085418660193682, 6022702.988428262993693, 0.0 ], [ 542672.382505621761084, 6022705.011473722755909, 0.0 ], [ 542662.671592447906733, 6022707.001519485376775, 0.0 ], [ 542652.952679120004177, 6022708.959565541706979, 0.0 ], [ 542643.224765654653311, 6022710.88361191470176, 0.0 ], [ 542633.48885203897953, 6022712.774658593349159, 0.0 ], [ 542623.744938287883997, 6022714.633705564774573, 0.0 ], [ 542613.993024386465549, 6022716.458752848207951, 0.0 ], [ 542604.232110351324081, 6022718.251800432801247, 0.0 ], [ 542594.438196163624525, 6022719.980848713777959, 0.0 ], [ 542594.438196163624525, 6022719.980848713777959, 0.0 ] ], [ [ 542585.559042520821095, 6022684.69917449913919, 0.0 ], [ 542594.438196163624525, 6022719.980848713777959, 0.0 ] ], [ [ 542585.559042520821095, 6022684.69917449913919, 0.0 ], [ 542565.886214699596167, 6022688.141271717846394, 0.0 ], [ 542556.064301036298275, 6022689.919319798238575, 0.0 ], [ 542546.250387512147427, 6022691.729367587715387, 0.0 ], [ 542536.445474125444889, 6022693.572415062226355, 0.0 ], [ 542526.647560890763998, 6022695.44846224412322, 0.0 ], [ 542516.858647812157869, 6022697.3575091175735, 0.0 ], [ 542507.077734842896461, 6022699.298555695451796, 0.0 ], [ 542497.304822038859129, 6022701.272601969540119, 0.0 ], [ 542487.540909372270107, 6022703.279647934250534, 0.0 ], [ 542477.783996846526861, 6022705.318693609908223, 0.0 ], [ 542468.036084461957216, 6022707.390738976188004, 0.0 ], [ 542458.296172227710485, 6022709.495784042403102, 0.0 ], [ 542448.565260119736195, 6022711.632828805595636, 0.0 ], [ 542438.841348171234131, 6022713.802873271517456, 0.0 ], [ 542429.126436352729797, 6022716.004917435348034, 0.0 ], [ 542419.419524699449539, 6022718.240961289964616, 0.0 ], [ 542409.720613162964582, 6022720.508004857227206, 0.0 ], [ 542400.030701771378517, 6022722.809048108756542, 0.0 ], [ 542390.347790524363518, 6022725.141091077588499, 0.0 ], [ 542380.67387941852212, 6022727.507133729755878, 0.0 ], [ 542371.007968448102474, 6022729.905176087282598, 0.0 ], [ 542366.253012325614691, 6022731.097196828573942, 0.0 ], [ 542366.253012325614691, 6022731.097196828573942, 0.0 ], [ 542361.350057635456324, 6022732.335218149237335, 0.0 ], [ 542351.700146958231926, 6022734.798259909264743, 0.0 ], [ 542342.059236407279968, 6022737.294301358051598, 0.0 ], [ 542332.426326017826796, 6022739.82234251499176, 0.0 ], [ 542322.801415756344795, 6022742.383383366279304, 0.0 ], [ 542313.184505645185709, 6022744.977423914708197, 0.0 ], [ 542303.575595676898956, 6022747.603464170359075, 0.0 ], [ 542293.975685842335224, 6022750.261504122056067, 0.0 ], [ 542284.382776170969009, 6022752.952543779276311, 0.0 ], [ 542274.798866614699364, 6022755.676583126187325, 0.0 ], [ 542265.222957227379084, 6022758.433622170239687, 0.0 ], [ 542255.656047955155373, 6022761.222660913132131, 0.0 ], [ 542246.096138838678598, 6022764.043699368834496, 0.0 ], [ 542236.545229863375425, 6022766.898737505078316, 0.0 ], [ 542227.002321045845747, 6022769.785775347612798, 0.0 ], [ 542217.46741234511137, 6022772.70581288728863, 0.0 ], [ 542207.941503789275885, 6022775.657850125804543, 0.0 ], [ 542198.423595391213894, 6022778.642887061461806, 0.0 ], [ 542188.913687117397785, 6022781.660923694260418, 0.0 ], [ 542179.411778993904591, 6022784.711960023269057, 0.0 ], [ 542169.917871039360762, 6022787.795996050350368, 0.0 ], [ 542160.432963185012341, 6022790.91203177627176, 0.0 ], [ 542150.94705568253994, 6022794.080067109316587, 0.0 ], [ 542150.94705568253994, 6022794.080067109316587, 0.0 ] ], [ [ 542594.438196163624525, 6022719.980848713777959, 0.0 ], [ 542575.484380774199963, 6022726.277919566258788, 0.0 ], [ 542565.991472791880369, 6022729.361955587752163, 0.0 ], [ 542556.489564675837755, 6022732.412991916760802, 0.0 ], [ 542546.979656424373388, 6022735.431028549559414, 0.0 ], [ 542537.461748011410236, 6022738.417065478861332, 0.0 ], [ 542527.934839460998774, 6022741.369102722033858, 0.0 ], [ 542518.400930777192116, 6022744.289140255190432, 0.0 ], [ 542508.858021941035986, 6022747.177178090438247, 0.0 ], [ 542499.307112962007523, 6022750.03121623583138, 0.0 ], [ 542489.747203845530748, 6022752.853254681453109, 0.0 ], [ 542480.180294584482908, 6022755.642293424345553, 0.0 ], [ 542470.604385185986757, 6022758.399332468397915, 0.0 ], [ 542461.020475640892982, 6022761.123371814377606, 0.0 ], [ 542451.428565949201584, 6022763.814411466941237, 0.0 ], [ 542441.827656138688326, 6022766.473451418802142, 0.0 ], [ 542432.21974616125226, 6022769.099491665139794, 0.0 ], [ 542422.602836061269045, 6022771.693532215431333, 0.0 ], [ 542412.977925796061754, 6022774.254573067650199, 0.0 ], [ 542403.344015415757895, 6022776.782614228315651, 0.0 ], [ 542393.703104864805937, 6022779.278655678965151, 0.0 ], [ 542384.05319419875741, 6022781.74169743899256, 0.0 ], [ 542379.301238100975752, 6022782.942718093283474, 0.0 ], [ 542379.301238100975752, 6022782.942718093283474, 0.0 ], [ 542374.396283373236656, 6022784.172739487141371, 0.0 ], [ 542364.73037239536643, 6022786.57078184466809, 0.0 ], [ 542355.055461294949055, 6022788.935824509710073, 0.0 ], [ 542345.373550046235323, 6022791.268867466598749, 0.0 ], [ 542335.682638663798571, 6022793.569910723716021, 0.0 ], [ 542325.983727142214775, 6022795.836954289115965, 0.0 ], [ 542316.276815459132195, 6022798.071998151950538, 0.0 ], [ 542306.561903644353151, 6022800.275042308494449, 0.0 ], [ 542296.838991694152355, 6022802.445086769759655, 0.0 ], [ 542287.107079587876797, 6022804.582131538540125, 0.0 ], [ 542277.367167346179485, 6022806.687176602892578, 0.0 ], [ 542267.619254965335131, 6022808.759221970103681, 0.0 ], [ 542257.863342434167862, 6022810.798267639242113, 0.0 ], [ 542248.098429776728153, 6022812.80531361233443, 0.0 ], [ 542238.326516963541508, 6022814.779359879903495, 0.0 ], [ 542228.545604009181261, 6022816.720406454987824, 0.0 ], [ 542218.755690921097994, 6022818.629453333094716, 0.0 ], [ 542208.95877767726779, 6022820.504500515758991, 0.0 ], [ 542199.152864310890436, 6022822.34754800144583, 0.0 ], [ 542189.338950783014297, 6022824.158595780842006, 0.0 ], [ 542179.517037112265825, 6022825.935643870383501, 0.0 ], [ 542169.686123307794333, 6022827.680692262016237, 0.0 ], [ 542159.826209332793951, 6022829.362741315737367, 0.0 ], [ 542159.826209332793951, 6022829.362741315737367, 0.0 ] ], [ [ 542150.94705568253994, 6022794.080067109316587, 0.0 ], [ 542159.826209332793951, 6022829.362741315737367, 0.0 ] ], [ [ 542150.94705568253994, 6022794.080067109316587, 0.0 ], [ 542131.140230171382427, 6022797.727163599804044, 0.0 ], [ 542121.251317672431469, 6022799.608211314305663, 0.0 ], [ 542111.370405312627554, 6022801.522258725948632, 0.0 ], [ 542101.499493099749088, 6022803.471305806189775, 0.0 ], [ 542091.635581042617559, 6022805.454352583736181, 0.0 ], [ 542081.780669126659632, 6022807.470399052836001, 0.0 ], [ 542071.934757359325886, 6022809.521445196121931, 0.0 ], [ 542062.097845748066902, 6022811.606491023674607, 0.0 ], [ 542052.268934290856123, 6022813.726536531932652, 0.0 ], [ 542042.448022965341806, 6022815.879581739194691, 0.0 ], [ 542032.636111792176962, 6022818.066626627929509, 0.0 ], [ 542022.83320077881217, 6022820.28767119999975, 0.0 ], [ 542013.03828989341855, 6022822.542715460062027, 0.0 ], [ 542003.252379175275564, 6022824.831759406253695, 0.0 ], [ 541993.47446858137846, 6022827.1548030404374, 0.0 ], [ 541983.70555816590786, 6022829.512846350669861, 0.0 ], [ 541973.944647874683142, 6022831.903889358974993, 0.0 ], [ 541964.192737750709057, 6022834.328932049684227, 0.0 ], [ 541961.216765217483044, 6022835.075945024378598, 0.0 ], [ 541961.216765217483044, 6022835.075945024378598, 0.0 ], [ 541954.449827749282122, 6022836.787974423728883, 0.0 ], [ 541944.714917920529842, 6022839.281016486696899, 0.0 ], [ 541934.989008232951164, 6022841.80905822571367, 0.0 ], [ 541925.271098680794239, 6022844.370099660940468, 0.0 ], [ 541915.562189295887947, 6022846.965140782296658, 0.0 ], [ 541905.861280038952827, 6022849.594181591644883, 0.0 ], [ 541896.16937094181776, 6022852.25722208339721, 0.0 ], [ 541886.485462006181479, 6022854.955262255854905, 0.0 ], [ 541876.810553207993507, 6022857.686302122659981, 0.0 ], [ 541867.144644532352686, 6022860.451341671869159, 0.0 ], [ 541857.486736048012972, 6022863.251380901783705, 0.0 ], [ 541847.837827675044537, 6022866.084419824182987, 0.0 ], [ 541838.196919485926628, 6022868.952458427287638, 0.0 ], [ 541828.56501142680645, 6022871.854496713727713, 0.0 ], [ 541818.942103505134583, 6022874.790534682571888, 0.0 ], [ 541809.32719574123621, 6022877.760572342202067, 0.0 ], [ 541799.721288125962019, 6022880.76460968516767, 0.0 ], [ 541790.123380664736032, 6022883.803646709769964, 0.0 ], [ 541780.534473352134228, 6022886.875683426856995, 0.0 ], [ 541770.954566176980734, 6022889.98271981626749, 0.0 ], [ 541761.396659336984158, 6022893.168755465187132, 0.0 ], [ 541761.396659336984158, 6022893.168755465187132, 0.0 ] ], [ [ 542159.826209332793951, 6022829.362741315737367, 0.0 ], [ 542140.720395229756832, 6022835.67881297878921, 0.0 ], [ 542131.14448806643486, 6022838.792849292978644, 0.0 ], [ 542121.560580763965845, 6022841.871885920874774, 0.0 ], [ 542111.966673322021961, 6022844.917922868393362, 0.0 ], [ 542102.364765703678131, 6022847.928960132412612, 0.0 ], [ 542092.754857953637838, 6022850.906997697427869, 0.0 ], [ 542083.134950071573257, 6022853.850035595707595, 0.0 ], [ 542073.507042020559311, 6022856.759073803201318, 0.0 ], [ 542063.870133832097054, 6022859.634112327359617, 0.0 ], [ 542054.224225498735905, 6022862.475151170045137, 0.0 ], [ 542044.570317018777132, 6022865.283190313726664, 0.0 ], [ 542034.907408390194178, 6022868.056229783222079, 0.0 ], [ 542025.235499609261751, 6022870.795269566588104, 0.0 ], [ 542015.555590681731701, 6022873.500309661962092, 0.0 ], [ 542005.86668162420392, 6022876.171350074931979, 0.0 ], [ 541996.168772399425507, 6022878.808390804566443, 0.0 ], [ 541986.461863029748201, 6022881.411431850865483, 0.0 ], [ 541976.746953532099724, 6022883.981473200023174, 0.0 ], [ 541967.023043874651194, 6022886.51651487313211, 0.0 ], [ 541960.467104647308588, 6022888.205543123185635, 0.0 ], [ 541957.290134061127901, 6022889.017556861042976, 0.0 ], [ 541948.352216698229313, 6022891.282595665194094, 0.0 ], [ 541947.549224101006985, 6022891.484599161893129, 0.0 ], [ 541937.79831401258707, 6022893.918641779571772, 0.0 ], [ 541928.040403760969639, 6022896.317684704437852, 0.0 ], [ 541918.272493369877338, 6022898.682727955281734, 0.0 ], [ 541908.496582835912704, 6022901.014771508984268, 0.0 ], [ 541898.711672149598598, 6022903.311815387569368, 0.0 ], [ 541888.917761314660311, 6022905.574859580025077, 0.0 ], [ 541879.114850338548422, 6022907.80390409193933, 0.0 ], [ 541869.30393922701478, 6022909.999948907643557, 0.0 ], [ 541859.484027948230505, 6022912.160994043573737, 0.0 ], [ 541849.656116519123316, 6022914.288039493374527, 0.0 ], [ 541839.818204950541258, 6022916.380085272714496, 0.0 ], [ 541829.972293231636286, 6022918.439131353981793, 0.0 ], [ 541820.117381375283003, 6022920.464177753776312, 0.0 ], [ 541810.254469368606806, 6022922.45422447193414, 0.0 ], [ 541800.38155721873045, 6022924.411271502263844, 0.0 ], [ 541790.500644914805889, 6022926.333318852819502, 0.0 ], [ 541780.610732439905405, 6022928.220366528257728, 0.0 ], [ 541770.674819894134998, 6022930.037415028549731, 0.0 ], [ 541770.674819894134998, 6022930.037415028549731, 0.0 ] ], [ [ 541761.396659336984158, 6022893.168755465187132, 0.0 ], [ 541770.674819894134998, 6022930.037415028549731, 0.0 ] ], [ [ 541761.396659336984158, 6022893.168755465187132, 0.0 ], [ 541741.699831862002611, 6022896.636852635070682, 0.0 ], [ 541731.872918304055929, 6022898.425900664180517, 0.0 ], [ 541722.053004909306765, 6022900.248948389664292, 0.0 ], [ 541712.24209164455533, 6022902.103995811194181, 0.0 ], [ 541702.439178522676229, 6022903.991042940877378, 0.0 ], [ 541692.644265539944172, 6022905.911089765839279, 0.0 ], [ 541682.858352702111006, 6022907.864136284217238, 0.0 ], [ 541673.080440003424883, 6022909.849182504229248, 0.0 ], [ 541663.310527443885803, 6022911.866228430531919, 0.0 ], [ 541653.548615045845509, 6022913.917274046689272, 0.0 ], [ 541643.795702751725912, 6022915.999319368973374, 0.0 ], [ 541634.050790626555681, 6022918.114364389330149, 0.0 ], [ 541624.313878621906042, 6022920.261409112252295, 0.0 ], [ 541614.584966771304607, 6022922.441453534178436, 0.0 ], [ 541604.864055056124926, 6022924.653497661463916, 0.0 ], [ 541595.152143485844135, 6022926.898541478440166, 0.0 ], [ 541585.448232050985098, 6022929.175584997981787, 0.0 ], [ 541575.752320758998394, 6022931.484628226608038, 0.0 ], [ 541566.064409613609314, 6022933.826671150512993, 0.0 ], [ 541556.385498598217964, 6022936.200713775120676, 0.0 ], [ 541546.714587725698948, 6022938.606756100431085, 0.0 ], [ 541543.806614562869072, 6022939.336768778972328, 0.0 ], [ 541537.989668313413858, 6022940.806794063188136, 0.0 ], [ 541537.051676992326975, 6022941.045798126608133, 0.0 ], [ 541527.396766405552626, 6022943.516839852556586, 0.0 ], [ 541517.74985595792532, 6022946.019881287589669, 0.0 ], [ 541508.111945644021034, 6022948.555922414176166, 0.0 ], [ 541498.482035480439663, 6022951.123963243328035, 0.0 ], [ 541488.860125441104174, 6022953.724003778770566, 0.0 ], [ 541479.24621557071805, 6022956.357044010423124, 0.0 ], [ 541469.640305817127228, 6022959.022083947435021, 0.0 ], [ 541460.043396208435297, 6022961.719123583287001, 0.0 ], [ 541450.4544867426157, 6022964.449162917211652, 0.0 ], [ 541440.873577415943146, 6022967.211201952770352, 0.0 ], [ 541431.300668224692345, 6022970.006240689195693, 0.0 ], [ 541421.736759170889854, 6022972.833279121667147, 0.0 ], [ 541412.179850269109011, 6022975.692317266948521, 0.0 ], [ 541402.631941504776478, 6022978.584355102851987, 0.0 ], [ 541393.093032881617546, 6022981.509392628446221, 0.0 ], [ 541383.5611243955791, 6022984.465429875068367, 0.0 ], [ 541374.038216050714254, 6022987.454466810449958, 0.0 ], [ 541364.523307856172323, 6022990.476503442041576, 0.0 ], [ 541355.016399797052145, 6022993.530539781786501, 0.0 ], [ 541345.518491864204407, 6022996.617575810290873, 0.0 ], [ 541336.027584098279476, 6022999.736611550673842, 0.0 ], [ 541326.545676458626986, 6023002.888646983541548, 0.0 ], [ 541317.072768956422806, 6023006.073682103306055, 0.0 ], [ 541306.884868990629911, 6023009.586719206534326, 0.0 ], [ 541306.884868990629911, 6023009.586719206534326, 0.0 ] ], [ [ 541770.674819894134998, 6022930.037415028549731, 0.0 ], [ 541751.431007023900747, 6022936.382487334311008, 0.0 ], [ 541741.800100278109312, 6022939.494524008594453, 0.0 ], [ 541732.160193387418985, 6022942.571561004966497, 0.0 ], [ 541722.512286338955164, 6022945.616598297841847, 0.0 ], [ 541712.855379160493612, 6022948.626635914668441, 0.0 ], [ 541703.191471811383963, 6022951.603673826903105, 0.0 ], [ 541693.518564339727163, 6022954.547712049447, 0.0 ], [ 541683.836656704545021, 6022957.457750589586794, 0.0 ], [ 541674.146748945116997, 6022960.334789434447885, 0.0 ], [ 541664.448841009289026, 6022963.177828583866358, 0.0 ], [ 541654.742932941764593, 6022965.987868040800095, 0.0 ], [ 541645.028024725615978, 6022968.763907812535763, 0.0 ], [ 541635.30511637404561, 6022971.507947880774736, 0.0 ], [ 541625.57320786640048, 6022974.216988272033632, 0.0 ], [ 541615.833299223333597, 6022976.894028957933187, 0.0 ], [ 541606.08539042621851, 6022979.537069956772029, 0.0 ], [ 541596.329481475055218, 6022982.146111263893545, 0.0 ], [ 541586.564572393894196, 6022984.723152872174978, 0.0 ], [ 541576.791663158684969, 6022987.266194793395698, 0.0 ], [ 541567.010753788053989, 6022989.776237013749778, 0.0 ], [ 541558.583831667900085, 6022991.909273617900908, 0.0 ], [ 541557.220844257622957, 6022992.252279551699758, 0.0 ], [ 541552.763885386288166, 6022993.368299005553126, 0.0 ], [ 541547.422934584319592, 6022994.695322394371033, 0.0 ], [ 541537.617024764418602, 6022997.105365538038313, 0.0 ], [ 541527.802114803344011, 6022999.481409002095461, 0.0 ], [ 541517.979204703122377, 6023001.825452758930624, 0.0 ], [ 541508.148294452577829, 6023004.135496825911105, 0.0 ], [ 541498.3083840534091, 6023006.41154120862484, 0.0 ], [ 541488.460473518818617, 6023008.654585896059871, 0.0 ], [ 541478.60456283390522, 6023010.864630886353552, 0.0 ], [ 541468.740651994943619, 6023013.041676177643239, 0.0 ], [ 541458.867741003632545, 6023015.184721786528826, 0.0 ], [ 541448.98682988807559, 6023017.294767698273063, 0.0 ], [ 541439.096918612718582, 6023019.371813918463886, 0.0 ], [ 541429.200007185339928, 6023021.414860444143414, 0.0 ], [ 541419.294095620512962, 6023023.424907276406884, 0.0 ], [ 541409.379183914512396, 6023025.400954428128898, 0.0 ], [ 541399.456272061914206, 6023027.344001880846918, 0.0 ], [ 541389.525360062718391, 6023029.254049639217556, 0.0 ], [ 541379.586447916924953, 6023031.130097705870867, 0.0 ], [ 541369.638535615056753, 6023032.973146082833409, 0.0 ], [ 541359.682623170316219, 6023034.782194767147303, 0.0 ], [ 541349.717710588127375, 6023036.55824376270175, 0.0 ], [ 541339.744797863066196, 6023038.300293068401515, 0.0 ], [ 541329.763884969055653, 6023040.008342685177922, 0.0 ], [ 541320.510964464396238, 6023041.390390222892165, 0.0 ], [ 541320.510964464396238, 6023041.390390222892165, 0.0 ] ], [ [ 541306.884868990629911, 6023009.586719206534326, 0.0 ], [ 541320.510964464396238, 6023041.390390222892165, 0.0 ] ], [ [ 541306.884868990629911, 6023009.586719206534326, 0.0 ], [ 541288.574073478579521, 6023019.82975582126528, 0.0 ], [ 541279.896171130239964, 6023024.805772243998945, 0.0 ], [ 541271.236268848180771, 6023029.809788340702653, 0.0 ], [ 541262.597366575151682, 6023034.842804080806673, 0.0 ], [ 541253.976464331150055, 6023039.903819492086768, 0.0 ], [ 541245.375562120229006, 6023044.993834557943046, 0.0 ], [ 541236.793659944087267, 6023050.111849290318787, 0.0 ], [ 541228.230757802724838, 6023055.257863690145314, 0.0 ], [ 541219.68685569241643, 6023060.432877749204636, 0.0 ], [ 541211.162953607738018, 6023065.635891464538872, 0.0 ], [ 541202.658051546663046, 6023070.86690484918654, 0.0 ], [ 541194.172149531543255, 6023076.126917893998325, 0.0 ], [ 541185.70624753460288, 6023081.414930595085025, 0.0 ], [ 541177.25834558904171, 6023086.730942969210446, 0.0 ], [ 541168.830443657934666, 6023092.075954997912049, 0.0 ], [ 541160.42154174298048, 6023097.447966699488461, 0.0 ], [ 541152.031639885157347, 6023102.848978062160313, 0.0 ], [ 541143.661738038063049, 6023108.278989074751735, 0.0 ], [ 541135.309836227446795, 6023113.735999767668545, 0.0 ], [ 541126.977934464812279, 6023119.222010113298893, 0.0 ], [ 541118.665032703429461, 6023124.736020127311349, 0.0 ], [ 541110.371130988001823, 6023130.278029802255332, 0.0 ], [ 541102.096229311078787, 6023135.849039141088724, 0.0 ], [ 541096.6322943829, 6023139.550045134499669, 0.0 ], [ 541093.841327663511038, 6023141.448048138059676, 0.0 ], [ 541091.465356003493071, 6023143.067050670273602, 0.0 ], [ 541085.60442603379488, 6023147.075056809000671, 0.0 ], [ 541077.38752444460988, 6023152.730065139010549, 0.0 ], [ 541069.189622867852449, 6023158.413073134608567, 0.0 ], [ 541061.010721351951361, 6023164.12508078943938, 0.0 ], [ 541052.85081984847784, 6023169.865088112652302, 0.0 ], [ 541044.710918374359608, 6023175.633095094002783, 0.0 ], [ 541036.590016935020685, 6023181.430101731792092, 0.0 ], [ 541028.487115524709225, 6023187.255108047276735, 0.0 ], [ 541020.4052141495049, 6023193.10811401437968, 0.0 ], [ 541012.341312788426876, 6023198.989119654521346, 0.0 ], [ 541004.296411473304033, 6023204.899124952033162, 0.0 ], [ 540996.271510202437639, 6023210.837129911407828, 0.0 ], [ 540988.265608940273523, 6023216.803134536370635, 0.0 ], [ 540980.278707709163427, 6023222.798138819634914, 0.0 ], [ 540972.311806511133909, 6023228.821142761968076, 0.0 ], [ 540964.363905344158411, 6023234.872146373614669, 0.0 ], [ 540956.435004223138094, 6023240.952149642631412, 0.0 ], [ 540948.525103114545345, 6023247.061152568086982, 0.0 ], [ 540940.635202039033175, 6023253.197155163623393, 0.0 ], [ 540932.764301002025604, 6023259.363157409243286, 0.0 ], [ 540924.912399992346764, 6023265.556159330531955, 0.0 ], [ 540917.065499015152454, 6023271.75916114076972, 0.0 ], [ 540917.065499015152454, 6023271.75916114076972, 0.0 ] ], [ [ 541320.510964464396238, 6023041.390390222892165, 0.0 ], [ 541305.585155535489321, 6023053.624390342272818, 0.0 ], [ 541297.645255666226149, 6023059.890392255969346, 0.0 ], [ 541289.686355751007795, 6023066.127394512295723, 0.0 ], [ 541281.706455811858177, 6023072.335397121496499, 0.0 ], [ 541273.707555830478668, 6023078.514400070533156, 0.0 ], [ 541265.688655823469162, 6023084.663403376936913, 0.0 ], [ 541257.649755798280239, 6023090.784407024271786, 0.0 ], [ 541249.591855712234974, 6023096.87541101872921, 0.0 ], [ 541241.513955615460873, 6023102.937415360473096, 0.0 ], [ 541233.416055478155613, 6023108.970420050434768, 0.0 ], [ 541225.298155318945646, 6023114.975425080396235, 0.0 ], [ 541217.160255130380392, 6023120.950430465862155, 0.0 ], [ 541209.003354907035828, 6023126.896436191163957, 0.0 ], [ 541200.826454643160105, 6023132.813442265614867, 0.0 ], [ 541192.630554348230362, 6023138.701448680832982, 0.0 ], [ 541184.413654040545225, 6023144.561455441638827, 0.0 ], [ 541176.177753698080778, 6023150.39146255236119, 0.0 ], [ 541167.922853302210569, 6023156.192470002919436, 0.0 ], [ 541159.646952908486128, 6023161.965477801859379, 0.0 ], [ 541151.352052446454763, 6023167.70848594699055, 0.0 ], [ 541143.037151973694563, 6023173.422494443133473, 0.0 ], [ 541139.081199236214161, 6023176.127498588524759, 0.0 ], [ 541135.362243607640266, 6023178.660502559505403, 0.0 ], [ 541134.703251462429762, 6023179.108503269031644, 0.0 ], [ 541126.349350940436125, 6023184.765512444078922, 0.0 ], [ 541117.975450359284878, 6023190.392521974630654, 0.0 ], [ 541109.581549778580666, 6023195.99153184518218, 0.0 ], [ 541101.168649133294821, 6023201.560542064718902, 0.0 ], [ 541092.73574847355485, 6023207.101552624255419, 0.0 ], [ 541084.283847775310278, 6023212.613563525490463, 0.0 ], [ 541075.810947056859732, 6023218.096574780531228, 0.0 ], [ 541067.319046296179295, 6023223.549586383625865, 0.0 ], [ 541058.808145508170128, 6023228.974598319269717, 0.0 ], [ 541050.276244688779116, 6023234.370610609650612, 0.0 ], [ 541041.725343853235245, 6023239.737623241730034, 0.0 ], [ 541033.154442965984344, 6023245.075636222027242, 0.0 ], [ 541024.563542053103447, 6023250.383649555966258, 0.0 ], [ 541015.95364110916853, 6023255.663663225248456, 0.0 ], [ 541007.323740143328905, 6023260.914677239954472, 0.0 ], [ 540998.673839122056961, 6023266.135691612027586, 0.0 ], [ 540990.003938090056181, 6023271.32770633045584, 0.0 ], [ 540981.315037027001381, 6023276.491721383295953, 0.0 ], [ 540972.605135936290026, 6023281.625736797228456, 0.0 ], [ 540963.876234788447618, 6023286.730752551928163, 0.0 ], [ 540955.127333622425795, 6023291.805768663063645, 0.0 ], [ 540946.358432441949844, 6023296.852785114198923, 0.0 ], [ 540937.578530892729759, 6023301.830802161246538, 0.0 ], [ 540937.578530892729759, 6023301.830802161246538, 0.0 ] ], [ [ 540917.065499015152454, 6023271.75916114076972, 0.0 ], [ 540937.578530892729759, 6023301.830802161246538, 0.0 ] ], [ [ 540917.065499015152454, 6023271.75916114076972, 0.0 ], [ 540900.03869403898716, 6023282.064189218915999, 0.0 ], [ 540891.59179150685668, 6023287.289202284067869, 0.0 ], [ 540883.165888994932175, 6023292.544214988127351, 0.0 ], [ 540874.758986540138721, 6023297.829227343201637, 0.0 ], [ 540866.373084086924791, 6023303.143239346332848, 0.0 ], [ 540858.008181668817997, 6023308.487250983715057, 0.0 ], [ 540849.662279281765223, 6023313.860262284986675, 0.0 ], [ 540841.337376933544874, 6023319.263273220509291, 0.0 ], [ 540833.03347460180521, 6023324.695283804088831, 0.0 ], [ 540824.748572316020727, 6023330.157294036820531, 0.0 ], [ 540816.484670042991638, 6023335.648303918540478, 0.0 ], [ 540808.240767829120159, 6023341.169313443824649, 0.0 ], [ 540800.016865614801645, 6023346.719322623685002, 0.0 ], [ 540792.692952945828438, 6023351.698330516926944, 0.0 ], [ 540791.81296344101429, 6023352.298331453464925, 0.0 ], [ 540784.236054036766291, 6023357.490339307114482, 0.0 ], [ 540783.630061291158199, 6023357.907339921221137, 0.0 ], [ 540775.467159178107977, 6023363.545348042622209, 0.0 ], [ 540767.324257105588913, 6023369.213355808518827, 0.0 ], [ 540759.201355051249266, 6023374.91036322619766, 0.0 ], [ 540751.099453013390303, 6023380.637370282784104, 0.0 ], [ 540743.017551023513079, 6023386.393376992084086, 0.0 ], [ 540734.955649055540562, 6023392.178383354097605, 0.0 ], [ 540726.913747124373913, 6023397.99338936060667, 0.0 ], [ 540718.891845226287842, 6023403.837395021691918, 0.0 ], [ 540710.890943359583616, 6023409.71040032338351, 0.0 ], [ 540702.910041518509388, 6023415.614405266009271, 0.0 ], [ 540694.949139688163996, 6023421.546409867703915, 0.0 ], [ 540687.009237911552191, 6023427.508414111100137, 0.0 ], [ 540679.088336158543825, 6023433.499418009072542, 0.0 ], [ 540671.188434433192015, 6023439.520421548746526, 0.0 ], [ 540663.309532731771469, 6023445.571424726396799, 0.0 ], [ 540655.449631061404943, 6023451.65042756870389, 0.0 ], [ 540647.610729429870844, 6023457.760430041700602, 0.0 ], [ 540639.791827831417322, 6023463.899432166479528, 0.0 ], [ 540632.842917501926422, 6023469.708431354723871, 0.0 ], [ 540632.842917501926422, 6023469.708431354723871, 0.0 ] ], [ [ 540937.578530892729759, 6023301.830802161246538, 0.0 ], [ 540921.716729957610369, 6023314.195807155221701, 0.0 ], [ 540913.741829451173544, 6023320.320810367353261, 0.0 ], [ 540905.745928917080164, 6023326.41381395701319, 0.0 ], [ 540897.730028349906206, 6023332.477817894890904, 0.0 ], [ 540889.693127758800983, 6023338.510822202078998, 0.0 ], [ 540881.635227132588625, 6023344.513826871290803, 0.0 ], [ 540873.55632646381855, 6023350.486831900663674, 0.0 ], [ 540865.457425780594349, 6023356.428837293758988, 0.0 ], [ 540857.337525051087141, 6023362.341843040660024, 0.0 ], [ 540849.196624308824539, 6023368.223849155940115, 0.0 ], [ 540841.035723518580198, 6023374.075855624862015, 0.0 ], [ 540832.853822696954012, 6023379.896862464956939, 0.0 ], [ 540824.651921834796667, 6023385.688869654200971, 0.0 ], [ 540816.429020963609219, 6023391.450877200812101, 0.0 ], [ 540808.185120046138763, 6023397.181885120458901, 0.0 ], [ 540799.921219099313021, 6023402.882893393747509, 0.0 ], [ 540795.121276501566172, 6023406.173898353241384, 0.0 ], [ 540792.231311023235321, 6023408.148901391774416, 0.0 ], [ 540791.636318132281303, 6023408.553902029059827, 0.0 ], [ 540783.330417118966579, 6023414.194911024533212, 0.0 ], [ 540775.004516080021858, 6023419.805920374579728, 0.0 ], [ 540766.658615004271269, 6023425.386930082924664, 0.0 ], [ 540758.290713917464018, 6023430.937940156087279, 0.0 ], [ 540749.902812775224447, 6023436.457950593903661, 0.0 ], [ 540741.494911603629589, 6023441.947961387224495, 0.0 ], [ 540733.065010417252779, 6023447.408972539938986, 0.0 ], [ 540724.615109194070101, 6023452.838984053581953, 0.0 ], [ 540716.145207941532135, 6023458.238995926454663, 0.0 ], [ 540707.654306638985872, 6023463.60800816398114, 0.0 ], [ 540699.142405319958925, 6023468.948020759038627, 0.0 ], [ 540690.61050396040082, 6023474.257033715955913, 0.0 ], [ 540682.05760258808732, 6023479.53704702667892, 0.0 ], [ 540673.483701169490814, 6023484.786060705780983, 0.0 ], [ 540664.88979971036315, 6023490.004074747674167, 0.0 ], [ 540656.27489823102951, 6023495.193089145235717, 0.0 ], [ 540646.803005382418633, 6023500.710106413811445, 0.0 ], [ 540646.803005382418633, 6023500.710106413811445, 0.0 ] ], [ [ 540632.842917501926422, 6023469.708431354723871, 0.0 ], [ 540646.803005382418633, 6023500.710106413811445, 0.0 ] ], [ [ 540632.842917501926422, 6023469.708431354723871, 0.0 ], [ 540613.912084724754095, 6023473.266523025929928, 0.0 ], [ 540604.102172460407019, 6023475.28056922648102, 0.0 ], [ 540594.301260326057673, 6023477.329615102149546, 0.0 ], [ 540584.510348342359066, 6023479.412660657428205, 0.0 ], [ 540574.729436509311199, 6023481.530705877579749, 0.0 ], [ 540564.956524819135666, 6023483.683750782161951, 0.0 ], [ 540555.193613268435001, 6023485.870795362628996, 0.0 ], [ 540545.440701875835657, 6023488.091839621774852, 0.0 ], [ 540535.695790614932775, 6023490.347883561626077, 0.0 ], [ 540525.960879500955343, 6023492.637927181087434, 0.0 ], [ 540516.23596853017807, 6023494.962970465421677, 0.0 ], [ 540506.519057709723711, 6023497.322013443335891, 0.0 ], [ 540496.812147036194801, 6023499.716056087054312, 0.0 ], [ 540487.11523649841547, 6023502.144098409451544, 0.0 ], [ 540477.42732610553503, 6023504.606140416115522, 0.0 ], [ 540467.748415876179934, 6023507.103182096965611, 0.0 ], [ 540458.078505765646696, 6023509.634223461151123, 0.0 ], [ 540448.418595802038908, 6023512.199264501221478, 0.0 ], [ 540438.91268464922905, 6023514.760304605588317, 0.0 ], [ 540438.767685994505882, 6023514.799305220134556, 0.0 ], [ 540438.188691426068544, 6023514.957307646982372, 0.0 ], [ 540429.125776335597038, 6023517.434345612302423, 0.0 ], [ 540419.493866819888353, 6023520.102385689504445, 0.0 ], [ 540409.87095744535327, 6023522.806425434537232, 0.0 ], [ 540400.257048204541206, 6023525.543464871123433, 0.0 ], [ 540390.653139114379883, 6023528.315503976307809, 0.0 ], [ 540381.058230172842741, 6023531.121542765758932, 0.0 ], [ 540371.473321381956339, 6023533.962581223808229, 0.0 ], [ 540361.896412719041109, 6023536.837619370780885, 0.0 ], [ 540352.329504229128361, 6023539.747657189145684, 0.0 ], [ 540342.772595848888159, 6023542.691694683395326, 0.0 ], [ 540333.22468763589859, 6023545.669731859117746, 0.0 ], [ 540323.685779556632042, 6023548.68276871368289, 0.0 ], [ 540314.155871629714966, 6023551.730805242434144, 0.0 ], [ 540304.63596386089921, 6023554.812841448001564, 0.0 ], [ 540295.125056218355894, 6023557.928877336904407, 0.0 ], [ 540285.624148711562157, 6023561.079912893474102, 0.0 ], [ 540276.132241364568472, 6023564.265948127955198, 0.0 ], [ 540266.649334169924259, 6023567.485983043909073, 0.0 ], [ 540257.176427103579044, 6023570.741017630323768, 0.0 ], [ 540247.199525885283947, 6023574.311052973382175, 0.0 ], [ 540247.199525885283947, 6023574.311052973382175, 0.0 ] ], [ [ 540646.803005382418633, 6023500.710106413811445, 0.0 ], [ 540627.099199712276459, 6023507.64117712341249, 0.0 ], [ 540617.59229277446866, 6023510.875212084501982, 0.0 ], [ 540608.075385715812445, 6023514.075247369706631, 0.0 ], [ 540598.548478506505489, 6023517.240282983519137, 0.0 ], [ 540589.012571137398481, 6023520.37031892221421, 0.0 ], [ 540579.467663630843163, 6023523.46635517757386, 0.0 ], [ 540569.912755984812975, 6023526.52639177069068, 0.0 ], [ 540560.348848190158606, 6023529.553428675048053, 0.0 ], [ 540550.775940239429474, 6023532.544465906918049, 0.0 ], [ 540541.193032145500183, 6023535.501503466628492, 0.0 ], [ 540531.600123912096024, 6023538.423541355878115, 0.0 ], [ 540521.998215537518263, 6023541.311579560860991, 0.0 ], [ 540512.38730701059103, 6023544.164618089795113, 0.0 ], [ 540502.767398331314325, 6023546.982656943611801, 0.0 ], [ 540493.137489520013332, 6023549.766696121543646, 0.0 ], [ 540483.49758056551218, 6023552.516735621728003, 0.0 ], [ 540473.849671449512243, 6023555.230775447562337, 0.0 ], [ 540464.19076219946146, 6023557.910815602168441, 0.0 ], [ 540454.523852802813053, 6023560.556856066919863, 0.0 ], [ 540454.48485317081213, 6023560.567856227979064, 0.0 ], [ 540454.002857685089111, 6023560.698858252726495, 0.0 ], [ 540444.846943274140358, 6023563.167896864004433, 0.0 ], [ 540435.160033579915762, 6023565.74393798969686, 0.0 ], [ 540425.465123739093542, 6023568.285979427397251, 0.0 ], [ 540415.760213769972324, 6023570.794021188281476, 0.0 ], [ 540406.045303650200367, 6023573.266063286922872, 0.0 ], [ 540396.321393385529518, 6023575.704105702228844, 0.0 ], [ 540386.588482961058617, 6023578.108148434199393, 0.0 ], [ 540376.845572408288717, 6023580.477191497571766, 0.0 ], [ 540367.093661699444056, 6023582.811234884895384, 0.0 ], [ 540357.331750847399235, 6023585.110278602689505, 0.0 ], [ 540347.560839857906103, 6023587.375322637148201, 0.0 ], [ 540337.780928716063499, 6023589.60636699013412, 0.0 ], [ 540327.991017427295446, 6023591.801411677151918, 0.0 ], [ 540318.192105989903212, 6023593.962456685490906, 0.0 ], [ 540308.383194413036108, 6023596.088502023369074, 0.0 ], [ 540298.565282691270113, 6023598.180547677911818, 0.0 ], [ 540288.737370818853378, 6023600.236593667417765, 0.0 ], [ 540278.900458801537752, 6023602.258639976382256, 0.0 ], [ 540269.054546631872654, 6023604.245686608366668, 0.0 ], [ 540259.691628888249397, 6023605.932732504792511, 0.0 ], [ 540259.691628888249397, 6023605.932732504792511, 0.0 ] ], [ [ 540247.199525885283947, 6023574.311052973382175, 0.0 ], [ 540259.691628888249397, 6023605.932732504792511, 0.0 ] ], [ [ 540247.199525885283947, 6023574.311052973382175, 0.0 ], [ 540228.067723903805017, 6023582.527110257185996, 0.0 ], [ 540218.792820610105991, 6023586.621137178502977, 0.0 ], [ 540209.533917386084795, 6023590.747163754887879, 0.0 ], [ 540200.293014217168093, 6023594.906189966015518, 0.0 ], [ 540191.069111134856939, 6023599.097215823829174, 0.0 ], [ 540181.862208124250174, 6023603.321241323836148, 0.0 ], [ 540172.672305196523666, 6023607.578266466036439, 0.0 ], [ 540163.500402331352234, 6023611.867291247472167, 0.0 ], [ 540154.344499550759792, 6023616.189315676689148, 0.0 ], [ 540145.205596853047609, 6023620.544339747168124, 0.0 ], [ 540136.08469420671463, 6023624.931363459676504, 0.0 ], [ 540126.979791637510061, 6023629.350386826321483, 0.0 ], [ 540117.891889162361622, 6023633.802409832365811, 0.0 ], [ 540108.821986734867096, 6023638.287432475946844, 0.0 ], [ 540099.768084395676851, 6023642.804454772733152, 0.0 ], [ 540090.732182126492262, 6023647.354476702399552, 0.0 ], [ 540081.712279938161373, 6023651.936498287133873, 0.0 ], [ 540072.710377816110849, 6023656.551519505679607, 0.0 ], [ 540063.724475771188736, 6023661.198540382087231, 0.0 ], [ 540056.249557465314865, 6023665.095557507127523, 0.0 ], [ 540054.756573807448149, 6023665.878560890443623, 0.0 ], [ 540048.945637464523315, 6023668.932574015110731, 0.0 ], [ 540045.804671905934811, 6023670.590581053867936, 0.0 ], [ 540036.870770081877708, 6023675.335600851103663, 0.0 ], [ 540027.952868334949017, 6023680.112620305269957, 0.0 ], [ 540019.05296666175127, 6023684.921639398671687, 0.0 ], [ 540010.169065061956644, 6023689.764658132568002, 0.0 ], [ 540001.303163539618254, 6023694.639676507562399, 0.0 ], [ 539992.453262079507113, 6023699.546694538556039, 0.0 ], [ 539983.621360700577497, 6023704.486712203361094, 0.0 ], [ 539974.80645938962698, 6023709.458729516714811, 0.0 ], [ 539966.008558161556721, 6023714.463746470399201, 0.0 ], [ 539957.226657014340162, 6023719.501763070933521, 0.0 ], [ 539948.462755925953388, 6023724.571779314428568, 0.0 ], [ 539939.715854916721582, 6023729.674795197322965, 0.0 ], [ 539930.985953982919455, 6023734.809810729697347, 0.0 ], [ 539922.273053128272295, 6023739.978825893253088, 0.0 ], [ 539913.57815233618021, 6023745.178840707987547, 0.0 ], [ 539904.899251632392406, 6023750.412855162285268, 0.0 ], [ 539896.267351150512695, 6023755.739868609234691, 0.0 ], [ 539896.267351150512695, 6023755.739868609234691, 0.0 ] ], [ [ 540259.691628888249397, 6023605.932732504792511, 0.0 ], [ 540243.054821487516165, 6023616.325757457874715, 0.0 ], [ 540234.44392017275095, 6023621.543771608732641, 0.0 ], [ 540225.817018751055002, 6023626.728786109015346, 0.0 ], [ 540217.173117268830538, 6023631.881800963543355, 0.0 ], [ 540208.512215726077557, 6023637.00281616859138, 0.0 ], [ 540199.834314089268446, 6023642.090831734240055, 0.0 ], [ 540191.139412403106689, 6023647.147847642190754, 0.0 ], [ 540182.427510622888803, 6023652.171863910742104, 0.0 ], [ 540173.69860877841711, 6023657.163880530744791, 0.0 ], [ 540164.95270686969161, 6023662.123897503130138, 0.0 ], [ 540156.190804868936539, 6023667.050914825871587, 0.0 ], [ 540147.410902816802263, 6023671.946932503022254, 0.0 ], [ 540138.615000676363707, 6023676.809950531460345, 0.0 ], [ 540129.801098488271236, 6023681.641968908719718, 0.0 ], [ 540120.971196196973324, 6023686.44098764192313, 0.0 ], [ 540112.124293852597475, 6023691.20800672378391, 0.0 ], [ 540103.261391427367926, 6023695.943026151508093, 0.0 ], [ 540094.38048892095685, 6023700.646045938134193, 0.0 ], [ 540094.09849202260375, 6023700.795046566985548, 0.0 ], [ 540090.558530800044537, 6023702.657054551877081, 0.0 ], [ 540085.482586357742548, 6023705.317066077142954, 0.0 ], [ 540076.568683702498674, 6023709.955086566507816, 0.0 ], [ 540067.637780990451574, 6023714.562107402831316, 0.0 ], [ 540058.689878210425377, 6023719.136128596030176, 0.0 ], [ 540049.724975343793631, 6023723.679150136187673, 0.0 ], [ 540040.743072405457497, 6023728.189172034151852, 0.0 ], [ 540031.744169414043427, 6023732.667194282636046, 0.0 ], [ 540022.729266330599785, 6023737.114216869696975, 0.0 ], [ 540013.696363188326359, 6023741.527239831164479, 0.0 ], [ 540004.647459950298071, 6023745.909263127483428, 0.0 ], [ 539995.581556655466557, 6023750.259286778979003, 0.0 ], [ 539986.498653292655945, 6023754.576310786418617, 0.0 ], [ 539977.398749846965075, 6023758.862335140816867, 0.0 ], [ 539968.281846344470978, 6023763.115359852090478, 0.0 ], [ 539959.147942747920752, 6023767.336384915746748, 0.0 ], [ 539949.997039087116718, 6023771.524410341866314, 0.0 ], [ 539940.829135358333588, 6023775.68143610842526, 0.0 ], [ 539931.645231544971466, 6023779.80546222999692, 0.0 ], [ 539922.44332767277956, 6023783.897488708607852, 0.0 ], [ 539913.230423420667648, 6023787.915515822358429, 0.0 ], [ 539913.230423420667648, 6023787.915515822358429, 0.0 ] ], [ [ 539896.267351150512695, 6023755.739868609234691, 0.0 ], [ 539913.230423420667648, 6023787.915515822358429, 0.0 ] ], [ [ 539896.267351150512695, 6023755.739868609234691, 0.0 ], [ 539877.919540911912918, 6023763.594923732802272, 0.0 ], [ 539868.768635883927345, 6023767.566950809210539, 0.0 ], [ 539859.633730933070183, 6023771.567977565340698, 0.0 ], [ 539850.514826044440269, 6023775.601003972813487, 0.0 ], [ 539841.411921232938766, 6023779.663030060008168, 0.0 ], [ 539832.3260164745152, 6023783.757055792026222, 0.0 ], [ 539823.255111802369356, 6023787.88008121214807, 0.0 ], [ 539814.200207177549601, 6023792.034106292761862, 0.0 ], [ 539805.162302628159523, 6023796.219131028279662, 0.0 ], [ 539796.139398153871298, 6023800.433155449107289, 0.0 ], [ 539787.132493764162064, 6023804.679179524071515, 0.0 ], [ 539778.142589408904314, 6023808.954203272238374, 0.0 ], [ 539769.167685151100159, 6023813.260226688347757, 0.0 ], [ 539760.208780936896801, 6023817.596249773167074, 0.0 ], [ 539751.266876805573702, 6023821.962272519245744, 0.0 ], [ 539742.339972727000713, 6023826.359294936992228, 0.0 ], [ 539733.429068733006716, 6023830.786317024379969, 0.0 ], [ 539724.534164797514677, 6023835.243338783271611, 0.0 ], [ 539715.656260930001736, 6023839.731360196135938, 0.0 ], [ 539706.793357133865356, 6023844.248381291516125, 0.0 ], [ 539697.946453399956226, 6023848.796402049250901, 0.0 ], [ 539689.115549746900797, 6023853.375422473065555, 0.0 ], [ 539680.299646157771349, 6023857.983442577533424, 0.0 ], [ 539676.076692443341017, 6023860.205452096648514, 0.0 ], [ 539676.076692443341017, 6023860.205452096648514, 0.0 ], [ 539671.500742636620998, 6023862.622462337836623, 0.0 ], [ 539662.717839188873768, 6023867.291481769643724, 0.0 ], [ 539653.950935784727335, 6023871.990500871092081, 0.0 ], [ 539645.199032466858625, 6023876.719519646838307, 0.0 ], [ 539636.464129213243723, 6023881.479538081213832, 0.0 ], [ 539627.744226038455963, 6023886.268556196242571, 0.0 ], [ 539619.041322909295559, 6023891.08957396261394, 0.0 ], [ 539610.353419873863459, 6023895.939591411501169, 0.0 ], [ 539601.682516887784004, 6023900.820608516223729, 0.0 ], [ 539593.026613965630531, 6023905.730625306256115, 0.0 ], [ 539584.386711142957211, 6023910.672641749493778, 0.0 ], [ 539575.762808352708817, 6023915.643657871522009, 0.0 ], [ 539567.155905641615391, 6023920.645673648454249, 0.0 ], [ 539558.564003001898527, 6023925.67768910061568, 0.0 ], [ 539549.988100428134203, 6023930.739704226143658, 0.0 ], [ 539541.428197924047709, 6023935.832719009369612, 0.0 ], [ 539532.884295489639044, 6023940.955733466893435, 0.0 ], [ 539524.357393119484186, 6023946.10974757745862, 0.0 ], [ 539515.8454908169806, 6023951.293761365115643, 0.0 ], [ 539507.349588599056005, 6023956.507774822413921, 0.0 ], [ 539498.870686423033476, 6023961.752787935547531, 0.0 ], [ 539490.406784329563379, 6023967.027800724841654, 0.0 ], [ 539481.95988230034709, 6023972.333813171833754, 0.0 ], [ 539473.527980342507362, 6023977.669825294986367, 0.0 ], [ 539465.104078497737646, 6023983.03083717264235, 0.0 ], [ 539465.104078497737646, 6023983.03083717264235, 0.0 ] ], [ [ 539913.230423420667648, 6023787.915515822358429, 0.0 ], [ 539896.397619634866714, 6023798.645539427176118, 0.0 ], [ 539887.949717622250319, 6023803.951551879756153, 0.0 ], [ 539879.486815519630909, 6023809.227564654313028, 0.0 ], [ 539871.006913360208273, 6023814.471577782183886, 0.0 ], [ 539862.512011121958494, 6023819.686591226607561, 0.0 ], [ 539854.00010883435607, 6023824.870605012401938, 0.0 ], [ 539845.472206462174654, 6023830.024619130417705, 0.0 ], [ 539836.928304024040699, 6023835.147633587941527, 0.0 ], [ 539828.369401510804892, 6023840.239648371934891, 0.0 ], [ 539819.793498940765858, 6023845.302663487382233, 0.0 ], [ 539811.201596301048994, 6023850.334678942337632, 0.0 ], [ 539802.593693606555462, 6023855.336694724857807, 0.0 ], [ 539793.969790827482939, 6023860.307710845954716, 0.0 ], [ 539785.330887973308563, 6023865.248727292753756, 0.0 ], [ 539776.674985069781542, 6023870.15974407363683, 0.0 ], [ 539768.003082077950239, 6023875.039761193096638, 0.0 ], [ 539759.315179031342268, 6023879.889778642915189, 0.0 ], [ 539750.612275909632444, 6023884.709796416573226, 0.0 ], [ 539741.892372731119394, 6023889.499814523383975, 0.0 ], [ 539733.157469473779202, 6023894.258832963183522, 0.0 ], [ 539724.405566155910492, 6023898.988851734437048, 0.0 ], [ 539715.63866275921464, 6023903.686870844103396, 0.0 ], [ 539706.854759313166142, 6023908.35589028056711, 0.0 ], [ 539702.63580559939146, 6023910.584899721667171, 0.0 ], [ 539702.41480802372098, 6023910.701900212094188, 0.0 ], [ 539698.05585578456521, 6023912.994910040870309, 0.0 ], [ 539689.24095219001174, 6023917.602930139750242, 0.0 ], [ 539680.41004853695631, 6023922.180950569920242, 0.0 ], [ 539671.563144791871309, 6023926.727971335873008, 0.0 ], [ 539662.700241003185511, 6023931.245992423966527, 0.0 ], [ 539653.821337133646011, 6023935.733013852499425, 0.0 ], [ 539644.926433213055134, 6023940.190035607665777, 0.0 ], [ 539636.015529200434685, 6023944.61705769598484, 0.0 ], [ 539627.088625133037567, 6023949.01308012008667, 0.0 ], [ 539618.1457210034132, 6023953.380102868191898, 0.0 ], [ 539609.186816792935133, 6023957.715125960297883, 0.0 ], [ 539600.211912523955107, 6023962.021149376407266, 0.0 ], [ 539591.222008179873228, 6023966.296173120848835, 0.0 ], [ 539582.215103786438704, 6023970.541197204962373, 0.0 ], [ 539573.192199300974607, 6023974.756221618503332, 0.0 ], [ 539564.15429474785924, 6023978.940246362239122, 0.0 ], [ 539555.099390137940645, 6023983.094271442852914, 0.0 ], [ 539546.028485454618931, 6023987.217296861112118, 0.0 ], [ 539536.941580705344677, 6023991.310322610661387, 0.0 ], [ 539527.838675890117884, 6023995.373348688706756, 0.0 ], [ 539518.719771005213261, 6023999.405375105328858, 0.0 ], [ 539509.584866050630808, 6024003.407401852309704, 0.0 ], [ 539500.433961026370525, 6024007.378428936004639, 0.0 ], [ 539491.267055932432413, 6024011.319456350058317, 0.0 ], [ 539482.068150755017996, 6024015.207484371960163, 0.0 ], [ 539482.068150755017996, 6024015.207484371960163, 0.0 ] ], [ [ 539465.104078497737646, 6023983.03083717264235, 0.0 ], [ 539482.068150755017996, 6024015.207484371960163, 0.0 ] ], [ [ 539465.104078497737646, 6023983.03083717264235, 0.0 ], [ 539446.74226988479495, 6023991.12989051733166, 0.0 ], [ 539437.602365747094154, 6023995.25591634772718, 0.0 ], [ 539428.478461690247059, 6023999.413941830396652, 0.0 ], [ 539419.371557712554932, 6024003.603966961614788, 0.0 ], [ 539410.281653802841902, 6024007.825991741381586, 0.0 ], [ 539401.208749946206808, 6024012.080016171559691, 0.0 ], [ 539392.151846181601286, 6024016.36604025401175, 0.0 ], [ 539383.112942468374968, 6024020.683063988573849, 0.0 ], [ 539374.09003884345293, 6024025.033087368123233, 0.0 ], [ 539365.084135286509991, 6024029.414110402576625, 0.0 ], [ 539356.095231793820858, 6024033.82713308557868, 0.0 ], [ 539347.122328389436007, 6024038.27315541729331, 0.0 ], [ 539338.167425036430359, 6024042.749177405610681, 0.0 ], [ 539329.228521768003702, 6024047.258199039846659, 0.0 ], [ 539320.305618587881327, 6024051.799220331944525, 0.0 ], [ 539311.400715447962284, 6024056.371241269633174, 0.0 ], [ 539302.5128123909235, 6024060.975261858664453, 0.0 ], [ 539293.640909396111965, 6024065.61128210183233, 0.0 ], [ 539289.161958485841751, 6024067.9672922026366, 0.0 ], [ 539289.161958485841751, 6024067.9672922026366, 0.0 ], [ 539284.78600649535656, 6024070.279301992617548, 0.0 ], [ 539275.947103645652533, 6024074.978321544826031, 0.0 ], [ 539267.126200873404741, 6024079.710340731777251, 0.0 ], [ 539258.32129817456007, 6024084.473359582945704, 0.0 ], [ 539249.533395543694496, 6024089.268378081731498, 0.0 ], [ 539240.7624929882586, 6024094.095396228134632, 0.0 ], [ 539232.007590502500534, 6024098.953414035961032, 0.0 ], [ 539223.270688097923994, 6024103.844431479461491, 0.0 ], [ 539214.549785748124123, 6024108.766448584385216, 0.0 ], [ 539205.845883477479219, 6024113.720465339720249, 0.0 ], [ 539197.157981280237436, 6024118.706481748260558, 0.0 ], [ 539188.488079153001308, 6024123.724497796967626, 0.0 ], [ 539179.834177099168301, 6024128.774513503536582, 0.0 ], [ 539171.19727511331439, 6024133.855528863146901, 0.0 ], [ 539162.577373199164867, 6024138.969543864950538, 0.0 ], [ 539153.974471352994442, 6024144.114558523520827, 0.0 ], [ 539145.388569585978985, 6024149.292572820559144, 0.0 ], [ 539136.818667888641357, 6024154.501586782746017, 0.0 ], [ 539128.266766272485256, 6024159.743600376881659, 0.0 ], [ 539119.747864991426468, 6024165.08261302113533, 0.0 ], [ 539119.747864991426468, 6024165.08261302113533, 0.0 ] ], [ [ 539482.068150755017996, 6024015.207484371960163, 0.0 ], [ 539464.992347653955221, 6024025.748510950244963, 0.0 ], [ 539456.4234459400177, 6024030.95752490311861, 0.0 ], [ 539447.837544169276953, 6024036.135539202019572, 0.0 ], [ 539439.234642330557108, 6024041.281553852371871, 0.0 ], [ 539430.614740431308746, 6024046.395568854175508, 0.0 ], [ 539421.977838441729546, 6024051.477584207430482, 0.0 ], [ 539413.324936382472515, 6024056.527599906548858, 0.0 ], [ 539404.65403426066041, 6024061.545615963637829, 0.0 ], [ 539395.967132061719894, 6024066.531632364727557, 0.0 ], [ 539387.263229794800282, 6024071.486649111844599, 0.0 ], [ 539378.543327461928129, 6024076.409666202031076, 0.0 ], [ 539369.80542503669858, 6024081.299683658406138, 0.0 ], [ 539361.051522560417652, 6024086.158701454289258, 0.0 ], [ 539352.280620004981756, 6024090.985719600692391, 0.0 ], [ 539343.492717374116182, 6024095.781738091260195, 0.0 ], [ 539334.687814678996801, 6024100.544756941497326, 0.0 ], [ 539325.866911899298429, 6024105.276776129379869, 0.0 ], [ 539317.029009070247412, 6024109.976795668713748, 0.0 ], [ 539312.555058147758245, 6024112.340805675834417, 0.0 ], [ 539312.555058147758245, 6024112.340805675834417, 0.0 ], [ 539308.174106143414974, 6024114.644815558567643, 0.0 ], [ 539299.303203150629997, 6024119.280835795216262, 0.0 ], [ 539290.414300106465816, 6024123.885856381617486, 0.0 ], [ 539281.509396977722645, 6024128.458877313882113, 0.0 ], [ 539272.587493777275085, 6024132.999898598529398, 0.0 ], [ 539263.648590508848429, 6024137.508920232765377, 0.0 ], [ 539254.693687163293362, 6024141.985942213796079, 0.0 ], [ 539245.721783746033907, 6024146.430964547209442, 0.0 ], [ 539236.731880269944668, 6024150.844987227581441, 0.0 ], [ 539227.726976707577705, 6024155.227010251022875, 0.0 ], [ 539218.704073082655668, 6024159.576033637858927, 0.0 ], [ 539209.665169388055801, 6024163.894057363271713, 0.0 ], [ 539200.608265619724989, 6024168.181081439368427, 0.0 ], [ 539191.535361770540476, 6024172.435105865821242, 0.0 ], [ 539182.445457857102156, 6024176.657130646519363, 0.0 ], [ 539173.339553862810135, 6024180.847155773080885, 0.0 ], [ 539164.215649820864201, 6024185.006181249395013, 0.0 ], [ 539155.075745675712824, 6024189.13220707885921, 0.0 ], [ 539145.917841482907534, 6024193.22623326536268, 0.0 ], [ 539136.714937269687653, 6024197.264260162599385, 0.0 ], [ 539136.714937269687653, 6024197.264260162599385, 0.0 ] ], [ [ 539119.747864991426468, 6024165.08261302113533, 0.0 ], [ 539136.714937269687653, 6024197.264260162599385, 0.0 ] ], [ [ 539119.747864991426468, 6024165.08261302113533, 0.0 ], [ 539101.343055680394173, 6024173.016667897813022, 0.0 ], [ 539092.164151135832071, 6024177.029694836586714, 0.0 ], [ 539083.002246651798487, 6024181.073721432127059, 0.0 ], [ 539073.856342256069183, 6024185.149747680872679, 0.0 ], [ 539064.726437907665968, 6024189.255773600190878, 0.0 ], [ 539055.61353362724185, 6024193.391799184493721, 0.0 ], [ 539046.515629444271326, 6024197.559824425727129, 0.0 ], [ 539037.434725306928158, 6024201.758849325589836, 0.0 ], [ 539028.370821248739958, 6024205.987873889505863, 0.0 ], [ 539019.321917247027159, 6024210.247898122295737, 0.0 ], [ 539010.290013324469328, 6024214.538922010920942, 0.0 ], [ 539001.274109460413456, 6024218.859945567324758, 0.0 ], [ 538992.274205669760704, 6024223.211968787014484, 0.0 ], [ 538983.290301967412233, 6024227.594991668127477, 0.0 ], [ 538974.322398312389851, 6024232.009014212526381, 0.0 ], [ 538965.371494729071856, 6024236.453036422841251, 0.0 ], [ 538956.436591226607561, 6024240.928058293648064, 0.0 ], [ 538947.517687775194645, 6024245.434079825878143, 0.0 ], [ 538938.614784397184849, 6024249.970101028680801, 0.0 ], [ 538929.727881096303463, 6024254.537121893838048, 0.0 ], [ 538920.857977852225304, 6024259.13414242118597, 0.0 ], [ 538912.003074694424868, 6024263.763162611983716, 0.0 ], [ 538907.616122771054506, 6024266.070172509178519, 0.0 ], [ 538907.616122771054506, 6024266.070172509178519, 0.0 ], [ 538903.165171604603529, 6024268.422182464972138, 0.0 ], [ 538894.343268558382988, 6024273.111201985739172, 0.0 ], [ 538885.537365607917309, 6024277.832221166230738, 0.0 ], [ 538876.747462719678879, 6024282.582240019924939, 0.0 ], [ 538867.974559888243675, 6024287.364258523099124, 0.0 ], [ 538859.216657131910324, 6024292.176276702433825, 0.0 ], [ 538850.475754458457232, 6024297.0192945394665, 0.0 ], [ 538841.750851850956678, 6024301.893312036991119, 0.0 ], [ 538833.041949298232794, 6024306.797329205088317, 0.0 ], [ 538824.350046806037426, 6024311.732346028089523, 0.0 ], [ 538815.673144403845072, 6024316.698362519964576, 0.0 ], [ 538807.013242062181234, 6024321.695378669537604, 0.0 ], [ 538798.369339790195227, 6024326.722394486889243, 0.0 ], [ 538789.741437591612339, 6024331.780409967526793, 0.0 ], [ 538781.129535462707281, 6024336.86942510958761, 0.0 ], [ 538772.53463339805603, 6024341.989439909346402, 0.0 ], [ 538763.955731399357319, 6024347.139454376883805, 0.0 ], [ 538755.392829481512308, 6024352.320468509569764, 0.0 ], [ 538746.845927625894547, 6024357.533482295460999, 0.0 ], [ 538738.316025838255882, 6024362.776495742611587, 0.0 ], [ 538729.802124124020338, 6024368.050508853979409, 0.0 ], [ 538721.305222470313311, 6024373.355521621182561, 0.0 ], [ 538712.823320895433426, 6024378.691534058190882, 0.0 ], [ 538704.368419390171766, 6024384.070545996539295, 0.0 ], [ 538704.368419390171766, 6024384.070545996539295, 0.0 ] ], [ [ 539136.714937269687653, 6024197.264260162599385, 0.0 ], [ 539119.782134260982275, 6024207.994284396991134, 0.0 ], [ 539111.284232597798109, 6024213.298297177068889, 0.0 ], [ 539102.770330883562565, 6024218.572310287505388, 0.0 ], [ 539094.240429095923901, 6024223.815323736518621, 0.0 ], [ 539085.693527244031429, 6024229.027337531559169, 0.0 ], [ 539077.130625322461128, 6024234.209351655095816, 0.0 ], [ 539068.551723323762417, 6024239.359366124495864, 0.0 ], [ 539059.956821270287037, 6024244.479380920529366, 0.0 ], [ 539051.344919141381979, 6024249.56839606538415, 0.0 ], [ 539042.718016937375069, 6024254.626411540433764, 0.0 ], [ 539034.0741146504879, 6024259.653427357785404, 0.0 ], [ 539025.413212321698666, 6024264.6504435101524, 0.0 ], [ 539016.737309921532869, 6024269.616459997370839, 0.0 ], [ 539008.044407445937395, 6024274.551476827822626, 0.0 ], [ 538999.336504895240068, 6024279.456493982113898, 0.0 ], [ 538990.611602272838354, 6024284.330511479638517, 0.0 ], [ 538981.8706995844841, 6024289.173529314808547, 0.0 ], [ 538973.11279684305191, 6024293.98554749507457, 0.0 ], [ 538964.339894019067287, 6024298.767565999180079, 0.0 ], [ 538955.549991119652987, 6024303.518584847450256, 0.0 ], [ 538946.745088167488575, 6024308.239604017697275, 0.0 ], [ 538937.923185132443905, 6024312.929623532108963, 0.0 ], [ 538933.540233213454485, 6024315.244633342139423, 0.0 ], [ 538933.540233213454485, 6024315.244633342139423, 0.0 ], [ 538929.085282031446695, 6024317.588643385097384, 0.0 ], [ 538920.230378873646259, 6024322.217663575895131, 0.0 ], [ 538911.3604756295681, 6024326.814684103243053, 0.0 ], [ 538902.473572332412004, 6024331.382704961113632, 0.0 ], [ 538893.571668948978186, 6024335.918726155534387, 0.0 ], [ 538884.65276550874114, 6024340.424747689627111, 0.0 ], [ 538875.716862004250288, 6024344.899769567884505, 0.0 ], [ 538866.765958439558744, 6024349.344791767187417, 0.0 ], [ 538857.799054775387049, 6024353.758814305067062, 0.0 ], [ 538848.815151058137417, 6024358.141837187111378, 0.0 ], [ 538839.815247274935246, 6024362.493860406801105, 0.0 ], [ 538830.799343418329954, 6024366.815883955918252, 0.0 ], [ 538821.767439484596252, 6024371.105907851830125, 0.0 ], [ 538812.718535494059324, 6024375.365932086482644, 0.0 ], [ 538803.654631439596415, 6024379.595956640318036, 0.0 ], [ 538794.573727305978537, 6024383.793981548398733, 0.0 ], [ 538785.475823104381561, 6024387.962006792426109, 0.0 ], [ 538776.362918831408024, 6024392.099032369442284, 0.0 ], [ 538767.233014486730099, 6024396.205058286897838, 0.0 ], [ 538758.087110083550215, 6024400.280084544792771, 0.0 ], [ 538748.92520559951663, 6024404.324111138470471, 0.0 ], [ 538739.746301047503948, 6024408.33713807631284, 0.0 ], [ 538730.551396429538727, 6024412.319165352731943, 0.0 ], [ 538721.328491654247046, 6024416.241193265654147, 0.0 ], [ 538721.328491654247046, 6024416.241193265654147, 0.0 ] ], [ [ 538704.368419390171766, 6024384.070545996539295, 0.0 ], [ 538721.328491654247046, 6024416.241193265654147, 0.0 ] ], [ [ 538704.368419390171766, 6024384.070545996539295, 0.0 ], [ 538686.17060849443078, 6024392.003599578514695, 0.0 ], [ 538677.10670318827033, 6024396.037625635042787, 0.0 ], [ 538668.058797966688871, 6024400.102651353925467, 0.0 ], [ 538659.027892801910639, 6024404.1976767340675, 0.0 ], [ 538650.012987714260817, 6024408.323701777495444, 0.0 ], [ 538641.014082688838243, 6024412.480726483277977, 0.0 ], [ 538632.031177751719952, 6024416.668750851415098, 0.0 ], [ 538623.065272852778435, 6024420.886774884536862, 0.0 ], [ 538614.114368043839931, 6024425.135798584669828, 0.0 ], [ 538605.180463302880526, 6024429.414821948856115, 0.0 ], [ 538596.262558631598949, 6024433.725844967179, 0.0 ], [ 538587.360654007643461, 6024438.0658676661551, 0.0 ], [ 538578.474749471992254, 6024442.437890015542507, 0.0 ], [ 538569.605844993144274, 6024446.839912030845881, 0.0 ], [ 538560.751940600574017, 6024451.271933721378446, 0.0 ], [ 538551.915036249905825, 6024455.734955068677664, 0.0 ], [ 538543.093131992965937, 6024460.228976082056761, 0.0 ], [ 538534.288227796554565, 6024464.753996753133833, 0.0 ], [ 538525.499323666095734, 6024469.308017103932798, 0.0 ], [ 538516.726419609040022, 6024473.894037107005715, 0.0 ], [ 538512.415466845035553, 6024476.162046827375889, 0.0 ], [ 538512.415466845035553, 6024476.162046827375889, 0.0 ], [ 538507.96951562911272, 6024478.510056778788567, 0.0 ], [ 538499.229611702263355, 6024483.157076109200716, 0.0 ], [ 538490.504707843065262, 6024487.83409511577338, 0.0 ], [ 538481.796804055571556, 6024492.542113778181374, 0.0 ], [ 538473.103900343179703, 6024497.280132114887238, 0.0 ], [ 538464.427996698766947, 6024502.049150107428432, 0.0 ], [ 538455.768093135207891, 6024506.849167764186859, 0.0 ], [ 538447.124189611524343, 6024511.679185090586543, 0.0 ], [ 538438.496286176145077, 6024516.540202076546848, 0.0 ], [ 538429.884382802993059, 6024521.431218735873699, 0.0 ], [ 538421.289479490369558, 6024526.353235049173236, 0.0 ], [ 538412.710576258599758, 6024531.306251026690006, 0.0 ], [ 538404.14667309448123, 6024536.289266679435968, 0.0 ], [ 538395.599769998341799, 6024541.303281989879906, 0.0 ], [ 538387.069866966456175, 6024546.348296952433884, 0.0 ], [ 538378.554964013397694, 6024551.424311584793031, 0.0 ], [ 538370.057061120867729, 6024556.530325882136822, 0.0 ], [ 538361.574158307164907, 6024561.667339847423136, 0.0 ], [ 538353.108255553990602, 6024566.835353468544781, 0.0 ], [ 538344.659352872520685, 6024572.034366745501757, 0.0 ], [ 538336.225450269877911, 6024577.263379699550569, 0.0 ], [ 538327.834547773003578, 6024582.564391830936074, 0.0 ], [ 538327.834547773003578, 6024582.564391830936074, 0.0 ] ], [ [ 538721.328491654247046, 6024416.241193265654147, 0.0 ], [ 538704.492686551064253, 6024426.758218519389629, 0.0 ], [ 538696.042783871293068, 6024431.957231803797185, 0.0 ], [ 538687.576881118118763, 6024437.124245430342853, 0.0 ], [ 538679.093978300690651, 6024442.26125939656049, 0.0 ], [ 538670.596075408160686, 6024447.367273691110313, 0.0 ], [ 538662.081172466278076, 6024452.44328832346946, 0.0 ], [ 538653.550269436091185, 6024457.488303295336664, 0.0 ], [ 538645.003366347402334, 6024462.502318604849279, 0.0 ], [ 538636.440463166683912, 6024467.485334251075983, 0.0 ], [ 538627.861559931188822, 6024472.438350227661431, 0.0 ], [ 538619.265656631439924, 6024477.360366547480226, 0.0 ], [ 538610.654753252863884, 6024482.251383200287819, 0.0 ], [ 538602.026849813759327, 6024487.112400187179446, 0.0 ], [ 538593.382946312427521, 6024491.943417506292462, 0.0 ], [ 538584.723042730242014, 6024496.742435168474913, 0.0 ], [ 538576.047139089554548, 6024501.512453155592084, 0.0 ], [ 538567.355235364288092, 6024506.250471486710012, 0.0 ], [ 538558.646331593394279, 6024510.958490153774619, 0.0 ], [ 538549.922427732497454, 6024515.636509146541357, 0.0 ], [ 538541.181523807346821, 6024520.282528487965465, 0.0 ], [ 538536.874571070075035, 6024522.558538123033941, 0.0 ], [ 538536.874571070075035, 6024522.558538123033941, 0.0 ], [ 538532.425619821995497, 6024524.89954814966768, 0.0 ], [ 538523.652715768665075, 6024529.484568160958588, 0.0 ], [ 538514.863811634480953, 6024534.039588500745595, 0.0 ], [ 538506.058907441794872, 6024538.564609173685312, 0.0 ], [ 538497.237003177404404, 6024543.058630188927054, 0.0 ], [ 538488.400098849087954, 6024547.521651534363627, 0.0 ], [ 538479.547194432467222, 6024551.954673211090267, 0.0 ], [ 538470.677289962768555, 6024556.356695231981575, 0.0 ], [ 538461.791385430842638, 6024560.728717585094273, 0.0 ], [ 538452.889480825513601, 6024565.069740272127092, 0.0 ], [ 538443.971576143056154, 6024569.379763298667967, 0.0 ], [ 538435.037671409547329, 6024573.659786654636264, 0.0 ], [ 538426.087766572833061, 6024577.907810357399285, 0.0 ], [ 538417.120861701667309, 6024582.126834387890995, 0.0 ], [ 538408.138956747949123, 6024586.313858757726848, 0.0 ], [ 538399.140051729977131, 6024590.470883463509381, 0.0 ], [ 538390.124146644026041, 6024594.596908513456583, 0.0 ], [ 538381.093241482973099, 6024598.692933887243271, 0.0 ], [ 538372.046336237341166, 6024602.756959606893361, 0.0 ], [ 538362.982430942356586, 6024606.790985663421452, 0.0 ], [ 538353.902525581419468, 6024610.79401205573231, 0.0 ], [ 538344.794620029628277, 6024614.735039100050926, 0.0 ], [ 538344.794620029628277, 6024614.735039100050926, 0.0 ] ], [ [ 538327.834547773003578, 6024582.564391830936074, 0.0 ], [ 538344.794620029628277, 6024614.735039100050926, 0.0 ] ], [ [ 538327.834547773003578, 6024582.564391830936074, 0.0 ], [ 538309.481738742440939, 6024590.606445553712547, 0.0 ], [ 538300.341834250837564, 6024594.675471818074584, 0.0 ], [ 538291.216929841786623, 6024598.775497753173113, 0.0 ], [ 538282.109025478363037, 6024602.90652334317565, 0.0 ], [ 538273.017121214419603, 6024607.068548594601452, 0.0 ], [ 538263.942216996103525, 6024611.261573502793908, 0.0 ], [ 538254.883312854915857, 6024615.48459808062762, 0.0 ], [ 538245.840408768504858, 6024619.737622327171266, 0.0 ], [ 538236.81350477412343, 6024624.022646230645478, 0.0 ], [ 538227.803600832819939, 6024628.337669797241688, 0.0 ], [ 538218.808696955442429, 6024632.683693032711744, 0.0 ], [ 538209.830793149769306, 6024637.059715930372477, 0.0 ], [ 538200.868889417499304, 6024641.466738489456475, 0.0 ], [ 538191.923985749483109, 6024645.903760713525116, 0.0 ], [ 538182.995082139968872, 6024650.371782600879669, 0.0 ], [ 538174.081178620457649, 6024654.869804162532091, 0.0 ], [ 538165.184275150299072, 6024659.399825373664498, 0.0 ], [ 538156.304371755570173, 6024663.958846257999539, 0.0 ], [ 538147.439468421041965, 6024668.548866807483137, 0.0 ], [ 538138.590565163642168, 6024673.169887019321322, 0.0 ], [ 538133.166624579578638, 6024676.020899267867208, 0.0 ], [ 538129.758661981672049, 6024677.820906898006797, 0.0 ], [ 538126.75769491866231, 6024679.409913583658636, 0.0 ], [ 538120.942758839577436, 6024682.50192644353956, 0.0 ], [ 538112.142855778336525, 6024687.213945653289557, 0.0 ], [ 538103.359952788800001, 6024691.956964516080916, 0.0 ], [ 538094.59204988181591, 6024696.729983057826757, 0.0 ], [ 538085.841147013008595, 6024701.534001254476607, 0.0 ], [ 538077.105244241654873, 6024706.368019128218293, 0.0 ], [ 538068.386341515928507, 6024711.232036663219333, 0.0 ], [ 538059.684438865631819, 6024716.128053849563003, 0.0 ], [ 538050.997536279261112, 6024721.05307071749121, 0.0 ], [ 538042.327633768320084, 6024726.009087244048715, 0.0 ], [ 538033.672731328755617, 6024730.996103435754776, 0.0 ], [ 538025.034828942269087, 6024736.014119286090136, 0.0 ], [ 538016.413926616311073, 6024741.061134807765484, 0.0 ], [ 538007.808024380356073, 6024746.140149988234043, 0.0 ], [ 537999.21912219747901, 6024751.249164832755923, 0.0 ], [ 537990.646220091730356, 6024756.389179341495037, 0.0 ], [ 537982.089318055659533, 6024761.559193517081439, 0.0 ], [ 537973.548416085541248, 6024766.760207358747721, 0.0 ], [ 537965.024514187127352, 6024771.991220861673355, 0.0 ], [ 537956.516612343490124, 6024777.25423401966691, 0.0 ], [ 537948.024710588157177, 6024782.547246847301722, 0.0 ], [ 537939.548808876425028, 6024787.870259344577789, 0.0 ], [ 537931.089907251298428, 6024793.225271489471197, 0.0 ], [ 537922.647005688399076, 6024798.610283306799829, 0.0 ], [ 537914.792098864912987, 6024803.874292354099452, 0.0 ], [ 537914.792098864912987, 6024803.874292354099452, 0.0 ] ], [ [ 538344.794620029628277, 6024614.735039100050926, 0.0 ], [ 538327.800817966461182, 6024625.541063135489821, 0.0 ], [ 538319.269916821271181, 6024630.885075817815959, 0.0 ], [ 538310.722015615552664, 6024636.199088836088777, 0.0 ], [ 538302.158114336431026, 6024641.48110219836235, 0.0 ], [ 538293.577212974429131, 6024646.732115907594562, 0.0 ], [ 538284.980311553925276, 6024651.952129954472184, 0.0 ], [ 538276.367410056293011, 6024657.140144344419241, 0.0 ], [ 538267.7375085093081, 6024662.29815907496959, 0.0 ], [ 538259.091606877744198, 6024667.42517413944006, 0.0 ], [ 538250.428705174475908, 6024672.521189548075199, 0.0 ], [ 538241.74980340898037, 6024677.586205296218395, 0.0 ], [ 538233.054901570081711, 6024682.62022138107568, 0.0 ], [ 538224.342999678105116, 6024687.623237810097635, 0.0 ], [ 538215.615097690373659, 6024692.595254575833678, 0.0 ], [ 538206.870195668190718, 6024697.537271680310369, 0.0 ], [ 538198.110293533653021, 6024702.447289121337235, 0.0 ], [ 538189.333391357213259, 6024707.327306900173426, 0.0 ], [ 538180.539489109069109, 6024712.175325029529631, 0.0 ], [ 538171.729586802423, 6024716.99334348924458, 0.0 ], [ 538162.90368440374732, 6024721.780362289398909, 0.0 ], [ 538154.061781946569681, 6024726.536381425336003, 0.0 ], [ 538145.203879415988922, 6024731.261400898918509, 0.0 ], [ 538140.272933561354876, 6024733.874411870725453, 0.0 ], [ 538137.177967522293329, 6024735.508418804034591, 0.0 ], [ 538136.328976817429066, 6024735.95542071480304, 0.0 ], [ 538127.437074162065983, 6024740.619440869428217, 0.0 ], [ 538118.530171435326338, 6024745.252461354248226, 0.0 ], [ 538109.606268621981144, 6024749.853482192382216, 0.0 ], [ 538100.666365757584572, 6024754.424503359012306, 0.0 ], [ 538091.709462821483612, 6024758.964524869807065, 0.0 ], [ 538082.736559823155403, 6024763.47454671189189, 0.0 ], [ 538073.747656736522913, 6024767.952568899840117, 0.0 ], [ 538064.742753587663174, 6024772.400591416284442, 0.0 ], [ 538055.720850367099047, 6024776.816614285111427, 0.0 ], [ 538046.682947088032961, 6024781.202637483365834, 0.0 ], [ 538037.628043744713068, 6024785.557661023922265, 0.0 ], [ 538028.558140311390162, 6024789.881684898398817, 0.0 ], [ 538019.470236819237471, 6024794.173709130845964, 0.0 ], [ 538010.367333259433508, 6024798.435733687132597, 0.0 ], [ 538001.247429624199867, 6024802.666758585721254, 0.0 ], [ 537992.111525923013687, 6024806.866783823817968, 0.0 ], [ 537982.95862215384841, 6024811.035809405148029, 0.0 ], [ 537973.789718315005302, 6024815.173835325054824, 0.0 ], [ 537964.603814408183098, 6024819.280861588194966, 0.0 ], [ 537955.401910435408354, 6024823.356888188049197, 0.0 ], [ 537946.184006400406361, 6024827.40191512927413, 0.0 ], [ 537936.949102286249399, 6024831.415942409075797, 0.0 ], [ 537927.140203334391117, 6024835.553972349502146, 0.0 ], [ 537927.140203334391117, 6024835.553972349502146, 0.0 ] ], [ [ 537914.792098864912987, 6024803.874292354099452, 0.0 ], [ 537927.140203334391117, 6024835.553972349502146, 0.0 ] ], [ [ 537914.792098864912987, 6024803.874292354099452, 0.0 ], [ 537895.466271962970495, 6024807.885383040644228, 0.0 ], [ 537885.621361020952463, 6024810.068428166210651, 0.0 ], [ 537875.787450205534697, 6024812.285472963936627, 0.0 ], [ 537865.963539559394121, 6024814.539517414756119, 0.0 ], [ 537856.149629041552544, 6024816.828561537899077, 0.0 ], [ 537846.346718657761812, 6024819.153605313971639, 0.0 ], [ 537836.55380842462182, 6024821.513648759573698, 0.0 ], [ 537826.770898345857859, 6024823.909691866487265, 0.0 ], [ 537816.997988421469927, 6024826.341734635643661, 0.0 ], [ 537807.23607861995697, 6024828.80877706874162, 0.0 ], [ 537797.485168967396021, 6024831.311819155700505, 0.0 ], [ 537787.743259463459253, 6024833.849860919639468, 0.0 ], [ 537778.012350101023912, 6024836.423902337439358, 0.0 ], [ 537768.291440889239311, 6024839.033943416550756, 0.0 ], [ 537758.581531804054976, 6024841.677984166890383, 0.0 ], [ 537748.880622897297144, 6024844.359024577774107, 0.0 ], [ 537739.190714120864868, 6024847.075064653530717, 0.0 ], [ 537729.511805471032858, 6024849.826104391366243, 0.0 ], [ 537720.81188778206706, 6024852.332139854319394, 0.0 ], [ 537719.8418969810009, 6024852.613143797963858, 0.0 ], [ 537712.651965174823999, 6024854.711172899231315, 0.0 ], [ 537710.182988625019789, 6024855.436182858422399, 0.0 ], [ 537700.534080423414707, 6024858.294221587479115, 0.0 ], [ 537690.896172355860472, 6024861.187259980477393, 0.0 ], [ 537681.268264431506395, 6024864.116298034787178, 0.0 ], [ 537671.650356661528349, 6024867.081335751339793, 0.0 ], [ 537662.042449034750462, 6024870.081373137421906, 0.0 ], [ 537652.445541564375162, 6024873.117410179227591, 0.0 ], [ 537642.85863421112299, 6024876.18844688963145, 0.0 ], [ 537633.281727030873299, 6024879.295483261346817, 0.0 ], [ 537623.715819962322712, 6024882.437519297003746, 0.0 ], [ 537614.159913059324026, 6024885.61555499304086, 0.0 ], [ 537604.61400630325079, 6024888.828590359538794, 0.0 ], [ 537595.079099677503109, 6024892.078625375404954, 0.0 ], [ 537585.554193198680878, 6024895.362660065293312, 0.0 ], [ 537576.039286877959967, 6024898.683694408275187, 0.0 ], [ 537566.534380696713924, 6024902.03972842451185, 0.0 ], [ 537557.044475071132183, 6024905.501761532388628, 0.0 ], [ 537557.044475071132183, 6024905.501761532388628, 0.0 ] ], [ [ 537927.140203334391117, 6024835.553972349502146, 0.0 ], [ 537907.68639712780714, 6024842.704039813019335, 0.0 ], [ 537898.138491585850716, 6024846.107073739171028, 0.0 ], [ 537888.579585887491703, 6024849.475107999518514, 0.0 ], [ 537879.010680042207241, 6024852.806142607703805, 0.0 ], [ 537869.43177405744791, 6024856.102177546359599, 0.0 ], [ 537859.841867912560701, 6024859.361212837509811, 0.0 ], [ 537850.240961641073227, 6024862.585248464718461, 0.0 ], [ 537840.630055218935013, 6024865.773284431546926, 0.0 ], [ 537831.009148646146059, 6024868.924320742487907, 0.0 ], [ 537821.377241920679808, 6024872.040357391349971, 0.0 ], [ 537811.734335076063871, 6024875.120394384488463, 0.0 ], [ 537802.082428064197302, 6024878.164431708864868, 0.0 ], [ 537792.418520919978619, 6024881.172469384968281, 0.0 ], [ 537782.745613608509302, 6024884.145507386885583, 0.0 ], [ 537773.060706168413162, 6024887.081545745022595, 0.0 ], [ 537763.36679857596755, 6024889.982584428973496, 0.0 ], [ 537753.797889549285173, 6024892.806622915901244, 0.0 ], [ 537753.661890853196383, 6024892.846623464487493, 0.0 ], [ 537749.478930544108152, 6024894.069640378467739, 0.0 ], [ 537743.945982962846756, 6024895.675662836991251, 0.0 ], [ 537734.220074940472841, 6024898.468702549114823, 0.0 ], [ 537724.484166774898767, 6024901.226742591708899, 0.0 ], [ 537714.737258471548557, 6024903.94778298586607, 0.0 ], [ 537704.980350006371737, 6024906.633823711425066, 0.0 ], [ 537695.212441399693489, 6024909.282864787615836, 0.0 ], [ 537685.434532653540373, 6024911.896906193345785, 0.0 ], [ 537675.64562376961112, 6024914.474947947077453, 0.0 ], [ 537665.846714720129967, 6024917.016990036703646, 0.0 ], [ 537656.036805532872677, 6024919.52303247153759, 0.0 ], [ 537646.216896217316389, 6024921.994075238704681, 0.0 ], [ 537636.386986721307039, 6024924.428118349052966, 0.0 ], [ 537626.546077109873295, 6024926.826161806471646, 0.0 ], [ 537616.694167338311672, 6024929.189205599948764, 0.0 ], [ 537606.832257423549891, 6024931.515249739401042, 0.0 ], [ 537596.960347361862659, 6024933.806294208392501, 0.0 ], [ 537587.077437166124582, 6024936.061339023523033, 0.0 ], [ 537577.183526825159788, 6024938.27938419021666, 0.0 ], [ 537567.285616040229797, 6024940.424429941922426, 0.0 ], [ 537567.285616040229797, 6024940.424429941922426, 0.0 ] ], [ [ 537557.044475071132183, 6024905.501761532388628, 0.0 ], [ 537567.285616040229797, 6024940.424429941922426, 0.0 ] ], [ [ 537557.044475071132183, 6024905.501761532388628, 0.0 ], [ 537537.620650418102741, 6024909.751851003617048, 0.0 ], [ 537527.930738214403391, 6024911.921895256265998, 0.0 ], [ 537518.250826131552458, 6024914.124939194880426, 0.0 ], [ 537508.581914186477661, 6024916.361982802860439, 0.0 ], [ 537498.922002367675304, 6024918.632026102393866, 0.0 ], [ 537489.272090692073107, 6024920.935069085098803, 0.0 ], [ 537479.631179146468639, 6024923.272111754864454, 0.0 ], [ 537470.001267727464437, 6024925.642154097557068, 0.0 ], [ 537460.380356449633837, 6024928.045196134597063, 0.0 ], [ 537450.770445298403502, 6024930.481237849220634, 0.0 ], [ 537441.169534288346767, 6024932.951279246248305, 0.0 ], [ 537431.578623406589031, 6024935.453320336528122, 0.0 ], [ 537421.996712662279606, 6024937.989361112006009, 0.0 ], [ 537412.425802059471607, 6024940.55840156134218, 0.0 ], [ 537402.863891571760178, 6024943.160441705025733, 0.0 ], [ 537393.311981230974197, 6024945.796481526456773, 0.0 ], [ 537383.770071022212505, 6024948.464521038345993, 0.0 ], [ 537374.23816093057394, 6024951.166560226120055, 0.0 ], [ 537364.716250978410244, 6024953.900599108077586, 0.0 ], [ 537355.203341163694859, 6024956.668637671507895, 0.0 ], [ 537354.289349842816591, 6024956.936641363427043, 0.0 ], [ 537347.334415953606367, 6024958.985669363290071, 0.0 ], [ 537345.700431499630213, 6024959.469675921835005, 0.0 ], [ 537336.207521948963404, 6024962.303713855333626, 0.0 ], [ 537326.724612537771463, 6024965.170751474797726, 0.0 ], [ 537317.251703236252069, 6024968.070788777433336, 0.0 ], [ 537307.787794090807438, 6024971.004825765267015, 0.0 ], [ 537298.333885073661804, 6024973.970862443558872, 0.0 ], [ 537288.889976192265749, 6024976.970898797735572, 0.0 ], [ 537279.456067435443401, 6024980.002934847027063, 0.0 ], [ 537270.031158830970526, 6024983.068970577791333, 0.0 ], [ 537260.617250341922045, 6024986.168005986139178, 0.0 ], [ 537251.212341979146004, 6024989.300041088834405, 0.0 ], [ 537241.817433767020702, 6024992.46507587376982, 0.0 ], [ 537232.432525675743818, 6024995.664110337384045, 0.0 ], [ 537223.056617733091116, 6024998.896144488826394, 0.0 ], [ 537213.691709902137518, 6025002.160178328864276, 0.0 ], [ 537204.335802230983973, 6025005.458211849443614, 0.0 ], [ 537194.989894673228264, 6025008.790245050564408, 0.0 ], [ 537185.653987251222134, 6025012.154277942143381, 0.0 ], [ 537176.328079964965582, 6025015.552310509607196, 0.0 ], [ 537167.012172814458609, 6025018.983342763036489, 0.0 ], [ 537157.706265795975924, 6025022.448374693281949, 0.0 ], [ 537148.40935892611742, 6025025.946406315080822, 0.0 ], [ 537139.122452173382044, 6025029.47743762191385, 0.0 ], [ 537129.846545554697514, 6025033.042468596249819, 0.0 ], [ 537121.076635185629129, 6025036.627496242523193, 0.0 ], [ 537121.076635185629129, 6025036.627496242523193, 0.0 ] ], [ [ 537567.285616040229797, 6024940.424429941922426, 0.0 ], [ 537548.63180361315608, 6024947.559492495842278, 0.0 ], [ 537539.282897163182497, 6024951.062524407170713, 0.0 ], [ 537529.923990581184626, 6024954.532556630671024, 0.0 ], [ 537520.555083867162466, 6024957.968589178286493, 0.0 ], [ 537511.176177017390728, 6024961.371622041799128, 0.0 ], [ 537501.788270026445389, 6024964.74065522197634, 0.0 ], [ 537492.389362916350365, 6024968.075688730925322, 0.0 ], [ 537482.981455642729998, 6024971.377722549252212, 0.0 ], [ 537473.562548257410526, 6024974.645756696350873, 0.0 ], [ 537464.134640719741583, 6024977.879791161976755, 0.0 ], [ 537454.696733057498932, 6024981.080825939774513, 0.0 ], [ 537445.248825259506702, 6024984.248861036263406, 0.0 ], [ 537435.790917325764894, 6024987.382896453142166, 0.0 ], [ 537426.324009258300066, 6024990.482932190410793, 0.0 ], [ 537416.846101045608521, 6024993.549968246370554, 0.0 ], [ 537407.359192710369825, 6024996.584004611708224, 0.0 ], [ 537397.861284241080284, 6024999.584041307680309, 0.0 ], [ 537388.354375638067722, 6025002.551078311167657, 0.0 ], [ 537378.837466891855001, 6025005.484115636907518, 0.0 ], [ 537369.310558017343283, 6025008.38415328040719, 0.0 ], [ 537359.774649009108543, 6025011.250191241502762, 0.0 ], [ 537350.227739855647087, 6025014.083229520358145, 0.0 ], [ 537349.780744105577469, 6025014.215231318958104, 0.0 ], [ 537346.182778291404247, 6025015.273245819844306, 0.0 ], [ 537340.671830583363771, 6025016.88326810952276, 0.0 ], [ 537331.10492117702961, 6025019.649307027459145, 0.0 ], [ 537321.529011618345976, 6025022.382346254773438, 0.0 ], [ 537311.943101935088634, 6025025.081385806202888, 0.0 ], [ 537302.348192110657692, 6025027.747425668872893, 0.0 ], [ 537292.742282159626484, 6025030.379465858452022, 0.0 ], [ 537283.127372067421675, 6025032.97850635740906, 0.0 ], [ 537273.501461859792471, 6025035.5445471778512, 0.0 ], [ 537263.866551492363214, 6025038.076588313095272, 0.0 ], [ 537254.22164099663496, 6025040.574629774317145, 0.0 ], [ 537244.566730376332998, 6025043.040671542286873, 0.0 ], [ 537234.901819612830877, 6025045.471713641658425, 0.0 ], [ 537225.227908719331026, 6025047.869756048545241, 0.0 ], [ 537215.542997684329748, 6025050.234798775985837, 0.0 ], [ 537205.849086526781321, 6025052.565841822884977, 0.0 ], [ 537196.144175216555595, 6025054.862885197624564, 0.0 ], [ 537186.43026378005743, 6025057.12692888174206, 0.0 ], [ 537176.706352200359106, 6025059.356972889974713, 0.0 ], [ 537166.972440503537655, 6025061.553017218597233, 0.0 ], [ 537157.228528644889593, 6025063.716061864979565, 0.0 ], [ 537147.474616669118404, 6025065.845106835477054, 0.0 ], [ 537137.710704565048218, 6025067.941152117215097, 0.0 ], [ 537127.446796201169491, 6025070.025200634263456, 0.0 ], [ 537127.446796201169491, 6025070.025200634263456, 0.0 ] ], [ [ 537121.076635185629129, 6025036.627496242523193, 0.0 ], [ 537127.446796201169491, 6025070.025200634263456, 0.0 ] ], [ [ 537121.076635185629129, 6025036.627496242523193, 0.0 ], [ 537101.148793395608664, 6025037.532614478841424, 0.0 ], [ 537091.029874499887228, 6025038.115673570893705, 0.0 ], [ 537080.915955793112516, 6025038.734732358716428, 0.0 ], [ 537070.806037269532681, 6025039.388790851458907, 0.0 ], [ 537060.701118938624859, 6025040.078849036246538, 0.0 ], [ 537050.599200792610645, 6025040.80390693526715, 0.0 ], [ 537040.502282846719027, 6025041.564964530058205, 0.0 ], [ 537030.410365082323551, 6025042.361021821387112, 0.0 ], [ 537020.322447512298822, 6025043.193078814074397, 0.0 ], [ 537010.238530140370131, 6025044.061135506257415, 0.0 ], [ 537000.158612951636314, 6025044.964191904291511, 0.0 ], [ 536990.082695968449116, 6025045.902248011901975, 0.0 ], [ 536980.011779148131609, 6025046.876303810626268, 0.0 ], [ 536969.945862520486116, 6025047.885359308682382, 0.0 ], [ 536959.882946103811264, 6025048.930414515547454, 0.0 ], [ 536949.825029864907265, 6025050.010469421744347, 0.0 ], [ 536939.771113809198141, 6025051.125524035654962, 0.0 ], [ 536929.722197946161032, 6025052.276578340679407, 0.0 ], [ 536919.726281862705946, 6025053.457632085308433, 0.0 ], [ 536919.676282294094563, 6025053.463632354512811, 0.0 ], [ 536915.259319446980953, 6025053.996656017377973, 0.0 ], [ 536909.636366810649633, 6025054.685686058364809, 0.0 ], [ 536899.599451504647732, 6025055.942739478312433, 0.0 ], [ 536889.567536402493715, 6025057.235792593099177, 0.0 ], [ 536879.539621498435736, 6025058.563845411874354, 0.0 ], [ 536869.515706773847342, 6025059.927897931076586, 0.0 ], [ 536859.496792234480381, 6025061.326950151473284, 0.0 ], [ 536849.48087790235877, 6025062.762002075091004, 0.0 ], [ 536839.47096374258399, 6025064.232053695246577, 0.0 ], [ 536829.464049778878689, 6025065.737105028703809, 0.0 ], [ 536819.462136004120111, 6025067.278156055137515, 0.0 ], [ 536809.464222434908152, 6025068.855206781066954, 0.0 ], [ 536799.471309028565884, 6025070.467257207259536, 0.0 ], [ 536789.481395836919546, 6025072.115307339467108, 0.0 ], [ 536779.497482813894749, 6025073.798357166349888, 0.0 ], [ 536769.516569994390011, 6025075.517406697385013, 0.0 ], [ 536759.540657371282578, 6025077.272455922327936, 0.0 ], [ 536749.56874492764473, 6025079.062504855915904, 0.0 ], [ 536739.600832685828209, 6025080.888553488999605, 0.0 ], [ 536729.637920621782541, 6025082.749601819552481, 0.0 ], [ 536719.679008759558201, 6025084.647649842314422, 0.0 ], [ 536709.708097435534, 6025086.61569740716368, 0.0 ], [ 536709.708097435534, 6025086.61569740716368, 0.0 ] ], [ [ 537127.446796201169491, 6025070.025200634263456, 0.0 ], [ 537107.590972248464823, 6025073.860295994207263, 0.0 ], [ 537097.826058249920607, 6025075.654343595728278, 0.0 ], [ 537088.057144057005644, 6025077.413391490466893, 0.0 ], [ 537078.285229675471783, 6025079.137439671903849, 0.0 ], [ 537068.507315136492252, 6025080.828488143160939, 0.0 ], [ 537058.726400386542082, 6025082.485536892898381, 0.0 ], [ 537048.941485460847616, 6025084.107585937716067, 0.0 ], [ 537039.152570363134146, 6025085.696635258384049, 0.0 ], [ 537029.359655067324638, 6025087.250684874132276, 0.0 ], [ 537019.562739595770836, 6025088.770734772086143, 0.0 ], [ 537009.761823944747448, 6025090.256784957833588, 0.0 ], [ 536999.955908115953207, 6025091.709835425019264, 0.0 ], [ 536990.146992079913616, 6025093.127886180765927, 0.0 ], [ 536980.334075875580311, 6025094.511937222443521, 0.0 ], [ 536970.516159489750862, 6025095.86198855470866, 0.0 ], [ 536960.695242919027805, 6025097.178040167316794, 0.0 ], [ 536950.870326183736324, 6025098.461092055775225, 0.0 ], [ 536941.040409240871668, 6025099.709144243970513, 0.0 ], [ 536931.207492120563984, 6025100.923196711577475, 0.0 ], [ 536926.154534623026848, 6025101.533223778940737, 0.0 ], [ 536921.933570083230734, 6025102.036246441304684, 0.0 ], [ 536921.369574822485447, 6025102.103249470703304, 0.0 ], [ 536911.528657343238592, 6025103.249302508309484, 0.0 ], [ 536901.682739671319723, 6025104.361355836503208, 0.0 ], [ 536891.833821833133698, 6025105.440409440547228, 0.0 ], [ 536881.979903791099787, 6025106.484463340602815, 0.0 ], [ 536872.122985571622849, 6025107.494517520070076, 0.0 ], [ 536862.261067181825638, 6025108.470571990124881, 0.0 ], [ 536852.395148605108261, 6025109.412626746110618, 0.0 ], [ 536842.526229836046696, 6025110.320681783370674, 0.0 ], [ 536832.652310896664858, 6025111.194737109355628, 0.0 ], [ 536822.774391774088144, 6025112.034792722202837, 0.0 ], [ 536812.892472464591265, 6025112.84084861818701, 0.0 ], [ 536803.006552960723639, 6025113.612904800102115, 0.0 ], [ 536793.117633279412985, 6025114.349961273372173, 0.0 ], [ 536783.223713424056768, 6025115.054018025286496, 0.0 ], [ 536773.325793366879225, 6025115.723075072281063, 0.0 ], [ 536763.423873141407967, 6025116.358132403343916, 0.0 ], [ 536753.517952736467123, 6025116.959190021269023, 0.0 ], [ 536743.607032138854265, 6025117.52624793164432, 0.0 ], [ 536733.693111352622509, 6025118.058306126855314, 0.0 ], [ 536723.775190386921167, 6025118.557364598847926, 0.0 ], [ 536713.914268512278795, 6025118.979423303157091, 0.0 ], [ 536713.914268512278795, 6025118.979423303157091, 0.0 ] ], [ [ 536709.708097435534, 6025086.61569740716368, 0.0 ], [ 536713.914268512278795, 6025118.979423303157091, 0.0 ] ], [ [ 536709.708097435534, 6025086.61569740716368, 0.0 ], [ 536689.779253739863634, 6025087.21981795411557, 0.0 ], [ 536679.789332546293736, 6025087.59287784434855, 0.0 ], [ 536669.803411524742842, 6025087.998937456868589, 0.0 ], [ 536659.821490671485662, 6025088.438996783457696, 0.0 ], [ 536649.84357000887394, 6025088.913055825047195, 0.0 ], [ 536639.869649544358253, 6025089.421114579774439, 0.0 ], [ 536629.899729251861572, 6025089.96317305136472, 0.0 ], [ 536619.933809116482735, 6025090.538231245242059, 0.0 ], [ 536609.970889188349247, 6025091.146289167925715, 0.0 ], [ 536600.012969437986612, 6025091.789346787147224, 0.0 ], [ 536590.058049868792295, 6025092.465404140762985, 0.0 ], [ 536580.107130479067564, 6025093.174461212940514, 0.0 ], [ 536570.161211285740137, 6025093.918517988175154, 0.0 ], [ 536560.218292240053415, 6025094.69457449670881, 0.0 ], [ 536550.279373396188021, 6025095.504630723036826, 0.0 ], [ 536540.344454728066921, 6025096.348686662502587, 0.0 ], [ 536530.413536246865988, 6025097.226742317900062, 0.0 ], [ 536520.48661794513464, 6025098.136797701008618, 0.0 ], [ 536510.562699820846319, 6025099.081852799281478, 0.0 ], [ 536500.643781878054142, 6025100.059907613322139, 0.0 ], [ 536490.727864123880863, 6025101.070962157100439, 0.0 ], [ 536480.816946528851986, 6025102.116016405634582, 0.0 ], [ 536470.909029122442007, 6025103.19407038576901, 0.0 ], [ 536461.005111902952194, 6025104.306124080903828, 0.0 ], [ 536454.200168907642365, 6025105.090160820633173, 0.0 ], [ 536451.105194874107838, 6025105.45117749646306, 0.0 ], [ 536443.772256456315517, 6025106.321216895245016, 0.0 ], [ 536441.209277998656034, 6025106.630230628885329, 0.0 ], [ 536431.317361321300268, 6025107.842283480800688, 0.0 ], [ 536421.42844482883811, 6025109.088336055167019, 0.0 ], [ 536411.544528514146805, 6025110.367388345301151, 0.0 ], [ 536401.663612369447947, 6025111.680440356954932, 0.0 ], [ 536391.787696406245232, 6025113.026492084376514, 0.0 ], [ 536381.914780650287867, 6025114.4065435314551, 0.0 ], [ 536372.045865047723055, 6025115.820594694465399, 0.0 ], [ 536362.18094964325428, 6025117.267645579762757, 0.0 ], [ 536352.320034392178059, 6025118.747696187347174, 0.0 ], [ 536342.463119342923164, 6025120.261746510863304, 0.0 ], [ 536332.610204473137856, 6025121.809796546585858, 0.0 ], [ 536322.761289782822132, 6025123.390846306458116, 0.0 ], [ 536312.916375264525414, 6025125.005895780399442, 0.0 ], [ 536303.074460938572884, 6025126.653944983147085, 0.0 ], [ 536293.237546794116497, 6025128.336993884295225, 0.0 ], [ 536283.403632827103138, 6025130.053042517974973, 0.0 ], [ 536273.573719047009945, 6025131.802090872079134, 0.0 ], [ 536263.748805444687605, 6025133.58613892737776, 0.0 ], [ 536253.926892034709454, 6025135.403186710551381, 0.0 ], [ 536244.108978789299726, 6025137.254234208725393, 0.0 ], [ 536234.295065730810165, 6025139.138281429186463, 0.0 ], [ 536224.468152891844511, 6025141.041328585706651, 0.0 ], [ 536224.468152891844511, 6025141.041328585706651, 0.0 ] ], [ [ 536713.914268512278795, 6025118.979423303157091, 0.0 ], [ 536694.261443987488747, 6025122.971516187302768, 0.0 ], [ 536684.451531171798706, 6025124.898563054390252, 0.0 ], [ 536674.636618174612522, 6025126.791610212065279, 0.0 ], [ 536664.81870498880744, 6025128.650657649151981, 0.0 ], [ 536654.995791628956795, 6025130.475705378688872, 0.0 ], [ 536645.168878082185984, 6025132.266753392294049, 0.0 ], [ 536635.338964354246855, 6025134.02480167709291, 0.0 ], [ 536625.504050452262163, 6025135.74885025434196, 0.0 ], [ 536615.665136381983757, 6025137.439899109303951, 0.0 ], [ 536605.823222108185291, 6025139.096948241814971, 0.0 ], [ 536595.976307664066553, 6025140.719997667707503, 0.0 ], [ 536586.125393033027649, 6025142.310047370381653, 0.0 ], [ 536576.27047823369503, 6025143.866097358986735, 0.0 ], [ 536566.411563243716955, 6025145.388147631660104, 0.0 ], [ 536556.549648068845272, 6025146.877198176458478, 0.0 ], [ 536546.682732727378607, 6025148.332249014638364, 0.0 ], [ 536536.811817195266485, 6025149.754300128668547, 0.0 ], [ 536526.936901487410069, 6025151.142351527698338, 0.0 ], [ 536517.057985600084066, 6025152.497403207235038, 0.0 ], [ 536507.175069537013769, 6025153.818455168046057, 0.0 ], [ 536497.288153290748596, 6025155.106507409363985, 0.0 ], [ 536487.397236872464418, 6025156.361559926532209, 0.0 ], [ 536477.502320274710655, 6025157.581612736918032, 0.0 ], [ 536472.568361766636372, 6025158.177639165893197, 0.0 ], [ 536472.568361766636372, 6025158.177639165893197, 0.0 ], [ 536467.603403482586145, 6025158.769665818661451, 0.0 ], [ 536457.70048651471734, 6025159.922719192691147, 0.0 ], [ 536447.793569374829531, 6025161.043772837147117, 0.0 ], [ 536437.881652053445578, 6025162.129826779477298, 0.0 ], [ 536427.966734554618597, 6025163.183880984783173, 0.0 ], [ 536418.04781686514616, 6025164.202935487031937, 0.0 ], [ 536408.124899014830589, 6025165.189990256913006, 0.0 ], [ 536398.197980970144272, 6025166.142045320011675, 0.0 ], [ 536388.267062734812498, 6025167.061100660823286, 0.0 ], [ 536378.331144351512194, 6025167.947156284935772, 0.0 ], [ 536368.39222576469183, 6025168.79921218752861, 0.0 ], [ 536358.4493069909513, 6025169.617268377915025, 0.0 ], [ 536348.502388045191765, 6025170.402324844151735, 0.0 ], [ 536338.550468925386667, 6025171.153381602838635, 0.0 ], [ 536328.595549624413252, 6025171.871438630856574, 0.0 ], [ 536318.635630145668983, 6025172.555495954118669, 0.0 ], [ 536308.672710478305817, 6025173.205553553067148, 0.0 ], [ 536298.704790640622377, 6025173.822611439041793, 0.0 ], [ 536288.73387062177062, 6025174.4056695997715, 0.0 ], [ 536278.757950406521559, 6025174.954728056676686, 0.0 ], [ 536268.779030028730631, 6025175.470786783844233, 0.0 ], [ 536258.795109450817108, 6025175.951845807954669, 0.0 ], [ 536248.807188700884581, 6025176.399905110709369, 0.0 ], [ 536238.815267771482468, 6025176.813964700326324, 0.0 ], [ 536228.802346620708704, 6025177.166024893522263, 0.0 ], [ 536228.802346620708704, 6025177.166024893522263, 0.0 ] ], [ [ 536224.468152891844511, 6025141.041328585706651, 0.0 ], [ 536228.802346620708704, 6025177.166024893522263, 0.0 ] ], [ [ 536224.468152891844511, 6025141.041328585706651, 0.0 ], [ 536204.319314796477556, 6025142.268445746973157, 0.0 ], [ 536194.266396187245846, 6025142.975503474473953, 0.0 ], [ 536184.21747775375843, 6025143.71756091248244, 0.0 ], [ 536174.17355952039361, 6025144.496618033386767, 0.0 ], [ 536164.134641446173191, 6025145.310674855485559, 0.0 ], [ 536154.098723594099283, 6025146.160731385461986, 0.0 ], [ 536144.06780593842268, 6025147.047787598334253, 0.0 ], [ 536134.041888456791639, 6025147.969843513332307, 0.0 ], [ 536124.019971173256636, 6025148.927899127826095, 0.0 ], [ 536114.002054084092379, 6025149.92195443995297, 0.0 ], [ 536103.989137187600136, 6025150.952009445987642, 0.0 ], [ 536093.981220476329327, 6025152.017064153216779, 0.0 ], [ 536083.976303964853287, 6025153.119118557311594, 0.0 ], [ 536073.97638763859868, 6025154.25717265624553, 0.0 ], [ 536063.981471493840218, 6025155.430226454511285, 0.0 ], [ 536062.019487991929054, 6025155.664236985146999, 0.0 ], [ 536053.990555550903082, 6025156.63927995134145, 0.0 ], [ 536053.829556908458471, 6025156.659280810505152, 0.0 ], [ 536044.003639813512564, 6025157.884333149529994, 0.0 ], [ 536034.021724238991737, 6025159.165386040695012, 0.0 ], [ 536024.043808870017529, 6025160.481438636779785, 0.0 ], [ 536014.069893699139357, 6025161.834490926936269, 0.0 ], [ 536004.100978713482618, 6025163.22254291549325, 0.0 ], [ 535994.136063922196627, 6025164.646594604477286, 0.0 ], [ 535984.176149316132069, 6025166.106645988300443, 0.0 ], [ 535974.220234911888838, 6025167.601697077974677, 0.0 ], [ 535964.26932068169117, 6025169.133747851476073, 0.0 ], [ 535954.322406645864248, 6025170.700798336416483, 0.0 ], [ 535944.379492815583944, 6025172.304848507978022, 0.0 ], [ 535934.441579177975655, 6025173.943898381665349, 0.0 ], [ 535924.50766571611166, 6025175.618947956711054, 0.0 ], [ 535914.57875244691968, 6025177.329997224733233, 0.0 ], [ 535904.653839390724897, 6025179.077046190388501, 0.0 ], [ 535894.73292650654912, 6025180.859094861894846, 0.0 ], [ 535884.817013811320066, 6025182.678143221884966, 0.0 ], [ 535874.90510131791234, 6025184.533191278576851, 0.0 ], [ 535864.998189017176628, 6025186.424239030107856, 0.0 ], [ 535854.891279254108667, 6025188.476286805234849, 0.0 ], [ 535854.891279254108667, 6025188.476286805234849, 0.0 ] ], [ [ 536228.802346620708704, 6025177.166024893522263, 0.0 ], [ 536209.044521160423756, 6025180.880120566114783, 0.0 ], [ 536199.152608070522547, 6025182.666169025935233, 0.0 ], [ 536189.256694801151752, 6025184.416217786259949, 0.0 ], [ 536179.356781337410212, 6025186.13126684166491, 0.0 ], [ 536169.451867688447237, 6025187.809316209517419, 0.0 ], [ 536159.542953833937645, 6025189.45236587151885, 0.0 ], [ 536149.62903980910778, 6025191.059415840543807, 0.0 ], [ 536139.712125562131405, 6025192.630466102622449, 0.0 ], [ 536129.78921115398407, 6025194.166516670957208, 0.0 ], [ 536119.863296534866095, 6025195.665567543357611, 0.0 ], [ 536109.932381741702557, 6025197.129618711769581, 0.0 ], [ 536099.997466754168272, 6025198.55867017339915, 0.0 ], [ 536090.057551562786102, 6025199.951721944846213, 0.0 ], [ 536080.113636188209057, 6025201.308774014003575, 0.0 ], [ 536070.165720619261265, 6025202.629826385527849, 0.0 ], [ 536060.213804859668016, 6025203.9158790493384, 0.0 ], [ 536050.256888911128044, 6025205.165932022035122, 0.0 ], [ 536044.678935918956995, 6025205.850961812771857, 0.0 ], [ 536040.295972786843777, 6025206.380985284224153, 0.0 ], [ 536039.962975576519966, 6025206.420987069606781, 0.0 ], [ 536030.330056447535753, 6025207.559038860723376, 0.0 ], [ 536020.360139932483435, 6025208.703092724084854, 0.0 ], [ 536010.386223219335079, 6025209.81014689616859, 0.0 ], [ 536000.407306335866451, 6025210.88220136705786, 0.0 ], [ 535990.424389239400625, 6025211.91825613938272, 0.0 ], [ 535980.437471952289343, 6025212.919311203993857, 0.0 ], [ 535970.445554483681917, 6025213.884366575628519, 0.0 ], [ 535960.450636807829142, 6025214.813422243110836, 0.0 ], [ 535950.449718978255987, 6025215.7074782140553, 0.0 ], [ 535940.445800915360451, 6025216.565534478984773, 0.0 ], [ 535930.436882678419352, 6025217.38759105373174, 0.0 ], [ 535920.422964263707399, 6025218.174647925421596, 0.0 ], [ 535910.406045641750097, 6025218.924705099314451, 0.0 ], [ 535900.384126830846071, 6025219.640762565657496, 0.0 ], [ 535890.357207830995321, 6025220.319820345379412, 0.0 ], [ 535880.327288631349802, 6025220.962878420948982, 0.0 ], [ 535870.292369246482849, 6025221.57093679625541, 0.0 ], [ 535860.453447353094816, 6025222.01799517031759, 0.0 ], [ 535860.453447353094816, 6025222.01799517031759, 0.0 ] ], [ [ 535854.891279254108667, 6025188.476286805234849, 0.0 ], [ 535860.453447353094816, 6025222.01799517031759, 0.0 ] ], [ [ 535854.891279254108667, 6025188.476286805234849, 0.0 ], [ 535834.778449665755033, 6025191.099393055774271, 0.0 ], [ 535824.854534324258566, 6025192.487444762140512, 0.0 ], [ 535814.937619168311357, 6025193.91149615123868, 0.0 ], [ 535805.028704162687063, 6025195.369547228328884, 0.0 ], [ 535795.12578933313489, 6025196.862597999162972, 0.0 ], [ 535785.231874652206898, 6025198.390648447908461, 0.0 ], [ 535775.344960119575262, 6025199.95269859302789, 0.0 ], [ 535765.465045761317015, 6025201.549748422577977, 0.0 ], [ 535755.592131569981575, 6025203.181797943077981, 0.0 ], [ 535745.72721754014492, 6025204.848847144283354, 0.0 ], [ 535735.869303677231073, 6025206.549896040931344, 0.0 ], [ 535726.01938995718956, 6025208.28594462107867, 0.0 ], [ 535716.176476415246725, 6025210.056992886587977, 0.0 ], [ 535706.340563032776117, 6025211.862040851265192, 0.0 ], [ 535696.512649793177843, 6025213.702088496647775, 0.0 ], [ 535686.691736731678247, 6025215.576135836541653, 0.0 ], [ 535676.877823822200298, 6025217.485182866454124, 0.0 ], [ 535667.071911085397005, 6025219.429229578003287, 0.0 ], [ 535657.272998493164778, 6025221.40727598592639, 0.0 ], [ 535647.482086069881916, 6025223.420322071760893, 0.0 ], [ 535637.698173813521862, 6025225.467367858625948, 0.0 ], [ 535637.367176786065102, 6025225.537369402125478, 0.0 ], [ 535633.454211942851543, 6025226.366387633606791, 0.0 ], [ 535627.921261720359325, 6025227.549413331784308, 0.0 ], [ 535618.151349786669016, 6025229.666458491235971, 0.0 ], [ 535608.38943799585104, 6025231.817503341473639, 0.0 ], [ 535598.63552637398243, 6025234.003547875210643, 0.0 ], [ 535588.887614920735359, 6025236.223592109978199, 0.0 ], [ 535579.147703636437654, 6025238.478636026382446, 0.0 ], [ 535569.415792483836412, 6025240.76767963077873, 0.0 ], [ 535559.689881533384323, 6025243.092722925357521, 0.0 ], [ 535549.972970694303513, 6025245.450765908695757, 0.0 ], [ 535540.262060049921274, 6025247.844808578491211, 0.0 ], [ 535530.55914955586195, 6025250.272850939072669, 0.0 ], [ 535520.863239232450724, 6025252.735892986878753, 0.0 ], [ 535511.175329055637121, 6025255.232934723608196, 0.0 ], [ 535501.494419060647488, 6025257.765976144000888, 0.0 ], [ 535491.820509228855371, 6025260.333017257042229, 0.0 ], [ 535482.154599536210299, 6025262.934058059006929, 0.0 ], [ 535472.495690014213324, 6025265.571098545566201, 0.0 ], [ 535462.844780646264553, 6025268.242138719186187, 0.0 ], [ 535453.200871460139751, 6025270.948178581893444, 0.0 ], [ 535443.563962422311306, 6025273.689218130894005, 0.0 ], [ 535433.935053549706936, 6025276.465257363393903, 0.0 ], [ 535424.313144844025373, 6025279.276296282187104, 0.0 ], [ 535414.731236182153225, 6025282.143334523774683, 0.0 ], [ 535414.731236182153225, 6025282.143334523774683, 0.0 ] ], [ [ 535860.453447353094816, 6025222.01799517031759, 0.0 ], [ 535841.472627971321344, 6025227.647071304731071, 0.0 ], [ 535831.857718743383884, 6025230.383110756054521, 0.0 ], [ 535822.235809352248907, 6025233.085150510072708, 0.0 ], [ 535812.605899807065725, 6025235.751190589740872, 0.0 ], [ 535802.968990083783865, 6025238.383230974897742, 0.0 ], [ 535793.325080204755068, 6025240.981271661818027, 0.0 ], [ 535783.674170166254044, 6025243.544312662445009, 0.0 ], [ 535774.015259962528944, 6025246.072353980503976, 0.0 ], [ 535764.349349603056908, 6025248.566395603120327, 0.0 ], [ 535754.676439080387354, 6025251.025437538512051, 0.0 ], [ 535744.996528383344412, 6025253.449479784816504, 0.0 ], [ 535735.308617547154427, 6025255.839522339403629, 0.0 ], [ 535725.613706544041634, 6025258.195565202273428, 0.0 ], [ 535715.911795370280743, 6025260.516608374193311, 0.0 ], [ 535706.201884031295776, 6025262.802651865407825, 0.0 ], [ 535696.485972531139851, 6025265.054695654660463, 0.0 ], [ 535686.762060880661011, 6025267.272739753127098, 0.0 ], [ 535677.031149074435234, 6025269.455784164369106, 0.0 ], [ 535667.292237091809511, 6025271.603828893043101, 0.0 ], [ 535657.54732496663928, 6025273.718873912468553, 0.0 ], [ 535647.794412653893232, 6025275.797919256612659, 0.0 ], [ 535647.436415873467922, 6025275.873920924030244, 0.0 ], [ 535643.522450998425484, 6025276.697939199395478, 0.0 ], [ 535638.034500192850828, 6025277.842964908108115, 0.0 ], [ 535628.267587576061487, 6025279.85401085857302, 0.0 ], [ 535618.492674794048071, 6025281.830057132057846, 0.0 ], [ 535608.711761858314276, 6025283.772103698924184, 0.0 ], [ 535598.922848746180534, 6025285.680150580592453, 0.0 ], [ 535589.126935474574566, 6025287.552197779528797, 0.0 ], [ 535579.323022063821554, 6025289.391245280392468, 0.0 ], [ 535569.513108462095261, 6025291.195293090306222, 0.0 ], [ 535559.695194710046053, 6025292.964341216720641, 0.0 ], [ 535549.870280802249908, 6025294.699389645829797, 0.0 ], [ 535540.037366732954979, 6025296.399438394233584, 0.0 ], [ 535530.19845250248909, 6025298.065487439744174, 0.0 ], [ 535520.351538099348545, 6025299.696536803618073, 0.0 ], [ 535510.497623555362225, 6025301.293586472980678, 0.0 ], [ 535500.635708834975958, 6025302.854636464267969, 0.0 ], [ 535490.766793951392174, 6025304.382686754688621, 0.0 ], [ 535480.89187890291214, 6025305.874737358652055, 0.0 ], [ 535471.007963702082634, 6025307.332788279280066, 0.0 ], [ 535461.118048336356878, 6025308.75683949701488, 0.0 ], [ 535451.220132794231176, 6025310.144891042262316, 0.0 ], [ 535441.315217118710279, 6025311.498942891135812, 0.0 ], [ 535431.403301253914833, 6025312.817995049059391, 0.0 ], [ 535421.477385099977255, 6025314.07304778881371, 0.0 ], [ 535421.477385099977255, 6025314.07304778881371, 0.0 ] ], [ [ 535414.731236182153225, 6025282.143334523774683, 0.0 ], [ 535421.477385099977255, 6025314.07304778881371, 0.0 ] ], [ [ 535414.731236182153225, 6025282.143334523774683, 0.0 ], [ 535394.730406615883112, 6025284.906438998878002, 0.0 ], [ 535384.745492152869701, 6025286.358490598388016, 0.0 ], [ 535374.767577864229679, 6025287.847541871480644, 0.0 ], [ 535364.797663737088442, 6025289.372592821717262, 0.0 ], [ 535354.835749790072441, 6025290.933643441647291, 0.0 ], [ 535344.880835991352797, 6025292.529693752527237, 0.0 ], [ 535334.932922381907701, 6025294.162743736989796, 0.0 ], [ 535324.99400893971324, 6025295.831793387420475, 0.0 ], [ 535315.062095645815134, 6025297.535842725075781, 0.0 ], [ 535305.137182533740997, 6025299.276891739107668, 0.0 ], [ 535295.220269586890936, 6025301.052940431050956, 0.0 ], [ 535285.31135680153966, 6025302.864988800138235, 0.0 ], [ 535275.409444198012352, 6025304.714036840945482, 0.0 ], [ 535265.51553175970912, 6025306.598084563389421, 0.0 ], [ 535255.628619473427534, 6025308.51813196670264, 0.0 ], [ 535245.749707370996475, 6025310.473179053515196, 0.0 ], [ 535235.877795435488224, 6025312.465225812979043, 0.0 ], [ 535226.013883642852306, 6025314.492272251285613, 0.0 ], [ 535216.304970718920231, 6025316.525317671708763, 0.0 ], [ 535216.157972037792206, 6025316.556318359449506, 0.0 ], [ 535216.059972915798426, 6025316.576318820938468, 0.0 ], [ 535206.309060610830784, 6025318.65536415297538, 0.0 ], [ 535196.468149334192276, 6025320.790409624576569, 0.0 ], [ 535186.634238220751286, 6025322.961454771459103, 0.0 ], [ 535176.808327279984951, 6025325.168499597348273, 0.0 ], [ 535166.990416515618563, 6025327.411544094793499, 0.0 ], [ 535157.179505899548531, 6025329.689588280394673, 0.0 ], [ 535147.376595459878445, 6025332.004632133990526, 0.0 ], [ 535137.580685190856457, 6025334.354675674811006, 0.0 ], [ 535127.792775094509125, 6025336.741718883626163, 0.0 ], [ 535118.011865172535181, 6025339.163761779665947, 0.0 ], [ 535108.238955393433571, 6025341.621804348193109, 0.0 ], [ 535098.474045790731907, 6025344.115846592001617, 0.0 ], [ 535088.716136366128922, 6025346.646888510324061, 0.0 ], [ 535078.966227099299431, 6025349.212930108420551, 0.0 ], [ 535069.224317997694016, 6025351.814971381798387, 0.0 ], [ 535059.48940908908844, 6025354.454012328758836, 0.0 ], [ 535049.762500334531069, 6025357.129052948206663, 0.0 ], [ 535040.042591731995344, 6025359.839093256741762, 0.0 ], [ 535030.330683313310146, 6025362.586133233271539, 0.0 ], [ 535020.627775251865387, 6025365.401172630488873, 0.0 ], [ 535020.627775251865387, 6025365.401172630488873, 0.0 ] ], [ [ 535421.477385099977255, 6025314.07304778881371, 0.0 ], [ 535402.067568596452475, 6025319.63612712174654, 0.0 ], [ 535392.348659988492727, 6025322.346167425625026, 0.0 ], [ 535382.620751231908798, 6025325.020208059810102, 0.0 ], [ 535372.885842315852642, 6025327.658249014057219, 0.0 ], [ 535363.143933206796646, 6025330.261290279217064, 0.0 ], [ 535353.394023939967155, 6025332.827331879176199, 0.0 ], [ 535343.63611451163888, 6025335.357373803853989, 0.0 ], [ 535333.871204920113087, 6025337.851416048593819, 0.0 ], [ 535324.098295152187347, 6025340.309458618052304, 0.0 ], [ 535314.317385207861662, 6025342.731501515954733, 0.0 ], [ 535304.52947511151433, 6025345.118544721975923, 0.0 ], [ 535294.733564842492342, 6025347.468588261865079, 0.0 ], [ 535284.930654406547546, 6025349.783632115460932, 0.0 ], [ 535275.119743801653385, 6025352.062676291912794, 0.0 ], [ 535265.301833029836416, 6025354.305720792151988, 0.0 ], [ 535255.475922081619501, 6025356.511765622533858, 0.0 ], [ 535245.642010990530252, 6025358.683810764923692, 0.0 ], [ 535235.801099710166454, 6025360.818856234662235, 0.0 ], [ 535225.952188272029161, 6025362.917902028188109, 0.0 ], [ 535225.854189153760672, 6025362.938902483321726, 0.0 ], [ 535225.854189153760672, 6025362.938902483321726, 0.0 ], [ 535216.096276674419641, 6025364.981948136352003, 0.0 ], [ 535206.232364896684885, 6025367.00899457745254, 0.0 ], [ 535196.360452961176634, 6025369.001041333191097, 0.0 ], [ 535186.481540840119123, 6025370.957088412716985, 0.0 ], [ 535176.595628555864096, 6025372.877135809510946, 0.0 ], [ 535166.700716115534306, 6025374.761183540336788, 0.0 ], [ 535156.799803499132395, 6025376.609231581911445, 0.0 ], [ 535146.889890722930431, 6025378.421279955655336, 0.0 ], [ 535136.97297777235508, 6025380.197328650392592, 0.0 ], [ 535127.04906465485692, 6025381.938377655111253, 0.0 ], [ 535117.116151373833418, 6025383.642427003011107, 0.0 ], [ 535107.177237916737795, 6025385.310476659797132, 0.0 ], [ 535097.22932430356741, 6025386.942526651546359, 0.0 ], [ 535087.274410519748926, 6025388.539576955139637, 0.0 ], [ 535077.311496566981077, 6025390.099627589806914, 0.0 ], [ 535067.34158243983984, 6025391.623678545467556, 0.0 ], [ 535057.363668151199818, 6025393.111729826778173, 0.0 ], [ 535047.378753688186407, 6025394.56378142721951, 0.0 ], [ 535037.385839052498341, 6025395.978833359666169, 0.0 ], [ 535027.373924154788256, 6025397.32888591196388, 0.0 ], [ 535027.373924154788256, 6025397.32888591196388, 0.0 ] ], [ [ 535020.627775251865387, 6025365.401172630488873, 0.0 ], [ 535027.373924154788256, 6025397.32888591196388, 0.0 ] ], [ [ 535020.627775251865387, 6025365.401172630488873, 0.0 ], [ 535000.658945385366678, 6025368.157276958227158, 0.0 ], [ 534990.689030796289444, 6025369.607328481040895, 0.0 ], [ 534980.727116376161575, 6025371.09337967634201, 0.0 ], [ 534970.773202106356621, 6025372.615430547855794, 0.0 ], [ 534960.826288018375635, 6025374.173481098376215, 0.0 ], [ 534950.887374091893435, 6025375.766531330533326, 0.0 ], [ 534940.955460347235203, 6025377.396581237204373, 0.0 ], [ 534931.031546749174595, 6025379.062630816362798, 0.0 ], [ 534921.115633334964514, 6025380.764680069871247, 0.0 ], [ 534911.20672008395195, 6025382.501729012466967, 0.0 ], [ 534901.305806990712881, 6025384.27577762119472, 0.0 ], [ 534891.411894083023071, 6025386.0848259171471, 0.0 ], [ 534881.525981325656176, 6025387.929873889312148, 0.0 ], [ 534871.648068733513355, 6025389.810921533964574, 0.0 ], [ 534861.777156319469213, 6025391.727968861348927, 0.0 ], [ 534851.913244072347879, 6025393.681015867739916, 0.0 ], [ 534842.058331981301308, 6025395.66906255017966, 0.0 ], [ 534832.209420084953308, 6025397.694108910858631, 0.0 ], [ 534822.447507619857788, 6025399.738154578953981, 0.0 ], [ 534822.447507619857788, 6025399.738154578953981, 0.0 ], [ 534822.3695083335042, 6025399.754154946655035, 0.0 ], [ 534812.5365967489779, 6025401.850200665183365, 0.0 ], [ 534802.710685327649117, 6025403.982246061787009, 0.0 ], [ 534792.89277408272028, 6025406.150291134603322, 0.0 ], [ 534783.082863010466099, 6025408.353335889056325, 0.0 ], [ 534773.279952097684145, 6025410.592380323447287, 0.0 ], [ 534763.485041338950396, 6025412.868424423970282, 0.0 ], [ 534753.697130762040615, 6025415.179468214511871, 0.0 ], [ 534743.91722035035491, 6025417.526511676609516, 0.0 ], [ 534734.144310109317303, 6025419.908554828725755, 0.0 ], [ 534724.379400044679642, 6025422.327597646974027, 0.0 ], [ 534714.622490126639605, 6025424.782640139572322, 0.0 ], [ 534704.872580382972956, 6025427.272682322189212, 0.0 ], [ 534695.130670808255672, 6025429.799724168144166, 0.0 ], [ 534685.395761407911777, 6025432.361765704117715, 0.0 ], [ 534675.668852169066668, 6025434.959806914441288, 0.0 ], [ 534665.949943095445633, 6025437.594847790896893, 0.0 ], [ 534656.238034207373857, 6025440.264888353645802, 0.0 ], [ 534646.534125465899706, 6025442.970928593538702, 0.0 ], [ 534636.83821688964963, 6025445.713968497700989, 0.0 ], [ 534627.137308813631535, 6025448.529007884673774, 0.0 ], [ 534627.137308813631535, 6025448.529007884673774, 0.0 ] ], [ [ 535027.373924154788256, 6025397.32888591196388, 0.0 ], [ 535007.99610735848546, 6025402.885965090245008, 0.0 ], [ 534998.291198637336493, 6025405.592005335725844, 0.0 ], [ 534988.580289732664824, 6025408.26304588560015, 0.0 ], [ 534978.860380657017231, 6025410.897086777724326, 0.0 ], [ 534969.133471418172121, 6025413.495127988047898, 0.0 ], [ 534959.399562019854784, 6025416.058169508352876, 0.0 ], [ 534949.65765243396163, 6025418.584211363457143, 0.0 ], [ 534939.907742701470852, 6025421.075253537856042, 0.0 ], [ 534930.149832785129547, 6025423.529296043328941, 0.0 ], [ 534920.384922709316015, 6025425.948338861577213, 0.0 ], [ 534910.613012466579676, 6025428.331382000818849, 0.0 ], [ 534900.83310205116868, 6025430.678425462916493, 0.0 ], [ 534891.0451914742589, 6025432.98946925252676, 0.0 ], [ 534881.250280737876892, 6025435.264513361267745, 0.0 ], [ 534871.447369817644358, 6025437.503557794727385, 0.0 ], [ 534861.637458730489016, 6025439.706602550111711, 0.0 ], [ 534851.81954749673605, 6025441.874647622928023, 0.0 ], [ 534841.993636075407267, 6025444.006693019531667, 0.0 ], [ 534832.238723792135715, 6025446.085738377645612, 0.0 ], [ 534832.238723792135715, 6025446.085738377645612, 0.0 ], [ 534832.160724502056837, 6025446.102738737128675, 0.0 ], [ 534822.319812756031752, 6025448.162784778513014, 0.0 ], [ 534812.471900828182697, 6025450.186831142753363, 0.0 ], [ 534802.615988753736019, 6025452.174877830781043, 0.0 ], [ 534792.753076493740082, 6025454.127924831584096, 0.0 ], [ 534782.88216407597065, 6025456.044972157105803, 0.0 ], [ 534773.003251500427723, 6025457.925019817426801, 0.0 ], [ 534763.117338735610247, 6025459.770067787729204, 0.0 ], [ 534753.223425835371017, 6025461.580116078257561, 0.0 ], [ 534743.322512745857239, 6025463.353164692409337, 0.0 ], [ 534733.413599479943514, 6025465.090213635936379, 0.0 ], [ 534723.497686062008142, 6025466.791262898594141, 0.0 ], [ 534713.573772460222244, 6025468.457312477752566, 0.0 ], [ 534703.641858715564013, 6025470.086362390778959, 0.0 ], [ 534693.702944777905941, 6025471.680412615649402, 0.0 ], [ 534683.756030693650246, 6025473.238463167101145, 0.0 ], [ 534673.801116447895765, 6025474.759514050558209, 0.0 ], [ 534663.839202009141445, 6025476.24556524772197, 0.0 ], [ 534653.870287403464317, 6025477.694616770371795, 0.0 ], [ 534643.892372649163008, 6025479.108668617904186, 0.0 ], [ 534633.883457712829113, 6025480.456721166148782, 0.0 ], [ 534633.883457712829113, 6025480.456721166148782, 0.0 ] ], [ [ 534627.137308813631535, 6025448.529007884673774, 0.0 ], [ 534633.883457712829113, 6025480.456721166148782, 0.0 ] ], [ [ 534627.137308813631535, 6025448.529007884673774, 0.0 ], [ 534607.418475683778524, 6025451.070112287066877, 0.0 ], [ 534597.561559557914734, 6025452.413163917139173, 0.0 ], [ 534587.713643584400415, 6025453.792215217836201, 0.0 ], [ 534577.871727786958218, 6025455.206266210414469, 0.0 ], [ 534568.037812158465385, 6025456.655316885560751, 0.0 ], [ 534558.2108966819942, 6025458.140367240644991, 0.0 ], [ 534548.39198137447238, 6025459.660417279228568, 0.0 ], [ 534538.57906624302268, 6025461.215467011556029, 0.0 ], [ 534528.774151273071766, 6025462.806516417302191, 0.0 ], [ 534518.977236460894346, 6025464.43156551476568, 0.0 ], [ 534509.186321832239628, 6025466.09261429682374, 0.0 ], [ 534499.403407350182533, 6025467.788662759587169, 0.0 ], [ 534489.627493038773537, 6025469.519710916094482, 0.0 ], [ 534479.858578898012638, 6025471.285758755169809, 0.0 ], [ 534470.097664915025234, 6025473.087806271389127, 0.0 ], [ 534460.343751095235348, 6025474.923853481188416, 0.0 ], [ 534450.596837446093559, 6025476.795900371856987, 0.0 ], [ 534440.856923975050449, 6025478.702946952544153, 0.0 ], [ 534431.125010643154383, 6025480.644993214868009, 0.0 ], [ 534421.400097478181124, 6025482.62103917170316, 0.0 ], [ 534417.633131179958582, 6025483.397056890651584, 0.0 ], [ 534411.682184502482414, 6025484.633084810338914, 0.0 ], [ 534405.641238693147898, 6025485.902113041840494, 0.0 ], [ 534401.97127166762948, 6025486.680130136199296, 0.0 ], [ 534392.268359001725912, 6025488.76217514462769, 0.0 ], [ 534382.571446515619755, 6025490.880219838581979, 0.0 ], [ 534372.882534194737673, 6025493.032264224253595, 0.0 ], [ 534363.201622020453215, 6025495.219308288767934, 0.0 ], [ 534353.526710018515587, 6025497.441352050751448, 0.0 ], [ 534343.859798174351454, 6025499.699395484291017, 0.0 ], [ 534334.199886508285999, 6025501.991438616067171, 0.0 ], [ 534324.546974994242191, 6025504.319481425918639, 0.0 ], [ 534314.902063649147749, 6025506.68152392655611, 0.0 ], [ 534305.264152474701405, 6025509.079566108994186, 0.0 ], [ 534295.633241456001997, 6025511.512607978656888, 0.0 ], [ 534286.009330611675978, 6025513.980649535544217, 0.0 ], [ 534276.393419928848743, 6025516.483690776862204, 0.0 ], [ 534266.784509424120188, 6025519.022731696255505, 0.0 ], [ 534257.182599056512117, 6025521.595772313885391, 0.0 ], [ 534247.587688878178596, 6025524.204812608659267, 0.0 ], [ 534237.976779270917177, 6025526.884852463379502, 0.0 ], [ 534237.976779270917177, 6025526.884852463379502, 0.0 ] ], [ [ 534633.883457712829113, 6025480.456721166148782, 0.0 ], [ 534614.753638509660959, 6025485.930799421854317, 0.0 ], [ 534605.173728562891483, 6025488.596839187666774, 0.0 ], [ 534595.58681845664978, 6025491.227879264391959, 0.0 ], [ 534585.991908203810453, 6025493.823919661343098, 0.0 ], [ 534576.389997765421867, 6025496.384960369206965, 0.0 ], [ 534566.780087172985077, 6025498.910001402720809, 0.0 ], [ 534557.163176409900188, 6025501.399042756296694, 0.0 ], [ 534547.539265476167202, 6025503.854084412567317, 0.0 ], [ 534537.907354399561882, 6025506.274126389995217, 0.0 ], [ 534528.268443141132593, 6025508.658168682828546, 0.0 ], [ 534518.621531713753939, 6025511.007211295887828, 0.0 ], [ 534508.967620141804218, 6025513.321254222653806, 0.0 ], [ 534499.305708389729261, 6025515.600297464989126, 0.0 ], [ 534489.636796478182077, 6025517.843341027386487, 0.0 ], [ 534479.960884403437376, 6025520.052384893409908, 0.0 ], [ 534470.276972178369761, 6025522.225429086014628, 0.0 ], [ 534460.585059776902199, 6025524.364473587833345, 0.0 ], [ 534450.887147203087807, 6025526.467518404126167, 0.0 ], [ 534441.406232453882694, 6025528.488562485203147, 0.0 ], [ 534441.406232453882694, 6025528.488562485203147, 0.0 ], [ 534441.181234482675791, 6025528.535563536919653, 0.0 ], [ 534431.467321593314409, 6025530.568608989939094, 0.0 ], [ 534421.746408544480801, 6025532.567654746584594, 0.0 ], [ 534412.018495313823223, 6025534.530700822360814, 0.0 ], [ 534402.282581932842731, 6025536.458747217431664, 0.0 ], [ 534392.539668396115303, 6025538.351793920621276, 0.0 ], [ 534382.788754682987928, 6025540.209840944036841, 0.0 ], [ 534373.031840804964304, 6025542.032888274639845, 0.0 ], [ 534363.265926770865917, 6025543.819935935549438, 0.0 ], [ 534353.493012573570013, 6025545.572983901016414, 0.0 ], [ 534343.713098209351301, 6025547.291032179258764, 0.0 ], [ 534333.926183681935072, 6025548.974080767482519, 0.0 ], [ 534324.131268989294767, 6025550.621129683218896, 0.0 ], [ 534314.328354146331549, 6025552.23417890816927, 0.0 ], [ 534304.519439119845629, 6025553.811228447593749, 0.0 ], [ 534294.701523944735527, 6025555.353278310969472, 0.0 ], [ 534284.877608593553305, 6025556.860328480601311, 0.0 ], [ 534275.045693088322878, 6025558.332378964871168, 0.0 ], [ 534265.205777429044247, 6025559.769429770298302, 0.0 ], [ 534255.358861584216356, 6025561.171480887569487, 0.0 ], [ 534245.502945382148027, 6025562.504532590508461, 0.0 ], [ 534245.502945382148027, 6025562.504532590508461, 0.0 ] ], [ [ 534237.976779270917177, 6025526.884852463379502, 0.0 ], [ 534245.502945382148027, 6025562.504532590508461, 0.0 ] ], [ [ 534237.976779270917177, 6025526.884852463379502, 0.0 ], [ 534218.027949422597885, 6025529.66795645840466, 0.0 ], [ 534208.068034831434488, 6025531.131007817573845, 0.0 ], [ 534198.116120416671038, 6025532.631058842875063, 0.0 ], [ 534188.172206159681082, 6025534.16710954438895, 0.0 ], [ 534178.235292099416256, 6025535.739159924909472, 0.0 ], [ 534168.306378174573183, 6025537.347209979780018, 0.0 ], [ 534158.385464426130056, 6025538.991259709000587, 0.0 ], [ 534148.471550852060318, 6025540.671309118159115, 0.0 ], [ 534138.565637443214655, 6025542.387358202598989, 0.0 ], [ 534128.66672421246767, 6025544.139406968839467, 0.0 ], [ 534118.7758111320436, 6025545.927455405704677, 0.0 ], [ 534108.892898239195347, 6025547.752503510564566, 0.0 ], [ 534099.016985505819321, 6025549.612551307305694, 0.0 ], [ 534089.149072926491499, 6025551.508598772808909, 0.0 ], [ 534079.288160536438227, 6025553.441645914688706, 0.0 ], [ 534069.435248300433159, 6025555.409692735411227, 0.0 ], [ 534059.590336233377457, 6025557.413739233277738, 0.0 ], [ 534049.752424348145723, 6025559.453785411082208, 0.0 ], [ 534044.755469188094139, 6025560.504808752797544, 0.0 ], [ 534044.755469188094139, 6025560.504808752797544, 0.0 ], [ 534039.922512613236904, 6025561.530831254087389, 0.0 ], [ 534030.10060104355216, 6025563.642876779660583, 0.0 ], [ 534020.285689651966095, 6025565.79092198703438, 0.0 ], [ 534010.478778429329395, 6025567.975966859608889, 0.0 ], [ 534000.678867377340794, 6025570.196011420339346, 0.0 ], [ 533990.886956486850977, 6025572.453055648133159, 0.0 ], [ 533981.102045778185129, 6025574.745099565945566, 0.0 ], [ 533971.326135218143463, 6025577.074143141508102, 0.0 ], [ 533961.556224841624498, 6025579.438186413608491, 0.0 ], [ 533951.795314624905586, 6025581.83922934345901, 0.0 ], [ 533942.041404571384192, 6025584.27627195417881, 0.0 ], [ 533932.295494701713324, 6025586.749314240179956, 0.0 ], [ 533922.556584998965263, 6025589.258356205187738, 0.0 ], [ 533912.825675450265408, 6025591.804397839121521, 0.0 ], [ 533903.102766074240208, 6025594.385439153760672, 0.0 ], [ 533893.386856872588396, 6025597.003480141051114, 0.0 ], [ 533883.67894783616066, 6025599.657520803622901, 0.0 ], [ 533873.978038992732763, 6025602.348561136052012, 0.0 ], [ 533864.286130279302597, 6025605.074601149186492, 0.0 ], [ 533854.603221990168095, 6025607.876640520058572, 0.0 ], [ 533854.603221990168095, 6025607.876640520058572, 0.0 ] ], [ [ 534245.502945382148027, 6025562.504532590508461, 0.0 ], [ 534226.132128320634365, 6025568.02761198580265, 0.0 ], [ 534216.431219458580017, 6025570.717652326449752, 0.0 ], [ 534206.723310422152281, 6025573.370692996308208, 0.0 ], [ 534197.007401220500469, 6025575.98873398359865, 0.0 ], [ 534187.28449184820056, 6025578.570775290951133, 0.0 ], [ 534177.553582318127155, 6025581.115816932171583, 0.0 ], [ 534167.814672604203224, 6025583.625858888961375, 0.0 ], [ 534158.068762723356485, 6025586.098901175893843, 0.0 ], [ 534148.314852692186832, 6025588.535943786613643, 0.0 ], [ 534138.553942460566759, 6025590.936986718326807, 0.0 ], [ 534128.785032074898481, 6025593.302029973827302, 0.0 ], [ 534119.008121535181999, 6025595.63107355684042, 0.0 ], [ 534109.224210817366838, 6025597.924117458984256, 0.0 ], [ 534099.432299926877022, 6025600.181161687709391, 0.0 ], [ 534089.632388889789581, 6025602.402206241153181, 0.0 ], [ 534079.825477659702301, 6025604.587251112796366, 0.0 ], [ 534070.010566271841526, 6025606.736296311952174, 0.0 ], [ 534060.188654709607363, 6025608.8493418302387, 0.0 ], [ 534055.192699603736401, 6025609.909365095198154, 0.0 ], [ 534055.192699603736401, 6025609.909365095198154, 0.0 ], [ 534050.358742997050285, 6025610.926387674175203, 0.0 ], [ 534040.520831100642681, 6025612.967433843761683, 0.0 ], [ 534030.675919029861689, 6025614.971480341628194, 0.0 ], [ 534020.823006812483072, 6025616.940527156926692, 0.0 ], [ 534010.963094402104616, 6025618.873574290424585, 0.0 ], [ 534001.094181839376688, 6025620.769621764309704, 0.0 ], [ 533991.219269100576639, 6025622.630669545382261, 0.0 ], [ 533981.335356213152409, 6025624.454717664979398, 0.0 ], [ 533971.444443132728338, 6025626.243766093626618, 0.0 ], [ 533961.546529892832041, 6025627.995814852416515, 0.0 ], [ 533951.640616491436958, 6025629.711863936856389, 0.0 ], [ 533941.726702902466059, 6025631.391913347877562, 0.0 ], [ 533931.804789170622826, 6025633.035963081754744, 0.0 ], [ 533921.875875249505043, 6025634.643013143911958, 0.0 ], [ 533911.938961166888475, 6025636.214063532650471, 0.0 ], [ 533901.99504692107439, 6025637.749114241451025, 0.0 ], [ 533892.043132487684488, 6025639.248165274970233, 0.0 ], [ 533882.083217911422253, 6025640.711216636002064, 0.0 ], [ 533872.116303134709597, 6025642.137268322519958, 0.0 ], [ 533862.129388090223074, 6025643.494320661760867, 0.0 ], [ 533862.129388090223074, 6025643.494320661760867, 0.0 ] ], [ [ 533854.603221990168095, 6025607.876640520058572, 0.0 ], [ 533862.129388090223074, 6025643.494320661760867, 0.0 ] ], [ [ 533854.603221990168095, 6025607.876640520058572, 0.0 ], [ 533834.644393038004637, 6025610.789743584580719, 0.0 ], [ 533824.688478786498308, 6025612.312794459052384, 0.0 ], [ 533814.740564707666636, 6025613.870845017954707, 0.0 ], [ 533804.800650794059038, 6025615.465895240195096, 0.0 ], [ 533794.86773706972599, 6025617.096945144236088, 0.0 ], [ 533784.942823484539986, 6025618.763994721695781, 0.0 ], [ 533775.025910086929798, 6025620.467043975368142, 0.0 ], [ 533765.115996848791838, 6025622.207092899829149, 0.0 ], [ 533755.214083775877953, 6025623.982141508720815, 0.0 ], [ 533745.320170871913433, 6025625.793189789168537, 0.0 ], [ 533735.434258136898279, 6025627.640237745828927, 0.0 ], [ 533725.555345561355352, 6025629.522285391576588, 0.0 ], [ 533715.684433169662952, 6025631.441332700662315, 0.0 ], [ 533705.821520917117596, 6025633.396379685029387, 0.0 ], [ 533695.965608853846788, 6025635.387426350265741, 0.0 ], [ 533686.117696944624186, 6025637.413472697138786, 0.0 ], [ 533676.983778864145279, 6025639.326515424065292, 0.0 ], [ 533676.277785200625658, 6025639.475518718361855, 0.0 ], [ 533669.403847001492977, 6025640.938550696708262, 0.0 ], [ 533666.44487364217639, 6025641.574564414098859, 0.0 ], [ 533656.619962245225906, 6025643.708609789609909, 0.0 ], [ 533646.803051002323627, 6025645.878654839470983, 0.0 ], [ 533636.993139926344156, 6025648.084699572063982, 0.0 ], [ 533627.191229026764631, 6025650.325743986293674, 0.0 ], [ 533617.397318284958601, 6025652.603788064792752, 0.0 ], [ 533607.611407700926065, 6025654.916831825859845, 0.0 ], [ 533597.832497298717499, 6025657.265875267796218, 0.0 ], [ 533588.061587069183588, 6025659.651918375864625, 0.0 ], [ 533578.297676991671324, 6025662.072961173020303, 0.0 ], [ 533568.541767079383135, 6025664.529003651812673, 0.0 ], [ 533558.793857350945473, 6025667.022045796737075, 0.0 ], [ 533549.053947780281305, 6025669.551087617874146, 0.0 ], [ 533539.321038376539946, 6025672.11612911708653, 0.0 ], [ 533529.59612912684679, 6025674.716170298866928, 0.0 ], [ 533519.879220053553581, 6025677.353211147710681, 0.0 ], [ 533510.16931114718318, 6025680.025251684710383, 0.0 ], [ 533500.467402413487434, 6025682.734291886910796, 0.0 ], [ 533490.773493837565184, 6025685.4783317707479, 0.0 ], [ 533481.086585436016321, 6025688.259371328167617, 0.0 ], [ 533471.407677210867405, 6025691.075410570017993, 0.0 ], [ 533460.703779898583889, 6025694.383452483452857, 0.0 ], [ 533460.703779898583889, 6025694.383452483452857, 0.0 ] ], [ [ 533862.129388090223074, 6025643.494320661760867, 0.0 ], [ 533843.029568832367659, 6025648.996398515999317, 0.0 ], [ 533833.461658895015717, 6025651.678438084200025, 0.0 ], [ 533823.886748801916838, 6025654.32547796331346, 0.0 ], [ 533814.302838545292616, 6025656.936518176458776, 0.0 ], [ 533804.712928116321564, 6025659.512558694928885, 0.0 ], [ 533795.114017553627491, 6025662.054599528200924, 0.0 ], [ 533785.509106788784266, 6025664.56064067594707, 0.0 ], [ 533775.895195882767439, 6025667.030682154931128, 0.0 ], [ 533766.275284804403782, 6025669.466723933815956, 0.0 ], [ 533756.647373579442501, 6025671.867766029201448, 0.0 ], [ 533747.011462166905403, 6025674.232808451168239, 0.0 ], [ 533737.368550606071949, 6025676.562851184047759, 0.0 ], [ 533727.717638894915581, 6025678.858894228003919, 0.0 ], [ 533718.059726998209953, 6025681.118937589228153, 0.0 ], [ 533708.394814945757389, 6025683.343981265090406, 0.0 ], [ 533698.721902720630169, 6025685.534025259315968, 0.0 ], [ 533689.040990345180035, 6025687.689069570042193, 0.0 ], [ 533679.353077813982964, 6025689.809114190749824, 0.0 ], [ 533669.658165104687214, 6025691.895159118808806, 0.0 ], [ 533669.012170907109976, 6025692.032162128947675, 0.0 ], [ 533664.85520826280117, 6025692.914181487634778, 0.0 ], [ 533659.95525223761797, 6025693.945204370655119, 0.0 ], [ 533650.245339203625917, 6025695.960249938070774, 0.0 ], [ 533640.527426023036242, 6025697.940295820124447, 0.0 ], [ 533630.802512656897306, 6025699.885342015884817, 0.0 ], [ 533621.069599140435457, 6025701.79538852814585, 0.0 ], [ 533611.329685468226671, 6025703.670435352250934, 0.0 ], [ 533601.582771621644497, 6025705.510482489131391, 0.0 ], [ 533591.827857609838247, 6025707.315529943443835, 0.0 ], [ 533582.064943432807922, 6025709.084577724337578, 0.0 ], [ 533572.295029107481241, 6025710.819625809788704, 0.0 ], [ 533562.518114600330591, 6025712.519674204289913, 0.0 ], [ 533552.733199946582317, 6025714.184722919017076, 0.0 ], [ 533542.941285118460655, 6025715.813771952874959, 0.0 ], [ 533533.141370136290789, 6025717.408821296878159, 0.0 ], [ 533523.334454979747534, 6025718.967870961874723, 0.0 ], [ 533513.519539676606655, 6025720.492920935153961, 0.0 ], [ 533503.697624210268259, 6025721.98197122849524, 0.0 ], [ 533493.867708567529917, 6025723.436021842062473, 0.0 ], [ 533484.030792757868767, 6025724.855072765611112, 0.0 ], [ 533475.215866111218929, 6025725.793120950460434, 0.0 ], [ 533475.215866111218929, 6025725.793120950460434, 0.0 ] ], [ [ 533460.703779898583889, 6025694.383452483452857, 0.0 ], [ 533475.215866111218929, 6025725.793120950460434, 0.0 ] ], [ [ 533460.703779898583889, 6025694.383452483452857, 0.0 ], [ 533442.909990604966879, 6025706.24947342928499, 0.0 ], [ 533434.590090084820986, 6025711.950482054613531, 0.0 ], [ 533426.292189590632915, 6025717.68049031868577, 0.0 ], [ 533418.017289072275162, 6025723.438498225994408, 0.0 ], [ 533409.76438857242465, 6025729.224505779333413, 0.0 ], [ 533401.534488081932068, 6025735.03951296582818, 0.0 ], [ 533393.326587595045567, 6025740.882519802078605, 0.0 ], [ 533385.141687121242285, 6025746.753526275977492, 0.0 ], [ 533376.978786636143923, 6025752.652532400563359, 0.0 ], [ 533368.83888616412878, 6025758.580538157373667, 0.0 ], [ 533360.721985694020987, 6025764.536543558351696, 0.0 ], [ 533352.627085227519274, 6025770.520548602566123, 0.0 ], [ 533344.554184775799513, 6025776.532553294673562, 0.0 ], [ 533336.504284329712391, 6025782.572557629086077, 0.0 ], [ 533328.476383872330189, 6025788.641561605036259, 0.0 ], [ 533320.471483428031206, 6025794.738565221428871, 0.0 ], [ 533312.488582998514175, 6025800.86256849206984, 0.0 ], [ 533304.528682552278042, 6025807.015571396797895, 0.0 ], [ 533296.590782143175602, 6025813.197573942132294, 0.0 ], [ 533288.674881719052792, 6025819.406576142646372, 0.0 ], [ 533280.781981289386749, 6025825.643577983602881, 0.0 ], [ 533275.16305236145854, 6025830.112579070962965, 0.0 ], [ 533272.912080876529217, 6025831.909579457715154, 0.0 ], [ 533269.305126614868641, 6025834.796580016613007, 0.0 ], [ 533265.064180467277765, 6025838.203580579720438, 0.0 ], [ 533257.238280061632395, 6025844.524581358768046, 0.0 ], [ 533249.435379661619663, 6025850.87458176817745, 0.0 ], [ 533241.654479276388884, 6025857.253581818193197, 0.0 ], [ 533233.895578902214766, 6025863.659581525251269, 0.0 ], [ 533226.159678503870964, 6025870.093580873683095, 0.0 ], [ 533218.446778126060963, 6025876.556579853408039, 0.0 ], [ 533210.755877755582333, 6025883.047578481957316, 0.0 ], [ 533203.086977388709784, 6025889.566576757468283, 0.0 ], [ 533195.441077027469873, 6025896.113574676215649, 0.0 ], [ 533187.818176660686731, 6025902.688572234474123, 0.0 ], [ 533180.217276308685541, 6025909.29256943333894, 0.0 ], [ 533172.638375971466303, 6025915.924566279165447, 0.0 ], [ 533165.082475628703833, 6025922.584562764503062, 0.0 ], [ 533157.549575287848711, 6025929.272558894008398, 0.0 ], [ 533150.038674954324961, 6025935.989554662257433, 0.0 ], [ 533142.550774626433849, 6025942.734550072811544, 0.0 ], [ 533135.0848743095994, 6025949.507545129396021, 0.0 ], [ 533127.641973994672298, 6025956.309539820998907, 0.0 ], [ 533120.217073936015368, 6025963.175533906556666, 0.0 ], [ 533120.217073936015368, 6025963.175533906556666, 0.0 ] ], [ [ 533475.215866111218929, 6025725.793120950460434, 0.0 ], [ 533461.700050942599773, 6025738.750106679275632, 0.0 ], [ 533454.367149241268635, 6025745.466101337224245, 0.0 ], [ 533447.011247541755438, 6025752.155096348375082, 0.0 ], [ 533439.634345833212137, 6025758.816091700457036, 0.0 ], [ 533432.234444133937359, 6025765.450087408535182, 0.0 ], [ 533424.813542414456606, 6025772.056083460338414, 0.0 ], [ 533417.369640707969666, 6025778.635079864412546, 0.0 ], [ 533409.903738990426064, 6025785.186076620593667, 0.0 ], [ 533402.416837263852358, 6025791.710073716007173, 0.0 ], [ 533394.906935539096594, 6025798.20607116818428, 0.0 ], [ 533387.37503382563591, 6025804.675068965181708, 0.0 ], [ 533379.822132080793381, 6025811.116067111492157, 0.0 ], [ 533372.246230326592922, 6025817.52906561549753, 0.0 ], [ 533364.649328593164682, 6025823.915064455941319, 0.0 ], [ 533357.029426839202642, 6025830.274063648656011, 0.0 ], [ 533349.38852509111166, 6025836.605063187889755, 0.0 ], [ 533341.725623331964016, 6025842.90906307194382, 0.0 ], [ 533334.039721567183733, 6025849.18606330640614, 0.0 ], [ 533326.332819800823927, 6025855.435063886456192, 0.0 ], [ 533318.603918019682169, 6025861.656064822338521, 0.0 ], [ 533318.300921879708767, 6025861.899064865894616, 0.0 ], [ 533315.373958989977837, 6025864.243065309710801, 0.0 ], [ 533310.853016242384911, 6025867.850066098384559, 0.0 ], [ 533303.080114461481571, 6025874.017067722044885, 0.0 ], [ 533295.285212688148022, 6025880.1560696978122, 0.0 ], [ 533287.468310888856649, 6025886.268072017468512, 0.0 ], [ 533279.629409097135067, 6025892.352074691094458, 0.0 ], [ 533271.769507303833961, 6025898.409077701158822, 0.0 ], [ 533263.886605493724346, 6025904.439081065356731, 0.0 ], [ 533255.98170368745923, 6025910.441084778867662, 0.0 ], [ 533248.055801879614592, 6025916.415088840760291, 0.0 ], [ 533240.106900069862604, 6025922.363093245774508, 0.0 ], [ 533232.136998232454062, 6025928.282098001800478, 0.0 ], [ 533224.144096408039331, 6025934.174103111959994, 0.0 ], [ 533216.130194585770369, 6025940.039108561351895, 0.0 ], [ 533208.093292746692896, 6025945.876114368438721, 0.0 ], [ 533200.0353909060359, 6025951.686120512895286, 0.0 ], [ 533191.954489063471556, 6025957.468127019703388, 0.0 ], [ 533183.852587211877108, 6025963.222133866511285, 0.0 ], [ 533175.727685380727053, 6025968.949141069315374, 0.0 ], [ 533167.581783510744572, 6025974.649148609489202, 0.0 ], [ 533159.412881646305323, 6025980.320156515575945, 0.0 ], [ 533151.221979793161154, 6025985.964164765551686, 0.0 ], [ 533142.976078048348427, 6025991.562173713929951, 0.0 ], [ 533142.976078048348427, 6025991.562173713929951, 0.0 ] ], [ [ 533120.217073936015368, 6025963.175533906556666, 0.0 ], [ 533142.976078048348427, 6025991.562173713929951, 0.0 ] ], [ [ 533120.217073936015368, 6025963.175533906556666, 0.0 ], [ 533103.666272275149822, 6025974.585550537332892, 0.0 ], [ 533095.438371438533068, 6025980.349558103829622, 0.0 ], [ 533087.233470607548952, 6025986.141565308906138, 0.0 ], [ 533079.050569787621498, 6025991.96157216373831, 0.0 ], [ 533070.889668975025415, 6025997.809578665532172, 0.0 ], [ 533062.752768158912659, 6026003.686584793031216, 0.0 ], [ 533054.637867353856564, 6026009.591590569354594, 0.0 ], [ 533046.54496655613184, 6026015.524595992639661, 0.0 ], [ 533038.475065752863884, 6026021.485601059161127, 0.0 ], [ 533030.428164962679148, 6026027.475605756044388, 0.0 ], [ 533022.404264159500599, 6026033.492610102519393, 0.0 ], [ 533014.401363380253315, 6026039.538614097051322, 0.0 ], [ 533006.422462604939938, 6026045.612617725506425, 0.0 ], [ 532998.46556181460619, 6026051.714621002785861, 0.0 ], [ 532990.531661037355661, 6026057.844623919576406, 0.0 ], [ 532982.619760267436504, 6026064.002626485191286, 0.0 ], [ 532974.729859504848719, 6026070.188628698699176, 0.0 ], [ 532966.86395874992013, 6026076.40363053791225, 0.0 ], [ 532959.019057992845774, 6026082.645632037892938, 0.0 ], [ 532955.116107486188412, 6026085.769632644951344, 0.0 ], [ 532955.116107486188412, 6026085.769632644951344, 0.0 ], [ 532951.198157224804163, 6026088.916633168235421, 0.0 ], [ 532943.399256475269794, 6026095.215633942745626, 0.0 ], [ 532935.622355740517378, 6026101.542634368874133, 0.0 ], [ 532927.868454985320568, 6026107.89763443171978, 0.0 ], [ 532920.137554243206978, 6026114.280634137801826, 0.0 ], [ 532912.428653512150049, 6026120.692633484490216, 0.0 ], [ 532904.742752783000469, 6026127.132632472552359, 0.0 ], [ 532897.078852061182261, 6026133.599631114862859, 0.0 ], [ 532889.43795133009553, 6026140.095629390329123, 0.0 ], [ 532881.819050613790751, 6026146.619627315551043, 0.0 ], [ 532874.22314990311861, 6026153.172624872066081, 0.0 ], [ 532866.650249190628529, 6026159.752622078172863, 0.0 ], [ 532859.099348500370979, 6026166.361618923954666, 0.0 ], [ 532851.571447785943747, 6026172.998615411110222, 0.0 ], [ 532844.066547084599733, 6026179.663611539639533, 0.0 ], [ 532836.584646388888359, 6026186.357607303187251, 0.0 ], [ 532829.124745696783066, 6026193.079602712765336, 0.0 ], [ 532821.686845019459724, 6026199.82959776930511, 0.0 ], [ 532814.272944338619709, 6026206.608592454344034, 0.0 ], [ 532806.881043668836355, 6026213.415586786344647, 0.0 ], [ 532799.56414283066988, 6026220.286580159328878, 0.0 ], [ 532799.56414283066988, 6026220.286580159328878, 0.0 ] ], [ [ 533142.976078048348427, 6025991.562173713929951, 0.0 ], [ 533128.235276702791452, 6026005.229161703959107, 0.0 ], [ 533120.821376018226147, 6026012.008156388998032, 0.0 ], [ 533113.383475344628096, 6026018.758151446469128, 0.0 ], [ 533105.923574656248093, 6026025.480146855115891, 0.0 ], [ 533098.441673953086138, 6026032.174142616800964, 0.0 ], [ 533090.936773251742125, 6026038.839138745330274, 0.0 ], [ 533083.408872559666634, 6026045.476135233417153, 0.0 ], [ 533075.857971850782633, 6026052.085132080130279, 0.0 ], [ 533068.285071138292551, 6026058.666129277087748, 0.0 ], [ 533060.690170422196388, 6026065.219126828014851, 0.0 ], [ 533053.071269705891609, 6026071.743124751374125, 0.0 ], [ 533045.43036899343133, 6026078.239123028703034, 0.0 ], [ 533037.767468258738518, 6026084.708121648989618, 0.0 ], [ 533030.081567529588938, 6026091.148120637051761, 0.0 ], [ 533022.373666785657406, 6026097.559119985438883, 0.0 ], [ 533014.641766056418419, 6026103.943119688890874, 0.0 ], [ 533006.888865310698748, 6026110.299119739793241, 0.0 ], [ 532999.112964570522308, 6026116.626120158471167, 0.0 ], [ 532991.314063809812069, 6026122.925120933912694, 0.0 ], [ 532987.416113324463367, 6026126.0571214472875, 0.0 ], [ 532987.416113324463367, 6026126.0571214472875, 0.0 ], [ 532983.492163062095642, 6026129.196122068911791, 0.0 ], [ 532975.648262299597263, 6026135.439123556949198, 0.0 ], [ 532967.782361537218094, 6026141.654125396162271, 0.0 ], [ 532959.893460769206285, 6026147.841127595864236, 0.0 ], [ 532951.981559999287128, 6026153.999130158685148, 0.0 ], [ 532944.047659236937761, 6026160.130133069120347, 0.0 ], [ 532936.090758446604013, 6026166.232136345468462, 0.0 ], [ 532928.111857671290636, 6026172.306139974854887, 0.0 ], [ 532920.109956882894039, 6026178.352143961936235, 0.0 ], [ 532912.085056085139513, 6026184.369148315861821, 0.0 ], [ 532904.038155291229486, 6026190.35915301553905, 0.0 ], [ 532895.968254502862692, 6026196.320158081129193, 0.0 ], [ 532887.876353681087494, 6026202.253163496032357, 0.0 ], [ 532879.760452885180712, 6026208.157169286161661, 0.0 ], [ 532871.623552065342665, 6026214.034175416454673, 0.0 ], [ 532863.462651245296001, 6026219.882181917317212, 0.0 ], [ 532855.279750429093838, 6026225.702188771218061, 0.0 ], [ 532847.073849610984325, 6026231.493195991031826, 0.0 ], [ 532838.844948772341013, 6026237.256203570403159, 0.0 ], [ 532830.594047948718071, 6026242.991211503744125, 0.0 ], [ 532822.31314692273736, 6026248.660220127552748, 0.0 ], [ 532822.31314692273736, 6026248.660220127552748, 0.0 ] ], [ [ 532799.56414283066988, 6026220.286580159328878, 0.0 ], [ 532822.31314692273736, 6026248.660220127552748, 0.0 ] ], [ [ 532799.56414283066988, 6026220.286580159328878, 0.0 ], [ 532782.990339983254671, 6026231.482598570175469, 0.0 ], [ 532774.737438570708036, 6026237.121607249602675, 0.0 ], [ 532766.505537144839764, 6026242.787615587934852, 0.0 ], [ 532758.295635744929314, 6026248.481623575091362, 0.0 ], [ 532750.107734348624945, 6026254.202631218358874, 0.0 ], [ 532741.940832942724228, 6026259.950638524256647, 0.0 ], [ 532733.795931547880173, 6026265.725645482540131, 0.0 ], [ 532725.673030160367489, 6026271.527652097865939, 0.0 ], [ 532717.572128769010305, 6026277.357658360153437, 0.0 ], [ 532709.493227377533913, 6026283.213664286769927, 0.0 ], [ 532701.435326002538204, 6026289.097669865936041, 0.0 ], [ 532693.399424623697996, 6026295.00767510663718, 0.0 ], [ 532685.385523248463869, 6026300.94567999523133, 0.0 ], [ 532677.392621874809265, 6026306.909684553742409, 0.0 ], [ 532669.421720527112484, 6026312.901688758283854, 0.0 ], [ 532661.471819162368774, 6026318.920692627318203, 0.0 ], [ 532653.544917795807123, 6026324.965696150436997, 0.0 ], [ 532645.638016451150179, 6026331.038699336349964, 0.0 ], [ 532637.754115104675293, 6026337.138702169060707, 0.0 ], [ 532629.89121375605464, 6026343.265704662539065, 0.0 ], [ 532622.050312414765358, 6026349.41870681848377, 0.0 ], [ 532614.23041108250618, 6026355.599708632566035, 0.0 ], [ 532606.432509750127792, 6026361.806710105389357, 0.0 ], [ 532602.691557198762894, 6026364.801710681058466, 0.0 ], [ 532602.496559675782919, 6026364.957710712216794, 0.0 ], [ 532598.656608417630196, 6026368.041711227968335, 0.0 ], [ 532590.901707112789154, 6026374.303712011314929, 0.0 ], [ 532583.168805785477161, 6026380.591712456196547, 0.0 ], [ 532575.45790446177125, 6026386.907712548971176, 0.0 ], [ 532567.768003154546022, 6026393.249712309800088, 0.0 ], [ 532560.100101836025715, 6026399.61971172131598, 0.0 ], [ 532552.453200530260801, 6026406.015710800886154, 0.0 ], [ 532544.829299218952656, 6026412.43870952911675, 0.0 ], [ 532537.225397929549217, 6026418.889707919210196, 0.0 ], [ 532529.644496627151966, 6026425.366705962456763, 0.0 ], [ 532522.08459534496069, 6026431.871703661978245, 0.0 ], [ 532514.546694062650204, 6026438.402701020240784, 0.0 ], [ 532507.02979277446866, 6026444.961698037572205, 0.0 ], [ 532499.534891501069069, 6026451.547694706358016, 0.0 ], [ 532492.061990220099688, 6026458.159691040404141, 0.0 ], [ 532484.611088946461678, 6026464.799687021411955, 0.0 ], [ 532477.181187693029642, 6026471.466682664118707, 0.0 ], [ 532469.773286420851946, 6026478.160677962005138, 0.0 ], [ 532462.387385163456202, 6026484.881672915071249, 0.0 ], [ 532455.023483913391829, 6026491.630667513236403, 0.0 ], [ 532447.680582653731108, 6026498.405661783181131, 0.0 ], [ 532440.359681416302919, 6026505.208655699156225, 0.0 ], [ 532433.060780171304941, 6026512.038649272173643, 0.0 ], [ 532425.783878926187754, 6026518.895642498508096, 0.0 ], [ 532418.504977833479643, 6026525.77263558562845, 0.0 ], [ 532418.504977833479643, 6026525.77263558562845, 0.0 ] ], [ [ 532822.31314692273736, 6026248.660220127552748, 0.0 ], [ 532807.799344453960657, 6026262.425205938518047, 0.0 ], [ 532800.500443212687969, 6026269.255199511535466, 0.0 ], [ 532793.179541978985071, 6026276.058193428441882, 0.0 ], [ 532785.837640728801489, 6026282.834187683649361, 0.0 ], [ 532778.473739463835955, 6026289.583182283677161, 0.0 ], [ 532771.08783820644021, 6026296.304177234880626, 0.0 ], [ 532763.679936949163675, 6026302.999172526411712, 0.0 ], [ 532756.251035679131746, 6026309.666168162599206, 0.0 ], [ 532748.800134401768446, 6026316.306164144538343, 0.0 ], [ 532741.327233131974936, 6026322.919160468503833, 0.0 ], [ 532733.832331854850054, 6026329.505157139152288, 0.0 ], [ 532726.316430572420359, 6026336.064154149033129, 0.0 ], [ 532718.778529278934002, 6026342.595151508226991, 0.0 ], [ 532711.218627993017435, 6026349.10014920681715, 0.0 ], [ 532703.637726698070765, 6026355.578147243708372, 0.0 ], [ 532696.034825395792723, 6026362.028145634569228, 0.0 ], [ 532688.40992409735918, 6026368.452144360169768, 0.0 ], [ 532680.763022799044847, 6026374.849143433384597, 0.0 ], [ 532673.09512148424983, 6026381.218142852187157, 0.0 ], [ 532665.40622016787529, 6026387.561142600141466, 0.0 ], [ 532657.694318860769272, 6026393.877142699435353, 0.0 ], [ 532649.96141754463315, 6026400.165143145248294, 0.0 ], [ 532642.207516219466925, 6026406.427143921144307, 0.0 ], [ 532638.471563648432493, 6026409.428144419565797, 0.0 ], [ 532638.276566118001938, 6026409.584144449792802, 0.0 ], [ 532634.431614879518747, 6026412.66214504186064, 0.0 ], [ 532626.63371354341507, 6026418.869146515615284, 0.0 ], [ 532618.813812226057053, 6026425.050148327834904, 0.0 ], [ 532610.9729108735919, 6026431.204150478355587, 0.0 ], [ 532603.110009532421827, 6026437.331152971833944, 0.0 ], [ 532595.226108178496361, 6026443.430155812762678, 0.0 ], [ 532587.320206828415394, 6026449.503158989362419, 0.0 ], [ 532579.392305471003056, 6026455.549162512645125, 0.0 ], [ 532571.443404119461775, 6026461.568166375160217, 0.0 ], [ 532563.472502753138542, 6026467.559170589782298, 0.0 ], [ 532555.479601375758648, 6026473.524175140075386, 0.0 ], [ 532547.465700015425682, 6026479.462180028669536, 0.0 ], [ 532539.429798625409603, 6026485.372185270301998, 0.0 ], [ 532531.371897250413895, 6026491.256190848536789, 0.0 ], [ 532523.291995864361525, 6026497.112196779809892, 0.0 ], [ 532515.191094480454922, 6026502.942203043028712, 0.0 ], [ 532507.068193085491657, 6026508.744209658354521, 0.0 ], [ 532498.923291694372892, 6026514.519216619431973, 0.0 ], [ 532490.757390290498734, 6026520.267223916016519, 0.0 ], [ 532482.569488879293203, 6026525.987231565639377, 0.0 ], [ 532474.358587481081486, 6026531.681239558383822, 0.0 ], [ 532466.127686060965061, 6026537.347247893922031, 0.0 ], [ 532457.873784646391869, 6026542.98625657800585, 0.0 ], [ 532449.597883231937885, 6026548.598265608772635, 0.0 ], [ 532441.268981941044331, 6026554.165275316685438, 0.0 ], [ 532441.268981941044331, 6026554.165275316685438, 0.0 ] ], [ [ 532418.504977833479643, 6026525.77263558562845, 0.0 ], [ 532441.268981941044331, 6026554.165275316685438, 0.0 ] ], [ [ 532418.504977833479643, 6026525.77263558562845, 0.0 ], [ 532402.253173481673002, 6026537.12065081205219, 0.0 ], [ 532394.189271327108145, 6026542.870657455176115, 0.0 ], [ 532386.147369157522917, 6026548.649663737975061, 0.0 ], [ 532378.12746699899435, 6026554.455669674091041, 0.0 ], [ 532370.130564849823713, 6026560.29067524522543, 0.0 ], [ 532362.156662702560425, 6026566.153680458664894, 0.0 ], [ 532354.204760570079088, 6026572.044685317203403, 0.0 ], [ 532346.275858413428068, 6026577.963689817115664, 0.0 ], [ 532338.368956282734871, 6026583.910693965852261, 0.0 ], [ 532330.484054151922464, 6026589.885697761550546, 0.0 ], [ 532322.623152013868093, 6026595.888701193034649, 0.0 ], [ 532314.783249899744987, 6026601.920704269781709, 0.0 ], [ 532306.967347782105207, 6026607.979706990532577, 0.0 ], [ 532299.173445660620928, 6026614.067709348164499, 0.0 ], [ 532291.40154355764389, 6026620.18271136470139, 0.0 ], [ 532283.65264144167304, 6026626.3267130125314, 0.0 ], [ 532275.926739327609539, 6026632.497714310884476, 0.0 ], [ 532275.926739327609539, 6026632.497714310884476, 0.0 ], [ 532275.925739340484142, 6026632.498714307323098, 0.0 ], [ 532268.221837252378464, 6026638.698715245351195, 0.0 ], [ 532260.539935149252415, 6026644.926715829409659, 0.0 ], [ 532252.881033051759005, 6026651.181716064922512, 0.0 ], [ 532245.244130961596966, 6026657.46571593824774, 0.0 ], [ 532237.630228877067566, 6026663.7777154520154, 0.0 ], [ 532230.038326811045408, 6026670.118714607320726, 0.0 ], [ 532222.469424735754728, 6026676.486713409423828, 0.0 ], [ 532214.922522675246, 6026682.882711863145232, 0.0 ], [ 532207.398620598018169, 6026689.307709945365787, 0.0 ], [ 532199.89671853557229, 6026695.759707684628665, 0.0 ], [ 532192.417816482484341, 6026702.240705060772598, 0.0 ], [ 532184.961914423853159, 6026708.749702074564993, 0.0 ], [ 532177.528012383729219, 6026715.286698737181723, 0.0 ], [ 532170.117110323160887, 6026721.851695039309561, 0.0 ], [ 532162.728208281099796, 6026728.444690990261734, 0.0 ], [ 532155.362306244671345, 6026735.066686574369669, 0.0 ], [ 532148.018404211848974, 6026741.715681815519929, 0.0 ], [ 532140.765502031892538, 6026748.452675810083747, 0.0 ], [ 532140.765502031892538, 6026748.452675810083747, 0.0 ] ], [ [ 532441.268981941044331, 6026554.165275316685438, 0.0 ], [ 532426.626177877187729, 6026567.519265086390078, 0.0 ], [ 532419.260275844484568, 6026574.141260669566691, 0.0 ], [ 532411.871373806148767, 6026580.734256620518863, 0.0 ], [ 532404.460471767932177, 6026587.300252915360034, 0.0 ], [ 532397.026569720357656, 6026593.837249579839408, 0.0 ], [ 532389.570667661726475, 6026600.346246591769159, 0.0 ], [ 532382.091765590012074, 6026606.826243975199759, 0.0 ], [ 532374.589863546192646, 6026613.27924170717597, 0.0 ], [ 532367.065961468964815, 6026619.70423979125917, 0.0 ], [ 532359.520059391856194, 6026626.100238233804703, 0.0 ], [ 532351.951157335191965, 6026632.469237031415105, 0.0 ], [ 532344.359255243092775, 6026638.809236194007099, 0.0 ], [ 532336.745353158563375, 6026645.121235709637403, 0.0 ], [ 532329.109451066702604, 6026651.405235576443374, 0.0 ], [ 532321.449548982083797, 6026657.661235808394849, 0.0 ], [ 532313.768646899610758, 6026663.890236377716064, 0.0 ], [ 532306.065744765102863, 6026670.088237325660884, 0.0 ], [ 532306.065744765102863, 6026670.088237325660884, 0.0 ], [ 532306.064744800329208, 6026670.090237315744162, 0.0 ], [ 532298.337842684239149, 6026676.26123861875385, 0.0 ], [ 532290.588940571993589, 6026682.405240267515182, 0.0 ], [ 532282.817038469016552, 6026688.521242273971438, 0.0 ], [ 532275.023136351257563, 6026694.60924463532865, 0.0 ], [ 532267.207234222441912, 6026700.668247354216874, 0.0 ], [ 532259.368332106620073, 6026706.700250427238643, 0.0 ], [ 532251.506429977715015, 6026712.703253863379359, 0.0 ], [ 532243.622527856379747, 6026718.679257643409073, 0.0 ], [ 532235.715625714510679, 6026724.626261794008315, 0.0 ], [ 532227.78672357276082, 6026730.545266293920577, 0.0 ], [ 532219.834821429103613, 6026736.436271152459085, 0.0 ], [ 532211.859919298440218, 6026742.299276370555162, 0.0 ], [ 532203.864017121493816, 6026748.133281944319606, 0.0 ], [ 532195.844114974141121, 6026753.940287874080241, 0.0 ], [ 532187.802212812006474, 6026759.718294164165854, 0.0 ], [ 532179.737310644239187, 6026765.468300812877715, 0.0 ], [ 532171.649408482015133, 6026771.190307819284499, 0.0 ], [ 532163.529506154358387, 6026776.846315531991422, 0.0 ], [ 532163.529506154358387, 6026776.846315531991422, 0.0 ] ], [ [ 532140.765502031892538, 6026748.452675810083747, 0.0 ], [ 532163.529506154358387, 6026776.846315531991422, 0.0 ] ], [ [ 532140.765502031892538, 6026748.452675810083747, 0.0 ], [ 532124.0917016454041, 6026759.916692800819874, 0.0 ], [ 532115.787801373749971, 6026765.675700880587101, 0.0 ], [ 532107.505901105701923, 6026771.462708609178662, 0.0 ], [ 532099.246000833809376, 6026777.277715982869267, 0.0 ], [ 532091.009100571274757, 6026783.120723002590239, 0.0 ], [ 532082.794200304895639, 6026788.990729675628245, 0.0 ], [ 532074.60230004414916, 6026794.888735987246037, 0.0 ], [ 532066.431399807333946, 6026800.814741955138743, 0.0 ], [ 532058.283499546349049, 6026806.767747570760548, 0.0 ], [ 532050.15859929472208, 6026812.748752826824784, 0.0 ], [ 532042.055699050426483, 6026818.757757734507322, 0.0 ], [ 532033.97379881516099, 6026824.793762299232185, 0.0 ], [ 532025.915898568928242, 6026830.857766499742866, 0.0 ], [ 532017.878998339176178, 6026836.949770355597138, 0.0 ], [ 532009.865098115056753, 6026843.068773860111833, 0.0 ], [ 532001.872197881340981, 6026849.215777018107474, 0.0 ], [ 531993.902297668159008, 6026855.389779825694859, 0.0 ], [ 531985.955397441983223, 6026861.591782272793353, 0.0 ], [ 531978.029497217386961, 6026867.821784374304116, 0.0 ], [ 531970.126596994698048, 6026874.078786125406623, 0.0 ], [ 531962.244696795940399, 6026880.362787537276745, 0.0 ], [ 531960.301721446216106, 6026881.919787825085223, 0.0 ], [ 531955.234785784035921, 6026885.990788494236767, 0.0 ], [ 531954.385796587914228, 6026886.674788589589298, 0.0 ], [ 531946.548896372318268, 6026893.014789293520153, 0.0 ], [ 531938.734996162354946, 6026899.381789643317461, 0.0 ], [ 531930.942095972597599, 6026905.775789655745029, 0.0 ], [ 531923.172195766121149, 6026912.198789297603071, 0.0 ], [ 531915.424295570701361, 6026918.64778860565275, 0.0 ], [ 531907.698395386338234, 6026925.125787555240095, 0.0 ], [ 531899.994495198130608, 6026931.629786164499819, 0.0 ], [ 531892.312595017254353, 6026938.162784414365888, 0.0 ], [ 531884.653694838285446, 6026944.722782315686345, 0.0 ], [ 531877.01679465174675, 6026951.309779870323837, 0.0 ], [ 531869.401894491165876, 6026957.924777070991695, 0.0 ], [ 531861.808994315564632, 6026964.566773928701878, 0.0 ], [ 531854.23809415102005, 6026971.237770425155759, 0.0 ], [ 531846.690193977206945, 6026977.93476658128202, 0.0 ], [ 531839.164293818175793, 6026984.660762374289334, 0.0 ], [ 531831.660393666476011, 6026991.413757822476327, 0.0 ], [ 531824.17849350720644, 6026998.193752925843, 0.0 ], [ 531816.719593353569508, 6027005.001747673377395, 0.0 ], [ 531809.282693214714527, 6027011.83774206507951, 0.0 ], [ 531801.867793060839176, 6027018.70173610560596, 0.0 ], [ 531794.474892921745777, 6027025.592729801312089, 0.0 ], [ 531787.104992795735598, 6027032.511723138391972, 0.0 ], [ 531779.757092658430338, 6027039.458716122433543, 0.0 ], [ 531772.432192519307137, 6027046.433708747848868, 0.0 ], [ 531765.196292370557785, 6027053.513700010254979, 0.0 ], [ 531765.196292370557785, 6027053.513700010254979, 0.0 ] ], [ [ 532163.529506154358387, 6026776.846315531991422, 0.0 ], [ 532148.86670583486557, 6026790.772301048971713, 0.0 ], [ 532141.489805713295937, 6026797.684294484555721, 0.0 ], [ 532134.091905575245619, 6026804.569288256578147, 0.0 ], [ 532126.670005425810814, 6026811.425282402895391, 0.0 ], [ 532119.227105278521776, 6026818.254276886582375, 0.0 ], [ 532111.76120513305068, 6026825.055271727964282, 0.0 ], [ 532104.272304989397526, 6026831.828266930766404, 0.0 ], [ 532096.762404825538397, 6026838.573262478224933, 0.0 ], [ 532089.2295046672225, 6026845.291258377954364, 0.0 ], [ 532081.674604505300522, 6026851.981254627928138, 0.0 ], [ 532074.096704352647066, 6026858.643251238390803, 0.0 ], [ 532066.497804183512926, 6026865.278248186223209, 0.0 ], [ 532058.875904005020857, 6026871.885245493613183, 0.0 ], [ 532051.232003830373287, 6026878.465243146754801, 0.0 ], [ 532043.565103653818369, 6026885.016241163946688, 0.0 ], [ 532035.877203468233347, 6026891.540239522233605, 0.0 ], [ 532028.166303288191557, 6026898.037238229066133, 0.0 ], [ 532020.433403100818396, 6026904.506237290799618, 0.0 ], [ 532012.678502906113863, 6026910.947236702777445, 0.0 ], [ 532004.901602707803249, 6026917.361236460506916, 0.0 ], [ 531997.101702515035868, 6026923.747236579656601, 0.0 ], [ 531989.280802316963673, 6026930.106237032450736, 0.0 ], [ 531981.436902098357677, 6026936.437237847596407, 0.0 ], [ 531980.98490783944726, 6026936.800237908959389, 0.0 ], [ 531978.060944963246584, 6026939.148238303139806, 0.0 ], [ 531973.571001891046762, 6026942.741239008493721, 0.0 ], [ 531965.683101687580347, 6026949.017240518704057, 0.0 ], [ 531957.773201465606689, 6026955.265242380090058, 0.0 ], [ 531949.841301243752241, 6026961.486244589090347, 0.0 ], [ 531941.886401023715734, 6026967.679247156716883, 0.0 ], [ 531933.909500796347857, 6026973.845250068232417, 0.0 ], [ 531925.911600545048714, 6026979.983253327198327, 0.0 ], [ 531917.890700317919254, 6026986.09425693564117, 0.0 ], [ 531909.846800085157156, 6026992.177260905504227, 0.0 ], [ 531901.781899832189083, 6026998.232265219092369, 0.0 ], [ 531893.694999594241381, 6027004.260269877500832, 0.0 ], [ 531885.585099346935749, 6027010.260274895466864, 0.0 ], [ 531877.453199084848166, 6027016.233280258253217, 0.0 ], [ 531869.299298830330372, 6027022.17828597407788, 0.0 ], [ 531861.122398570179939, 6027028.095292046666145, 0.0 ], [ 531852.924498312175274, 6027033.985298460349441, 0.0 ], [ 531844.703598044812679, 6027039.847305230796337, 0.0 ], [ 531836.460697770118713, 6027045.681312354281545, 0.0 ], [ 531828.194797500967979, 6027051.487319835461676, 0.0 ], [ 531819.906897224485874, 6027057.266327663324773, 0.0 ], [ 531811.596996940672398, 6027063.017335842363536, 0.0 ], [ 531803.265096668154001, 6027068.741344368085265, 0.0 ], [ 531794.910196378827095, 6027074.436353257857263, 0.0 ], [ 531786.464296206831932, 6027080.039363425225019, 0.0 ], [ 531786.464296206831932, 6027080.039363425225019, 0.0 ] ], [ [ 531765.196292370557785, 6027053.513700010254979, 0.0 ], [ 531786.464296206831932, 6027080.039363425225019, 0.0 ] ], [ [ 531765.196292370557785, 6027053.513700010254979, 0.0 ], [ 531748.598488513380289, 6027064.519720027223229, 0.0 ], [ 531740.360586665570736, 6027070.107729001902044, 0.0 ], [ 531732.144684810191393, 6027075.723737625405192, 0.0 ], [ 531723.950782965868711, 6027081.367745894938707, 0.0 ], [ 531715.778881132602692, 6027087.039753812365234, 0.0 ], [ 531707.62997929751873, 6027092.739761371165514, 0.0 ], [ 531699.50307746976614, 6027098.467768576927483, 0.0 ], [ 531691.399175655096769, 6027104.223775424994528, 0.0 ], [ 531683.316273842006922, 6027110.007781926542521, 0.0 ], [ 531675.256372012197971, 6027115.818788075819612, 0.0 ], [ 531667.218470200896263, 6027121.657793872058392, 0.0 ], [ 531659.202568404376507, 6027127.524799318984151, 0.0 ], [ 531651.208666615188122, 6027133.419804411940277, 0.0 ], [ 531643.237764809280634, 6027139.342809146270156, 0.0 ], [ 531635.288863021880388, 6027145.293813525699079, 0.0 ], [ 531627.360961239784956, 6027151.27181757055223, 0.0 ], [ 531619.456059459596872, 6027157.277821253985167, 0.0 ], [ 531611.57315769046545, 6027163.311824585311115, 0.0 ], [ 531603.713255908340216, 6027169.372827568091452, 0.0 ], [ 531595.874354146420956, 6027175.461830202490091, 0.0 ], [ 531588.058452390134335, 6027181.578832477331161, 0.0 ], [ 531580.263550642877817, 6027187.723834408447146, 0.0 ], [ 531572.491648886352777, 6027193.896835977211595, 0.0 ], [ 531571.279664229601622, 6027194.862836197018623, 0.0 ], [ 531566.204728581011295, 6027198.922837001271546, 0.0 ], [ 531564.741747137159109, 6027200.09683720394969, 0.0 ], [ 531557.013845395296812, 6027206.324838077649474, 0.0 ], [ 531549.308943666517735, 6027212.580838592723012, 0.0 ], [ 531541.625041924417019, 6027218.863838768564165, 0.0 ], [ 531533.964140195399523, 6027225.174838586710393, 0.0 ], [ 531526.324238486588001, 6027231.513838059268892, 0.0 ], [ 531518.707336761057377, 6027237.880837170407176, 0.0 ], [ 531511.112435057759285, 6027244.274835939519107, 0.0 ], [ 531503.539533354341984, 6027250.697834346443415, 0.0 ], [ 531495.98963164165616, 6027257.147832403890789, 0.0 ], [ 531488.460729945451021, 6027263.625830112956464, 0.0 ], [ 531480.954828258603811, 6027270.131827465258539, 0.0 ], [ 531473.470926560461521, 6027276.664824472740293, 0.0 ], [ 531466.009024884551764, 6027283.226821119897068, 0.0 ], [ 531458.570123195648193, 6027289.815817416645586, 0.0 ], [ 531451.152221538126469, 6027296.432813365012407, 0.0 ], [ 531443.757319860160351, 6027303.077808955684304, 0.0 ], [ 531436.385418187826872, 6027309.750804187729955, 0.0 ], [ 531429.034516543149948, 6027316.452799065969884, 0.0 ], [ 531421.706614885479212, 6027323.181793591938913, 0.0 ], [ 531414.401713244616985, 6027329.938787762075663, 0.0 ], [ 531407.024811737239361, 6027336.633782858029008, 0.0 ], [ 531407.024811737239361, 6027336.633782858029008, 0.0 ] ], [ [ 531786.464296206831932, 6027080.039363425225019, 0.0 ], [ 531771.990493033081293, 6027093.740349477156997, 0.0 ], [ 531764.692591391503811, 6027100.508343515917659, 0.0 ], [ 531757.37168974801898, 6027107.249337906949222, 0.0 ], [ 531750.028788104653358, 6027113.961332659237087, 0.0 ], [ 531742.662886466830969, 6027120.645327768288553, 0.0 ], [ 531735.274984806776047, 6027127.30232322588563, 0.0 ], [ 531727.865083146840334, 6027133.93031903821975, 0.0 ], [ 531720.433181494474411, 6027140.531315200962126, 0.0 ], [ 531712.978279829025269, 6027147.104311717674136, 0.0 ], [ 531705.501378152519464, 6027153.649308589287102, 0.0 ], [ 531698.00247648358345, 6027160.166305813007057, 0.0 ], [ 531690.481574784964323, 6027166.655303388834, 0.0 ], [ 531682.937673110514879, 6027173.117301315069199, 0.0 ], [ 531675.371771417558193, 6027179.550299602560699, 0.0 ], [ 531667.783869732171297, 6027185.956298235803843, 0.0 ], [ 531660.173968032002449, 6027192.334297218360007, 0.0 ], [ 531652.541066341102123, 6027198.685296555049717, 0.0 ], [ 531644.886164624243975, 6027205.007296252064407, 0.0 ], [ 531637.209262914955616, 6027211.302296292036772, 0.0 ], [ 531629.510361198335886, 6027217.569296685047448, 0.0 ], [ 531621.789459485560656, 6027223.809297423809767, 0.0 ], [ 531617.614512491971254, 6027227.163297975435853, 0.0 ], [ 531614.492552105337381, 6027229.664298444055021, 0.0 ], [ 531614.046557743102312, 6027230.020298520103097, 0.0 ], [ 531606.280656021088362, 6027236.204299969598651, 0.0 ], [ 531598.49275429546833, 6027242.360301771201193, 0.0 ], [ 531590.682852562516928, 6027248.489303917624056, 0.0 ], [ 531582.850950803607702, 6027254.589306423440576, 0.0 ], [ 531574.996049072593451, 6027260.662309280596673, 0.0 ], [ 531567.120147302746773, 6027266.70731248613447, 0.0 ], [ 531559.221245560795069, 6027272.725316038355231, 0.0 ], [ 531551.300343789160252, 6027278.714319954626262, 0.0 ], [ 531543.357442025095224, 6027284.676324213854969, 0.0 ], [ 531535.391540259122849, 6027290.610328832641244, 0.0 ], [ 531527.404638476669788, 6027296.51633379701525, 0.0 ], [ 531519.39473669603467, 6027302.394339120946825, 0.0 ], [ 531511.361834924668074, 6027308.245344796217978, 0.0 ], [ 531503.307933136820793, 6027314.068350816145539, 0.0 ], [ 531495.231031350791454, 6027319.862357202917337, 0.0 ], [ 531487.132129553705454, 6027325.629363935440779, 0.0 ], [ 531479.011227741837502, 6027331.368371019139886, 0.0 ], [ 531470.867325946688652, 6027337.07937846146524, 0.0 ], [ 531462.70142412930727, 6027342.762386258691549, 0.0 ], [ 531454.51252232119441, 6027348.41739441268146, 0.0 ], [ 531446.302620496600866, 6027354.045402904972434, 0.0 ], [ 531438.068718690425158, 6027359.644411771558225, 0.0 ], [ 531429.789816841483116, 6027365.185421361587942, 0.0 ], [ 531429.789816841483116, 6027365.185421361587942, 0.0 ] ], [ [ 531407.024811737239361, 6027336.633782858029008, 0.0 ], [ 531429.789816841483116, 6027365.185421361587942, 0.0 ] ], [ [ 531407.024811737239361, 6027336.633782858029008, 0.0 ], [ 531389.998010396957397, 6027347.515806515701115, 0.0 ], [ 531381.579109873622656, 6027353.095816688612103, 0.0 ], [ 531373.187209360301495, 6027358.709826431237161, 0.0 ], [ 531364.822308849543333, 6027364.357835745438933, 0.0 ], [ 531356.484408352524042, 6027370.038844637572765, 0.0 ], [ 531348.172507848590612, 6027375.75385310407728, 0.0 ], [ 531339.886607363820076, 6027381.501861156895757, 0.0 ], [ 531331.628706879913807, 6027387.283868771977723, 0.0 ], [ 531323.395806416869164, 6027393.099875970743597, 0.0 ], [ 531315.190905943512917, 6027398.94788274820894, 0.0 ], [ 531307.012005485594273, 6027404.830889095552266, 0.0 ], [ 531298.859105039387941, 6027410.746895026415586, 0.0 ], [ 531290.73320459201932, 6027416.695900535210967, 0.0 ], [ 531282.633304160088301, 6027422.678905621170998, 0.0 ], [ 531274.560403738170862, 6027428.69591027405113, 0.0 ], [ 531266.514503322541714, 6027434.74591450765729, 0.0 ], [ 531258.494602899998426, 6027440.828918324783444, 0.0 ], [ 531250.500702492892742, 6027446.945921720005572, 0.0 ], [ 531242.533802099525928, 6027453.096924683079123, 0.0 ], [ 531234.593901712447405, 6027459.279927233234048, 0.0 ], [ 531226.680001322180033, 6027465.497929351404309, 0.0 ], [ 531223.470041818916798, 6027468.034930096939206, 0.0 ], [ 531218.79310093447566, 6027471.747931055724621, 0.0 ], [ 531217.402118537575006, 6027472.855931313708425, 0.0 ], [ 531210.932200584560633, 6027478.032932327128947, 0.0 ], [ 531203.097300209105015, 6027484.349933192133904, 0.0 ], [ 531195.289399858564138, 6027490.701933620497584, 0.0 ], [ 531187.508499510586262, 6027497.086933623999357, 0.0 ], [ 531179.753599181771278, 6027503.504933211952448, 0.0 ], [ 531172.025698848068714, 6027509.956932374276221, 0.0 ], [ 531164.323798522353172, 6027516.441931115463376, 0.0 ], [ 531156.64889819175005, 6027522.960929430089891, 0.0 ], [ 531149.000997882336378, 6027529.513927314430475, 0.0 ], [ 531141.379097580909729, 6027536.099924782291055, 0.0 ], [ 531133.78419728577137, 6027542.719921819865704, 0.0 ], [ 531126.215296998620033, 6027549.372918443754315, 0.0 ], [ 531118.673396725207567, 6027556.059914636425674, 0.0 ], [ 531111.158496450632811, 6027562.780910397879779, 0.0 ], [ 531103.670596167445183, 6027569.53490573912859, 0.0 ], [ 531096.208695918321609, 6027576.323900648392737, 0.0 ], [ 531088.773795679211617, 6027583.145895133726299, 0.0 ], [ 531081.364895429462194, 6027590.001889200881124, 0.0 ], [ 531073.98399518802762, 6027596.890882833860815, 0.0 ], [ 531066.629094962030649, 6027603.814876039512455, 0.0 ], [ 531059.302194740623236, 6027610.771868815645576, 0.0 ], [ 531052.001294519752264, 6027617.763861159794033, 0.0 ], [ 531044.727394316345453, 6027624.788853080943227, 0.0 ], [ 531036.427510403096676, 6027633.158841155469418, 0.0 ], [ 531036.427510403096676, 6027633.158841155469418, 0.0 ] ], [ [ 531429.789816841483116, 6027365.185421361587942, 0.0 ], [ 531415.387015897780657, 6027379.328403585590422, 0.0 ], [ 531408.118115592747927, 6027386.344395545311272, 0.0 ], [ 531400.823215287178755, 6027393.328387913294137, 0.0 ], [ 531393.500314977020025, 6027400.27738072630018, 0.0 ], [ 531386.151414673775434, 6027407.194373947568238, 0.0 ], [ 531378.774514358490705, 6027414.077367601916194, 0.0 ], [ 531371.370614033192396, 6027420.926361689344049, 0.0 ], [ 531363.940713703632355, 6027427.742356189526618, 0.0 ], [ 531356.482813391834497, 6027434.525351121090353, 0.0 ], [ 531348.997913055121899, 6027441.274346482008696, 0.0 ], [ 531341.486012727022171, 6027447.990342264063656, 0.0 ], [ 531333.947112400084734, 6027454.67233847733587, 0.0 ], [ 531326.382212061434984, 6027461.322335094213486, 0.0 ], [ 531318.789311710745096, 6027467.937332159839571, 0.0 ], [ 531311.16941137611866, 6027474.52032963745296, 0.0 ], [ 531303.522511038929224, 6027481.069327546283603, 0.0 ], [ 531295.848610688000917, 6027487.585325876250863, 0.0 ], [ 531288.148710329085588, 6027494.067324630916119, 0.0 ], [ 531280.420809980481863, 6027500.516323812305927, 0.0 ], [ 531272.665909633040428, 6027506.932323417626321, 0.0 ], [ 531264.8850092664361, 6027513.314323446713388, 0.0 ], [ 531257.076108898967505, 6027519.663323901593685, 0.0 ], [ 531256.666114129126072, 6027519.995323937386274, 0.0 ], [ 531249.241208530962467, 6027525.97932477388531, 0.0 ], [ 531243.412282422184944, 6027530.641325704753399, 0.0 ], [ 531241.378308158367872, 6027532.2613260820508, 0.0 ], [ 531233.488407790660858, 6027538.510327812284231, 0.0 ], [ 531225.572507418692112, 6027544.726329958066344, 0.0 ], [ 531217.628607038408518, 6027550.908332541584969, 0.0 ], [ 531209.657706670463085, 6027557.057335545308888, 0.0 ], [ 531201.660806272178888, 6027563.172338973730803, 0.0 ], [ 531193.635905895382166, 6027569.254342827945948, 0.0 ], [ 531185.584005497395992, 6027575.302347115240991, 0.0 ], [ 531177.50510511174798, 6027581.317351823672652, 0.0 ], [ 531169.399204712361097, 6027587.299356954172254, 0.0 ], [ 531161.266304306685925, 6027593.246362524107099, 0.0 ], [ 531153.106403909623623, 6027599.161368505097926, 0.0 ], [ 531144.918503507971764, 6027605.042374924756587, 0.0 ], [ 531136.704603098332882, 6027610.889381765387952, 0.0 ], [ 531128.462702680379152, 6027616.702389040961862, 0.0 ], [ 531120.193802271038294, 6027622.482396743260324, 0.0 ], [ 531111.896901860833168, 6027628.22940487228334, 0.0 ], [ 531103.574001435190439, 6027633.941413431428373, 0.0 ], [ 531095.223101016134024, 6027639.620422420091927, 0.0 ], [ 531086.845200590789318, 6027645.265431836247444, 0.0 ], [ 531078.439300175756216, 6027650.87644169293344, 0.0 ], [ 531071.013384018093348, 6027655.178455408662558, 0.0 ], [ 531071.013384018093348, 6027655.178455408662558, 0.0 ] ], [ [ 531036.427510403096676, 6027633.158841155469418, 0.0 ], [ 531071.013384018093348, 6027655.178455408662558, 0.0 ] ], [ [ 547160.380268041044474, 6015876.261546987108886, 0.0 ], [ 547332.129383832216263, 6015944.757944046519697, 0.0 ], [ 547540.642044559121132, 6016144.815103343687952, 0.0 ], [ 547703.266379665583372, 6016396.324157088063657, 0.0 ], [ 547847.997678715735674, 6016620.29353397898376, 0.0 ], [ 548111.342519093304873, 6016915.765618658624589, 0.0 ], [ 548408.59233833104372, 6017249.183199983090162, 0.0 ], [ 548577.202236142009497, 6017438.362693151459098, 0.0 ], [ 548701.703176695853472, 6017739.818604089319706, 0.0 ], [ 548825.694113411009312, 6018040.039527680724859, 0.0 ], [ 548984.02830957993865, 6018423.416599160060287, 0.0 ], [ 548823.56693447753787, 6018645.817904917523265, 0.0 ], [ 548660.426603205502033, 6018871.932199080474675, 0.0 ], [ 548432.547330971807241, 6019187.776213143020868, 0.0 ], [ 548283.839763563126326, 6019393.880569796077907, 0.0 ], [ 548212.697808906435966, 6019792.059969292022288, 0.0 ], [ 548144.932710479944944, 6020171.461491288617253, 0.0 ], [ 548074.598721377551556, 6020565.138920161873102, 0.0 ], [ 547877.522818505764008, 6020818.110221927054226, 0.0 ], [ 547687.772800516337156, 6021061.67954963631928, 0.0 ], [ 547447.041583683341742, 6021370.686696744523942, 0.0 ], [ 547220.726140301674604, 6021661.187894935719669, 0.0 ], [ 546949.684498123824596, 6021706.324251865036786, 0.0 ], [ 546513.322294007986784, 6021778.977436551824212, 0.0 ], [ 546171.244269832968712, 6021835.951149052940309, 0.0 ], [ 545784.615632653236389, 6021900.257085256278515, 0.0 ], [ 545406.43812470883131, 6021995.43573210388422, 0.0 ], [ 544938.573444932699203, 6022113.186769510619342, 0.0 ], [ 544616.341420397162437, 6022194.286172724328935, 0.0 ], [ 544246.739833272993565, 6022287.306782226078212, 0.0 ], [ 543848.332512121647596, 6022387.576517171226442, 0.0 ], [ 543379.137844625860453, 6022505.662560367956758, 0.0 ], [ 542984.213491339236498, 6022605.056280142627656, 0.0 ], [ 542590.456127263605595, 6022704.156994826160371, 0.0 ], [ 542155.84414042159915, 6022813.538887429051101, 0.0 ], [ 541766.04573979601264, 6022911.642584880813956, 0.0 ], [ 541313.697916727513075, 6023025.488554716110229, 0.0 ], [ 540928.383516605943441, 6023288.351963067427278, 0.0 ], [ 540639.822961434721947, 6023485.209268882870674, 0.0 ], [ 540253.445577390491962, 6023590.121892739087343, 0.0 ], [ 539905.620391007512808, 6023773.481674084439874, 0.0 ], [ 539474.458118349313736, 6024000.773642634041607, 0.0 ], [ 539129.104904852807522, 6024182.830418425612152, 0.0 ], [ 538713.718459222465754, 6024401.806351534090936, 0.0 ], [ 538337.184587609022856, 6024600.300197368487716, 0.0 ], [ 537920.966151095926762, 6024819.714132352732122, 0.0 ], [ 537562.693552851676941, 6024924.767578605562449, 0.0 ], [ 537124.261715702712536, 6025053.326348437927663, 0.0 ], [ 536711.811182968318462, 6025102.797560356557369, 0.0 ], [ 536226.858259733766317, 6025160.965161093510687, 0.0 ], [ 535857.672363307327032, 6025205.247140988707542, 0.0 ], [ 535418.104310639202595, 6025298.108191155828536, 0.0 ], [ 535024.000849712640047, 6025381.365029273554683, 0.0 ], [ 534630.510383263230324, 6025464.492864524014294, 0.0 ], [ 534242.129870936274529, 6025546.540675948373973, 0.0 ], [ 533858.756313640624285, 6025627.530464021489024, 0.0 ], [ 533467.95982301235199, 6025710.088286717422307, 0.0 ], [ 533132.769076216965914, 6025978.832335246726871, 0.0 ], [ 532812.105145085602999, 6026235.92938167322427, 0.0 ], [ 532431.061980113387108, 6026541.435436847619712, 0.0 ], [ 532153.322504315525293, 6026764.116477063857019, 0.0 ], [ 531775.830294288694859, 6027066.776531715877354, 0.0 ], [ 531419.620814573019743, 6027352.431582839228213, 0.0 ], [ 531053.720447219908237, 6027644.168648282065988, 0.0 ] ], [ [ 527464.70209102705121, 6045277.966994863003492, 0.0 ], [ 527444.696406591683626, 6045269.006220364943147, 0.0 ] ], [ [ 527465.430938299745321, 6045276.339781901799142, 0.0 ], [ 527485.536099012941122, 6045285.345112959854305, 0.0 ] ], [ [ 527295.032052453607321, 6045656.769436004571617, 0.0 ], [ 527271.232578672468662, 6045646.109383594244719, 0.0 ] ], [ [ 527295.031234908849001, 6045656.771261258982122, 0.0 ], [ 527318.830708704888821, 6045667.431313668377697, 0.0 ] ], [ [ 527100.58624504134059, 6046090.886470121331513, 0.0 ], [ 527076.838795308023691, 6046080.249708525836468, 0.0 ] ], [ [ 527111.088110540062189, 6046067.44018707703799, 0.0 ], [ 527133.020346499979496, 6046077.263893108814955, 0.0 ] ], [ [ 526927.140672039240599, 6046478.118398033082485, 0.0 ], [ 526899.983642295002937, 6046465.954466589726508, 0.0 ] ], [ [ 526927.140672039240599, 6046478.118398033082485, 0.0 ], [ 526950.915507595986128, 6046488.767407610081136, 0.0 ] ], [ [ 526745.340240862220526, 6046884.003962503746152, 0.0 ], [ 526720.305982794612646, 6046872.790837599895895, 0.0 ] ], [ [ 526745.237638168036938, 6046884.233031761832535, 0.0 ], [ 526766.850459411740303, 6046893.91365674789995, 0.0 ] ], [ [ 526571.881664421409369, 6047271.264331091195345, 0.0 ], [ 526546.17296439409256, 6047259.749145074747503, 0.0 ] ], [ [ 526563.028011113405228, 6047291.030917324125767, 0.0 ], [ 526586.875864882022142, 6047301.712611530907452, 0.0 ] ], [ [ 527869.645455729216337, 6041813.96179772913456, 0.0 ], [ 527839.070426136255264, 6041811.088259902782738, 0.0 ] ], [ [ 527871.45379152148962, 6041794.720735473558307, 0.0 ], [ 527900.080422110855579, 6041797.411156613379717, 0.0 ] ], [ [ 527825.487905137240887, 6042266.491870569065213, 0.0 ], [ 527798.566153191030025, 6042263.742340818978846, 0.0 ] ], [ [ 527825.468702532351017, 6042266.679891082458198, 0.0 ], [ 527848.649940565228462, 6042269.047400587238371, 0.0 ] ], [ [ 527780.165198151022196, 6042710.263915492221713, 0.0 ], [ 527750.268940985202789, 6042707.210606743581593, 0.0 ] ], [ [ 527780.165299754589796, 6042710.262920674867928, 0.0 ], [ 527806.380731970071793, 6042712.94030627887696, 0.0 ] ], [ [ 527734.502355225384235, 6043157.367374809458852, 0.0 ], [ 527707.329910159111023, 6043154.592233220115304, 0.0 ] ], [ [ 527734.502355225384235, 6043157.367374809458852, 0.0 ], [ 527757.934286516159773, 6043159.760495003312826, 0.0 ] ], [ [ 527692.215001545846462, 6043571.419240074232221, 0.0 ], [ 527664.608816422522068, 6043568.599797806702554, 0.0 ] ], [ [ 527692.215001545846462, 6043571.419240074232221, 0.0 ], [ 527716.090621117502451, 6043573.857676629908383, 0.0 ] ], [ [ 527649.83566015213728, 6043986.36981051042676, 0.0 ], [ 527622.756727609783411, 6043983.604225960560143, 0.0 ] ], [ [ 527647.402819529175758, 6044010.190715725533664, 0.0 ], [ 527672.533899396657944, 6044012.757365134544671, 0.0 ] ], [ [ 527603.414909847080708, 6044440.894146177917719, 0.0 ], [ 527580.099371306598186, 6044438.512922249734402, 0.0 ] ], [ [ 527603.440310120582581, 6044440.645441791974008, 0.0 ], [ 527626.754853829741478, 6044443.026564120315015, 0.0 ] ], [ [ 527557.925019152462482, 6044886.30572394747287, 0.0 ], [ 527531.685713101178408, 6044883.625881306827068, 0.0 ] ], [ [ 527557.772718418389559, 6044887.796955362893641, 0.0 ], [ 527584.122449208050966, 6044890.488075776025653, 0.0 ] ], [ [ 526436.316470734775066, 6047688.285457729361951, 0.0 ], [ 526413.348277702927589, 6047684.404189545661211, 0.0 ] ], [ [ 526436.060540974140167, 6047689.799974109046161, 0.0 ], [ 526458.933090712875128, 6047693.665080062113702, 0.0 ] ], [ [ 526372.864160384982824, 6048063.778390750288963, 0.0 ], [ 526350.769576255232096, 6048060.044742706231773, 0.0 ] ], [ [ 526372.905815675854683, 6048063.531887449324131, 0.0 ], [ 526395.00730188190937, 6048067.266701841726899, 0.0 ] ], [ [ 526306.520376764237881, 6048456.380270539782941, 0.0 ], [ 526282.205289971083403, 6048452.271397084929049, 0.0 ] ], [ [ 526311.217422287911177, 6048428.584556974470615, 0.0 ], [ 526333.528930157423019, 6048432.354856591671705, 0.0 ] ], [ [ 526256.916450973600149, 6048749.922009949572384, 0.0 ], [ 526233.312277290970087, 6048745.93328508362174, 0.0 ] ], [ [ 526256.916450973600149, 6048749.922009949572384, 0.0 ], [ 526276.666298482567072, 6048753.259415818378329, 0.0 ] ], [ [ 526201.851664293557405, 6049075.781367952004075, 0.0 ], [ 526175.703578788787127, 6049071.362744770012796, 0.0 ] ], [ [ 526198.153677076101303, 6049097.664946136064827, 0.0 ], [ 526222.194652263075113, 6049101.727500170469284, 0.0 ] ], [ [ 526217.0085907317698, 6049465.069690496660769, 0.0 ], [ 526195.335539352148771, 6049472.174318866804242, 0.0 ] ], [ [ 526206.981495533138514, 6049434.481496718712151, 0.0 ], [ 526226.507956989109516, 6049428.080540548078716, 0.0 ] ], [ [ 526317.095839541405439, 6049770.390959341078997, 0.0 ], [ 526290.925305895507336, 6049778.969901042059064, 0.0 ] ], [ [ 526317.096151042729616, 6049770.391909580677748, 0.0 ], [ 526339.699487298727036, 6049762.982328003272414, 0.0 ] ], [ [ 526451.776642814278603, 6050181.242151000536978, 0.0 ], [ 526424.345142144709826, 6050190.234449038282037, 0.0 ] ], [ [ 526458.533949222415686, 6050201.855686546303332, 0.0 ], [ 526484.145742133259773, 6050193.459905439056456, 0.0 ] ], [ [ 526607.434783965349197, 6050656.058482276275754, 0.0 ], [ 526582.045646335929632, 6050664.382286926731467, 0.0 ] ], [ [ 526599.569553390145302, 6050632.068080029450357, 0.0 ], [ 526623.120950374752283, 6050624.346776900812984, 0.0 ] ], [ [ 526725.885675083845854, 6051017.35394218377769, 0.0 ], [ 526701.110377844423056, 6051025.476476339623332, 0.0 ] ], [ [ 526725.885363556444645, 6051017.35299195535481, 0.0 ], [ 526747.048843797296286, 6051010.414585146121681, 0.0 ] ], [ [ 526836.096906844526529, 6051353.519175297580659, 0.0 ], [ 526811.990566615015268, 6051361.422381838783622, 0.0 ] ], [ [ 526836.096906844526529, 6051353.519175297580659, 0.0 ], [ 526856.565773379057646, 6051346.808505891822278, 0.0 ] ], [ [ 526959.996807221323252, 6051731.437367849051952, 0.0 ], [ 526932.63119849935174, 6051740.409166463650763, 0.0 ] ], [ [ 526959.996807221323252, 6051731.437367849051952, 0.0 ], [ 526983.821867395192385, 6051723.626335986889899, 0.0 ] ], [ [ 527100.902434539049864, 6052161.225698889233172, 0.0 ], [ 527073.689815104007721, 6052170.147348833270371, 0.0 ] ], [ [ 527100.902434539049864, 6052161.225698889233172, 0.0 ], [ 527124.571655053645372, 6052153.46575131919235, 0.0 ] ], [ [ 527234.801213435828686, 6052569.640362123027444, 0.0 ], [ 527208.983524408191442, 6052578.104671481065452, 0.0 ] ], [ [ 527243.11785688623786, 6052595.007643179036677, 0.0 ], [ 527267.241289768368006, 6052587.098794389516115, 0.0 ] ], [ [ 527300.355015240609646, 6053041.715264250524342, 0.0 ], [ 527273.652761299163103, 6053040.502168674021959, 0.0 ] ], [ [ 527301.592481650412083, 6053014.476567721925676, 0.0 ], [ 527326.508591558784246, 6053015.608517962507904, 0.0 ] ], [ [ 527281.288075838238001, 6053461.418431938625872, 0.0 ], [ 527252.844631977379322, 6053460.126215515658259, 0.0 ] ], [ [ 527281.288121223449707, 6053461.41743297688663, 0.0 ], [ 527306.000442165881395, 6053462.54014044906944, 0.0 ] ], [ [ 527264.053308766335249, 6053840.780885125510395, 0.0 ], [ 527239.394932504743338, 6053839.660618955269456, 0.0 ] ], [ [ 527264.053263384848833, 6053840.781884089112282, 0.0 ], [ 527284.853648658841848, 6053841.726876074448228, 0.0 ] ], [ [ 527246.658343713730574, 6054223.670418851077557, 0.0 ], [ 527218.163951594382524, 6054222.375917033292353, 0.0 ] ], [ [ 527245.651070263236761, 6054245.84238045848906, 0.0 ], [ 527272.214468825608492, 6054247.049157132394612, 0.0 ] ], [ [ 527225.427395276725292, 6054691.013400202617049, 0.0 ], [ 527202.373350836336613, 6054689.966036804951727, 0.0 ] ], [ [ 527225.427395276725292, 6054691.013400202617049, 0.0 ], [ 527248.480440754443407, 6054692.060718216001987, 0.0 ] ], [ [ 527206.264231592416763, 6055112.82374816481024, 0.0 ], [ 527181.201274950057268, 6055111.685116858221591, 0.0 ] ], [ [ 527207.520996633917093, 6055085.160493547096848, 0.0 ], [ 527230.566050104796886, 6055086.207449805922806, 0.0 ] ], [ [ 527187.342475403100252, 6055529.326448841951787, 0.0 ], [ 527157.162833351641893, 6055527.955405283719301, 0.0 ] ], [ [ 527187.353820968419313, 6055529.07670833170414, 0.0 ], [ 527213.839301407337189, 6055530.279928280971944, 0.0 ] ], [ [ 527166.980597082525492, 6055977.538807921111584, 0.0 ], [ 527139.924709711223841, 6055976.309669340029359, 0.0 ] ], [ [ 527166.969251465052366, 6055977.788548426702619, 0.0 ], [ 527190.264046814292669, 6055978.846822041086853, 0.0 ] ], [ [ 527146.619955621659756, 6056425.720353259705007, 0.0 ], [ 527116.487265445291996, 6056424.351429163478315, 0.0 ] ], [ [ 527146.620001003146172, 6056425.719354297965765, 0.0 ], [ 527173.056531727313995, 6056426.920362360775471, 0.0 ] ], [ [ 527127.648439690470695, 6056843.318287177011371, 0.0 ], [ 527102.498572554439306, 6056842.175721031613648, 0.0 ] ], [ [ 527126.402853794395924, 6056870.735798024572432, 0.0 ], [ 527149.538813527673483, 6056871.786871741525829, 0.0 ] ], [ [ 527106.296594902873039, 6057313.305644170381129, 0.0 ], [ 527080.026891235262156, 6057312.112208047881722, 0.0 ] ], [ [ 527106.296594902873039, 6057313.305644170381129, 0.0 ], [ 527132.566298574209213, 6057314.499080293811858, 0.0 ] ], [ [ 527084.736818794161081, 6057787.873865271918476, 0.0 ], [ 527059.167387284338474, 6057786.712246323004365, 0.0 ] ], [ [ 527085.936831623315811, 6057761.459311902523041, 0.0 ], [ 527109.509338084608316, 6057762.530210574157536, 0.0 ] ], [ [ 527070.857608892023563, 6058093.375445660203695, 0.0 ], [ 527047.718650832772255, 6058092.324270119890571, 0.0 ] ], [ [ 527069.237755689769983, 6058129.032397223636508, 0.0 ], [ 527090.395771998912096, 6058129.99358091969043, 0.0 ] ], [ [ 527015.315648771822453, 6058395.808439439162612, 0.0 ], [ 526996.955109432339668, 6058388.317546703852713, 0.0 ] ], [ [ 527015.985787138342857, 6058394.165897996164858, 0.0 ], [ 527034.417620569467545, 6058401.685877908952534, 0.0 ] ], [ [ 526880.90582849085331, 6058725.253244151361287, 0.0 ], [ 526857.905618146061897, 6058715.869420100934803, 0.0 ] ], [ [ 526880.905450742691755, 6058725.25417004711926, 0.0 ], [ 526903.905661094933748, 6058734.637994094751775, 0.0 ] ], [ [ 526703.44650049507618, 6059160.214396300725639, 0.0 ], [ 526678.453754495829344, 6059150.017654219642282, 0.0 ] ], [ [ 526712.489956401288509, 6059138.048414777033031, 0.0 ], [ 526735.662388298660517, 6059147.50249042827636, 0.0 ] ], [ [ 526567.40092546492815, 6059493.668867672793567, 0.0 ], [ 526544.346091318875551, 6059484.262745520099998, 0.0 ] ], [ [ 526567.40092546492815, 6059493.668867672793567, 0.0 ], [ 526586.885500952601433, 6059501.618363037705421, 0.0 ] ], [ [ 526440.653218697756529, 6059804.333137195557356, 0.0 ], [ 526416.980809547007084, 6059794.675056335516274, 0.0 ] ], [ [ 526429.246884301304817, 6059832.290597747080028, 0.0 ], [ 526451.283233400434256, 6059841.2811842225492, 0.0 ] ], [ [ 526190.866470627486706, 6060138.026240131817758, 0.0 ], [ 526176.253907632082701, 6060118.785190499387681, 0.0 ] ], [ [ 526193.059668362140656, 6060136.360622048377991, 0.0 ], [ 526207.78170009329915, 6060155.745814307592809, 0.0 ] ], [ [ 525851.53960170596838, 6060395.726771918125451, 0.0 ], [ 525836.963923711329699, 6060376.534306669607759, 0.0 ] ], [ [ 525851.538805335760117, 6060395.727376717142761, 0.0 ], [ 525866.113878536969423, 6060414.919045597314835, 0.0 ] ], [ [ 525521.489814661443233, 6060646.382752649486065, 0.0 ], [ 525507.360499758273363, 6060627.777991000562906, 0.0 ] ], [ [ 525521.489814661443233, 6060646.382752649486065, 0.0 ], [ 525535.618524760007858, 6060664.98671793192625, 0.0 ] ], [ [ 525182.057345762848854, 6060904.163627684116364, 0.0 ], [ 525166.988156862556934, 6060884.32132182829082, 0.0 ] ], [ [ 525182.057345762848854, 6060904.163627684116364, 0.0 ], [ 525197.125325076282024, 6060924.004340804181993, 0.0 ] ], [ [ 524811.232947528362274, 6061185.784977490082383, 0.0 ], [ 524795.354528978466988, 6061164.877137256786227, 0.0 ] ], [ [ 524831.691636320203543, 6061170.247666131705046, 0.0 ], [ 524846.366502910852432, 6061189.57073443941772, 0.0 ] ], [ [ 524499.612382587045431, 6061422.4440550012514, 0.0 ], [ 524483.207750257104635, 6061400.843403684906662, 0.0 ] ], [ [ 524499.584509741514921, 6061422.465223048813641, 0.0 ], [ 524513.714484129101038, 6061441.070739075541496, 0.0 ] ], [ [ 524171.052908629179001, 6061671.968180238269269, 0.0 ], [ 524154.259452983736992, 6061649.855416120029986, 0.0 ] ], [ [ 524171.052908629179001, 6061671.968180238269269, 0.0 ], [ 524185.577762980014086, 6061691.093766118399799, 0.0 ] ], [ [ 523852.895641125738621, 6061913.591736347414553, 0.0 ], [ 523836.970075417309999, 6061892.621758555993438, 0.0 ] ], [ [ 523852.895641125738621, 6061913.591736347414553, 0.0 ], [ 523866.52720445767045, 6061931.541088066995144, 0.0 ] ], [ [ 523526.242822907865047, 6062161.666354967281222, 0.0 ], [ 523509.019948780536652, 6062138.988177675753832, 0.0 ] ], [ [ 523526.242026537656784, 6062161.666959767229855, 0.0 ], [ 523541.207789082080126, 6062181.373090923763812, 0.0 ] ], [ [ 523184.793957442045212, 6062420.978843397460878, 0.0 ], [ 523168.195852596312761, 6062399.12330617569387, 0.0 ] ], [ [ 523184.793957442045212, 6062420.978843397460878, 0.0 ], [ 523199.119227487593889, 6062439.84162777941674, 0.0 ] ], [ [ 522854.39169542491436, 6062671.901791323907673, 0.0 ], [ 522837.823813233524561, 6062650.086085200309753, 0.0 ] ], [ [ 522835.521754678338766, 6062686.232519528828561, 0.0 ], [ 522850.907858315855265, 6062706.492122498340905, 0.0 ] ], [ [ 522516.602693032473326, 6062928.434897662140429, 0.0 ], [ 522503.657562334090471, 6062911.389435107819736, 0.0 ] ], [ [ 522516.402804639190435, 6062928.586702362634242, 0.0 ], [ 522529.348540127277374, 6062945.632961283437908, 0.0 ] ], [ [ 522179.819368656724691, 6063184.204105727374554, 0.0 ], [ 522163.320436004549265, 6063162.479183988645673, 0.0 ] ], [ [ 522198.885217308998108, 6063169.724598887376487, 0.0 ], [ 522214.201161969453096, 6063189.891824625432491, 0.0 ] ], [ [ 521868.948209017515182, 6063420.294359472580254, 0.0 ], [ 521853.283294856548309, 6063399.667629403993487, 0.0 ] ], [ [ 521848.087346721440554, 6063436.137084704823792, 0.0 ], [ 521862.557176902890205, 6063455.19019141420722, 0.0 ] ], [ [ 529268.494406640529633, 6029590.461654557846487, 0.0 ], [ 529243.097401116043329, 6029575.663474702276289, 0.0 ] ], [ [ 529277.326293058693409, 6029575.304150714538991, 0.0 ], [ 529300.834550738334656, 6029589.001805934123695, 0.0 ] ], [ [ 529047.148711021989584, 6029970.341114244423807, 0.0 ], [ 529023.407172575592995, 6029956.507521765306592, 0.0 ] ], [ [ 529047.149214465171099, 6029970.340250225737691, 0.0 ], [ 529067.651542361825705, 6029982.286436841823161, 0.0 ] ], [ [ 528835.203090019524097, 6030334.087879109196365, 0.0 ], [ 528810.909461181610823, 6030319.932555612176657, 0.0 ] ], [ [ 528835.203090019524097, 6030334.087879109196365, 0.0 ], [ 528856.267878979444504, 6030346.361833901144564, 0.0 ] ], [ [ 528616.485112104564905, 6030709.456587660126388, 0.0 ], [ 528591.965940736234188, 6030695.169922696426511, 0.0 ] ], [ [ 528616.48561554402113, 6030709.455723638646305, 0.0 ], [ 528637.78026270493865, 6030721.863544651307166, 0.0 ] ], [ [ 528390.635482747107744, 6031097.06638999748975, 0.0 ], [ 528365.468300681561232, 6031082.402136008255184, 0.0 ] ], [ [ 528390.635482747107744, 6031097.06638999748975, 0.0 ], [ 528412.589373465627432, 6031109.858343776315451, 0.0 ] ], [ [ 528185.972401365637779, 6031448.31471854262054, 0.0 ], [ 528163.644393384456635, 6031435.304768937639892, 0.0 ] ], [ [ 528185.972401365637779, 6031448.31471854262054, 0.0 ], [ 528205.006764639168978, 6031459.405547031201422, 0.0 ] ], [ [ 527982.539509180933237, 6031797.451534795574844, 0.0 ], [ 527957.450088053941727, 6031782.832592315040529, 0.0 ] ], [ [ 527982.539509180933237, 6031797.451534795574844, 0.0 ], [ 528004.412182781845331, 6031810.196163516491652, 0.0 ] ], [ [ 527783.762257762253284, 6032138.59862279612571, 0.0 ], [ 527761.805776175111532, 6032125.805156495422125, 0.0 ] ], [ [ 527783.763264644891024, 6032138.596894757822156, 0.0 ], [ 527802.407956764101982, 6032149.460668144747615, 0.0 ] ], [ [ 527640.19897173717618, 6032384.98639034293592, 0.0 ], [ 527620.234066143631935, 6032373.353341670706868, 0.0 ] ], [ [ 527640.199475180357695, 6032384.985526323318481, 0.0 ], [ 527656.710893597453833, 6032394.606314836069942, 0.0 ] ], [ [ 527527.898158423602581, 6032577.719277340918779, 0.0 ], [ 527508.511272948235273, 6032566.423047761432827, 0.0 ] ], [ [ 527511.189424868673086, 6032606.395244100131094, 0.0 ], [ 527528.575239546597004, 6032616.52550221607089, 0.0 ] ], [ [ 527451.855928223580122, 6032915.130813914351165, 0.0 ], [ 527428.050773996859789, 6032915.994520694948733, 0.0 ] ], [ [ 527451.972534634172916, 6032918.344674624502659, 0.0 ], [ 527475.564830534160137, 6032917.48869084008038, 0.0 ] ], [ [ 527464.927098780870438, 6033275.388864688575268, 0.0 ], [ 527444.215884994715452, 6033276.14031296223402, 0.0 ] ], [ [ 527464.936199560761452, 6033275.639697724953294, 0.0 ], [ 527485.651410695165396, 6033274.888104419223964, 0.0 ] ], [ [ 527480.012763977050781, 6033691.184633168391883, 0.0 ], [ 527452.04138320311904, 6033692.199509251862764, 0.0 ] ], [ [ 527479.181029703468084, 6033668.260892418213189, 0.0 ], [ 527505.214700322598219, 6033667.316321613267064, 0.0 ] ], [ [ 527495.395915247499943, 6034115.167743571102619, 0.0 ], [ 527467.812277000397444, 6034116.168560268357396, 0.0 ] ], [ [ 527495.395915247499943, 6034115.167743571102619, 0.0 ], [ 527519.230049442499876, 6034114.302970071323216, 0.0 ] ], [ [ 527511.611152026802301, 6034562.086693956516683, 0.0 ], [ 527481.894931528717279, 6034563.164843828417361, 0.0 ] ], [ [ 527511.602123938500881, 6034561.837859584949911, 0.0 ], [ 527537.61381021514535, 6034560.894115874543786, 0.0 ] ], [ [ 527527.688015475869179, 6035005.201205760240555, 0.0 ], [ 527500.336221359670162, 6035006.193570929579437, 0.0 ] ], [ [ 527527.688015475869179, 6035005.201205760240555, 0.0 ], [ 527551.283309992402792, 6035004.345132179558277, 0.0 ] ], [ [ 527543.553875263780355, 6035442.499861704185605, 0.0 ], [ 527514.274364311248064, 6035443.562168248929083, 0.0 ] ], [ [ 527543.55391152203083, 6035442.500861041247845, 0.0 ], [ 527569.119894288480282, 6035441.573287117294967, 0.0 ] ], [ [ 527559.325797699391842, 6035877.205808479338884, 0.0 ], [ 527532.100919637829065, 6035878.193584210239351, 0.0 ] ], [ [ 527559.325797699391842, 6035877.205808479338884, 0.0 ], [ 527582.791178248822689, 6035876.354435210116208, 0.0 ] ], [ [ 527575.094993785023689, 6036311.821176318451762, 0.0 ], [ 527545.789499931037426, 6036312.884420859627426, 0.0 ] ], [ [ 527575.094993785023689, 6036311.821176318451762, 0.0 ], [ 527600.685960069298744, 6036310.892700063996017, 0.0 ] ], [ [ 527589.8747473731637, 6036719.18009452149272, 0.0 ], [ 527564.200835391879082, 6036720.111557457596064, 0.0 ] ], [ [ 527589.8747473731637, 6036719.18009452149272, 0.0 ], [ 527611.733198836445808, 6036718.387058482505381, 0.0 ] ], [ [ 527603.415313363075256, 6037092.388692192733288, 0.0 ], [ 527576.379310052841902, 6037093.369632817804813, 0.0 ] ], [ [ 527603.406212437897921, 6037092.137859161011875, 0.0 ], [ 527626.673724252730608, 6037091.293649779632688, 0.0 ] ], [ [ 527616.453280907124281, 6037451.725999580696225, 0.0 ], [ 527591.6507901661098, 6037452.625880922190845, 0.0 ] ], [ [ 527617.475568439811468, 6037479.902244652621448, 0.0 ], [ 527640.265398878604174, 6037479.075386438518763, 0.0 ] ], [ [ 527640.205028999596834, 6037892.263697501271963, 0.0 ], [ 527613.748177859932184, 6037894.104270252399147, 0.0 ] ], [ [ 527638.442740101367235, 6037866.932117961347103, 0.0 ], [ 527662.960293374955654, 6037865.226459937170148, 0.0 ] ], [ [ 527670.048587471246719, 6038321.240449755452573, 0.0 ], [ 527640.584028787910938, 6038323.290259541012347, 0.0 ] ], [ [ 527670.031167980283499, 6038320.990056870505214, 0.0 ], [ 527695.793702777475119, 6038319.197791914455593, 0.0 ] ], [ [ 527701.301255706697702, 6038770.478249495849013, 0.0 ], [ 527673.392925344407558, 6038772.419815990142524, 0.0 ] ], [ [ 527701.318605992943048, 6038770.72764478623867, 0.0 ], [ 527725.492990098893642, 6038769.045846785418689, 0.0 ] ], [ [ 527732.582492828369141, 6039220.119775259867311, 0.0 ], [ 527703.109954129904509, 6039222.170151104219258, 0.0 ] ], [ [ 527732.582492828369141, 6039220.119775259867311, 0.0 ], [ 527758.355002872645855, 6039218.326806808821857, 0.0 ] ], [ [ 527763.779970582574606, 6039668.560400063171983, 0.0 ], [ 527735.935484692454338, 6039670.49751802906394, 0.0 ] ], [ [ 527763.779970582574606, 6039668.560400063171983, 0.0 ], [ 527787.890510119497776, 6039666.883049673400819, 0.0 ] ], [ [ 527793.081962164491415, 6040089.749041174538434, 0.0 ], [ 527765.423024255782366, 6040091.673223447054625, 0.0 ] ], [ [ 527794.657062817364931, 6040112.39014535676688, 0.0 ], [ 527820.350765641778708, 6040110.602680933661759, 0.0 ] ], [ [ 547263.282138403505087, 6015900.824551176279783, 0.0 ], [ 547261.550004053860903, 6015903.538948369212449, 0.0 ] ], [ [ 547265.456185095012188, 6015902.21187244169414, 0.0 ], [ 547277.646215014159679, 6015883.109091454185545, 0.0 ] ], [ [ 547242.116119064390659, 6015908.859160549938679, 0.0 ], [ 547236.393931530416012, 6015923.207077990286052, 0.0 ] ], [ [ 547248.254876520484686, 6015911.30739887803793, 0.0 ], [ 547251.930012300610542, 6015902.092296338640153, 0.0 ] ], [ [ 547420.189635813236237, 6016029.247220613062382, 0.0 ], [ 547402.356872364878654, 6016047.833693439140916, 0.0 ] ], [ [ 547422.978544794023037, 6016031.923035145737231, 0.0 ], [ 547440.772538356482983, 6016013.376970831304789, 0.0 ] ], [ [ 547611.631415732204914, 6016254.635490679182112, 0.0 ], [ 547592.50556306540966, 6016266.998698336072266, 0.0 ] ], [ [ 547610.884976338595152, 6016253.48075073864311, 0.0 ], [ 547630.121684048324823, 6016241.045884900726378, 0.0 ] ], [ [ 547779.513271875679493, 6016514.309149295091629, 0.0 ], [ 547762.473860129714012, 6016525.320737855508924, 0.0 ] ], [ [ 547779.106741908937693, 6016513.680081895552576, 0.0 ], [ 547796.102480091154575, 6016502.696717045269907, 0.0 ] ], [ [ 547976.147883970290422, 6016764.06077953055501, 0.0 ], [ 547958.298001706600189, 6016779.971678205765784, 0.0 ] ], [ [ 547976.714134179055691, 6016764.696035879664123, 0.0 ], [ 547994.502804901450872, 6016748.839699505828321, 0.0 ] ], [ [ 548259.898163512349129, 6017082.414688882417977, 0.0 ], [ 548241.032090187072754, 6017099.232434550300241, 0.0 ] ], [ [ 548259.895501829683781, 6017082.411703035235405, 0.0 ], [ 548278.780236698687077, 6017065.577321942895651, 0.0 ] ], [ [ 548495.909927800297737, 6017347.151243196800351, 0.0 ], [ 548481.111777015030384, 6017360.340634482912719, 0.0 ] ], [ [ 548497.241309128701687, 6017348.645018090493977, 0.0 ], [ 548512.108139224350452, 6017335.394413868896663, 0.0 ] ], [ [ 548637.974279187619686, 6017585.510927466675639, 0.0 ], [ 548618.029480036348104, 6017593.748105427250266, 0.0 ] ], [ [ 548637.256641916930676, 6017583.773301887325943, 0.0 ], [ 548657.290170878171921, 6017575.499478621408343, 0.0 ] ], [ [ 548772.394643221050501, 6017910.984890766441822, 0.0 ], [ 548751.309296205639839, 6017919.693113227374852, 0.0 ] ], [ [ 548772.203782249242067, 6017910.522756305523217, 0.0 ], [ 548793.235521655529737, 6017901.836673717014492, 0.0 ] ], [ [ 548896.049643702805042, 6018210.392467926256359, 0.0 ], [ 548872.783020630478859, 6018220.001551290974021, 0.0 ] ], [ [ 548898.816745176911354, 6018217.092493771575391, 0.0 ], [ 548922.402241043746471, 6018207.351716380566359, 0.0 ] ], [ [ 548902.045207928866148, 6018537.045487836003304, 0.0 ], [ 548885.733731415122747, 6018525.276777844876051, 0.0 ] ], [ [ 548905.551714796572924, 6018532.185456078499556, 0.0 ], [ 548922.112153392285109, 6018544.133791901171207, 0.0 ] ], [ [ 548722.237382903695107, 6018786.260826613754034, 0.0 ], [ 548703.933408584445715, 6018773.054511280730367, 0.0 ] ], [ [ 548742.091616131365299, 6018758.742827377282083, 0.0 ], [ 548758.614742137491703, 6018770.664260852150619, 0.0 ] ], [ [ 548546.477388650178909, 6019029.865563806146383, 0.0 ], [ 548524.20220822840929, 6019013.793979961425066, 0.0 ] ], [ [ 548546.478558845818043, 6019029.863941906020045, 0.0 ], [ 548565.688347473740578, 6019043.723839902319014, 0.0 ] ], [ [ 548374.7439204454422, 6019267.890369039028883, 0.0 ], [ 548356.607115510851145, 6019254.804427240975201, 0.0 ] ], [ [ 548354.887108154594898, 6019295.411439872346818, 0.0 ], [ 548371.169279832392931, 6019307.159239532426, 0.0 ] ], [ [ 548246.251105040311813, 6019604.288765526376665, 0.0 ], [ 548219.845364261418581, 6019599.571476022712886, 0.0 ] ], [ [ 548245.82200475409627, 6019606.690719281323254, 0.0 ], [ 548271.964908797293901, 6019611.36105396039784, 0.0 ] ], [ [ 548177.571448367089033, 6019988.696663924492896, 0.0 ], [ 548150.339740458875895, 6019983.83210498932749, 0.0 ] ], [ [ 548181.957693286240101, 6019964.142548681236804, 0.0 ], [ 548207.173331432044506, 6019968.646965306252241, 0.0 ] ], [ [ 548113.928686883300543, 6020345.000343466177583, 0.0 ], [ 548088.691486664116383, 6020340.491527480073273, 0.0 ] ], [ [ 548108.706360496580601, 6020374.231276239268482, 0.0 ], [ 548132.192303575575352, 6020378.42721694521606, 0.0 ] ], [ [ 547978.025677274912596, 6020689.102130039595068, 0.0 ], [ 547960.185583658516407, 6020675.203876281157136, 0.0 ] ], [ [ 547979.865052629262209, 6020686.741068788804114, 0.0 ], [ 547997.84793009981513, 6020700.750557743012905, 0.0 ] ], [ [ 547782.572792451828718, 6020939.990023927763104, 0.0 ], [ 547765.2983158826828, 6020926.532404427416623, 0.0 ] ], [ [ 547782.727661389857531, 6020939.791230975650251, 0.0 ], [ 547799.997404795140028, 6020953.245163121260703, 0.0 ] ], [ [ 547567.47193268686533, 6021216.099653964862227, 0.0 ], [ 547547.805656645447016, 6021200.77865619212389, 0.0 ] ], [ [ 547567.472547229379416, 6021216.098865104839206, 0.0 ], [ 547587.130145825445652, 6021231.413102711550891, 0.0 ] ], [ [ 547332.744814936071634, 6021517.399517608806491, 0.0 ], [ 547313.682032626122236, 6021502.548638125881553, 0.0 ] ], [ [ 547329.980517156422138, 6021520.947806240990758, 0.0 ], [ 547349.310722719877958, 6021536.007022082805634, 0.0 ] ], [ [ 547089.637129250913858, 6021683.010271115228534, 0.0 ], [ 547086.312884490936995, 6021663.041228570975363, 0.0 ] ], [ [ 547093.830391444265842, 6021682.312219123356044, 0.0 ], [ 547097.192240037024021, 6021702.507151352241635, 0.0 ] ], [ [ 546731.438099753111601, 6021742.652821088209748, 0.0 ], [ 546727.337135937064886, 6021718.015996641479433, 0.0 ] ], [ [ 546731.686677578836679, 6021742.611443650908768, 0.0 ], [ 546735.790268532931805, 6021767.264050816185772, 0.0 ] ], [ [ 546320.777340661734343, 6021811.023427542299032, 0.0 ], [ 546316.93976778164506, 6021787.965776044875383, 0.0 ] ], [ [ 546321.52307690680027, 6021810.899311816319823, 0.0 ], [ 546325.359993096441031, 6021833.953017620369792, 0.0 ] ], [ [ 545992.17216432094574, 6021865.738223289139569, 0.0 ], [ 545988.056739062070847, 6021840.997362193651497, 0.0 ] ], [ [ 545991.92456828057766, 6021865.779408717527986, 0.0 ], [ 545996.027851216495037, 6021890.447273377329111, 0.0 ] ], [ [ 545600.931226421147585, 6021946.486436021514237, 0.0 ], [ 545595.229133006185293, 6021923.830144602805376, 0.0 ] ], [ [ 545600.485140979290009, 6021946.598705978132784, 0.0 ], [ 545606.178448047488928, 6021969.220086362212896, 0.0 ] ], [ [ 545150.238677475601435, 6022059.915646087378263, 0.0 ], [ 545143.387270163744688, 6022032.692800180986524, 0.0 ] ], [ [ 545172.485731769353151, 6022054.316538974642754, 0.0 ], [ 545178.863163810223341, 6022079.656128729693592, 0.0 ] ], [ [ 544777.594851087778807, 6022153.701843499206007, 0.0 ], [ 544771.454620774835348, 6022129.30485877674073, 0.0 ] ], [ [ 544777.594851087778807, 6022153.701843499206007, 0.0 ], [ 544782.798353366553783, 6022174.376925553195179, 0.0 ] ], [ [ 544431.603838719427586, 6022240.780478088185191, 0.0 ], [ 544425.134662546217442, 6022215.076255830004811, 0.0 ] ], [ [ 544431.603838719427586, 6022240.780478088185191, 0.0 ], [ 544437.14898631349206, 6022262.813222739845514, 0.0 ] ], [ [ 544047.455976288765669, 6022337.462019466795027, 0.0 ], [ 544040.769099447876215, 6022310.892778037115932, 0.0 ] ], [ [ 544047.455976288765669, 6022337.462019466795027, 0.0 ], [ 544053.224926859140396, 6022360.384026902727783, 0.0 ] ], [ [ 543613.895218048244715, 6022446.579247639514506, 0.0 ], [ 543606.606458820402622, 6022417.618605033494532, 0.0 ] ], [ [ 543613.895218048244715, 6022446.579247639514506, 0.0 ], [ 543620.279716197401285, 6022471.946962947957218, 0.0 ] ], [ [ 543181.793527714908123, 6022555.329817913472652, 0.0 ], [ 543175.138359263539314, 6022528.886649195104837, 0.0 ] ], [ [ 543181.793527714908123, 6022555.329817913472652, 0.0 ], [ 543187.530523076653481, 6022578.124783580191433, 0.0 ] ], [ [ 542787.354054715484381, 6022654.601531010121107, 0.0 ], [ 542780.708401337265968, 6022628.196183226071298, 0.0 ] ], [ [ 542787.354054715484381, 6022654.601531010121107, 0.0 ], [ 542793.081534512341022, 6022677.358675831928849, 0.0 ] ], [ [ 542373.231865286827087, 6022758.827394224703312, 0.0 ], [ 542366.252847108989954, 6022731.097359534353018, 0.0 ] ], [ [ 542373.231865286827087, 6022758.827394224703312, 0.0 ], [ 542379.301255878061056, 6022782.943166309967637, 0.0 ] ], [ [ 541967.713419172912836, 6022860.887248859740794, 0.0 ], [ 541961.217141669243574, 6022835.075386902317405, 0.0 ] ], [ [ 541942.311761874705553, 6022867.280286861583591, 0.0 ], [ 541948.352614112198353, 6022891.282593481242657, 0.0 ] ], [ [ 541550.490456726402044, 6022965.893096156418324, 0.0 ], [ 541543.806738283485174, 6022939.336464955471456, 0.0 ] ], [ [ 541551.944113474339247, 6022965.527242809534073, 0.0 ], [ 541558.583900216966867, 6022991.909318830817938, 0.0 ] ], [ [ 541107.307870239019394, 6023166.28883053176105, 0.0 ], [ 541091.465902004390955, 6023143.067110676318407, 0.0 ] ], [ [ 541124.410046115517616, 6023154.621644436381757, 0.0 ], [ 541139.081519953906536, 6023176.127612017095089, 0.0 ] ], [ [ 540806.297445025295019, 6023371.639633471146226, 0.0 ], [ 540792.693339459598064, 6023351.698244832456112, 0.0 ] ], [ [ 540779.702042888849974, 6023389.783137125894427, 0.0 ], [ 540792.23145791515708, 6023408.149205625988543, 0.0 ] ], [ [ 540444.511435735970736, 6023538.241991491056979, 0.0 ], [ 540438.188963565975428, 6023514.95727922488004, 0.0 ] ], [ [ 540447.671972569078207, 6023537.383814421482384, 0.0 ], [ 540454.002567954361439, 6023560.698443218134344, 0.0 ] ], [ [ 540060.906402908265591, 6023691.621031777001917, 0.0 ], [ 540048.946016252040863, 6023668.932731213979423, 0.0 ] ], [ [ 540083.095787320286036, 6023679.923654247075319, 0.0 ], [ 540094.098335769027472, 6023700.794980020262301, 0.0 ] ], [ [ 539690.218657243996859, 6023887.033084006048739, 0.0 ], [ 539676.076318569481373, 6023860.205726500600576, 0.0 ] ], [ [ 539690.219541855156422, 6023887.032617676071823, 0.0 ], [ 539702.635533113032579, 6023910.585174592211843, 0.0 ] ], [ [ 539301.738483600318432, 6024091.824711007066071, 0.0 ], [ 539289.161609154194593, 6024067.966966110281646, 0.0 ] ], [ [ 539301.739368196576834, 6024091.824244679883122, 0.0 ], [ 539312.554920647293329, 6024112.340843767859042, 0.0 ] ], [ [ 538921.444332379847765, 6024292.300987282767892, 0.0 ], [ 538907.616299245506525, 6024266.069852220825851, 0.0 ] ], [ [ 538921.445216991007328, 6024292.300520952790976, 0.0 ], [ 538933.540374156087637, 6024315.244470978155732, 0.0 ] ], [ [ 538525.518235888332129, 6024501.018098474480212, 0.0 ], [ 538512.415351919829845, 6024476.162516712211072, 0.0 ] ], [ [ 538525.519120495766401, 6024501.017632144503295, 0.0 ], [ 538536.874673455953598, 6024522.558605577796698, 0.0 ] ], [ [ 538146.296936064958572, 6024700.928644176572561, 0.0 ], [ 538133.1665393486619, 6024676.020870358683169, 0.0 ] ], [ [ 538124.895729538053274, 6024712.21051680855453, 0.0 ], [ 538137.177409343421459, 6024735.508312704972923, 0.0 ] ], [ [ 537719.694990612566471, 6024878.731504098512232, 0.0 ], [ 537712.651634331792593, 6024854.711042833514512, 0.0 ] ], [ [ 537747.297601997852325, 6024870.637778332456946, 0.0 ], [ 537753.797906287014484, 6024892.806230560876429, 0.0 ] ], [ [ 537362.103745255619287, 6024983.585321854799986, 0.0 ], [ 537354.289685789495707, 6024956.936548927798867, 0.0 ] ], [ [ 537338.887425631284714, 6024990.39290367346257, 0.0 ], [ 537346.182911336421967, 6025015.273152296431363, 0.0 ] ], [ [ 536922.611634481698275, 6025077.513224869035184, 0.0 ], [ 536919.726315435022116, 6025053.457831795327365, 0.0 ] ], [ [ 536923.26395383104682, 6025077.434982563368976, 0.0 ], [ 536926.154393762350082, 6025101.533069297671318, 0.0 ] ], [ [ 536447.157181974500418, 6025134.541452127508819, 0.0 ], [ 536443.772276774048805, 6025106.320945623330772, 0.0 ] ], [ [ 536469.413484051823616, 6025131.871922697871923, 0.0 ], [ 536472.568663954734802, 6025158.177171943709254, 0.0 ] ], [ [ 536064.983776524662971, 6025180.381183255463839, 0.0 ], [ 536062.019140150398016, 6025155.664535489864647, 0.0 ] ], [ [ 536037.238857876509428, 6025183.709045341238379, 0.0 ], [ 536039.963050726801157, 6025206.421077062375844, 0.0 ] ], [ [ 535642.676234900951385, 6025250.666431818157434, 0.0 ], [ 535637.367537621408701, 6025225.537255633622408, 0.0 ] ], [ [ 535642.13518076390028, 6025250.780732923187315, 0.0 ], [ 535647.436230413615704, 6025275.873708378523588, 0.0 ] ], [ [ 535220.957121070474386, 6025339.756893717683852, 0.0 ], [ 535216.06014309823513, 6025316.576689175330102, 0.0 ] ], [ [ 535220.957121070474386, 6025339.756893717683852, 0.0 ], [ 535225.854512423276901, 6025362.93905505631119, 0.0 ] ], [ [ 534827.342879351228476, 6025422.910485020838678, 0.0 ], [ 534822.447543162852526, 6025399.738110044971108, 0.0 ] ], [ [ 534827.342879351228476, 6025422.910485020838678, 0.0 ], [ 534832.238835621625185, 6025446.085795187391341, 0.0 ] ], [ [ 534410.918690882623196, 6025510.882859286852181, 0.0 ], [ 534405.641425922513008, 6025485.902396401390433, 0.0 ] ], [ [ 534436.54293978959322, 6025505.469590873457491, 0.0 ], [ 534441.405786897987127, 6025528.488365364260972, 0.0 ] ], [ [ 534050.363812960684299, 6025587.052296325564384, 0.0 ], [ 534044.755433846265078, 6025560.504438075236976, 0.0 ] ], [ [ 534050.363812960684299, 6025587.052296325564384, 0.0 ], [ 534055.192550078034401, 6025609.909636357799172, 0.0 ] ], [ [ 533682.363823760300875, 6025664.794317187741399, 0.0 ], [ 533676.98363496363163, 6025639.326610079966486, 0.0 ] ], [ [ 533659.916432123631239, 6025669.536448252387345, 0.0 ], [ 533664.855127144604921, 6025692.914296645671129, 0.0 ] ], [ [ 533286.174588859081268, 6025855.837260982953012, 0.0 ], [ 533269.30468663200736, 6025834.796295578591526, 0.0 ] ], [ [ 533302.771587524563074, 6025842.53037419077009, 0.0 ], [ 533318.300980243831873, 6025861.899390731938183, 0.0 ] ], [ [ 532972.440659292042255, 6026107.378010981716216, 0.0 ], [ 532955.115995734930038, 6026085.769848239608109, 0.0 ] ], [ [ 532972.439879100769758, 6026107.378636510111392, 0.0 ], [ 532987.415679570287466, 6026126.057183021679521, 0.0 ] ], [ [ 532621.544199727475643, 6026388.714155171997845, 0.0 ], [ 532602.496849060058594, 6026364.95733002293855, 0.0 ] ], [ [ 532621.738467361778021, 6026388.558398511260748, 0.0 ], [ 532638.471361622214317, 6026409.428515843115747, 0.0 ] ], [ [ 532292.187964893877506, 6026652.779600867070258, 0.0 ], [ 532275.926712706685066, 6026632.49775311537087, 0.0 ] ], [ [ 532292.187964893877506, 6026652.779600867070258, 0.0 ], [ 532306.065325997769833, 6026670.088140348903835, 0.0 ] ], [ [ 531978.336650922894478, 6026904.413987453095615, 0.0 ], [ 531960.301384266465902, 6026881.919528927654028, 0.0 ] ], [ [ 531961.216926198452711, 6026918.139981365762651, 0.0 ], [ 531978.060559157282114, 6026939.148176589049399, 0.0 ] ], [ [ 531583.504402499645948, 6027220.558472478762269, 0.0 ], [ 531566.204636715352535, 6027198.922688299790025, 0.0 ] ], [ [ 531601.089822918176651, 6027206.497338760644197, 0.0 ], [ 531617.613965678960085, 6027227.163097529672086, 0.0 ] ], [ [ 531237.316086944192648, 6027497.825525530613959, 0.0 ], [ 531217.402320012450218, 6027472.85630199406296, 0.0 ] ], [ [ 531225.045689187943935, 6027507.611566360108554, 0.0 ], [ 531243.412519689649343, 6027530.641136707738042, 0.0 ] ], [ [ 527786.904902204871178, 6040294.33935265801847, 0.0 ], [ 527796.871944475919008, 6040313.213145612739027, 0.0 ], [ 527801.633963659405708, 6040322.071047911420465, 0.0 ], [ 527806.431982431560755, 6040330.90495016798377, 0.0 ], [ 527811.267000783234835, 6040339.716852362267673, 0.0 ], [ 527816.139018677175045, 6040348.503754513338208, 0.0 ], [ 527821.049036148935556, 6040357.268656595610082, 0.0 ], [ 527825.995053198188543, 6040366.009558635763824, 0.0 ], [ 527830.978069812059402, 6040374.726460627280176, 0.0 ], [ 527835.999085996299982, 6040383.421362545341253, 0.0 ], [ 527841.056101758033037, 6040392.092264424078166, 0.0 ], [ 527846.150117088109255, 6040400.740166245959699, 0.0 ], [ 527851.280131988227367, 6040409.365068017505109, 0.0 ], [ 527856.448146466165781, 6040417.965969732031226, 0.0 ], [ 527861.65216051787138, 6040426.543871400877833, 0.0 ], [ 527866.894174132496119, 6040435.098773004487157, 0.0 ], [ 527870.830184020102024, 6040441.469699526205659, 0.0 ], [ 527872.172187324613333, 6040443.630674556829035, 0.0 ], [ 527877.486200097948313, 6040452.139576062560081, 0.0 ], [ 527880.242206510156393, 6040456.518525238148868, 0.0 ], [ 527882.838212419301271, 6040460.624477506615222, 0.0 ], [ 527888.226224344223738, 6040469.08637890778482, 0.0 ], [ 527893.652235817164183, 6040477.525280242785811, 0.0 ], [ 527899.114246875047684, 6040485.941181531175971, 0.0 ], [ 527904.61225750669837, 6040494.333082773722708, 0.0 ], [ 527910.148267704993486, 6040502.702983946539462, 0.0 ], [ 527915.720277480781078, 6040511.048885075375438, 0.0 ], [ 527921.329286832362413, 6040519.371786150150001, 0.0 ], [ 527926.97529573366046, 6040527.670687174424529, 0.0 ], [ 527932.658304236829281, 6040535.947588136419654, 0.0 ], [ 527938.378312297165394, 6040544.200489050708711, 0.0 ], [ 527944.134319923818111, 6040552.430389911867678, 0.0 ], [ 527949.928327120840549, 6040560.63629071880132, 0.0 ], [ 527955.758333913981915, 6040568.820191472768784, 0.0 ], [ 527961.626340258866549, 6040576.980092165991664, 0.0 ], [ 527967.530346177518368, 6040585.115992818959057, 0.0 ], [ 527973.47135167196393, 6040593.229893408715725, 0.0 ], [ 527979.450356710702181, 6040601.319793940521777, 0.0 ], [ 527985.297363054007292, 6040609.45269497204572, 0.0 ], [ 527985.297363054007292, 6040609.45269497204572, 0.0 ] ], [ [ 527826.814514588564634, 6040281.253202144056559, 0.0 ], [ 527838.106525138020515, 6040296.692013065330684, 0.0 ], [ 527843.952532306313515, 6040304.957913085818291, 0.0 ], [ 527849.760539930313826, 6040313.247813163325191, 0.0 ], [ 527855.529547996819019, 6040321.560713308863342, 0.0 ], [ 527861.261556472629309, 6040329.896613510325551, 0.0 ], [ 527866.955565392971039, 6040338.255513777956367, 0.0 ], [ 527872.61157476529479, 6040346.637414103373885, 0.0 ], [ 527878.228584561496973, 6040355.042314501479268, 0.0 ], [ 527883.808594789355993, 6040363.471214947290719, 0.0 ], [ 527889.350605461746454, 6040371.923115452751517, 0.0 ], [ 527894.853616565465927, 6040380.397016038186848, 0.0 ], [ 527900.319628108292818, 6040388.894916671328247, 0.0 ], [ 527905.74764009565115, 6040397.415817365050316, 0.0 ], [ 527911.1376524977386, 6040405.959718125872314, 0.0 ], [ 527916.489665351808071, 6040414.52761893812567, 0.0 ], [ 527917.747668441385031, 6040416.552595538087189, 0.0 ], [ 527921.80467863753438, 6040423.117519815452397, 0.0 ], [ 527927.080692354589701, 6040431.73042076267302, 0.0 ], [ 527927.175692595541477, 6040431.886418970301747, 0.0 ], [ 527932.319706503301859, 6040440.367321757599711, 0.0 ], [ 527937.520721085369587, 6040449.026222823187709, 0.0 ], [ 527942.683736100792885, 6040457.709123941138387, 0.0 ], [ 527947.808751560747623, 6040466.414025131613016, 0.0 ], [ 527952.895767454057932, 6040475.142926378175616, 0.0 ], [ 527957.94478378072381, 6040483.894827687181532, 0.0 ], [ 527962.956800539046526, 6040492.669729051180184, 0.0 ], [ 527967.929817717522383, 6040501.4666304923594, 0.0 ], [ 527972.865835357457399, 6040510.287531983107328, 0.0 ], [ 527977.763853423297405, 6040519.132433526217937, 0.0 ], [ 527982.622871927917004, 6040527.999335147440434, 0.0 ], [ 527987.444890860468149, 6040536.889236827380955, 0.0 ], [ 527992.228910233825445, 6040545.803138559684157, 0.0 ], [ 527996.974930036813021, 6040554.740040354430676, 0.0 ], [ 528001.682950280606747, 6040563.6989422198385, 0.0 ], [ 528006.351970974355936, 6040572.682844141498208, 0.0 ], [ 528010.983992092311382, 6040581.688746124505997, 0.0 ], [ 528015.707011859863997, 6040590.591648323461413, 0.0 ], [ 528015.707011859863997, 6040590.591648323461413, 0.0 ] ], [ [ 527786.904902204871178, 6040294.33935265801847, 0.0 ], [ 527826.814514588564634, 6040281.253202144056559, 0.0 ] ], [ [ 527985.297363054007292, 6040609.45269497204572, 0.0 ], [ 528015.707011859863997, 6040590.591648323461413, 0.0 ] ], [ [ 527985.297363054007292, 6040609.45269497204572, 0.0 ], [ 527994.720400229096413, 6040626.853502619080245, 0.0 ], [ 527999.444418925791979, 6040635.586406112648547, 0.0 ], [ 528004.206437181681395, 6040644.295309553854167, 0.0 ], [ 528009.009454969316721, 6040652.981212909333408, 0.0 ], [ 528013.851472325623035, 6040661.643116208724678, 0.0 ], [ 528018.733489196747541, 6040670.280019446276128, 0.0 ], [ 528023.654505636543036, 6040678.893922615796328, 0.0 ], [ 528028.615521628409624, 6040687.483825714327395, 0.0 ], [ 528033.61553717404604, 6040696.050728746689856, 0.0 ], [ 528038.655552245676517, 6040704.592631718143821, 0.0 ], [ 528043.735566861927509, 6040713.110534622333944, 0.0 ], [ 528046.045573338866234, 6040716.954490696080029, 0.0 ], [ 528048.855581045150757, 6040721.605437451042235, 0.0 ], [ 528054.01459476724267, 6040730.07634022179991, 0.0 ], [ 528059.212608031928539, 6040738.523242928087711, 0.0 ], [ 528060.386610951274633, 6040740.419221042655408, 0.0 ], [ 528064.450620844960213, 6040746.946145563386381, 0.0 ], [ 528069.728633213788271, 6040755.345048136077821, 0.0 ], [ 528075.046645116060972, 6040763.719950639642775, 0.0 ], [ 528080.40365656837821, 6040772.070853083394468, 0.0 ], [ 528085.800667565315962, 6040780.398755451664329, 0.0 ], [ 528091.237678095698357, 6040788.70165775809437, 0.0 ], [ 528096.713688191026449, 6040796.981559997424483, 0.0 ], [ 528102.230697814375162, 6040805.236462167464197, 0.0 ], [ 528107.786707006394863, 6040813.468364273197949, 0.0 ], [ 528112.737710766494274, 6040820.101282414980233, 0.0 ], [ 528112.737710766494274, 6040820.101282414980233, 0.0 ] ], [ [ 528015.707011859863997, 6040590.591648323461413, 0.0 ], [ 528027.223026003688574, 6040606.875451372005045, 0.0 ], [ 528033.005033023655415, 6040615.040352567099035, 0.0 ], [ 528038.747040528804064, 6040623.230253823101521, 0.0 ], [ 528044.451048478484154, 6040631.445155129767954, 0.0 ], [ 528050.115056879818439, 6040639.685056490823627, 0.0 ], [ 528055.74006575345993, 6040647.949957909062505, 0.0 ], [ 528061.325075063854456, 6040656.239859387278557, 0.0 ], [ 528066.872084833681583, 6040664.554760911501944, 0.0 ], [ 528072.379095062613487, 6040672.894662495702505, 0.0 ], [ 528077.847105763852596, 6040681.259564134292305, 0.0 ], [ 528083.276116911321878, 6040689.649465828202665, 0.0 ], [ 528088.311127737164497, 6040697.508374055847526, 0.0 ], [ 528088.665128506720066, 6040698.064367576502264, 0.0 ], [ 528094.016140565276146, 6040706.504269378259778, 0.0 ], [ 528099.327153082937002, 6040714.969171238131821, 0.0 ], [ 528102.552160959690809, 6040720.153111307881773, 0.0 ], [ 528104.599166058003902, 6040723.45907315146178, 0.0 ], [ 528109.832179501652718, 6040731.973975115455687, 0.0 ], [ 528115.025193393230438, 6040740.513877143152058, 0.0 ], [ 528120.179207745939493, 6040749.078779221512377, 0.0 ], [ 528125.294222552329302, 6040757.66868135612458, 0.0 ], [ 528130.369237817823887, 6040766.284583542495966, 0.0 ], [ 528135.405253540724516, 6040774.924485788680613, 0.0 ], [ 528140.40226973593235, 6040783.590388082899153, 0.0 ], [ 528145.359286371618509, 6040792.280290440656245, 0.0 ], [ 528150.277303487062454, 6040800.996192848309875, 0.0 ], [ 528155.873326148837805, 6040811.425077887251973, 0.0 ], [ 528155.873326148837805, 6040811.425077887251973, 0.0 ] ], [ [ 528112.737710766494274, 6040820.101282414980233, 0.0 ], [ 528155.873326148837805, 6040811.425077887251973, 0.0 ] ], [ [ 528112.737710766494274, 6040820.101282414980233, 0.0 ], [ 528108.209856022149324, 6040837.711176078766584, 0.0 ], [ 528106.001933671534061, 6040847.382115934044123, 0.0 ], [ 528103.834011051803827, 6040857.060055485926569, 0.0 ], [ 528101.706088151782751, 6040866.74299474619329, 0.0 ], [ 528099.617164995521307, 6040876.431933715008199, 0.0 ], [ 528097.569241557270288, 6040886.126872380264103, 0.0 ], [ 528095.559317871928215, 6040895.827810761518776, 0.0 ], [ 528093.590393900871277, 6040905.533748846501112, 0.0 ], [ 528091.660469677299261, 6040915.246686632744968, 0.0 ], [ 528089.769545182585716, 6040924.965624129399657, 0.0 ], [ 528087.9186204187572, 6040934.689561334438622, 0.0 ], [ 528086.107695393264294, 6040944.419498243369162, 0.0 ], [ 528084.335770107805729, 6040954.1564348526299, 0.0 ], [ 528082.603844560682774, 6040963.898371174931526, 0.0 ], [ 528080.910918738692999, 6040973.646307206712663, 0.0 ], [ 528079.256992649286985, 6040983.400242945179343, 0.0 ], [ 528077.643066301941872, 6040993.159178392961621, 0.0 ], [ 528076.0681396946311, 6041002.925113548524678, 0.0 ], [ 528074.533212810754776, 6041012.696048408746719, 0.0 ], [ 528073.037285681813955, 6041022.473982972092927, 0.0 ], [ 528072.920291468501091, 6041023.25397773925215, 0.0 ], [ 528072.327320862561464, 6041027.209951184689999, 0.0 ], [ 528071.581358272582293, 6041032.256917246617377, 0.0 ], [ 528070.164430599659681, 6041042.045851229690015, 0.0 ], [ 528068.786502659320831, 6041051.840784921310842, 0.0 ], [ 528067.44857444986701, 6041061.641718315891922, 0.0 ], [ 528066.149645991623402, 6041071.447651430033147, 0.0 ], [ 528064.889717262238264, 6041081.260584240779281, 0.0 ], [ 528063.669788267463446, 6041091.07851676736027, 0.0 ], [ 528062.489858988672495, 6041100.902448993176222, 0.0 ], [ 528061.348929472267628, 6041110.732380928471684, 0.0 ], [ 528060.246999680995941, 6041120.568312573246658, 0.0 ], [ 528059.185069624334574, 6041130.410243920050561, 0.0 ], [ 528058.162139303982258, 6041140.258174980059266, 0.0 ], [ 528057.179208718240261, 6041150.112105736508965, 0.0 ], [ 528056.235277865082026, 6041159.971036215312779, 0.0 ], [ 528055.331346746534109, 6041169.836966386064887, 0.0 ], [ 528054.466415364295244, 6041179.707896275445819, 0.0 ], [ 528053.642483707517385, 6041189.584825861267745, 0.0 ], [ 528052.856551796197891, 6041199.467755160294473, 0.0 ], [ 528052.111619606614113, 6041209.356684156693518, 0.0 ], [ 528051.405687157064676, 6041219.251612863503397, 0.0 ], [ 528050.739754438400269, 6041229.152541271410882, 0.0 ], [ 528050.255815211683512, 6041238.238474775105715, 0.0 ], [ 528050.255815211683512, 6041238.238474775105715, 0.0 ] ], [ [ 528155.873326148837805, 6040811.425077887251973, 0.0 ], [ 528154.53547365963459, 6040833.278919037431479, 0.0 ], [ 528153.811542332172394, 6040843.330846657045186, 0.0 ], [ 528153.045611292123795, 6040853.376774583011866, 0.0 ], [ 528152.240680512040854, 6040863.416702803224325, 0.0 ], [ 528151.393750015646219, 6040873.45063133072108, 0.0 ], [ 528150.506819777190685, 6040883.478560157120228, 0.0 ], [ 528149.579889811575413, 6040893.499489285051823, 0.0 ], [ 528148.611960135400295, 6040903.515418712049723, 0.0 ], [ 528147.604030713438988, 6040913.524348442442715, 0.0 ], [ 528146.555101566016674, 6040923.527278476394713, 0.0 ], [ 528145.466172691434622, 6040933.524208806455135, 0.0 ], [ 528144.33724407106638, 6040943.51513943541795, 0.0 ], [ 528143.167315740138292, 6040953.500070367008448, 0.0 ], [ 528141.957387667149305, 6040963.47800160292536, 0.0 ], [ 528140.707459885627031, 6040973.450933129526675, 0.0 ], [ 528139.416532356292009, 6040983.416864967904985, 0.0 ], [ 528138.085605099797249, 6040993.37679710239172, 0.0 ], [ 528136.714678108692169, 6041003.330729532986879, 0.0 ], [ 528135.30375137925148, 6041013.278662258759141, 0.0 ], [ 528133.852824926376343, 6041023.220595286227763, 0.0 ], [ 528132.96486908569932, 6041029.167555351741612, 0.0 ], [ 528132.365898512303829, 6041033.122528844512999, 0.0 ], [ 528132.36089875549078, 6041033.155528623610735, 0.0 ], [ 528130.829972837120295, 6041043.085462243296206, 0.0 ], [ 528129.258047197014093, 6041053.008396175689995, 0.0 ], [ 528127.645121827721596, 6041062.926330401562154, 0.0 ], [ 528125.993196722120047, 6041072.837264928035438, 0.0 ], [ 528124.300271891057491, 6041082.742199755273759, 0.0 ], [ 528122.568347316235304, 6041092.641134873963892, 0.0 ], [ 528120.795423019677401, 6041102.534070298075676, 0.0 ], [ 528118.981499001383781, 6041112.421006025746465, 0.0 ], [ 528117.128575228154659, 6041122.300942048430443, 0.0 ], [ 528115.234651755541563, 6041132.175878370180726, 0.0 ], [ 528113.300728533416986, 6041142.043814994394779, 0.0 ], [ 528111.325805589556694, 6041151.905751924961805, 0.0 ], [ 528109.310882911086082, 6041161.761689151637256, 0.0 ], [ 528107.255960505455732, 6041171.611626675352454, 0.0 ], [ 528105.161038368940353, 6041181.455564496107399, 0.0 ], [ 528103.025116503238678, 6041191.293502617627382, 0.0 ], [ 528100.848194908350706, 6041201.124441053718328, 0.0 ], [ 528098.631273586302996, 6041210.949379786849022, 0.0 ], [ 528096.374352529644966, 6041220.768318815156817, 0.0 ], [ 528094.075431745499372, 6041230.581258154474199, 0.0 ], [ 528091.737511236220598, 6041240.388197785243392, 0.0 ], [ 528089.219597145915031, 6041250.99813239928335, 0.0 ], [ 528089.219597145915031, 6041250.99813239928335, 0.0 ] ], [ [ 528050.255815211683512, 6041238.238474775105715, 0.0 ], [ 528089.219597145915031, 6041250.99813239928335, 0.0 ] ], [ [ 528050.255815211683512, 6041238.238474775105715, 0.0 ], [ 528039.691998057067394, 6041254.478416838683188, 0.0 ], [ 528034.26909327507019, 6041263.030385449528694, 0.0 ], [ 528028.884188335388899, 6041271.604353654198349, 0.0 ], [ 528023.538283217698336, 6041280.198321457020938, 0.0 ], [ 528018.230377949774265, 6041288.81228887476027, 0.0 ], [ 528012.961472515016794, 6041297.448255873285234, 0.0 ], [ 528007.730566903948784, 6041306.104222482070327, 0.0 ], [ 528002.53666115552187, 6041314.781188697554171, 0.0 ], [ 527997.382755238562822, 6041323.479154501110315, 0.0 ], [ 527992.265849143266678, 6041332.197119918651879, 0.0 ], [ 527987.186942901462317, 6041340.936084938235581, 0.0 ], [ 527982.147036492824554, 6041349.696049552410841, 0.0 ], [ 527977.144129928201437, 6041358.476013778708875, 0.0 ], [ 527972.180223204195499, 6041367.27697760052979, 0.0 ], [ 527967.254316318780184, 6041376.098941025324166, 0.0 ], [ 527962.366409253329039, 6041384.940904057584703, 0.0 ], [ 527957.516502030193806, 6041393.803866688162088, 0.0 ], [ 527955.180546931922436, 6041398.106848426163197, 0.0 ], [ 527953.871572148054838, 6041400.524838144890964, 0.0 ], [ 527952.704594664275646, 6041402.687828918918967, 0.0 ], [ 527947.931687116622925, 6041411.591790755279362, 0.0 ], [ 527943.195779412984848, 6041420.516752195544541, 0.0 ], [ 527938.497871551662683, 6041429.461713243275881, 0.0 ], [ 527933.838963519781828, 6041438.427673888392746, 0.0 ], [ 527929.218055319041014, 6041447.41463413182646, 0.0 ], [ 527924.634146977216005, 6041456.421593992970884, 0.0 ], [ 527920.089238472282887, 6041465.449553445912898, 0.0 ], [ 527915.582329798489809, 6041474.498512498103082, 0.0 ], [ 527911.113420948386192, 6041483.567471161484718, 0.0 ], [ 527906.683511953800917, 6041492.657429416663945, 0.0 ], [ 527902.290602792054415, 6041501.768387280404568, 0.0 ], [ 527897.936693467199802, 6041510.899344747886062, 0.0 ], [ 527893.620783969759941, 6041520.051301811821759, 0.0 ], [ 527889.34387431666255, 6041529.224258470349014, 0.0 ], [ 527885.103964522480965, 6041538.418214738368988, 0.0 ], [ 527880.903054542839527, 6041547.632170608267188, 0.0 ], [ 527876.741144403815269, 6041556.867126071825624, 0.0 ], [ 527872.183243174105883, 6041567.04007684532553, 0.0 ], [ 527872.183243174105883, 6041567.04007684532553, 0.0 ] ], [ [ 528089.219597145915031, 6041250.99813239928335, 0.0 ], [ 528080.600784070789814, 6041270.258039133623242, 0.0 ], [ 528076.429873790591955, 6041279.459994906559587, 0.0 ], [ 528072.219963692128658, 6041288.641951076686382, 0.0 ], [ 528067.972053743898869, 6041297.803907639347017, 0.0 ], [ 528063.686143953353167, 6041306.943864608183503, 0.0 ], [ 528059.362234313040972, 6041316.063821971416473, 0.0 ], [ 528055.000324852764606, 6041325.163779720664024, 0.0 ], [ 528050.599415566772223, 6041334.242737880907953, 0.0 ], [ 528046.161506429314613, 6041343.301696426235139, 0.0 ], [ 528041.684597447514534, 6041352.339655373245478, 0.0 ], [ 528037.169688634574413, 6041361.35661472287029, 0.0 ], [ 528032.617779988795519, 6041370.353574460372329, 0.0 ], [ 528028.026871509850025, 6041379.330534590408206, 0.0 ], [ 528023.397963169962168, 6041388.28649512398988, 0.0 ], [ 528018.732055000960827, 6041397.221456047147512, 0.0 ], [ 528014.027147013694048, 6041406.136417370289564, 0.0 ], [ 528009.284239165484905, 6041415.031379084102809, 0.0 ], [ 528006.889285489916801, 6041419.488360015675426, 0.0 ], [ 528005.702308412641287, 6041421.689350628294051, 0.0 ], [ 528004.503331493586302, 6041423.905341199599206, 0.0 ], [ 527999.685423973947763, 6041432.759303700178862, 0.0 ], [ 527994.828516621142626, 6041441.592266604304314, 0.0 ], [ 527989.933609448373318, 6041450.405229901894927, 0.0 ], [ 527985.000702422112226, 6041459.197193597443402, 0.0 ], [ 527980.0307955481112, 6041467.969157679006457, 0.0 ], [ 527975.021888848394156, 6041476.720122165977955, 0.0 ], [ 527969.974982298910618, 6041485.451087044551969, 0.0 ], [ 527964.891075931489468, 6041494.162052309140563, 0.0 ], [ 527959.768169716000557, 6041502.852017979137599, 0.0 ], [ 527954.607263665646315, 6041511.520984048955142, 0.0 ], [ 527949.40835777670145, 6041520.169950512237847, 0.0 ], [ 527944.171452030539513, 6041528.797917369753122, 0.0 ], [ 527938.895546484738588, 6041537.405884630046785, 0.0 ], [ 527933.582641080021858, 6041545.992852282710373, 0.0 ], [ 527928.230735834687948, 6041554.559820332564414, 0.0 ], [ 527922.840830765664577, 6041563.104788788594306, 0.0 ], [ 527917.412925854325294, 6041571.630757631734014, 0.0 ], [ 527912.375012140721083, 6041579.229731116443872, 0.0 ], [ 527912.375012140721083, 6041579.229731116443872, 0.0 ] ], [ [ 527872.183243174105883, 6041567.04007684532553, 0.0 ], [ 527912.375012140721083, 6041579.229731116443872, 0.0 ] ], [ [ 527806.859708391129971, 6040287.796277401968837, 0.0 ], [ 528000.502187456935644, 6040600.021671651862562, 0.0 ], [ 528134.305518470704556, 6040815.763180149719119, 0.0 ], [ 528069.737706184387207, 6041244.618303586728871, 0.0 ], [ 527892.279127646237612, 6041573.134903982281685, 0.0 ] ], [ [ 531036.427510410547256, 6027633.158841155469418, 0.0 ], [ 531029.533693332225084, 6027653.883725845254958, 0.0 ], [ 531026.441777385771275, 6027663.498671679757535, 0.0 ], [ 531023.389861192554235, 6027673.123617185279727, 0.0 ], [ 531020.376944772899151, 6027682.757562380284071, 0.0 ], [ 531017.404028087854385, 6027692.400507253594697, 0.0 ], [ 531014.4711111523211, 6027702.053451799787581, 0.0 ], [ 531011.57719400152564, 6027711.716396020725369, 0.0 ], [ 531008.722276605665684, 6027721.388339933007956, 0.0 ], [ 531005.908358938992023, 6027731.070283508859575, 0.0 ], [ 531003.132441062480211, 6027740.762226770631969, 0.0 ], [ 531000.396522928029299, 6027750.462169719859958, 0.0 ], [ 530997.700604550540447, 6027760.173112330958247, 0.0 ], [ 530995.042685940861702, 6027769.893054637126625, 0.0 ], [ 530992.424767073243856, 6027779.621996623463929, 0.0 ], [ 530989.846847970038652, 6027789.360938279889524, 0.0 ], [ 530987.306928645819426, 6027799.108879631385207, 0.0 ], [ 530984.807009067386389, 6027808.866820652969182, 0.0 ], [ 530982.347089234739542, 6027818.63376135379076, 0.0 ], [ 530979.925169177353382, 6027828.410701742395759, 0.0 ], [ 530977.60424680262804, 6027837.941643376834691, 0.0 ], [ 530977.543248869478703, 6027838.196641807444394, 0.0 ], [ 530975.19932833686471, 6027847.992581560276449, 0.0 ], [ 530972.895407553762197, 6027857.797520993277431, 0.0 ], [ 530971.46445732191205, 6027863.978482676669955, 0.0 ], [ 530970.631486527621746, 6027867.612460095435381, 0.0 ], [ 530968.40556525439024, 6027877.436398892663419, 0.0 ], [ 530966.219643753021955, 6027887.269337368197739, 0.0 ], [ 530964.071722008287907, 6027897.112275529652834, 0.0 ], [ 530961.963800027966499, 6027906.96521336119622, 0.0 ], [ 530959.895877774804831, 6027916.826150884851813, 0.0 ], [ 530957.865955326706171, 6027926.698088081553578, 0.0 ], [ 530955.87603260576725, 6027936.579024960286915, 0.0 ], [ 530953.925109650939703, 6027946.468961523845792, 0.0 ], [ 530952.013186473399401, 6027956.368897765874863, 0.0 ], [ 530950.140263047069311, 6027966.277833694592118, 0.0 ], [ 530948.307339366525412, 6027976.196769296191633, 0.0 ], [ 530946.513415455818176, 6027986.124704585410655, 0.0 ], [ 530944.758491303771734, 6027996.06263954937458, 0.0 ], [ 530943.043566893786192, 6028006.009574193507433, 0.0 ], [ 530941.367642272263765, 6028015.96650851983577, 0.0 ], [ 530939.730717390775681, 6028025.932442529127002, 0.0 ], [ 530938.133792258799076, 6028035.90837621036917, 0.0 ], [ 530936.490868300199509, 6028046.013309195637703, 0.0 ], [ 530936.490868300199509, 6028046.013309195637703, 0.0 ] ], [ [ 531071.013384018093348, 6027655.178455408662558, 0.0 ], [ 531068.88251556456089, 6027673.525328381918371, 0.0 ], [ 531067.449589166790247, 6027683.499261049553752, 0.0 ], [ 531065.975663047283888, 6027693.464194040745497, 0.0 ], [ 531064.462737161666155, 6027703.421127343550324, 0.0 ], [ 531062.909811526536942, 6027713.369060961529613, 0.0 ], [ 531061.316886145621538, 6027723.307994904927909, 0.0 ], [ 531059.683961004018784, 6027733.238929155282676, 0.0 ], [ 531058.011036131531, 6027743.159863737411797, 0.0 ], [ 531056.298111490905285, 6027753.072798631154001, 0.0 ], [ 531054.546187117695808, 6027762.977733830921352, 0.0 ], [ 531052.75426298007369, 6027772.872669355943799, 0.0 ], [ 531050.922339089214802, 6027782.759605196304619, 0.0 ], [ 531049.051415462046862, 6027792.6375413518399, 0.0 ], [ 531047.140492077916861, 6027802.507477817125618, 0.0 ], [ 531045.189568940550089, 6027812.36841460224241, 0.0 ], [ 531043.199646037071943, 6027822.22035170160234, 0.0 ], [ 531041.169723410159349, 6027832.06428911536932, 0.0 ], [ 531039.099801022559404, 6027841.899226845242083, 0.0 ], [ 531036.990878883749247, 6027851.725164890289307, 0.0 ], [ 531035.980915755033493, 6027856.366135717369616, 0.0 ], [ 531034.842956978827715, 6027861.543103243224323, 0.0 ], [ 531032.655035324394703, 6027871.35204191878438, 0.0 ], [ 531030.427113939076662, 6027881.15198091045022, 0.0 ], [ 531030.01312842965126, 6027882.954969712533057, 0.0 ], [ 531028.160192780196667, 6027890.943920210003853, 0.0 ], [ 531025.853271890431643, 6027900.726859827525914, 0.0 ], [ 531023.507351219654083, 6027910.500799760222435, 0.0 ], [ 531021.122430816292763, 6027920.266739998944104, 0.0 ], [ 531018.697510659694672, 6027930.023680559359491, 0.0 ], [ 531016.23259075731039, 6027939.772621430456638, 0.0 ], [ 531013.728671081364155, 6027949.512562614865601, 0.0 ], [ 531011.184751681983471, 6027959.243504120968282, 0.0 ], [ 531008.601832497864962, 6027968.965445940382779, 0.0 ], [ 531005.978913586586714, 6027978.679388071410358, 0.0 ], [ 531003.315994929522276, 6027988.384330523200333, 0.0 ], [ 531000.614076510071754, 6027998.081273279152811, 0.0 ], [ 530997.87315833941102, 6028007.769216352142394, 0.0 ], [ 530995.091240409761667, 6028017.448159750550985, 0.0 ], [ 530992.270322740077972, 6028027.119103455916047, 0.0 ], [ 530989.409405324608088, 6028036.780047487467527, 0.0 ], [ 530986.509488150477409, 6028046.433991815894842, 0.0 ], [ 530983.630570638924837, 6028056.058936238288879, 0.0 ], [ 530983.630570638924837, 6028056.058936238288879, 0.0 ] ], [ [ 531036.427510410547256, 6027633.158841155469418, 0.0 ], [ 531071.013384018093348, 6027655.178455408662558, 0.0 ] ], [ [ 530936.490868300199509, 6028046.013309195637703, 0.0 ], [ 530983.630570638924837, 6028056.058936238288879, 0.0 ] ], [ [ 530936.490868300199509, 6028046.013309195637703, 0.0 ], [ 530931.213030319660902, 6028065.378194142132998, 0.0 ], [ 530928.61411102861166, 6028075.060136367566884, 0.0 ], [ 530926.057191465049982, 6028084.75107826013118, 0.0 ], [ 530923.542271628975868, 6028094.450019828975201, 0.0 ], [ 530921.06935153529048, 6028104.158961057662964, 0.0 ], [ 530918.639431163668633, 6028113.875901953317225, 0.0 ], [ 530916.250510524958372, 6028123.6018425244838, 0.0 ], [ 530913.904589623212814, 6028133.335782765410841, 0.0 ], [ 530911.599668461829424, 6028143.079722667112947, 0.0 ], [ 530909.336747039109468, 6028152.831662247888744, 0.0 ], [ 530907.116825319826603, 6028162.592601486481726, 0.0 ], [ 530904.937903359532356, 6028172.362540402449667, 0.0 ], [ 530902.801981136202812, 6028182.141478977166116, 0.0 ], [ 530900.994047928601503, 6028190.574425794184208, 0.0 ], [ 530900.707058642059565, 6028191.928417233750224, 0.0 ], [ 530899.601100079715252, 6028197.178384001366794, 0.0 ], [ 530898.654135886579752, 6028201.725355150178075, 0.0 ], [ 530896.643212866038084, 6028211.530292740091681, 0.0 ], [ 530894.674289561808109, 6028221.343230006285012, 0.0 ], [ 530892.747365992516279, 6028231.16616693418473, 0.0 ], [ 530890.862442176789045, 6028240.997103535570204, 0.0 ], [ 530889.019518069922924, 6028250.837039803154767, 0.0 ], [ 530887.21859372407198, 6028260.685975739732385, 0.0 ], [ 530885.459669090807438, 6028270.543911342509091, 0.0 ], [ 530883.742744214832783, 6028280.41084661334753, 0.0 ], [ 530882.066819064319134, 6028290.285781564190984, 0.0 ], [ 530880.433893628418446, 6028300.169716176576912, 0.0 ], [ 530878.842967949807644, 6028310.062650457024574, 0.0 ], [ 530877.294041987508535, 6028319.964584404602647, 0.0 ], [ 530875.78811576589942, 6028329.874518019147217, 0.0 ], [ 530874.323189277201891, 6028339.794451302848756, 0.0 ], [ 530872.735263463109732, 6028349.672385677695274, 0.0 ], [ 530872.735263463109732, 6028349.672385677695274, 0.0 ] ], [ [ 530983.630570638924837, 6028056.058936238288879, 0.0 ], [ 530980.582718513906002, 6028075.888803618960083, 0.0 ], [ 530979.021792646497488, 6028085.789737652055919, 0.0 ], [ 530977.418867029249668, 6028095.681672014296055, 0.0 ], [ 530975.773941710591316, 6028105.565606702119112, 0.0 ], [ 530974.087016638368368, 6028115.439541730098426, 0.0 ], [ 530972.359091822057962, 6028125.304477083496749, 0.0 ], [ 530970.588167265057564, 6028135.160412778146565, 0.0 ], [ 530968.775242999196053, 6028145.007348803803325, 0.0 ], [ 530966.921318974345922, 6028154.845285155810416, 0.0 ], [ 530965.024395231157541, 6028164.674221850000322, 0.0 ], [ 530963.086471725255251, 6028174.494158867746592, 0.0 ], [ 530961.106548517942429, 6028184.306096209213138, 0.0 ], [ 530959.08462555333972, 6028194.108033894561231, 0.0 ], [ 530957.306692242622375, 6028202.560980369336903, 0.0 ], [ 530957.021702848374844, 6028203.900971903465688, 0.0 ], [ 530955.894744511693716, 6028209.160938725806773, 0.0 ], [ 530954.915780406445265, 6028213.684910251758993, 0.0 ], [ 530952.76885824277997, 6028223.459848928265274, 0.0 ], [ 530950.57993633300066, 6028233.225787936709821, 0.0 ], [ 530948.349014688283205, 6028242.982727277092636, 0.0 ], [ 530946.076093308627605, 6028252.730666950345039, 0.0 ], [ 530943.762172177433968, 6028262.469606949947774, 0.0 ], [ 530941.406251329928637, 6028272.199547281488776, 0.0 ], [ 530939.007330745458603, 6028281.920487953349948, 0.0 ], [ 530936.567410416901112, 6028291.632428949698806, 0.0 ], [ 530934.085490345954895, 6028301.334370288066566, 0.0 ], [ 530931.561570540070534, 6028311.02831195294857, 0.0 ], [ 530928.995651014149189, 6028320.713253946043551, 0.0 ], [ 530926.387731734663248, 6028330.389196273870766, 0.0 ], [ 530923.73881272226572, 6028340.056138928979635, 0.0 ], [ 530921.046893991529942, 6028349.713081931695342, 0.0 ], [ 530918.481974385678768, 6028359.388023996725678, 0.0 ], [ 530918.481974385678768, 6028359.388023996725678, 0.0 ] ], [ [ 530872.735263463109732, 6028349.672385677695274, 0.0 ], [ 530918.481974385678768, 6028359.388023996725678, 0.0 ] ], [ [ 530872.735263463109732, 6028349.672385677695274, 0.0 ], [ 530867.678421869874001, 6028368.729271594434977, 0.0 ], [ 530865.131501223891973, 6028378.260214650072157, 0.0 ], [ 530862.625580307096243, 6028387.800157378427684, 0.0 ], [ 530860.162659138441086, 6028397.348099774681032, 0.0 ], [ 530857.741737697273493, 6028406.906041832640767, 0.0 ], [ 530855.361816000193357, 6028416.472983562387526, 0.0 ], [ 530853.023894026875496, 6028426.047924965620041, 0.0 ], [ 530850.72797180339694, 6028435.632866032421589, 0.0 ], [ 530848.474049296230078, 6028445.225806772708893, 0.0 ], [ 530846.262126546353102, 6028454.828747170977294, 0.0 ], [ 530844.091203514486551, 6028464.439687252976, 0.0 ], [ 530841.962280258536339, 6028474.060626993887126, 0.0 ], [ 530840.021351329982281, 6028483.013570666313171, 0.0 ], [ 530839.875356696546078, 6028483.689566410146654, 0.0 ], [ 530838.924391962587833, 6028488.147538263350725, 0.0 ], [ 530837.830432888120413, 6028493.328505483455956, 0.0 ], [ 530835.827508803457022, 6028502.97544423583895, 0.0 ], [ 530833.865584474056959, 6028512.632382651790977, 0.0 ], [ 530831.94565986469388, 6028522.297320742160082, 0.0 ], [ 530830.067735005170107, 6028531.971258501522243, 0.0 ], [ 530828.231809869408607, 6028541.655195920728147, 0.0 ], [ 530826.436884485185146, 6028551.347133019939065, 0.0 ], [ 530824.684958823025227, 6028561.048069779761136, 0.0 ], [ 530822.974032893776894, 6028570.758006214164197, 0.0 ], [ 530821.305106714367867, 6028580.477942306548357, 0.0 ], [ 530819.678180277347565, 6028590.205878076143563, 0.0 ], [ 530818.093253564089537, 6028599.942813513800502, 0.0 ], [ 530816.550326585769653, 6028609.688748615793884, 0.0 ], [ 530815.252392578870058, 6028618.616688443347812, 0.0 ], [ 530815.252392578870058, 6028618.616688443347812, 0.0 ] ], [ [ 530918.481974385678768, 6028359.388023996725678, 0.0 ], [ 530915.305123895406723, 6028379.320891399867833, 0.0 ], [ 530913.730198599398136, 6028389.295824950560927, 0.0 ], [ 530912.111273586750031, 6028399.261758849024773, 0.0 ], [ 530910.449348833411932, 6028409.21869308501482, 0.0 ], [ 530908.743424382060766, 6028419.166627663187683, 0.0 ], [ 530906.99350018799305, 6028429.105562592856586, 0.0 ], [ 530905.200576279312372, 6028439.034497866407037, 0.0 ], [ 530903.364652629941702, 6028448.955433470197022, 0.0 ], [ 530901.483729287981987, 6028458.866369433701038, 0.0 ], [ 530899.560806192457676, 6028468.768305731005967, 0.0 ], [ 530897.593883384019136, 6028478.661242372356355, 0.0 ], [ 530895.582960844039917, 6028488.544179364107549, 0.0 ], [ 530893.674033138900995, 6028497.730121054686606, 0.0 ], [ 530893.529038589447737, 6028498.419116691686213, 0.0 ], [ 530892.589073717594147, 6028502.867088557220995, 0.0 ], [ 530891.431116610765457, 6028508.285054362379014, 0.0 ], [ 530889.290194902569056, 6028518.140992381609976, 0.0 ], [ 530887.105273459106684, 6028527.987930742092431, 0.0 ], [ 530884.877352308481932, 6028537.8258694447577, 0.0 ], [ 530882.60543143004179, 6028547.654808493331075, 0.0 ], [ 530880.290510814636946, 6028557.474747878499329, 0.0 ], [ 530877.931590478867292, 6028567.284687615931034, 0.0 ], [ 530875.528670437633991, 6028577.086627693846822, 0.0 ], [ 530873.082750655710697, 6028586.87856811657548, 0.0 ], [ 530870.593831147998571, 6028596.661508878692985, 0.0 ], [ 530868.05991193279624, 6028606.43544999230653, 0.0 ], [ 530865.482992991805077, 6028616.200391444377601, 0.0 ], [ 530862.862074315547943, 6028625.956333244219422, 0.0 ], [ 530859.994162738323212, 6028636.538270268589258, 0.0 ], [ 530859.994162738323212, 6028636.538270268589258, 0.0 ] ], [ [ 530815.252392578870058, 6028618.616688443347812, 0.0 ], [ 530859.994162738323212, 6028636.538270268589258, 0.0 ] ], [ [ 530815.252392578870058, 6028618.616688443347812, 0.0 ], [ 530803.889578454196453, 6028634.363639294169843, 0.0 ], [ 530798.040675297379494, 6028642.656612562015653, 0.0 ], [ 530792.229772005230188, 6028650.973585410043597, 0.0 ], [ 530786.45586858689785, 6028659.313557845540345, 0.0 ], [ 530780.719964999705553, 6028667.67652987036854, 0.0 ], [ 530775.021061301231384, 6028676.063501477241516, 0.0 ], [ 530769.359157461673021, 6028684.47447266895324, 0.0 ], [ 530763.735253471881151, 6028692.908443443477154, 0.0 ], [ 530758.148349348455667, 6028701.365413811989129, 0.0 ], [ 530752.599445078521967, 6028709.845383763313293, 0.0 ], [ 530747.086540680378675, 6028718.349353310652077, 0.0 ], [ 530741.611636132001877, 6028726.87732242885977, 0.0 ], [ 530736.174731459468603, 6028735.428291136398911, 0.0 ], [ 530732.898789115250111, 6028740.618271990679204, 0.0 ], [ 530730.774826638400555, 6028744.002259435132146, 0.0 ], [ 530730.505831371992826, 6028744.430257845669985, 0.0 ], [ 530725.411921676248312, 6028752.599227324128151, 0.0 ], [ 530720.086016584187746, 6028761.220194795168936, 0.0 ], [ 530714.798111345618963, 6028769.864161854609847, 0.0 ], [ 530709.547205965965986, 6028778.532128497026861, 0.0 ], [ 530704.333300452679396, 6028787.223094732500613, 0.0 ], [ 530699.156394805759192, 6028795.937060557305813, 0.0 ], [ 530694.017489023506641, 6028804.675025960430503, 0.0 ], [ 530688.916583079844713, 6028813.435990948230028, 0.0 ], [ 530683.851677026599646, 6028822.220955528318882, 0.0 ], [ 530678.82477080821991, 6028831.028919692151248, 0.0 ], [ 530673.835864465683699, 6028839.859883443452418, 0.0 ], [ 530668.883957982063293, 6028848.714846774935722, 0.0 ], [ 530663.969051357358694, 6028857.59280970133841, 0.0 ], [ 530659.092144593596458, 6028866.494772204197943, 0.0 ], [ 530654.11823808401823, 6028875.31873591337353, 0.0 ], [ 530654.11823808401823, 6028875.31873591337353, 0.0 ] ], [ [ 530859.994162738323212, 6028636.538270268589258, 0.0 ], [ 530849.875355754047632, 6028654.939192998223007, 0.0 ], [ 530844.990448240190744, 6028663.714156521484256, 0.0 ], [ 530840.068540871143341, 6028672.46512046456337, 0.0 ], [ 530835.111633636057377, 6028681.193084800615907, 0.0 ], [ 530830.117726534605026, 6028689.899049539119005, 0.0 ], [ 530825.088819559663534, 6028698.582014674320817, 0.0 ], [ 530820.022912722080946, 6028707.241980213671923, 0.0 ], [ 530814.921006005257368, 6028715.878946156241, 0.0 ], [ 530809.783099431544542, 6028724.492912503890693, 0.0 ], [ 530804.609193000942469, 6028733.084879245609045, 0.0 ], [ 530799.399286694824696, 6028741.6538463877514, 0.0 ], [ 530794.152380526065826, 6028750.199813938699663, 0.0 ], [ 530788.870474480092525, 6028758.722781886346638, 0.0 ], [ 530783.552568569779396, 6028767.223750228062272, 0.0 ], [ 530783.1025765016675, 6028767.938747582025826, 0.0 ], [ 530780.702618785202503, 6028771.745733520016074, 0.0 ], [ 530778.198662783950567, 6028775.70171897020191, 0.0 ], [ 530772.808757148683071, 6028784.156688116490841, 0.0 ], [ 530767.381851639598608, 6028792.588657669723034, 0.0 ], [ 530761.919946253299713, 6028800.99862761143595, 0.0 ], [ 530756.422040998935699, 6028809.384597964584827, 0.0 ], [ 530750.887135893106461, 6028817.748568717390299, 0.0 ], [ 530745.3172309063375, 6028826.089539865031838, 0.0 ], [ 530739.710326079279184, 6028834.408511416986585, 0.0 ], [ 530734.068421356379986, 6028842.703483370132744, 0.0 ], [ 530728.389516778290272, 6028850.976455722935498, 0.0 ], [ 530722.674612332135439, 6028859.226428479887545, 0.0 ], [ 530716.924708005040884, 6028867.453401628881693, 0.0 ], [ 530711.136803839355707, 6028875.658375189639628, 0.0 ], [ 530705.313899789005518, 6028883.839349151588976, 0.0 ], [ 530699.4549958743155, 6028891.998323507606983, 0.0 ], [ 530693.699091590940952, 6028900.224296703934669, 0.0 ], [ 530693.699091590940952, 6028900.224296703934669, 0.0 ] ], [ [ 530654.11823808401823, 6028875.31873591337353, 0.0 ], [ 530693.699091590940952, 6028900.224296703934669, 0.0 ] ], [ [ 530654.11823808401823, 6028875.31873591337353, 0.0 ], [ 530642.563427455723286, 6028891.390685482881963, 0.0 ], [ 530636.755522456020117, 6028899.438660370185971, 0.0 ], [ 530630.982617329806089, 6028907.509634859859943, 0.0 ], [ 530625.24571206048131, 6028915.60260895639658, 0.0 ], [ 530619.54480667412281, 6028923.719582640565932, 0.0 ], [ 530613.879901152104139, 6028931.859555927105248, 0.0 ], [ 530608.24999551102519, 6028940.022528813220561, 0.0 ], [ 530602.655089743435383, 6028948.208501305431128, 0.0 ], [ 530597.097183834761381, 6028956.417473388835788, 0.0 ], [ 530591.574277803301811, 6028964.648445087485015, 0.0 ], [ 530586.086371641606092, 6028972.903416376560926, 0.0 ], [ 530580.634465359151363, 6028981.180387274362147, 0.0 ], [ 530575.218558944761753, 6028989.480357766151428, 0.0 ], [ 530570.062648490071297, 6028997.455329117365181, 0.0 ], [ 530569.837652403861284, 6028997.804327858611941, 0.0 ], [ 530564.492745731025934, 6029006.150297556072474, 0.0 ], [ 530559.183838922530413, 6029014.519266853109002, 0.0 ], [ 530557.176874276250601, 6029017.70225509814918, 0.0 ], [ 530553.909931991249323, 6029022.911235752515495, 0.0 ], [ 530548.671024940907955, 6029031.326204256154597, 0.0 ], [ 530543.469117742031813, 6029039.763172359205782, 0.0 ], [ 530538.301210422068834, 6029048.2241400629282, 0.0 ], [ 530533.170302990823984, 6029056.708107361570001, 0.0 ], [ 530528.074395418167114, 6029065.214074269868433, 0.0 ], [ 530523.013487722724676, 6029073.744040775112808, 0.0 ], [ 530517.989579886198044, 6029082.296006879769266, 0.0 ], [ 530513.000671923160553, 6029090.871972578577697, 0.0 ], [ 530508.047763828188181, 6029099.469937887042761, 0.0 ], [ 530503.129855621606112, 6029108.090902798809111, 0.0 ], [ 530498.247947279363871, 6029116.735867298208177, 0.0 ], [ 530494.671020295470953, 6029124.00383414234966, 0.0 ], [ 530494.671020295470953, 6029124.00383414234966, 0.0 ] ], [ [ 530693.699091590940952, 6028900.224296703934669, 0.0 ], [ 530684.010277673602104, 6028918.047221155837178, 0.0 ], [ 530679.16837090626359, 6028926.990183128044009, 0.0 ], [ 530674.289464276283979, 6028935.911145495250821, 0.0 ], [ 530669.372557785362005, 6028944.808108287863433, 0.0 ], [ 530664.419651430100203, 6028953.682071482762694, 0.0 ], [ 530659.428745217621326, 6028962.53303509298712, 0.0 ], [ 530654.400839135050774, 6028971.361999101005495, 0.0 ], [ 530649.334933221340179, 6028980.166963532567024, 0.0 ], [ 530644.233027420938015, 6028988.949928361922503, 0.0 ], [ 530639.093121789395809, 6028997.709893602877855, 0.0 ], [ 530633.917216271162033, 6029006.446859246119857, 0.0 ], [ 530628.703310910612345, 6029015.160825302824378, 0.0 ], [ 530623.45240568369627, 6029023.852791762910783, 0.0 ], [ 530618.164500586688519, 6029032.520758637227118, 0.0 ], [ 530615.709544487297535, 6029036.51674347370863, 0.0 ], [ 530612.839595653116703, 6029041.166725911200047, 0.0 ], [ 530607.477690849453211, 6029049.78969359677285, 0.0 ], [ 530603.556760128587484, 6029056.043670359998941, 0.0 ], [ 530602.078786183148623, 6029058.389661690220237, 0.0 ], [ 530596.642881643027067, 6029066.966630192473531, 0.0 ], [ 530591.168977271765471, 6029075.520599106326699, 0.0 ], [ 530585.659073028713465, 6029084.052568413317204, 0.0 ], [ 530580.111168935894966, 6029092.560538149438798, 0.0 ], [ 530574.526264954358339, 6029101.046508279629052, 0.0 ], [ 530568.905361130833626, 6029109.509478817693889, 0.0 ], [ 530563.245457466691732, 6029117.949449774809182, 0.0 ], [ 530557.549553919583559, 6029126.366421134211123, 0.0 ], [ 530551.81665051728487, 6029134.760392898693681, 0.0 ], [ 530546.045747265219688, 6029143.132365071214736, 0.0 ], [ 530540.237844135612249, 6029151.480337663553655, 0.0 ], [ 530534.392941165715456, 6029159.805310660973191, 0.0 ], [ 530527.187057796865702, 6029169.595280994661152, 0.0 ], [ 530527.187057796865702, 6029169.595280994661152, 0.0 ] ], [ [ 530494.671020295470953, 6029124.00383414234966, 0.0 ], [ 530527.187057796865702, 6029169.595280994661152, 0.0 ] ], [ [ 530494.671020295470953, 6029124.00383414234966, 0.0 ], [ 530476.56817526742816, 6029126.617927837185562, 0.0 ], [ 530466.666261922568083, 6029128.350976765155792, 0.0 ], [ 530456.774348773062229, 6029130.124025325290859, 0.0 ], [ 530446.892435781657696, 6029131.936073523014784, 0.0 ], [ 530437.019522976130247, 6029133.788121359422803, 0.0 ], [ 530427.156610332429409, 6029135.679168833419681, 0.0 ], [ 530417.303697865456343, 6029137.60921594966203, 0.0 ], [ 530407.45978556573391, 6029139.57826270814985, 0.0 ], [ 530397.62487344071269, 6029141.58730910345912, 0.0 ], [ 530387.80096148326993, 6029143.63435513805598, 0.0 ], [ 530377.986049719154835, 6029145.721400812268257, 0.0 ], [ 530368.180138118565083, 6029147.847446130588651, 0.0 ], [ 530358.384226687252522, 6029150.013491080142558, 0.0 ], [ 530355.378253921866417, 6029150.68650480825454, 0.0 ], [ 530348.598315428942442, 6029152.217535676434636, 0.0 ], [ 530338.821404349058867, 6029154.461579908616841, 0.0 ], [ 530329.053493432700634, 6029156.744623785838485, 0.0 ], [ 530319.296582702547312, 6029159.066667296923697, 0.0 ], [ 530309.616671491414309, 6029161.410710155963898, 0.0 ], [ 530309.548672121018171, 6029161.427710451185703, 0.0 ], [ 530299.809761736541986, 6029163.827753253281116, 0.0 ], [ 530290.080851517617702, 6029166.267795684747398, 0.0 ], [ 530280.36194146797061, 6029168.745837762951851, 0.0 ], [ 530270.652031593024731, 6029171.263879477977753, 0.0 ], [ 530260.951121892780066, 6029173.820920836180449, 0.0 ], [ 530251.261212356388569, 6029176.41696183104068, 0.0 ], [ 530241.580303002148867, 6029179.053002459928393, 0.0 ], [ 530231.908393822610378, 6029181.728042734786868, 0.0 ], [ 530222.246484819799662, 6029184.442082647234201, 0.0 ], [ 530212.594575975090265, 6029187.195122200995684, 0.0 ], [ 530202.951667305082083, 6029189.988161390647292, 0.0 ], [ 530193.318758822977543, 6029192.820200219750404, 0.0 ], [ 530183.695850498974323, 6029195.691238685511053, 0.0 ], [ 530174.081942360848188, 6029198.60227679181844, 0.0 ], [ 530164.478034391999245, 6029201.553314528428018, 0.0 ], [ 530154.883126609027386, 6029204.542351916432381, 0.0 ], [ 530145.299218986183405, 6029207.572388920933008, 0.0 ], [ 530135.723311550915241, 6029210.641425577923656, 0.0 ], [ 530126.232403229922056, 6029213.675461967475712, 0.0 ], [ 530126.232403229922056, 6029213.675461967475712, 0.0 ] ], [ [ 530527.187057796865702, 6029169.595280994661152, 0.0 ], [ 530506.040258944034576, 6029175.853365919552743, 0.0 ], [ 530496.408349525183439, 6029178.537405874580145, 0.0 ], [ 530486.769439913332462, 6029181.183446165174246, 0.0 ], [ 530477.12153010442853, 6029183.789486817084253, 0.0 ], [ 530467.465620141476393, 6029186.357527811080217, 0.0 ], [ 530457.802709978073835, 6029188.887569137848914, 0.0 ], [ 530448.130799651145935, 6029191.377610827796161, 0.0 ], [ 530438.451889123767614, 6029193.829652856104076, 0.0 ], [ 530428.76397842913866, 6029196.243695230223238, 0.0 ], [ 530419.069067541509867, 6029198.618737944401801, 0.0 ], [ 530409.365156479179859, 6029200.954781015403569, 0.0 ], [ 530399.654245235025883, 6029203.252824421040714, 0.0 ], [ 530389.935333799570799, 6029205.511868174187839, 0.0 ], [ 530380.208422195166349, 6029207.732912270352244, 0.0 ], [ 530376.18345869332552, 6029208.639930606819689, 0.0 ], [ 530370.473510399460793, 6029209.91495671402663, 0.0 ], [ 530360.730598423629999, 6029212.058001507073641, 0.0 ], [ 530350.97968627512455, 6029214.164046633057296, 0.0 ], [ 530341.221773937344551, 6029216.230092106387019, 0.0 ], [ 530331.454861417412758, 6029218.259137921966612, 0.0 ], [ 530331.454861417412758, 6029218.259137921966612, 0.0 ], [ 530321.679948732256889, 6029220.248184094205499, 0.0 ], [ 530311.8980358466506, 6029222.199230601079762, 0.0 ], [ 530302.107122790068388, 6029224.112277453765273, 0.0 ], [ 530292.309209547936916, 6029225.986324651166797, 0.0 ], [ 530282.503296125680208, 6029227.82237218786031, 0.0 ], [ 530272.689382512122393, 6029229.619420075789094, 0.0 ], [ 530262.867468722164631, 6029231.377468310296535, 0.0 ], [ 530253.036554764956236, 6029233.097516893409193, 0.0 ], [ 530243.198640629649162, 6029234.778565818443894, 0.0 ], [ 530233.353726286441088, 6029236.421615077182651, 0.0 ], [ 530223.499811753630638, 6029238.024664700962603, 0.0 ], [ 530213.637897081673145, 6029239.590714656747878, 0.0 ], [ 530203.767982184886932, 6029241.116764968261123, 0.0 ], [ 530193.890067141503096, 6029242.60481561999768, 0.0 ], [ 530184.005151886492968, 6029244.053866614587605, 0.0 ], [ 530174.111236471682787, 6029245.463917966932058, 0.0 ], [ 530164.209320861846209, 6029246.834969665855169, 0.0 ], [ 530154.299405071884394, 6029248.167021716013551, 0.0 ], [ 530144.382489088922739, 6029249.460074105300009, 0.0 ], [ 530134.560572367161512, 6029250.751125914044678, 0.0 ], [ 530134.560572367161512, 6029250.751125914044678, 0.0 ] ], [ [ 530126.232403229922056, 6029213.675461967475712, 0.0 ], [ 530134.560572367161512, 6029250.751125914044678, 0.0 ] ], [ [ 530126.232403229922056, 6029213.675461967475712, 0.0 ], [ 530106.38157394900918, 6029216.66656375862658, 0.0 ], [ 530096.473659381270409, 6029218.197614269331098, 0.0 ], [ 530086.575745012611151, 6029219.769664405845106, 0.0 ], [ 530076.686830829828978, 6029221.382714168168604, 0.0 ], [ 530066.806916829198599, 6029223.03676356561482, 0.0 ], [ 530056.937003012746572, 6029224.731812584213912, 0.0 ], [ 530047.075089391320944, 6029226.467861239798367, 0.0 ], [ 530037.224175944924355, 6029228.244909510947764, 0.0 ], [ 530027.381262682378292, 6029230.0629574181512, 0.0 ], [ 530017.548349618911743, 6029231.922004951164126, 0.0 ], [ 530007.725436720997095, 6029233.822052105329931, 0.0 ], [ 529997.910524025559425, 6029235.762098902836442, 0.0 ], [ 529988.105611506849527, 6029237.743145323358476, 0.0 ], [ 529978.310699161142111, 6029239.765191369690001, 0.0 ], [ 529968.523787017911673, 6029241.828237048350275, 0.0 ], [ 529958.746875066310167, 6029243.932282353751361, 0.0 ], [ 529948.978963293135166, 6029246.076327298767865, 0.0 ], [ 529941.660029567778111, 6029247.711360751651227, 0.0 ], [ 529939.221051685512066, 6029248.261371861211956, 0.0 ], [ 529934.102098189294338, 6029249.42539510410279, 0.0 ], [ 529929.472140286117792, 6029250.487416055984795, 0.0 ], [ 529919.732229057699442, 6029252.754459879361093, 0.0 ], [ 529910.002318013459444, 6029255.061503337696195, 0.0 ], [ 529900.280407179147005, 6029257.409546428360045, 0.0 ], [ 529890.568496495485306, 6029259.798589142970741, 0.0 ], [ 529880.86658600717783, 6029262.228631482459605, 0.0 ], [ 529871.1736757196486, 6029264.699673450551927, 0.0 ], [ 529861.489765606820583, 6029267.210715055465698, 0.0 ], [ 529851.814855676144361, 6029269.762756291776896, 0.0 ], [ 529842.149945929646492, 6029272.355797149240971, 0.0 ], [ 529832.494036361575127, 6029274.989837636239827, 0.0 ], [ 529822.848126996308565, 6029277.664877749979496, 0.0 ], [ 529813.21021781489253, 6029280.380917496047914, 0.0 ], [ 529803.583308804780245, 6029283.137956860475242, 0.0 ], [ 529793.964399989694357, 6029285.934995871037245, 0.0 ], [ 529784.355491351336241, 6029288.774034493602812, 0.0 ], [ 529774.755582913756371, 6029291.654072748497128, 0.0 ], [ 529765.165674652904272, 6029294.575110626406968, 0.0 ], [ 529755.584766589105129, 6029297.537148133851588, 0.0 ], [ 529746.009857665747404, 6029300.370186590589583, 0.0 ], [ 529746.009857665747404, 6029300.370186590589583, 0.0 ] ], [ [ 530134.560572367161512, 6029250.751125914044678, 0.0 ], [ 530115.347755860537291, 6029256.553202182985842, 0.0 ], [ 530105.739847350865602, 6029259.414240632206202, 0.0 ], [ 530096.123938642442226, 6029262.234279445372522, 0.0 ], [ 530086.49802977964282, 6029265.013318635523319, 0.0 ], [ 530076.863120712339878, 6029267.751358196139336, 0.0 ], [ 530067.21921145170927, 6029270.447398133575916, 0.0 ], [ 530057.566302012652159, 6029273.103438434191048, 0.0 ], [ 530047.903392378240824, 6029275.71747912093997, 0.0 ], [ 530038.232482559978962, 6029278.29152016248554, 0.0 ], [ 530028.552572544664145, 6029280.823561582714319, 0.0 ], [ 530018.862662345170975, 6029283.315603368915617, 0.0 ], [ 530009.164751961827278, 6029285.765645529143512, 0.0 ], [ 529999.456841394305229, 6029288.175688060931861, 0.0 ], [ 529989.739930644631386, 6029290.544730959460139, 0.0 ], [ 529980.015019670128822, 6029292.871774231083691, 0.0 ], [ 529970.280108541250229, 6029295.158817872405052, 0.0 ], [ 529960.536197230219841, 6029297.404861881397665, 0.0 ], [ 529953.204263772815466, 6029299.066895213909447, 0.0 ], [ 529950.783285722136497, 6029299.609906264580786, 0.0 ], [ 529945.39633447676897, 6029300.809930914081633, 0.0 ], [ 529941.021374017000198, 6029301.773951012641191, 0.0 ], [ 529931.250462144613266, 6029303.897996126674116, 0.0 ], [ 529921.470550067722797, 6029305.980041619390249, 0.0 ], [ 529911.681637812405825, 6029308.022087473422289, 0.0 ], [ 529901.882725361734629, 6029310.022133710794151, 0.0 ], [ 529892.075812719762325, 6029311.982180306687951, 0.0 ], [ 529882.259899899363518, 6029313.900227281264961, 0.0 ], [ 529872.433986883610487, 6029315.778274620883167, 0.0 ], [ 529862.600073684006929, 6029317.615322327241302, 0.0 ], [ 529852.756160300225019, 6029319.410370416939259, 0.0 ], [ 529842.903246726840734, 6029321.165418869815767, 0.0 ], [ 529833.042332965880632, 6029322.879467684775591, 0.0 ], [ 529823.171419009566307, 6029324.551516886800528, 0.0 ], [ 529813.291504863649607, 6029326.18356645014137, 0.0 ], [ 529803.402590539306402, 6029327.773616393096745, 0.0 ], [ 529793.504676017910242, 6029329.322666705586016, 0.0 ], [ 529783.59676131606102, 6029330.830717392265797, 0.0 ], [ 529773.680846411734819, 6029332.297768446616828, 0.0 ], [ 529763.754931345582008, 6029333.723819876089692, 0.0 ], [ 529753.862016759812832, 6029335.26887018699199, 0.0 ], [ 529753.862016759812832, 6029335.26887018699199, 0.0 ] ], [ [ 529746.009857665747404, 6029300.370186590589583, 0.0 ], [ 529753.862016759812832, 6029335.26887018699199, 0.0 ] ], [ [ 529746.009857665747404, 6029300.370186590589583, 0.0 ], [ 529726.339026164263487, 6029303.231288242153823, 0.0 ], [ 529716.481110513210297, 6029304.647339322604239, 0.0 ], [ 529706.632195040583611, 6029306.104390029795468, 0.0 ], [ 529696.791279759258032, 6029307.60344036668539, 0.0 ], [ 529686.960364673286676, 6029309.142490333877504, 0.0 ], [ 529677.137449778616428, 6029310.722539935261011, 0.0 ], [ 529667.324535056948662, 6029312.343589165247977, 0.0 ], [ 529657.519620541483164, 6029314.005638025701046, 0.0 ], [ 529647.723706189543009, 6029315.708686520345509, 0.0 ], [ 529637.937792047858238, 6029317.452734637074172, 0.0 ], [ 529628.159878093749285, 6029319.237782387062907, 0.0 ], [ 529618.389964327216148, 6029321.062829784117639, 0.0 ], [ 529608.630050726234913, 6029322.928876803256571, 0.0 ], [ 529598.879137333482504, 6029324.835923450067639, 0.0 ], [ 529589.136224143207073, 6029326.783969733864069, 0.0 ], [ 529579.402311123907566, 6029328.773015649989247, 0.0 ], [ 529569.677398301661015, 6029330.802061202004552, 0.0 ], [ 529559.961485654115677, 6029332.872106383554637, 0.0 ], [ 529555.559525333344936, 6029333.824126746505499, 0.0 ], [ 529550.254573199898005, 6029334.983151193708181, 0.0 ], [ 529540.556660939007998, 6029337.134195643477142, 0.0 ], [ 529538.472679827362299, 6029337.602205151692033, 0.0 ], [ 529530.867748852819204, 6029339.32723971363157, 0.0 ], [ 529521.18683698028326, 6029341.560283429920673, 0.0 ], [ 529511.51492528244853, 6029343.83432677295059, 0.0 ], [ 529501.852013774216175, 6029346.149369746446609, 0.0 ], [ 529492.199102442711592, 6029348.504412351176143, 0.0 ], [ 529482.553191319108009, 6029350.901454591192305, 0.0 ], [ 529472.917280364781618, 6029353.338496460579336, 0.0 ], [ 529463.290369600057602, 6029355.816537961363792, 0.0 ], [ 529453.671459045261145, 6029358.335579097270966, 0.0 ], [ 529444.062548663467169, 6029360.895619857124984, 0.0 ], [ 529434.461638476699591, 6029363.496660250239074, 0.0 ], [ 529424.869728464633226, 6029366.137700282968581, 0.0 ], [ 529415.287818647921085, 6029368.820739932358265, 0.0 ], [ 529405.713909029960632, 6029371.544779216870666, 0.0 ], [ 529396.148999612778425, 6029374.309818130917847, 0.0 ], [ 529386.592090375721455, 6029377.11585668195039, 0.0 ], [ 529377.045181326568127, 6029379.963894847780466, 0.0 ], [ 529365.588292304426432, 6029383.674938404932618, 0.0 ], [ 529365.588292304426432, 6029383.674938404932618, 0.0 ] ], [ [ 529753.862016759812832, 6029335.26887018699199, 0.0 ], [ 529734.539201699197292, 6029341.168946395628154, 0.0 ], [ 529724.861294403672218, 6029344.137984458357096, 0.0 ], [ 529715.17438692972064, 6029347.065022897906601, 0.0 ], [ 529705.476479265838861, 6029349.95006172824651, 0.0 ], [ 529695.769571401178837, 6029352.792100946418941, 0.0 ], [ 529686.05266334861517, 6029355.591140555217862, 0.0 ], [ 529676.324755124747753, 6029358.348180554807186, 0.0 ], [ 529666.58784668892622, 6029361.06222094129771, 0.0 ], [ 529656.840938057750463, 6029363.734261708334088, 0.0 ], [ 529647.085029233247042, 6029366.363302861340344, 0.0 ], [ 529637.31812022998929, 6029368.950344405137002, 0.0 ], [ 529627.541211042553186, 6029371.495386335998774, 0.0 ], [ 529617.755301643162966, 6029373.997428652830422, 0.0 ], [ 529607.958392068743706, 6029376.456471365876496, 0.0 ], [ 529598.152482308447361, 6029378.874514446593821, 0.0 ], [ 529588.336572352796793, 6029381.249557924456894, 0.0 ], [ 529578.510662198066711, 6029383.58160179015249, 0.0 ], [ 529573.916704125702381, 6029384.657622409984469, 0.0 ], [ 529568.674751866608858, 6029385.872646035626531, 0.0 ], [ 529558.828841336071491, 6029388.120690670795739, 0.0 ], [ 529556.61486142501235, 6029388.619700757786632, 0.0 ], [ 529548.973930597305298, 6029390.325735691934824, 0.0 ], [ 529539.108019698411226, 6029392.488781104795635, 0.0 ], [ 529529.233108591288328, 6029394.60982689447701, 0.0 ], [ 529519.347197294235229, 6029396.687873082235456, 0.0 ], [ 529509.452285818755627, 6029398.723919648677111, 0.0 ], [ 529499.547374151647091, 6029400.717966599389911, 0.0 ], [ 529489.632462281733751, 6029402.669013941660523, 0.0 ], [ 529479.708550214767456, 6029404.577061668969691, 0.0 ], [ 529469.773637969046831, 6029406.443109786137938, 0.0 ], [ 529459.828725524246693, 6029408.267158288508654, 0.0 ], [ 529449.874812889844179, 6029410.048207177780569, 0.0 ], [ 529439.909900069236755, 6029411.786256463266909, 0.0 ], [ 529429.935987070202827, 6029413.482306127436459, 0.0 ], [ 529419.951073858886957, 6029415.135356190614402, 0.0 ], [ 529409.957160450518131, 6029416.745406637899578, 0.0 ], [ 529399.953246876597404, 6029418.313457472249866, 0.0 ], [ 529391.778313931077719, 6029419.030503327026963, 0.0 ], [ 529391.778313931077719, 6029419.030503327026963, 0.0 ] ], [ [ 529365.588292304426432, 6029383.674938404932618, 0.0 ], [ 529391.778313931077719, 6029419.030503327026963, 0.0 ] ], [ [ 531053.720447219908237, 6027644.16864828299731, 0.0 ], [ 530960.060719475150108, 6028051.036122716031969, 0.0 ], [ 530895.609118930995464, 6028354.530204832553864, 0.0 ], [ 530837.623277653008699, 6028627.57747935783118, 0.0 ], [ 530673.90916483104229, 6028887.771516305394471, 0.0 ], [ 530510.929039042443037, 6029146.799557569436729, 0.0 ], [ 530130.396487798541784, 6029232.21329394262284, 0.0 ], [ 529749.935937207192183, 6029317.819028391502798, 0.0 ], [ 529378.683303128927946, 6029401.352720866911113, 0.0 ] ], [ [ 531001.527745183557272, 6027870.899105118587613, 0.0 ], [ 530971.464242797344923, 6027863.97857294138521, 0.0 ] ], [ [ 531000.325569104403257, 6027876.121481430716813, 0.0 ], [ 531030.012912273406982, 6027882.95542283449322, 0.0 ] ], [ [ 531001.527745183557272, 6027870.899105118587613, 0.0 ], [ 530971.464242797344923, 6027863.97857294138521, 0.0 ] ], [ [ 531000.325569104403257, 6027876.121481430716813, 0.0 ], [ 531030.012912273406982, 6027882.95542283449322, 0.0 ] ], [ [ 530929.157379906624556, 6028196.55576977878809, 0.0 ], [ 530900.9936753064394, 6028190.574773089960217, 0.0 ] ], [ [ 530929.151771165430546, 6028196.58218058757484, 0.0 ], [ 530957.306672155857086, 6028202.561307691968977, 0.0 ] ], [ [ 530866.011766750365496, 6028493.900042624212801, 0.0 ], [ 530838.924058746546507, 6028488.147546632215381, 0.0 ] ], [ [ 530865.336639933288097, 6028497.079121454618871, 0.0 ], [ 530892.589660044759512, 6028502.866724041290581, 0.0 ] ], [ [ 530929.157379906624556, 6028196.55576977878809, 0.0 ], [ 530900.9936753064394, 6028190.574773089960217, 0.0 ] ], [ [ 530929.151771165430546, 6028196.58218058757484, 0.0 ], [ 530957.306672155857086, 6028202.561307691968977, 0.0 ] ], [ [ 530866.011766750365496, 6028493.900042624212801, 0.0 ], [ 530838.924058746546507, 6028488.147546632215381, 0.0 ] ], [ [ 530865.336639933288097, 6028497.079121454618871, 0.0 ], [ 530892.589660044759512, 6028502.866724041290581, 0.0 ] ], [ [ 530929.157379906624556, 6028196.55576977878809, 0.0 ], [ 530900.9936753064394, 6028190.574773089960217, 0.0 ] ], [ [ 530929.151771165430546, 6028196.58218058757484, 0.0 ], [ 530957.306672155857086, 6028202.561307691968977, 0.0 ] ], [ [ 530866.011766750365496, 6028493.900042624212801, 0.0 ], [ 530838.924058746546507, 6028488.147546632215381, 0.0 ] ], [ [ 530865.336639933288097, 6028497.079121454618871, 0.0 ], [ 530892.589660044759512, 6028502.866724041290581, 0.0 ] ], [ [ 530929.157379906624556, 6028196.55576977878809, 0.0 ], [ 530900.9936753064394, 6028190.574773089960217, 0.0 ] ], [ [ 530929.151771165430546, 6028196.58218058757484, 0.0 ], [ 530957.306672155857086, 6028202.561307691968977, 0.0 ] ], [ [ 530866.011766750365496, 6028493.900042624212801, 0.0 ], [ 530838.924058746546507, 6028488.147546632215381, 0.0 ] ], [ [ 530865.336639933288097, 6028497.079121454618871, 0.0 ], [ 530892.589660044759512, 6028502.866724041290581, 0.0 ] ], [ [ 530929.157379906624556, 6028196.55576977878809, 0.0 ], [ 530900.9936753064394, 6028190.574773089960217, 0.0 ] ], [ [ 530929.151771165430546, 6028196.58218058757484, 0.0 ], [ 530957.306672155857086, 6028202.561307691968977, 0.0 ] ], [ [ 530866.011766750365496, 6028493.900042624212801, 0.0 ], [ 530838.924058746546507, 6028488.147546632215381, 0.0 ] ], [ [ 530865.336639933288097, 6028497.079121454618871, 0.0 ], [ 530892.589660044759512, 6028502.866724041290581, 0.0 ] ], [ [ 530929.157379906624556, 6028196.55576977878809, 0.0 ], [ 530900.9936753064394, 6028190.574773089960217, 0.0 ] ], [ [ 530929.151771165430546, 6028196.58218058757484, 0.0 ], [ 530957.306672155857086, 6028202.561307691968977, 0.0 ] ], [ [ 530866.011766750365496, 6028493.900042624212801, 0.0 ], [ 530838.924058746546507, 6028488.147546632215381, 0.0 ] ], [ [ 530865.336639933288097, 6028497.079121454618871, 0.0 ], [ 530892.589660044759512, 6028502.866724041290581, 0.0 ] ], [ [ 531001.527745183557272, 6027870.899105118587613, 0.0 ], [ 530971.464242797344923, 6027863.97857294138521, 0.0 ] ], [ [ 531000.325569104403257, 6027876.121481430716813, 0.0 ], [ 531030.012912273406982, 6027882.95542283449322, 0.0 ] ], [ [ 530929.157379906624556, 6028196.55576977878809, 0.0 ], [ 530900.9936753064394, 6028190.574773089960217, 0.0 ] ], [ [ 530929.151771165430546, 6028196.58218058757484, 0.0 ], [ 530957.306672155857086, 6028202.561307691968977, 0.0 ] ], [ [ 530866.011766750365496, 6028493.900042624212801, 0.0 ], [ 530838.924058746546507, 6028488.147546632215381, 0.0 ] ], [ [ 530865.336639933288097, 6028497.079121454618871, 0.0 ], [ 530892.589660044759512, 6028502.866724041290581, 0.0 ] ], [ [ 530756.96881864964962, 6028755.763320654630661, 0.0 ], [ 530732.898319199681282, 6028740.618175989016891, 0.0 ] ], [ [ 530758.892383553087711, 6028752.706158166751266, 0.0 ], [ 530783.10253743454814, 6028767.939173324033618, 0.0 ] ], [ [ 530582.236339937895536, 6029033.469211924821138, 0.0 ], [ 530557.177250389009714, 6029017.702061193063855, 0.0 ] ], [ [ 530578.107494752854109, 6029040.031279044225812, 0.0 ], [ 530603.556770399212837, 6029056.043934435583651, 0.0 ] ], [ [ 530362.00853481143713, 6029180.226019107736647, 0.0 ], [ 530355.378081981092691, 6029150.686237381771207, 0.0 ] ], [ [ 530369.431777074933052, 6029178.559809856116772, 0.0 ], [ 530376.183560069650412, 6029208.640137878246605, 0.0 ] ], [ [ 529947.436143137514591, 6029273.380335411988199, 0.0 ], [ 529941.660473246127367, 6029247.711292516440153, 0.0 ] ], [ [ 529947.425411514937878, 6029273.382750081829727, 0.0 ], [ 529953.204374141991138, 6029299.06642699521035, 0.0 ] ], [ [ 529544.425536453723907, 6029364.059899361804128, 0.0 ], [ 529538.472504500299692, 6029337.60256939381361, 0.0 ] ], [ [ 529550.767920095473528, 6029362.632831229828298, 0.0 ], [ 529556.615145724266768, 6029388.619921402074397, 0.0 ] ], [ [ 530929.157379906624556, 6028196.55576977878809, 0.0 ], [ 530900.9936753064394, 6028190.574773089960217, 0.0 ] ], [ [ 530929.151771165430546, 6028196.58218058757484, 0.0 ], [ 530957.306672155857086, 6028202.561307691968977, 0.0 ] ], [ [ 530866.011766750365496, 6028493.900042624212801, 0.0 ], [ 530838.924058746546507, 6028488.147546632215381, 0.0 ] ], [ [ 530865.336639933288097, 6028497.079121454618871, 0.0 ], [ 530892.589660044759512, 6028502.866724041290581, 0.0 ] ], [ [ 530929.157379906624556, 6028196.55576977878809, 0.0 ], [ 530900.9936753064394, 6028190.574773089960217, 0.0 ] ], [ [ 530929.151771165430546, 6028196.58218058757484, 0.0 ], [ 530957.306672155857086, 6028202.561307691968977, 0.0 ] ], [ [ 530866.011766750365496, 6028493.900042624212801, 0.0 ], [ 530838.924058746546507, 6028488.147546632215381, 0.0 ] ], [ [ 530865.336639933288097, 6028497.079121454618871, 0.0 ], [ 530892.589660044759512, 6028502.866724041290581, 0.0 ] ], [ [ 530929.157379906624556, 6028196.55576977878809, 0.0 ], [ 530900.9936753064394, 6028190.574773089960217, 0.0 ] ], [ [ 530929.151771165430546, 6028196.58218058757484, 0.0 ], [ 530957.306672155857086, 6028202.561307691968977, 0.0 ] ], [ [ 530866.011766750365496, 6028493.900042624212801, 0.0 ], [ 530838.924058746546507, 6028488.147546632215381, 0.0 ] ], [ [ 530865.336639933288097, 6028497.079121454618871, 0.0 ], [ 530892.589660044759512, 6028502.866724041290581, 0.0 ] ], [ [ 530929.157379906624556, 6028196.55576977878809, 0.0 ], [ 530900.9936753064394, 6028190.574773089960217, 0.0 ] ], [ [ 530929.151771165430546, 6028196.58218058757484, 0.0 ], [ 530957.306672155857086, 6028202.561307691968977, 0.0 ] ], [ [ 530866.011766750365496, 6028493.900042624212801, 0.0 ], [ 530838.924058746546507, 6028488.147546632215381, 0.0 ] ], [ [ 530865.336639933288097, 6028497.079121454618871, 0.0 ], [ 530892.589660044759512, 6028502.866724041290581, 0.0 ] ], [ [ 530929.157379906624556, 6028196.55576977878809, 0.0 ], [ 530900.9936753064394, 6028190.574773089960217, 0.0 ] ], [ [ 530929.151771165430546, 6028196.58218058757484, 0.0 ], [ 530957.306672155857086, 6028202.561307691968977, 0.0 ] ], [ [ 530866.011766750365496, 6028493.900042624212801, 0.0 ], [ 530838.924058746546507, 6028488.147546632215381, 0.0 ] ], [ [ 530865.336639933288097, 6028497.079121454618871, 0.0 ], [ 530892.589660044759512, 6028502.866724041290581, 0.0 ] ], [ [ 531001.527745183557272, 6027870.899105118587613, 0.0 ], [ 530971.464242797344923, 6027863.97857294138521, 0.0 ] ], [ [ 531000.325569104403257, 6027876.121481430716813, 0.0 ], [ 531030.012912273406982, 6027882.95542283449322, 0.0 ] ], [ [ 530929.157379906624556, 6028196.55576977878809, 0.0 ], [ 530900.9936753064394, 6028190.574773089960217, 0.0 ] ], [ [ 530929.151771165430546, 6028196.58218058757484, 0.0 ], [ 530957.306672155857086, 6028202.561307691968977, 0.0 ] ], [ [ 530866.011766750365496, 6028493.900042624212801, 0.0 ], [ 530838.924058746546507, 6028488.147546632215381, 0.0 ] ], [ [ 530865.336639933288097, 6028497.079121454618871, 0.0 ], [ 530892.589660044759512, 6028502.866724041290581, 0.0 ] ], [ [ 530756.96881864964962, 6028755.763320654630661, 0.0 ], [ 530732.898319199681282, 6028740.618175989016891, 0.0 ] ], [ [ 530758.892383553087711, 6028752.706158166751266, 0.0 ], [ 530783.10253743454814, 6028767.939173324033618, 0.0 ] ], [ [ 530582.236339937895536, 6029033.469211924821138, 0.0 ], [ 530557.177250389009714, 6029017.702061193063855, 0.0 ] ], [ [ 530578.107494752854109, 6029040.031279044225812, 0.0 ], [ 530603.556770399212837, 6029056.043934435583651, 0.0 ] ], [ [ 530362.00853481143713, 6029180.226019107736647, 0.0 ], [ 530355.378081981092691, 6029150.686237381771207, 0.0 ] ], [ [ 530369.431777074933052, 6029178.559809856116772, 0.0 ], [ 530376.183560069650412, 6029208.640137878246605, 0.0 ] ], [ [ 529947.436143137514591, 6029273.380335411988199, 0.0 ], [ 529941.660473246127367, 6029247.711292516440153, 0.0 ] ], [ [ 529947.425411514937878, 6029273.382750081829727, 0.0 ], [ 529953.204374141991138, 6029299.06642699521035, 0.0 ] ], [ [ 529544.425536453723907, 6029364.059899361804128, 0.0 ], [ 529538.472504500299692, 6029337.60256939381361, 0.0 ] ], [ [ 529550.767920095473528, 6029362.632831229828298, 0.0 ], [ 529556.615145724266768, 6029388.619921402074397, 0.0 ] ], [ [ 527893.462396264076233, 6040427.43267363589257, 0.0 ], [ 527870.830002572387457, 6040441.469315791502595, 0.0 ] ], [ [ 527895.335564870387316, 6040430.452932241372764, 0.0 ], [ 527917.74785528704524, 6040416.552798428572714, 0.0 ] ], [ [ 528080.023885961622, 6040728.240708891302347, 0.0 ], [ 528060.387111272662878, 6040740.419475097209215, 0.0 ] ], [ [ 528082.65971102938056, 6040732.490655238740146, 0.0 ], [ 528102.552281342446804, 6040720.153244093991816, 0.0 ] ], [ [ 528102.397817365825176, 6041027.692012934014201, 0.0 ], [ 528072.92026985809207, 6041023.253915659151971, 0.0 ] ], [ [ 528102.858152717351913, 6041024.634496097452939, 0.0 ], [ 528132.964607313275337, 6041029.167280719615519, 0.0 ] ], [ [ 527978.371064301580191, 6041413.758949416689575, 0.0 ], [ 527953.871264968067408, 6041400.524611915461719, 0.0 ] ], [ [ 527981.228380858898163, 6041408.469399977475405, 0.0 ], [ 528005.701785244047642, 6041421.689479411579669, 0.0 ] ], [ [ 521678.628673698753119, 6063543.487787959165871, 0.0 ], [ 521699.668680436909199, 6063570.197451395913959, 0.0 ] ], [ [ 520220.550336211919785, 6064419.739239791408181, 0.0 ], [ 520210.077515374869108, 6064435.503184925764799, 0.0 ], [ 520204.967607948929071, 6064444.016151869669557, 0.0 ], [ 520199.949700128287077, 6064452.57811785954982, 0.0 ], [ 520195.022791929543018, 6064461.190082895569503, 0.0 ], [ 520190.187883321195841, 6064469.850046985782683, 0.0 ], [ 520185.444974303245544, 6064478.558010132052004, 0.0 ], [ 520183.16401856020093, 6064482.82499180175364, 0.0 ], [ 520180.793064907193184, 6064487.314972331747413, 0.0 ], [ 520176.232155118137598, 6064496.120933583937585, 0.0 ], [ 520171.763244930654764, 6064504.974893891252577, 0.0 ], [ 520167.385334346443415, 6064513.876853259280324, 0.0 ], [ 520163.09842337295413, 6064522.827811683528125, 0.0 ], [ 520160.756472654640675, 6064527.820788180455565, 0.0 ], [ 520158.902512013912201, 6064531.827769158408046, 0.0 ], [ 520154.797600250691175, 6064540.874725702218711, 0.0 ], [ 520150.597701404243708, 6064551.861667996272445, 0.0 ], [ 520150.597701404243708, 6064551.861667996272445, 0.0 ] ], [ [ 520236.373244509100914, 6064424.418104602023959, 0.0 ], [ 520228.904421180486679, 6064443.448005875572562, 0.0 ], [ 520225.012507200241089, 6064452.401961793191731, 0.0 ], [ 520221.030593644827604, 6064461.310918619856238, 0.0 ], [ 520216.958680476993322, 6064470.174876358360052, 0.0 ], [ 520216.958680476993322, 6064470.174876358360052, 0.0 ], [ 520212.795767720788717, 6064478.993835012428463, 0.0 ], [ 520208.543855365365744, 6064487.767794567160308, 0.0 ], [ 520206.43989821895957, 6064492.026775188744068, 0.0 ], [ 520204.201943438500166, 6064496.497755027376115, 0.0 ], [ 520199.770031902939081, 6064505.182716394774616, 0.0 ], [ 520195.249120768159628, 6064513.823678658343852, 0.0 ], [ 520190.638210043311119, 6064522.419641835615039, 0.0 ], [ 520185.937299728393555, 6064530.970605918206275, 0.0 ], [ 520181.147389817982912, 6064539.477570896036923, 0.0 ], [ 520176.268480312079191, 6064547.940536770038307, 0.0 ], [ 520171.417559280991554, 6064554.601516263559461, 0.0 ], [ 520171.417559280991554, 6064554.601516263559461, 0.0 ] ], [ [ 520220.550336211919785, 6064419.739239791408181, 0.0 ], [ 520236.373244509100914, 6064424.418104602023959, 0.0 ] ], [ [ 520150.597701404243708, 6064551.861667996272445, 0.0 ], [ 520171.417559280991554, 6064554.601516263559461, 0.0 ] ], [ [ 520216.235361214727163, 6064418.463276657275856, 0.0 ], [ 520153.918678723275661, 6064552.29764380119741, 0.0 ] ], [ [ 521678.628673698753119, 6063543.487787959165871, 0.0 ], [ 521662.208872802555561, 6063555.180801600217819, 0.0 ], [ 521654.116971895098686, 6063561.095807156525552, 0.0 ], [ 521646.04707096517086, 6063567.036812376230955, 0.0 ], [ 521637.997170049697161, 6063573.003817266784608, 0.0 ], [ 521629.969269137829542, 6063578.996821825392544, 0.0 ], [ 521621.963368196040392, 6063585.014826052822173, 0.0 ], [ 521613.97746729105711, 6063591.059829947538674, 0.0 ], [ 521606.013566371053457, 6063597.130833502858877, 0.0 ], [ 521598.06966544687748, 6063603.226836743764579, 0.0 ], [ 521590.147764518857002, 6063609.348839647136629, 0.0 ], [ 521582.247863613069057, 6063615.497842205688357, 0.0 ], [ 521574.367962695658207, 6063621.671844447031617, 0.0 ], [ 521566.509061768651009, 6063627.870846365578473, 0.0 ], [ 521558.672160848975182, 6063634.096847939305007, 0.0 ], [ 521550.856259945780039, 6063640.348849182017148, 0.0 ], [ 521543.061359014362097, 6063646.625850101001561, 0.0 ], [ 521535.287458095699549, 6063652.928850689902902, 0.0 ], [ 521527.535557176917791, 6063659.257850942201912, 0.0 ], [ 521527.45955815538764, 6063659.319850943982601, 0.0 ], [ 521519.803656261414289, 6063665.612850868143141, 0.0 ], [ 521514.146728929132223, 6063670.289850604720414, 0.0 ], [ 521512.093755342066288, 6063671.99385045748204, 0.0 ], [ 521504.40485443547368, 6063678.399849724955857, 0.0 ], [ 521496.736953508108854, 6063684.832848653197289, 0.0 ], [ 521489.090052593499422, 6063691.290847255848348, 0.0 ], [ 521481.464151695370674, 6063697.774845530278981, 0.0 ], [ 521473.860250763595104, 6063704.284843468107283, 0.0 ], [ 521466.276349861174822, 6063710.820841079577804, 0.0 ], [ 521458.714448943734169, 6063717.381838363595307, 0.0 ], [ 521451.1735480427742, 6063723.969835304655135, 0.0 ], [ 521443.653647117316723, 6063730.582831927575171, 0.0 ], [ 521436.155746210366488, 6063737.221828210167587, 0.0 ], [ 521428.678845286369324, 6063743.887824155390263, 0.0 ], [ 521421.222944371402264, 6063750.578819775953889, 0.0 ], [ 521413.788043476641178, 6063757.295815067365766, 0.0 ], [ 521406.374142553657293, 6063764.038810026831925, 0.0 ], [ 521398.98224164545536, 6063770.806804658845067, 0.0 ], [ 521391.61134073138237, 6063777.601798950694501, 0.0 ], [ 521384.3504400216043, 6063784.564791265875101, 0.0 ], [ 521384.3504400216043, 6063784.564791265875101, 0.0 ] ], [ [ 521699.668680436909199, 6063570.197451395913959, 0.0 ], [ 521685.34187662974, 6063583.977435920387506, 0.0 ], [ 521678.039975501596928, 6063590.821429404430091, 0.0 ], [ 521670.717074371874332, 6063597.640423210337758, 0.0 ], [ 521663.372173249721527, 6063604.433417356573045, 0.0 ], [ 521656.005272135138512, 6063611.200411837548018, 0.0 ], [ 521648.617371030151844, 6063617.942406640388072, 0.0 ], [ 521641.208469904959202, 6063624.658401777036488, 0.0 ], [ 521633.77756879851222, 6063631.349397243000567, 0.0 ], [ 521626.324667699635029, 6063638.014393045566976, 0.0 ], [ 521618.851766590029001, 6063644.653389169834554, 0.0 ], [ 521611.355865497142076, 6063651.267385633662343, 0.0 ], [ 521603.839964412152767, 6063657.856382411904633, 0.0 ], [ 521596.301063314080238, 6063664.418379541486502, 0.0 ], [ 521588.742162227630615, 6063670.956376981921494, 0.0 ], [ 521581.161261137574911, 6063677.467374767176807, 0.0 ], [ 521573.558360066264868, 6063683.954372874461114, 0.0 ], [ 521565.935458991676569, 6063690.414371311664581, 0.0 ], [ 521558.289557915180922, 6063696.849370087496936, 0.0 ], [ 521558.187559235841036, 6063696.9353700671345, 0.0 ], [ 521550.623656842857599, 6063703.259369175881147, 0.0 ], [ 521544.747732479125261, 6063708.142368712462485, 0.0 ], [ 521542.93475578725338, 6063709.643368612974882, 0.0 ], [ 521535.225854713469744, 6063716.001368372701108, 0.0 ], [ 521527.494953658431768, 6063722.334368459880352, 0.0 ], [ 521519.74305260553956, 6063728.642368872649968, 0.0 ], [ 521511.969151545315981, 6063734.923369631171227, 0.0 ], [ 521504.174250509589911, 6063741.180370702408254, 0.0 ], [ 521496.357349462807178, 6063747.411372112110257, 0.0 ], [ 521488.519448429346085, 6063753.616373852826655, 0.0 ], [ 521480.65954739227891, 6063759.795375930145383, 0.0 ], [ 521472.778646357357502, 6063765.94937833212316, 0.0 ], [ 521464.876745320856571, 6063772.078381055034697, 0.0 ], [ 521456.95284428820014, 6063778.1803841246292, 0.0 ], [ 521449.006943289190531, 6063784.258387517184019, 0.0 ], [ 521441.040042262524366, 6063790.309391245245934, 0.0 ], [ 521433.052141230553389, 6063796.335395297035575, 0.0 ], [ 521425.042240221053362, 6063802.335399687290192, 0.0 ], [ 521417.010339211672544, 6063808.310404404997826, 0.0 ], [ 521408.828438512980938, 6063814.150411101058125, 0.0 ], [ 521408.828438512980938, 6063814.150411101058125, 0.0 ] ], [ [ 521678.628673698753119, 6063543.487787959165871, 0.0 ], [ 521699.668680436909199, 6063570.197451395913959, 0.0 ] ], [ [ 521384.3504400216043, 6063784.564791265875101, 0.0 ], [ 521408.828438512980938, 6063814.150411101058125, 0.0 ] ], [ [ 521689.148677069693804, 6063556.842619678936899, 0.0 ], [ 521396.589439269155264, 6063799.357601182535291, 0.0 ] ], [ [ 521384.3504400216043, 6063784.564791265875101, 0.0 ], [ 521366.741622645407915, 6063792.182843561284244, 0.0 ], [ 521357.722718309611082, 6063796.425867733545601, 0.0 ], [ 521348.727814059704542, 6063800.708891451358795, 0.0 ], [ 521339.756909865885973, 6063805.032914703711867, 0.0 ], [ 521330.810005757957697, 6063809.39793749153614, 0.0 ], [ 521321.886101715266705, 6063813.802959829568863, 0.0 ], [ 521312.986197743564844, 6063818.247981709428132, 0.0 ], [ 521304.110293846577406, 6063822.734003125689924, 0.0 ], [ 521295.257390037178993, 6063827.26102408207953, 0.0 ], [ 521286.428486283868551, 6063831.828044581227005, 0.0 ], [ 521277.623582616448402, 6063836.436064618639648, 0.0 ], [ 521268.841679025441408, 6063841.084084204398096, 0.0 ], [ 521260.083775509148836, 6063845.773103324696422, 0.0 ], [ 521251.349872037768364, 6063850.501121997833252, 0.0 ], [ 521242.638968661427498, 6063855.271140201948583, 0.0 ], [ 521233.952065348625183, 6063860.080157960765064, 0.0 ], [ 521225.289162125438452, 6063864.931175244040787, 0.0 ], [ 521216.649258956313133, 6063869.821192086674273, 0.0 ], [ 521208.033355873078108, 6063874.752208463847637, 0.0 ], [ 521199.440452847629786, 6063879.723224390298128, 0.0 ], [ 521195.524497155100107, 6063882.006231512874365, 0.0 ], [ 521191.641541160643101, 6063884.2812384897843, 0.0 ], [ 521190.871549896895885, 6063884.734239859506488, 0.0 ], [ 521182.325647033751011, 6063889.786254870705307, 0.0 ], [ 521173.803744241595268, 6063894.879269416444004, 0.0 ], [ 521165.305841509252787, 6063900.011283515021205, 0.0 ], [ 521156.83093885704875, 6063905.184297155588865, 0.0 ], [ 521148.380036287009716, 6063910.398310329765081, 0.0 ], [ 521139.953133776783943, 6063915.652323047630489, 0.0 ], [ 521131.549231354147196, 6063920.946335315704346, 0.0 ], [ 521123.169328980147839, 6063926.281347119249403, 0.0 ], [ 521114.812426701188087, 6063931.656358470208943, 0.0 ], [ 521106.479524496942759, 6063937.071369365788996, 0.0 ], [ 521098.17062234506011, 6063942.527379795908928, 0.0 ], [ 521089.885720286518335, 6063948.024389764294028, 0.0 ], [ 521081.623818285763264, 6063953.561399279162288, 0.0 ], [ 521073.385916363447905, 6063959.139408330433071, 0.0 ], [ 521065.17101452127099, 6063964.757416931912303, 0.0 ], [ 521056.981112740933895, 6063970.416425062343478, 0.0 ], [ 521048.814211055636406, 6063976.11643273383379, 0.0 ], [ 521040.671309415251017, 6063981.856439946219325, 0.0 ], [ 521032.55240786075592, 6063987.637446696870029, 0.0 ], [ 521024.456506386399269, 6063993.459452989511192, 0.0 ], [ 521017.739592812955379, 6063999.035452503710985, 0.0 ], [ 521017.739592812955379, 6063999.035452503710985, 0.0 ] ], [ [ 521408.828438512980938, 6063814.150411101058125, 0.0 ], [ 521392.1406453512609, 6063826.747419508174062, 0.0 ], [ 521384.001744508743286, 6063832.618425693362951, 0.0 ], [ 521375.837843611836433, 6063838.449432344175875, 0.0 ], [ 521367.649942643940449, 6063844.238439465872943, 0.0 ], [ 521359.438041593879461, 6063849.987447044812143, 0.0 ], [ 521351.20314047858119, 6063855.695455083623528, 0.0 ], [ 521342.943239290267229, 6063861.363463584333658, 0.0 ], [ 521334.659338027238846, 6063866.989472557790577, 0.0 ], [ 521326.351436678320169, 6063872.575481987558305, 0.0 ], [ 521318.019535280764103, 6063878.121491875499487, 0.0 ], [ 521309.663633797317743, 6063883.625502232462168, 0.0 ], [ 521301.283732257783413, 6063889.089513047598302, 0.0 ], [ 521292.879830632358789, 6063894.513524320907891, 0.0 ], [ 521284.452928934246302, 6063899.896536050364375, 0.0 ], [ 521276.001027181744576, 6063905.238548252731562, 0.0 ], [ 521267.525125339627266, 6063910.540560911409557, 0.0 ], [ 521259.026223435997963, 6063915.802574020810425, 0.0 ], [ 521250.502321466803551, 6063921.022587607614696, 0.0 ], [ 521241.955419410020113, 6063926.203601637855172, 0.0 ], [ 521233.383517298847437, 6063931.342616147361696, 0.0 ], [ 521225.105611506849527, 6063936.255630538798869, 0.0 ], [ 521224.788615096360445, 6063936.442631097510457, 0.0 ], [ 521221.44365307316184, 6063938.412637029774487, 0.0 ], [ 521216.169712830334902, 6063941.500646522268653, 0.0 ], [ 521207.526810508221388, 6063946.519662396982312, 0.0 ], [ 521198.85990808904171, 6063951.496678741648793, 0.0 ], [ 521190.16900560259819, 6063956.433695544488728, 0.0 ], [ 521181.4541030600667, 6063961.330712802708149, 0.0 ], [ 521172.715200439095497, 6063966.186730528250337, 0.0 ], [ 521163.95329774543643, 6063971.00274870172143, 0.0 ], [ 521155.166394986212254, 6063975.777767344377935, 0.0 ], [ 521146.355492148548365, 6063980.511786454357207, 0.0 ], [ 521137.521589238196611, 6063985.205806015059352, 0.0 ], [ 521128.662686262279749, 6063989.858826045878232, 0.0 ], [ 521119.779783222824335, 6063994.470846542157233, 0.0 ], [ 521110.873880095779896, 6063999.042867488227785, 0.0 ], [ 521101.942976903170347, 6064003.573888903483748, 0.0 ], [ 521092.988073624670506, 6064008.063910786062479, 0.0 ], [ 521084.010170292109251, 6064012.513933117501438, 0.0 ], [ 521075.007266875356436, 6064016.921955927275121, 0.0 ], [ 521065.98036340996623, 6064021.289979193359613, 0.0 ], [ 521056.929459843784571, 6064025.61700292583555, 0.0 ], [ 521047.854556210339069, 6064029.903027121908963, 0.0 ], [ 521038.75465252622962, 6064034.149051781743765, 0.0 ], [ 521028.235761404037476, 6064038.667083272710443, 0.0 ], [ 521028.235761404037476, 6064038.667083272710443, 0.0 ] ], [ [ 521384.3504400216043, 6063784.564791265875101, 0.0 ], [ 521408.828438512980938, 6063814.150411101058125, 0.0 ] ], [ [ 521017.739592812955379, 6063999.035452503710985, 0.0 ], [ 521028.235761404037476, 6064038.667083272710443, 0.0 ] ], [ [ 521017.739592812955379, 6063999.035452503710985, 0.0 ], [ 520998.984720248728991, 6063996.471589921042323, 0.0 ], [ 520988.955790720880032, 6063995.470660571008921, 0.0 ], [ 520978.925861500203609, 6063994.518730853684247, 0.0 ], [ 520968.895932570099831, 6063993.613800775259733, 0.0 ], [ 520958.865003973245621, 6063992.757870328612626, 0.0 ], [ 520948.83507563918829, 6063991.948939515277743, 0.0 ], [ 520938.804147649556398, 6063991.189008334651589, 0.0 ], [ 520928.773219928145409, 6063990.476076791062951, 0.0 ], [ 520918.742292519658804, 6063989.811144883744419, 0.0 ], [ 520908.711365420371294, 6063989.194212606176734, 0.0 ], [ 520898.679438609629869, 6063988.624279979616404, 0.0 ], [ 520888.648512110114098, 6063988.10334696713835, 0.0 ], [ 520878.616585906594992, 6063987.629413603805006, 0.0 ], [ 520868.5846600048244, 6063987.202479879371822, 0.0 ], [ 520858.551734417676926, 6063986.824545784853399, 0.0 ], [ 520848.519809108227491, 6063986.493611328303814, 0.0 ], [ 520838.486884113401175, 6063986.210676508024335, 0.0 ], [ 520828.453959416598082, 6063985.974741330370307, 0.0 ], [ 520818.420035026967525, 6063985.786805788986385, 0.0 ], [ 520808.387110937386751, 6063985.645869882777333, 0.0 ], [ 520798.353187140077353, 6063985.553933607414365, 0.0 ], [ 520793.351225238293409, 6063985.524965244345367, 0.0 ], [ 520792.851229052990675, 6063985.522968401201069, 0.0 ], [ 520788.319263644516468, 6063985.507996979169548, 0.0 ], [ 520778.285340450704098, 6063985.511059979908168, 0.0 ], [ 520768.251417566090822, 6063985.561122616752982, 0.0 ], [ 520758.216494977474213, 6063985.659184893593192, 0.0 ], [ 520748.182572674006224, 6063985.80424680467695, 0.0 ], [ 520738.147650685161352, 6063985.997308354824781, 0.0 ], [ 520728.112728990614414, 6063986.237369544804096, 0.0 ], [ 520718.076807614415884, 6063986.526430366560817, 0.0 ], [ 520708.041886523365974, 6063986.861490830779076, 0.0 ], [ 520698.005965746939182, 6063987.24555092304945, 0.0 ], [ 520687.970045264810324, 6063987.67661065980792, 0.0 ], [ 520677.933125089854002, 6063988.155670031905174, 0.0 ], [ 520667.897205203771591, 6063988.682729032821953, 0.0 ], [ 520657.860285628587008, 6063989.257787671871483, 0.0 ], [ 520647.823366351425648, 6063989.879845952615142, 0.0 ], [ 520637.786447383463383, 6063990.550903856754303, 0.0 ], [ 520627.7495286911726, 6063991.268961400724947, 0.0 ], [ 520617.711610335856676, 6063992.035018585622311, 0.0 ], [ 520607.674692254513502, 6063992.849075392819941, 0.0 ], [ 520597.636774491518736, 6063993.71113184466958, 0.0 ], [ 520587.597857043147087, 6063994.62218792270869, 0.0 ], [ 520577.559939876198769, 6063995.580243638716638, 0.0 ], [ 520566.406033921986818, 6063996.962303115986288, 0.0 ], [ 520566.406033921986818, 6063996.962303115986288, 0.0 ] ], [ [ 521028.235761404037476, 6064038.667083272710443, 0.0 ], [ 521006.814940433949232, 6064041.070199420675635, 0.0 ], [ 520996.756023190915585, 6064041.989255564287305, 0.0 ], [ 520986.696105659008026, 6064042.861312076449394, 0.0 ], [ 520976.63718780875206, 6064043.684368955902755, 0.0 ], [ 520966.57826966047287, 6064044.459426200017333, 0.0 ], [ 520956.519351210445166, 6064045.185483823530376, 0.0 ], [ 520946.460432447493076, 6064045.86454180534929, 0.0 ], [ 520936.401513393968344, 6064046.495600151829422, 0.0 ], [ 520926.343594025820494, 6064047.07765887118876, 0.0 ], [ 520916.28567435964942, 6064047.612717947922647, 0.0 ], [ 520906.227754395455122, 6064048.099777392111719, 0.0 ], [ 520896.1698341332376, 6064048.537837211973965, 0.0 ], [ 520886.112913552671671, 6064048.92889738548547, 0.0 ], [ 520876.05499267950654, 6064049.271957931108773, 0.0 ], [ 520865.998071514070034, 6064049.568018831312656, 0.0 ], [ 520855.941150020807981, 6064049.815080107189715, 0.0 ], [ 520845.884228240698576, 6064050.014141749590635, 0.0 ], [ 520835.827306162565947, 6064050.166203750297427, 0.0 ], [ 520825.771383784711361, 6064050.270266114734113, 0.0 ], [ 520815.714461095631123, 6064050.326328851282597, 0.0 ], [ 520805.658538103103638, 6064050.334391948767006, 0.0 ], [ 520800.640576437115669, 6064050.321423565037549, 0.0 ], [ 520800.140580240637064, 6064050.319426720030606, 0.0 ], [ 520795.60261483117938, 6064050.295455404557288, 0.0 ], [ 520785.547691218554974, 6064050.207519231364131, 0.0 ], [ 520775.491767331957817, 6064050.072583425790071, 0.0 ], [ 520765.436843145638704, 6064049.889647978357971, 0.0 ], [ 520755.381918642669916, 6064049.659712890163064, 0.0 ], [ 520745.326993845403194, 6064049.380778177641332, 0.0 ], [ 520735.272068746387959, 6064049.05484382621944, 0.0 ], [ 520725.217143353074789, 6064048.680909841321409, 0.0 ], [ 520715.163217656314373, 6064048.258976216427982, 0.0 ], [ 520705.109291639178991, 6064047.789042959921062, 0.0 ], [ 520695.055365335196257, 6064047.271110071800649, 0.0 ], [ 520685.001438722014427, 6064046.705177547410131, 0.0 ], [ 520674.947511818259954, 6064046.091245393268764, 0.0 ], [ 520664.894584588706493, 6064045.429313601925969, 0.0 ], [ 520654.840657081454992, 6064044.720382174476981, 0.0 ], [ 520644.787729267030954, 6064043.962451115250587, 0.0 ], [ 520634.734801132231951, 6064043.156520423479378, 0.0 ], [ 520624.682872697710991, 6064042.302590092644095, 0.0 ], [ 520614.62994396686554, 6064041.400660136714578, 0.0 ], [ 520604.578014925122261, 6064040.449730547145009, 0.0 ], [ 520594.52608559653163, 6064039.451801320537925, 0.0 ], [ 520584.474155936390162, 6064038.404872465878725, 0.0 ], [ 520575.542215030640364, 6064036.929939854890108, 0.0 ], [ 520575.542215030640364, 6064036.929939854890108, 0.0 ] ], [ [ 520566.406033921986818, 6063996.962303115986288, 0.0 ], [ 520575.542215030640364, 6064036.929939854890108, 0.0 ] ], [ [ 520566.406033921986818, 6063996.962303115986288, 0.0 ], [ 520546.74523214623332, 6064004.565368414856493, 0.0 ], [ 520537.560326281934977, 6064008.362397045828402, 0.0 ], [ 520528.398420542478561, 6064012.20542517863214, 0.0 ], [ 520519.259514909237623, 6064016.094452815130353, 0.0 ], [ 520510.143609393388033, 6064020.02947995532304, 0.0 ], [ 520501.050704002380371, 6064024.01150659006089, 0.0 ], [ 520491.979798719286919, 6064028.038532742299139, 0.0 ], [ 520482.931893542408943, 6064032.112558391876519, 0.0 ], [ 520473.906988482922316, 6064036.232583545148373, 0.0 ], [ 520464.905083544552326, 6064040.398608201183379, 0.0 ], [ 520455.926178727298975, 6064044.610632359981537, 0.0 ], [ 520446.97027400135994, 6064048.868656024336815, 0.0 ], [ 520438.036369424313307, 6064053.17367918882519, 0.0 ], [ 520429.125464931130409, 6064057.523701867088675, 0.0 ], [ 520424.856510821729898, 6064059.628712568432093, 0.0 ], [ 520421.272549416869879, 6064061.404721488244832, 0.0 ], [ 520420.23756056278944, 6064061.919724046252668, 0.0 ], [ 520411.371656320989132, 6064066.362745727412403, 0.0 ], [ 520402.529752176254988, 6064070.850766913034022, 0.0 ], [ 520393.709848169237375, 6064075.384787608869374, 0.0 ], [ 520384.912944253534079, 6064079.965807802975178, 0.0 ], [ 520376.138040460646152, 6064084.59182751365006, 0.0 ], [ 520367.387136787176132, 6064089.264846711419523, 0.0 ], [ 520358.658233221620321, 6064093.982865429483354, 0.0 ], [ 520349.952329777181149, 6064098.747883641161025, 0.0 ], [ 520341.269426438957453, 6064103.557901366613805, 0.0 ], [ 520332.608523230999708, 6064108.414918592199683, 0.0 ], [ 520323.971620127558708, 6064113.317935316823423, 0.0 ], [ 520315.356717143207788, 6064118.266951547935605, 0.0 ], [ 520306.764814272522926, 6064123.261967284604907, 0.0 ], [ 520298.195911515504122, 6064128.303982515819371, 0.0 ], [ 520288.214028924703598, 6064134.833995236083865, 0.0 ], [ 520288.214028924703598, 6064134.833995236083865, 0.0 ] ], [ [ 520575.542215030640364, 6064036.929939854890108, 0.0 ], [ 520559.709398809820414, 6064046.897963010706007, 0.0 ], [ 520551.135495770722628, 6064051.887978671118617, 0.0 ], [ 520542.537592623382807, 6064056.831994836218655, 0.0 ], [ 520533.916689358651638, 6064061.729011504910886, 0.0 ], [ 520525.271785974502563, 6064066.578028692863882, 0.0 ], [ 520516.603882495313883, 6064071.38104637619108, 0.0 ], [ 520507.911978881806135, 6064076.137064569629729, 0.0 ], [ 520499.197075143456459, 6064080.845083274878561, 0.0 ], [ 520490.458171304315329, 6064085.507102482020855, 0.0 ], [ 520481.69626734405756, 6064090.122122195549309, 0.0 ], [ 520472.910363286733627, 6064094.690142418257892, 0.0 ], [ 520464.101459093391895, 6064099.211163147352636, 0.0 ], [ 520455.268554795533419, 6064103.686184376478195, 0.0 ], [ 520450.90160197019577, 6064105.876195043325424, 0.0 ], [ 520447.098642986267805, 6064107.773204411379993, 0.0 ], [ 520446.412650384008884, 6064108.113206118345261, 0.0 ], [ 520437.533745843917131, 6064112.494228356517851, 0.0 ], [ 520428.630841210484505, 6064116.828251104801893, 0.0 ], [ 520419.704936429858208, 6064121.114274363964796, 0.0 ], [ 520410.756031565368176, 6064125.355298113077879, 0.0 ], [ 520401.783126559108496, 6064129.548322380520403, 0.0 ], [ 520392.786221455782652, 6064133.694347159005702, 0.0 ], [ 520383.766316246241331, 6064137.794372432865202, 0.0 ], [ 520374.72341089323163, 6064141.846398218534887, 0.0 ], [ 520365.656505443155766, 6064145.852424508892, 0.0 ], [ 520356.566599875688553, 6064149.811451300978661, 0.0 ], [ 520347.452694199979305, 6064153.723478604108095, 0.0 ], [ 520338.315788403153419, 6064157.588506412692368, 0.0 ], [ 520329.154882494360209, 6064161.406534729525447, 0.0 ], [ 520321.383956633508205, 6064163.7415656670928, 0.0 ], [ 520321.383956633508205, 6064163.7415656670928, 0.0 ] ], [ [ 520288.214028924703598, 6064134.833995236083865, 0.0 ], [ 520321.383956633508205, 6064163.7415656670928, 0.0 ] ], [ [ 520288.214028924703598, 6064134.833995236083865, 0.0 ], [ 520279.345223713666201, 6064155.040896293707192, 0.0 ], [ 520275.604310840368271, 6064164.353848515078425, 0.0 ], [ 520271.913397688418627, 6064173.682800300419331, 0.0 ], [ 520268.272484242916107, 6064183.02775165066123, 0.0 ], [ 520264.681570522487164, 6064192.390702548436821, 0.0 ], [ 520261.140656534582376, 6064201.76865301746875, 0.0 ], [ 520257.649742260575294, 6064211.164603034034371, 0.0 ], [ 520254.209827691316605, 6064220.575552615337074, 0.0 ], [ 520250.818912871181965, 6064230.00450175255537, 0.0 ], [ 520247.477997750043869, 6064239.448450460098684, 0.0 ], [ 520244.187082372605801, 6064248.910398716107011, 0.0 ], [ 520240.946166690438986, 6064258.387346542440355, 0.0 ], [ 520237.755250755697489, 6064267.882293917238712, 0.0 ], [ 520236.173292811959982, 6064272.652267348021269, 0.0 ], [ 520235.547309540212154, 6064274.55225673969835, 0.0 ], [ 520234.614334512501955, 6064277.392240864224732, 0.0 ], [ 520231.523418020457029, 6064286.920187359675765, 0.0 ], [ 520228.482501223683357, 6064296.463133424520493, 0.0 ], [ 520225.491584163159132, 6064306.024079036898911, 0.0 ], [ 520222.549666825681925, 6064315.600024228915572, 0.0 ], [ 520219.6587491966784, 6064325.192968971095979, 0.0 ], [ 520216.817831300199032, 6064334.802913267165422, 0.0 ], [ 520214.025913126766682, 6064344.428857133723795, 0.0 ], [ 520211.284994669258595, 6064354.071800549514592, 0.0 ], [ 520208.593075934797525, 6064363.730743534862995, 0.0 ], [ 520205.95215691998601, 6064373.406686071306467, 0.0 ], [ 520203.360237631946802, 6064383.098628176376224, 0.0 ], [ 520200.819318067282438, 6064392.807569829747081, 0.0 ], [ 520198.328398197889328, 6064402.532511048950255, 0.0 ], [ 520196.097477942705154, 6064412.508448714390397, 0.0 ], [ 520196.097477942705154, 6064412.508448714390397, 0.0 ] ], [ [ 520321.383956633508205, 6064163.7415656670928, 0.0 ], [ 520317.767094425857067, 6064181.272454218007624, 0.0 ], [ 520315.263173647224903, 6064190.835396757349372, 0.0 ], [ 520312.708253160119057, 6064200.381339747458696, 0.0 ], [ 520310.105332937091589, 6064209.91128315962851, 0.0 ], [ 520307.452413003891706, 6064219.425227012485266, 0.0 ], [ 520304.749493345618248, 6064228.923171298578382, 0.0 ], [ 520301.997573956847191, 6064238.405116016045213, 0.0 ], [ 520299.196654845029116, 6064247.87006117310375, 0.0 ], [ 520296.345735996961594, 6064257.319006763398647, 0.0 ], [ 520293.445817437022924, 6064266.75195278506726, 0.0 ], [ 520290.496899154037237, 6064276.168899238109589, 0.0 ], [ 520287.497981142252684, 6064285.568846134468913, 0.0 ], [ 520284.493062254041433, 6064294.821794192306697, 0.0 ], [ 520284.450063418596983, 6064294.95379345305264, 0.0 ], [ 520283.791081055998802, 6064296.959782239980996, 0.0 ], [ 520281.352145973592997, 6064304.321741214953363, 0.0 ], [ 520278.206228774040937, 6064313.673689402639866, 0.0 ], [ 520275.009311880916357, 6064323.009638031944633, 0.0 ], [ 520271.764395251870155, 6064332.329587086103857, 0.0 ], [ 520268.469478897750378, 6064341.632536582648754, 0.0 ], [ 520265.125562816858292, 6064350.919486512430012, 0.0 ], [ 520261.731647029519081, 6064360.191436868160963, 0.0 ], [ 520258.288731515407562, 6064369.446387662552297, 0.0 ], [ 520254.796816259622574, 6064378.685338889248669, 0.0 ], [ 520251.25490128993988, 6064387.907290557399392, 0.0 ], [ 520247.663986604660749, 6064397.114242647774518, 0.0 ], [ 520244.023072179406881, 6064406.304195185191929, 0.0 ], [ 520240.333158042281866, 6064415.478148149326444, 0.0 ], [ 520236.373244509100914, 6064424.418104602023959, 0.0 ], [ 520236.373244509100914, 6064424.418104602023959, 0.0 ] ], [ [ 520196.097477942705154, 6064412.508448714390397, 0.0 ], [ 520236.373244509100914, 6064424.418104602023959, 0.0 ] ], [ [ 521396.589439269155264, 6063799.357601182535291, 0.0 ], [ 521022.987677108496428, 6064018.851267888210714, 0.0 ], [ 520570.974124480038881, 6064016.946121486835182, 0.0 ], [ 520304.798992779105902, 6064149.287780451588333, 0.0 ], [ 520216.235361214727163, 6064418.463276657275856, 0.0 ] ], [ [ 520196.097477942705154, 6064412.508448714390397, 0.0 ], [ 520190.517561834305525, 6064419.066433571279049, 0.0 ], [ 520184.832655683159828, 6064427.083407922647893, 0.0 ], [ 520179.233749214559793, 6064435.152381335385144, 0.0 ], [ 520173.72084241732955, 6064443.274353802204132, 0.0 ], [ 520168.294935289770365, 6064451.449325313791633, 0.0 ], [ 520162.954027842730284, 6064459.677295890636742, 0.0 ], [ 520157.699120067059994, 6064467.958265520632267, 0.0 ], [ 520152.634210109710693, 6064476.122234852053225, 0.0 ], [ 520152.530211962759495, 6064476.291234211064875, 0.0 ], [ 520147.447303537279367, 6064484.677201957441866, 0.0 ], [ 520142.449394799768925, 6064493.115168769843876, 0.0 ], [ 520137.537485711276531, 6064501.606134639121592, 0.0 ], [ 520132.710576299577951, 6064510.148099582642317, 0.0 ], [ 520127.968666583299637, 6064518.744063580408692, 0.0 ], [ 520123.312756530940533, 6064527.392026639543474, 0.0 ], [ 520118.741846155375242, 6064536.091988763771951, 0.0 ], [ 520113.900951862335205, 6064547.021935521624982, 0.0 ], [ 520113.900951862335205, 6064547.021935521624982, 0.0 ] ], [ [ 520211.920386221259832, 6064417.187313525937498, 0.0 ], [ 520205.001571778208017, 6064438.300195400603116, 0.0 ], [ 520201.073662158101797, 6064447.902146586216986, 0.0 ], [ 520196.895753532648087, 6064457.359100448898971, 0.0 ], [ 520192.468845900148153, 6064466.673056974075735, 0.0 ], [ 520187.7959392555058, 6064475.843016144819558, 0.0 ], [ 520182.878033604472876, 6064484.870977940037847, 0.0 ], [ 520180.366080418229103, 6064489.264960090629756, 0.0 ], [ 520177.716128926724195, 6064493.756942356005311, 0.0 ], [ 520172.311225209385157, 6064502.50290936883539, 0.0 ], [ 520166.662322480231524, 6064511.106879001483321, 0.0 ], [ 520160.77142072096467, 6064519.569851231761277, 0.0 ], [ 520154.636519938707352, 6064527.89182607550174, 0.0 ], [ 520153.305541075766087, 6064529.635821089148521, 0.0 ], [ 520148.257620144635439, 6064536.072803530842066, 0.0 ], [ 520141.632721334695816, 6064544.110783621668816, 0.0 ], [ 520134.72080972418189, 6064549.761783785186708, 0.0 ], [ 520134.72080972418189, 6064549.761783785186708, 0.0 ] ], [ [ 520196.097477942705154, 6064412.508448714390397, 0.0 ], [ 520211.920386221259832, 6064417.187313525937498, 0.0 ] ], [ [ 520113.900951862335205, 6064547.021935521624982, 0.0 ], [ 520134.72080972418189, 6064549.761783785186708, 0.0 ] ], [ [ 520216.235361214727163, 6064418.463276657275856, 0.0 ], [ 520117.2719288431108, 6064547.465910949744284, 0.0 ] ], [ [ 521529.682149544358253, 6063689.031308248639107, 0.0 ], [ 521514.146869093179703, 6063670.29024004843086, 0.0 ] ], [ [ 521529.221764277666807, 6063689.412941480055451, 0.0 ], [ 521544.74747197329998, 6063708.142461553215981, 0.0 ] ], [ [ 521529.682149544358253, 6063689.031308248639107, 0.0 ], [ 521514.146869093179703, 6063670.29024004843086, 0.0 ] ], [ [ 521529.221764277666807, 6063689.412941480055451, 0.0 ], [ 521544.74747197329998, 6063708.142461553215981, 0.0 ] ], [ [ 521529.682149544358253, 6063689.031308248639107, 0.0 ], [ 521514.146869093179703, 6063670.29024004843086, 0.0 ] ], [ [ 521529.221764277666807, 6063689.412941480055451, 0.0 ], [ 521544.74747197329998, 6063708.142461553215981, 0.0 ] ], [ [ 521207.139542028307915, 6063910.660750187933445, 0.0 ], [ 521191.641654442995787, 6063884.281683311797678, 0.0 ] ], [ [ 521205.652243755757809, 6063911.534548392519355, 0.0 ], [ 521221.443423632532358, 6063938.412830160930753, 0.0 ] ], [ [ 520792.714486371725798, 6064017.880712606012821, 0.0 ], [ 520792.850866597145796, 6063985.523247875273228, 0.0 ] ], [ [ 520800.277361273765564, 6064017.912588607519865, 0.0 ], [ 520800.140774525702, 6064050.319052525795996, 0.0 ] ], [ [ 520433.221540942788124, 6064085.436386957764626, 0.0 ], [ 520421.272774133831263, 6064061.404161548241973, 0.0 ] ], [ [ 520435.443977821618319, 6064084.331396487541497, 0.0 ], [ 520447.098911549896002, 6064107.772643517702818, 0.0 ] ], [ [ 520260.846101727336645, 6064282.875812578946352, 0.0 ], [ 520235.547453757375479, 6064274.552097492851317, 0.0 ] ], [ [ 520258.906203880906105, 6064288.771832855418324, 0.0 ], [ 520283.791645981371403, 6064296.959595700725913, 0.0 ] ], [ [ 520166.153818108141422, 6064483.74649123288691, 0.0 ], [ 520153.790592681616545, 6064474.277102014049888, 0.0 ] ], [ [ 520166.357720788568258, 6064483.480696250684559, 0.0 ], [ 520178.409119550138712, 6064492.568168578669429, 0.0 ] ], [ [ 520185.077019970864058, 6064485.380460230633616, 0.0 ], [ 520204.201943438500166, 6064496.497755027376115, 0.0 ] ], [ [ 520184.786436829715967, 6064485.989563932642341, 0.0 ], [ 520182.234755229204893, 6064484.563183389604092, 0.0 ] ] ] } }
]
}
