{
"type": "FeatureCollection",
"name": "WBK_SPERRUNG",
"crs": { "type": "name", "properties": { "name": "urn:ogc:def:crs:EPSG::25832" } },
"features": [
{ "type": "Feature", "properties": { "layer": "WBK_SPERRUNG" }, "geometry": { "type": "LineString", "coordinates": [ [ 519627.062074764398858, 6065181.747619604691863, 0.0 ], [ 519627.044823679607362, 6065181.253613171167672, 0.0 ], [ 519626.993154470750596, 6065180.762013486586511, 0.0 ], [ 519626.907318865065463, 6065180.275215576402843, 0.0 ], [ 519626.787735044898, 6065179.795591071248055, 0.0 ], [ 519626.634985610726289, 6065179.325476652011275, 0.0 ], [ 519626.449814742314629, 6065178.867162670008838, 0.0 ], [ 519626.233124573598616, 6065178.4228819841519, 0.0 ], [ 519625.985970797308255, 6065177.994799086824059, 0.0 ], [ 519625.709557521739043, 6065177.584999552927911, 0.0 ], [ 519625.405231404642109, 6065177.195479885675013, 0.0 ], [ 519625.074475092231296, 6065176.828137786127627, 0.0 ], [ 519624.7188999960199, 6065176.484762907028198, 0.0 ], [ 519624.340238442120608, 6065176.16702813655138, 0.0 ], [ 519623.940335231600329, 6065175.87648144736886, 0.0 ], [ 519623.52113865269348, 6065175.614538352936506, 0.0 ], [ 519623.084690988995135, 6065175.382475013844669, 0.0 ], [ 519622.633118569618091, 6065175.181422019377351, 0.0 ], [ 519622.168621410033666, 6065175.012358878739178, 0.0 ], [ 519621.693462493654806, 6065174.876109252683818, 0.0 ], [ 519621.209956747072283, 6065174.773336932994425, 0.0 ], [ 519620.720459761563689, 6065174.704542618244886, 0.0 ], [ 519620.227356317278463, 6065174.670061466284096, 0.0 ], [ 519619.733048764697742, 6065174.670061466284096, 0.0 ], [ 519619.239945320412517, 6065174.704542618244886, 0.0 ], [ 519618.750448334903922, 6065174.773336932994425, 0.0 ], [ 519618.266942588321399, 6065174.876109252683818, 0.0 ], [ 519617.79178367194254, 6065175.012358878739178, 0.0 ], [ 519617.327286512358114, 6065175.181422019377351, 0.0 ], [ 519616.87571409298107, 6065175.382475013844669, 0.0 ], [ 519616.439266429282725, 6065175.614538352936506, 0.0 ], [ 519616.020069850375876, 6065175.87648144736886, 0.0 ], [ 519615.620166639855597, 6065176.16702813655138, 0.0 ], [ 519615.241505085956305, 6065176.484762907028198, 0.0 ], [ 519614.885929989744909, 6065176.828137786127627, 0.0 ], [ 519614.555173677334096, 6065177.195479885675013, 0.0 ], [ 519614.250847560237162, 6065177.584999552927911, 0.0 ], [ 519613.97443428466795, 6065177.994799086824059, 0.0 ], [ 519613.727280508377589, 6065178.4228819841519, 0.0 ], [ 519613.510590339661576, 6065178.867162670008838, 0.0 ], [ 519613.325419471249916, 6065179.325476652011275, 0.0 ], [ 519613.172670037078205, 6065179.795591071248055, 0.0 ], [ 519613.053086216910742, 6065180.275215576402843, 0.0 ], [ 519612.967250611225609, 6065180.762013486586511, 0.0 ], [ 519612.915581402368844, 6065181.253613171167672, 0.0 ], [ 519612.898330317577347, 6065181.747619604691863, 0.0 ], [ 519612.915581402368844, 6065182.241626038216054, 0.0 ], [ 519612.967250611225609, 6065182.733225722797215, 0.0 ], [ 519613.053086216910742, 6065183.220023632980883, 0.0 ], [ 519613.172670037078205, 6065183.699648138135672, 0.0 ], [ 519613.325419471249916, 6065184.169762557372451, 0.0 ], [ 519613.510590339661576, 6065184.628076539374888, 0.0 ], [ 519613.727280508377589, 6065185.072357225231826, 0.0 ], [ 519613.97443428466795, 6065185.500440122559667, 0.0 ], [ 519614.250847560237162, 6065185.910239656455815, 0.0 ], [ 519614.555173677334096, 6065186.299759323708713, 0.0 ], [ 519614.885929989744909, 6065186.667101423256099, 0.0 ], [ 519615.241505085956305, 6065187.010476302355528, 0.0 ], [ 519615.620166639855597, 6065187.328211072832346, 0.0 ], [ 519616.020069850375876, 6065187.618757762014866, 0.0 ], [ 519616.439266429282725, 6065187.88070085644722, 0.0 ], [ 519616.87571409298107, 6065188.112764195539057, 0.0 ], [ 519617.327286512358114, 6065188.313817190006375, 0.0 ], [ 519617.79178367194254, 6065188.482880330644548, 0.0 ], [ 519618.266942588321399, 6065188.619129956699908, 0.0 ], [ 519618.750448334903922, 6065188.721902276389301, 0.0 ], [ 519619.239945320412517, 6065188.79069659113884, 0.0 ], [ 519619.733048764697742, 6065188.82517774309963, 0.0 ], [ 519620.227356317278463, 6065188.82517774309963, 0.0 ], [ 519620.720459761563689, 6065188.79069659113884, 0.0 ], [ 519621.209956747072283, 6065188.721902276389301, 0.0 ], [ 519621.693462493654806, 6065188.619129956699908, 0.0 ], [ 519622.168621410033666, 6065188.482880330644548, 0.0 ], [ 519622.633118569618091, 6065188.313817190006375, 0.0 ], [ 519623.084690988995135, 6065188.112764195539057, 0.0 ], [ 519623.52113865269348, 6065187.88070085644722, 0.0 ], [ 519623.940335231600329, 6065187.618757762014866, 0.0 ], [ 519624.340238442120608, 6065187.328211072832346, 0.0 ], [ 519624.7188999960199, 6065187.010476302355528, 0.0 ], [ 519625.074475092231296, 6065186.667101423256099, 0.0 ], [ 519625.405231404642109, 6065186.299759323708713, 0.0 ], [ 519625.709557521739043, 6065185.910239656455815, 0.0 ], [ 519625.985970797308255, 6065185.500440122559667, 0.0 ], [ 519626.233124573598616, 6065185.072357225231826, 0.0 ], [ 519626.449814742314629, 6065184.628076539374888, 0.0 ], [ 519626.634985610726289, 6065184.169762557372451, 0.0 ], [ 519626.787735044898, 6065183.699648138135672, 0.0 ], [ 519626.907318865065463, 6065183.220023632980883, 0.0 ], [ 519626.993154470750596, 6065182.733225722797215, 0.0 ], [ 519627.044823679607362, 6065182.241626038216054, 0.0 ], [ 519627.062074764398858, 6065181.747619604691863, 0.0 ] ] } },
{ "type": "Feature", "properties": { "layer": "WBK_SPERRUNG" }, "geometry": { "type": "LineString", "coordinates": [ [ 519793.216028867522255, 6065189.88798909727484, 0.0 ], [ 519793.198777782730758, 6065189.393982663750648, 0.0 ], [ 519793.147108573873993, 6065188.902382979169488, 0.0 ], [ 519793.06127296818886, 6065188.41558506898582, 0.0 ], [ 519792.941689148021396, 6065187.935960563831031, 0.0 ], [ 519792.788939713849686, 6065187.465846144594252, 0.0 ], [ 519792.603768845438026, 6065187.007532162591815, 0.0 ], [ 519792.387078676722012, 6065186.563251476734877, 0.0 ], [ 519792.139924900431652, 6065186.135168579407036, 0.0 ], [ 519791.86351162486244, 6065185.725369045510888, 0.0 ], [ 519791.559185507765505, 6065185.33584937825799, 0.0 ], [ 519791.228429195354693, 6065184.968507278710604, 0.0 ], [ 519790.872854099143296, 6065184.625132399611175, 0.0 ], [ 519790.494192545244005, 6065184.307397629134357, 0.0 ], [ 519790.094289334723726, 6065184.016850939951837, 0.0 ], [ 519789.675092755816877, 6065183.754907845519483, 0.0 ], [ 519789.238645092118531, 6065183.522844506427646, 0.0 ], [ 519788.787072672741488, 6065183.321791511960328, 0.0 ], [ 519788.322575513157062, 6065183.152728371322155, 0.0 ], [ 519787.847416596778203, 6065183.016478745266795, 0.0 ], [ 519787.36391085019568, 6065182.913706425577402, 0.0 ], [ 519786.874413864687085, 6065182.844912110827863, 0.0 ], [ 519786.38131042040186, 6065182.810430958867073, 0.0 ], [ 519785.887002867821138, 6065182.810430958867073, 0.0 ], [ 519785.393899423535913, 6065182.844912110827863, 0.0 ], [ 519784.904402438027319, 6065182.913706425577402, 0.0 ], [ 519784.420896691444796, 6065183.016478745266795, 0.0 ], [ 519783.945737775065936, 6065183.152728371322155, 0.0 ], [ 519783.481240615481511, 6065183.321791511960328, 0.0 ], [ 519783.029668196104467, 6065183.522844506427646, 0.0 ], [ 519782.593220532406121, 6065183.754907845519483, 0.0 ], [ 519782.174023953499272, 6065184.016850939951837, 0.0 ], [ 519781.774120742978994, 6065184.307397629134357, 0.0 ], [ 519781.395459189079702, 6065184.625132399611175, 0.0 ], [ 519781.039884092868306, 6065184.968507278710604, 0.0 ], [ 519780.709127780457493, 6065185.33584937825799, 0.0 ], [ 519780.404801663360558, 6065185.725369045510888, 0.0 ], [ 519780.128388387791347, 6065186.135168579407036, 0.0 ], [ 519779.881234611500986, 6065186.563251476734877, 0.0 ], [ 519779.664544442784972, 6065187.007532162591815, 0.0 ], [ 519779.479373574373312, 6065187.465846144594252, 0.0 ], [ 519779.326624140201602, 6065187.935960563831031, 0.0 ], [ 519779.207040320034139, 6065188.41558506898582, 0.0 ], [ 519779.121204714349005, 6065188.902382979169488, 0.0 ], [ 519779.06953550549224, 6065189.393982663750648, 0.0 ], [ 519779.052284420700744, 6065189.88798909727484, 0.0 ], [ 519779.06953550549224, 6065190.381995530799031, 0.0 ], [ 519779.121204714349005, 6065190.873595215380192, 0.0 ], [ 519779.207040320034139, 6065191.36039312556386, 0.0 ], [ 519779.326624140201602, 6065191.840017630718648, 0.0 ], [ 519779.479373574373312, 6065192.310132049955428, 0.0 ], [ 519779.664544442784972, 6065192.768446031957865, 0.0 ], [ 519779.881234611500986, 6065193.212726717814803, 0.0 ], [ 519780.128388387791347, 6065193.640809615142643, 0.0 ], [ 519780.404801663360558, 6065194.050609149038792, 0.0 ], [ 519780.709127780457493, 6065194.44012881629169, 0.0 ], [ 519781.039884092868306, 6065194.807470915839076, 0.0 ], [ 519781.395459189079702, 6065195.150845794938505, 0.0 ], [ 519781.774120742978994, 6065195.468580565415323, 0.0 ], [ 519782.174023953499272, 6065195.759127254597843, 0.0 ], [ 519782.593220532406121, 6065196.021070349030197, 0.0 ], [ 519783.029668196104467, 6065196.253133688122034, 0.0 ], [ 519783.481240615481511, 6065196.454186682589352, 0.0 ], [ 519783.945737775065936, 6065196.623249823227525, 0.0 ], [ 519784.420896691444796, 6065196.759499449282885, 0.0 ], [ 519784.904402438027319, 6065196.862271768972278, 0.0 ], [ 519785.393899423535913, 6065196.931066083721817, 0.0 ], [ 519785.887002867821138, 6065196.965547235682607, 0.0 ], [ 519786.38131042040186, 6065196.965547235682607, 0.0 ], [ 519786.874413864687085, 6065196.931066083721817, 0.0 ], [ 519787.36391085019568, 6065196.862271768972278, 0.0 ], [ 519787.847416596778203, 6065196.759499449282885, 0.0 ], [ 519788.322575513157062, 6065196.623249823227525, 0.0 ], [ 519788.787072672741488, 6065196.454186682589352, 0.0 ], [ 519789.238645092118531, 6065196.253133688122034, 0.0 ], [ 519789.675092755816877, 6065196.021070349030197, 0.0 ], [ 519790.094289334723726, 6065195.759127254597843, 0.0 ], [ 519790.494192545244005, 6065195.468580565415323, 0.0 ], [ 519790.872854099143296, 6065195.150845794938505, 0.0 ], [ 519791.228429195354693, 6065194.807470915839076, 0.0 ], [ 519791.559185507765505, 6065194.44012881629169, 0.0 ], [ 519791.86351162486244, 6065194.050609149038792, 0.0 ], [ 519792.139924900431652, 6065193.640809615142643, 0.0 ], [ 519792.387078676722012, 6065193.212726717814803, 0.0 ], [ 519792.603768845438026, 6065192.768446031957865, 0.0 ], [ 519792.788939713849686, 6065192.310132049955428, 0.0 ], [ 519792.941689148021396, 6065191.840017630718648, 0.0 ], [ 519793.06127296818886, 6065191.36039312556386, 0.0 ], [ 519793.147108573873993, 6065190.873595215380192, 0.0 ], [ 519793.198777782730758, 6065190.381995530799031, 0.0 ], [ 519793.216028867522255, 6065189.88798909727484, 0.0 ] ] } },
{ "type": "Feature", "properties": { "layer": "WBK_SPERRUNG" }, "geometry": { "type": "LineString", "coordinates": [ [ 516380.71113921928918, 6069938.014157864265144, 0.0 ], [ 516380.672413351363502, 6069936.905194100923836, 0.0 ], [ 516380.556424416019581, 6069935.801633097231388, 0.0 ], [ 516380.363737499690615, 6069934.708851291798055, 0.0 ], [ 516380.09529135376215, 6069933.632172607816756, 0.0 ], [ 516379.752393820730504, 6069932.576842515729368, 0.0 ], [ 516379.33671546302503, 6069931.548002477735281, 0.0 ], [ 516378.850281423830893, 6069930.550664898008108, 0.0 ], [ 516378.295461560774129, 6069929.589688706211746, 0.0 ], [ 516377.674958900548518, 6069928.669755681417882, 0.0 ], [ 516376.99179646972334, 6069927.795347644947469, 0.0 ], [ 516376.249302566982806, 6069926.970724623650312, 0.0 ], [ 516375.451094547985122, 6069926.199904100038111, 0.0 ], [ 516374.601061202003621, 6069925.486641433089972, 0.0 ], [ 516373.703343805973418, 6069924.834411567077041, 0.0 ], [ 516372.762315948843025, 6069924.246392099186778, 0.0 ], [ 516371.782562223786954, 6069923.72544780280441, 0.0 ], [ 516370.76885589241283, 6069923.274116666056216, 0.0 ], [ 516369.726135630102362, 6069922.894597527571023, 0.0 ], [ 516368.659481465118006, 6069922.588739368133247, 0.0 ], [ 516367.574090029404033, 6069922.358032296411693, 0.0 ], [ 516366.475249240873381, 6069922.20360029488802, 0.0 ], [ 516365.368312541453633, 6069922.12619573995471, 0.0 ], [ 516364.258672815340105, 6069922.12619573995471, 0.0 ], [ 516363.151736115920357, 6069922.20360029488802, 0.0 ], [ 516362.052895327389706, 6069922.358032296411693, 0.0 ], [ 516360.967503891675733, 6069922.588739368133247, 0.0 ], [ 516359.900849726691376, 6069922.894597527571023, 0.0 ], [ 516358.858129464380909, 6069923.274116666056216, 0.0 ], [ 516357.844423133006785, 6069923.72544780280441, 0.0 ], [ 516356.864669407950714, 6069924.246392099186778, 0.0 ], [ 516355.923641550820321, 6069924.834411567077041, 0.0 ], [ 516355.025924154790118, 6069925.486641433089972, 0.0 ], [ 516354.175890808808617, 6069926.199904100038111, 0.0 ], [ 516353.377682789810933, 6069926.970724623650312, 0.0 ], [ 516352.635188887070399, 6069927.795347644947469, 0.0 ], [ 516351.952026456245221, 6069928.669755681417882, 0.0 ], [ 516351.33152379601961, 6069929.589688706211746, 0.0 ], [ 516350.776703932962846, 6069930.550664898008108, 0.0 ], [ 516350.290269893768709, 6069931.548002477735281, 0.0 ], [ 516349.874591536063235, 6069932.576842515729368, 0.0 ], [ 516349.531694003031589, 6069933.632172607816756, 0.0 ], [ 516349.263247857103124, 6069934.708851291798055, 0.0 ], [ 516349.070560940774158, 6069935.801633097231388, 0.0 ], [ 516348.954572005430236, 6069936.905194100923836, 0.0 ], [ 516348.915846137504559, 6069938.014157864265144, 0.0 ], [ 516348.954572005430236, 6069939.123121627606452, 0.0 ], [ 516349.070560940774158, 6069940.2266826312989, 0.0 ], [ 516349.263247857103124, 6069941.319464436732233, 0.0 ], [ 516349.531694003031589, 6069942.396143120713532, 0.0 ], [ 516349.874591536063235, 6069943.45147321280092, 0.0 ], [ 516350.290269893768709, 6069944.480313250795007, 0.0 ], [ 516350.776703932962846, 6069945.47765083052218, 0.0 ], [ 516351.33152379601961, 6069946.438627022318542, 0.0 ], [ 516351.952026456245221, 6069947.358560047112405, 0.0 ], [ 516352.635188887070399, 6069948.232968083582819, 0.0 ], [ 516353.377682789810933, 6069949.057591104879975, 0.0 ], [ 516354.175890808808617, 6069949.828411628492177, 0.0 ], [ 516355.025924154790118, 6069950.541674295440316, 0.0 ], [ 516355.923641550820321, 6069951.193904161453247, 0.0 ], [ 516356.864669407950714, 6069951.78192362934351, 0.0 ], [ 516357.844423133006785, 6069952.302867925725877, 0.0 ], [ 516358.858129464380909, 6069952.754199062474072, 0.0 ], [ 516359.900849726691376, 6069953.133718200959265, 0.0 ], [ 516360.967503891675733, 6069953.439576360397041, 0.0 ], [ 516362.052895327389706, 6069953.670283432118595, 0.0 ], [ 516363.151736115920357, 6069953.824715433642268, 0.0 ], [ 516364.258672815340105, 6069953.902119988575578, 0.0 ], [ 516365.368312541453633, 6069953.902119988575578, 0.0 ], [ 516366.475249240873381, 6069953.824715433642268, 0.0 ], [ 516367.574090029404033, 6069953.670283432118595, 0.0 ], [ 516368.659481465118006, 6069953.439576360397041, 0.0 ], [ 516369.726135630102362, 6069953.133718200959265, 0.0 ], [ 516370.76885589241283, 6069952.754199062474072, 0.0 ], [ 516371.782562223786954, 6069952.302867925725877, 0.0 ], [ 516372.762315948843025, 6069951.78192362934351, 0.0 ], [ 516373.703343805973418, 6069951.193904161453247, 0.0 ], [ 516374.601061202003621, 6069950.541674295440316, 0.0 ], [ 516375.451094547985122, 6069949.828411628492177, 0.0 ], [ 516376.249302566982806, 6069949.057591104879975, 0.0 ], [ 516376.99179646972334, 6069948.232968083582819, 0.0 ], [ 516377.674958900548518, 6069947.358560047112405, 0.0 ], [ 516378.295461560774129, 6069946.438627022318542, 0.0 ], [ 516378.850281423830893, 6069945.47765083052218, 0.0 ], [ 516379.33671546302503, 6069944.480313250795007, 0.0 ], [ 516379.752393820730504, 6069943.45147321280092, 0.0 ], [ 516380.09529135376215, 6069942.396143120713532, 0.0 ], [ 516380.363737499690615, 6069941.319464436732233, 0.0 ], [ 516380.556424416019581, 6069940.2266826312989, 0.0 ], [ 516380.672413351363502, 6069939.123121627606452, 0.0 ], [ 516380.71113921928918, 6069938.014157864265144, 0.0 ] ] } },
{ "type": "Feature", "properties": { "layer": "WBK_SPERRUNG" }, "geometry": { "type": "LineString", "coordinates": [ [ 516431.220286587369628, 6069902.689540172927082, 0.0 ], [ 516431.182363196858205, 6069901.603556357324123, 0.0 ], [ 516431.068777784297708, 6069900.522863346152008, 0.0 ], [ 516430.880083726427983, 6069899.452726165764034, 0.0 ], [ 516430.617200321750715, 6069898.398358418606222, 0.0 ], [ 516430.281408311740961, 6069897.364896877668798, 0.0 ], [ 516429.874343641276937, 6069896.357376462779939, 0.0 ], [ 516429.397989488614257, 6069895.380705714225769, 0.0 ], [ 516428.85466660320526, 6069894.43964287173003, 0.0 ], [ 516428.247021999617573, 6069893.538772699423134, 0.0 ], [ 516427.578016061219387, 6069892.682484147138894, 0.0 ], [ 516426.850908117718063, 6069891.874948965385556, 0.0 ], [ 516426.069240565935615, 6069891.120101384818554, 0.0 ], [ 516425.2368216116447, 6069890.421618946827948, 0.0 ], [ 516424.357706716225948, 6069889.782904588617384, 0.0 ], [ 516423.436178839125205, 6069889.207070061005652, 0.0 ], [ 516422.476727571513038, 6069888.696920773014426, 0.0 ], [ 516421.484027263591997, 6069888.254942120052874, 0.0 ], [ 516420.462914251373149, 6069887.883287377655506, 0.0 ], [ 516419.418363294913433, 6069887.583767211064696, 0.0 ], [ 516418.355463341344148, 6069887.35784085188061, 0.0 ], [ 516417.279392732540146, 6069887.206608990207314, 0.0 ], [ 516416.195393976289779, 6069887.130808413028717, 0.0 ], [ 516415.108748205471784, 6069887.130808413028717, 0.0 ], [ 516414.024749449221417, 6069887.206608990207314, 0.0 ], [ 516412.948678840417415, 6069887.35784085188061, 0.0 ], [ 516411.885778886848129, 6069887.583767211064696, 0.0 ], [ 516410.841227930388413, 6069887.883287377655506, 0.0 ], [ 516409.820114918169565, 6069888.254942120052874, 0.0 ], [ 516408.827414610248525, 6069888.696920773014426, 0.0 ], [ 516407.867963342636358, 6069889.207070061005652, 0.0 ], [ 516406.946435465535615, 6069889.782904588617384, 0.0 ], [ 516406.067320570116863, 6069890.421618946827948, 0.0 ], [ 516405.234901615825947, 6069891.120101384818554, 0.0 ], [ 516404.4532340640435, 6069891.874948965385556, 0.0 ], [ 516403.726126120542176, 6069892.682484147138894, 0.0 ], [ 516403.05712018214399, 6069893.538772699423134, 0.0 ], [ 516402.449475578556303, 6069894.43964287173003, 0.0 ], [ 516401.906152693147305, 6069895.380705714225769, 0.0 ], [ 516401.429798540484626, 6069896.357376462779939, 0.0 ], [ 516401.022733870020602, 6069897.364896877668798, 0.0 ], [ 516400.686941860010847, 6069898.398358418606222, 0.0 ], [ 516400.424058455333579, 6069899.452726165764034, 0.0 ], [ 516400.235364397463854, 6069900.522863346152008, 0.0 ], [ 516400.121778984903358, 6069901.603556357324123, 0.0 ], [ 516400.083855594391935, 6069902.689540172927082, 0.0 ], [ 516400.121778984903358, 6069903.77552398853004, 0.0 ], [ 516400.235364397463854, 6069904.856216999702156, 0.0 ], [ 516400.424058455333579, 6069905.926354180090129, 0.0 ], [ 516400.686941860010847, 6069906.980721927247941, 0.0 ], [ 516401.022733870020602, 6069908.014183468185365, 0.0 ], [ 516401.429798540484626, 6069909.021703883074224, 0.0 ], [ 516401.906152693147305, 6069909.998374631628394, 0.0 ], [ 516402.449475578556303, 6069910.939437474124134, 0.0 ], [ 516403.05712018214399, 6069911.840307646431029, 0.0 ], [ 516403.726126120542176, 6069912.69659619871527, 0.0 ], [ 516404.4532340640435, 6069913.504131380468607, 0.0 ], [ 516405.234901615825947, 6069914.258978961035609, 0.0 ], [ 516406.067320570116863, 6069914.957461399026215, 0.0 ], [ 516406.946435465535615, 6069915.596175757236779, 0.0 ], [ 516407.867963342636358, 6069916.172010284848511, 0.0 ], [ 516408.827414610248525, 6069916.682159572839737, 0.0 ], [ 516409.820114918169565, 6069917.124138225801289, 0.0 ], [ 516410.841227930388413, 6069917.495792968198657, 0.0 ], [ 516411.885778886848129, 6069917.795313134789467, 0.0 ], [ 516412.948678840417415, 6069918.021239493973553, 0.0 ], [ 516414.024749449221417, 6069918.172471355646849, 0.0 ], [ 516415.108748205471784, 6069918.248271932825446, 0.0 ], [ 516416.195393976289779, 6069918.248271932825446, 0.0 ], [ 516417.279392732540146, 6069918.172471355646849, 0.0 ], [ 516418.355463341344148, 6069918.021239493973553, 0.0 ], [ 516419.418363294913433, 6069917.795313134789467, 0.0 ], [ 516420.462914251373149, 6069917.495792968198657, 0.0 ], [ 516421.484027263591997, 6069917.124138225801289, 0.0 ], [ 516422.476727571513038, 6069916.682159572839737, 0.0 ], [ 516423.436178839125205, 6069916.172010284848511, 0.0 ], [ 516424.357706716225948, 6069915.596175757236779, 0.0 ], [ 516425.2368216116447, 6069914.957461399026215, 0.0 ], [ 516426.069240565935615, 6069914.258978961035609, 0.0 ], [ 516426.850908117718063, 6069913.504131380468607, 0.0 ], [ 516427.578016061219387, 6069912.69659619871527, 0.0 ], [ 516428.247021999617573, 6069911.840307646431029, 0.0 ], [ 516428.85466660320526, 6069910.939437474124134, 0.0 ], [ 516429.397989488614257, 6069909.998374631628394, 0.0 ], [ 516429.874343641276937, 6069909.021703883074224, 0.0 ], [ 516430.281408311740961, 6069908.014183468185365, 0.0 ], [ 516430.617200321750715, 6069906.980721927247941, 0.0 ], [ 516430.880083726427983, 6069905.926354180090129, 0.0 ], [ 516431.068777784297708, 6069904.856216999702156, 0.0 ], [ 516431.182363196858205, 6069903.77552398853004, 0.0 ], [ 516431.220286587369628, 6069902.689540172927082, 0.0 ] ] } },
{ "type": "Feature", "properties": { "layer": "WBK_SPERRUNG" }, "geometry": { "type": "LineString", "coordinates": [ [ 515544.42779154505115, 6072139.60518891364336, 0.0 ], [ 515544.339371638430748, 6072137.07317407336086, 0.0 ], [ 515544.074542691581883, 6072134.553494954481721, 0.0 ], [ 515543.634594924398698, 6072132.058427181094885, 0.0 ], [ 515543.021671718219295, 6072129.600126471370459, 0.0 ], [ 515542.238759173313156, 6072127.19056942127645, 0.0 ], [ 515541.289671560924035, 6072124.841495148837566, 0.0 ], [ 515540.179032740416005, 6072122.564348109066486, 0.0 ], [ 515538.912253632559441, 6072120.370222331956029, 0.0 ], [ 515537.495505857805256, 6072118.26980737876147, 0.0 ], [ 515535.935691668884829, 6072116.273336259648204, 0.0 ], [ 515534.240410323720425, 6072114.390535581856966, 0.0 ], [ 515532.417921062675305, 6072112.63057816028595, 0.0 ], [ 515530.477102870179806, 6072111.002038330771029, 0.0 ], [ 515528.427411217417102, 6072109.512850175611675, 0.0 ], [ 515526.278831996081863, 6072108.170268869958818, 0.0 ], [ 515524.041832868126221, 6072106.980835335329175, 0.0 ], [ 515521.727312268456444, 6072105.95034437160939, 0.0 ], [ 515519.346546308835968, 6072105.083816427737474, 0.0 ], [ 515516.911133841611445, 6072104.385473140515387, 0.0 ], [ 515514.43293995159911, 6072103.858716768212616, 0.0 ], [ 515511.924038150231354, 6072103.506113614886999, 0.0 ], [ 515509.396651554969139, 6072103.329381527379155, 0.0 ], [ 515506.863093339256011, 6072103.329381527379155, 0.0 ], [ 515504.335706743993796, 6072103.506113614886999, 0.0 ], [ 515501.82680494262604, 6072103.858716768212616, 0.0 ], [ 515499.348611052613705, 6072104.385473140515387, 0.0 ], [ 515496.913198585389182, 6072105.083816427737474, 0.0 ], [ 515494.532432625768706, 6072105.95034437160939, 0.0 ], [ 515492.217912026098929, 6072106.980835335329175, 0.0 ], [ 515489.980912898143288, 6072108.170268869958818, 0.0 ], [ 515487.832333676808048, 6072109.512850175611675, 0.0 ], [ 515485.782642024045344, 6072111.002038330771029, 0.0 ], [ 515483.841823831549846, 6072112.63057816028595, 0.0 ], [ 515482.019334570504725, 6072114.390535581856966, 0.0 ], [ 515480.324053225340322, 6072116.273336259648204, 0.0 ], [ 515478.764239036419895, 6072118.26980737876147, 0.0 ], [ 515477.347491261665709, 6072120.370222331956029, 0.0 ], [ 515476.080712153809145, 6072122.564348109066486, 0.0 ], [ 515474.970073333301116, 6072124.841495148837566, 0.0 ], [ 515474.020985720911995, 6072127.19056942127645, 0.0 ], [ 515473.238073176005855, 6072129.600126471370459, 0.0 ], [ 515472.625149969826452, 6072132.058427181094885, 0.0 ], [ 515472.185202202643268, 6072134.553494954481721, 0.0 ], [ 515471.920373255794402, 6072137.07317407336086, 0.0 ], [ 515471.831953349174, 6072139.60518891364336, 0.0 ], [ 515471.920373255794402, 6072142.13720375392586, 0.0 ], [ 515472.185202202643268, 6072144.656882872804999, 0.0 ], [ 515472.625149969826452, 6072147.151950646191835, 0.0 ], [ 515473.238073176005855, 6072149.610251355916262, 0.0 ], [ 515474.020985720911995, 6072152.01980840601027, 0.0 ], [ 515474.970073333301116, 6072154.368882678449154, 0.0 ], [ 515476.080712153809145, 6072156.646029718220234, 0.0 ], [ 515477.347491261665709, 6072158.840155495330691, 0.0 ], [ 515478.764239036419895, 6072160.94057044852525, 0.0 ], [ 515480.324053225340322, 6072162.937041567638516, 0.0 ], [ 515482.019334570504725, 6072164.819842245429754, 0.0 ], [ 515483.841823831549846, 6072166.579799667000771, 0.0 ], [ 515485.782642024045344, 6072168.208339496515691, 0.0 ], [ 515487.832333676808048, 6072169.697527651675045, 0.0 ], [ 515489.980912898143288, 6072171.040108957327902, 0.0 ], [ 515492.217912026098929, 6072172.229542491957545, 0.0 ], [ 515494.532432625768706, 6072173.26003345567733, 0.0 ], [ 515496.913198585389182, 6072174.126561399549246, 0.0 ], [ 515499.348611052613705, 6072174.824904686771333, 0.0 ], [ 515501.82680494262604, 6072175.351661059074104, 0.0 ], [ 515504.335706743993796, 6072175.704264212399721, 0.0 ], [ 515506.863093339256011, 6072175.880996299907565, 0.0 ], [ 515509.396651554969139, 6072175.880996299907565, 0.0 ], [ 515511.924038150231354, 6072175.704264212399721, 0.0 ], [ 515514.43293995159911, 6072175.351661059074104, 0.0 ], [ 515516.911133841611445, 6072174.824904686771333, 0.0 ], [ 515519.346546308835968, 6072174.126561399549246, 0.0 ], [ 515521.727312268456444, 6072173.26003345567733, 0.0 ], [ 515524.041832868126221, 6072172.229542491957545, 0.0 ], [ 515526.278831996081863, 6072171.040108957327902, 0.0 ], [ 515528.427411217417102, 6072169.697527651675045, 0.0 ], [ 515530.477102870179806, 6072168.208339496515691, 0.0 ], [ 515532.417921062675305, 6072166.579799667000771, 0.0 ], [ 515534.240410323720425, 6072164.819842245429754, 0.0 ], [ 515535.935691668884829, 6072162.937041567638516, 0.0 ], [ 515537.495505857805256, 6072160.94057044852525, 0.0 ], [ 515538.912253632559441, 6072158.840155495330691, 0.0 ], [ 515540.179032740416005, 6072156.646029718220234, 0.0 ], [ 515541.289671560924035, 6072154.368882678449154, 0.0 ], [ 515542.238759173313156, 6072152.01980840601027, 0.0 ], [ 515543.021671718219295, 6072149.610251355916262, 0.0 ], [ 515543.634594924398698, 6072147.151950646191835, 0.0 ], [ 515544.074542691581883, 6072144.656882872804999, 0.0 ], [ 515544.339371638430748, 6072142.13720375392586, 0.0 ], [ 515544.42779154505115, 6072139.60518891364336, 0.0 ] ] } },
{ "type": "Feature", "properties": { "layer": "WBK_SPERRUNG" }, "geometry": { "type": "LineString", "coordinates": [ [ 527145.905933673609979, 6056640.975472683086991, 0.0 ], [ 527145.829285987885669, 6056638.780570141971111, 0.0 ], [ 527145.599716350552626, 6056636.596360944211483, 0.0 ], [ 527145.218343201791868, 6056634.433486339636147, 0.0 ], [ 527144.687024553422816, 6056632.302483635023236, 0.0 ], [ 527144.008348936215043, 6056630.213734861463308, 0.0 ], [ 527143.185622789780609, 6056628.177416192367673, 0.0 ], [ 527142.22285435302183, 6056626.2034483673051, 0.0 ], [ 527141.124734137090854, 6056624.30144836101681, 0.0 ], [ 527139.896612073294818, 6056622.480682524852455, 0.0 ], [ 527138.544471448869444, 6056620.750021446496248, 0.0 ], [ 527137.074899757048115, 6056619.117896733805537, 0.0 ], [ 527135.495056603336707, 6056617.592259935103357, 0.0 ], [ 527133.812638824805617, 6056616.18054379709065, 0.0 ], [ 527132.035842991666868, 6056614.8896260606125, 0.0 ], [ 527130.173325474839658, 6056613.725795947015285, 0.0 ], [ 527128.234160272171721, 6056612.69472351949662, 0.0 ], [ 527126.227794801816344, 6056611.801432059146464, 0.0 ], [ 527124.164003874524496, 6056611.050273591652513, 0.0 ], [ 527122.052842072444037, 6056610.444907686673105, 0.0 ], [ 527119.904594763414934, 6056609.988283624872565, 0.0 ], [ 527117.729727992438711, 6056609.682626033201814, 0.0 ], [ 527115.538837492000312, 6056609.529424045234919, 0.0 ], [ 527113.34259706013836, 6056609.529424045234919, 0.0 ], [ 527111.15170655969996, 6056609.682626033201814, 0.0 ], [ 527108.976839788723737, 6056609.988283624872565, 0.0 ], [ 527106.828592479694635, 6056610.444907686673105, 0.0 ], [ 527104.717430677614175, 6056611.050273591652513, 0.0 ], [ 527102.653639750322327, 6056611.801432059146464, 0.0 ], [ 527100.64727427996695, 6056612.69472351949662, 0.0 ], [ 527098.708109077299014, 6056613.725795947015285, 0.0 ], [ 527096.845591560471803, 6056614.8896260606125, 0.0 ], [ 527095.068795727333054, 6056616.18054379709065, 0.0 ], [ 527093.386377948801965, 6056617.592259935103357, 0.0 ], [ 527091.806534795090556, 6056619.117896733805537, 0.0 ], [ 527090.336963103269227, 6056620.750021446496248, 0.0 ], [ 527088.984822478843853, 6056622.480682524852455, 0.0 ], [ 527087.756700415047817, 6056624.30144836101681, 0.0 ], [ 527086.658580199116841, 6056626.2034483673051, 0.0 ], [ 527085.695811762358062, 6056628.177416192367673, 0.0 ], [ 527084.873085615923628, 6056630.213734861463308, 0.0 ], [ 527084.194409998715855, 6056632.302483635023236, 0.0 ], [ 527083.663091350346804, 6056634.433486339636147, 0.0 ], [ 527083.281718201586045, 6056636.596360944211483, 0.0 ], [ 527083.052148564253002, 6056638.780570141971111, 0.0 ], [ 527082.975500878528692, 6056640.975472683086991, 0.0 ], [ 527083.052148564253002, 6056643.170375224202871, 0.0 ], [ 527083.281718201586045, 6056645.3545844219625, 0.0 ], [ 527083.663091350346804, 6056647.517459026537836, 0.0 ], [ 527084.194409998715855, 6056649.648461731150746, 0.0 ], [ 527084.873085615923628, 6056651.737210504710674, 0.0 ], [ 527085.695811762358062, 6056653.77352917380631, 0.0 ], [ 527086.658580199116841, 6056655.747496998868883, 0.0 ], [ 527087.756700415047817, 6056657.649497005157173, 0.0 ], [ 527088.984822478843853, 6056659.470262841321528, 0.0 ], [ 527090.336963103269227, 6056661.200923919677734, 0.0 ], [ 527091.806534795090556, 6056662.833048632368445, 0.0 ], [ 527093.386377948801965, 6056664.358685431070626, 0.0 ], [ 527095.068795727333054, 6056665.770401569083333, 0.0 ], [ 527096.845591560471803, 6056667.061319305561483, 0.0 ], [ 527098.708109077299014, 6056668.225149419158697, 0.0 ], [ 527100.64727427996695, 6056669.256221846677363, 0.0 ], [ 527102.653639750322327, 6056670.149513307027519, 0.0 ], [ 527104.717430677614175, 6056670.90067177452147, 0.0 ], [ 527106.828592479694635, 6056671.506037679500878, 0.0 ], [ 527108.976839788723737, 6056671.962661741301417, 0.0 ], [ 527111.15170655969996, 6056672.268319332972169, 0.0 ], [ 527113.34259706013836, 6056672.421521320939064, 0.0 ], [ 527115.538837492000312, 6056672.421521320939064, 0.0 ], [ 527117.729727992438711, 6056672.268319332972169, 0.0 ], [ 527119.904594763414934, 6056671.962661741301417, 0.0 ], [ 527122.052842072444037, 6056671.506037679500878, 0.0 ], [ 527124.164003874524496, 6056670.90067177452147, 0.0 ], [ 527126.227794801816344, 6056670.149513307027519, 0.0 ], [ 527128.234160272171721, 6056669.256221846677363, 0.0 ], [ 527130.173325474839658, 6056668.225149419158697, 0.0 ], [ 527132.035842991666868, 6056667.061319305561483, 0.0 ], [ 527133.812638824805617, 6056665.770401569083333, 0.0 ], [ 527135.495056603336707, 6056664.358685431070626, 0.0 ], [ 527137.074899757048115, 6056662.833048632368445, 0.0 ], [ 527138.544471448869444, 6056661.200923919677734, 0.0 ], [ 527139.896612073294818, 6056659.470262841321528, 0.0 ], [ 527141.124734137090854, 6056657.649497005157173, 0.0 ], [ 527142.22285435302183, 6056655.747496998868883, 0.0 ], [ 527143.185622789780609, 6056653.77352917380631, 0.0 ], [ 527144.008348936215043, 6056651.737210504710674, 0.0 ], [ 527144.687024553422816, 6056649.648461731150746, 0.0 ], [ 527145.218343201791868, 6056647.517459026537836, 0.0 ], [ 527145.599716350552626, 6056645.3545844219625, 0.0 ], [ 527145.829285987885669, 6056643.170375224202871, 0.0 ], [ 527145.905933673609979, 6056640.975472683086991, 0.0 ] ] } },
{ "type": "Feature", "properties": { "layer": "WBK_SPERRUNG" }, "geometry": { "type": "LineString", "coordinates": [ [ 527297.233788373181596, 6056097.287647263146937, 0.0 ], [ 527297.171204710029997, 6056095.495485633611679, 0.0 ], [ 527296.98375862184912, 6056093.712055235169828, 0.0 ], [ 527296.672363327117637, 6056091.946044761687517, 0.0 ], [ 527296.238535912591033, 6056090.206058039329946, 0.0 ], [ 527295.68438994162716, 6056088.500572106800973, 0.0 ], [ 527295.012625157716684, 6056086.837895921431482, 0.0 ], [ 527294.226514331414364, 6056085.226129874587059, 0.0 ], [ 527293.329887315747328, 6056083.673126327805221, 0.0 ], [ 527292.32711238716729, 6056082.18645135872066, 0.0 ], [ 527291.223074964480475, 6056080.773347898386419, 0.0 ], [ 527290.023153807036579, 6056079.440700443461537, 0.0 ], [ 527288.733194809989072, 6056078.195001520216465, 0.0 ], [ 527287.359482524101622, 6056077.0423200475052, 0.0 ], [ 527285.908709537354298, 6056075.988271774724126, 0.0 ], [ 527284.387943870038725, 6056075.037991917692125, 0.0 ], [ 527282.804594539571553, 6056074.196110145188868, 0.0 ], [ 527281.166375464643352, 6056073.466728020459414, 0.0 ], [ 527279.481267884024419, 6056072.853399018757045, 0.0 ], [ 527277.757481472450309, 6056072.359111219644547, 0.0 ], [ 527276.00341434404254, 6056071.986272742040455, 0.0 ], [ 527274.227612137445249, 6056071.736700017005205, 0.0 ], [ 527272.438726382679306, 6056071.611608939245343, 0.0 ], [ 527270.645472351112403, 6056071.611608939245343, 0.0 ], [ 527268.85658659634646, 6056071.736700017005205, 0.0 ], [ 527267.080784389749169, 6056071.986272742040455, 0.0 ], [ 527265.3267172613414, 6056072.359111219644547, 0.0 ], [ 527263.60293084976729, 6056072.853399018757045, 0.0 ], [ 527261.917823269148357, 6056073.466728020459414, 0.0 ], [ 527260.279604194220155, 6056074.196110145188868, 0.0 ], [ 527258.696254863752984, 6056075.037991917692125, 0.0 ], [ 527257.175489196437411, 6056075.988271774724126, 0.0 ], [ 527255.724716209690087, 6056077.0423200475052, 0.0 ], [ 527254.351003923802637, 6056078.195001520216465, 0.0 ], [ 527253.06104492675513, 6056079.440700443461537, 0.0 ], [ 527251.861123769311234, 6056080.773347898386419, 0.0 ], [ 527250.757086346624419, 6056082.18645135872066, 0.0 ], [ 527249.754311418044381, 6056083.673126327805221, 0.0 ], [ 527248.857684402377345, 6056085.226129874587059, 0.0 ], [ 527248.071573576075025, 6056086.837895921431482, 0.0 ], [ 527247.399808792164549, 6056088.500572106800973, 0.0 ], [ 527246.845662821200676, 6056090.206058039329946, 0.0 ], [ 527246.411835406674072, 6056091.946044761687517, 0.0 ], [ 527246.100440111942589, 6056093.712055235169828, 0.0 ], [ 527245.912994023761712, 6056095.495485633611679, 0.0 ], [ 527245.850410360610113, 6056097.287647263146937, 0.0 ], [ 527245.912994023761712, 6056099.079808892682195, 0.0 ], [ 527246.100440111942589, 6056100.863239291124046, 0.0 ], [ 527246.411835406674072, 6056102.629249764606357, 0.0 ], [ 527246.845662821200676, 6056104.369236486963928, 0.0 ], [ 527247.399808792164549, 6056106.0747224194929, 0.0 ], [ 527248.071573576075025, 6056107.737398604862392, 0.0 ], [ 527248.857684402377345, 6056109.349164651706815, 0.0 ], [ 527249.754311418044381, 6056110.902168198488653, 0.0 ], [ 527250.757086346624419, 6056112.388843167573214, 0.0 ], [ 527251.861123769311234, 6056113.801946627907455, 0.0 ], [ 527253.06104492675513, 6056115.134594082832336, 0.0 ], [ 527254.351003923802637, 6056116.380293006077409, 0.0 ], [ 527255.724716209690087, 6056117.532974478788674, 0.0 ], [ 527257.175489196437411, 6056118.587022751569748, 0.0 ], [ 527258.696254863752984, 6056119.537302608601749, 0.0 ], [ 527260.279604194220155, 6056120.379184381105006, 0.0 ], [ 527261.917823269148357, 6056121.10856650583446, 0.0 ], [ 527263.60293084976729, 6056121.721895507536829, 0.0 ], [ 527265.3267172613414, 6056122.216183306649327, 0.0 ], [ 527267.080784389749169, 6056122.589021784253418, 0.0 ], [ 527268.85658659634646, 6056122.838594509288669, 0.0 ], [ 527270.645472351112403, 6056122.963685587048531, 0.0 ], [ 527272.438726382679306, 6056122.963685587048531, 0.0 ], [ 527274.227612137445249, 6056122.838594509288669, 0.0 ], [ 527276.00341434404254, 6056122.589021784253418, 0.0 ], [ 527277.757481472450309, 6056122.216183306649327, 0.0 ], [ 527279.481267884024419, 6056121.721895507536829, 0.0 ], [ 527281.166375464643352, 6056121.10856650583446, 0.0 ], [ 527282.804594539571553, 6056120.379184381105006, 0.0 ], [ 527284.387943870038725, 6056119.537302608601749, 0.0 ], [ 527285.908709537354298, 6056118.587022751569748, 0.0 ], [ 527287.359482524101622, 6056117.532974478788674, 0.0 ], [ 527288.733194809989072, 6056116.380293006077409, 0.0 ], [ 527290.023153807036579, 6056115.134594082832336, 0.0 ], [ 527291.223074964480475, 6056113.801946627907455, 0.0 ], [ 527292.32711238716729, 6056112.388843167573214, 0.0 ], [ 527293.329887315747328, 6056110.902168198488653, 0.0 ], [ 527294.226514331414364, 6056109.349164651706815, 0.0 ], [ 527295.012625157716684, 6056107.737398604862392, 0.0 ], [ 527295.68438994162716, 6056106.0747224194929, 0.0 ], [ 527296.238535912591033, 6056104.369236486963928, 0.0 ], [ 527296.672363327117637, 6056102.629249764606357, 0.0 ], [ 527296.98375862184912, 6056100.863239291124046, 0.0 ], [ 527297.171204710029997, 6056099.079808892682195, 0.0 ], [ 527297.233788373181596, 6056097.287647263146937, 0.0 ] ] } },
{ "type": "Feature", "properties": { "layer": "WBK_SPERRUNG" }, "geometry": { "type": "LineString", "coordinates": [ [ 512531.709310121019371, 6078837.119285877794027, 0.0 ], [ 512531.64733859320404, 6078835.344653511419892, 0.0 ], [ 512531.461725928878877, 6078833.578666975721717, 0.0 ], [ 512531.153376414207742, 6078831.829929979518056, 0.0 ], [ 512530.723792297125328, 6078830.106962192803621, 0.0 ], [ 512530.17506646818947, 6078828.418157743290067, 0.0 ], [ 512529.509872264578007, 6078826.771744314581156, 0.0 ], [ 512528.731450445426162, 6078825.175743068568408, 0.0 ], [ 512527.843593403755222, 6078823.637929562479258, 0.0 ], [ 512526.850626689731143, 6078822.165795869193971, 0.0 ], [ 512525.757387937395833, 6078820.766514075919986, 0.0 ], [ 512524.569203296035994, 6078819.446901343762875, 0.0 ], [ 512523.291861481848173, 6078818.213386692106724, 0.0 ], [ 512521.931585575686768, 6078817.071979681029916, 0.0 ], [ 512520.495002705079969, 6078816.028241130523384, 0.0 ], [ 512518.989111757371575, 6078815.087256029248238, 0.0 ], [ 512517.421249281847849, 6078814.253608764149249, 0.0 ], [ 512515.79905374685768, 6078813.531360778026283, 0.0 ], [ 512514.130428326083347, 6078812.92403079289943, 0.0 ], [ 512512.423502394813113, 6078812.434577658772469, 0.0 ], [ 512510.686591924517415, 6078812.065385941416025, 0.0 ], [ 512508.928158968570642, 6078811.8182543059811, 0.0 ], [ 512507.156770435394719, 6078811.694386753253639, 0.0 ], [ 512505.381056352052838, 6078811.694386753253639, 0.0 ], [ 512503.609667818876915, 6078811.8182543059811, 0.0 ], [ 512501.851234862930141, 6078812.065385941416025, 0.0 ], [ 512500.114324392634444, 6078812.434577658772469, 0.0 ], [ 512498.40739846136421, 6078812.92403079289943, 0.0 ], [ 512496.738773040589876, 6078813.531360778026283, 0.0 ], [ 512495.116577505599707, 6078814.253608764149249, 0.0 ], [ 512493.548715030075982, 6078815.087256029248238, 0.0 ], [ 512492.042824082367588, 6078816.028241130523384, 0.0 ], [ 512490.606241211760789, 6078817.071979681029916, 0.0 ], [ 512489.245965305599384, 6078818.213386692106724, 0.0 ], [ 512487.968623491411563, 6078819.446901343762875, 0.0 ], [ 512486.780438850051723, 6078820.766514075919986, 0.0 ], [ 512485.687200097716413, 6078822.165795869193971, 0.0 ], [ 512484.694233383692335, 6078823.637929562479258, 0.0 ], [ 512483.806376342021395, 6078825.175743068568408, 0.0 ], [ 512483.02795452286955, 6078826.771744314581156, 0.0 ], [ 512482.362760319258086, 6078828.418157743290067, 0.0 ], [ 512481.814034490322229, 6078830.106962192803621, 0.0 ], [ 512481.384450373239815, 6078831.829929979518056, 0.0 ], [ 512481.07610085856868, 6078833.578666975721717, 0.0 ], [ 512480.890488194243517, 6078835.344653511419892, 0.0 ], [ 512480.828516666428186, 6078837.119285877794027, 0.0 ], [ 512480.890488194243517, 6078838.893918244168162, 0.0 ], [ 512481.07610085856868, 6078840.659904779866338, 0.0 ], [ 512481.384450373239815, 6078842.408641776069999, 0.0 ], [ 512481.814034490322229, 6078844.131609562784433, 0.0 ], [ 512482.362760319258086, 6078845.820414012297988, 0.0 ], [ 512483.02795452286955, 6078847.466827441006899, 0.0 ], [ 512483.806376342021395, 6078849.062828687019646, 0.0 ], [ 512484.694233383692335, 6078850.600642193108797, 0.0 ], [ 512485.687200097716413, 6078852.072775886394083, 0.0 ], [ 512486.780438850051723, 6078853.472057679668069, 0.0 ], [ 512487.968623491411563, 6078854.79167041182518, 0.0 ], [ 512489.245965305599384, 6078856.025185063481331, 0.0 ], [ 512490.606241211760789, 6078857.166592074558139, 0.0 ], [ 512492.042824082367588, 6078858.210330625064671, 0.0 ], [ 512493.548715030075982, 6078859.151315726339817, 0.0 ], [ 512495.116577505599707, 6078859.984962991438806, 0.0 ], [ 512496.738773040589876, 6078860.707210977561772, 0.0 ], [ 512498.40739846136421, 6078861.314540962688625, 0.0 ], [ 512500.114324392634444, 6078861.803994096815586, 0.0 ], [ 512501.851234862930141, 6078862.173185814172029, 0.0 ], [ 512503.609667818876915, 6078862.420317449606955, 0.0 ], [ 512505.381056352052838, 6078862.544185002334416, 0.0 ], [ 512507.156770435394719, 6078862.544185002334416, 0.0 ], [ 512508.928158968570642, 6078862.420317449606955, 0.0 ], [ 512510.686591924517415, 6078862.173185814172029, 0.0 ], [ 512512.423502394813113, 6078861.803994096815586, 0.0 ], [ 512514.130428326083347, 6078861.314540962688625, 0.0 ], [ 512515.79905374685768, 6078860.707210977561772, 0.0 ], [ 512517.421249281847849, 6078859.984962991438806, 0.0 ], [ 512518.989111757371575, 6078859.151315726339817, 0.0 ], [ 512520.495002705079969, 6078858.210330625064671, 0.0 ], [ 512521.931585575686768, 6078857.166592074558139, 0.0 ], [ 512523.291861481848173, 6078856.025185063481331, 0.0 ], [ 512524.569203296035994, 6078854.79167041182518, 0.0 ], [ 512525.757387937395833, 6078853.472057679668069, 0.0 ], [ 512526.850626689731143, 6078852.072775886394083, 0.0 ], [ 512527.843593403755222, 6078850.600642193108797, 0.0 ], [ 512528.731450445426162, 6078849.062828687019646, 0.0 ], [ 512529.509872264578007, 6078847.466827441006899, 0.0 ], [ 512530.17506646818947, 6078845.820414012297988, 0.0 ], [ 512530.723792297125328, 6078844.131609562784433, 0.0 ], [ 512531.153376414207742, 6078842.408641776069999, 0.0 ], [ 512531.461725928878877, 6078840.659904779866338, 0.0 ], [ 512531.64733859320404, 6078838.893918244168162, 0.0 ], [ 512531.709310121019371, 6078837.119285877794027, 0.0 ] ] } },
{ "type": "Feature", "properties": { "layer": "WBK_SPERRUNG" }, "geometry": { "type": "LineString", "coordinates": [ [ 512411.707804226898588, 6078889.560457513667643, 0.0 ], [ 512411.645832699083257, 6078887.785825147293508, 0.0 ], [ 512411.460220034758095, 6078886.019838611595333, 0.0 ], [ 512411.151870520086959, 6078884.271101615391672, 0.0 ], [ 512410.722286403004546, 6078882.548133828677237, 0.0 ], [ 512410.173560574068688, 6078880.859329379163682, 0.0 ], [ 512409.508366370457225, 6078879.212915950454772, 0.0 ], [ 512408.72994455130538, 6078877.616914704442024, 0.0 ], [ 512407.842087509634439, 6078876.079101198352873, 0.0 ], [ 512406.849120795610361, 6078874.606967505067587, 0.0 ], [ 512405.755882043275051, 6078873.207685711793602, 0.0 ], [ 512404.567697401915211, 6078871.88807297963649, 0.0 ], [ 512403.29035558772739, 6078870.65455832798034, 0.0 ], [ 512401.930079681565985, 6078869.513151316903532, 0.0 ], [ 512400.493496810959186, 6078868.469412766396999, 0.0 ], [ 512398.987605863250792, 6078867.528427665121853, 0.0 ], [ 512397.419743387727067, 6078866.694780400022864, 0.0 ], [ 512395.797547852736898, 6078865.972532413899899, 0.0 ], [ 512394.128922431962565, 6078865.365202428773046, 0.0 ], [ 512392.42199650069233, 6078864.875749294646084, 0.0 ], [ 512390.685086030396633, 6078864.506557577289641, 0.0 ], [ 512388.92665307444986, 6078864.259425941854715, 0.0 ], [ 512387.155264541273937, 6078864.135558389127254, 0.0 ], [ 512385.379550457932055, 6078864.135558389127254, 0.0 ], [ 512383.608161924756132, 6078864.259425941854715, 0.0 ], [ 512381.849728968809359, 6078864.506557577289641, 0.0 ], [ 512380.112818498513661, 6078864.875749294646084, 0.0 ], [ 512378.405892567243427, 6078865.365202428773046, 0.0 ], [ 512376.737267146469094, 6078865.972532413899899, 0.0 ], [ 512375.115071611478925, 6078866.694780400022864, 0.0 ], [ 512373.5472091359552, 6078867.528427665121853, 0.0 ], [ 512372.041318188246805, 6078868.469412766396999, 0.0 ], [ 512370.604735317640007, 6078869.513151316903532, 0.0 ], [ 512369.244459411478601, 6078870.65455832798034, 0.0 ], [ 512367.96711759729078, 6078871.88807297963649, 0.0 ], [ 512366.778932955930941, 6078873.207685711793602, 0.0 ], [ 512365.685694203595631, 6078874.606967505067587, 0.0 ], [ 512364.692727489571553, 6078876.079101198352873, 0.0 ], [ 512363.804870447900612, 6078877.616914704442024, 0.0 ], [ 512363.026448628748767, 6078879.212915950454772, 0.0 ], [ 512362.361254425137304, 6078880.859329379163682, 0.0 ], [ 512361.812528596201446, 6078882.548133828677237, 0.0 ], [ 512361.382944479119033, 6078884.271101615391672, 0.0 ], [ 512361.074594964447897, 6078886.019838611595333, 0.0 ], [ 512360.888982300122734, 6078887.785825147293508, 0.0 ], [ 512360.827010772307403, 6078889.560457513667643, 0.0 ], [ 512360.888982300122734, 6078891.335089880041778, 0.0 ], [ 512361.074594964447897, 6078893.101076415739954, 0.0 ], [ 512361.382944479119033, 6078894.849813411943614, 0.0 ], [ 512361.812528596201446, 6078896.572781198658049, 0.0 ], [ 512362.361254425137304, 6078898.261585648171604, 0.0 ], [ 512363.026448628748767, 6078899.907999076880515, 0.0 ], [ 512363.804870447900612, 6078901.504000322893262, 0.0 ], [ 512364.692727489571553, 6078903.041813828982413, 0.0 ], [ 512365.685694203595631, 6078904.513947522267699, 0.0 ], [ 512366.778932955930941, 6078905.913229315541685, 0.0 ], [ 512367.96711759729078, 6078907.232842047698796, 0.0 ], [ 512369.244459411478601, 6078908.466356699354947, 0.0 ], [ 512370.604735317640007, 6078909.607763710431755, 0.0 ], [ 512372.041318188246805, 6078910.651502260938287, 0.0 ], [ 512373.5472091359552, 6078911.592487362213433, 0.0 ], [ 512375.115071611478925, 6078912.426134627312422, 0.0 ], [ 512376.737267146469094, 6078913.148382613435388, 0.0 ], [ 512378.405892567243427, 6078913.755712598562241, 0.0 ], [ 512380.112818498513661, 6078914.245165732689202, 0.0 ], [ 512381.849728968809359, 6078914.614357450045645, 0.0 ], [ 512383.608161924756132, 6078914.861489085480571, 0.0 ], [ 512385.379550457932055, 6078914.985356638208032, 0.0 ], [ 512387.155264541273937, 6078914.985356638208032, 0.0 ], [ 512388.92665307444986, 6078914.861489085480571, 0.0 ], [ 512390.685086030396633, 6078914.614357450045645, 0.0 ], [ 512392.42199650069233, 6078914.245165732689202, 0.0 ], [ 512394.128922431962565, 6078913.755712598562241, 0.0 ], [ 512395.797547852736898, 6078913.148382613435388, 0.0 ], [ 512397.419743387727067, 6078912.426134627312422, 0.0 ], [ 512398.987605863250792, 6078911.592487362213433, 0.0 ], [ 512400.493496810959186, 6078910.651502260938287, 0.0 ], [ 512401.930079681565985, 6078909.607763710431755, 0.0 ], [ 512403.29035558772739, 6078908.466356699354947, 0.0 ], [ 512404.567697401915211, 6078907.232842047698796, 0.0 ], [ 512405.755882043275051, 6078905.913229315541685, 0.0 ], [ 512406.849120795610361, 6078904.513947522267699, 0.0 ], [ 512407.842087509634439, 6078903.041813828982413, 0.0 ], [ 512408.72994455130538, 6078901.504000322893262, 0.0 ], [ 512409.508366370457225, 6078899.907999076880515, 0.0 ], [ 512410.173560574068688, 6078898.261585648171604, 0.0 ], [ 512410.722286403004546, 6078896.572781198658049, 0.0 ], [ 512411.151870520086959, 6078894.849813411943614, 0.0 ], [ 512411.460220034758095, 6078893.101076415739954, 0.0 ], [ 512411.645832699083257, 6078891.335089880041778, 0.0 ], [ 512411.707804226898588, 6078889.560457513667643, 0.0 ] ] } },
{ "type": "Feature", "properties": { "layer": "WBK_SPERRUNG" }, "geometry": { "type": "LineString", "coordinates": [ [ 512588.827337337599602, 6078531.259304118342698, 0.0 ], [ 512588.765365809784271, 6078529.484671751968563, 0.0 ], [ 512588.579753145459108, 6078527.718685216270387, 0.0 ], [ 512588.271403630787972, 6078525.969948220066726, 0.0 ], [ 512587.841819513705559, 6078524.246980433352292, 0.0 ], [ 512587.293093684769701, 6078522.558175983838737, 0.0 ], [ 512586.627899481158238, 6078520.911762555129826, 0.0 ], [ 512585.849477662006393, 6078519.315761309117079, 0.0 ], [ 512584.961620620335452, 6078517.777947803027928, 0.0 ], [ 512583.968653906311374, 6078516.305814109742641, 0.0 ], [ 512582.875415153976064, 6078514.906532316468656, 0.0 ], [ 512581.687230512616225, 6078513.586919584311545, 0.0 ], [ 512580.409888698428404, 6078512.353404932655394, 0.0 ], [ 512579.049612792266998, 6078511.211997921578586, 0.0 ], [ 512577.6130299216602, 6078510.168259371072054, 0.0 ], [ 512576.107138973951805, 6078509.227274269796908, 0.0 ], [ 512574.53927649842808, 6078508.393627004697919, 0.0 ], [ 512572.917080963437911, 6078507.671379018574953, 0.0 ], [ 512571.248455542663578, 6078507.0640490334481, 0.0 ], [ 512569.541529611393344, 6078506.574595899321139, 0.0 ], [ 512567.804619141097646, 6078506.205404181964695, 0.0 ], [ 512566.046186185150873, 6078505.95827254652977, 0.0 ], [ 512564.27479765197495, 6078505.834404993802309, 0.0 ], [ 512562.499083568633068, 6078505.834404993802309, 0.0 ], [ 512560.727695035457145, 6078505.95827254652977, 0.0 ], [ 512558.969262079510372, 6078506.205404181964695, 0.0 ], [ 512557.232351609214675, 6078506.574595899321139, 0.0 ], [ 512555.52542567794444, 6078507.0640490334481, 0.0 ], [ 512553.856800257170107, 6078507.671379018574953, 0.0 ], [ 512552.234604722179938, 6078508.393627004697919, 0.0 ], [ 512550.666742246656213, 6078509.227274269796908, 0.0 ], [ 512549.160851298947819, 6078510.168259371072054, 0.0 ], [ 512547.72426842834102, 6078511.211997921578586, 0.0 ], [ 512546.363992522179615, 6078512.353404932655394, 0.0 ], [ 512545.086650707991794, 6078513.586919584311545, 0.0 ], [ 512543.898466066631954, 6078514.906532316468656, 0.0 ], [ 512542.805227314296644, 6078516.305814109742641, 0.0 ], [ 512541.812260600272566, 6078517.777947803027928, 0.0 ], [ 512540.924403558601625, 6078519.315761309117079, 0.0 ], [ 512540.14598173944978, 6078520.911762555129826, 0.0 ], [ 512539.480787535838317, 6078522.558175983838737, 0.0 ], [ 512538.932061706902459, 6078524.246980433352292, 0.0 ], [ 512538.502477589820046, 6078525.969948220066726, 0.0 ], [ 512538.19412807514891, 6078527.718685216270387, 0.0 ], [ 512538.008515410823748, 6078529.484671751968563, 0.0 ], [ 512537.946543883008417, 6078531.259304118342698, 0.0 ], [ 512538.008515410823748, 6078533.033936484716833, 0.0 ], [ 512538.19412807514891, 6078534.799923020415008, 0.0 ], [ 512538.502477589820046, 6078536.548660016618669, 0.0 ], [ 512538.932061706902459, 6078538.271627803333104, 0.0 ], [ 512539.480787535838317, 6078539.960432252846658, 0.0 ], [ 512540.14598173944978, 6078541.606845681555569, 0.0 ], [ 512540.924403558601625, 6078543.202846927568316, 0.0 ], [ 512541.812260600272566, 6078544.740660433657467, 0.0 ], [ 512542.805227314296644, 6078546.212794126942754, 0.0 ], [ 512543.898466066631954, 6078547.612075920216739, 0.0 ], [ 512545.086650707991794, 6078548.93168865237385, 0.0 ], [ 512546.363992522179615, 6078550.165203304030001, 0.0 ], [ 512547.72426842834102, 6078551.306610315106809, 0.0 ], [ 512549.160851298947819, 6078552.350348865613341, 0.0 ], [ 512550.666742246656213, 6078553.291333966888487, 0.0 ], [ 512552.234604722179938, 6078554.124981231987476, 0.0 ], [ 512553.856800257170107, 6078554.847229218110442, 0.0 ], [ 512555.52542567794444, 6078555.454559203237295, 0.0 ], [ 512557.232351609214675, 6078555.944012337364256, 0.0 ], [ 512558.969262079510372, 6078556.3132040547207, 0.0 ], [ 512560.727695035457145, 6078556.560335690155625, 0.0 ], [ 512562.499083568633068, 6078556.684203242883086, 0.0 ], [ 512564.27479765197495, 6078556.684203242883086, 0.0 ], [ 512566.046186185150873, 6078556.560335690155625, 0.0 ], [ 512567.804619141097646, 6078556.3132040547207, 0.0 ], [ 512569.541529611393344, 6078555.944012337364256, 0.0 ], [ 512571.248455542663578, 6078555.454559203237295, 0.0 ], [ 512572.917080963437911, 6078554.847229218110442, 0.0 ], [ 512574.53927649842808, 6078554.124981231987476, 0.0 ], [ 512576.107138973951805, 6078553.291333966888487, 0.0 ], [ 512577.6130299216602, 6078552.350348865613341, 0.0 ], [ 512579.049612792266998, 6078551.306610315106809, 0.0 ], [ 512580.409888698428404, 6078550.165203304030001, 0.0 ], [ 512581.687230512616225, 6078548.93168865237385, 0.0 ], [ 512582.875415153976064, 6078547.612075920216739, 0.0 ], [ 512583.968653906311374, 6078546.212794126942754, 0.0 ], [ 512584.961620620335452, 6078544.740660433657467, 0.0 ], [ 512585.849477662006393, 6078543.202846927568316, 0.0 ], [ 512586.627899481158238, 6078541.606845681555569, 0.0 ], [ 512587.293093684769701, 6078539.960432252846658, 0.0 ], [ 512587.841819513705559, 6078538.271627803333104, 0.0 ], [ 512588.271403630787972, 6078536.548660016618669, 0.0 ], [ 512588.579753145459108, 6078534.799923020415008, 0.0 ], [ 512588.765365809784271, 6078533.033936484716833, 0.0 ], [ 512588.827337337599602, 6078531.259304118342698, 0.0 ] ] } },
{ "type": "Feature", "properties": { "layer": "WBK_SPERRUNG" }, "geometry": { "type": "LineString", "coordinates": [ [ 512473.292694753094111, 6078547.370907335542142, 0.0 ], [ 512473.23072322527878, 6078545.596274969168007, 0.0 ], [ 512473.045110560953617, 6078543.830288433469832, 0.0 ], [ 512472.736761046282481, 6078542.081551437266171, 0.0 ], [ 512472.307176929200068, 6078540.358583650551736, 0.0 ], [ 512471.75845110026421, 6078538.669779201038182, 0.0 ], [ 512471.093256896652747, 6078537.023365772329271, 0.0 ], [ 512470.314835077500902, 6078535.427364526316524, 0.0 ], [ 512469.426978035829961, 6078533.889551020227373, 0.0 ], [ 512468.434011321805883, 6078532.417417326942086, 0.0 ], [ 512467.340772569470573, 6078531.018135533668101, 0.0 ], [ 512466.152587928110734, 6078529.69852280151099, 0.0 ], [ 512464.875246113922913, 6078528.465008149854839, 0.0 ], [ 512463.514970207761507, 6078527.323601138778031, 0.0 ], [ 512462.078387337154709, 6078526.279862588271499, 0.0 ], [ 512460.572496389446314, 6078525.338877486996353, 0.0 ], [ 512459.004633913922589, 6078524.505230221897364, 0.0 ], [ 512457.38243837893242, 6078523.782982235774398, 0.0 ], [ 512455.713812958158087, 6078523.175652250647545, 0.0 ], [ 512454.006887026887853, 6078522.686199116520584, 0.0 ], [ 512452.269976556592155, 6078522.31700739916414, 0.0 ], [ 512450.511543600645382, 6078522.069875763729215, 0.0 ], [ 512448.740155067469459, 6078521.946008211001754, 0.0 ], [ 512446.964440984127577, 6078521.946008211001754, 0.0 ], [ 512445.193052450951654, 6078522.069875763729215, 0.0 ], [ 512443.434619495004881, 6078522.31700739916414, 0.0 ], [ 512441.697709024709184, 6078522.686199116520584, 0.0 ], [ 512439.990783093438949, 6078523.175652250647545, 0.0 ], [ 512438.322157672664616, 6078523.782982235774398, 0.0 ], [ 512436.699962137674447, 6078524.505230221897364, 0.0 ], [ 512435.132099662150722, 6078525.338877486996353, 0.0 ], [ 512433.626208714442328, 6078526.279862588271499, 0.0 ], [ 512432.189625843835529, 6078527.323601138778031, 0.0 ], [ 512430.829349937674124, 6078528.465008149854839, 0.0 ], [ 512429.552008123486303, 6078529.69852280151099, 0.0 ], [ 512428.363823482126463, 6078531.018135533668101, 0.0 ], [ 512427.270584729791153, 6078532.417417326942086, 0.0 ], [ 512426.277618015767075, 6078533.889551020227373, 0.0 ], [ 512425.389760974096134, 6078535.427364526316524, 0.0 ], [ 512424.611339154944289, 6078537.023365772329271, 0.0 ], [ 512423.946144951332826, 6078538.669779201038182, 0.0 ], [ 512423.397419122396968, 6078540.358583650551736, 0.0 ], [ 512422.967835005314555, 6078542.081551437266171, 0.0 ], [ 512422.659485490643419, 6078543.830288433469832, 0.0 ], [ 512422.473872826318257, 6078545.596274969168007, 0.0 ], [ 512422.411901298502926, 6078547.370907335542142, 0.0 ], [ 512422.473872826318257, 6078549.145539701916277, 0.0 ], [ 512422.659485490643419, 6078550.911526237614453, 0.0 ], [ 512422.967835005314555, 6078552.660263233818114, 0.0 ], [ 512423.397419122396968, 6078554.383231020532548, 0.0 ], [ 512423.946144951332826, 6078556.072035470046103, 0.0 ], [ 512424.611339154944289, 6078557.718448898755014, 0.0 ], [ 512425.389760974096134, 6078559.314450144767761, 0.0 ], [ 512426.277618015767075, 6078560.852263650856912, 0.0 ], [ 512427.270584729791153, 6078562.324397344142199, 0.0 ], [ 512428.363823482126463, 6078563.723679137416184, 0.0 ], [ 512429.552008123486303, 6078565.043291869573295, 0.0 ], [ 512430.829349937674124, 6078566.276806521229446, 0.0 ], [ 512432.189625843835529, 6078567.418213532306254, 0.0 ], [ 512433.626208714442328, 6078568.461952082812786, 0.0 ], [ 512435.132099662150722, 6078569.402937184087932, 0.0 ], [ 512436.699962137674447, 6078570.236584449186921, 0.0 ], [ 512438.322157672664616, 6078570.958832435309887, 0.0 ], [ 512439.990783093438949, 6078571.56616242043674, 0.0 ], [ 512441.697709024709184, 6078572.055615554563701, 0.0 ], [ 512443.434619495004881, 6078572.424807271920145, 0.0 ], [ 512445.193052450951654, 6078572.67193890735507, 0.0 ], [ 512446.964440984127577, 6078572.795806460082531, 0.0 ], [ 512448.740155067469459, 6078572.795806460082531, 0.0 ], [ 512450.511543600645382, 6078572.67193890735507, 0.0 ], [ 512452.269976556592155, 6078572.424807271920145, 0.0 ], [ 512454.006887026887853, 6078572.055615554563701, 0.0 ], [ 512455.713812958158087, 6078571.56616242043674, 0.0 ], [ 512457.38243837893242, 6078570.958832435309887, 0.0 ], [ 512459.004633913922589, 6078570.236584449186921, 0.0 ], [ 512460.572496389446314, 6078569.402937184087932, 0.0 ], [ 512462.078387337154709, 6078568.461952082812786, 0.0 ], [ 512463.514970207761507, 6078567.418213532306254, 0.0 ], [ 512464.875246113922913, 6078566.276806521229446, 0.0 ], [ 512466.152587928110734, 6078565.043291869573295, 0.0 ], [ 512467.340772569470573, 6078563.723679137416184, 0.0 ], [ 512468.434011321805883, 6078562.324397344142199, 0.0 ], [ 512469.426978035829961, 6078560.852263650856912, 0.0 ], [ 512470.314835077500902, 6078559.314450144767761, 0.0 ], [ 512471.093256896652747, 6078557.718448898755014, 0.0 ], [ 512471.75845110026421, 6078556.072035470046103, 0.0 ], [ 512472.307176929200068, 6078554.383231020532548, 0.0 ], [ 512472.736761046282481, 6078552.660263233818114, 0.0 ], [ 512473.045110560953617, 6078550.911526237614453, 0.0 ], [ 512473.23072322527878, 6078549.145539701916277, 0.0 ], [ 512473.292694753094111, 6078547.370907335542142, 0.0 ] ] } },
{ "type": "Feature", "properties": { "layer": "WBK_SPERRUNG" }, "geometry": { "type": "LineString", "coordinates": [ [ 514636.996082858473528, 6074639.624318481422961, 0.0 ], [ 514636.934111330658197, 6074637.849686115048826, 0.0 ], [ 514636.748498666333035, 6074636.08369957935065, 0.0 ], [ 514636.440149151661899, 6074634.334962583146989, 0.0 ], [ 514636.010565034579486, 6074632.611994796432555, 0.0 ], [ 514635.461839205643628, 6074630.923190346919, 0.0 ], [ 514634.796645002032164, 6074629.276776918210089, 0.0 ], [ 514634.01822318288032, 6074627.680775672197342, 0.0 ], [ 514633.130366141209379, 6074626.142962166108191, 0.0 ], [ 514632.137399427185301, 6074624.670828472822905, 0.0 ], [ 514631.044160674849991, 6074623.271546679548919, 0.0 ], [ 514629.855976033490151, 6074621.951933947391808, 0.0 ], [ 514628.57863421930233, 6074620.718419295735657, 0.0 ], [ 514627.218358313140925, 6074619.577012284658849, 0.0 ], [ 514625.781775442534126, 6074618.533273734152317, 0.0 ], [ 514624.275884494825732, 6074617.592288632877171, 0.0 ], [ 514622.708022019302007, 6074616.758641367778182, 0.0 ], [ 514621.085826484311838, 6074616.036393381655216, 0.0 ], [ 514619.417201063537505, 6074615.429063396528363, 0.0 ], [ 514617.71027513226727, 6074614.939610262401402, 0.0 ], [ 514615.973364661971573, 6074614.570418545044959, 0.0 ], [ 514614.214931706024799, 6074614.323286909610033, 0.0 ], [ 514612.443543172848877, 6074614.199419356882572, 0.0 ], [ 514610.667829089506995, 6074614.199419356882572, 0.0 ], [ 514608.896440556331072, 6074614.323286909610033, 0.0 ], [ 514607.138007600384299, 6074614.570418545044959, 0.0 ], [ 514605.401097130088601, 6074614.939610262401402, 0.0 ], [ 514603.694171198818367, 6074615.429063396528363, 0.0 ], [ 514602.025545778044034, 6074616.036393381655216, 0.0 ], [ 514600.403350243053865, 6074616.758641367778182, 0.0 ], [ 514598.83548776753014, 6074617.592288632877171, 0.0 ], [ 514597.329596819821745, 6074618.533273734152317, 0.0 ], [ 514595.893013949214946, 6074619.577012284658849, 0.0 ], [ 514594.532738043053541, 6074620.718419295735657, 0.0 ], [ 514593.25539622886572, 6074621.951933947391808, 0.0 ], [ 514592.067211587505881, 6074623.271546679548919, 0.0 ], [ 514590.973972835170571, 6074624.670828472822905, 0.0 ], [ 514589.981006121146493, 6074626.142962166108191, 0.0 ], [ 514589.093149079475552, 6074627.680775672197342, 0.0 ], [ 514588.314727260323707, 6074629.276776918210089, 0.0 ], [ 514587.649533056712244, 6074630.923190346919, 0.0 ], [ 514587.100807227776386, 6074632.611994796432555, 0.0 ], [ 514586.671223110693973, 6074634.334962583146989, 0.0 ], [ 514586.362873596022837, 6074636.08369957935065, 0.0 ], [ 514586.177260931697674, 6074637.849686115048826, 0.0 ], [ 514586.115289403882343, 6074639.624318481422961, 0.0 ], [ 514586.177260931697674, 6074641.398950847797096, 0.0 ], [ 514586.362873596022837, 6074643.164937383495271, 0.0 ], [ 514586.671223110693973, 6074644.913674379698932, 0.0 ], [ 514587.100807227776386, 6074646.636642166413367, 0.0 ], [ 514587.649533056712244, 6074648.325446615926921, 0.0 ], [ 514588.314727260323707, 6074649.971860044635832, 0.0 ], [ 514589.093149079475552, 6074651.56786129064858, 0.0 ], [ 514589.981006121146493, 6074653.105674796737731, 0.0 ], [ 514590.973972835170571, 6074654.577808490023017, 0.0 ], [ 514592.067211587505881, 6074655.977090283297002, 0.0 ], [ 514593.25539622886572, 6074657.296703015454113, 0.0 ], [ 514594.532738043053541, 6074658.530217667110264, 0.0 ], [ 514595.893013949214946, 6074659.671624678187072, 0.0 ], [ 514597.329596819821745, 6074660.715363228693604, 0.0 ], [ 514598.83548776753014, 6074661.65634832996875, 0.0 ], [ 514600.403350243053865, 6074662.489995595067739, 0.0 ], [ 514602.025545778044034, 6074663.212243581190705, 0.0 ], [ 514603.694171198818367, 6074663.819573566317558, 0.0 ], [ 514605.401097130088601, 6074664.30902670044452, 0.0 ], [ 514607.138007600384299, 6074664.678218417800963, 0.0 ], [ 514608.896440556331072, 6074664.925350053235888, 0.0 ], [ 514610.667829089506995, 6074665.049217605963349, 0.0 ], [ 514612.443543172848877, 6074665.049217605963349, 0.0 ], [ 514614.214931706024799, 6074664.925350053235888, 0.0 ], [ 514615.973364661971573, 6074664.678218417800963, 0.0 ], [ 514617.71027513226727, 6074664.30902670044452, 0.0 ], [ 514619.417201063537505, 6074663.819573566317558, 0.0 ], [ 514621.085826484311838, 6074663.212243581190705, 0.0 ], [ 514622.708022019302007, 6074662.489995595067739, 0.0 ], [ 514624.275884494825732, 6074661.65634832996875, 0.0 ], [ 514625.781775442534126, 6074660.715363228693604, 0.0 ], [ 514627.218358313140925, 6074659.671624678187072, 0.0 ], [ 514628.57863421930233, 6074658.530217667110264, 0.0 ], [ 514629.855976033490151, 6074657.296703015454113, 0.0 ], [ 514631.044160674849991, 6074655.977090283297002, 0.0 ], [ 514632.137399427185301, 6074654.577808490023017, 0.0 ], [ 514633.130366141209379, 6074653.105674796737731, 0.0 ], [ 514634.01822318288032, 6074651.56786129064858, 0.0 ], [ 514634.796645002032164, 6074649.971860044635832, 0.0 ], [ 514635.461839205643628, 6074648.325446615926921, 0.0 ], [ 514636.010565034579486, 6074646.636642166413367, 0.0 ], [ 514636.440149151661899, 6074644.913674379698932, 0.0 ], [ 514636.748498666333035, 6074643.164937383495271, 0.0 ], [ 514636.934111330658197, 6074641.398950847797096, 0.0 ], [ 514636.996082858473528, 6074639.624318481422961, 0.0 ] ] } },
{ "type": "Feature", "properties": { "layer": "WBK_SPERRUNG" }, "geometry": { "type": "LineString", "coordinates": [ [ 514758.393631235288922, 6074685.779705018736422, 0.0 ], [ 514758.331659707473591, 6074684.005072652362287, 0.0 ], [ 514758.146047043148428, 6074682.239086116664112, 0.0 ], [ 514757.837697528477293, 6074680.490349120460451, 0.0 ], [ 514757.408113411394879, 6074678.767381333746016, 0.0 ], [ 514756.859387582459021, 6074677.078576884232461, 0.0 ], [ 514756.194193378847558, 6074675.432163455523551, 0.0 ], [ 514755.415771559695713, 6074673.836162209510803, 0.0 ], [ 514754.527914518024772, 6074672.298348703421652, 0.0 ], [ 514753.534947804000694, 6074670.826215010136366, 0.0 ], [ 514752.441709051665384, 6074669.426933216862381, 0.0 ], [ 514751.253524410305545, 6074668.107320484705269, 0.0 ], [ 514749.976182596117724, 6074666.873805833049119, 0.0 ], [ 514748.615906689956319, 6074665.732398821972311, 0.0 ], [ 514747.17932381934952, 6074664.688660271465778, 0.0 ], [ 514745.673432871641126, 6074663.747675170190632, 0.0 ], [ 514744.1055703961174, 6074662.914027905091643, 0.0 ], [ 514742.483374861127231, 6074662.191779918968678, 0.0 ], [ 514740.814749440352898, 6074661.584449933841825, 0.0 ], [ 514739.107823509082664, 6074661.094996799714863, 0.0 ], [ 514737.370913038786966, 6074660.72580508235842, 0.0 ], [ 514735.612480082840193, 6074660.478673446923494, 0.0 ], [ 514733.84109154966427, 6074660.354805894196033, 0.0 ], [ 514732.065377466322388, 6074660.354805894196033, 0.0 ], [ 514730.293988933146466, 6074660.478673446923494, 0.0 ], [ 514728.535555977199692, 6074660.72580508235842, 0.0 ], [ 514726.798645506903995, 6074661.094996799714863, 0.0 ], [ 514725.091719575633761, 6074661.584449933841825, 0.0 ], [ 514723.423094154859427, 6074662.191779918968678, 0.0 ], [ 514721.800898619869258, 6074662.914027905091643, 0.0 ], [ 514720.233036144345533, 6074663.747675170190632, 0.0 ], [ 514718.727145196637139, 6074664.688660271465778, 0.0 ], [ 514717.29056232603034, 6074665.732398821972311, 0.0 ], [ 514715.930286419868935, 6074666.873805833049119, 0.0 ], [ 514714.652944605681114, 6074668.107320484705269, 0.0 ], [ 514713.464759964321274, 6074669.426933216862381, 0.0 ], [ 514712.371521211985964, 6074670.826215010136366, 0.0 ], [ 514711.378554497961886, 6074672.298348703421652, 0.0 ], [ 514710.490697456290945, 6074673.836162209510803, 0.0 ], [ 514709.712275637139101, 6074675.432163455523551, 0.0 ], [ 514709.047081433527637, 6074677.078576884232461, 0.0 ], [ 514708.498355604591779, 6074678.767381333746016, 0.0 ], [ 514708.068771487509366, 6074680.490349120460451, 0.0 ], [ 514707.76042197283823, 6074682.239086116664112, 0.0 ], [ 514707.574809308513068, 6074684.005072652362287, 0.0 ], [ 514707.512837780697737, 6074685.779705018736422, 0.0 ], [ 514707.574809308513068, 6074687.554337385110557, 0.0 ], [ 514707.76042197283823, 6074689.320323920808733, 0.0 ], [ 514708.068771487509366, 6074691.069060917012393, 0.0 ], [ 514708.498355604591779, 6074692.792028703726828, 0.0 ], [ 514709.047081433527637, 6074694.480833153240383, 0.0 ], [ 514709.712275637139101, 6074696.127246581949294, 0.0 ], [ 514710.490697456290945, 6074697.723247827962041, 0.0 ], [ 514711.378554497961886, 6074699.261061334051192, 0.0 ], [ 514712.371521211985964, 6074700.733195027336478, 0.0 ], [ 514713.464759964321274, 6074702.132476820610464, 0.0 ], [ 514714.652944605681114, 6074703.452089552767575, 0.0 ], [ 514715.930286419868935, 6074704.685604204423726, 0.0 ], [ 514717.29056232603034, 6074705.827011215500534, 0.0 ], [ 514718.727145196637139, 6074706.870749766007066, 0.0 ], [ 514720.233036144345533, 6074707.811734867282212, 0.0 ], [ 514721.800898619869258, 6074708.645382132381201, 0.0 ], [ 514723.423094154859427, 6074709.367630118504167, 0.0 ], [ 514725.091719575633761, 6074709.97496010363102, 0.0 ], [ 514726.798645506903995, 6074710.464413237757981, 0.0 ], [ 514728.535555977199692, 6074710.833604955114424, 0.0 ], [ 514730.293988933146466, 6074711.08073659054935, 0.0 ], [ 514732.065377466322388, 6074711.204604143276811, 0.0 ], [ 514733.84109154966427, 6074711.204604143276811, 0.0 ], [ 514735.612480082840193, 6074711.08073659054935, 0.0 ], [ 514737.370913038786966, 6074710.833604955114424, 0.0 ], [ 514739.107823509082664, 6074710.464413237757981, 0.0 ], [ 514740.814749440352898, 6074709.97496010363102, 0.0 ], [ 514742.483374861127231, 6074709.367630118504167, 0.0 ], [ 514744.1055703961174, 6074708.645382132381201, 0.0 ], [ 514745.673432871641126, 6074707.811734867282212, 0.0 ], [ 514747.17932381934952, 6074706.870749766007066, 0.0 ], [ 514748.615906689956319, 6074705.827011215500534, 0.0 ], [ 514749.976182596117724, 6074704.685604204423726, 0.0 ], [ 514751.253524410305545, 6074703.452089552767575, 0.0 ], [ 514752.441709051665384, 6074702.132476820610464, 0.0 ], [ 514753.534947804000694, 6074700.733195027336478, 0.0 ], [ 514754.527914518024772, 6074699.261061334051192, 0.0 ], [ 514755.415771559695713, 6074697.723247827962041, 0.0 ], [ 514756.194193378847558, 6074696.127246581949294, 0.0 ], [ 514756.859387582459021, 6074694.480833153240383, 0.0 ], [ 514757.408113411394879, 6074692.792028703726828, 0.0 ], [ 514757.837697528477293, 6074691.069060917012393, 0.0 ], [ 514758.146047043148428, 6074689.320323920808733, 0.0 ], [ 514758.331659707473591, 6074687.554337385110557, 0.0 ], [ 514758.393631235288922, 6074685.779705018736422, 0.0 ] ] } },
{ "type": "Feature", "properties": { "layer": "WBK_SPERRUNG" }, "geometry": { "type": "LineString", "coordinates": [ [ 515060.238739356922451, 6073866.288948062807322, 0.0 ], [ 515060.176767829107121, 6073864.514315696433187, 0.0 ], [ 515059.991155164781958, 6073862.748329160735011, 0.0 ], [ 515059.682805650110822, 6073860.99959216453135, 0.0 ], [ 515059.253221533028409, 6073859.276624377816916, 0.0 ], [ 515058.704495704092551, 6073857.587819928303361, 0.0 ], [ 515058.039301500481088, 6073855.94140649959445, 0.0 ], [ 515057.260879681329243, 6073854.345405253581703, 0.0 ], [ 515056.373022639658302, 6073852.807591747492552, 0.0 ], [ 515055.380055925634224, 6073851.335458054207265, 0.0 ], [ 515054.286817173298914, 6073849.93617626093328, 0.0 ], [ 515053.098632531939074, 6073848.616563528776169, 0.0 ], [ 515051.821290717751253, 6073847.383048877120018, 0.0 ], [ 515050.461014811589848, 6073846.24164186604321, 0.0 ], [ 515049.02443194098305, 6073845.197903315536678, 0.0 ], [ 515047.518540993274655, 6073844.256918214261532, 0.0 ], [ 515045.95067851775093, 6073843.423270949162543, 0.0 ], [ 515044.328482982760761, 6073842.701022963039577, 0.0 ], [ 515042.659857561986428, 6073842.093692977912724, 0.0 ], [ 515040.952931630716193, 6073841.604239843785763, 0.0 ], [ 515039.216021160420496, 6073841.235048126429319, 0.0 ], [ 515037.457588204473723, 6073840.987916490994394, 0.0 ], [ 515035.6861996712978, 6073840.864048938266933, 0.0 ], [ 515033.910485587955918, 6073840.864048938266933, 0.0 ], [ 515032.139097054779995, 6073840.987916490994394, 0.0 ], [ 515030.380664098833222, 6073841.235048126429319, 0.0 ], [ 515028.643753628537524, 6073841.604239843785763, 0.0 ], [ 515026.93682769726729, 6073842.093692977912724, 0.0 ], [ 515025.268202276492957, 6073842.701022963039577, 0.0 ], [ 515023.646006741502788, 6073843.423270949162543, 0.0 ], [ 515022.078144265979063, 6073844.256918214261532, 0.0 ], [ 515020.572253318270668, 6073845.197903315536678, 0.0 ], [ 515019.13567044766387, 6073846.24164186604321, 0.0 ], [ 515017.775394541502465, 6073847.383048877120018, 0.0 ], [ 515016.498052727314644, 6073848.616563528776169, 0.0 ], [ 515015.309868085954804, 6073849.93617626093328, 0.0 ], [ 515014.216629333619494, 6073851.335458054207265, 0.0 ], [ 515013.223662619595416, 6073852.807591747492552, 0.0 ], [ 515012.335805577924475, 6073854.345405253581703, 0.0 ], [ 515011.55738375877263, 6073855.94140649959445, 0.0 ], [ 515010.892189555161167, 6073857.587819928303361, 0.0 ], [ 515010.343463726225309, 6073859.276624377816916, 0.0 ], [ 515009.913879609142896, 6073860.99959216453135, 0.0 ], [ 515009.60553009447176, 6073862.748329160735011, 0.0 ], [ 515009.419917430146597, 6073864.514315696433187, 0.0 ], [ 515009.357945902331267, 6073866.288948062807322, 0.0 ], [ 515009.419917430146597, 6073868.063580429181457, 0.0 ], [ 515009.60553009447176, 6073869.829566964879632, 0.0 ], [ 515009.913879609142896, 6073871.578303961083293, 0.0 ], [ 515010.343463726225309, 6073873.301271747797728, 0.0 ], [ 515010.892189555161167, 6073874.990076197311282, 0.0 ], [ 515011.55738375877263, 6073876.636489626020193, 0.0 ], [ 515012.335805577924475, 6073878.23249087203294, 0.0 ], [ 515013.223662619595416, 6073879.770304378122091, 0.0 ], [ 515014.216629333619494, 6073881.242438071407378, 0.0 ], [ 515015.309868085954804, 6073882.641719864681363, 0.0 ], [ 515016.498052727314644, 6073883.961332596838474, 0.0 ], [ 515017.775394541502465, 6073885.194847248494625, 0.0 ], [ 515019.13567044766387, 6073886.336254259571433, 0.0 ], [ 515020.572253318270668, 6073887.379992810077965, 0.0 ], [ 515022.078144265979063, 6073888.320977911353111, 0.0 ], [ 515023.646006741502788, 6073889.1546251764521, 0.0 ], [ 515025.268202276492957, 6073889.876873162575066, 0.0 ], [ 515026.93682769726729, 6073890.484203147701919, 0.0 ], [ 515028.643753628537524, 6073890.97365628182888, 0.0 ], [ 515030.380664098833222, 6073891.342847999185324, 0.0 ], [ 515032.139097054779995, 6073891.589979634620249, 0.0 ], [ 515033.910485587955918, 6073891.71384718734771, 0.0 ], [ 515035.6861996712978, 6073891.71384718734771, 0.0 ], [ 515037.457588204473723, 6073891.589979634620249, 0.0 ], [ 515039.216021160420496, 6073891.342847999185324, 0.0 ], [ 515040.952931630716193, 6073890.97365628182888, 0.0 ], [ 515042.659857561986428, 6073890.484203147701919, 0.0 ], [ 515044.328482982760761, 6073889.876873162575066, 0.0 ], [ 515045.95067851775093, 6073889.1546251764521, 0.0 ], [ 515047.518540993274655, 6073888.320977911353111, 0.0 ], [ 515049.02443194098305, 6073887.379992810077965, 0.0 ], [ 515050.461014811589848, 6073886.336254259571433, 0.0 ], [ 515051.821290717751253, 6073885.194847248494625, 0.0 ], [ 515053.098632531939074, 6073883.961332596838474, 0.0 ], [ 515054.286817173298914, 6073882.641719864681363, 0.0 ], [ 515055.380055925634224, 6073881.242438071407378, 0.0 ], [ 515056.373022639658302, 6073879.770304378122091, 0.0 ], [ 515057.260879681329243, 6073878.23249087203294, 0.0 ], [ 515058.039301500481088, 6073876.636489626020193, 0.0 ], [ 515058.704495704092551, 6073874.990076197311282, 0.0 ], [ 515059.253221533028409, 6073873.301271747797728, 0.0 ], [ 515059.682805650110822, 6073871.578303961083293, 0.0 ], [ 515059.991155164781958, 6073869.829566964879632, 0.0 ], [ 515060.176767829107121, 6073868.063580429181457, 0.0 ], [ 515060.238739356922451, 6073866.288948062807322, 0.0 ] ] } },
{ "type": "Feature", "properties": { "layer": "WBK_SPERRUNG" }, "geometry": { "type": "LineString", "coordinates": [ [ 516058.066445202566683, 6071038.233892133459449, 0.0 ], [ 516057.978025295946281, 6071035.701877293176949, 0.0 ], [ 516057.713196349097416, 6071033.18219817429781, 0.0 ], [ 516057.273248581914231, 6071030.687130400910974, 0.0 ], [ 516056.660325375734828, 6071028.228829691186547, 0.0 ], [ 516055.877412830828689, 6071025.819272641092539, 0.0 ], [ 516054.928325218439568, 6071023.470198368653655, 0.0 ], [ 516053.817686397931539, 6071021.193051328882575, 0.0 ], [ 516052.550907290074974, 6071018.998925551772118, 0.0 ], [ 516051.134159515320789, 6071016.898510598577559, 0.0 ], [ 516049.574345326400362, 6071014.902039479464293, 0.0 ], [ 516047.879063981235959, 6071013.019238801673055, 0.0 ], [ 516046.056574720190838, 6071011.259281380102038, 0.0 ], [ 516044.115756527695339, 6071009.630741550587118, 0.0 ], [ 516042.066064874932636, 6071008.141553395427763, 0.0 ], [ 516039.917485653597396, 6071006.798972089774907, 0.0 ], [ 516037.680486525641754, 6071005.609538555145264, 0.0 ], [ 516035.365965925971977, 6071004.579047591425478, 0.0 ], [ 516032.985199966351502, 6071003.712519647553563, 0.0 ], [ 516030.549787499126978, 6071003.014176360331476, 0.0 ], [ 516028.071593609114643, 6071002.487419988028705, 0.0 ], [ 516025.562691807746887, 6071002.134816834703088, 0.0 ], [ 516023.035305212484673, 6071001.958084747195244, 0.0 ], [ 516020.501746996771544, 6071001.958084747195244, 0.0 ], [ 516017.97436040150933, 6071002.134816834703088, 0.0 ], [ 516015.465458600141574, 6071002.487419988028705, 0.0 ], [ 516012.987264710129239, 6071003.014176360331476, 0.0 ], [ 516010.551852242904715, 6071003.712519647553563, 0.0 ], [ 516008.171086283284239, 6071004.579047591425478, 0.0 ], [ 516005.856565683614463, 6071005.609538555145264, 0.0 ], [ 516003.619566555658821, 6071006.798972089774907, 0.0 ], [ 516001.470987334323581, 6071008.141553395427763, 0.0 ], [ 515999.421295681560878, 6071009.630741550587118, 0.0 ], [ 515997.480477489065379, 6071011.259281380102038, 0.0 ], [ 515995.657988228020258, 6071013.019238801673055, 0.0 ], [ 515993.962706882855855, 6071014.902039479464293, 0.0 ], [ 515992.402892693935428, 6071016.898510598577559, 0.0 ], [ 515990.986144919181243, 6071018.998925551772118, 0.0 ], [ 515989.719365811324678, 6071021.193051328882575, 0.0 ], [ 515988.608726990816649, 6071023.470198368653655, 0.0 ], [ 515987.659639378427528, 6071025.819272641092539, 0.0 ], [ 515986.876726833521388, 6071028.228829691186547, 0.0 ], [ 515986.263803627341986, 6071030.687130400910974, 0.0 ], [ 515985.823855860158801, 6071033.18219817429781, 0.0 ], [ 515985.559026913309935, 6071035.701877293176949, 0.0 ], [ 515985.470607006689534, 6071038.233892133459449, 0.0 ], [ 515985.559026913309935, 6071040.765906973741949, 0.0 ], [ 515985.823855860158801, 6071043.285586092621088, 0.0 ], [ 515986.263803627341986, 6071045.780653866007924, 0.0 ], [ 515986.876726833521388, 6071048.23895457573235, 0.0 ], [ 515987.659639378427528, 6071050.648511625826359, 0.0 ], [ 515988.608726990816649, 6071052.997585898265243, 0.0 ], [ 515989.719365811324678, 6071055.274732938036323, 0.0 ], [ 515990.986144919181243, 6071057.46885871514678, 0.0 ], [ 515992.402892693935428, 6071059.569273668341339, 0.0 ], [ 515993.962706882855855, 6071061.565744787454605, 0.0 ], [ 515995.657988228020258, 6071063.448545465245843, 0.0 ], [ 515997.480477489065379, 6071065.208502886816859, 0.0 ], [ 515999.421295681560878, 6071066.83704271633178, 0.0 ], [ 516001.470987334323581, 6071068.326230871491134, 0.0 ], [ 516003.619566555658821, 6071069.668812177143991, 0.0 ], [ 516005.856565683614463, 6071070.858245711773634, 0.0 ], [ 516008.171086283284239, 6071071.888736675493419, 0.0 ], [ 516010.551852242904715, 6071072.755264619365335, 0.0 ], [ 516012.987264710129239, 6071073.453607906587422, 0.0 ], [ 516015.465458600141574, 6071073.980364278890193, 0.0 ], [ 516017.97436040150933, 6071074.33296743221581, 0.0 ], [ 516020.501746996771544, 6071074.509699519723654, 0.0 ], [ 516023.035305212484673, 6071074.509699519723654, 0.0 ], [ 516025.562691807746887, 6071074.33296743221581, 0.0 ], [ 516028.071593609114643, 6071073.980364278890193, 0.0 ], [ 516030.549787499126978, 6071073.453607906587422, 0.0 ], [ 516032.985199966351502, 6071072.755264619365335, 0.0 ], [ 516035.365965925971977, 6071071.888736675493419, 0.0 ], [ 516037.680486525641754, 6071070.858245711773634, 0.0 ], [ 516039.917485653597396, 6071069.668812177143991, 0.0 ], [ 516042.066064874932636, 6071068.326230871491134, 0.0 ], [ 516044.115756527695339, 6071066.83704271633178, 0.0 ], [ 516046.056574720190838, 6071065.208502886816859, 0.0 ], [ 516047.879063981235959, 6071063.448545465245843, 0.0 ], [ 516049.574345326400362, 6071061.565744787454605, 0.0 ], [ 516051.134159515320789, 6071059.569273668341339, 0.0 ], [ 516052.550907290074974, 6071057.46885871514678, 0.0 ], [ 516053.817686397931539, 6071055.274732938036323, 0.0 ], [ 516054.928325218439568, 6071052.997585898265243, 0.0 ], [ 516055.877412830828689, 6071050.648511625826359, 0.0 ], [ 516056.660325375734828, 6071048.23895457573235, 0.0 ], [ 516057.273248581914231, 6071045.780653866007924, 0.0 ], [ 516057.713196349097416, 6071043.285586092621088, 0.0 ], [ 516057.978025295946281, 6071040.765906973741949, 0.0 ], [ 516058.066445202566683, 6071038.233892133459449, 0.0 ] ] } },
{ "type": "Feature", "properties": { "layer": "WBK_SPERRUNG" }, "geometry": { "type": "LineString", "coordinates": [ [ 526329.60647812334355, 6060195.301728687249124, 0.0 ], [ 526329.554394373204559, 6060193.810245227999985, 0.0 ], [ 526329.398396869772114, 6060192.326028126291931, 0.0 ], [ 526329.139245617086999, 6060190.856308338232338, 0.0 ], [ 526328.778203174006194, 6060189.408246191218495, 0.0 ], [ 526328.317028503050096, 6060187.988896498456597, 0.0 ], [ 526327.757968400837854, 6060186.605174189433455, 0.0 ], [ 526327.103746552020311, 6060185.26382061932236, 0.0 ], [ 526326.357550259679556, 6060183.971370728686452, 0.0 ], [ 526325.523014917154796, 6060182.734121202491224, 0.0 ], [ 526324.604206296731718, 6060181.558099797926843, 0.0 ], [ 526323.605600741575472, 6060180.449035970494151, 0.0 ], [ 526322.53206335764844, 6060179.412332969717681, 0.0 ], [ 526321.388824311201461, 6060178.453041507862508, 0.0 ], [ 526320.181453347904608, 6060177.575835155323148, 0.0 ], [ 526318.915832657716237, 6060176.784987575374544, 0.0 ], [ 526317.598128217505291, 6060176.084351696074009, 0.0 ], [ 526316.234759750775993, 6060175.477340945973992, 0.0 ], [ 526314.832369451643899, 6060174.966912620700896, 0.0 ], [ 526313.397789624636061, 6060174.555553474463522, 0.0 ], [ 526311.938009398523718, 6060174.245267609134316, 0.0 ], [ 526310.460140675888397, 6060174.037566704675555, 0.0 ], [ 526308.971383484546095, 6060173.933462660759687, 0.0 ], [ 526307.478990899864584, 6060173.933462660759687, 0.0 ], [ 526305.990233708522283, 6060174.037566704675555, 0.0 ], [ 526304.512364985886961, 6060174.245267609134316, 0.0 ], [ 526303.052584759774618, 6060174.555553474463522, 0.0 ], [ 526301.61800493276678, 6060174.966912620700896, 0.0 ], [ 526300.215614633634686, 6060175.477340945973992, 0.0 ], [ 526298.852246166905388, 6060176.084351696074009, 0.0 ], [ 526297.534541726694442, 6060176.784987575374544, 0.0 ], [ 526296.268921036506072, 6060177.575835155323148, 0.0 ], [ 526295.061550073209219, 6060178.453041507862508, 0.0 ], [ 526293.91831102676224, 6060179.412332969717681, 0.0 ], [ 526292.844773642835207, 6060180.449035970494151, 0.0 ], [ 526291.846168087678961, 6060181.558099797926843, 0.0 ], [ 526290.927359467255883, 6060182.734121202491224, 0.0 ], [ 526290.092824124731123, 6060183.971370728686452, 0.0 ], [ 526289.346627832390368, 6060185.26382061932236, 0.0 ], [ 526288.692405983572826, 6060186.605174189433455, 0.0 ], [ 526288.133345881360583, 6060187.988896498456597, 0.0 ], [ 526287.672171210404485, 6060189.408246191218495, 0.0 ], [ 526287.31112876732368, 6060190.856308338232338, 0.0 ], [ 526287.051977514638565, 6060192.326028126291931, 0.0 ], [ 526286.89598001120612, 6060193.810245227999985, 0.0 ], [ 526286.84389626106713, 6060195.301728687249124, 0.0 ], [ 526286.89598001120612, 6060196.793212146498263, 0.0 ], [ 526287.051977514638565, 6060198.277429248206317, 0.0 ], [ 526287.31112876732368, 6060199.74714903626591, 0.0 ], [ 526287.672171210404485, 6060201.195211183279753, 0.0 ], [ 526288.133345881360583, 6060202.614560876041651, 0.0 ], [ 526288.692405983572826, 6060203.998283185064793, 0.0 ], [ 526289.346627832390368, 6060205.339636755175889, 0.0 ], [ 526290.092824124731123, 6060206.632086645811796, 0.0 ], [ 526290.927359467255883, 6060207.869336172007024, 0.0 ], [ 526291.846168087678961, 6060209.045357576571405, 0.0 ], [ 526292.844773642835207, 6060210.154421404004097, 0.0 ], [ 526293.91831102676224, 6060211.191124404780567, 0.0 ], [ 526295.061550073209219, 6060212.15041586663574, 0.0 ], [ 526296.268921036506072, 6060213.0276222191751, 0.0 ], [ 526297.534541726694442, 6060213.818469799123704, 0.0 ], [ 526298.852246166905388, 6060214.519105678424239, 0.0 ], [ 526300.215614633634686, 6060215.126116428524256, 0.0 ], [ 526301.61800493276678, 6060215.636544753797352, 0.0 ], [ 526303.052584759774618, 6060216.047903900034726, 0.0 ], [ 526304.512364985886961, 6060216.358189765363932, 0.0 ], [ 526305.990233708522283, 6060216.565890669822693, 0.0 ], [ 526307.478990899864584, 6060216.669994713738561, 0.0 ], [ 526308.971383484546095, 6060216.669994713738561, 0.0 ], [ 526310.460140675888397, 6060216.565890669822693, 0.0 ], [ 526311.938009398523718, 6060216.358189765363932, 0.0 ], [ 526313.397789624636061, 6060216.047903900034726, 0.0 ], [ 526314.832369451643899, 6060215.636544753797352, 0.0 ], [ 526316.234759750775993, 6060215.126116428524256, 0.0 ], [ 526317.598128217505291, 6060214.519105678424239, 0.0 ], [ 526318.915832657716237, 6060213.818469799123704, 0.0 ], [ 526320.181453347904608, 6060213.0276222191751, 0.0 ], [ 526321.388824311201461, 6060212.15041586663574, 0.0 ], [ 526322.53206335764844, 6060211.191124404780567, 0.0 ], [ 526323.605600741575472, 6060210.154421404004097, 0.0 ], [ 526324.604206296731718, 6060209.045357576571405, 0.0 ], [ 526325.523014917154796, 6060207.869336172007024, 0.0 ], [ 526326.357550259679556, 6060206.632086645811796, 0.0 ], [ 526327.103746552020311, 6060205.339636755175889, 0.0 ], [ 526327.757968400837854, 6060203.998283185064793, 0.0 ], [ 526328.317028503050096, 6060202.614560876041651, 0.0 ], [ 526328.778203174006194, 6060201.195211183279753, 0.0 ], [ 526329.139245617086999, 6060199.74714903626591, 0.0 ], [ 526329.398396869772114, 6060198.277429248206317, 0.0 ], [ 526329.554394373204559, 6060196.793212146498263, 0.0 ], [ 526329.60647812334355, 6060195.301728687249124, 0.0 ] ] } },
{ "type": "Feature", "properties": { "layer": "WBK_SPERRUNG" }, "geometry": { "type": "LineString", "coordinates": [ [ 527180.064844566397369, 6057486.224160445854068, 0.0 ], [ 527180.027725624269806, 6057485.161213016137481, 0.0 ], [ 527179.916549637448043, 6057484.103444159030914, 0.0 ], [ 527179.731858244398609, 6057483.056007219478488, 0.0 ], [ 527179.474551242776215, 6057482.024005203507841, 0.0 ], [ 527179.145882206503302, 6057481.012465921230614, 0.0 ], [ 527178.747452378156595, 6057480.026317491196096, 0.0 ], [ 527178.281202867859975, 6057479.0703643290326, 0.0 ], [ 527177.749405196169391, 6057478.149263742379844, 0.0 ], [ 527177.15465022798162, 6057477.267503240145743, 0.0 ], [ 527176.499835549853742, 6057476.429378672502935, 0.0 ], [ 527175.788151352782734, 6057475.638973296619952, 0.0 ], [ 527175.023064890876412, 6057474.900137888267636, 0.0 ], [ 527174.208303588442504, 6057474.216471980325878, 0.0 ], [ 527173.347836880595423, 6057473.591306323185563, 0.0 ], [ 527172.445856874575838, 6057473.027686661109328, 0.0 ], [ 527171.506757926428691, 6057472.528358893468976, 0.0 ], [ 527170.535115231759846, 6057472.095755693502724, 0.0 ], [ 527169.535662536160089, 6057471.731984661892056, 0.0 ], [ 527168.513269072631374, 6057471.438818054273725, 0.0 ], [ 527167.472915839520283, 6057471.217684147879481, 0.0 ], [ 527166.419671332929283, 6057471.069660285487771, 0.0 ], [ 527165.358666854444891, 6057470.995467624627054, 0.0 ], [ 527164.295071511063725, 6057470.995467624627054, 0.0 ], [ 527163.234067032579333, 6057471.069660285487771, 0.0 ], [ 527162.180822525988333, 6057471.217684147879481, 0.0 ], [ 527161.140469292877242, 6057471.438818054273725, 0.0 ], [ 527160.118075829348527, 6057471.731984661892056, 0.0 ], [ 527159.11862313374877, 6057472.095755693502724, 0.0 ], [ 527158.146980439079925, 6057472.528358893468976, 0.0 ], [ 527157.207881490932778, 6057473.027686661109328, 0.0 ], [ 527156.305901484913193, 6057473.591306323185563, 0.0 ], [ 527155.445434777066112, 6057474.216471980325878, 0.0 ], [ 527154.630673474632204, 6057474.900137888267636, 0.0 ], [ 527153.865587012725882, 6057475.638973296619952, 0.0 ], [ 527153.153902815654874, 6057476.429378672502935, 0.0 ], [ 527152.499088137526996, 6057477.267503240145743, 0.0 ], [ 527151.904333169339225, 6057478.149263742379844, 0.0 ], [ 527151.372535497648641, 6057479.0703643290326, 0.0 ], [ 527150.906285987352021, 6057480.026317491196096, 0.0 ], [ 527150.507856159005314, 6057481.012465921230614, 0.0 ], [ 527150.179187122732401, 6057482.024005203507841, 0.0 ], [ 527149.921880121110007, 6057483.056007219478488, 0.0 ], [ 527149.737188728060573, 6057484.103444159030914, 0.0 ], [ 527149.62601274123881, 6057485.161213016137481, 0.0 ], [ 527149.588893799111247, 6057486.224160445854068, 0.0 ], [ 527149.62601274123881, 6057487.287107875570655, 0.0 ], [ 527149.737188728060573, 6057488.344876732677221, 0.0 ], [ 527149.921880121110007, 6057489.392313672229648, 0.0 ], [ 527150.179187122732401, 6057490.424315688200295, 0.0 ], [ 527150.507856159005314, 6057491.435854970477521, 0.0 ], [ 527150.906285987352021, 6057492.42200340051204, 0.0 ], [ 527151.372535497648641, 6057493.377956562675536, 0.0 ], [ 527151.904333169339225, 6057494.299057149328291, 0.0 ], [ 527152.499088137526996, 6057495.180817651562393, 0.0 ], [ 527153.153902815654874, 6057496.018942219205201, 0.0 ], [ 527153.865587012725882, 6057496.809347595088184, 0.0 ], [ 527154.630673474632204, 6057497.548183003440499, 0.0 ], [ 527155.445434777066112, 6057498.231848911382258, 0.0 ], [ 527156.305901484913193, 6057498.857014568522573, 0.0 ], [ 527157.207881490932778, 6057499.420634230598807, 0.0 ], [ 527158.146980439079925, 6057499.91996199823916, 0.0 ], [ 527159.11862313374877, 6057500.352565198205411, 0.0 ], [ 527160.118075829348527, 6057500.716336229816079, 0.0 ], [ 527161.140469292877242, 6057501.009502837434411, 0.0 ], [ 527162.180822525988333, 6057501.230636743828654, 0.0 ], [ 527163.234067032579333, 6057501.378660606220365, 0.0 ], [ 527164.295071511063725, 6057501.452853267081082, 0.0 ], [ 527165.358666854444891, 6057501.452853267081082, 0.0 ], [ 527166.419671332929283, 6057501.378660606220365, 0.0 ], [ 527167.472915839520283, 6057501.230636743828654, 0.0 ], [ 527168.513269072631374, 6057501.009502837434411, 0.0 ], [ 527169.535662536160089, 6057500.716336229816079, 0.0 ], [ 527170.535115231759846, 6057500.352565198205411, 0.0 ], [ 527171.506757926428691, 6057499.91996199823916, 0.0 ], [ 527172.445856874575838, 6057499.420634230598807, 0.0 ], [ 527173.347836880595423, 6057498.857014568522573, 0.0 ], [ 527174.208303588442504, 6057498.231848911382258, 0.0 ], [ 527175.023064890876412, 6057497.548183003440499, 0.0 ], [ 527175.788151352782734, 6057496.809347595088184, 0.0 ], [ 527176.499835549853742, 6057496.018942219205201, 0.0 ], [ 527177.15465022798162, 6057495.180817651562393, 0.0 ], [ 527177.749405196169391, 6057494.299057149328291, 0.0 ], [ 527178.281202867859975, 6057493.377956562675536, 0.0 ], [ 527178.747452378156595, 6057492.42200340051204, 0.0 ], [ 527179.145882206503302, 6057491.435854970477521, 0.0 ], [ 527179.474551242776215, 6057490.424315688200295, 0.0 ], [ 527179.731858244398609, 6057489.392313672229648, 0.0 ], [ 527179.916549637448043, 6057488.344876732677221, 0.0 ], [ 527180.027725624269806, 6057487.287107875570655, 0.0 ], [ 527180.064844566397369, 6057486.224160445854068, 0.0 ] ] } },
{ "type": "Feature", "properties": { "layer": "WBK_SPERRUNG" }, "geometry": { "type": "LineString", "coordinates": [ [ 526882.209231178509071, 6051605.930729232728481, 0.0 ], [ 526882.169242962845601, 6051604.785616560839117, 0.0 ], [ 526882.049473134567961, 6051603.646082763560116, 0.0 ], [ 526881.850505199981853, 6051602.517679533921182, 0.0 ], [ 526881.573308511055075, 6051601.405904338695109, 0.0 ], [ 526881.219233542098664, 6051600.316173636354506, 0.0 ], [ 526880.790005310904235, 6051599.253796483390033, 0.0 ], [ 526880.287714974139817, 6051598.223948677070439, 0.0 ], [ 526879.714809639845043, 6051597.231647529639304, 0.0 ], [ 526879.074080445338041, 6051596.281727434135973, 0.0 ], [ 526878.368648958741687, 6051595.378816306591034, 0.0 ], [ 526877.601951971300878, 6051594.527313036844134, 0.0 ], [ 526876.777724753832445, 6051593.731366065330803, 0.0 ], [ 526875.899982858332805, 6051592.994853164069355, 0.0 ], [ 526874.973002555081621, 6051592.321362551301718, 0.0 ], [ 526874.001299999188632, 6051591.714175404980779, 0.0 ], [ 526872.989609227515757, 6051591.176249879412353, 0.0 ], [ 526871.942859095986933, 6051590.71020669490099, 0.0 ], [ 526870.866149265901186, 6051590.318316365592182, 0.0 ], [ 526869.764725359505974, 6051590.002488142810762, 0.0 ], [ 526868.643953403225169, 6051589.764260709285736, 0.0 ], [ 526867.509293685317971, 6051589.604794685728848, 0.0 ], [ 526866.36627415404655, 6051589.524866973981261, 0.0 ], [ 526865.220463485457003, 6051589.524866973981261, 0.0 ], [ 526864.077443954185583, 6051589.604794685728848, 0.0 ], [ 526862.942784236278385, 6051589.764260709285736, 0.0 ], [ 526861.82201227999758, 6051590.002488142810762, 0.0 ], [ 526860.720588373602368, 6051590.318316365592182, 0.0 ], [ 526859.643878543516621, 6051590.71020669490099, 0.0 ], [ 526858.597128411987796, 6051591.176249879412353, 0.0 ], [ 526857.585437640314922, 6051591.714175404980779, 0.0 ], [ 526856.613735084421933, 6051592.321362551301718, 0.0 ], [ 526855.686754781170748, 6051592.994853164069355, 0.0 ], [ 526854.809012885671109, 6051593.731366065330803, 0.0 ], [ 526853.984785668202676, 6051594.527313036844134, 0.0 ], [ 526853.218088680761866, 6051595.378816306591034, 0.0 ], [ 526852.512657194165513, 6051596.281727434135973, 0.0 ], [ 526851.87192799965851, 6051597.231647529639304, 0.0 ], [ 526851.299022665363736, 6051598.223948677070439, 0.0 ], [ 526850.796732328599319, 6051599.253796483390033, 0.0 ], [ 526850.36750409740489, 6051600.316173636354506, 0.0 ], [ 526850.013429128448479, 6051601.405904338695109, 0.0 ], [ 526849.7362324395217, 6051602.517679533921182, 0.0 ], [ 526849.537264504935592, 6051603.646082763560116, 0.0 ], [ 526849.417494676657952, 6051604.785616560839117, 0.0 ], [ 526849.377506460994482, 6051605.930729232728481, 0.0 ], [ 526849.417494676657952, 6051607.075841904617846, 0.0 ], [ 526849.537264504935592, 6051608.215375701896846, 0.0 ], [ 526849.7362324395217, 6051609.34377893153578, 0.0 ], [ 526850.013429128448479, 6051610.455554126761854, 0.0 ], [ 526850.36750409740489, 6051611.545284829102457, 0.0 ], [ 526850.796732328599319, 6051612.607661982066929, 0.0 ], [ 526851.299022665363736, 6051613.637509788386524, 0.0 ], [ 526851.87192799965851, 6051614.629810935817659, 0.0 ], [ 526852.512657194165513, 6051615.579731031320989, 0.0 ], [ 526853.218088680761866, 6051616.482642158865929, 0.0 ], [ 526853.984785668202676, 6051617.334145428612828, 0.0 ], [ 526854.809012885671109, 6051618.130092400126159, 0.0 ], [ 526855.686754781170748, 6051618.866605301387608, 0.0 ], [ 526856.613735084421933, 6051619.540095914155245, 0.0 ], [ 526857.585437640314922, 6051620.147283060476184, 0.0 ], [ 526858.597128411987796, 6051620.68520858604461, 0.0 ], [ 526859.643878543516621, 6051621.151251770555973, 0.0 ], [ 526860.720588373602368, 6051621.543142099864781, 0.0 ], [ 526861.82201227999758, 6051621.858970322646201, 0.0 ], [ 526862.942784236278385, 6051622.097197756171227, 0.0 ], [ 526864.077443954185583, 6051622.256663779728115, 0.0 ], [ 526865.220463485457003, 6051622.336591491475701, 0.0 ], [ 526866.36627415404655, 6051622.336591491475701, 0.0 ], [ 526867.509293685317971, 6051622.256663779728115, 0.0 ], [ 526868.643953403225169, 6051622.097197756171227, 0.0 ], [ 526869.764725359505974, 6051621.858970322646201, 0.0 ], [ 526870.866149265901186, 6051621.543142099864781, 0.0 ], [ 526871.942859095986933, 6051621.151251770555973, 0.0 ], [ 526872.989609227515757, 6051620.68520858604461, 0.0 ], [ 526874.001299999188632, 6051620.147283060476184, 0.0 ], [ 526874.973002555081621, 6051619.540095914155245, 0.0 ], [ 526875.899982858332805, 6051618.866605301387608, 0.0 ], [ 526876.777724753832445, 6051618.130092400126159, 0.0 ], [ 526877.601951971300878, 6051617.334145428612828, 0.0 ], [ 526878.368648958741687, 6051616.482642158865929, 0.0 ], [ 526879.074080445338041, 6051615.579731031320989, 0.0 ], [ 526879.714809639845043, 6051614.629810935817659, 0.0 ], [ 526880.287714974139817, 6051613.637509788386524, 0.0 ], [ 526880.790005310904235, 6051612.607661982066929, 0.0 ], [ 526881.219233542098664, 6051611.545284829102457, 0.0 ], [ 526881.573308511055075, 6051610.455554126761854, 0.0 ], [ 526881.850505199981853, 6051609.34377893153578, 0.0 ], [ 526882.049473134567961, 6051608.215375701896846, 0.0 ], [ 526882.169242962845601, 6051607.075841904617846, 0.0 ], [ 526882.209231178509071, 6051605.930729232728481, 0.0 ] ] } },
{ "type": "Feature", "properties": { "layer": "WBK_SPERRUNG" }, "geometry": { "type": "LineString", "coordinates": [ [ 526954.892613770556636, 6051462.915449492633343, 0.0 ], [ 526954.851611872785725, 6051461.741308761760592, 0.0 ], [ 526954.728805936407298, 6051460.572888325899839, 0.0 ], [ 526954.524794259807095, 6051459.415880613029003, 0.0 ], [ 526954.240570767200552, 6051458.275922448374331, 0.0 ], [ 526953.877520166919567, 6051457.15856759250164, 0.0 ], [ 526953.437411205028184, 6051456.069259687326849, 0.0 ], [ 526952.922388048027642, 6051455.013305730186403, 0.0 ], [ 526952.334959837142378, 6051453.995850223116577, 0.0 ], [ 526951.677988463547081, 6051453.021850107237697, 0.0 ], [ 526950.954674625652842, 6051452.09605061262846, 0.0 ], [ 526950.16854223574046, 6051451.22296214196831, 0.0 ], [ 526949.323421251843683, 6051450.406838295049965, 0.0 ], [ 526948.423429018468596, 6051449.651655143126845, 0.0 ], [ 526947.472950207302347, 6051448.961091864854097, 0.0 ], [ 526946.476615455583669, 6051448.338512814603746, 0.0 ], [ 526945.43927880609408, 6051447.786951133981347, 0.0 ], [ 526944.365994058549404, 6051447.309093977324665, 0.0 ], [ 526943.261990148574114, 6051446.907269415445626, 0.0 ], [ 526942.132645672070794, 6051446.583435097709298, 0.0 ], [ 526940.983462681877427, 6051446.339168712496758, 0.0 ], [ 526939.820039882091805, 6051446.17566030099988, 0.0 ], [ 526938.648045351495966, 6051446.093706460669637, 0.0 ], [ 526937.473188929725438, 6051446.093706460669637, 0.0 ], [ 526936.301194399129599, 6051446.17566030099988, 0.0 ], [ 526935.137771599343978, 6051446.339168712496758, 0.0 ], [ 526933.988588609150611, 6051446.583435097709298, 0.0 ], [ 526932.859244132647291, 6051446.907269415445626, 0.0 ], [ 526931.755240222672001, 6051447.309093977324665, 0.0 ], [ 526930.681955475127324, 6051447.786951133981347, 0.0 ], [ 526929.644618825637735, 6051448.338512814603746, 0.0 ], [ 526928.648284073919058, 6051448.961091864854097, 0.0 ], [ 526927.697805262752809, 6051449.651655143126845, 0.0 ], [ 526926.797813029377721, 6051450.406838295049965, 0.0 ], [ 526925.952692045480944, 6051451.22296214196831, 0.0 ], [ 526925.166559655568562, 6051452.09605061262846, 0.0 ], [ 526924.443245817674324, 6051453.021850107237697, 0.0 ], [ 526923.786274444079027, 6051453.995850223116577, 0.0 ], [ 526923.198846233193763, 6051455.013305730186403, 0.0 ], [ 526922.683823076193221, 6051456.069259687326849, 0.0 ], [ 526922.243714114301838, 6051457.15856759250164, 0.0 ], [ 526921.880663514020853, 6051458.275922448374331, 0.0 ], [ 526921.59644002141431, 6051459.415880613029003, 0.0 ], [ 526921.392428344814107, 6051460.572888325899839, 0.0 ], [ 526921.26962240843568, 6051461.741308761760592, 0.0 ], [ 526921.228620510664769, 6051462.915449492633343, 0.0 ], [ 526921.26962240843568, 6051464.089590223506093, 0.0 ], [ 526921.392428344814107, 6051465.258010659366846, 0.0 ], [ 526921.59644002141431, 6051466.415018372237682, 0.0 ], [ 526921.880663514020853, 6051467.554976536892354, 0.0 ], [ 526922.243714114301838, 6051468.672331392765045, 0.0 ], [ 526922.683823076193221, 6051469.761639297939837, 0.0 ], [ 526923.198846233193763, 6051470.817593255080283, 0.0 ], [ 526923.786274444079027, 6051471.835048762150109, 0.0 ], [ 526924.443245817674324, 6051472.809048878028989, 0.0 ], [ 526925.166559655568562, 6051473.734848372638226, 0.0 ], [ 526925.952692045480944, 6051474.607936843298376, 0.0 ], [ 526926.797813029377721, 6051475.42406069021672, 0.0 ], [ 526927.697805262752809, 6051476.17924384213984, 0.0 ], [ 526928.648284073919058, 6051476.869807120412588, 0.0 ], [ 526929.644618825637735, 6051477.49238617066294, 0.0 ], [ 526930.681955475127324, 6051478.043947851285338, 0.0 ], [ 526931.755240222672001, 6051478.521805007942021, 0.0 ], [ 526932.859244132647291, 6051478.92362956982106, 0.0 ], [ 526933.988588609150611, 6051479.247463887557387, 0.0 ], [ 526935.137771599343978, 6051479.491730272769928, 0.0 ], [ 526936.301194399129599, 6051479.655238684266806, 0.0 ], [ 526937.473188929725438, 6051479.737192524597049, 0.0 ], [ 526938.648045351495966, 6051479.737192524597049, 0.0 ], [ 526939.820039882091805, 6051479.655238684266806, 0.0 ], [ 526940.983462681877427, 6051479.491730272769928, 0.0 ], [ 526942.132645672070794, 6051479.247463887557387, 0.0 ], [ 526943.261990148574114, 6051478.92362956982106, 0.0 ], [ 526944.365994058549404, 6051478.521805007942021, 0.0 ], [ 526945.43927880609408, 6051478.043947851285338, 0.0 ], [ 526946.476615455583669, 6051477.49238617066294, 0.0 ], [ 526947.472950207302347, 6051476.869807120412588, 0.0 ], [ 526948.423429018468596, 6051476.17924384213984, 0.0 ], [ 526949.323421251843683, 6051475.42406069021672, 0.0 ], [ 526950.16854223574046, 6051474.607936843298376, 0.0 ], [ 526950.954674625652842, 6051473.734848372638226, 0.0 ], [ 526951.677988463547081, 6051472.809048878028989, 0.0 ], [ 526952.334959837142378, 6051471.835048762150109, 0.0 ], [ 526952.922388048027642, 6051470.817593255080283, 0.0 ], [ 526953.437411205028184, 6051469.761639297939837, 0.0 ], [ 526953.877520166919567, 6051468.672331392765045, 0.0 ], [ 526954.240570767200552, 6051467.554976536892354, 0.0 ], [ 526954.524794259807095, 6051466.415018372237682, 0.0 ], [ 526954.728805936407298, 6051465.258010659366846, 0.0 ], [ 526954.851611872785725, 6051464.089590223506093, 0.0 ], [ 526954.892613770556636, 6051462.915449492633343, 0.0 ] ] } },
{ "type": "Feature", "properties": { "layer": "WBK_SPERRUNG" }, "geometry": { "type": "LineString", "coordinates": [ [ 513737.023294122423977, 6076246.748704195953906, 0.0 ], [ 513736.993386783986352, 6076245.892270078882575, 0.0 ], [ 513736.903810474381316, 6076245.040008421987295, 0.0 ], [ 513736.75500160024967, 6076244.196071360260248, 0.0 ], [ 513736.547685143537819, 6076243.364570467732847, 0.0 ], [ 513736.282871129224077, 6076242.549556735903025, 0.0 ], [ 513735.961849704443011, 6076241.75500082783401, 0.0 ], [ 513735.586184853396844, 6076240.984773740172386, 0.0 ], [ 513735.157706777506974, 6076240.242627942934632, 0.0 ], [ 513734.678502978815231, 6076239.532179094851017, 0.0 ], [ 513734.150908090057783, 6076238.856888432055712, 0.0 ], [ 513733.577492500538938, 6076238.220045901834965, 0.0 ], [ 513732.96104983339319, 6076237.624754138290882, 0.0 ], [ 513732.304583335237112, 6076237.073913341388106, 0.0 ], [ 513731.611291244975291, 6076236.570207153446972, 0.0 ], [ 513730.884551211900543, 6076236.116089580580592, 0.0 ], [ 513730.127903840446379, 6076235.713773036375642, 0.0 ], [ 513729.345035440521315, 6076235.365217568352818, 0.0 ], [ 513728.539760068291798, 6076235.072121302597225, 0.0 ], [ 513727.716000944375992, 6076234.835912174545228, 0.0 ], [ 513726.877771340543404, 6076234.657740972004831, 0.0 ], [ 513726.029155027063098, 6076234.538475726731122, 0.0 ], [ 513725.174286377325188, 6076234.478697487153113, 0.0 ], [ 513724.317330225429032, 6076234.478697487153113, 0.0 ], [ 513723.462461575691123, 6076234.538475726731122, 0.0 ], [ 513722.613845262210816, 6076234.657740972004831, 0.0 ], [ 513721.775615658378229, 6076234.835912174545228, 0.0 ], [ 513720.951856534462422, 6076235.072121302597225, 0.0 ], [ 513720.146581162232906, 6076235.365217568352818, 0.0 ], [ 513719.363712762307841, 6076235.713773036375642, 0.0 ], [ 513718.607065390853677, 6076236.116089580580592, 0.0 ], [ 513717.880325357778929, 6076236.570207153446972, 0.0 ], [ 513717.187033267517108, 6076237.073913341388106, 0.0 ], [ 513716.53056676936103, 6076237.624754138290882, 0.0 ], [ 513715.914124102215283, 6076238.220045901834965, 0.0 ], [ 513715.340708512696438, 6076238.856888432055712, 0.0 ], [ 513714.813113623938989, 6076239.532179094851017, 0.0 ], [ 513714.333909825247247, 6076240.242627942934632, 0.0 ], [ 513713.905431749357376, 6076240.984773740172386, 0.0 ], [ 513713.529766898311209, 6076241.75500082783401, 0.0 ], [ 513713.208745473530143, 6076242.549556735903025, 0.0 ], [ 513712.943931459216401, 6076243.364570467732847, 0.0 ], [ 513712.73661500250455, 6076244.196071360260248, 0.0 ], [ 513712.587806128372904, 6076245.040008421987295, 0.0 ], [ 513712.498229818767868, 6076245.892270078882575, 0.0 ], [ 513712.468322480330244, 6076246.748704195953906, 0.0 ], [ 513712.498229818767868, 6076247.605138313025236, 0.0 ], [ 513712.587806128372904, 6076248.457399969920516, 0.0 ], [ 513712.73661500250455, 6076249.301337031647563, 0.0 ], [ 513712.943931459216401, 6076250.132837924174964, 0.0 ], [ 513713.208745473530143, 6076250.947851656004786, 0.0 ], [ 513713.529766898311209, 6076251.742407564073801, 0.0 ], [ 513713.905431749357376, 6076252.512634651735425, 0.0 ], [ 513714.333909825247247, 6076253.254780448973179, 0.0 ], [ 513714.813113623938989, 6076253.965229297056794, 0.0 ], [ 513715.340708512696438, 6076254.640519959852099, 0.0 ], [ 513715.914124102215283, 6076255.277362490072846, 0.0 ], [ 513716.53056676936103, 6076255.872654253616929, 0.0 ], [ 513717.187033267517108, 6076256.423495050519705, 0.0 ], [ 513717.880325357778929, 6076256.927201238460839, 0.0 ], [ 513718.607065390853677, 6076257.381318811327219, 0.0 ], [ 513719.363712762307841, 6076257.783635355532169, 0.0 ], [ 513720.146581162232906, 6076258.132190823554993, 0.0 ], [ 513720.951856534462422, 6076258.425287089310586, 0.0 ], [ 513721.775615658378229, 6076258.661496217362583, 0.0 ], [ 513722.613845262210816, 6076258.83966741990298, 0.0 ], [ 513723.462461575691123, 6076258.95893266517669, 0.0 ], [ 513724.317330225429032, 6076259.018710904754698, 0.0 ], [ 513725.174286377325188, 6076259.018710904754698, 0.0 ], [ 513726.029155027063098, 6076258.95893266517669, 0.0 ], [ 513726.877771340543404, 6076258.83966741990298, 0.0 ], [ 513727.716000944375992, 6076258.661496217362583, 0.0 ], [ 513728.539760068291798, 6076258.425287089310586, 0.0 ], [ 513729.345035440521315, 6076258.132190823554993, 0.0 ], [ 513730.127903840446379, 6076257.783635355532169, 0.0 ], [ 513730.884551211900543, 6076257.381318811327219, 0.0 ], [ 513731.611291244975291, 6076256.927201238460839, 0.0 ], [ 513732.304583335237112, 6076256.423495050519705, 0.0 ], [ 513732.96104983339319, 6076255.872654253616929, 0.0 ], [ 513733.577492500538938, 6076255.277362490072846, 0.0 ], [ 513734.150908090057783, 6076254.640519959852099, 0.0 ], [ 513734.678502978815231, 6076253.965229297056794, 0.0 ], [ 513735.157706777506974, 6076253.254780448973179, 0.0 ], [ 513735.586184853396844, 6076252.512634651735425, 0.0 ], [ 513735.961849704443011, 6076251.742407564073801, 0.0 ], [ 513736.282871129224077, 6076250.947851656004786, 0.0 ], [ 513736.547685143537819, 6076250.132837924174964, 0.0 ], [ 513736.75500160024967, 6076249.301337031647563, 0.0 ], [ 513736.903810474381316, 6076248.457399969920516, 0.0 ], [ 513736.993386783986352, 6076247.605138313025236, 0.0 ], [ 513737.023294122423977, 6076246.748704195953906, 0.0 ] ] } },
{ "type": "Feature", "properties": { "layer": "WBK_SPERRUNG" }, "geometry": { "type": "LineString", "coordinates": [ [ 513812.778157047403511, 6076246.555999963544309, 0.0 ], [ 513812.742068699968513, 6076245.522564905695617, 0.0 ], [ 513812.633979476522654, 6076244.494164640083909, 0.0 ], [ 513812.454415976826567, 6076243.475809428840876, 0.0 ], [ 513812.204253016214352, 6076242.47246059589088, 0.0 ], [ 513811.884709363512229, 6076241.489006357267499, 0.0 ], [ 513811.497341803216841, 6076240.530238000676036, 0.0 ], [ 513811.044037551211659, 6076239.600826552137733, 0.0 ], [ 513810.527005060284864, 6076238.705300007946789, 0.0 ], [ 513809.948763260617852, 6076237.848021285608411, 0.0 ], [ 513809.312129288271535, 6076237.033166959881783, 0.0 ], [ 513808.620204759878106, 6076236.264706919901073, 0.0 ], [ 513807.876360662223306, 6076235.546385023742914, 0.0 ], [ 513807.084220928954892, 6076234.881700865924358, 0.0 ], [ 513806.247644785267767, 6076234.273892720229924, 0.0 ], [ 513805.370707946072798, 6076233.725921765901148, 0.0 ], [ 513804.457682759384625, 6076233.240457662381232, 0.0 ], [ 513803.513017392193433, 6076232.819865542463958, 0.0 ], [ 513802.54131415928714, 6076232.466194489970803, 0.0 ], [ 513801.547307101020124, 6076232.181167552247643, 0.0 ], [ 513800.535838919924572, 6076231.966173353604972, 0.0 ], [ 513799.511837387282867, 6076231.82225932367146, 0.0 ], [ 513798.48029133566888, 6076231.750126596540213, 0.0 ], [ 513797.446226353698876, 6076231.750126596540213, 0.0 ], [ 513796.414680302084889, 6076231.82225932367146, 0.0 ], [ 513795.390678769443184, 6076231.966173353604972, 0.0 ], [ 513794.379210588347632, 6076232.181167552247643, 0.0 ], [ 513793.385203530080616, 6076232.466194489970803, 0.0 ], [ 513792.413500297174323, 6076232.819865542463958, 0.0 ], [ 513791.468834929983132, 6076233.240457662381232, 0.0 ], [ 513790.555809743294958, 6076233.725921765901148, 0.0 ], [ 513789.67887290409999, 6076234.273892720229924, 0.0 ], [ 513788.842296760412864, 6076234.881700865924358, 0.0 ], [ 513788.050157027144451, 6076235.546385023742914, 0.0 ], [ 513787.30631292948965, 6076236.264706919901073, 0.0 ], [ 513786.614388401096221, 6076237.033166959881783, 0.0 ], [ 513785.977754428749904, 6076237.848021285608411, 0.0 ], [ 513785.399512629082892, 6076238.705300007946789, 0.0 ], [ 513784.882480138156097, 6076239.600826552137733, 0.0 ], [ 513784.429175886150915, 6076240.530238000676036, 0.0 ], [ 513784.041808325855527, 6076241.489006357267499, 0.0 ], [ 513783.722264673153404, 6076242.47246059589088, 0.0 ], [ 513783.472101712541189, 6076243.475809428840876, 0.0 ], [ 513783.292538212845102, 6076244.494164640083909, 0.0 ], [ 513783.184448989399243, 6076245.522564905695617, 0.0 ], [ 513783.148360641964246, 6076246.555999963544309, 0.0 ], [ 513783.184448989399243, 6076247.589435021393001, 0.0 ], [ 513783.292538212845102, 6076248.617835287004709, 0.0 ], [ 513783.472101712541189, 6076249.636190498247743, 0.0 ], [ 513783.722264673153404, 6076250.639539331197739, 0.0 ], [ 513784.041808325855527, 6076251.622993569821119, 0.0 ], [ 513784.429175886150915, 6076252.581761926412582, 0.0 ], [ 513784.882480138156097, 6076253.511173374950886, 0.0 ], [ 513785.399512629082892, 6076254.406699919141829, 0.0 ], [ 513785.977754428749904, 6076255.263978641480207, 0.0 ], [ 513786.614388401096221, 6076256.078832967206836, 0.0 ], [ 513787.30631292948965, 6076256.847293007187545, 0.0 ], [ 513788.050157027144451, 6076257.565614903345704, 0.0 ], [ 513788.842296760412864, 6076258.23029906116426, 0.0 ], [ 513789.67887290409999, 6076258.838107206858695, 0.0 ], [ 513790.555809743294958, 6076259.38607816118747, 0.0 ], [ 513791.468834929983132, 6076259.871542264707386, 0.0 ], [ 513792.413500297174323, 6076260.29213438462466, 0.0 ], [ 513793.385203530080616, 6076260.645805437117815, 0.0 ], [ 513794.379210588347632, 6076260.930832374840975, 0.0 ], [ 513795.390678769443184, 6076261.145826573483646, 0.0 ], [ 513796.414680302084889, 6076261.289740603417158, 0.0 ], [ 513797.446226353698876, 6076261.361873330548406, 0.0 ], [ 513798.48029133566888, 6076261.361873330548406, 0.0 ], [ 513799.511837387282867, 6076261.289740603417158, 0.0 ], [ 513800.535838919924572, 6076261.145826573483646, 0.0 ], [ 513801.547307101020124, 6076260.930832374840975, 0.0 ], [ 513802.54131415928714, 6076260.645805437117815, 0.0 ], [ 513803.513017392193433, 6076260.29213438462466, 0.0 ], [ 513804.457682759384625, 6076259.871542264707386, 0.0 ], [ 513805.370707946072798, 6076259.38607816118747, 0.0 ], [ 513806.247644785267767, 6076258.838107206858695, 0.0 ], [ 513807.084220928954892, 6076258.23029906116426, 0.0 ], [ 513807.876360662223306, 6076257.565614903345704, 0.0 ], [ 513808.620204759878106, 6076256.847293007187545, 0.0 ], [ 513809.312129288271535, 6076256.078832967206836, 0.0 ], [ 513809.948763260617852, 6076255.263978641480207, 0.0 ], [ 513810.527005060284864, 6076254.406699919141829, 0.0 ], [ 513811.044037551211659, 6076253.511173374950886, 0.0 ], [ 513811.497341803216841, 6076252.581761926412582, 0.0 ], [ 513811.884709363512229, 6076251.622993569821119, 0.0 ], [ 513812.204253016214352, 6076250.639539331197739, 0.0 ], [ 513812.454415976826567, 6076249.636190498247743, 0.0 ], [ 513812.633979476522654, 6076248.617835287004709, 0.0 ], [ 513812.742068699968513, 6076247.589435021393001, 0.0 ], [ 513812.778157047403511, 6076246.555999963544309, 0.0 ] ] } },
{ "type": "Feature", "properties": { "layer": "WBK_SPERRUNG" }, "geometry": { "type": "LineString", "coordinates": [ [ 514282.985406474093907, 6075275.503152813762426, 0.0 ], [ 514282.958973787084688, 6075274.74621969461441, 0.0 ], [ 514282.87980450358009, 6075273.992974277585745, 0.0 ], [ 514282.748284328263253, 6075273.247086298651993, 0.0 ], [ 514282.565054014266934, 6075272.512189648114145, 0.0 ], [ 514282.331006241205614, 6075271.791864670813084, 0.0 ], [ 514282.047281266422942, 6075271.089620715007186, 0.0 ], [ 514281.715261369303335, 6075270.408879044465721, 0.0 ], [ 514281.336564117576927, 6075269.752956164069474, 0.0 ], [ 514280.913034486118704, 6075269.125047663226724, 0.0 ], [ 514280.446735868696123, 6075268.528212649747729, 0.0 ], [ 514279.939940025273245, 6075267.965358844026923, 0.0 ], [ 514279.395116014406085, 6075267.439228412695229, 0.0 ], [ 514278.814918163698167, 6075266.952384609729052, 0.0 ], [ 514278.202173138968647, 6075266.507199290208519, 0.0 ], [ 514277.559866172203328, 6075266.10584135260433, 0.0 ], [ 514276.891126518545207, 6075265.750266171060503, 0.0 ], [ 514276.199212210194673, 6075265.44220607355237, 0.0 ], [ 514275.487494184228126, 6075265.183161896653473, 0.0 ], [ 514274.75943985930644, 6075264.974395678378642, 0.0 ], [ 514274.018596242938656, 6075264.816924506798387, 0.0 ], [ 514273.268572650675196, 6075264.711515565402806, 0.0 ], [ 514272.513023122097366, 6075264.658682394772768, 0.0 ], [ 514271.75562861864455, 6075264.658682394772768, 0.0 ], [ 514271.00007909006672, 6075264.711515565402806, 0.0 ], [ 514270.25005549780326, 6075264.816924506798387, 0.0 ], [ 514269.509211881435476, 6075264.974395678378642, 0.0 ], [ 514268.78115755651379, 6075265.183161896653473, 0.0 ], [ 514268.069439530547243, 6075265.44220607355237, 0.0 ], [ 514267.377525222196709, 6075265.750266171060503, 0.0 ], [ 514266.708785568538588, 6075266.10584135260433, 0.0 ], [ 514266.066478601773269, 6075266.507199290208519, 0.0 ], [ 514265.453733577043749, 6075266.952384609729052, 0.0 ], [ 514264.873535726335831, 6075267.439228412695229, 0.0 ], [ 514264.328711715468671, 6075267.965358844026923, 0.0 ], [ 514263.821915872045793, 6075268.528212649747729, 0.0 ], [ 514263.355617254623212, 6075269.125047663226724, 0.0 ], [ 514262.932087623164989, 6075269.752956164069474, 0.0 ], [ 514262.553390371438581, 6075270.408879044465721, 0.0 ], [ 514262.221370474318974, 6075271.089620715007186, 0.0 ], [ 514261.937645499536302, 6075271.791864670813084, 0.0 ], [ 514261.703597726474982, 6075272.512189648114145, 0.0 ], [ 514261.520367412478663, 6075273.247086298651993, 0.0 ], [ 514261.388847237161826, 6075273.992974277585745, 0.0 ], [ 514261.309677953657228, 6075274.74621969461441, 0.0 ], [ 514261.283245266648009, 6075275.503152813762426, 0.0 ], [ 514261.309677953657228, 6075276.260085932910442, 0.0 ], [ 514261.388847237161826, 6075277.013331349939108, 0.0 ], [ 514261.520367412478663, 6075277.759219328872859, 0.0 ], [ 514261.703597726474982, 6075278.494115979410708, 0.0 ], [ 514261.937645499536302, 6075279.214440956711769, 0.0 ], [ 514262.221370474318974, 6075279.916684912517667, 0.0 ], [ 514262.553390371438581, 6075280.597426583059132, 0.0 ], [ 514262.932087623164989, 6075281.253349463455379, 0.0 ], [ 514263.355617254623212, 6075281.881257964298129, 0.0 ], [ 514263.821915872045793, 6075282.478092977777123, 0.0 ], [ 514264.328711715468671, 6075283.04094678349793, 0.0 ], [ 514264.873535726335831, 6075283.567077214829624, 0.0 ], [ 514265.453733577043749, 6075284.053921017795801, 0.0 ], [ 514266.066478601773269, 6075284.499106337316334, 0.0 ], [ 514266.708785568538588, 6075284.900464274920523, 0.0 ], [ 514267.377525222196709, 6075285.25603945646435, 0.0 ], [ 514268.069439530547243, 6075285.564099553972483, 0.0 ], [ 514268.78115755651379, 6075285.823143730871379, 0.0 ], [ 514269.509211881435476, 6075286.031909949146211, 0.0 ], [ 514270.25005549780326, 6075286.189381120726466, 0.0 ], [ 514271.00007909006672, 6075286.294790062122047, 0.0 ], [ 514271.75562861864455, 6075286.347623232752085, 0.0 ], [ 514272.513023122097366, 6075286.347623232752085, 0.0 ], [ 514273.268572650675196, 6075286.294790062122047, 0.0 ], [ 514274.018596242938656, 6075286.189381120726466, 0.0 ], [ 514274.75943985930644, 6075286.031909949146211, 0.0 ], [ 514275.487494184228126, 6075285.823143730871379, 0.0 ], [ 514276.199212210194673, 6075285.564099553972483, 0.0 ], [ 514276.891126518545207, 6075285.25603945646435, 0.0 ], [ 514277.559866172203328, 6075284.900464274920523, 0.0 ], [ 514278.202173138968647, 6075284.499106337316334, 0.0 ], [ 514278.814918163698167, 6075284.053921017795801, 0.0 ], [ 514279.395116014406085, 6075283.567077214829624, 0.0 ], [ 514279.939940025273245, 6075283.04094678349793, 0.0 ], [ 514280.446735868696123, 6075282.478092977777123, 0.0 ], [ 514280.913034486118704, 6075281.881257964298129, 0.0 ], [ 514281.336564117576927, 6075281.253349463455379, 0.0 ], [ 514281.715261369303335, 6075280.597426583059132, 0.0 ], [ 514282.047281266422942, 6075279.916684912517667, 0.0 ], [ 514282.331006241205614, 6075279.214440956711769, 0.0 ], [ 514282.565054014266934, 6075278.494115979410708, 0.0 ], [ 514282.748284328263253, 6075277.759219328872859, 0.0 ], [ 514282.87980450358009, 6075277.013331349939108, 0.0 ], [ 514282.958973787084688, 6075276.260085932910442, 0.0 ], [ 514282.985406474093907, 6075275.503152813762426, 0.0 ] ] } },
{ "type": "Feature", "properties": { "layer": "WBK_SPERRUNG" }, "geometry": { "type": "LineString", "coordinates": [ [ 514375.107246978615876, 6075261.671253974549472, 0.0 ], [ 514375.085291766445152, 6075261.042538957670331, 0.0 ], [ 514375.019533093494829, 6075260.416886977851391, 0.0 ], [ 514374.910291329433676, 6075259.797346146777272, 0.0 ], [ 514374.75809868919896, 6075259.186934807337821, 0.0 ], [ 514374.563696639903355, 6075258.588626820594072, 0.0 ], [ 514374.328032288933173, 6075258.00533708371222, 0.0 ], [ 514374.052253769244999, 6075257.439907325431705, 0.0 ], [ 514373.737704646075144, 6075256.895092262886465, 0.0 ], [ 514373.38591737113893, 6075256.373546179383993, 0.0 ], [ 514372.998605816683266, 6075255.877809996716678, 0.0 ], [ 514372.577656925597694, 6075255.410298889502883, 0.0 ], [ 514372.125121518678498, 6075254.973290527239442, 0.0 ], [ 514371.643204302876256, 6075254.56891396921128, 0.0 ], [ 514371.134253130469006, 6075254.199139297939837, 0.0 ], [ 514370.600747560383752, 6075253.865768018178642, 0.0 ], [ 514370.045286778069567, 6075253.570424281060696, 0.0 ], [ 514369.470576932711992, 6075253.314546972513199, 0.0 ], [ 514368.879417952848598, 6075253.099382699467242, 0.0 ], [ 514368.274689905636478, 6075252.925979722291231, 0.0 ], [ 514367.659338965371717, 6075252.795182842761278, 0.0 ], [ 514367.036363059887663, 6075252.707629288546741, 0.0 ], [ 514366.408797265263274, 6075252.663745613768697, 0.0 ], [ 514365.779699018923566, 6075252.663745613768697, 0.0 ], [ 514365.152133224299178, 6075252.707629288546741, 0.0 ], [ 514364.529157318815123, 6075252.795182842761278, 0.0 ], [ 514363.913806378550362, 6075252.925979722291231, 0.0 ], [ 514363.309078331338242, 6075253.099382699467242, 0.0 ], [ 514362.717919351474848, 6075253.314546972513199, 0.0 ], [ 514362.143209506117273, 6075253.570424281060696, 0.0 ], [ 514361.587748723803088, 6075253.865768018178642, 0.0 ], [ 514361.054243153717835, 6075254.199139297939837, 0.0 ], [ 514360.545291981310584, 6075254.56891396921128, 0.0 ], [ 514360.063374765508343, 6075254.973290527239442, 0.0 ], [ 514359.610839358589146, 6075255.410298889502883, 0.0 ], [ 514359.189890467503574, 6075255.877809996716678, 0.0 ], [ 514358.80257891304791, 6075256.373546179383993, 0.0 ], [ 514358.450791638111696, 6075256.895092262886465, 0.0 ], [ 514358.136242514941841, 6075257.439907325431705, 0.0 ], [ 514357.860463995253667, 6075258.00533708371222, 0.0 ], [ 514357.624799644283485, 6075258.588626820594072, 0.0 ], [ 514357.43039759498788, 6075259.186934807337821, 0.0 ], [ 514357.278204954753164, 6075259.797346146777272, 0.0 ], [ 514357.168963190692011, 6075260.416886977851391, 0.0 ], [ 514357.103204517741688, 6075261.042538957670331, 0.0 ], [ 514357.081249305570964, 6075261.671253974549472, 0.0 ], [ 514357.103204517741688, 6075262.299968991428614, 0.0 ], [ 514357.168963190692011, 6075262.925620971247554, 0.0 ], [ 514357.278204954753164, 6075263.545161802321672, 0.0 ], [ 514357.43039759498788, 6075264.155573141761124, 0.0 ], [ 514357.624799644283485, 6075264.753881128504872, 0.0 ], [ 514357.860463995253667, 6075265.337170865386724, 0.0 ], [ 514358.136242514941841, 6075265.90260062366724, 0.0 ], [ 514358.450791638111696, 6075266.44741568621248, 0.0 ], [ 514358.80257891304791, 6075266.968961769714952, 0.0 ], [ 514359.189890467503574, 6075267.464697952382267, 0.0 ], [ 514359.610839358589146, 6075267.932209059596062, 0.0 ], [ 514360.063374765508343, 6075268.369217421859503, 0.0 ], [ 514360.545291981310584, 6075268.773593979887664, 0.0 ], [ 514361.054243153717835, 6075269.143368651159108, 0.0 ], [ 514361.587748723803088, 6075269.476739930920303, 0.0 ], [ 514362.143209506117273, 6075269.772083668038249, 0.0 ], [ 514362.717919351474848, 6075270.027960976585746, 0.0 ], [ 514363.309078331338242, 6075270.243125249631703, 0.0 ], [ 514363.913806378550362, 6075270.416528226807714, 0.0 ], [ 514364.529157318815123, 6075270.547325106337667, 0.0 ], [ 514365.152133224299178, 6075270.634878660552204, 0.0 ], [ 514365.779699018923566, 6075270.678762335330248, 0.0 ], [ 514366.408797265263274, 6075270.678762335330248, 0.0 ], [ 514367.036363059887663, 6075270.634878660552204, 0.0 ], [ 514367.659338965371717, 6075270.547325106337667, 0.0 ], [ 514368.274689905636478, 6075270.416528226807714, 0.0 ], [ 514368.879417952848598, 6075270.243125249631703, 0.0 ], [ 514369.470576932711992, 6075270.027960976585746, 0.0 ], [ 514370.045286778069567, 6075269.772083668038249, 0.0 ], [ 514370.600747560383752, 6075269.476739930920303, 0.0 ], [ 514371.134253130469006, 6075269.143368651159108, 0.0 ], [ 514371.643204302876256, 6075268.773593979887664, 0.0 ], [ 514372.125121518678498, 6075268.369217421859503, 0.0 ], [ 514372.577656925597694, 6075267.932209059596062, 0.0 ], [ 514372.998605816683266, 6075267.464697952382267, 0.0 ], [ 514373.38591737113893, 6075266.968961769714952, 0.0 ], [ 514373.737704646075144, 6075266.44741568621248, 0.0 ], [ 514374.052253769244999, 6075265.90260062366724, 0.0 ], [ 514374.328032288933173, 6075265.337170865386724, 0.0 ], [ 514374.563696639903355, 6075264.753881128504872, 0.0 ], [ 514374.75809868919896, 6075264.155573141761124, 0.0 ], [ 514374.910291329433676, 6075263.545161802321672, 0.0 ], [ 514375.019533093494829, 6075262.925620971247554, 0.0 ], [ 514375.085291766445152, 6075262.299968991428614, 0.0 ], [ 514375.107246978615876, 6075261.671253974549472, 0.0 ] ] } },
{ "type": "Feature", "properties": { "layer": "WBK_SPERRUNG" }, "geometry": { "type": "LineString", "coordinates": [ [ 515165.33443877089303, 6073915.442102091386914, 0.0 ], [ 515165.268720162974205, 6073913.560167388990521, 0.0 ], [ 515165.071884513658006, 6073911.687401284463704, 0.0 ], [ 515164.744890786416363, 6073909.832927703857422, 0.0 ], [ 515164.289332061831374, 6073908.005781456828117, 0.0 ], [ 515163.707427776244003, 6073906.2148642167449, 0.0 ], [ 515163.002012908807956, 6073904.468901152722538, 0.0 ], [ 515162.176524169917684, 6073902.776398420333862, 0.0 ], [ 515161.234983257658314, 6073901.145601722411811, 0.0 ], [ 515160.181977264699526, 6073899.584456138312817, 0.0 ], [ 515159.022636330453679, 6073898.100567409768701, 0.0 ], [ 515157.762608647346497, 6073896.701164896599948, 0.0 ], [ 515156.408032943669241, 6073895.39306634478271, 0.0 ], [ 515154.965508576016873, 6073894.182644680142403, 0.0 ], [ 515153.442063378170133, 6073893.075796954333782, 0.0 ], [ 515151.845119421952404, 6073892.077915619127452, 0.0 ], [ 515150.182456857815851, 6073891.193862252868712, 0.0 ], [ 515148.462176010594703, 6073890.427943872287869, 0.0 ], [ 515146.6926579157589, 6073889.783891957253218, 0.0 ], [ 515144.882523487496655, 6073889.264844262041152, 0.0 ], [ 515143.04059151886031, 6073888.873329536058009, 0.0 ], [ 515141.175835717178416, 6073888.611255198717117, 0.0 ], [ 515139.297340985271148, 6073888.479898051358759, 0.0 ], [ 515137.414259160752408, 6073888.479898051358759, 0.0 ], [ 515135.535764428845141, 6073888.611255198717117, 0.0 ], [ 515133.671008627163246, 6073888.873329536058009, 0.0 ], [ 515131.829076658526901, 6073889.264844262041152, 0.0 ], [ 515130.018942230264656, 6073889.783891957253218, 0.0 ], [ 515128.249424135428853, 6073890.427943872287869, 0.0 ], [ 515126.529143288207706, 6073891.193862252868712, 0.0 ], [ 515124.866480724071153, 6073892.077915619127452, 0.0 ], [ 515123.269536767853424, 6073893.075796954333782, 0.0 ], [ 515121.746091570006683, 6073894.182644680142403, 0.0 ], [ 515120.303567202354316, 6073895.39306634478271, 0.0 ], [ 515118.94899149867706, 6073896.701164896599948, 0.0 ], [ 515117.688963815569878, 6073898.100567409768701, 0.0 ], [ 515116.52962288132403, 6073899.584456138312817, 0.0 ], [ 515115.476616888365243, 6073901.145601722411811, 0.0 ], [ 515114.535075976105873, 6073902.776398420333862, 0.0 ], [ 515113.709587237215601, 6073904.468901152722538, 0.0 ], [ 515113.004172369779553, 6073906.2148642167449, 0.0 ], [ 515112.422268084192183, 6073908.005781456828117, 0.0 ], [ 515111.966709359607194, 6073909.832927703857422, 0.0 ], [ 515111.639715632365551, 6073911.687401284463704, 0.0 ], [ 515111.442879983049352, 6073913.560167388990521, 0.0 ], [ 515111.377161375130527, 6073915.442102091386914, 0.0 ], [ 515111.442879983049352, 6073917.324036793783307, 0.0 ], [ 515111.639715632365551, 6073919.196802898310125, 0.0 ], [ 515111.966709359607194, 6073921.051276478916407, 0.0 ], [ 515112.422268084192183, 6073922.878422725945711, 0.0 ], [ 515113.004172369779553, 6073924.669339966028929, 0.0 ], [ 515113.709587237215601, 6073926.415303030051291, 0.0 ], [ 515114.535075976105873, 6073928.107805762439966, 0.0 ], [ 515115.476616888365243, 6073929.738602460362017, 0.0 ], [ 515116.52962288132403, 6073931.299748044461012, 0.0 ], [ 515117.688963815569878, 6073932.783636773005128, 0.0 ], [ 515118.94899149867706, 6073934.18303928617388, 0.0 ], [ 515120.303567202354316, 6073935.491137837991118, 0.0 ], [ 515121.746091570006683, 6073936.701559502631426, 0.0 ], [ 515123.269536767853424, 6073937.808407228440046, 0.0 ], [ 515124.866480724071153, 6073938.806288563646376, 0.0 ], [ 515126.529143288207706, 6073939.690341929905117, 0.0 ], [ 515128.249424135428853, 6073940.456260310485959, 0.0 ], [ 515130.018942230264656, 6073941.100312225520611, 0.0 ], [ 515131.829076658526901, 6073941.619359920732677, 0.0 ], [ 515133.671008627163246, 6073942.01087464671582, 0.0 ], [ 515135.535764428845141, 6073942.272948984056711, 0.0 ], [ 515137.414259160752408, 6073942.404306131415069, 0.0 ], [ 515139.297340985271148, 6073942.404306131415069, 0.0 ], [ 515141.175835717178416, 6073942.272948984056711, 0.0 ], [ 515143.04059151886031, 6073942.01087464671582, 0.0 ], [ 515144.882523487496655, 6073941.619359920732677, 0.0 ], [ 515146.6926579157589, 6073941.100312225520611, 0.0 ], [ 515148.462176010594703, 6073940.456260310485959, 0.0 ], [ 515150.182456857815851, 6073939.690341929905117, 0.0 ], [ 515151.845119421952404, 6073938.806288563646376, 0.0 ], [ 515153.442063378170133, 6073937.808407228440046, 0.0 ], [ 515154.965508576016873, 6073936.701559502631426, 0.0 ], [ 515156.408032943669241, 6073935.491137837991118, 0.0 ], [ 515157.762608647346497, 6073934.18303928617388, 0.0 ], [ 515159.022636330453679, 6073932.783636773005128, 0.0 ], [ 515160.181977264699526, 6073931.299748044461012, 0.0 ], [ 515161.234983257658314, 6073929.738602460362017, 0.0 ], [ 515162.176524169917684, 6073928.107805762439966, 0.0 ], [ 515163.002012908807956, 6073926.415303030051291, 0.0 ], [ 515163.707427776244003, 6073924.669339966028929, 0.0 ], [ 515164.289332061831374, 6073922.878422725945711, 0.0 ], [ 515164.744890786416363, 6073921.051276478916407, 0.0 ], [ 515165.071884513658006, 6073919.196802898310125, 0.0 ], [ 515165.268720162974205, 6073917.324036793783307, 0.0 ], [ 515165.33443877089303, 6073915.442102091386914, 0.0 ] ] } }
]
}
